component	gene	role	source_gene	measured
Claudin	CLDN1	target	CLDN1	True
Claudin	CLDN10	target	CLDN10	True
Claudin	CLDN11	target	CLDN11	True
Claudin	CLDN12	target	CLDN12	True
Claudin	CLDN14	target	CLDN14	True
Claudin	CLDN15	target	CLDN15	True
Claudin	CLDN16	target	CLDN16	True
Claudin	CLDN17	target	CLDN17	False
Claudin	CLDN18	target	CLDN18	True
Claudin	CLDN19	target	CLDN19	True
Claudin	CLDN2	target	CLDN2	True
Claudin	CLDN20	target	CLDN20	True
Claudin	CLDN22	target	CLDN22	True
Claudin	CLDN23	target	CLDN23	True
Claudin	CLDN3	target	CLDN3	True
Claudin	CLDN4	target	CLDN4	True
Claudin	CLDN5	target	CLDN5	True
Claudin	CLDN6	target	CLDN6	True
Claudin	CLDN7	target	CLDN7	True
Claudin	CLDN8	target	CLDN8	True
Claudin	CLDN9	target	CLDN9	True
Claudin	AP001255.1	control	AP001255.1	True
Claudin	KRTAP10-6	control	KRTAP10-6	True
Claudin	AC134508.1	control	AC134508.1	True
Claudin	AC121161.2	control	AC121161.2	True
Claudin	AC105094.1	control	AC105094.1	True
Claudin	IGHV3-33	control	IGHV3-33	True
Claudin	AC025754.1	control	AC025754.1	True
Claudin	TRGJP	control	TRGJP	True
Claudin	AL355981.1	control	AL355981.1	True
Claudin	AL357793.1	control	AL357793.1	True
Claudin	IGLV1-44	control	IGLV1-44	True
Claudin	AC005625.1	control	AC005625.1	True
Claudin	LINC02619	control	LINC02619	True
Claudin	AC079851.1	control	AC079851.1	True
Claudin	CFC1	control	CFC1	True
Claudin	AC051635.1	control	AC051635.1	True
Claudin	AL133415.1	control	AL133415.1	True
Claudin	AC109349.1	control	AC109349.1	True
Claudin	SPART	control	SPART	True
Claudin	HSFX4	control	HSFX4	True
Claudin	AC104232.1	control	AC104232.1	True
Claudin	FAM66E	control	FAM66E	True
Claudin	USH1G	control	USH1G	True
Claudin	CFAP97D1	control	CFAP97D1	True
Claudin	LINC01345	control	LINC01345	True
Claudin	IGFL3	control	IGFL3	True
Claudin	NT5C1A	control	NT5C1A	True
Claudin	SLC5A7	control	SLC5A7	True
Claudin	AL158069.1	control	AL158069.1	True
Claudin	AL645634.2	control	AL645634.2	True
Claudin	AC108752.1	control	AC108752.1	True
Claudin	OMP	control	OMP	True
Claudin	RFPL4B	control	RFPL4B	True
Claudin	AC118755.1	control	AC118755.1	True
Claudin	AC103809.1	control	AC103809.1	True
Claudin	AC073848.1	control	AC073848.1	True
Claudin	AC019209.3	control	AC019209.3	True
Claudin	AC120036.4	control	AC120036.4	True
Claudin	NKX2-8	control	NKX2-8	True
Claudin	AC090618.1	control	AC090618.1	True
Claudin	AC007728.2	control	AC007728.2	True
Claudin	AP001885.3	control	AP001885.3	True
Claudin	AC131159.1	control	AC131159.1	True
Claudin	AC107081.4	control	AC107081.4	True
Claudin	AC009090.1	control	AC009090.1	True
Claudin	CIB3	control	CIB3	True
Claudin	ALPP	control	ALPP	True
Claudin	GAS2L2	control	GAS2L2	True
Claudin	AL589794.2	control	AL589794.2	True
Claudin	AC019155.2	control	AC019155.2	True
Claudin	AC130371.2	control	AC130371.2	True
Claudin	C11ORF72	control	C11orf72	True
Claudin	SPEF1	control	SPEF1	True
Claudin	AC130456.4	control	AC130456.4	True
Claudin	C1QTNF8	control	C1QTNF8	True
Claudin	AL589642.1	control	AL589642.1	True
Claudin	AC005264.1	control	AC005264.1	True
Claudin	AC068787.2	control	AC068787.2	True
Claudin	AL590138.1	control	AL590138.1	True
Claudin	AC078942.1	control	AC078942.1	True
Claudin	GALNTL5	control	GALNTL5	True
Claudin	ASH1L-IT1	control	ASH1L-IT1	True
Claudin	AC074286.1	control	AC074286.1	True
Claudin	NKAIN3-IT1	control	NKAIN3-IT1	True
Claudin	AL035420.3	control	AL035420.3	True
Claudin	SLC22A16	control	SLC22A16	True
Claudin	HCG14	control	HCG14	True
Claudin	AC087276.1	control	AC087276.1	True
Claudin	AC090572.3	control	AC090572.3	True
Claudin	AC008972.2	control	AC008972.2	True
Claudin	PPM1K-DT	control	PPM1K-DT	True
Claudin	ASB15	control	ASB15	True
Claudin	AC087672.2	control	AC087672.2	True
Claudin	TCERG1L	control	TCERG1L	True
Claudin	MMP10	control	MMP10	True
Claudin	LINC02678	control	LINC02678	True
Claudin	AC006273.1	control	AC006273.1	True
Claudin	AC013267.2	control	AC013267.2	True
Claudin	LINC00410	control	LINC00410	True
Claudin	LINC02080	control	LINC02080	True
Claudin	DACT3	control	DACT3	True
Claudin	LINC01270	control	LINC01270	True
Claudin	AL162394.1	control	AL162394.1	True
Claudin	CLEC2A	control	CLEC2A	True
Claudin	AC025165.5	control	AC025165.5	True
Claudin	LINC00971	control	LINC00971	True
Claudin	AC007497.1	control	AC007497.1	True
Claudin	VCAN-AS1	control	VCAN-AS1	True
Claudin	AL031123.5	control	AL031123.5	True
Claudin	AC066613.1	control	AC066613.1	True
Claudin	SOWAHD	control	SOWAHD	True
Claudin	AC005842.1	control	AC005842.1	True
Claudin	LINC01238.1	control	LINC01238.1	True
Claudin	AL136988.1	control	AL136988.1	True
Claudin	AP002815.1	control	AP002815.1	True
Claudin	ADGRE1	control	ADGRE1	True
Claudin	AL390964.1	control	AL390964.1	True
Claudin	LINC01492	control	LINC01492	True
Claudin	AC005909.2	control	AC005909.2	True
Claudin	CHTF8	control	CHTF8	True
Claudin	LINC00558	control	LINC00558	True
Claudin	AC232271.2	control	AC232271.2	True
Claudin	AC006364.1	control	AC006364.1	True
Claudin	AC091588.3	control	AC091588.3	True
Claudin	KCNT2	control	KCNT2	True
Claudin	FAM131C	control	FAM131C	True
Claudin	AL136980.1	control	AL136980.1	True
Claudin	AC018413.1	control	AC018413.1	True
Claudin	AC016542.1	control	AC016542.1	True
Claudin	AL391834.3	control	AL391834.3	True
Claudin	FXYD4	control	FXYD4	True
Claudin	AF196972.1	control	AF196972.1	True
Claudin	SH2D4B	control	SH2D4B	True
Claudin	AC139795.3	control	AC139795.3	True
Claudin	UTS2	control	UTS2	True
Claudin	AC020978.2	control	AC020978.2	True
Claudin	AC008676.1	control	AC008676.1	True
Claudin	OAZ3	control	OAZ3	True
Claudin	HCG15	control	HCG15	True
Claudin	Z93930.3	control	Z93930.3	True
Claudin	C19ORF38	control	C19orf38	True
Claudin	DMRTA2	control	DMRTA2	True
Claudin	AC215522.2	control	AC215522.2	True
Claudin	AL928654.1	control	AL928654.1	True
Claudin	MEP1B	control	MEP1B	True
Claudin	AC074124.1	control	AC074124.1	True
Claudin	KRT40	control	KRT40	True
Claudin	AC104411.1	control	AC104411.1	True
Claudin	ITGA6-AS1	control	ITGA6-AS1	True
Claudin	AL162274.1	control	AL162274.1	True
Claudin	FAM167B	control	FAM167B	True
Claudin	S1PR2	control	S1PR2	True
Claudin	C10ORF82	control	C10orf82	True
Claudin	AC073091.3	control	AC073091.3	True
Claudin	AC010442.1	control	AC010442.1	True
Claudin	ADH4	control	ADH4	True
Claudin	OR6A2	control	OR6A2	True
Claudin	AL591848.2	control	AL591848.2	True
Claudin	SULT4A1	control	SULT4A1	True
Claudin	LINC00638	control	LINC00638	True
Claudin	LINC00824	control	LINC00824	True
Claudin	TTC21B-AS1	control	TTC21B-AS1	True
Claudin	MYBPC1	control	MYBPC1	True
Claudin	AC004080.2	control	AC004080.2	True
Claudin	DNAH17	control	DNAH17	True
Claudin	RERG	control	RERG	True
Claudin	DLL4	control	DLL4	True
Claudin	AP005329.3	control	AP005329.3	True
Claudin	LINC01234	control	LINC01234	True
Claudin	AC104370.1	control	AC104370.1	True
Claudin	SULT1C4	control	SULT1C4	True
Claudin	AP001830.1	control	AP001830.1	True
Claudin	CLEC19A	control	CLEC19A	True
Claudin	KCTD17	control	KCTD17	True
Claudin	TRIM17	control	TRIM17	True
Claudin	PRORY	control	PRORY	True
Claudin	CDK5	control	CDK5	True
Claudin	NDST3	control	NDST3	True
Claudin	ZNF257	control	ZNF257	True
Claudin	AC022613.3	control	AC022613.3	True
Claudin	BNC2	control	BNC2	True
Claudin	IL20RB	control	IL20RB	True
Claudin	CRISPLD2	control	CRISPLD2	True
Claudin	TCEAL3	control	TCEAL3	True
Claudin	NPIPB15	control	NPIPB15	True
Claudin	LINC00944	control	LINC00944	True
Claudin	WDR81	control	WDR81	True
Claudin	AC005165.1	control	AC005165.1	True
Claudin	AL359220.1	control	AL359220.1	True
Claudin	ZNF865	control	ZNF865	True
Claudin	AC024060.2	control	AC024060.2	True
Claudin	PDZK1	control	PDZK1	True
Claudin	COMMD8	control	COMMD8	True
Claudin	GADD45G	control	GADD45G	True
Claudin	ZNF85	control	ZNF85	True
Claudin	AC005753.2	control	AC005753.2	True
Claudin	PHOSPHO2	control	PHOSPHO2	True
Claudin	SLC7A14-AS1	control	SLC7A14-AS1	True
Claudin	EMILIN2	control	EMILIN2	True
Claudin	AL354743.2	control	AL354743.2	True
Claudin	EIF3C	control	EIF3C	True
Claudin	AC124798.1	control	AC124798.1	True
Claudin	SEC14L2	control	SEC14L2	True
Claudin	RNF144A	control	RNF144A	True
Claudin	FAM89B	control	FAM89B	True
Claudin	ETFRF1	control	ETFRF1	True
Claudin	NAIP	control	NAIP	True
Claudin	WBP1	control	WBP1	True
Claudin	RTL10	control	RTL10	True
Claudin	ZCCHC3	control	ZCCHC3	True
Claudin	AC005480.1	control	AC005480.1	True
Claudin	CDKN2AIPNL	control	CDKN2AIPNL	True
Claudin	NUDT13	control	NUDT13	True
Claudin	RNF5	control	RNF5	True
Claudin	CBR3	control	CBR3	True
Claudin	GDPD1	control	GDPD1	True
Claudin	FAM76A	control	FAM76A	True
Claudin	MTX3	control	MTX3	True
Claudin	SMIM24	control	SMIM24	True
Claudin	F11-AS1	control	F11-AS1	True
Claudin	TAZ	control	TAZ	True
Claudin	RUSC2	control	RUSC2	True
Claudin	ACAD11	control	ACAD11	True
Claudin	AC132807.2	control	AC132807.2	True
Claudin	FBXO3	control	FBXO3	True
Claudin	GRIPAP1	control	GRIPAP1	True
Claudin	PTPN6	control	PTPN6	True
Claudin	PUS1	control	PUS1	True
Claudin	PODXL2	control	PODXL2	True
Claudin	TRIM38	control	TRIM38	True
Claudin	ZNF532	control	ZNF532	True
Claudin	COQ9	control	COQ9	True
Claudin	IFNLR1	control	IFNLR1	True
Claudin	AC027097.2	control	AC027097.2	True
Claudin	LTV1	control	LTV1	True
Claudin	OSTM1	control	OSTM1	True
Claudin	PRDM5	control	PRDM5	True
Claudin	AC021851.1	control	AC021851.1	True
Claudin	TUFT1	control	TUFT1	True
Claudin	FUT10	control	FUT10	True
Claudin	MAP2K2	control	MAP2K2	True
Claudin	REXO2	control	REXO2	True
Claudin	DYNC1LI1	control	DYNC1LI1	True
Claudin	AC008825.1	control	AC008825.1	True
Claudin	KIF20B	control	KIF20B	True
Claudin	CEP162	control	CEP162	True
Claudin	PSMD12	control	PSMD12	True
Claudin	PFDN1	control	PFDN1	True
Claudin	PMPCB	control	PMPCB	True
Claudin	RABGGTB	control	RABGGTB	True
Claudin	SLC25A33	control	SLC25A33	True
Claudin	LSG1	control	LSG1	True
Claudin	SH3BGRL	control	SH3BGRL	True
Claudin	HAT1	control	HAT1	True
Claudin	WIPI2	control	WIPI2	True
Claudin	ATG4B	control	ATG4B	True
Claudin	SAMHD1	control	SAMHD1	True
Claudin	NBDY	control	NBDY	True
Claudin	LSAMP	control	LSAMP	True
Claudin	ADCY3	control	ADCY3	True
Claudin	OVOL2	control	OVOL2	True
Claudin	AFG3L2	control	AFG3L2	True
Claudin	TMEM106B	control	TMEM106B	True
Claudin	ITPA	control	ITPA	True
Claudin	RNMT	control	RNMT	True
Claudin	AP002495.1	control	AP002495.1	True
Claudin	BORCS5	control	BORCS5	True
Claudin	RNASEK	control	RNASEK	True
Claudin	SLC39A9	control	SLC39A9	True
Claudin	COPE	control	COPE	True
Claudin	RBL1	control	RBL1	True
Claudin	FAM168B	control	FAM168B	True
Claudin	ABCC4	control	ABCC4	True
Claudin	ATXN3	control	ATXN3	True
Claudin	MTMR1	control	MTMR1	True
Claudin	ZNF44	control	ZNF44	True
Claudin	DENR	control	DENR	True
Claudin	C7ORF50	control	C7orf50	True
Claudin	MGRN1	control	MGRN1	True
Claudin	SNRPF	control	SNRPF	True
Claudin	TNPO3	control	TNPO3	True
Claudin	EIF1	control	EIF1	True
Claudin	PLEKHA7	control	PLEKHA7	True
Claudin	KIF13A	control	KIF13A	True
Claudin	TAOK1	control	TAOK1	True
Claudin	NCL	control	NCL	True
Claudin	ATP11A	control	ATP11A	True
Claudin	CALR	control	CALR	True
Claudin	NUDCD3	control	NUDCD3	True
Claudin	TM9SF2	control	TM9SF2	True
Claudin	MED13L	control	MED13L	True
Claudin	EPB41	control	EPB41	True
Claudin	LRRFIP2	control	LRRFIP2	True
Claudin	PYGB	control	PYGB	True
Claudin	KMT2E	control	KMT2E	True
Claudin	MYO1E	control	MYO1E	True
Claudin	TXN	control	TXN	True
Claudin	SRPK1	control	SRPK1	True
Claudin	TJP1	control	TJP1	True
Claudin	LRRFIP1	control	LRRFIP1	True
Polarity	CRB3	target	CRB3	True
Polarity	PALS1	target	MPP5	True
Polarity	PARD3	target	PARD3	True
Polarity	PARD6A	target	PARD6A	True
Polarity	PARD6B	target	PARD6B	True
Polarity	PARD6G	target	PARD6G	True
Polarity	PATJ	target	PATJ	True
Polarity	PRKCI	target	PRKCI	True
Polarity	PRRX2	control	PRRX2	True
Polarity	FLNC	control	FLNC	True
Polarity	TNR	control	TNR	True
Polarity	AC010422.2	control	AC010422.2	True
Polarity	AC002072.1	control	AC002072.1	True
Polarity	SCN5A	control	SCN5A	True
Polarity	EGFL7	control	EGFL7	True
Polarity	AL391840.1	control	AL391840.1	True
Polarity	AC100830.1	control	AC100830.1	True
Polarity	AC068389.3	control	AC068389.3	True
Polarity	KCNIP3	control	KCNIP3	True
Polarity	AC110772.1	control	AC110772.1	True
Polarity	AC090772.1	control	AC090772.1	True
Polarity	B3GALT2	control	B3GALT2	True
Polarity	CLTRN	control	CLTRN	True
Polarity	LINC01443	control	LINC01443	True
Polarity	HMGN3-AS1	control	HMGN3-AS1	True
Polarity	AC137579.2	control	AC137579.2	True
Polarity	VAX2	control	VAX2	True
Polarity	MEF2C-AS2	control	MEF2C-AS2	True
Polarity	SPDYE21P	control	SPDYE21P	True
Polarity	TIGD6	control	TIGD6	True
Polarity	AC007736.1	control	AC007736.1	True
Polarity	CCDC73	control	CCDC73	True
Polarity	AL589740.1	control	AL589740.1	True
Polarity	MPIG6B	control	MPIG6B	True
Polarity	PDZD7	control	PDZD7	True
Polarity	ARHGAP30	control	ARHGAP30	True
Polarity	TMEM132B	control	TMEM132B	True
Polarity	AL121772.3	control	AL121772.3	True
Polarity	KCNIP2-AS1	control	KCNIP2-AS1	True
Polarity	AC239868.1	control	AC239868.1	True
Polarity	HOXA4	control	HOXA4	True
Polarity	AC005306.1	control	AC005306.1	True
Polarity	LINC02240	control	LINC02240	True
Polarity	KCNH4	control	KCNH4	True
Polarity	AL118505.1	control	AL118505.1	True
Polarity	FP565260.1	control	FP565260.1	True
Polarity	AC011322.1	control	AC011322.1	True
Polarity	TSC22D1-AS1	control	TSC22D1-AS1	True
Polarity	NACC1	control	NACC1	True
Polarity	AC156455.1	control	AC156455.1	True
Polarity	KCNJ14	control	KCNJ14	True
Polarity	NOTUM	control	NOTUM	True
Polarity	AL110292.1	control	AL110292.1	True
Polarity	LANCL3	control	LANCL3	True
Polarity	HSDL1	control	HSDL1	True
Polarity	GPR155	control	GPR155	True
Polarity	ACE2	control	ACE2	True
Polarity	PHF7	control	PHF7	True
Polarity	IRF7	control	IRF7	True
Polarity	DUSP27	control	DUSP27	True
Polarity	HAS2	control	HAS2	True
Polarity	MEX3C	control	MEX3C	True
Polarity	AP005262.2	control	AP005262.2	True
Polarity	FAM169A	control	FAM169A	True
Polarity	ZNF830	control	ZNF830	True
Polarity	TIMM29	control	TIMM29	True
Polarity	ZNF486	control	ZNF486	True
Polarity	ANKS4B	control	ANKS4B	True
Polarity	AKAP8L	control	AKAP8L	True
Polarity	ATP5MC1	control	ATP5MC1	True
Polarity	FBXO22	control	FBXO22	True
Polarity	MALT1	control	MALT1	True
Polarity	B3GNT5	control	B3GNT5	True
Polarity	AQR	control	AQR	True
Polarity	AP3D1	control	AP3D1	True
Polarity	HACD2	control	HACD2	True
Polarity	CRYL1	control	CRYL1	True
Polarity	NCK1	control	NCK1	True
Polarity	ALDH7A1	control	ALDH7A1	True
Polarity	AIMP1	control	AIMP1	True
Polarity	AC083837.1	control	AC083837.1	True
Polarity	STX17	control	STX17	True
Polarity	APEX1	control	APEX1	True
Polarity	SLIRP	control	SLIRP	True
Polarity	TRIM13	control	TRIM13	True
Polarity	HUNK	control	HUNK	True
Polarity	CD151	control	CD151	True
Polarity	ESCO1	control	ESCO1	True
Polarity	OSBPL3	control	OSBPL3	True
Polarity	DAPK2	control	DAPK2	True
Polarity	GNG4	control	GNG4	True
Polarity	RALA	control	RALA	True
Polarity	RBIS	control	RBIS	True
Polarity	MDM4	control	MDM4	True
Polarity	HERC1	control	HERC1	True
Polarity	PPP1R14B	control	PPP1R14B	True
Polarity	AGPS	control	AGPS	True
Polarity	HOXB7	control	HOXB7	True
Polarity	ZNF280D	control	ZNF280D	True
Polarity	EIF2AK2	control	EIF2AK2	True
Polarity	PDE7A	control	PDE7A	True
Polarity	PUS7	control	PUS7	True
Polarity	ARHGEF3	control	ARHGEF3	True
Polarity	WAPL	control	WAPL	True
Polarity	CCNL2	control	CCNL2	True
Polarity	ZMIZ1	control	ZMIZ1	True
Polarity	HSPA1B	control	HSPA1B	True
Polarity	DYNC1H1	control	DYNC1H1	True
Polarity	FAM120A	control	FAM120A	True
Polarity	PACS1	control	PACS1	True
Polarity	RAB3GAP2	control	RAB3GAP2	True
Polarity	TSC22D2	control	TSC22D2	True
Polarity	SIPA1L3	control	SIPA1L3	True
Polarity	MYO6	control	MYO6	True
Polarity	CMTM8	control	CMTM8	True
Polarity	TPM4	control	TPM4	True
Polarity	SLC25A13	control	SLC25A13	True
Polarity	TMSB4X	control	TMSB4X	True
Polarity	WNK2	control	WNK2	True
Polarity	RYK	control	RYK	True
Polarity	CHD2	control	CHD2	True
Polarity	REEP3	control	REEP3	True
Polarity	MAGI3	control	MAGI3	True
Polarity	C1GALT1	control	C1GALT1	True
Polarity	DHRSX	control	DHRSX	True
Polarity	SRRM2	control	SRRM2	True
Polarity	SYTL2	control	SYTL2	True
Polarity	EXOC4	control	EXOC4	True
Junction	CLDN1	target	CLDN1	True
Junction	CLDN10	target	CLDN10	True
Junction	CLDN11	target	CLDN11	True
Junction	CLDN12	target	CLDN12	True
Junction	CLDN14	target	CLDN14	True
Junction	CLDN15	target	CLDN15	True
Junction	CLDN16	target	CLDN16	True
Junction	CLDN17	target	CLDN17	False
Junction	CLDN18	target	CLDN18	True
Junction	CLDN19	target	CLDN19	True
Junction	CLDN2	target	CLDN2	True
Junction	CLDN20	target	CLDN20	True
Junction	CLDN22	target	CLDN22	True
Junction	CLDN23	target	CLDN23	True
Junction	CLDN3	target	CLDN3	True
Junction	CLDN4	target	CLDN4	True
Junction	CLDN5	target	CLDN5	True
Junction	CLDN6	target	CLDN6	True
Junction	CLDN7	target	CLDN7	True
Junction	CLDN8	target	CLDN8	True
Junction	CLDN9	target	CLDN9	True
Junction	CRB3	target	CRB3	True
Junction	F11R	target	F11R	True
Junction	PALS1	target	MPP5	True
Junction	PARD3	target	PARD3	True
Junction	PARD6A	target	PARD6A	True
Junction	PARD6B	target	PARD6B	True
Junction	PARD6G	target	PARD6G	True
Junction	PATJ	target	PATJ	True
Junction	PRKCI	target	PRKCI	True
Junction	IGHV3-30	control	IGHV3-30	True
Junction	AC004837.3	control	AC004837.3	True
Junction	ADGRA1	control	ADGRA1	True
Junction	AC006111.1	control	AC006111.1	True
Junction	AC136616.3	control	AC136616.3	True
Junction	GOLGA8S	control	GOLGA8S	True
Junction	AC004692.2	control	AC004692.2	True
Junction	LINC02200	control	LINC02200	True
Junction	LINC01497	control	LINC01497	True
Junction	LINC02218	control	LINC02218	True
Junction	AL355337.1	control	AL355337.1	True
Junction	AP000802.1	control	AP000802.1	True
Junction	AL360267.1	control	AL360267.1	True
Junction	AC004448.3	control	AC004448.3	True
Junction	KCND3-AS1	control	KCND3-AS1	True
Junction	RASA3-IT1	control	RASA3-IT1	True
Junction	AL121885.1	control	AL121885.1	True
Junction	XIRP1	control	XIRP1	True
Junction	AC093536.2	control	AC093536.2	True
Junction	AF106564.1	control	AF106564.1	True
Junction	AC063977.3	control	AC063977.3	True
Junction	TAS2R40	control	TAS2R40	True
Junction	MYOC	control	MYOC	True
Junction	AF131215.7	control	AF131215.7	True
Junction	AL122010.1	control	AL122010.1	True
Junction	AL359502.1	control	AL359502.1	True
Junction	AC127029.2	control	AC127029.2	True
Junction	LINC02633	control	LINC02633	True
Junction	AC090844.3	control	AC090844.3	True
Junction	AL035250.1	control	AL035250.1	True
Junction	SRY	control	SRY	True
Junction	AL355997.1	control	AL355997.1	True
Junction	AL590787.1	control	AL590787.1	True
Junction	AC242022.2	control	AC242022.2	True
Junction	CTLA4	control	CTLA4	True
Junction	AC023908.1	control	AC023908.1	True
Junction	AC104024.1	control	AC104024.1	True
Junction	AC116337.4	control	AC116337.4	True
Junction	LINC01441	control	LINC01441	True
Junction	Z86062.2	control	Z86062.2	True
Junction	IRF4	control	IRF4	True
Junction	AC068870.1	control	AC068870.1	True
Junction	AL590640.1	control	AL590640.1	True
Junction	AL606516.1	control	AL606516.1	True
Junction	AC026725.1	control	AC026725.1	True
Junction	AC133785.1	control	AC133785.1	True
Junction	AC016245.2	control	AC016245.2	True
Junction	AL353072.2	control	AL353072.2	True
Junction	SEC14L3	control	SEC14L3	True
Junction	AC055840.1	control	AC055840.1	True
Junction	RAB7B	control	RAB7B	True
Junction	LINC01249	control	LINC01249	True
Junction	FGR	control	FGR	True
Junction	NOG	control	NOG	True
Junction	AL354977.1	control	AL354977.1	True
Junction	AC108174.1	control	AC108174.1	True
Junction	AC021242.2	control	AC021242.2	True
Junction	SH3RF3-AS1	control	SH3RF3-AS1	True
Junction	ZNF534	control	ZNF534	True
Junction	AC008403.2	control	AC008403.2	True
Junction	AC240565.2	control	AC240565.2	True
Junction	AC136475.5	control	AC136475.5	True
Junction	DSG1	control	DSG1	True
Junction	CHI3L2	control	CHI3L2	True
Junction	SLC7A13	control	SLC7A13	True
Junction	LINC02064	control	LINC02064	True
Junction	LSINCT5	control	LSINCT5	True
Junction	SYCE3	control	SYCE3	True
Junction	AC007003.1	control	AC007003.1	True
Junction	AC073325.1	control	AC073325.1	True
Junction	DPYSL5	control	DPYSL5	True
Junction	AC022558.3	control	AC022558.3	True
Junction	ACOT6	control	ACOT6	True
Junction	LINC02788	control	LINC02788	True
Junction	AC091736.1	control	AC091736.1	True
Junction	MSTN	control	MSTN	True
Junction	AC007132.1	control	AC007132.1	True
Junction	AC116099.1	control	AC116099.1	True
Junction	AL138927.1	control	AL138927.1	True
Junction	ERAS	control	ERAS	True
Junction	AC113139.1	control	AC113139.1	True
Junction	LGALS8-AS1	control	LGALS8-AS1	True
Junction	AC007541.1	control	AC007541.1	True
Junction	AC105020.6	control	AC105020.6	True
Junction	AC007292.1	control	AC007292.1	True
Junction	UBE2L5	control	UBE2L5	True
Junction	C17ORF64	control	C17orf64	True
Junction	APLP1	control	APLP1	True
Junction	AL137127.1	control	AL137127.1	True
Junction	LEF1-AS1	control	LEF1-AS1	True
Junction	AL391834.1	control	AL391834.1	True
Junction	AC003965.1	control	AC003965.1	True
Junction	AL731566.3	control	AL731566.3	True
Junction	AC091180.2	control	AC091180.2	True
Junction	FAM72B	control	FAM72B	True
Junction	AC091214.1	control	AC091214.1	True
Junction	FAM167A	control	FAM167A	True
Junction	AL031768.1	control	AL031768.1	True
Junction	AL135936.1	control	AL135936.1	True
Junction	AL442067.2	control	AL442067.2	True
Junction	ORM2	control	ORM2	True
Junction	VWA5B2	control	VWA5B2	True
Junction	PARVG	control	PARVG	True
Junction	AC007091.1	control	AC007091.1	True
Junction	AL357522.1	control	AL357522.1	True
Junction	HTR3E	control	HTR3E	True
Junction	LRRTM3	control	LRRTM3	True
Junction	AC104463.2	control	AC104463.2	True
Junction	ACAP2-IT1	control	ACAP2-IT1	True
Junction	AC007950.2	control	AC007950.2	True
Junction	RSF1-IT2	control	RSF1-IT2	True
Junction	AP003174.1	control	AP003174.1	True
Junction	AP002852.1	control	AP002852.1	True
Junction	AL139317.3	control	AL139317.3	True
Junction	PLEKHG4B	control	PLEKHG4B	True
Junction	KCNU1	control	KCNU1	True
Junction	TM4SF19	control	TM4SF19	True
Junction	FITM1	control	FITM1	True
Junction	SUSD2	control	SUSD2	True
Junction	MCAM	control	MCAM	True
Junction	ZNF222	control	ZNF222	True
Junction	TRPV6	control	TRPV6	True
Junction	LINGO2	control	LINGO2	True
Junction	AL138963.4	control	AL138963.4	True
Junction	ST3GAL6	control	ST3GAL6	True
Junction	CCDC74A	control	CCDC74A	True
Junction	ABHD1	control	ABHD1	True
Junction	AC051619.4	control	AC051619.4	True
Junction	RBM24	control	RBM24	True
Junction	OPCML	control	OPCML	True
Junction	SYNGR1	control	SYNGR1	True
Junction	AC009237.14	control	AC009237.14	True
Junction	CHRNB4	control	CHRNB4	True
Junction	AC002076.1	control	AC002076.1	True
Junction	AC006449.3	control	AC006449.3	True
Junction	AC009230.1	control	AC009230.1	True
Junction	AL603840.1	control	AL603840.1	True
Junction	AC104964.1	control	AC104964.1	True
Junction	AC016355.1	control	AC016355.1	True
Junction	LINC01937	control	LINC01937	True
Junction	AL592166.1	control	AL592166.1	True
Junction	SNRK-AS1	control	SNRK-AS1	True
Junction	AC090181.2	control	AC090181.2	True
Junction	LETM2	control	LETM2	True
Junction	LINC02326	control	LINC02326	True
Junction	SPACA9	control	SPACA9	True
Junction	CCDC17	control	CCDC17	True
Junction	GHRL	control	GHRL	True
Junction	AL358472.5	control	AL358472.5	True
Junction	SLC30A10	control	SLC30A10	True
Junction	AC069185.1	control	AC069185.1	True
Junction	ZNF570	control	ZNF570	True
Junction	AC004241.1	control	AC004241.1	True
Junction	POLR2J2	control	POLR2J2	True
Junction	AL109761.1	control	AL109761.1	True
Junction	GCNT4	control	GCNT4	True
Junction	AC006148.1	control	AC006148.1	True
Junction	ZNF837	control	ZNF837	True
Junction	FAM71D	control	FAM71D	True
Junction	MDFIC2	control	MDFIC2	True
Junction	AL136366.1	control	AL136366.1	True
Junction	TTC39A-AS1	control	TTC39A-AS1	True
Junction	AC007611.1	control	AC007611.1	True
Junction	DMRT2	control	DMRT2	True
Junction	AC024941.2	control	AC024941.2	True
Junction	CLMP	control	CLMP	True
Junction	AC009005.1	control	AC009005.1	True
Junction	AC018521.5	control	AC018521.5	True
Junction	AC011483.1	control	AC011483.1	True
Junction	AC018878.1	control	AC018878.1	True
Junction	QRICH2	control	QRICH2	True
Junction	AC019118.2	control	AC019118.2	True
Junction	AC012254.1	control	AC012254.1	True
Junction	UNC5A	control	UNC5A	True
Junction	LINC00294	control	LINC00294	True
Junction	AC067930.8	control	AC067930.8	True
Junction	SCIMP	control	SCIMP	True
Junction	AC063960.2	control	AC063960.2	True
Junction	AL583810.1	control	AL583810.1	True
Junction	DSG2-AS1	control	DSG2-AS1	True
Junction	AC002310.1	control	AC002310.1	True
Junction	AC104532.2	control	AC104532.2	True
Junction	THAP8	control	THAP8	True
Junction	IFIT2	control	IFIT2	True
Junction	AC093227.1	control	AC093227.1	True
Junction	AC092747.4	control	AC092747.4	True
Junction	KANSL1-AS1	control	KANSL1-AS1	True
Junction	NPAS3	control	NPAS3	True
Junction	LARP6	control	LARP6	True
Junction	ENOX1	control	ENOX1	True
Junction	HSF2BP	control	HSF2BP	True
Junction	LINC01146	control	LINC01146	True
Junction	MXRA5	control	MXRA5	True
Junction	ORC1	control	ORC1	True
Junction	LINC02603	control	LINC02603	True
Junction	TMEM132D	control	TMEM132D	True
Junction	AC137894.3	control	AC137894.3	True
Junction	TNFRSF10C	control	TNFRSF10C	True
Junction	BAG2	control	BAG2	True
Junction	AC103740.1	control	AC103740.1	True
Junction	SETD9	control	SETD9	True
Junction	HCN3	control	HCN3	True
Junction	ITFG2-AS1	control	ITFG2-AS1	True
Junction	TRIM32	control	TRIM32	True
Junction	ATP23	control	ATP23	True
Junction	ZMAT1	control	ZMAT1	True
Junction	B3GAT1	control	B3GAT1	True
Junction	ADH6	control	ADH6	True
Junction	LINC01118	control	LINC01118	True
Junction	AC066613.2	control	AC066613.2	True
Junction	PYGO2	control	PYGO2	True
Junction	AP005899.1	control	AP005899.1	True
Junction	AFAP1L2	control	AFAP1L2	True
Junction	SMIM27	control	SMIM27	True
Junction	AC025048.2	control	AC025048.2	True
Junction	MEIS1	control	MEIS1	True
Junction	SMIM35	control	SMIM35	True
Junction	ABCD1	control	ABCD1	True
Junction	AL158071.1	control	AL158071.1	True
Junction	BNIP1	control	BNIP1	True
Junction	KTN1-AS1	control	KTN1-AS1	True
Junction	QPCTL	control	QPCTL	True
Junction	BCORL1	control	BCORL1	True
Junction	GRAMD1C	control	GRAMD1C	True
Junction	ABCC6	control	ABCC6	True
Junction	HDGFL2	control	HDGFL2	True
Junction	SPATA20	control	SPATA20	True
Junction	ZNF487	control	ZNF487	True
Junction	HDAC11	control	HDAC11	True
Junction	SEC61A2	control	SEC61A2	True
Junction	C5ORF51	control	C5orf51	True
Junction	PRR11	control	PRR11	True
Junction	AC119674.1	control	AC119674.1	True
Junction	MR1	control	MR1	True
Junction	ASB8	control	ASB8	True
Junction	SEC22C	control	SEC22C	True
Junction	ERCC2	control	ERCC2	True
Junction	AC008438.1	control	AC008438.1	True
Junction	TADA1	control	TADA1	True
Junction	C12ORF29	control	C12orf29	True
Junction	NDUFV3	control	NDUFV3	True
Junction	GBP2	control	GBP2	True
Junction	WSB2	control	WSB2	True
Junction	NEK1	control	NEK1	True
Junction	BCL7C	control	BCL7C	True
Junction	DGKE	control	DGKE	True
Junction	AKIRIN1	control	AKIRIN1	True
Junction	HSPBAP1	control	HSPBAP1	True
Junction	RRP7A	control	RRP7A	True
Junction	HDHD2	control	HDHD2	True
Junction	PPAT	control	PPAT	True
Junction	DIMT1	control	DIMT1	True
Junction	PIGG	control	PIGG	True
Junction	SOX9-AS1	control	SOX9-AS1	True
Junction	CPEB2	control	CPEB2	True
Junction	NSMF	control	NSMF	True
Junction	UBTF	control	UBTF	True
Junction	STK25	control	STK25	True
Junction	THSD7B	control	THSD7B	True
Junction	TBC1D2B	control	TBC1D2B	True
Junction	OSTF1	control	OSTF1	True
Junction	SAFB2	control	SAFB2	True
Junction	MRPS9	control	MRPS9	True
Junction	EXOC7	control	EXOC7	True
Junction	SCLY	control	SCLY	True
Junction	SDC1	control	SDC1	True
Junction	NDUFB8	control	NDUFB8	True
Junction	GNA14	control	GNA14	True
Junction	CBWD3	control	CBWD3	True
Junction	AMFR	control	AMFR	True
Junction	DNAAF5	control	DNAAF5	True
Junction	TMA16	control	TMA16	True
Junction	ZNF106	control	ZNF106	True
Junction	CCNB1IP1	control	CCNB1IP1	True
Junction	CDH13	control	CDH13	True
Junction	RBMS2	control	RBMS2	True
Junction	DHRS4-AS1	control	DHRS4-AS1	True
Junction	TAF4B	control	TAF4B	True
Junction	TMEM44	control	TMEM44	True
Junction	PPP2R1A	control	PPP2R1A	True
Junction	GALNT11	control	GALNT11	True
Junction	GALNT6	control	GALNT6	True
Junction	ITGA9-AS1	control	ITGA9-AS1	True
Junction	LNPK	control	LNPK	True
Junction	DCUN1D1	control	DCUN1D1	True
Junction	MORC3	control	MORC3	True
Junction	LY6E	control	LY6E	True
Junction	NAPG	control	NAPG	True
Junction	NOTCH1	control	NOTCH1	True
Junction	SACM1L	control	SACM1L	True
Junction	COPG2	control	COPG2	True
Junction	TSTD3	control	TSTD3	True
Junction	SGPL1	control	SGPL1	True
Junction	ATF2	control	ATF2	True
Junction	ZNF83	control	ZNF83	True
Junction	ROMO1	control	ROMO1	True
Junction	BTBD1	control	BTBD1	True
Junction	ERBB2	control	ERBB2	True
Junction	AC002463.1	control	AC002463.1	True
Junction	VASP	control	VASP	True
Junction	FANCC	control	FANCC	True
Junction	CADPS2	control	CADPS2	True
Junction	NIPAL2	control	NIPAL2	True
Junction	NT5DC1	control	NT5DC1	True
Junction	KLHDC10	control	KLHDC10	True
Junction	BTAF1	control	BTAF1	True
Junction	VIRMA	control	VIRMA	True
Junction	MIPEP	control	MIPEP	True
Junction	USP48	control	USP48	True
Junction	DCUN1D4	control	DCUN1D4	True
Junction	SNAPC3	control	SNAPC3	True
Junction	AHCTF1	control	AHCTF1	True
Junction	ARHGAP18	control	ARHGAP18	True
Junction	SLC30A7	control	SLC30A7	True
Junction	RAB5IF	control	RAB5IF	True
Junction	SOX9	control	SOX9	True
Junction	RFX7	control	RFX7	True
Junction	TUBA1B	control	TUBA1B	True
Junction	HMGN2	control	HMGN2	True
Junction	FSIP2-AS1	control	FSIP2-AS1	True
Junction	SF1	control	SF1	True
Junction	AHI1	control	AHI1	True
Junction	BACE2	control	BACE2	True
Junction	PELI1	control	PELI1	True
Junction	XRCC5	control	XRCC5	True
Junction	MARCH7	control	MARCH7	True
Junction	MGAT5	control	MGAT5	True
Junction	FHIT	control	FHIT	True
Junction	ANXA4	control	ANXA4	True
Junction	LIMS1	control	LIMS1	True
Junction	CCNY	control	CCNY	True
Junction	CDK13	control	CDK13	True
Junction	MYRIP	control	MYRIP	True
Junction	PCLO	control	PCLO	True
Junction	MYO10	control	MYO10	True
Junction	MTDH	control	MTDH	True
Junction	RNF13	control	RNF13	True
Junction	UMAD1	control	UMAD1	True
Junction	MID1	control	MID1	True
Junction	MARCH6	control	MARCH6	True
HRC	ABHD11-AS1	target		False
HRC	AC009133.12	target		False
HRC	ADAM9	target	ADAM9	True
HRC	AHNAK	target	AHNAK	True
HRC	AHNAK2	target	AHNAK2	True
HRC	ANXA11	target	ANXA11	True
HRC	ARFGAP3	target	ARFGAP3	True
HRC	B4GALNT3	target	B4GALNT3	True
HRC	B4GALT1	target	B4GALT1	True
HRC	BAIAP2L1	target	BAIAP2L1	True
HRC	BMP2	target	BMP2	True
HRC	C19ORF33	target	C19orf33	True
HRC	C1ORF106	target		False
HRC	CAMK2N1	target	CAMK2N1	True
HRC	CD55	target	CD55	True
HRC	CD59	target	CD59	True
HRC	CD68	target	CD68	True
HRC	CDA	target	CDA	True
HRC	CDCP1	target	CDCP1	True
HRC	CDKN2B	target	CDKN2B	True
HRC	CEACAM1	target	CEACAM1	True
HRC	CEACAM5	target	CEACAM5	True
HRC	CGN	target	CGN	True
HRC	CLIC3	target	CLIC3	True
HRC	COL17A1	target	COL17A1	True
HRC	CXCL16	target	CXCL16	True
HRC	CYP3A5	target	CYP3A5	True
HRC	CYSTM1	target	CYSTM1	True
HRC	DDR1	target	DDR1	True
HRC	DSG2	target	DSG2	True
HRC	DUSP5	target	DUSP5	True
HRC	EFNB1	target	EFNB1	True
HRC	EMP1	target	EMP1	True
HRC	EPS8L1	target	EPS8L1	True
HRC	ERO1L	target		False
HRC	EZR	target	EZR	True
HRC	FA2H	target	FA2H	True
HRC	FLNB	target	FLNB	True
HRC	GBP3	target	GBP3	True
HRC	GJB3	target	GJB3	True
HRC	GPRC5A	target	GPRC5A	True
HRC	HEBP2	target	HEBP2	True
HRC	ITGA2	target	ITGA2	True
HRC	ITGA3	target	ITGA3	True
HRC	ITGB1	target	ITGB1	True
HRC	ITGB4	target	ITGB4	True
HRC	JUP	target	JUP	True
HRC	KLK10	target	KLK10	True
HRC	KRT80	target	KRT80	True
HRC	LAMA3	target	LAMA3	True
HRC	LAMB3	target	LAMB3	True
HRC	LAMC2	target	LAMC2	True
HRC	LIPH	target	LIPH	True
HRC	LMO7	target	LMO7	True
HRC	LRP10	target	LRP10	True
HRC	MISP	target	MISP	True
HRC	MUC13	target	MUC13	True
HRC	MXD1	target	MXD1	True
HRC	MYH14	target	MYH14	True
HRC	MYOF	target	MYOF	True
HRC	PCDH1	target	PCDH1	True
HRC	PDZK1IP1	target	PDZK1IP1	True
HRC	PINK1	target	PINK1	True
HRC	PLAUR	target	PLAUR	True
HRC	PLEC	target	PLEC	True
HRC	PPARD	target	PPARD	True
HRC	PPP2CB	target	PPP2CB	True
HRC	PRSS22	target	PRSS22	True
HRC	PTK6	target	PTK6	True
HRC	PTPRH	target	PTPRH	True
HRC	RHOF	target	RHOF	True
HRC	RIOK3	target	RIOK3	True
HRC	RNF103	target	RNF103	True
HRC	RRAS	target	RRAS	True
HRC	SDCBP2	target	SDCBP2	True
HRC	SEMA3B	target	SEMA3B	True
HRC	SERINC2	target	SERINC2	True
HRC	SLC2A1	target	SLC2A1	True
HRC	SLC44A4	target	SLC44A4	True
HRC	SLC6A8	target	SLC6A8	True
HRC	SLPI	target	SLPI	True
HRC	SMAD3	target	SMAD3	True
HRC	SNX9	target	SNX9	True
HRC	SPINT1	target	SPINT1	True
HRC	SSFA2	target		False
HRC	STK24	target	STK24	True
HRC	TIMP2	target	TIMP2	True
HRC	TINAGL1	target	TINAGL1	True
HRC	TJP3	target	TJP3	True
HRC	TM4SF1	target	TM4SF1	True
HRC	TMBIM1	target	TMBIM1	True
HRC	TMPRSS2	target	TMPRSS2	True
HRC	TMPRSS4	target	TMPRSS4	True
HRC	TNFRSF21	target	TNFRSF21	True
HRC	TSPAN1	target	TSPAN1	True
HRC	TSPAN3	target	TSPAN3	True
HRC	UGCG	target	UGCG	True
HRC	USP53	target	USP53	True
HRC	ZNF497	control	ZNF497	True
HRC	KCNMA1	control	KCNMA1	True
HRC	GPR19	control	GPR19	True
HRC	C2CD4A	control	C2CD4A	True
HRC	EPHA1-AS1	control	EPHA1-AS1	True
HRC	SPTBN5	control	SPTBN5	True
HRC	CPTP	control	CPTP	True
HRC	AL035693.1	control	AL035693.1	True
HRC	CDC42-IT1	control	CDC42-IT1	True
HRC	E2F2	control	E2F2	True
HRC	MSH4	control	MSH4	True
HRC	CFL2	control	CFL2	True
HRC	FAM183A	control	FAM183A	True
HRC	AC006547.1	control	AC006547.1	True
HRC	HAUS7	control	HAUS7	True
HRC	ZNF2	control	ZNF2	True
HRC	NALCN-AS1	control	NALCN-AS1	True
HRC	AL132780.1	control	AL132780.1	True
HRC	OVGP1	control	OVGP1	True
HRC	CDH8	control	CDH8	True
HRC	AC007780.1	control	AC007780.1	True
HRC	FOLR1	control	FOLR1	True
HRC	LINC02175	control	LINC02175	True
HRC	AL161668.3	control	AL161668.3	True
HRC	ID4	control	ID4	True
HRC	AC069272.1	control	AC069272.1	True
HRC	CACNA1A	control	CACNA1A	True
HRC	ASB9	control	ASB9	True
HRC	TSACC	control	TSACC	True
HRC	AC005632.3	control	AC005632.3	True
HRC	AC007009.1	control	AC007009.1	True
HRC	AC120193.1	control	AC120193.1	True
HRC	AC034139.1	control	AC034139.1	True
HRC	SLC43A3	control	SLC43A3	True
HRC	BRPF1	control	BRPF1	True
HRC	VIPR1-AS1	control	VIPR1-AS1	True
HRC	LINC00578	control	LINC00578	True
HRC	AC092142.1	control	AC092142.1	True
HRC	ZNF749	control	ZNF749	True
HRC	AC073333.1	control	AC073333.1	True
HRC	FADS3	control	FADS3	True
HRC	CASP1	control	CASP1	True
HRC	SNX32	control	SNX32	True
HRC	ICA1L	control	ICA1L	True
HRC	STAT4	control	STAT4	True
HRC	GEMIN2	control	GEMIN2	True
HRC	ABHD14A	control	ABHD14A	True
HRC	AMOTL2	control	AMOTL2	True
HRC	SURF2	control	SURF2	True
HRC	IFT27	control	IFT27	True
HRC	STARD7-AS1	control	STARD7-AS1	True
HRC	APOL2	control	APOL2	True
HRC	HDDC3	control	HDDC3	True
HRC	CCDC26	control	CCDC26	True
HRC	CPNE4	control	CPNE4	True
HRC	AC007099.1	control	AC007099.1	True
HRC	C16ORF46	control	C16orf46	True
HRC	NEMP2	control	NEMP2	True
HRC	FGFRL1	control	FGFRL1	True
HRC	ACOX2	control	ACOX2	True
HRC	CHN1	control	CHN1	True
HRC	AL450998.2	control	AL450998.2	True
HRC	PTCD2	control	PTCD2	True
HRC	AL513188.1	control	AL513188.1	True
HRC	DRG2	control	DRG2	True
HRC	SNX10	control	SNX10	True
HRC	IFI35	control	IFI35	True
HRC	HEXIM1	control	HEXIM1	True
HRC	MFSD4A	control	MFSD4A	True
HRC	LINC02591	control	LINC02591	True
HRC	AC025211.1	control	AC025211.1	True
HRC	LAMB2	control	LAMB2	True
HRC	KCNC4	control	KCNC4	True
HRC	MAGEF1	control	MAGEF1	True
HRC	GTF2E1	control	GTF2E1	True
HRC	BRMS1	control	BRMS1	True
HRC	PGAP3	control	PGAP3	True
HRC	HEATR4	control	HEATR4	True
HRC	NUBP2	control	NUBP2	True
HRC	TRIM5	control	TRIM5	True
HRC	AIP	control	AIP	True
HRC	IKZF5	control	IKZF5	True
HRC	SLC2A10	control	SLC2A10	True
HRC	ZNF19	control	ZNF19	True
HRC	AC007130.1	control	AC007130.1	True
HRC	PARP6	control	PARP6	True
HRC	ATP13A1	control	ATP13A1	True
HRC	SF3A1	control	SF3A1	True
HRC	AC004158.1	control	AC004158.1	True
HRC	ERG28	control	ERG28	True
HRC	AP1S2	control	AP1S2	True
HRC	CAPN13	control	CAPN13	True
HRC	NCK1-DT	control	NCK1-DT	True
HRC	LINC00685	control	LINC00685	True
HRC	BOD1	control	BOD1	True
HRC	SMOC1	control	SMOC1	True
HRC	BCAS4	control	BCAS4	True
HRC	CTBS	control	CTBS	True
HRC	AC090517.5	control	AC090517.5	True
HRC	PAQR3	control	PAQR3	True
HRC	HSPB11	control	HSPB11	True
HRC	OTUD6B-AS1	control	OTUD6B-AS1	True
HRC	F2RL1	control	F2RL1	True
HRC	ELF3-AS1	control	ELF3-AS1	True
HRC	MAP2K7	control	MAP2K7	True
HRC	GEMIN8	control	GEMIN8	True
HRC	ZKSCAN7-AS1	control	ZKSCAN7-AS1	True
HRC	MANSC1	control	MANSC1	True
HRC	IQCM	control	IQCM	True
HRC	GNPNAT1	control	GNPNAT1	True
HRC	TMEM94	control	TMEM94	True
HRC	PDE6D	control	PDE6D	True
HRC	FAM3B	control	FAM3B	True
HRC	RMDN3	control	RMDN3	True
HRC	CRKL	control	CRKL	True
HRC	NMI	control	NMI	True
HRC	NOP10	control	NOP10	True
HRC	INTS14	control	INTS14	True
HRC	ENO4	control	ENO4	True
HRC	SPAG16	control	SPAG16	True
HRC	TTC23	control	TTC23	True
HRC	TTBK2	control	TTBK2	True
HRC	PPIP5K1	control	PPIP5K1	True
HRC	SHISA5	control	SHISA5	True
HRC	AKIRIN2	control	AKIRIN2	True
HRC	POLR2H	control	POLR2H	True
HRC	PPP1R7	control	PPP1R7	True
HRC	DESI1	control	DESI1	True
HRC	LINC00623	control	LINC00623	True
HRC	C1ORF131	control	C1orf131	True
HRC	POC1B-AS1	control	POC1B-AS1	True
HRC	BUD31	control	BUD31	True
HRC	IFRD2	control	IFRD2	True
HRC	RABEP2	control	RABEP2	True
HRC	DHCR24	control	DHCR24	True
HRC	TTC28	control	TTC28	True
HRC	AGGF1	control	AGGF1	True
HRC	NSMCE1	control	NSMCE1	True
HRC	RSL24D1	control	RSL24D1	True
HRC	IGFBP4	control	IGFBP4	True
HRC	LTA4H	control	LTA4H	True
HRC	BCAR3	control	BCAR3	True
HRC	BICDL2	control	BICDL2	True
HRC	FAM234A	control	FAM234A	True
HRC	C5ORF56	control	C5orf56	True
HRC	ZNF720	control	ZNF720	True
HRC	PFDN2	control	PFDN2	True
HRC	CCNT1	control	CCNT1	True
HRC	TADA2A	control	TADA2A	True
HRC	TTLL3	control	TTLL3	True
HRC	ENGASE	control	ENGASE	True
HRC	STARD7	control	STARD7	True
HRC	SIRT5	control	SIRT5	True
HRC	EIF3G	control	EIF3G	True
HRC	PRKD2	control	PRKD2	True
HRC	ZMPSTE24	control	ZMPSTE24	True
HRC	WDR7	control	WDR7	True
HRC	PANK2	control	PANK2	True
HRC	B3GNT3	control	B3GNT3	True
HRC	Z93403.1	control	Z93403.1	True
HRC	TPRG1	control	TPRG1	True
HRC	ESD	control	ESD	True
HRC	MTG2	control	MTG2	True
HRC	RESF1	control	RESF1	True
HRC	STAT5B	control	STAT5B	True
HRC	COL27A1	control	COL27A1	True
HRC	TCP1	control	TCP1	True
HRC	SAMD4A	control	SAMD4A	True
HRC	ERICH1	control	ERICH1	True
HRC	VPS51	control	VPS51	True
HRC	TUBB4B	control	TUBB4B	True
HRC	ZNF503-AS1	control	ZNF503-AS1	True
HRC	ZNF37A	control	ZNF37A	True
HRC	GPR107	control	GPR107	True
HRC	GGT7	control	GGT7	True
HRC	KIAA1324L	control	KIAA1324L	True
HRC	WDR11	control	WDR11	True
HRC	APRT	control	APRT	True
HRC	PEX7	control	PEX7	True
HRC	DENND5A	control	DENND5A	True
HRC	DDX3X	control	DDX3X	True
HRC	RARS	control	RARS	True
HRC	LARP4	control	LARP4	True
HRC	CUL1	control	CUL1	True
HRC	CAND1	control	CAND1	True
HRC	VDAC1	control	VDAC1	True
HRC	MBTPS1	control	MBTPS1	True
HRC	TAGLN2	control	TAGLN2	True
HRC	KCNMB2-AS1	control	KCNMB2-AS1	True
HRC	POM121	control	POM121	True
HRC	SPAG1	control	SPAG1	True
HRC	BAZ1B	control	BAZ1B	True
HRC	MMP24OS	control	MMP24OS	True
HRC	TTC39B	control	TTC39B	True
HRC	VSNL1	control	VSNL1	True
HRC	ZNF451	control	ZNF451	True
HRC	LINC00278	control	LINC00278	True
HRC	PALM2-AKAP2	control	PALM2-AKAP2	True
HRC	EMSY	control	EMSY	True
HRC	ATXN7	control	ATXN7	True
HRC	ABLIM1	control	ABLIM1	True
HRC	TMEM117	control	TMEM117	True
HRC	BCL11A	control	BCL11A	True
HRC	HUWE1	control	HUWE1	True
HRC	RABGEF1	control	RABGEF1	True
HRC	TM9SF4	control	TM9SF4	True
HRC	HNRNPDL	control	HNRNPDL	True
HRC	SBF2	control	SBF2	True
HRC	LARP4B	control	LARP4B	True
HRC	RAC1	control	RAC1	True
HRC	UTRN	control	UTRN	True
HRC	TCF25	control	TCF25	True
HRC	LINC01876	control	LINC01876	True
HRC	ITGA9	control	ITGA9	True
HRC	CNOT1	control	CNOT1	True
HRC	SCFD1	control	SCFD1	True
HRC	MAN1A2	control	MAN1A2	True
HRC	SREBF2	control	SREBF2	True
HRC	PPA1	control	PPA1	True
HRC	GNAS	control	GNAS	True
RSC	ABI3	target	ABI3	True
RSC	ACSM3	target	ACSM3	True
RSC	AKR1B1	target	AKR1B1	True
RSC	ALCAM	target	ALCAM	True
RSC	ANXA1	target	ANXA1	True
RSC	ANXA3	target	ANXA3	True
RSC	ANXA5	target	ANXA5	True
RSC	AP1S3	target	AP1S3	True
RSC	ARHGAP44	target	ARHGAP44	True
RSC	ARL14	target	ARL14	True
RSC	ARL4C	target	ARL4C	True
RSC	AVPI1	target	AVPI1	True
RSC	BAIAP2L2	target	BAIAP2L2	True
RSC	BASP1	target	BASP1	True
RSC	BOK	target	BOK	True
RSC	C6ORF141	target	C6orf141	True
RSC	CA12	target	CA12	True
RSC	CA2	target	CA2	True
RSC	CAMKK1	target	CAMKK1	True
RSC	CAMSAP2	target	CAMSAP2	True
RSC	CAP2	target	CAP2	True
RSC	CAPN5	target	CAPN5	True
RSC	CAVIN3	target	CAVIN3	True
RSC	CCDC92	target	CCDC92	True
RSC	CCL2	target	CCL2	True
RSC	CCN2	target	CCN2	True
RSC	CD14	target	CD14	True
RSC	CD44	target	CD44	True
RSC	CD68	target	CD68	True
RSC	CELF2	target	CELF2	True
RSC	CGNL1	target	CGNL1	True
RSC	CKAP2	target	CKAP2	True
RSC	CKB	target	CKB	True
RSC	CLIC3	target	CLIC3	True
RSC	CLU	target	CLU	True
RSC	CNN2	target	CNN2	True
RSC	CRYBG1	target	CRYBG1	True
RSC	CTSH	target	CTSH	True
RSC	CWH43	target	CWH43	True
RSC	CXCL10	target	CXCL10	True
RSC	CXCL16	target	CXCL16	True
RSC	CXCL6	target	CXCL6	True
RSC	CXCL9	target	CXCL9	True
RSC	DAPK1	target	DAPK1	True
RSC	DDAH1	target	DDAH1	True
RSC	DYRK3	target	DYRK3	True
RSC	EMP1	target	EMP1	True
RSC	EMP2	target	EMP2	True
RSC	ENAH	target	ENAH	True
RSC	ENDOD1	target	ENDOD1	True
RSC	EPHA2	target	EPHA2	True
RSC	EPHA4	target	EPHA4	True
RSC	EPN3	target	EPN3	True
RSC	EPOP	target	EPOP	True
RSC	EPS8L1	target	EPS8L1	True
RSC	EREG	target	EREG	True
RSC	ETV5	target	ETV5	True
RSC	EYA2	target	EYA2	True
RSC	FABP5	target	FABP5	True
RSC	FFAR4	target	FFAR4	True
RSC	FHL2	target	FHL2	True
RSC	FKBP9	target	FKBP9	True
RSC	FLNA	target	FLNA	True
RSC	FMNL2	target	FMNL2	True
RSC	FOSL1	target	FOSL1	True
RSC	FXYD3	target	FXYD3	True
RSC	GADD45B	target	GADD45B	True
RSC	GASK1B	target	GASK1B	True
RSC	GATM	target	GATM	True
RSC	GCNT1	target	GCNT1	True
RSC	GCNT3	target	GCNT3	True
RSC	GJB3	target	GJB3	True
RSC	GLIPR1	target	GLIPR1	True
RSC	GPNMB	target	GPNMB	True
RSC	GPR137B	target	GPR137B	True
RSC	GPX2	target	GPX2	True
RSC	GTSE1	target	GTSE1	True
RSC	HMOX1	target	HMOX1	True
RSC	HSPA2	target	HSPA2	True
RSC	HSPB1	target	HSPB1	True
RSC	HSPH1	target	HSPH1	True
RSC	HYAL1	target	HYAL1	True
RSC	ICA1	target	ICA1	True
RSC	ICAM1	target	ICAM1	True
RSC	ID2	target	ID2	True
RSC	IL17RE	target	IL17RE	True
RSC	IL1RN	target	IL1RN	True
RSC	IL33	target	IL33	True
RSC	ILDR1	target	ILDR1	True
RSC	INKA2	target	INKA2	True
RSC	IRF1	target	IRF1	True
RSC	ITGA2	target	ITGA2	True
RSC	ITGAV	target	ITGAV	True
RSC	ITGB4	target	ITGB4	True
RSC	ITPRIPL2	target	ITPRIPL2	True
RSC	KCNN4	target	KCNN4	True
RSC	KIFC3	target	KIFC3	True
RSC	KLF7	target	KLF7	True
RSC	KRT15	target	KRT15	True
RSC	KRT18	target	KRT18	True
RSC	KRT23	target	KRT23	True
RSC	LAMA3	target	LAMA3	True
RSC	LAPTM5	target	LAPTM5	True
RSC	LCN2	target	LCN2	True
RSC	LDLR	target	LDLR	True
RSC	LGALS1	target	LGALS1	True
RSC	LPCAT4	target	LPCAT4	True
RSC	LRG1	target	LRG1	True
RSC	MDM2	target	MDM2	True
RSC	MISP3	target	MISP3	True
RSC	MRAS	target	MRAS	True
RSC	MSANTD3	target	MSANTD3	True
RSC	MSLN	target	MSLN	True
RSC	MSN	target	MSN	True
RSC	MST1R	target	MST1R	True
RSC	MTCL1	target	MTCL1	True
RSC	MUC3A	target	MUC3A	True
RSC	MYH9	target	MYH9	True
RSC	NFE2L3	target	NFE2L3	True
RSC	NFKBIA	target	NFKBIA	True
RSC	NFKBIZ	target	NFKBIZ	True
RSC	NOS2	target	NOS2	True
RSC	NOXO1	target	NOXO1	True
RSC	OSBPL5	target	OSBPL5	True
RSC	P2RY2	target	P2RY2	True
RSC	P2RY6	target	P2RY6	True
RSC	PAQR8	target	PAQR8	True
RSC	PDZK1IP1	target	PDZK1IP1	True
RSC	PHLDA1	target	PHLDA1	True
RSC	PHLDA2	target	PHLDA2	True
RSC	PIERCE1	target		False
RSC	PIMREG	target	PIMREG	True
RSC	PLAU	target	PLAU	True
RSC	PLAUR	target	PLAUR	True
RSC	PLCD3	target	PLCD3	True
RSC	PLEKHS1	target	PLEKHS1	True
RSC	PLK2	target	PLK2	True
RSC	PMEPA1	target	PMEPA1	True
RSC	PPIC	target	PPIC	True
RSC	PPL	target	PPL	True
RSC	PSRC1	target	PSRC1	True
RSC	PTGS2	target	PTGS2	True
RSC	RAB11FIP5	target	RAB11FIP5	True
RSC	RAB15	target	RAB15	True
RSC	RACK1	target	RACK1	True
RSC	RALGAPA2	target	RALGAPA2	True
RSC	RBMS1	target	RBMS1	True
RSC	RGS19	target	RGS19	True
RSC	RHOD	target	RHOD	True
RSC	RIPK2	target	RIPK2	True
RSC	RUNX1	target	RUNX1	True
RSC	S100A14	target	S100A14	True
RSC	S100A4	target	S100A4	True
RSC	S100A6	target	S100A6	True
RSC	SAMD5	target	SAMD5	True
RSC	SCEL	target	SCEL	True
RSC	SEMA7A	target	SEMA7A	True
RSC	SH3BGRL2	target	SH3BGRL2	True
RSC	SLC19A2	target	SLC19A2	True
RSC	SLC39A10	target	SLC39A10	True
RSC	SLC44A2	target	SLC44A2	True
RSC	SLC60A1	target		False
RSC	SLC7A5	target	SLC7A5	True
RSC	SLCO4A1	target	SLCO4A1	True
RSC	SLPI	target	SLPI	True
RSC	SMIM33	target	SMIM33	True
RSC	SNORA20	target		False
RSC	SNORD104	target		False
RSC	SNORD47	target		False
RSC	SNORD92	target		False
RSC	SOCS3	target	SOCS3	True
RSC	SORL1	target	SORL1	True
RSC	SPATA6	target	SPATA6	True
RSC	SPP1	target	SPP1	True
RSC	STX11	target	STX11	True
RSC	SULF2	target	SULF2	True
RSC	SYT8	target	SYT8	True
RSC	TCIM	target	TCIM	True
RSC	TCIRG1	target	TCIRG1	True
RSC	TGFBI	target	TGFBI	True
RSC	TGM2	target	TGM2	True
RSC	TIMP2	target	TIMP2	True
RSC	TINAGL1	target	TINAGL1	True
RSC	TLR4	target	TLR4	True
RSC	TMEM184C	target	TMEM184C	True
RSC	TMEM43	target	TMEM43	True
RSC	TNF	target	TNF	True
RSC	TNFAIP3	target	TNFAIP3	True
RSC	TNFAIP8	target	TNFAIP8	True
RSC	TNFRSF1B	target	TNFRSF1B	True
RSC	TNFSF9	target	TNFSF9	True
RSC	TNIP3	target	TNIP3	True
RSC	TNNI2	target	TNNI2	True
RSC	TNNT2	target	TNNT2	True
RSC	TNS4	target	TNS4	True
RSC	TRAM2	target	TRAM2	True
RSC	TRIM15	target	TRIM15	True
RSC	TRIM40	target	TRIM40	True
RSC	TSPAN4	target	TSPAN4	True
RSC	TSPAN6	target	TSPAN6	True
RSC	TUBA1A	target	TUBA1A	True
RSC	VAMP5	target	VAMP5	True
RSC	VIM	target	VIM	True
RSC	VNN1	target	VNN1	True
RSC	WFDC2	target	WFDC2	True
RSC	WWTR1	target	WWTR1	True
RSC	ZMAT3	target	ZMAT3	True
RSC	ZNF296	target	ZNF296	True
RSC	ZNF703	target	ZNF703	True
RSC	AC007391.2	control	AC007391.2	True
RSC	C16ORF54	control	C16orf54	True
RSC	LINC01878	control	LINC01878	True
RSC	LINC00334	control	LINC00334	True
RSC	LINC02710	control	LINC02710	True
RSC	ROPN1B	control	ROPN1B	True
RSC	AC073314.1	control	AC073314.1	True
RSC	AC074029.3	control	AC074029.3	True
RSC	PLCH1-AS2	control	PLCH1-AS2	True
RSC	STX18-IT1	control	STX18-IT1	True
RSC	PCDHA7	control	PCDHA7	True
RSC	AL355075.2	control	AL355075.2	True
RSC	AC022868.2	control	AC022868.2	True
RSC	AL031595.2	control	AL031595.2	True
RSC	AC087893.2	control	AC087893.2	True
RSC	AL512303.1	control	AL512303.1	True
RSC	AC106894.1	control	AC106894.1	True
RSC	AL662791.2	control	AL662791.2	True
RSC	AC010999.1	control	AC010999.1	True
RSC	AL592431.1	control	AL592431.1	True
RSC	AC002551.1	control	AC002551.1	True
RSC	AC009754.2	control	AC009754.2	True
RSC	FCGR3B	control	FCGR3B	True
RSC	AMBN	control	AMBN	True
RSC	AC083805.3	control	AC083805.3	True
RSC	AC005696.2	control	AC005696.2	True
RSC	AC011816.2	control	AC011816.2	True
RSC	LINC02759	control	LINC02759	True
RSC	AC068446.2	control	AC068446.2	True
RSC	DNM3OS	control	DNM3OS	True
RSC	CYP26B1	control	CYP26B1	True
RSC	ERICH4	control	ERICH4	True
RSC	AC139491.8	control	AC139491.8	True
RSC	AC037450.1	control	AC037450.1	True
RSC	AL137002.2	control	AL137002.2	True
RSC	AC254633.1	control	AC254633.1	True
RSC	CA6	control	CA6	True
RSC	PLXNB3	control	PLXNB3	True
RSC	SARDH	control	SARDH	True
RSC	AC117522.2	control	AC117522.2	True
RSC	PLG	control	PLG	True
RSC	ZDHHC19	control	ZDHHC19	True
RSC	AC073842.1	control	AC073842.1	True
RSC	AC074008.1	control	AC074008.1	True
RSC	ATCAY	control	ATCAY	True
RSC	OXT	control	OXT	True
RSC	AC133919.2	control	AC133919.2	True
RSC	AC074050.4	control	AC074050.4	True
RSC	AC092718.1	control	AC092718.1	True
RSC	AC009812.3	control	AC009812.3	True
RSC	AC046168.2	control	AC046168.2	True
RSC	LINC01692	control	LINC01692	True
RSC	AC104653.1	control	AC104653.1	True
RSC	TSNAXIP1	control	TSNAXIP1	True
RSC	AL365259.1	control	AL365259.1	True
RSC	AL445255.1	control	AL445255.1	True
RSC	AC104187.1	control	AC104187.1	True
RSC	AC079352.1	control	AC079352.1	True
RSC	TBX1	control	TBX1	True
RSC	AC005785.1	control	AC005785.1	True
RSC	LINC00324	control	LINC00324	True
RSC	AC135782.3	control	AC135782.3	True
RSC	AC080013.6	control	AC080013.6	True
RSC	BMP6	control	BMP6	True
RSC	AC006427.2	control	AC006427.2	True
RSC	CPB2	control	CPB2	True
RSC	AC005487.1	control	AC005487.1	True
RSC	AC016766.1	control	AC016766.1	True
RSC	AC006064.4	control	AC006064.4	True
RSC	PKHD1L1	control	PKHD1L1	True
RSC	PWWP3B	control	PWWP3B	True
RSC	AL355516.1	control	AL355516.1	True
RSC	HASPIN	control	HASPIN	True
RSC	AC007613.1	control	AC007613.1	True
RSC	TMEM213	control	TMEM213	True
RSC	SLC22A9	control	SLC22A9	True
RSC	AC021066.1	control	AC021066.1	True
RSC	PRRT1B	control	PRRT1B	True
RSC	ZDHHC15	control	ZDHHC15	True
RSC	CLRN1	control	CLRN1	True
RSC	AC004691.1	control	AC004691.1	True
RSC	MIR302CHG	control	MIR302CHG	True
RSC	AL139099.2	control	AL139099.2	True
RSC	LINC01970	control	LINC01970	True
RSC	CEP83-DT	control	CEP83-DT	True
RSC	AC007431.1	control	AC007431.1	True
RSC	AC022601.1	control	AC022601.1	True
RSC	AC092747.1	control	AC092747.1	True
RSC	AC027373.1	control	AC027373.1	True
RSC	LRRC46	control	LRRC46	True
RSC	AL049795.1	control	AL049795.1	True
RSC	AC139722.1	control	AC139722.1	True
RSC	TMEM81	control	TMEM81	True
RSC	AC026254.2	control	AC026254.2	True
RSC	AJ009632.2	control	AJ009632.2	True
RSC	LINC00378	control	LINC00378	True
RSC	AL590399.3	control	AL590399.3	True
RSC	AC104170.2	control	AC104170.2	True
RSC	AC079203.2	control	AC079203.2	True
RSC	AC090907.2	control	AC090907.2	True
RSC	AL360270.1	control	AL360270.1	True
RSC	CCNB3	control	CCNB3	True
RSC	HLA-DQA1	control	HLA-DQA1	True
RSC	FAM229B	control	FAM229B	True
RSC	AL132656.2	control	AL132656.2	True
RSC	PLEKHF1	control	PLEKHF1	True
RSC	AC018845.3	control	AC018845.3	True
RSC	AC005632.6	control	AC005632.6	True
RSC	GSEC	control	GSEC	True
RSC	PPP1R42	control	PPP1R42	True
RSC	LINC01603	control	LINC01603	True
RSC	AC091646.1	control	AC091646.1	True
RSC	AC099343.2	control	AC099343.2	True
RSC	AL731537.1	control	AL731537.1	True
RSC	AL512422.1	control	AL512422.1	True
RSC	MPDZ	control	MPDZ	True
RSC	SERPINE3	control	SERPINE3	True
RSC	LNCTAM34A	control	LNCTAM34A	True
RSC	IL4I1	control	IL4I1	True
RSC	PRICKLE1	control	PRICKLE1	True
RSC	AC130814.1	control	AC130814.1	True
RSC	AC097460.1	control	AC097460.1	True
RSC	LRCH2	control	LRCH2	True
RSC	AC138696.2	control	AC138696.2	True
RSC	AC034102.4	control	AC034102.4	True
RSC	RAB9B	control	RAB9B	True
RSC	AC106707.1	control	AC106707.1	True
RSC	AP001505.1	control	AP001505.1	True
RSC	AC012313.6	control	AC012313.6	True
RSC	AC087501.1	control	AC087501.1	True
RSC	AL731563.3	control	AL731563.3	True
RSC	AC096772.1	control	AC096772.1	True
RSC	NCDN	control	NCDN	True
RSC	AC004034.1	control	AC004034.1	True
RSC	ZNF556	control	ZNF556	True
RSC	ZNF70	control	ZNF70	True
RSC	LIPT2	control	LIPT2	True
RSC	AL353768.1	control	AL353768.1	True
RSC	AL049780.1	control	AL049780.1	True
RSC	AC097717.1	control	AC097717.1	True
RSC	AC090921.1	control	AC090921.1	True
RSC	AC008079.1	control	AC008079.1	True
RSC	IQCN	control	IQCN	True
RSC	ENPP2	control	ENPP2	True
RSC	CMTM2	control	CMTM2	True
RSC	PARS2	control	PARS2	True
RSC	CFTR-AS1	control	CFTR-AS1	True
RSC	LGI4	control	LGI4	True
RSC	AC025181.2	control	AC025181.2	True
RSC	AL158198.1	control	AL158198.1	True
RSC	FO393418.1	control	FO393418.1	True
RSC	SYCP2L	control	SYCP2L	True
RSC	LINC01764	control	LINC01764	True
RSC	PRSS21	control	PRSS21	True
RSC	XG	control	XG	True
RSC	IL1RAPL2	control	IL1RAPL2	True
RSC	ANKRD31	control	ANKRD31	True
RSC	AP002498.1	control	AP002498.1	True
RSC	AC104667.2	control	AC104667.2	True
RSC	AL391840.3	control	AL391840.3	True
RSC	CHRNG	control	CHRNG	True
RSC	SAXO1	control	SAXO1	True
RSC	AL596223.1	control	AL596223.1	True
RSC	MAMDC4	control	MAMDC4	True
RSC	COL6A1	control	COL6A1	True
RSC	DARS-AS1	control	DARS-AS1	True
RSC	AC079140.6	control	AC079140.6	True
RSC	U2AF1L4	control	U2AF1L4	True
RSC	AL512625.1	control	AL512625.1	True
RSC	AC012184.4	control	AC012184.4	True
RSC	NPIPB13	control	NPIPB13	True
RSC	KLK7	control	KLK7	True
RSC	AC012447.1	control	AC012447.1	True
RSC	AL139353.2	control	AL139353.2	True
RSC	CBLN1	control	CBLN1	True
RSC	SDK2	control	SDK2	True
RSC	AL356805.1	control	AL356805.1	True
RSC	AC018359.1	control	AC018359.1	True
RSC	PSMB8-AS1	control	PSMB8-AS1	True
RSC	NT5M	control	NT5M	True
RSC	OCA2	control	OCA2	True
RSC	CDK3	control	CDK3	True
RSC	AC061708.1	control	AC061708.1	True
RSC	SYCE1L	control	SYCE1L	True
RSC	AL359915.1	control	AL359915.1	True
RSC	AC016644.1	control	AC016644.1	True
RSC	AL161891.1	control	AL161891.1	True
RSC	TMEM147-AS1	control	TMEM147-AS1	True
RSC	ARRDC1-AS1	control	ARRDC1-AS1	True
RSC	AL353138.1	control	AL353138.1	True
RSC	AC233296.1	control	AC233296.1	True
RSC	HACD1	control	HACD1	True
RSC	OBSL1	control	OBSL1	True
RSC	GEMIN6	control	GEMIN6	True
RSC	APOBEC3C	control	APOBEC3C	True
RSC	SLC26A7	control	SLC26A7	True
RSC	SCN3B	control	SCN3B	True
RSC	IGHA1	control	IGHA1	True
RSC	PIK3AP1	control	PIK3AP1	True
RSC	AC020891.2	control	AC020891.2	True
RSC	SLC2A1-AS1	control	SLC2A1-AS1	True
RSC	AC246817.2	control	AC246817.2	True
RSC	DDIAS	control	DDIAS	True
RSC	ZNF845	control	ZNF845	True
RSC	RDH10-AS1	control	RDH10-AS1	True
RSC	AC012360.3	control	AC012360.3	True
RSC	MAGEB17	control	MAGEB17	True
RSC	CPLX1	control	CPLX1	True
RSC	LRP2BP	control	LRP2BP	True
RSC	KBTBD3	control	KBTBD3	True
RSC	TTC21A	control	TTC21A	True
RSC	AL512343.2	control	AL512343.2	True
RSC	SEC24B-AS1	control	SEC24B-AS1	True
RSC	ZNF674	control	ZNF674	True
RSC	DVL2	control	DVL2	True
RSC	CMTM1	control	CMTM1	True
RSC	ZNF354A	control	ZNF354A	True
RSC	WDR53	control	WDR53	True
RSC	AC009961.1	control	AC009961.1	True
RSC	SHC2	control	SHC2	True
RSC	EAF2	control	EAF2	True
RSC	RANBP6	control	RANBP6	True
RSC	ZNF558	control	ZNF558	True
RSC	SLC25A48	control	SLC25A48	True
RSC	FER1L6	control	FER1L6	True
RSC	AP1M1	control	AP1M1	True
RSC	SLC43A1	control	SLC43A1	True
RSC	GATB	control	GATB	True
RSC	SEMA4C	control	SEMA4C	True
RSC	BCL2L12	control	BCL2L12	True
RSC	SNAP25-AS1	control	SNAP25-AS1	True
RSC	CNPPD1	control	CNPPD1	True
RSC	MATR3.1	control	MATR3.1	True
RSC	DCDC2	control	DCDC2	True
RSC	OSBPL7	control	OSBPL7	True
RSC	IMP3	control	IMP3	True
RSC	AC023389.1	control	AC023389.1	True
RSC	CACNB4	control	CACNB4	True
RSC	CAPN12	control	CAPN12	True
RSC	DNASE1L1	control	DNASE1L1	True
RSC	TICAM1	control	TICAM1	True
RSC	VPS52	control	VPS52	True
RSC	MRPL36	control	MRPL36	True
RSC	KIAA0930	control	KIAA0930	True
RSC	PNO1	control	PNO1	True
RSC	TTLL12	control	TTLL12	True
RSC	C1ORF122	control	C1orf122	True
RSC	KLHDC3	control	KLHDC3	True
RSC	BBS4	control	BBS4	True
RSC	ZNF692	control	ZNF692	True
RSC	FAM98B	control	FAM98B	True
RSC	AC026202.2	control	AC026202.2	True
RSC	ARHGAP6	control	ARHGAP6	True
RSC	AC021054.1	control	AC021054.1	True
RSC	PGD	control	PGD	True
RSC	UBLCP1	control	UBLCP1	True
RSC	CPVL	control	CPVL	True
RSC	MLKL	control	MLKL	True
RSC	HCFC1	control	HCFC1	True
RSC	METTL4	control	METTL4	True
RSC	GTF2H3	control	GTF2H3	True
RSC	RFT1	control	RFT1	True
RSC	SLC39A7	control	SLC39A7	True
RSC	ZFAT	control	ZFAT	True
RSC	ING4	control	ING4	True
RSC	VRK3	control	VRK3	True
RSC	HDAC7	control	HDAC7	True
RSC	TMUB1	control	TMUB1	True
RSC	ALG9	control	ALG9	True
RSC	AC087286.2	control	AC087286.2	True
RSC	BRIX1	control	BRIX1	True
RSC	PSAT1	control	PSAT1	True
RSC	SMIM4	control	SMIM4	True
RSC	AP2M1	control	AP2M1	True
RSC	GAS6-AS1	control	GAS6-AS1	True
RSC	AL450384.2	control	AL450384.2	True
RSC	AC002460.2	control	AC002460.2	True
RSC	ATPSCKMT	control	ATPSCKMT	True
RSC	CCDC174	control	CCDC174	True
RSC	ZNF384	control	ZNF384	True
RSC	CMTM7	control	CMTM7	True
RSC	AL590006.1	control	AL590006.1	True
RSC	DRG1	control	DRG1	True
RSC	ECI1	control	ECI1	True
RSC	ZNF621	control	ZNF621	True
RSC	LSM3	control	LSM3	True
RSC	SRGAP3	control	SRGAP3	True
RSC	TIMM17A	control	TIMM17A	True
RSC	MTRR	control	MTRR	True
RSC	ZNF410	control	ZNF410	True
RSC	RCHY1	control	RCHY1	True
RSC	NR1D2	control	NR1D2	True
RSC	STK26	control	STK26	True
RSC	ZGPAT	control	ZGPAT	True
RSC	MRPS18B	control	MRPS18B	True
RSC	ZFY	control	ZFY	True
RSC	SPG21	control	SPG21	True
RSC	SLC15A4	control	SLC15A4	True
RSC	MPC1	control	MPC1	True
RSC	TSHZ1	control	TSHZ1	True
RSC	CCNK	control	CCNK	True
RSC	UBE2Z	control	UBE2Z	True
RSC	NDUFB5	control	NDUFB5	True
RSC	SNHG17	control	SNHG17	True
RSC	TAB3	control	TAB3	True
RSC	EBP	control	EBP	True
RSC	ITFG2	control	ITFG2	True
RSC	SMARCC2	control	SMARCC2	True
RSC	CBR3-AS1	control	CBR3-AS1	True
RSC	UBN1	control	UBN1	True
RSC	UHRF1BP1L	control	UHRF1BP1L	True
RSC	RNF44	control	RNF44	True
RSC	SEC16A	control	SEC16A	True
RSC	UQCR10	control	UQCR10	True
RSC	NSA2	control	NSA2	True
RSC	TIMM13	control	TIMM13	True
RSC	SNRPA	control	SNRPA	True
RSC	ARMH4	control	ARMH4	True
RSC	SAR1A	control	SAR1A	True
RSC	AL158152.1	control	AL158152.1	True
RSC	ZNF195	control	ZNF195	True
RSC	CIR1	control	CIR1	True
RSC	GRSF1	control	GRSF1	True
RSC	TALDO1	control	TALDO1	True
RSC	SAFB	control	SAFB	True
RSC	ANKAR	control	ANKAR	True
RSC	HBP1	control	HBP1	True
RSC	TBC1D12	control	TBC1D12	True
RSC	RCN2	control	RCN2	True
RSC	KLHDC2	control	KLHDC2	True
RSC	KDELR1	control	KDELR1	True
RSC	PRDX2	control	PRDX2	True
RSC	G3BP2	control	G3BP2	True
RSC	MLXIPL	control	MLXIPL	True
RSC	XKR6	control	XKR6	True
RSC	DOCK6	control	DOCK6	True
RSC	PSMA3-AS1	control	PSMA3-AS1	True
RSC	NOL7	control	NOL7	True
RSC	FAM3C	control	FAM3C	True
RSC	TMEM68	control	TMEM68	True
RSC	GTDC1	control	GTDC1	True
RSC	GSTK1	control	GSTK1	True
RSC	GNL3	control	GNL3	True
RSC	RCOR3	control	RCOR3	True
RSC	FASTKD1	control	FASTKD1	True
RSC	LRCH3	control	LRCH3	True
RSC	AC245297.3	control	AC245297.3	True
RSC	UBR1	control	UBR1	True
RSC	TTC37	control	TTC37	True
RSC	SPG7	control	SPG7	True
RSC	PRDX1	control	PRDX1	True
RSC	SHOC2	control	SHOC2	True
RSC	PRKN	control	PRKN	True
RSC	ZC3H15	control	ZC3H15	True
RSC	FUBP3	control	FUBP3	True
RSC	LINC00513	control	LINC00513	True
RSC	ARFGEF3	control	ARFGEF3	True
RSC	RAPH1	control	RAPH1	True
RSC	HPCAL1	control	HPCAL1	True
RSC	SPTAN1	control	SPTAN1	True
RSC	OGDH	control	OGDH	True
RSC	XPO4	control	XPO4	True
RSC	PCCA	control	PCCA	True
RSC	GRM8	control	GRM8	True
RSC	FBXW11	control	FBXW11	True
RSC	AKAP9	control	AKAP9	True
RSC	PTEN	control	PTEN	True
RSC	KIF13B	control	KIF13B	True
RSC	ADGRA3	control	ADGRA3	True
RSC	H3F3B	control	H3F3B	True
RSC	SETX	control	SETX	True
RSC	PRPF40A	control	PRPF40A	True
RSC	RABL6	control	RABL6	True
RSC	CASK	control	CASK	True
RSC	SLC4A10	control	SLC4A10	True
RSC	ARHGAP42	control	ARHGAP42	True
RSC	NR6A1	control	NR6A1	True
RSC	OXSR1	control	OXSR1	True
RSC	CD63	control	CD63	True
RSC	ITCH	control	ITCH	True
iCMS2	A1CF	target	A1CF	True
iCMS2	ABHD12	target	ABHD12	True
iCMS2	ABRACL	target	ABRACL	True
iCMS2	ACOT8	target	ACOT8	True
iCMS2	ADIRF	target	ADIRF	True
iCMS2	ADRM1	target	ADRM1	True
iCMS2	AHCY	target	AHCY	True
iCMS2	AIFM3	target	AIFM3	True
iCMS2	AKAP1	target	AKAP1	True
iCMS2	ALKBH3	target	ALKBH3	True
iCMS2	ANO9	target	ANO9	True
iCMS2	AQP8	target	AQP8	True
iCMS2	AREG	target	AREG	True
iCMS2	ARFGAP1	target	ARFGAP1	True
iCMS2	ARFRP1	target	ARFRP1	True
iCMS2	ARHGAP45	target	ARHGAP45	True
iCMS2	ARID3A	target	ARID3A	True
iCMS2	ARL4A	target	ARL4A	True
iCMS2	ARMC1	target	ARMC1	True
iCMS2	ARSE	target	ARSE	True
iCMS2	ASCL2	target	ASCL2	True
iCMS2	ASPSCR1	target	ASPSCR1	True
iCMS2	ASXL1	target	ASXL1	True
iCMS2	ATP10B	target	ATP10B	True
iCMS2	ATP6V1H	target	ATP6V1H	True
iCMS2	ATP9A	target	ATP9A	True
iCMS2	AURKA	target	AURKA	True
iCMS2	AVL9	target	AVL9	True
iCMS2	AXIN2	target	AXIN2	True
iCMS2	BCAP31	target	BCAP31	True
iCMS2	BCL2L1	target	BCL2L1	True
iCMS2	BLCAP	target	BLCAP	True
iCMS2	BOP1	target	BOP1	True
iCMS2	C10ORF99	target	C10orf99	True
iCMS2	C1GALT1C1	target	C1GALT1C1	True
iCMS2	C2	target	C2	True
iCMS2	C20ORF27	target	C20orf27	True
iCMS2	C6ORF222	target		False
iCMS2	C6ORF48	target		False
iCMS2	C8ORF33	target	C8orf33	True
iCMS2	C8ORF59	target		False
iCMS2	CA4	target	CA4	True
iCMS2	CAPZA2	target	CAPZA2	True
iCMS2	CARS2	target	CARS2	True
iCMS2	CCDC34	target	CCDC34	True
iCMS2	CCDC85B	target	CCDC85B	True
iCMS2	CCL20	target	CCL20	True
iCMS2	CCT6A	target	CCT6A	True
iCMS2	CDC16	target	CDC16	True
iCMS2	CDC25B	target	CDC25B	True
iCMS2	CDHR1	target	CDHR1	True
iCMS2	CDK4	target	CDK4	True
iCMS2	CDK5RAP1	target	CDK5RAP1	True
iCMS2	CDK8	target	CDK8	True
iCMS2	CDX2	target	CDX2	True
iCMS2	CEBPA	target	CEBPA	True
iCMS2	CEBPB	target	CEBPB	True
iCMS2	CFTR	target	CFTR	True
iCMS2	CHCHD7	target	CHCHD7	True
iCMS2	CHD6	target	CHD6	True
iCMS2	CHMP4C	target	CHMP4C	True
iCMS2	CHP2	target	CHP2	True
iCMS2	CKB	target	CKB	True
iCMS2	COMMD6	target	COMMD6	True
iCMS2	COMMD7	target	COMMD7	True
iCMS2	COPS5	target	COPS5	True
iCMS2	COX19	target	COX19	True
iCMS2	CPNE1	target	CPNE1	True
iCMS2	CSE1L	target	CSE1L	True
iCMS2	CSNK2A2	target	CSNK2A2	True
iCMS2	CTNNBL1	target	CTNNBL1	True
iCMS2	CTSA	target	CTSA	True
iCMS2	CTSH	target	CTSH	True
iCMS2	CXCL14	target	CXCL14	True
iCMS2	CYB5B	target	CYB5B	True
iCMS2	CYP2S1	target	CYP2S1	True
iCMS2	CYP2W1	target	CYP2W1	True
iCMS2	DAB2	target	DAB2	True
iCMS2	DARS	target	DARS	True
iCMS2	DCAF13	target	DCAF13	True
iCMS2	DDAH2	target	DDAH2	True
iCMS2	DDC	target	DDC	True
iCMS2	DDX27	target	DDX27	True
iCMS2	DIDO1	target	DIDO1	True
iCMS2	DKC1	target	DKC1	True
iCMS2	DNAJC15	target	DNAJC15	True
iCMS2	DNAJC5	target	DNAJC5	True
iCMS2	DNTTIP1	target	DNTTIP1	True
iCMS2	DPEP1	target	DPEP1	True
iCMS2	DPM1	target	DPM1	True
iCMS2	DYNLRB1	target	DYNLRB1	True
iCMS2	EDEM2	target	EDEM2	True
iCMS2	EDN1	target	EDN1	True
iCMS2	EEPD1	target	EEPD1	True
iCMS2	EIF2S2	target	EIF2S2	True
iCMS2	EIF3E	target	EIF3E	True
iCMS2	EIF3H	target	EIF3H	True
iCMS2	EIF6	target	EIF6	True
iCMS2	EMD	target	EMD	True
iCMS2	EPB41L1	target	EPB41L1	True
iCMS2	EPB41L5	target	EPB41L5	True
iCMS2	EREG	target	EREG	True
iCMS2	ERGIC3	target	ERGIC3	True
iCMS2	ESF1	target	ESF1	True
iCMS2	ESPN	target	ESPN	True
iCMS2	EXOSC5	target	EXOSC5	True
iCMS2	FABP1	target	FABP1	True
iCMS2	FARP1	target	FARP1	True
iCMS2	FBL	target	FBL	True
iCMS2	FCGRT	target	FCGRT	True
iCMS2	FERMT1	target	FERMT1	True
iCMS2	FGGY	target	FGGY	True
iCMS2	FMR1	target	FMR1	True
iCMS2	FN1	target	FN1	True
iCMS2	FNTA	target	FNTA	True
iCMS2	FTL	target	FTL	True
iCMS2	FTX	target	FTX	True
iCMS2	FUNDC2	target	FUNDC2	True
iCMS2	GABRE	target	GABRE	True
iCMS2	GAL	target	GAL	True
iCMS2	GGH	target	GGH	True
iCMS2	GID8	target	GID8	True
iCMS2	GJB1	target	GJB1	True
iCMS2	GLA	target	GLA	True
iCMS2	GNPDA1	target	GNPDA1	True
iCMS2	GOLGA7	target	GOLGA7	True
iCMS2	GPALPP1	target	GPALPP1	True
iCMS2	GPCPD1	target	GPCPD1	True
iCMS2	GPSM2	target	GPSM2	True
iCMS2	GTF2F2	target	GTF2F2	True
iCMS2	GTF2IRD1	target	GTF2IRD1	True
iCMS2	GTF3A	target	GTF3A	True
iCMS2	HELZ2	target	HELZ2	True
iCMS2	HIBADH	target	HIBADH	True
iCMS2	HM13	target	HM13	True
iCMS2	HNF4A	target	HNF4A	True
iCMS2	HSD17B10	target	HSD17B10	True
iCMS2	HUS1	target	HUS1	True
iCMS2	ID1	target	ID1	True
iCMS2	IFITM1	target	IFITM1	True
iCMS2	IFT52	target	IFT52	True
iCMS2	IGBP1	target	IGBP1	True
iCMS2	IMMP2L	target	IMMP2L	True
iCMS2	IPO5	target	IPO5	True
iCMS2	IRS2	target	IRS2	True
iCMS2	KLC4	target	KLC4	True
iCMS2	KPNA3	target	KPNA3	True
iCMS2	KRT23	target	KRT23	True
iCMS2	LAGE3	target	LAGE3	True
iCMS2	LAMP2	target	LAMP2	True
iCMS2	LAPTM4B	target	LAPTM4B	True
iCMS2	LAS1L	target	LAS1L	True
iCMS2	LDHB	target	LDHB	True
iCMS2	LY6G6F-LY6G6D	target		False
iCMS2	LYPLA1	target	LYPLA1	True
iCMS2	MALSU1	target	MALSU1	True
iCMS2	MAPK13	target	MAPK13	True
iCMS2	MAPRE1	target	MAPRE1	True
iCMS2	MAVS	target	MAVS	True
iCMS2	MCTS1	target	MCTS1	True
iCMS2	MED30	target	MED30	True
iCMS2	MED4	target	MED4	True
iCMS2	MEP1A	target	MEP1A	True
iCMS2	MICU2	target	MICU2	True
iCMS2	MOGAT3	target	MOGAT3	True
iCMS2	MPLKIP	target	MPLKIP	True
iCMS2	MRGBP	target	MRGBP	True
iCMS2	MRPL13	target	MRPL13	True
iCMS2	MRPS17	target	MRPS17	True
iCMS2	MRPS24	target	MRPS24	True
iCMS2	MRPS31	target	MRPS31	True
iCMS2	MYC	target	MYC	True
iCMS2	NAA10	target	NAA10	True
iCMS2	NAA20	target	NAA20	True
iCMS2	NAE1	target	NAE1	True
iCMS2	NCBP2	target	NCBP2	True
iCMS2	NCOA3	target	NCOA3	True
iCMS2	NDFIP2	target	NDFIP2	True
iCMS2	NDRG3	target	NDRG3	True
iCMS2	NEK3	target	NEK3	True
iCMS2	NELFCD	target	NELFCD	True
iCMS2	NEU1	target	NEU1	True
iCMS2	NEU4	target	NEU4	True
iCMS2	NFS1	target	NFS1	True
iCMS2	NHLRC3	target	NHLRC3	True
iCMS2	NIP7	target	NIP7	True
iCMS2	NIT2	target	NIT2	True
iCMS2	NKAP	target	NKAP	True
iCMS2	NKD1	target	NKD1	True
iCMS2	NORAD	target	NORAD	True
iCMS2	NOX1	target	NOX1	True
iCMS2	NSDHL	target	NSDHL	True
iCMS2	NUAK2	target	NUAK2	True
iCMS2	NUDT4	target	NUDT4	True
iCMS2	NUPL2	target		False
iCMS2	NXPE4	target	NXPE4	True
iCMS2	NXT1	target	NXT1	True
iCMS2	OGFR	target	OGFR	True
iCMS2	OSBPL2	target	OSBPL2	True
iCMS2	OSER1	target	OSER1	True
iCMS2	PAK1IP1	target	PAK1IP1	True
iCMS2	PAN3	target	PAN3	True
iCMS2	PCID2	target	PCID2	True
iCMS2	PCIF1	target	PCIF1	True
iCMS2	PCMTD2	target	PCMTD2	True
iCMS2	PCSK1N	target	PCSK1N	True
iCMS2	PDP1	target	PDP1	True
iCMS2	PDPK1	target	PDPK1	True
iCMS2	PDRG1	target	PDRG1	True
iCMS2	PEPD	target	PEPD	True
iCMS2	PET117	target	PET117	True
iCMS2	PEX16	target	PEX16	True
iCMS2	PFDN4	target	PFDN4	True
iCMS2	PGRMC1	target	PGRMC1	True
iCMS2	PHF20	target	PHF20	True
iCMS2	PHYH	target	PHYH	True
iCMS2	PID1	target	PID1	True
iCMS2	PIGU	target	PIGU	True
iCMS2	PKIG	target	PKIG	True
iCMS2	PLAGL2	target	PLAGL2	True
iCMS2	PLCB4	target	PLCB4	True
iCMS2	PLIN2	target	PLIN2	True
iCMS2	PLTP	target	PLTP	True
iCMS2	PM20D2	target	PM20D2	True
iCMS2	PMEPA1	target	PMEPA1	True
iCMS2	POFUT1	target	POFUT1	True
iCMS2	PPP1R14D	target	PPP1R14D	True
iCMS2	PQBP1	target	PQBP1	True
iCMS2	PRAP1	target	PRAP1	True
iCMS2	PRELID3B	target	PRELID3B	True
iCMS2	PRKDC	target	PRKDC	True
iCMS2	PROSER1	target	PROSER1	True
iCMS2	PROX1	target	PROX1	True
iCMS2	PRPF6	target	PRPF6	True
iCMS2	PRR15	target	PRR15	True
iCMS2	PRSS23	target	PRSS23	True
iCMS2	PSMA7	target	PSMA7	True
iCMS2	PSPH	target	PSPH	True
iCMS2	PTPRO	target	PTPRO	True
iCMS2	QPRT	target	QPRT	True
iCMS2	RAB15	target	RAB15	True
iCMS2	RAB20	target	RAB20	True
iCMS2	RAB22A	target	RAB22A	True
iCMS2	RAE1	target	RAE1	True
iCMS2	RALGAPB	target	RALGAPB	True
iCMS2	RALY	target	RALY	True
iCMS2	RASL11A	target	RASL11A	True
iCMS2	RB1CC1	target	RB1CC1	True
iCMS2	RBM39	target	RBM39	True
iCMS2	RBMX2	target	RBMX2	True
iCMS2	RETREG1	target	RETREG1	True
iCMS2	RGMB	target	RGMB	True
iCMS2	RIDA	target	RIDA	True
iCMS2	RNASEH2B	target	RNASEH2B	True
iCMS2	RNF113A	target	RNF113A	True
iCMS2	RNF114	target	RNF114	True
iCMS2	RNF170	target	RNF170	True
iCMS2	RNF43	target	RNF43	True
iCMS2	RNF6	target	RNF6	True
iCMS2	RP9	target	RP9	True
iCMS2	RPIA	target	RPIA	True
iCMS2	RPN2	target	RPN2	True
iCMS2	RPRD1B	target	RPRD1B	True
iCMS2	RPUSD1	target	RPUSD1	True
iCMS2	RRP9	target	RRP9	True
iCMS2	RRS1	target	RRS1	True
iCMS2	RUBCNL	target	RUBCNL	True
iCMS2	SATB2	target	SATB2	True
iCMS2	SCAND1	target	SCAND1	True
iCMS2	SCARB1	target	SCARB1	True
iCMS2	SCML1	target	SCML1	True
iCMS2	SELENOP	target	SELENOP	True
iCMS2	SEMA5A	target	SEMA5A	True
iCMS2	SERINC3	target	SERINC3	True
iCMS2	SERPINE2	target	SERPINE2	True
iCMS2	SHD	target	SHD	True
iCMS2	SINHCAF	target	SINHCAF	True
iCMS2	SLC20A2	target	SLC20A2	True
iCMS2	SLC26A2	target	SLC26A2	True
iCMS2	SLC26A3	target	SLC26A3	True
iCMS2	SLC29A1	target	SLC29A1	True
iCMS2	SLC2A8	target	SLC2A8	True
iCMS2	SLC35C2	target	SLC35C2	True
iCMS2	SLC38A5	target	SLC38A5	True
iCMS2	SLC39A5	target	SLC39A5	True
iCMS2	SLC3A2	target	SLC3A2	True
iCMS2	SLC52A2	target	SLC52A2	True
iCMS2	SLC5A6	target	SLC5A6	True
iCMS2	SLC7A6	target	SLC7A6	True
iCMS2	SMAP1	target	SMAP1	True
iCMS2	SMIM26	target	SMIM26	True
iCMS2	SNRPB	target	SNRPB	True
iCMS2	SNRPB2	target	SNRPB2	True
iCMS2	SOX4	target	SOX4	True
iCMS2	SPATA13	target	SPATA13	True
iCMS2	SPINK1	target	SPINK1	True
iCMS2	SPRYD7	target	SPRYD7	True
iCMS2	ST6GAL1	target	ST6GAL1	True
iCMS2	STAU1	target	STAU1	True
iCMS2	STK4	target	STK4	True
iCMS2	STRAP	target	STRAP	True
iCMS2	STX16	target	STX16	True
iCMS2	SUCLA2	target	SUCLA2	True
iCMS2	SUPT20H	target	SUPT20H	True
iCMS2	SYS1	target	SYS1	True
iCMS2	TBC1D4	target	TBC1D4	True
iCMS2	TBRG4	target	TBRG4	True
iCMS2	TCF7	target	TCF7	True
iCMS2	TDGF1	target	TDGF1	True
iCMS2	TFCP2L1	target	TFCP2L1	True
iCMS2	THBS1	target	THBS1	True
iCMS2	TIMM17B	target	TIMM17B	True
iCMS2	TIMM8A	target	TIMM8A	True
iCMS2	TIMP3	target	TIMP3	True
iCMS2	TLE2	target	TLE2	True
iCMS2	TNNC2	target	TNNC2	True
iCMS2	TOMM34	target	TOMM34	True
iCMS2	TOP1MT	target	TOP1MT	True
iCMS2	TP53RK	target	TP53RK	True
iCMS2	TPD52L2	target	TPD52L2	True
iCMS2	TPX2	target	TPX2	True
iCMS2	TRAP1	target	TRAP1	True
iCMS2	TRIB3	target	TRIB3	True
iCMS2	TRPC4AP	target	TRPC4AP	True
iCMS2	TSC22D1	target	TSC22D1	True
iCMS2	TSPAN6	target	TSPAN6	True
iCMS2	TWISTNB	target	TWISTNB	True
iCMS2	TXLNG	target	TXLNG	True
iCMS2	TXNDC9	target	TXNDC9	True
iCMS2	UBA2	target	UBA2	True
iCMS2	UBAC2	target	UBAC2	True
iCMS2	UBE2C	target	UBE2C	True
iCMS2	UCA1	target	UCA1	True
iCMS2	UCHL3	target	UCHL3	True
iCMS2	UCKL1	target	UCKL1	True
iCMS2	UGT2A3	target	UGT2A3	True
iCMS2	UPF3A	target	UPF3A	True
iCMS2	UTP14A	target	UTP14A	True
iCMS2	UTP23	target	UTP23	True
iCMS2	UTP4	target	UTP4	True
iCMS2	VAPB	target	VAPB	True
iCMS2	VAV3	target	VAV3	True
iCMS2	VBP1	target	VBP1	True
iCMS2	VMA21	target	VMA21	True
iCMS2	XRN2	target	XRN2	True
iCMS2	YAE1D1	target		False
iCMS2	YTHDF1	target	YTHDF1	True
iCMS2	YWHAB	target	YWHAB	True
iCMS2	ZBTB10	target	ZBTB10	True
iCMS2	ZC3H13	target	ZC3H13	True
iCMS2	ZDHHC9	target	ZDHHC9	True
iCMS2	ZFAND1	target	ZFAND1	True
iCMS2	ZFAS1	target	ZFAS1	True
iCMS2	ZMYND8	target	ZMYND8	True
iCMS2	ZNF503	target	ZNF503	True
iCMS2	AC135166.1	control	AC135166.1	True
iCMS2	AC247036.1	control	AC247036.1	True
iCMS2	AC145207.2	control	AC145207.2	True
iCMS2	CALY	control	CALY	True
iCMS2	AC090001.1	control	AC090001.1	True
iCMS2	LINC02740	control	LINC02740	True
iCMS2	ZIC1	control	ZIC1	True
iCMS2	AC147651.4	control	AC147651.4	True
iCMS2	SPATA45	control	SPATA45	True
iCMS2	AL606537.1	control	AL606537.1	True
iCMS2	GPR75	control	GPR75	True
iCMS2	AC005540.1	control	AC005540.1	True
iCMS2	LINC01484	control	LINC01484	True
iCMS2	AL132765.2	control	AL132765.2	True
iCMS2	AC012358.1	control	AC012358.1	True
iCMS2	SIX3	control	SIX3	True
iCMS2	AC113386.1	control	AC113386.1	True
iCMS2	AC018904.1	control	AC018904.1	True
iCMS2	BHMT2	control	BHMT2	True
iCMS2	AC148476.1	control	AC148476.1	True
iCMS2	AC003958.2	control	AC003958.2	True
iCMS2	AC092338.1	control	AC092338.1	True
iCMS2	AC116345.4	control	AC116345.4	True
iCMS2	AC092112.1	control	AC092112.1	True
iCMS2	CELA2B	control	CELA2B	True
iCMS2	CD37	control	CD37	True
iCMS2	DIAPH3-AS2	control	DIAPH3-AS2	True
iCMS2	ACBD7	control	ACBD7	True
iCMS2	OR51E1	control	OR51E1	True
iCMS2	LINC01521	control	LINC01521	True
iCMS2	AC016957.2	control	AC016957.2	True
iCMS2	LINC00880	control	LINC00880	True
iCMS2	LINC01271	control	LINC01271	True
iCMS2	PTF1A	control	PTF1A	True
iCMS2	AL137077.2	control	AL137077.2	True
iCMS2	PDGFD	control	PDGFD	True
iCMS2	AC135457.1	control	AC135457.1	True
iCMS2	TMEM72	control	TMEM72	True
iCMS2	AC006511.4	control	AC006511.4	True
iCMS2	LMNB1-DT	control	LMNB1-DT	True
iCMS2	AMH	control	AMH	True
iCMS2	MAB21L4	control	MAB21L4	True
iCMS2	AC109446.3	control	AC109446.3	True
iCMS2	LINC01116	control	LINC01116	True
iCMS2	LRFN3	control	LRFN3	True
iCMS2	AL162258.2	control	AL162258.2	True
iCMS2	AC011306.1	control	AC011306.1	True
iCMS2	KCNS3	control	KCNS3	True
iCMS2	AC011939.2	control	AC011939.2	True
iCMS2	TMEM52	control	TMEM52	True
iCMS2	AC096642.1	control	AC096642.1	True
iCMS2	UFSP1	control	UFSP1	True
iCMS2	LINC01508	control	LINC01508	True
iCMS2	PTAFR	control	PTAFR	True
iCMS2	AC026356.2	control	AC026356.2	True
iCMS2	MMEL1	control	MMEL1	True
iCMS2	AC027601.1	control	AC027601.1	True
iCMS2	ZFP2	control	ZFP2	True
iCMS2	C1QTNF7	control	C1QTNF7	True
iCMS2	AC004083.1	control	AC004083.1	True
iCMS2	HIRIP3	control	HIRIP3	True
iCMS2	P3H3	control	P3H3	True
iCMS2	AC124067.2	control	AC124067.2	True
iCMS2	URB1-AS1	control	URB1-AS1	True
iCMS2	APOBEC1	control	APOBEC1	True
iCMS2	AL158195.1	control	AL158195.1	True
iCMS2	AL355499.1	control	AL355499.1	True
iCMS2	SNX18	control	SNX18	True
iCMS2	EMP3	control	EMP3	True
iCMS2	AC107398.3	control	AC107398.3	True
iCMS2	AC105942.1	control	AC105942.1	True
iCMS2	PDE1C	control	PDE1C	True
iCMS2	AL080317.2	control	AL080317.2	True
iCMS2	NKILA	control	NKILA	True
iCMS2	ZNF624	control	ZNF624	True
iCMS2	AC092338.2	control	AC092338.2	True
iCMS2	DOK6	control	DOK6	True
iCMS2	AL590807.1	control	AL590807.1	True
iCMS2	AC093627.5	control	AC093627.5	True
iCMS2	IRX2	control	IRX2	True
iCMS2	ZNF214	control	ZNF214	True
iCMS2	WAKMAR2	control	WAKMAR2	True
iCMS2	MYPOP	control	MYPOP	True
iCMS2	NAALADL2-AS2	control	NAALADL2-AS2	True
iCMS2	DNAH2	control	DNAH2	True
iCMS2	AC015912.3	control	AC015912.3	True
iCMS2	AC005838.2	control	AC005838.2	True
iCMS2	ZSCAN16-AS1	control	ZSCAN16-AS1	True
iCMS2	ARHGEF26-AS1	control	ARHGEF26-AS1	True
iCMS2	RAG1	control	RAG1	True
iCMS2	TMEM72-AS1	control	TMEM72-AS1	True
iCMS2	EYA1	control	EYA1	True
iCMS2	ZNF778	control	ZNF778	True
iCMS2	TBL3	control	TBL3	True
iCMS2	TEX30	control	TEX30	True
iCMS2	CHST11	control	CHST11	True
iCMS2	KBTBD7	control	KBTBD7	True
iCMS2	DAPP1	control	DAPP1	True
iCMS2	ABHD12B	control	ABHD12B	True
iCMS2	TRIM21	control	TRIM21	True
iCMS2	FAM110A	control	FAM110A	True
iCMS2	DEF6	control	DEF6	True
iCMS2	BORCS8	control	BORCS8	True
iCMS2	PRKCQ	control	PRKCQ	True
iCMS2	MIR4458HG	control	MIR4458HG	True
iCMS2	TMEM104	control	TMEM104	True
iCMS2	MRPL30	control	MRPL30	True
iCMS2	CU638689.5	control	CU638689.5	True
iCMS2	ALKBH2	control	ALKBH2	True
iCMS2	C11ORF95	control	C11orf95	True
iCMS2	TAC3	control	TAC3	True
iCMS2	AL354809.1	control	AL354809.1	True
iCMS2	AP000446.1	control	AP000446.1	True
iCMS2	IGIP	control	IGIP	True
iCMS2	MTERF2	control	MTERF2	True
iCMS2	AKT1S1	control	AKT1S1	True
iCMS2	GCHFR	control	GCHFR	True
iCMS2	PPOX	control	PPOX	True
iCMS2	AC004551.1	control	AC004551.1	True
iCMS2	POC1A	control	POC1A	True
iCMS2	P4HA3	control	P4HA3	True
iCMS2	DCLK2	control	DCLK2	True
iCMS2	IFT20	control	IFT20	True
iCMS2	DDA1	control	DDA1	True
iCMS2	CENPW	control	CENPW	True
iCMS2	ZNF595	control	ZNF595	True
iCMS2	ABCC2	control	ABCC2	True
iCMS2	RBFA	control	RBFA	True
iCMS2	AC092821.3	control	AC092821.3	True
iCMS2	ACSL1	control	ACSL1	True
iCMS2	RFC5	control	RFC5	True
iCMS2	UPK3BL1	control	UPK3BL1	True
iCMS2	SLC25A4	control	SLC25A4	True
iCMS2	TXNDC15	control	TXNDC15	True
iCMS2	PRUNE1	control	PRUNE1	True
iCMS2	SLC52A3	control	SLC52A3	True
iCMS2	TAF9	control	TAF9	True
iCMS2	TMEM109	control	TMEM109	True
iCMS2	YBEY	control	YBEY	True
iCMS2	RASGRF2	control	RASGRF2	True
iCMS2	BLM	control	BLM	True
iCMS2	ZNF746	control	ZNF746	True
iCMS2	ZNF260	control	ZNF260	True
iCMS2	SLC35B2	control	SLC35B2	True
iCMS2	ZNF787	control	ZNF787	True
iCMS2	METTL27	control	METTL27	True
iCMS2	LINC01414	control	LINC01414	True
iCMS2	VAMP4	control	VAMP4	True
iCMS2	AC022031.2	control	AC022031.2	True
iCMS2	PBDC1	control	PBDC1	True
iCMS2	SMPD3	control	SMPD3	True
iCMS2	WDR74	control	WDR74	True
iCMS2	PIGP	control	PIGP	True
iCMS2	PYM1	control	PYM1	True
iCMS2	TPCN2	control	TPCN2	True
iCMS2	SLC2A4RG	control	SLC2A4RG	True
iCMS2	ACVR1C	control	ACVR1C	True
iCMS2	VPS26B	control	VPS26B	True
iCMS2	AC027601.6	control	AC027601.6	True
iCMS2	STX4	control	STX4	True
iCMS2	RBBP5	control	RBBP5	True
iCMS2	SBF2-AS1	control	SBF2-AS1	True
iCMS2	KIZ-AS1	control	KIZ-AS1	True
iCMS2	TLDC2	control	TLDC2	True
iCMS2	CREBL2	control	CREBL2	True
iCMS2	RBSN	control	RBSN	True
iCMS2	WHRN	control	WHRN	True
iCMS2	TRIP6	control	TRIP6	True
iCMS2	MIEN1	control	MIEN1	True
iCMS2	PLEKHA4	control	PLEKHA4	True
iCMS2	MEAK7	control	MEAK7	True
iCMS2	SLC26A6	control	SLC26A6	True
iCMS2	PRDX3	control	PRDX3	True
iCMS2	AL390719.2	control	AL390719.2	True
iCMS2	ANKRD37	control	ANKRD37	True
iCMS2	MAP3K20-AS1	control	MAP3K20-AS1	True
iCMS2	ARHGAP11B	control	ARHGAP11B	True
iCMS2	CISD2	control	CISD2	True
iCMS2	SLC27A4	control	SLC27A4	True
iCMS2	SCRN3	control	SCRN3	True
iCMS2	LINC02320	control	LINC02320	True
iCMS2	NUCB1	control	NUCB1	True
iCMS2	CTSC	control	CTSC	True
iCMS2	METTL3	control	METTL3	True
iCMS2	VPS37C	control	VPS37C	True
iCMS2	DNAJA2	control	DNAJA2	True
iCMS2	PAXX	control	PAXX	True
iCMS2	SLC23A2	control	SLC23A2	True
iCMS2	ITGA1	control	ITGA1	True
iCMS2	GNAI1	control	GNAI1	True
iCMS2	WASHC2A	control	WASHC2A	True
iCMS2	AC074032.1	control	AC074032.1	True
iCMS2	ACTL6A	control	ACTL6A	True
iCMS2	TMEM67	control	TMEM67	True
iCMS2	DCBLD1	control	DCBLD1	True
iCMS2	GABRB1	control	GABRB1	True
iCMS2	TMEM9B	control	TMEM9B	True
iCMS2	DEPDC5	control	DEPDC5	True
iCMS2	DNAH7	control	DNAH7	True
iCMS2	NELFB	control	NELFB	True
iCMS2	FAM174B	control	FAM174B	True
iCMS2	ATAD5	control	ATAD5	True
iCMS2	CMC2	control	CMC2	True
iCMS2	RND3	control	RND3	True
iCMS2	CRTC3	control	CRTC3	True
iCMS2	LY6G6D	control	LY6G6D	True
iCMS2	ARRDC1	control	ARRDC1	True
iCMS2	SLC1A5	control	SLC1A5	True
iCMS2	CRBN	control	CRBN	True
iCMS2	CDK5RAP3	control	CDK5RAP3	True
iCMS2	GFOD1	control	GFOD1	True
iCMS2	SMG5	control	SMG5	True
iCMS2	UEVLD	control	UEVLD	True
iCMS2	COPS6	control	COPS6	True
iCMS2	PURB	control	PURB	True
iCMS2	DESI2	control	DESI2	True
iCMS2	CASC3	control	CASC3	True
iCMS2	PSMB8	control	PSMB8	True
iCMS2	TXNL4A	control	TXNL4A	True
iCMS2	PSMD5	control	PSMD5	True
iCMS2	H2AFJ	control	H2AFJ	True
iCMS2	PIK3C2B	control	PIK3C2B	True
iCMS2	CDS1	control	CDS1	True
iCMS2	YARS	control	YARS	True
iCMS2	PLOD3	control	PLOD3	True
iCMS2	YY1AP1	control	YY1AP1	True
iCMS2	IFNGR1	control	IFNGR1	True
iCMS2	CCDC57	control	CCDC57	True
iCMS2	NDUFA1	control	NDUFA1	True
iCMS2	POLR2B	control	POLR2B	True
iCMS2	AP3S2	control	AP3S2	True
iCMS2	CEP128	control	CEP128	True
iCMS2	AC010086.3	control	AC010086.3	True
iCMS2	TENT4B	control	TENT4B	True
iCMS2	IRF2	control	IRF2	True
iCMS2	LIMD1	control	LIMD1	True
iCMS2	HEXB	control	HEXB	True
iCMS2	PEX14	control	PEX14	True
iCMS2	PRKACB	control	PRKACB	True
iCMS2	RAB11FIP2	control	RAB11FIP2	True
iCMS2	EIF2S3	control	EIF2S3	True
iCMS2	LAMP1	control	LAMP1	True
iCMS2	NRXN3	control	NRXN3	True
iCMS2	VDAC2	control	VDAC2	True
iCMS2	SH3YL1	control	SH3YL1	True
iCMS2	EIF4G2	control	EIF4G2	True
iCMS2	CEP290	control	CEP290	True
iCMS2	DDX18	control	DDX18	True
iCMS2	RANBP2	control	RANBP2	True
iCMS2	EP300	control	EP300	True
iCMS2	FDFT1	control	FDFT1	True
iCMS2	MAP3K5	control	MAP3K5	True
iCMS2	TMEM245	control	TMEM245	True
iCMS2	AGO3	control	AGO3	True
iCMS2	TOMM20	control	TOMM20	True
iCMS2	ATL2	control	ATL2	True
iCMS2	TMEM260	control	TMEM260	True
iCMS2	LSR	control	LSR	True
iCMS2	RAF1	control	RAF1	True
iCMS2	KDM5A	control	KDM5A	True
iCMS2	CAPZB	control	CAPZB	True
iCMS2	TASP1	control	TASP1	True
iCMS2	MYO5B	control	MYO5B	True
iCMS2	CEMIP	control	CEMIP	True
iCMS2	CNOT2	control	CNOT2	True
iCMS2	TNRC6B	control	TNRC6B	True
iCMS2	IGF2R	control	IGF2R	True
iCMS2	ACSL5	control	ACSL5	True
iCMS2	TMEM168	control	TMEM168	True
iCMS2	GPATCH8	control	GPATCH8	True
iCMS2	OXR1	control	OXR1	True
iCMS2	SLC44A1	control	SLC44A1	True
iCMS2	SAT1	control	SAT1	True
iCMS2	RNF145	control	RNF145	True
iCMS2	UPF2	control	UPF2	True
iCMS2	EEF1D	control	EEF1D	True
iCMS2	MGST1	control	MGST1	True
iCMS2	TDRD3	control	TDRD3	True
iCMS2	CACNA1D	control	CACNA1D	True
iCMS2	ELF1	control	ELF1	True
iCMS3	ABHD3	target	ABHD3	True
iCMS3	ABO	target	ABO	True
iCMS3	ACADS	target	ACADS	True
iCMS3	ACER3	target	ACER3	True
iCMS3	ADAM9	target	ADAM9	True
iCMS3	AGR2	target	AGR2	True
iCMS3	AGR3	target	AGR3	True
iCMS3	AGRN	target	AGRN	True
iCMS3	AHNAK	target	AHNAK	True
iCMS3	AKAP13	target	AKAP13	True
iCMS3	AKR7A3	target	AKR7A3	True
iCMS3	AKT1	target	AKT1	True
iCMS3	ALDH6A1	target	ALDH6A1	True
iCMS3	ALDOB	target	ALDOB	True
iCMS3	AMN	target	AMN	True
iCMS3	ANG	target	ANG	True
iCMS3	ANKRD36C	target	ANKRD36C	True
iCMS3	ANPEP	target	ANPEP	True
iCMS3	ANXA1	target	ANXA1	True
iCMS3	ANXA13	target	ANXA13	True
iCMS3	AQP3	target	AQP3	True
iCMS3	ARSA	target	ARSA	True
iCMS3	ASAP2	target	ASAP2	True
iCMS3	ASRGL1	target	ASRGL1	True
iCMS3	ATL3	target	ATL3	True
iCMS3	ATP1B1	target	ATP1B1	True
iCMS3	ATP2A3	target	ATP2A3	True
iCMS3	ATP8A1	target	ATP8A1	True
iCMS3	ATP8B1	target	ATP8B1	True
iCMS3	B3GALT5	target	B3GALT5	True
iCMS3	B3GNT7	target	B3GNT7	True
iCMS3	BAIAP2L2	target	BAIAP2L2	True
iCMS3	BCAS1	target	BCAS1	True
iCMS3	BNIP3L	target	BNIP3L	True
iCMS3	BTBD6	target	BTBD6	True
iCMS3	C12ORF57	target	C12orf57	True
iCMS3	C18ORF32	target	C18orf32	True
iCMS3	C2ORF88	target	C2orf88	True
iCMS3	C4BPB	target	C4BPB	True
iCMS3	C9ORF3	target		False
iCMS3	CA12	target	CA12	True
iCMS3	CA2	target	CA2	True
iCMS3	CA7	target	CA7	True
iCMS3	CA9	target	CA9	True
iCMS3	CAMK2D	target	CAMK2D	True
iCMS3	CANT1	target	CANT1	True
iCMS3	CARD16	target	CARD16	True
iCMS3	CASC4	target	CASC4	True
iCMS3	CASZ1	target	CASZ1	True
iCMS3	CCAR2	target	CCAR2	True
iCMS3	CCDC68	target	CCDC68	True
iCMS3	CCNG2	target	CCNG2	True
iCMS3	CD55	target	CD55	True
iCMS3	CDC42EP1	target	CDC42EP1	True
iCMS3	CDC42EP5	target	CDC42EP5	True
iCMS3	CDKN2A	target	CDKN2A	True
iCMS3	CDKN2B	target	CDKN2B	True
iCMS3	CEACAM7	target	CEACAM7	True
iCMS3	CEP70	target	CEP70	True
iCMS3	CFD	target	CFD	True
iCMS3	CHCHD10	target	CHCHD10	True
iCMS3	CHD3	target	CHD3	True
iCMS3	CKAP4	target	CKAP4	True
iCMS3	CLCA1	target	CLCA1	True
iCMS3	CLCA4	target	CLCA4	True
iCMS3	CLSTN1	target	CLSTN1	True
iCMS3	CLU	target	CLU	True
iCMS3	COL16A1	target	COL16A1	True
iCMS3	COPG1	target	COPG1	True
iCMS3	CRACR2B	target	CRACR2B	True
iCMS3	CREB3L1	target	CREB3L1	True
iCMS3	CRELD2	target	CRELD2	True
iCMS3	CRIP1	target	CRIP1	True
iCMS3	CTNNBIP1	target	CTNNBIP1	True
iCMS3	CTSE	target	CTSE	True
iCMS3	CXCL3	target	CXCL3	True
iCMS3	CXXC1	target	CXXC1	True
iCMS3	CYR61	target		False
iCMS3	CYSTM1	target	CYSTM1	True
iCMS3	DEFA6	target	DEFA6	True
iCMS3	DEGS2	target	DEGS2	True
iCMS3	DENND2A	target	DENND2A	True
iCMS3	DEPP1	target	DEPP1	True
iCMS3	DGLUCY	target	DGLUCY	True
iCMS3	DHRS1	target	DHRS1	True
iCMS3	DIP2A	target	DIP2A	True
iCMS3	DMBT1	target	DMBT1	True
iCMS3	DNAJC10	target	DNAJC10	True
iCMS3	DOCK5	target	DOCK5	True
iCMS3	DPYSL2	target	DPYSL2	True
iCMS3	DUSP4	target	DUSP4	True
iCMS3	EDEM3	target	EDEM3	True
iCMS3	EGLN3	target	EGLN3	True
iCMS3	ENOSF1	target	ENOSF1	True
iCMS3	ENTPD8	target	ENTPD8	True
iCMS3	EPS8L1	target	EPS8L1	True
iCMS3	ERGIC1	target	ERGIC1	True
iCMS3	ERN2	target	ERN2	True
iCMS3	F3	target	F3	True
iCMS3	FA2H	target	FA2H	True
iCMS3	FABP2	target	FABP2	True
iCMS3	FAM107B	target	FAM107B	True
iCMS3	FAM114A1	target	FAM114A1	True
iCMS3	FBXW5	target	FBXW5	True
iCMS3	FCGBP	target	FCGBP	True
iCMS3	FFAR4	target	FFAR4	True
iCMS3	FGFBP1	target	FGFBP1	True
iCMS3	FLII	target	FLII	True
iCMS3	FOXA1	target	FOXA1	True
iCMS3	FOXA3	target	FOXA3	True
iCMS3	FOXP1	target	FOXP1	True
iCMS3	FRMD4B	target	FRMD4B	True
iCMS3	FUT8	target	FUT8	True
iCMS3	GALNT1	target	GALNT1	True
iCMS3	GALNT12	target	GALNT12	True
iCMS3	GALNT5	target	GALNT5	True
iCMS3	GALNT7	target	GALNT7	True
iCMS3	GBA2	target	GBA2	True
iCMS3	GBP3	target	GBP3	True
iCMS3	GCNT3	target	GCNT3	True
iCMS3	GNAQ	target	GNAQ	True
iCMS3	GOLM1	target	GOLM1	True
iCMS3	GPRIN3	target	GPRIN3	True
iCMS3	GPT	target	GPT	True
iCMS3	GSDMB	target	GSDMB	True
iCMS3	GSKIP	target	GSKIP	True
iCMS3	GSN	target	GSN	True
iCMS3	GSR	target	GSR	True
iCMS3	GSTZ1	target	GSTZ1	True
iCMS3	HEPACAM2	target	HEPACAM2	True
iCMS3	HES4	target	HES4	True
iCMS3	HID1	target	HID1	True
iCMS3	HIF1A	target	HIF1A	True
iCMS3	HIPK1	target	HIPK1	True
iCMS3	HIPK2	target	HIPK2	True
iCMS3	HSD17B2	target	HSD17B2	True
iCMS3	IER3IP1	target	IER3IP1	True
iCMS3	IFI16	target	IFI16	True
iCMS3	IFI27L1	target	IFI27L1	True
iCMS3	IFI6	target	IFI6	True
iCMS3	IGFBP2	target	IGFBP2	True
iCMS3	IL18	target	IL18	True
iCMS3	IL1R2	target	IL1R2	True
iCMS3	IMPA2	target	IMPA2	True
iCMS3	IMPACT	target	IMPACT	True
iCMS3	IQGAP2	target	IQGAP2	True
iCMS3	ITLN1	target	ITLN1	True
iCMS3	KCNK1	target	KCNK1	True
iCMS3	KCTD12	target	KCTD12	True
iCMS3	KDELR3	target	KDELR3	True
iCMS3	KIAA1324	target	KIAA1324	True
iCMS3	KIAA1468	target		False
iCMS3	KIAA1522	target	KIAA1522	True
iCMS3	KLF2	target	KLF2	True
iCMS3	KLF9	target	KLF9	True
iCMS3	KLK1	target	KLK1	True
iCMS3	KLK11	target	KLK11	True
iCMS3	KRT7	target	KRT7	True
iCMS3	L1TD1	target	L1TD1	True
iCMS3	LAMA3	target	LAMA3	True
iCMS3	LCN15	target	LCN15	True
iCMS3	LGALS2	target	LGALS2	True
iCMS3	LGR4	target	LGR4	True
iCMS3	LIMA1	target	LIMA1	True
iCMS3	LINC00467	target	LINC00467	True
iCMS3	LIPG	target	LIPG	True
iCMS3	LMAN1	target	LMAN1	True
iCMS3	LMF2	target	LMF2	True
iCMS3	LMNA	target	LMNA	True
iCMS3	LMO4	target	LMO4	True
iCMS3	LPCAT4	target	LPCAT4	True
iCMS3	LPIN1	target	LPIN1	True
iCMS3	LRP10	target	LRP10	True
iCMS3	LRRC26	target	LRRC26	True
iCMS3	LXN	target	LXN	True
iCMS3	LYZ	target	LYZ	True
iCMS3	MAPRE2	target	MAPRE2	True
iCMS3	MATN2	target	MATN2	True
iCMS3	MBP	target	MBP	True
iCMS3	MCU	target	MCU	True
iCMS3	ME1	target	ME1	True
iCMS3	MFHAS1	target	MFHAS1	True
iCMS3	MIA2	target	MIA2	True
iCMS3	MIA3	target	MIA3	True
iCMS3	MLPH	target	MLPH	True
iCMS3	MMP28	target	MMP28	True
iCMS3	MMP7	target	MMP7	True
iCMS3	MPDU1	target	MPDU1	True
iCMS3	MPPE1	target	MPPE1	True
iCMS3	MS4A12	target	MS4A12	True
iCMS3	MUC1	target	MUC1	True
iCMS3	MUC17	target	MUC17	True
iCMS3	MUC2	target	MUC2	True
iCMS3	MUC4	target	MUC4	True
iCMS3	MUC5AC	target	MUC5AC	True
iCMS3	MUC5B	target	MUC5B	True
iCMS3	MYO5C	target	MYO5C	True
iCMS3	MYOF	target	MYOF	True
iCMS3	NAA38	target	NAA38	True
iCMS3	NBL1	target	NBL1	True
iCMS3	NDRG2	target	NDRG2	True
iCMS3	NDUFA4L2	target	NDUFA4L2	True
iCMS3	NDUFV2	target	NDUFV2	True
iCMS3	NEO1	target	NEO1	True
iCMS3	NFIC	target	NFIC	True
iCMS3	NPDC1	target	NPDC1	True
iCMS3	NPTN	target	NPTN	True
iCMS3	NR3C2	target	NR3C2	True
iCMS3	NR4A2	target	NR4A2	True
iCMS3	NUCB2	target	NUCB2	True
iCMS3	NUDT8	target	NUDT8	True
iCMS3	NUMB	target	NUMB	True
iCMS3	P2RX4	target	P2RX4	True
iCMS3	PADI2	target	PADI2	True
iCMS3	PALLD	target	PALLD	True
iCMS3	PAPSS2	target	PAPSS2	True
iCMS3	PCM1	target	PCM1	True
iCMS3	PDE4DIP	target	PDE4DIP	True
iCMS3	PDLIM5	target	PDLIM5	True
iCMS3	PFKP	target	PFKP	True
iCMS3	PIAS2	target	PIAS2	True
iCMS3	PIGR	target	PIGR	True
iCMS3	PLA2G10	target	PLA2G10	True
iCMS3	PLA2G2A	target	PLA2G2A	True
iCMS3	PLAC8	target	PLAC8	True
iCMS3	PLLP	target	PLLP	True
iCMS3	PMP22	target	PMP22	True
iCMS3	POLD3	target	POLD3	True
iCMS3	PPP1R12B	target	PPP1R12B	True
iCMS3	PPP2CB	target	PPP2CB	True
iCMS3	PPP3CA	target	PPP3CA	True
iCMS3	PPP4R1	target	PPP4R1	True
iCMS3	PPP6R1	target	PPP6R1	True
iCMS3	PQLC1	target		False
iCMS3	PRSS2	target	PRSS2	True
iCMS3	PTAR1	target	PTAR1	True
iCMS3	PTGFRN	target	PTGFRN	True
iCMS3	PTPN18	target	PTPN18	True
iCMS3	PTPRF	target	PTPRF	True
iCMS3	PTPRH	target	PTPRH	True
iCMS3	PYY	target	PYY	True
iCMS3	QSOX1	target	QSOX1	True
iCMS3	RAMP1	target	RAMP1	True
iCMS3	RAP1GAP	target	RAP1GAP	True
iCMS3	RARRES1	target	RARRES1	True
iCMS3	RARRES3	target		False
iCMS3	RASD1	target	RASD1	True
iCMS3	RASSF6	target	RASSF6	True
iCMS3	RCOR1	target	RCOR1	True
iCMS3	REG1A	target	REG1A	True
iCMS3	REG1B	target	REG1B	True
iCMS3	REG3A	target	REG3A	True
iCMS3	REG4	target	REG4	True
iCMS3	REP15	target	REP15	True
iCMS3	RETNLB	target	RETNLB	True
iCMS3	RGS10	target	RGS10	True
iCMS3	RGS2	target	RGS2	True
iCMS3	RHBDL2	target	RHBDL2	True
iCMS3	RHOBTB3	target	RHOBTB3	True
iCMS3	RIOK3	target	RIOK3	True
iCMS3	RNASE1	target	RNASE1	True
iCMS3	RNF11	target	RNF11	True
iCMS3	RNF138	target	RNF138	True
iCMS3	RNF19B	target	RNF19B	True
iCMS3	S100A13	target	S100A13	True
iCMS3	S100A14	target	S100A14	True
iCMS3	S100P	target	S100P	True
iCMS3	SAMD5	target	SAMD5	True
iCMS3	SCNN1A	target	SCNN1A	True
iCMS3	SCP2	target	SCP2	True
iCMS3	SDR16C5	target	SDR16C5	True
iCMS3	SEC24D	target	SEC24D	True
iCMS3	SERPINA1	target	SERPINA1	True
iCMS3	SERPINB5	target	SERPINB5	True
iCMS3	SEZ6L2	target	SEZ6L2	True
iCMS3	SGMS2	target	SGMS2	True
iCMS3	SH3BGRL3	target	SH3BGRL3	True
iCMS3	SHROOM3	target	SHROOM3	True
iCMS3	SIPA1L2	target	SIPA1L2	True
iCMS3	SLC22A23	target	SLC22A23	True
iCMS3	SLC25A37	target	SLC25A37	True
iCMS3	SLC28A2	target	SLC28A2	True
iCMS3	SLC35A1	target	SLC35A1	True
iCMS3	SLC37A1	target	SLC37A1	True
iCMS3	SLC4A4	target	SLC4A4	True
iCMS3	SLC6A14	target	SLC6A14	True
iCMS3	SLC9A1	target	SLC9A1	True
iCMS3	SLC9A2	target	SLC9A2	True
iCMS3	SMAD2	target	SMAD2	True
iCMS3	SMAD4	target	SMAD4	True
iCMS3	SMCHD1	target	SMCHD1	True
iCMS3	SMCO4	target	SMCO4	True
iCMS3	SMIM14	target	SMIM14	True
iCMS3	SMIM31	target	SMIM31	True
iCMS3	SMPDL3A	target	SMPDL3A	True
iCMS3	SOCS6	target	SOCS6	True
iCMS3	SPDEF	target	SPDEF	True
iCMS3	SPINK4	target	SPINK4	True
iCMS3	SPON1	target	SPON1	True
iCMS3	SPRED1	target	SPRED1	True
iCMS3	ST3GAL4	target	ST3GAL4	True
iCMS3	ST6GALNAC1	target	ST6GALNAC1	True
iCMS3	STIM2	target	STIM2	True
iCMS3	STXBP5	target	STXBP5	True
iCMS3	STXBP6	target	STXBP6	True
iCMS3	SYT13	target	SYT13	True
iCMS3	SYTL1	target	SYTL1	True
iCMS3	TC2N	target	TC2N	True
iCMS3	TCEA3	target	TCEA3	True
iCMS3	TCIRG1	target	TCIRG1	True
iCMS3	TFF1	target	TFF1	True
iCMS3	TFF2	target	TFF2	True
iCMS3	TFF3	target	TFF3	True
iCMS3	TLN2	target	TLN2	True
iCMS3	TM4SF4	target	TM4SF4	True
iCMS3	TMED10	target	TMED10	True
iCMS3	TMED7	target	TMED7	True
iCMS3	TMEM173	target	TMEM173	True
iCMS3	TMEM263	target	TMEM263	True
iCMS3	TMEM30B	target	TMEM30B	True
iCMS3	TMEM92	target	TMEM92	True
iCMS3	TNFRSF10B	target	TNFRSF10B	True
iCMS3	TNFRSF11A	target	TNFRSF11A	True
iCMS3	TNIK	target	TNIK	True
iCMS3	TOR4A	target	TOR4A	True
iCMS3	TP53I3	target	TP53I3	True
iCMS3	TPGS1	target	TPGS1	True
iCMS3	TPSG1	target	TPSG1	True
iCMS3	TRIM29	target	TRIM29	True
iCMS3	TRIP11	target	TRIP11	True
iCMS3	TSPAN1	target	TSPAN1	True
iCMS3	TSPAN13	target	TSPAN13	True
iCMS3	TSTA3	target	TSTA3	True
iCMS3	TUBB2A	target	TUBB2A	True
iCMS3	TVP23B	target	TVP23B	True
iCMS3	TYMP	target	TYMP	True
iCMS3	TYMS	target	TYMS	True
iCMS3	UGDH	target	UGDH	True
iCMS3	UGT2B17	target	UGT2B17	True
iCMS3	UGT8	target	UGT8	True
iCMS3	UNC13B	target	UNC13B	True
iCMS3	VAMP2	target	VAMP2	True
iCMS3	VAPA	target	VAPA	True
iCMS3	VILL	target	VILL	True
iCMS3	VSIG2	target	VSIG2	True
iCMS3	WARS	target	WARS	True
iCMS3	ZNF24	target	ZNF24	True
iCMS3	AC007610.2	control	AC007610.2	True
iCMS3	AC104435.2	control	AC104435.2	True
iCMS3	AC034213.1	control	AC034213.1	True
iCMS3	AC010894.2	control	AC010894.2	True
iCMS3	CYP26A1	control	CYP26A1	True
iCMS3	AC093849.3	control	AC093849.3	True
iCMS3	AC011303.1	control	AC011303.1	True
iCMS3	AC084809.2	control	AC084809.2	True
iCMS3	AC127537.1	control	AC127537.1	True
iCMS3	LINC01392	control	LINC01392	True
iCMS3	AC067930.2	control	AC067930.2	True
iCMS3	RASL10B	control	RASL10B	True
iCMS3	RFPL2	control	RFPL2	True
iCMS3	AC005224.2	control	AC005224.2	True
iCMS3	AP001020.3	control	AP001020.3	True
iCMS3	LINC01465	control	LINC01465	True
iCMS3	VWC2L	control	VWC2L	True
iCMS3	AL353804.1	control	AL353804.1	True
iCMS3	AC108063.1	control	AC108063.1	True
iCMS3	AL592114.3	control	AL592114.3	True
iCMS3	AC026367.2	control	AC026367.2	True
iCMS3	AC026689.1	control	AC026689.1	True
iCMS3	LINC01752	control	LINC01752	True
iCMS3	AC011468.5	control	AC011468.5	True
iCMS3	AL365214.2	control	AL365214.2	True
iCMS3	ADGRG3	control	ADGRG3	True
iCMS3	NEXMIF	control	NEXMIF	True
iCMS3	AC092422.1	control	AC092422.1	True
iCMS3	SCARF2	control	SCARF2	True
iCMS3	PCDHGB2	control	PCDHGB2	True
iCMS3	CYP4F26P	control	CYP4F26P	True
iCMS3	CU633906.2	control	CU633906.2	True
iCMS3	PABPC3	control	PABPC3	True
iCMS3	AL121759.1	control	AL121759.1	True
iCMS3	AL391988.1	control	AL391988.1	True
iCMS3	AC048344.4	control	AC048344.4	True
iCMS3	LINC02166	control	LINC02166	True
iCMS3	AP001453.2	control	AP001453.2	True
iCMS3	AC009171.2	control	AC009171.2	True
iCMS3	AC093512.1	control	AC093512.1	True
iCMS3	LY86	control	LY86	True
iCMS3	AL121790.2	control	AL121790.2	True
iCMS3	AC108749.1	control	AC108749.1	True
iCMS3	ANKRD20A4	control	ANKRD20A4	True
iCMS3	ALX4	control	ALX4	True
iCMS3	MIR3659HG	control	MIR3659HG	True
iCMS3	AC015631.1	control	AC015631.1	True
iCMS3	AC104655.1	control	AC104655.1	True
iCMS3	CSPG5	control	CSPG5	True
iCMS3	AL158071.5	control	AL158071.5	True
iCMS3	TMPRSS11D	control	TMPRSS11D	True
iCMS3	ZBED6	control	ZBED6	True
iCMS3	TNFRSF13C	control	TNFRSF13C	True
iCMS3	APOB	control	APOB	True
iCMS3	PLIN1	control	PLIN1	True
iCMS3	AL034422.1	control	AL034422.1	True
iCMS3	MLLT11	control	MLLT11	True
iCMS3	ABCB5	control	ABCB5	True
iCMS3	LINC01503	control	LINC01503	True
iCMS3	CCDC38	control	CCDC38	True
iCMS3	PPP2R2C	control	PPP2R2C	True
iCMS3	TENM4	control	TENM4	True
iCMS3	AC010595.1	control	AC010595.1	True
iCMS3	PRICKLE4	control	PRICKLE4	True
iCMS3	SV2A	control	SV2A	True
iCMS3	IMPG2	control	IMPG2	True
iCMS3	SYT12	control	SYT12	True
iCMS3	A4GALT	control	A4GALT	True
iCMS3	AC024575.1	control	AC024575.1	True
iCMS3	MAJIN	control	MAJIN	True
iCMS3	KIAA1614	control	KIAA1614	True
iCMS3	C16ORF71	control	C16orf71	True
iCMS3	AC010761.2	control	AC010761.2	True
iCMS3	AC011462.5	control	AC011462.5	True
iCMS3	AC011443.1	control	AC011443.1	True
iCMS3	AC116428.1	control	AC116428.1	True
iCMS3	PLA1A	control	PLA1A	True
iCMS3	PPY	control	PPY	True
iCMS3	SERPINA6	control	SERPINA6	True
iCMS3	AC026356.1	control	AC026356.1	True
iCMS3	LINC01645	control	LINC01645	True
iCMS3	C1ORF74	control	C1orf74	True
iCMS3	AC009884.1	control	AC009884.1	True
iCMS3	LINC01943	control	LINC01943	True
iCMS3	AC007494.2	control	AC007494.2	True
iCMS3	AL049869.2	control	AL049869.2	True
iCMS3	AJ011931.2	control	AJ011931.2	True
iCMS3	LINC00896	control	LINC00896	True
iCMS3	AL049840.3	control	AL049840.3	True
iCMS3	SCN11A	control	SCN11A	True
iCMS3	FYB2	control	FYB2	True
iCMS3	TMEM211	control	TMEM211	True
iCMS3	AL023584.2	control	AL023584.2	True
iCMS3	AC100793.3	control	AC100793.3	True
iCMS3	AF241728.2	control	AF241728.2	True
iCMS3	PRAME	control	PRAME	True
iCMS3	AL021578.1	control	AL021578.1	True
iCMS3	TIMD4	control	TIMD4	True
iCMS3	CR1L	control	CR1L	True
iCMS3	AC107980.1	control	AC107980.1	True
iCMS3	CCL24	control	CCL24	True
iCMS3	AC005532.1	control	AC005532.1	True
iCMS3	EVI2A	control	EVI2A	True
iCMS3	AC108863.2	control	AC108863.2	True
iCMS3	AC009996.1	control	AC009996.1	True
iCMS3	PANCR	control	PANCR	True
iCMS3	AL139095.4	control	AL139095.4	True
iCMS3	NPTN-IT1	control	NPTN-IT1	True
iCMS3	AC009137.1	control	AC009137.1	True
iCMS3	LINC01291	control	LINC01291	True
iCMS3	AL592156.2	control	AL592156.2	True
iCMS3	PI15	control	PI15	True
iCMS3	LINC00997	control	LINC00997	True
iCMS3	LINC02097	control	LINC02097	True
iCMS3	LINC02068	control	LINC02068	True
iCMS3	NODAL	control	NODAL	True
iCMS3	C1ORF147	control	C1orf147	True
iCMS3	AC023481.1	control	AC023481.1	True
iCMS3	FZD10	control	FZD10	True
iCMS3	FAM229A	control	FAM229A	True
iCMS3	SLC39A2	control	SLC39A2	True
iCMS3	CYP1B1-AS1	control	CYP1B1-AS1	True
iCMS3	C2CD4B	control	C2CD4B	True
iCMS3	ZNF517	control	ZNF517	True
iCMS3	LINC02328	control	LINC02328	True
iCMS3	NPIPB3	control	NPIPB3	True
iCMS3	C1QA	control	C1QA	True
iCMS3	AP005233.2	control	AP005233.2	True
iCMS3	SLCO6A1	control	SLCO6A1	True
iCMS3	AC007336.1	control	AC007336.1	True
iCMS3	LRRC17	control	LRRC17	True
iCMS3	AL157369.1	control	AL157369.1	True
iCMS3	AC006378.1	control	AC006378.1	True
iCMS3	TNXB	control	TNXB	True
iCMS3	LCA5L	control	LCA5L	True
iCMS3	GLDC	control	GLDC	True
iCMS3	SLC16A14	control	SLC16A14	True
iCMS3	GPC6	control	GPC6	True
iCMS3	HRCT1	control	HRCT1	True
iCMS3	ERCC6L	control	ERCC6L	True
iCMS3	AP006621.4	control	AP006621.4	True
iCMS3	FABP6	control	FABP6	True
iCMS3	IFIT1	control	IFIT1	True
iCMS3	DEC1	control	DEC1	True
iCMS3	ATG4A	control	ATG4A	True
iCMS3	MAP7D3	control	MAP7D3	True
iCMS3	DBNDD1	control	DBNDD1	True
iCMS3	BCO2	control	BCO2	True
iCMS3	AC110772.2	control	AC110772.2	True
iCMS3	ZFP1	control	ZFP1	True
iCMS3	MYH11	control	MYH11	True
iCMS3	AC100763.1	control	AC100763.1	True
iCMS3	TMPRSS3	control	TMPRSS3	True
iCMS3	CTXND1	control	CTXND1	True
iCMS3	MFAP3L	control	MFAP3L	True
iCMS3	BLACAT1	control	BLACAT1	True
iCMS3	CHRNA7	control	CHRNA7	True
iCMS3	SPATA12	control	SPATA12	True
iCMS3	CITED4	control	CITED4	True
iCMS3	CYTIP	control	CYTIP	True
iCMS3	ALDH1L2	control	ALDH1L2	True
iCMS3	AC098588.3	control	AC098588.3	True
iCMS3	ARHGAP25	control	ARHGAP25	True
iCMS3	SPDYE5	control	SPDYE5	True
iCMS3	DNAH11	control	DNAH11	True
iCMS3	TBCC	control	TBCC	True
iCMS3	AC108134.3	control	AC108134.3	True
iCMS3	C17ORF75	control	C17orf75	True
iCMS3	AC009505.1	control	AC009505.1	True
iCMS3	POU2F2	control	POU2F2	True
iCMS3	SNX15	control	SNX15	True
iCMS3	C7ORF26	control	C7orf26	True
iCMS3	NFKB2	control	NFKB2	True
iCMS3	ZBTB33	control	ZBTB33	True
iCMS3	POLR3D	control	POLR3D	True
iCMS3	ETV1	control	ETV1	True
iCMS3	PAIP2B	control	PAIP2B	True
iCMS3	PDZD11	control	PDZD11	True
iCMS3	ARMC6	control	ARMC6	True
iCMS3	HIST1H4E	control	HIST1H4E	True
iCMS3	NUDT15	control	NUDT15	True
iCMS3	PRKCA-AS1	control	PRKCA-AS1	True
iCMS3	CDKN2B-AS1	control	CDKN2B-AS1	True
iCMS3	ZNF428	control	ZNF428	True
iCMS3	C1ORF109	control	C1orf109	True
iCMS3	AP000331.1	control	AP000331.1	True
iCMS3	ATP13A2	control	ATP13A2	True
iCMS3	AC025171.1	control	AC025171.1	True
iCMS3	NUDT12	control	NUDT12	True
iCMS3	MAST3	control	MAST3	True
iCMS3	AC104389.5	control	AC104389.5	True
iCMS3	STEAP1	control	STEAP1	True
iCMS3	G6PC3	control	G6PC3	True
iCMS3	HS6ST1	control	HS6ST1	True
iCMS3	CHAMP1	control	CHAMP1	True
iCMS3	TSPAN17	control	TSPAN17	True
iCMS3	AC005726.1	control	AC005726.1	True
iCMS3	ZFHX2-AS1	control	ZFHX2-AS1	True
iCMS3	ZNF484	control	ZNF484	True
iCMS3	UHRF1	control	UHRF1	True
iCMS3	POLDIP2	control	POLDIP2	True
iCMS3	WDR19	control	WDR19	True
iCMS3	ZDHHC8	control	ZDHHC8	True
iCMS3	PIN1	control	PIN1	True
iCMS3	STOX1	control	STOX1	True
iCMS3	SLC9A3-AS1	control	SLC9A3-AS1	True
iCMS3	MRPL23	control	MRPL23	True
iCMS3	KRI1	control	KRI1	True
iCMS3	MRPL24	control	MRPL24	True
iCMS3	CCNDBP1	control	CCNDBP1	True
iCMS3	DPM2	control	DPM2	True
iCMS3	AL096854.1	control	AL096854.1	True
iCMS3	FAM98A	control	FAM98A	True
iCMS3	MCRS1	control	MCRS1	True
iCMS3	ALDH5A1	control	ALDH5A1	True
iCMS3	AC017074.1	control	AC017074.1	True
iCMS3	AC092910.3	control	AC092910.3	True
iCMS3	FAM32A	control	FAM32A	True
iCMS3	HEBP1	control	HEBP1	True
iCMS3	TP53I13	control	TP53I13	True
iCMS3	ZNF701	control	ZNF701	True
iCMS3	FZD3	control	FZD3	True
iCMS3	PDE10A	control	PDE10A	True
iCMS3	AL357873.1	control	AL357873.1	True
iCMS3	RAP2A	control	RAP2A	True
iCMS3	DLAT	control	DLAT	True
iCMS3	ERV3-1	control	ERV3-1	True
iCMS3	PAXIP1-AS1	control	PAXIP1-AS1	True
iCMS3	FAM111A	control	FAM111A	True
iCMS3	NAT9	control	NAT9	True
iCMS3	SMIM12	control	SMIM12	True
iCMS3	PPIE	control	PPIE	True
iCMS3	CCDC126	control	CCDC126	True
iCMS3	RHOQ	control	RHOQ	True
iCMS3	AC009226.1	control	AC009226.1	True
iCMS3	FANCM	control	FANCM	True
iCMS3	AC009554.1	control	AC009554.1	True
iCMS3	C1D	control	C1D	True
iCMS3	PCED1A	control	PCED1A	True
iCMS3	CAPG	control	CAPG	True
iCMS3	ALDH1A1	control	ALDH1A1	True
iCMS3	FBXO33	control	FBXO33	True
iCMS3	COQ4	control	COQ4	True
iCMS3	DDX55	control	DDX55	True
iCMS3	UBE2J1	control	UBE2J1	True
iCMS3	UFC1	control	UFC1	True
iCMS3	EIF3I	control	EIF3I	True
iCMS3	UTP18	control	UTP18	True
iCMS3	MCM8	control	MCM8	True
iCMS3	TRAF3IP1	control	TRAF3IP1	True
iCMS3	P3H2	control	P3H2	True
iCMS3	STK10	control	STK10	True
iCMS3	CEP44	control	CEP44	True
iCMS3	HOXA9	control	HOXA9	True
iCMS3	MTMR10	control	MTMR10	True
iCMS3	FHOD3	control	FHOD3	True
iCMS3	FAM118B	control	FAM118B	True
iCMS3	AL157786.1	control	AL157786.1	True
iCMS3	CDK11B	control	CDK11B	True
iCMS3	DPP9	control	DPP9	True
iCMS3	C5ORF66	control	C5orf66	True
iCMS3	HAUS6	control	HAUS6	True
iCMS3	FGFR2	control	FGFR2	True
iCMS3	HIF1A-AS3	control	HIF1A-AS3	True
iCMS3	LACTB2	control	LACTB2	True
iCMS3	RLIM	control	RLIM	True
iCMS3	DENND3	control	DENND3	True
iCMS3	NLN	control	NLN	True
iCMS3	ZNF100	control	ZNF100	True
iCMS3	HIVEP3	control	HIVEP3	True
iCMS3	ATG12	control	ATG12	True
iCMS3	RFX3-AS1	control	RFX3-AS1	True
iCMS3	HIP1R	control	HIP1R	True
iCMS3	PER2	control	PER2	True
iCMS3	DANCR	control	DANCR	True
iCMS3	CARS	control	CARS	True
iCMS3	OTULIN	control	OTULIN	True
iCMS3	SMIM7	control	SMIM7	True
iCMS3	SLC39A14	control	SLC39A14	True
iCMS3	PRMT2	control	PRMT2	True
iCMS3	RAB40C	control	RAB40C	True
iCMS3	FAM118A	control	FAM118A	True
iCMS3	DENND11	control	DENND11	True
iCMS3	JUNB	control	JUNB	True
iCMS3	CIAO1	control	CIAO1	True
iCMS3	PIP4K2A	control	PIP4K2A	True
iCMS3	IMPDH2	control	IMPDH2	True
iCMS3	AGO4	control	AGO4	True
iCMS3	SYAP1	control	SYAP1	True
iCMS3	DEPTOR	control	DEPTOR	True
iCMS3	SLC35B3	control	SLC35B3	True
iCMS3	RBM41	control	RBM41	True
iCMS3	KLHL28	control	KLHL28	True
iCMS3	PDSS1	control	PDSS1	True
iCMS3	AC060765.2	control	AC060765.2	True
iCMS3	HNF4A-AS1	control	HNF4A-AS1	True
iCMS3	SMIM22	control	SMIM22	True
iCMS3	LRP1	control	LRP1	True
iCMS3	SDHA	control	SDHA	True
iCMS3	PPM1L	control	PPM1L	True
iCMS3	CARNMT1	control	CARNMT1	True
iCMS3	AP1G1	control	AP1G1	True
iCMS3	NOS1AP	control	NOS1AP	True
iCMS3	CPT1A	control	CPT1A	True
iCMS3	RNF169	control	RNF169	True
iCMS3	COX6B1	control	COX6B1	True
iCMS3	NR2C2	control	NR2C2	True
iCMS3	BRI3	control	BRI3	True
iCMS3	NOP53	control	NOP53	True
iCMS3	SLC44A5	control	SLC44A5	True
iCMS3	DSC2	control	DSC2	True
iCMS3	LRMDA	control	LRMDA	True
iCMS3	CSNK1G3	control	CSNK1G3	True
iCMS3	B3GALNT2	control	B3GALNT2	True
iCMS3	SSBP3	control	SSBP3	True
iCMS3	TIAM2	control	TIAM2	True
iCMS3	MFSD6	control	MFSD6	True
iCMS3	SLC45A4	control	SLC45A4	True
iCMS3	TMEM178B	control	TMEM178B	True
iCMS3	OCIAD2	control	OCIAD2	True
iCMS3	RBM6	control	RBM6	True
iCMS3	WDR70	control	WDR70	True
iCMS3	OGT	control	OGT	True
iCMS3	TRAPPC9	control	TRAPPC9	True
iCMS3	ERBB3	control	ERBB3	True
iCMS3	STARD13	control	STARD13	True
iCMS3	KAT6A	control	KAT6A	True
iCMS3	FAM135A	control	FAM135A	True
iCMS3	FOCAD	control	FOCAD	True
iCMS3	GIGYF2	control	GIGYF2	True
iCMS3	ZBTB20	control	ZBTB20	True
iCMS3	SF3B1	control	SF3B1	True
iCMS3	HERC4	control	HERC4	True
iCMS3	ANKHD1	control	ANKHD1	True
iCMS3	TNRC18	control	TNRC18	True
iCMS3	TMCC1	control	TMCC1	True
iCMS3	PTGES3	control	PTGES3	True
iCMS3	SLCO3A1	control	SLCO3A1	True
iCMS3	CDYL	control	CDYL	True
iCMS3	CMSS1	control	CMSS1	True
E2F	AK2	target	AK2	True
E2F	ANP32E	target	ANP32E	True
E2F	ASF1A	target	ASF1A	True
E2F	ASF1B	target	ASF1B	True
E2F	ATAD2	target	ATAD2	True
E2F	AURKA	target	AURKA	True
E2F	AURKB	target	AURKB	True
E2F	BARD1	target	BARD1	True
E2F	BIRC5	target	BIRC5	True
E2F	BRCA1	target	BRCA1	True
E2F	BRCA2	target	BRCA2	True
E2F	BRMS1L	target	BRMS1L	True
E2F	BUB1B	target	BUB1B	True
E2F	CBX5	target	CBX5	True
E2F	CCNB2	target	CCNB2	True
E2F	CCNE1	target	CCNE1	True
E2F	CCP110	target	CCP110	True
E2F	CDC20	target	CDC20	True
E2F	CDC25A	target	CDC25A	True
E2F	CDC25B	target	CDC25B	True
E2F	CDCA3	target	CDCA3	True
E2F	CDCA8	target	CDCA8	True
E2F	CDK1	target	CDK1	True
E2F	CDK4	target	CDK4	True
E2F	CDKN1A	target	CDKN1A	True
E2F	CDKN1B	target	CDKN1B	True
E2F	CDKN2A	target	CDKN2A	True
E2F	CDKN2C	target	CDKN2C	True
E2F	CDKN3	target	CDKN3	True
E2F	CENPE	target	CENPE	True
E2F	CENPM	target	CENPM	True
E2F	CHEK1	target	CHEK1	True
E2F	CHEK2	target	CHEK2	True
E2F	CIT	target	CIT	True
E2F	CKS1B	target	CKS1B	True
E2F	CKS2	target	CKS2	True
E2F	CNOT9	target	CNOT9	True
E2F	CSE1L	target	CSE1L	True
E2F	CTCF	target	CTCF	True
E2F	CTPS1	target	CTPS1	True
E2F	DCK	target	DCK	True
E2F	DCLRE1B	target	DCLRE1B	True
E2F	DCTPP1	target	DCTPP1	True
E2F	DDX39A	target	DDX39A	True
E2F	DEK	target	DEK	True
E2F	DEPDC1	target	DEPDC1	True
E2F	DIAPH3	target	DIAPH3	True
E2F	DLGAP5	target	DLGAP5	True
E2F	DNMT1	target	DNMT1	True
E2F	DONSON	target	DONSON	True
E2F	DSCC1	target	DSCC1	True
E2F	DUT	target	DUT	True
E2F	E2F8	target	E2F8	True
E2F	EED	target	EED	True
E2F	EIF2S1	target	EIF2S1	True
E2F	ESPL1	target	ESPL1	True
E2F	EXOSC8	target	EXOSC8	True
E2F	EZH2	target	EZH2	True
E2F	GINS1	target	GINS1	True
E2F	GINS3	target	GINS3	True
E2F	GINS4	target	GINS4	True
E2F	GSPT1	target	GSPT1	True
E2F	H2AX	target		False
E2F	H2AZ1	target		False
E2F	HELLS	target	HELLS	True
E2F	HMGA1	target	HMGA1	True
E2F	HMGB2	target	HMGB2	True
E2F	HMGB3	target	HMGB3	True
E2F	HMMR	target	HMMR	True
E2F	HNRNPD	target	HNRNPD	True
E2F	HUS1	target	HUS1	True
E2F	ILF3	target	ILF3	True
E2F	ING3	target	ING3	True
E2F	IPO7	target	IPO7	True
E2F	JPT1	target	JPT1	True
E2F	KIF18B	target	KIF18B	True
E2F	KIF22	target	KIF22	True
E2F	KIF2C	target	KIF2C	True
E2F	KIF4A	target	KIF4A	True
E2F	KPNA2	target	KPNA2	True
E2F	LBR	target	LBR	True
E2F	LIG1	target	LIG1	True
E2F	LMNB1	target	LMNB1	True
E2F	LUC7L3	target	LUC7L3	True
E2F	LYAR	target	LYAR	True
E2F	MAD2L1	target	MAD2L1	True
E2F	MCM2	target	MCM2	True
E2F	MCM3	target	MCM3	True
E2F	MCM4	target	MCM4	True
E2F	MCM5	target	MCM5	True
E2F	MCM6	target	MCM6	True
E2F	MCM7	target	MCM7	True
E2F	MELK	target	MELK	True
E2F	MKI67	target	MKI67	True
E2F	MLH1	target	MLH1	True
E2F	MMS22L	target	MMS22L	True
E2F	MRE11	target	MRE11	True
E2F	MSH2	target	MSH2	True
E2F	MTHFD2	target	MTHFD2	True
E2F	MXD3	target	MXD3	True
E2F	MYBL2	target	MYBL2	True
E2F	MYC	target	MYC	True
E2F	NAA38	target	NAA38	True
E2F	NAP1L1	target	NAP1L1	True
E2F	NASP	target	NASP	True
E2F	NBN	target	NBN	True
E2F	NCAPD2	target	NCAPD2	True
E2F	NME1	target	NME1	True
E2F	NOLC1	target	NOLC1	True
E2F	NOP56	target	NOP56	True
E2F	NUDT21	target	NUDT21	True
E2F	NUP107	target	NUP107	True
E2F	NUP153	target	NUP153	True
E2F	NUP205	target	NUP205	True
E2F	ORC2	target	ORC2	True
E2F	ORC6	target	ORC6	True
E2F	PA2G4	target	PA2G4	True
E2F	PAICS	target	PAICS	True
E2F	PAN2	target	PAN2	True
E2F	PCNA	target	PCNA	True
E2F	PDS5B	target	PDS5B	True
E2F	PHF5A	target	PHF5A	True
E2F	PLK1	target	PLK1	True
E2F	PLK4	target	PLK4	True
E2F	PMS2	target	PMS2	True
E2F	PNN	target	PNN	True
E2F	POLA2	target	POLA2	True
E2F	POLD1	target	POLD1	True
E2F	POLD2	target	POLD2	True
E2F	POLD3	target	POLD3	True
E2F	POLE	target	POLE	True
E2F	POLE4	target	POLE4	True
E2F	POP7	target	POP7	True
E2F	PPM1D	target	PPM1D	True
E2F	PPP1R8	target	PPP1R8	True
E2F	PRDX4	target	PRDX4	True
E2F	PRIM2	target	PRIM2	True
E2F	PRKDC	target	PRKDC	True
E2F	PRPS1	target	PRPS1	True
E2F	PSIP1	target	PSIP1	True
E2F	PSMC3IP	target	PSMC3IP	True
E2F	PTTG1	target	PTTG1	True
E2F	RACGAP1	target	RACGAP1	True
E2F	RAD1	target	RAD1	True
E2F	RAD21	target	RAD21	True
E2F	RAD50	target	RAD50	True
E2F	RAD51AP1	target	RAD51AP1	True
E2F	RAD51C	target	RAD51C	True
E2F	RAN	target	RAN	True
E2F	RANBP1	target	RANBP1	True
E2F	RBBP7	target	RBBP7	True
E2F	RFC1	target	RFC1	True
E2F	RFC2	target	RFC2	True
E2F	RFC3	target	RFC3	True
E2F	RNASEH2A	target	RNASEH2A	True
E2F	RPA1	target	RPA1	True
E2F	RPA2	target	RPA2	True
E2F	RPA3	target	RPA3	True
E2F	RRM2	target	RRM2	True
E2F	SHMT1	target	SHMT1	True
E2F	SLBP	target	SLBP	True
E2F	SMC1A	target	SMC1A	True
E2F	SMC3	target	SMC3	True
E2F	SMC4	target	SMC4	True
E2F	SMC6	target	SMC6	True
E2F	SNRPB	target	SNRPB	True
E2F	SPAG5	target	SPAG5	True
E2F	SPC24	target	SPC24	True
E2F	SPC25	target	SPC25	True
E2F	SRSF1	target	SRSF1	True
E2F	SRSF2	target	SRSF2	True
E2F	SSRP1	target	SSRP1	True
E2F	STAG1	target	STAG1	True
E2F	STMN1	target	STMN1	True
E2F	SUV39H1	target	SUV39H1	True
E2F	SYNCRIP	target	SYNCRIP	True
E2F	TACC3	target	TACC3	True
E2F	TBRG4	target	TBRG4	True
E2F	TCF19	target	TCF19	True
E2F	TFRC	target	TFRC	True
E2F	TIMELESS	target	TIMELESS	True
E2F	TIPIN	target	TIPIN	True
E2F	TK1	target	TK1	True
E2F	TMPO	target	TMPO	True
E2F	TOP2A	target	TOP2A	True
E2F	TP53	target	TP53	True
E2F	TRA2B	target	TRA2B	True
E2F	TRIP13	target	TRIP13	True
E2F	TUBB	target	TUBB	True
E2F	TUBG1	target	TUBG1	True
E2F	UBE2S	target	UBE2S	True
E2F	UBE2T	target	UBE2T	True
E2F	UBR7	target	UBR7	True
E2F	UNG	target	UNG	True
E2F	USP1	target	USP1	True
E2F	WDR90	target	WDR90	True
E2F	WEE1	target	WEE1	True
E2F	XPO1	target	XPO1	True
E2F	XRCC6	target	XRCC6	True
E2F	ZW10	target	ZW10	True
E2F	AL031963.1	control	AL031963.1	True
E2F	AP005271.1	control	AP005271.1	True
E2F	AL359546.1	control	AL359546.1	True
E2F	RAPSN	control	RAPSN	True
E2F	AP000763.3	control	AP000763.3	True
E2F	AXL	control	AXL	True
E2F	RGS17	control	RGS17	True
E2F	UNC13C	control	UNC13C	True
E2F	AC087239.1	control	AC087239.1	True
E2F	ADHFE1	control	ADHFE1	True
E2F	AC005052.2	control	AC005052.2	True
E2F	AC008764.6	control	AC008764.6	True
E2F	AL022322.2	control	AL022322.2	True
E2F	Z93943.1	control	Z93943.1	True
E2F	AL162171.3	control	AL162171.3	True
E2F	AC010327.5	control	AC010327.5	True
E2F	TMEM253	control	TMEM253	True
E2F	LINC01841	control	LINC01841	True
E2F	AL121832.3	control	AL121832.3	True
E2F	CSTF3-DT	control	CSTF3-DT	True
E2F	SYCE2	control	SYCE2	True
E2F	BX284668.5	control	BX284668.5	True
E2F	AC016394.2	control	AC016394.2	True
E2F	AC118555.1	control	AC118555.1	True
E2F	AC007848.1	control	AC007848.1	True
E2F	AC145207.5	control	AC145207.5	True
E2F	AC055855.1	control	AC055855.1	True
E2F	FAM234B	control	FAM234B	True
E2F	PTOV1-AS1	control	PTOV1-AS1	True
E2F	IL20RB-AS1	control	IL20RB-AS1	True
E2F	AC025442.2	control	AC025442.2	True
E2F	GPR22	control	GPR22	True
E2F	BCAR4	control	BCAR4	True
E2F	LINC01828	control	LINC01828	True
E2F	AC009264.1	control	AC009264.1	True
E2F	SULT1A2	control	SULT1A2	True
E2F	HTR2C	control	HTR2C	True
E2F	LINC00926	control	LINC00926	True
E2F	AC073957.1	control	AC073957.1	True
E2F	PART1	control	PART1	True
E2F	AL513327.2	control	AL513327.2	True
E2F	AL161457.2	control	AL161457.2	True
E2F	AC007342.4	control	AC007342.4	True
E2F	PAN3-AS1	control	PAN3-AS1	True
E2F	ZBTB39	control	ZBTB39	True
E2F	EDRF1-AS1	control	EDRF1-AS1	True
E2F	MAPK15	control	MAPK15	True
E2F	LINC01579	control	LINC01579	True
E2F	LRP1B	control	LRP1B	True
E2F	MGAM	control	MGAM	True
E2F	AC011298.1	control	AC011298.1	True
E2F	NID1	control	NID1	True
E2F	AC008267.5	control	AC008267.5	True
E2F	DDX28	control	DDX28	True
E2F	MYCL	control	MYCL	True
E2F	ZNF174	control	ZNF174	True
E2F	INPP5J	control	INPP5J	True
E2F	UGT1A8	control	UGT1A8	True
E2F	AQP7	control	AQP7	True
E2F	ADGRF3	control	ADGRF3	True
E2F	AL133227.1	control	AL133227.1	True
E2F	AC005280.1	control	AC005280.1	True
E2F	TH2LCRR	control	TH2LCRR	True
E2F	TIMM22	control	TIMM22	True
E2F	LINC01500	control	LINC01500	True
E2F	PJVK	control	PJVK	True
E2F	AL355472.2	control	AL355472.2	True
E2F	SLIT2	control	SLIT2	True
E2F	LINC00858	control	LINC00858	True
E2F	AC018816.1	control	AC018816.1	True
E2F	HS3ST4	control	HS3ST4	True
E2F	LINC01597	control	LINC01597	True
E2F	AC010320.4	control	AC010320.4	True
E2F	IL1RAPL1	control	IL1RAPL1	True
E2F	AC023886.1	control	AC023886.1	True
E2F	PROM2	control	PROM2	True
E2F	AC005089.1	control	AC005089.1	True
E2F	POU5F1B	control	POU5F1B	True
E2F	SLC9B1	control	SLC9B1	True
E2F	FAM86C1	control	FAM86C1	True
E2F	HLA-DQB1	control	HLA-DQB1	True
E2F	AL391839.1	control	AL391839.1	True
E2F	TTTY10	control	TTTY10	True
E2F	CCNT2-AS1	control	CCNT2-AS1	True
E2F	GABARAPL1	control	GABARAPL1	True
E2F	C7ORF31	control	C7orf31	True
E2F	POMK	control	POMK	True
E2F	GRWD1	control	GRWD1	True
E2F	AC025283.2	control	AC025283.2	True
E2F	HCFC1R1	control	HCFC1R1	True
E2F	CTSO	control	CTSO	True
E2F	RPP25	control	RPP25	True
E2F	MKLN1-AS	control	MKLN1-AS	True
E2F	CHTF18	control	CHTF18	True
E2F	PDE7B	control	PDE7B	True
E2F	KIAA0513	control	KIAA0513	True
E2F	DEPDC4	control	DEPDC4	True
E2F	AL158801.3	control	AL158801.3	True
E2F	MINDY1	control	MINDY1	True
E2F	AL096803.2	control	AL096803.2	True
E2F	XYLT2	control	XYLT2	True
E2F	TM7SF2	control	TM7SF2	True
E2F	TRDMT1	control	TRDMT1	True
E2F	LINC01819	control	LINC01819	True
E2F	PACRG	control	PACRG	True
E2F	PTPRS	control	PTPRS	True
E2F	ZNF215	control	ZNF215	True
E2F	SH2B3	control	SH2B3	True
E2F	ZNF358	control	ZNF358	True
E2F	CD302	control	CD302	True
E2F	OPN3	control	OPN3	True
E2F	EIF2B2	control	EIF2B2	True
E2F	GEM	control	GEM	True
E2F	BIK	control	BIK	True
E2F	HAUS5	control	HAUS5	True
E2F	LINS1	control	LINS1	True
E2F	TBCCD1	control	TBCCD1	True
E2F	SKA3	control	SKA3	True
E2F	FO393401.1	control	FO393401.1	True
E2F	ABITRAM	control	ABITRAM	True
E2F	JRK	control	JRK	True
E2F	AL354696.2	control	AL354696.2	True
E2F	ARHGEF5	control	ARHGEF5	True
E2F	EDAR	control	EDAR	True
E2F	CLTCL1	control	CLTCL1	True
E2F	ISOC2	control	ISOC2	True
E2F	TTPA	control	TTPA	True
E2F	LINC00992	control	LINC00992	True
E2F	MARCH9	control	MARCH9	True
E2F	SLC27A5	control	SLC27A5	True
E2F	ZNF808	control	ZNF808	True
E2F	AP002026.1	control	AP002026.1	True
E2F	NR1H3	control	NR1H3	True
E2F	LIME1	control	LIME1	True
E2F	AC007319.1	control	AC007319.1	True
E2F	PPFIA3	control	PPFIA3	True
E2F	EDC3	control	EDC3	True
E2F	PCAT7	control	PCAT7	True
E2F	C12ORF49	control	C12orf49	True
E2F	ARSJ	control	ARSJ	True
E2F	SNAPC4	control	SNAPC4	True
E2F	COX17	control	COX17	True
E2F	OTUB1	control	OTUB1	True
E2F	LINC02100	control	LINC02100	True
E2F	ACOT9	control	ACOT9	True
E2F	FRG1	control	FRG1	True
E2F	NUSAP1	control	NUSAP1	True
E2F	CRY2	control	CRY2	True
E2F	NEK4	control	NEK4	True
E2F	ERI2	control	ERI2	True
E2F	EIF2B5	control	EIF2B5	True
E2F	BAG4	control	BAG4	True
E2F	IL1RAP	control	IL1RAP	True
E2F	SYCP2	control	SYCP2	True
E2F	NAGLU	control	NAGLU	True
E2F	DPF2	control	DPF2	True
E2F	C1ORF112	control	C1orf112	True
E2F	CAD	control	CAD	True
E2F	NUP43	control	NUP43	True
E2F	TMEM41A	control	TMEM41A	True
E2F	PTGR1	control	PTGR1	True
E2F	WWC3	control	WWC3	True
E2F	IQCK	control	IQCK	True
E2F	LINC02506	control	LINC02506	True
E2F	ADD3-AS1	control	ADD3-AS1	True
E2F	AC087854.1	control	AC087854.1	True
E2F	CMTR2	control	CMTR2	True
E2F	NCSTN	control	NCSTN	True
E2F	RNLS	control	RNLS	True
E2F	PSD4	control	PSD4	True
E2F	PKP3	control	PKP3	True
E2F	FAM83E	control	FAM83E	True
E2F	CFAP298	control	CFAP298	True
E2F	RASSF7	control	RASSF7	True
E2F	MRPS26	control	MRPS26	True
E2F	CFAP97	control	CFAP97	True
E2F	ICK	control	ICK	True
E2F	MAEA	control	MAEA	True
E2F	AP003086.1	control	AP003086.1	True
E2F	AC016821.1	control	AC016821.1	True
E2F	TMEM38B	control	TMEM38B	True
E2F	GOLGA2	control	GOLGA2	True
E2F	U91319.1	control	U91319.1	True
E2F	EDA	control	EDA	True
E2F	RDH13	control	RDH13	True
E2F	TESK2	control	TESK2	True
E2F	IFT80	control	IFT80	True
E2F	TBC1D30	control	TBC1D30	True
E2F	DTWD1	control	DTWD1	True
E2F	NUP133	control	NUP133	True
E2F	AOC1	control	AOC1	True
E2F	PPP2R3C	control	PPP2R3C	True
E2F	FKBP14	control	FKBP14	True
E2F	TTYH3	control	TTYH3	True
E2F	TTC7A	control	TTC7A	True
E2F	MGAT4B	control	MGAT4B	True
E2F	HADHB	control	HADHB	True
E2F	NAT10	control	NAT10	True
E2F	HSBP1	control	HSBP1	True
E2F	TCTN3	control	TCTN3	True
E2F	XPOT	control	XPOT	True
E2F	ATXN2L	control	ATXN2L	True
E2F	LHFPL2	control	LHFPL2	True
E2F	KIAA0556	control	KIAA0556	True
E2F	DNMT3A	control	DNMT3A	True
E2F	REST	control	REST	True
E2F	DCTN4	control	DCTN4	True
E2F	AC009120.2	control	AC009120.2	True
E2F	ATRN	control	ATRN	True
E2F	MYDGF	control	MYDGF	True
E2F	C11ORF54	control	C11orf54	True
E2F	SELENOS	control	SELENOS	True
E2F	VRK1	control	VRK1	True
E2F	ATF7IP2	control	ATF7IP2	True
E2F	TLE1	control	TLE1	True
E2F	SLC39A4	control	SLC39A4	True
E2F	ZFYVE9	control	ZFYVE9	True
E2F	NDC1	control	NDC1	True
E2F	SNX7	control	SNX7	True
E2F	PCBD2	control	PCBD2	True
E2F	HOXB3	control	HOXB3	True
E2F	SUGT1	control	SUGT1	True
E2F	LAPTM4A	control	LAPTM4A	True
E2F	UFL1	control	UFL1	True
E2F	COBLL1	control	COBLL1	True
E2F	STX3	control	STX3	True
E2F	ENTPD6	control	ENTPD6	True
E2F	DAAM1	control	DAAM1	True
E2F	ATP6V0E1	control	ATP6V0E1	True
E2F	ELOB	control	ELOB	True
E2F	NAA25	control	NAA25	True
E2F	FAM83B	control	FAM83B	True
E2F	INTS8	control	INTS8	True
E2F	CFAP44	control	CFAP44	True
E2F	PIK3CA	control	PIK3CA	True
E2F	SP100	control	SP100	True
E2F	SLC44A3	control	SLC44A3	True
E2F	PSMB1	control	PSMB1	True
E2F	SRSF3	control	SRSF3	True
E2F	ZNF654	control	ZNF654	True
E2F	CDH17	control	CDH17	True
E2F	FAT1	control	FAT1	True
E2F	ZSWIM6	control	ZSWIM6	True
E2F	FAM133B	control	FAM133B	True
E2F	SRPK2	control	SRPK2	True
E2F	CALM1	control	CALM1	True
E2F	PPM1H	control	PPM1H	True
E2F	ARHGEF7	control	ARHGEF7	True
E2F	PHF21A	control	PHF21A	True
E2F	DLEU7	control	DLEU7	True
E2F	HECTD4	control	HECTD4	True
E2F	ADAM10	control	ADAM10	True
E2F	ATP1B3	control	ATP1B3	True
E2F	MROH1	control	MROH1	True
E2F	RERE	control	RERE	True
E2F	MACC1	control	MACC1	True
E2F	UQCRB	control	UQCRB	True
E2F	TBC1D22A	control	TBC1D22A	True
E2F	SRGAP1	control	SRGAP1	True
E2F	PPP6R3	control	PPP6R3	True
Hypoxia	ACKR3	target	ACKR3	True
Hypoxia	ADM	target	ADM	True
Hypoxia	ADORA2B	target	ADORA2B	True
Hypoxia	AK4	target	AK4	True
Hypoxia	AKAP12	target	AKAP12	True
Hypoxia	ALDOA	target	ALDOA	True
Hypoxia	ALDOB	target	ALDOB	True
Hypoxia	ALDOC	target	ALDOC	True
Hypoxia	AMPD3	target	AMPD3	True
Hypoxia	ANGPTL4	target	ANGPTL4	True
Hypoxia	ANKZF1	target	ANKZF1	True
Hypoxia	ANXA2	target	ANXA2	True
Hypoxia	ATF3	target	ATF3	True
Hypoxia	ATP7A	target	ATP7A	True
Hypoxia	B3GALT6	target	B3GALT6	True
Hypoxia	B4GALNT2	target	B4GALNT2	True
Hypoxia	BCAN	target	BCAN	True
Hypoxia	BCL2	target	BCL2	True
Hypoxia	BGN	target	BGN	True
Hypoxia	BHLHE40	target	BHLHE40	True
Hypoxia	BNIP3L	target	BNIP3L	True
Hypoxia	BRS3	target	BRS3	True
Hypoxia	BTG1	target	BTG1	True
Hypoxia	CA12	target	CA12	True
Hypoxia	CASP6	target	CASP6	True
Hypoxia	CAV1	target	CAV1	True
Hypoxia	CAVIN1	target	CAVIN1	True
Hypoxia	CAVIN3	target	CAVIN3	True
Hypoxia	CCN1	target	CCN1	True
Hypoxia	CCN2	target	CCN2	True
Hypoxia	CCN5	target	CCN5	True
Hypoxia	CCNG2	target	CCNG2	True
Hypoxia	CDKN1A	target	CDKN1A	True
Hypoxia	CDKN1B	target	CDKN1B	True
Hypoxia	CDKN1C	target	CDKN1C	True
Hypoxia	CHST2	target	CHST2	True
Hypoxia	CHST3	target	CHST3	True
Hypoxia	CITED2	target	CITED2	True
Hypoxia	COL5A1	target	COL5A1	True
Hypoxia	CP	target	CP	True
Hypoxia	CSRP2	target	CSRP2	True
Hypoxia	CXCR4	target	CXCR4	True
Hypoxia	DCN	target	DCN	True
Hypoxia	DDIT3	target	DDIT3	True
Hypoxia	DDIT4	target	DDIT4	True
Hypoxia	DPYSL4	target	DPYSL4	True
Hypoxia	DTNA	target	DTNA	True
Hypoxia	DUSP1	target	DUSP1	True
Hypoxia	EDN2	target	EDN2	True
Hypoxia	EFNA1	target	EFNA1	True
Hypoxia	EFNA3	target	EFNA3	True
Hypoxia	EGFR	target	EGFR	True
Hypoxia	ENO1	target	ENO1	True
Hypoxia	ENO2	target	ENO2	True
Hypoxia	ENO3	target	ENO3	True
Hypoxia	ERO1A	target	ERO1A	True
Hypoxia	ERRFI1	target	ERRFI1	True
Hypoxia	ETS1	target	ETS1	True
Hypoxia	EXT1	target	EXT1	True
Hypoxia	F3	target	F3	True
Hypoxia	FAM162A	target	FAM162A	True
Hypoxia	FBP1	target	FBP1	True
Hypoxia	FOS	target	FOS	True
Hypoxia	FOSL2	target	FOSL2	True
Hypoxia	FOXO3	target	FOXO3	True
Hypoxia	GAA	target	GAA	True
Hypoxia	GALK1	target	GALK1	True
Hypoxia	GAPDH	target	GAPDH	True
Hypoxia	GAPDHS	target	GAPDHS	True
Hypoxia	GBE1	target	GBE1	True
Hypoxia	GCK	target	GCK	True
Hypoxia	GCNT2	target	GCNT2	True
Hypoxia	GLRX	target	GLRX	True
Hypoxia	GPC1	target	GPC1	True
Hypoxia	GPC3	target	GPC3	True
Hypoxia	GPC4	target	GPC4	True
Hypoxia	GPI	target	GPI	True
Hypoxia	GRHPR	target	GRHPR	True
Hypoxia	GYS1	target	GYS1	True
Hypoxia	HAS1	target	HAS1	True
Hypoxia	HDLBP	target	HDLBP	True
Hypoxia	HEXA	target	HEXA	True
Hypoxia	HK1	target	HK1	True
Hypoxia	HK2	target	HK2	True
Hypoxia	HMOX1	target	HMOX1	True
Hypoxia	HOXB9	target	HOXB9	True
Hypoxia	HS3ST1	target	HS3ST1	True
Hypoxia	HSPA5	target	HSPA5	True
Hypoxia	IDS	target	IDS	True
Hypoxia	IER3	target	IER3	True
Hypoxia	IGFBP1	target	IGFBP1	True
Hypoxia	IGFBP3	target	IGFBP3	True
Hypoxia	IL6	target	IL6	True
Hypoxia	ILVBL	target	ILVBL	True
Hypoxia	INHA	target	INHA	True
Hypoxia	IRS2	target	IRS2	True
Hypoxia	ISG20	target	ISG20	True
Hypoxia	JMJD6	target	JMJD6	True
Hypoxia	JUN	target	JUN	True
Hypoxia	KDELR3	target	KDELR3	True
Hypoxia	KDM3A	target	KDM3A	True
Hypoxia	KIF5A	target	KIF5A	True
Hypoxia	KLF6	target	KLF6	True
Hypoxia	KLF7	target	KLF7	True
Hypoxia	KLHL24	target	KLHL24	True
Hypoxia	LALBA	target	LALBA	False
Hypoxia	LARGE1	target	LARGE1	True
Hypoxia	LDHA	target	LDHA	True
Hypoxia	LDHC	target	LDHC	True
Hypoxia	LOX	target	LOX	True
Hypoxia	LXN	target	LXN	True
Hypoxia	MAFF	target	MAFF	True
Hypoxia	MAP3K1	target	MAP3K1	True
Hypoxia	MIF	target	MIF	True
Hypoxia	MT1E	target	MT1E	True
Hypoxia	MT2A	target	MT2A	True
Hypoxia	MXI1	target	MXI1	True
Hypoxia	MYH9	target	MYH9	True
Hypoxia	NAGK	target	NAGK	True
Hypoxia	NCAN	target	NCAN	True
Hypoxia	NDRG1	target	NDRG1	True
Hypoxia	NDST1	target	NDST1	True
Hypoxia	NDST2	target	NDST2	True
Hypoxia	NEDD4L	target	NEDD4L	True
Hypoxia	NFIL3	target	NFIL3	True
Hypoxia	NOCT	target	NOCT	True
Hypoxia	NR3C1	target	NR3C1	True
Hypoxia	P4HA1	target	P4HA1	True
Hypoxia	P4HA2	target	P4HA2	True
Hypoxia	PAM	target	PAM	True
Hypoxia	PCK1	target	PCK1	True
Hypoxia	PDGFB	target	PDGFB	True
Hypoxia	PDK1	target	PDK1	True
Hypoxia	PDK3	target	PDK3	True
Hypoxia	PFKFB3	target	PFKFB3	True
Hypoxia	PFKL	target	PFKL	True
Hypoxia	PFKP	target	PFKP	True
Hypoxia	PGAM2	target	PGAM2	True
Hypoxia	PGF	target	PGF	True
Hypoxia	PGK1	target	PGK1	True
Hypoxia	PGM1	target	PGM1	True
Hypoxia	PGM2	target	PGM2	True
Hypoxia	PHKG1	target	PHKG1	True
Hypoxia	PIM1	target	PIM1	True
Hypoxia	PKLR	target	PKLR	True
Hypoxia	PKP1	target	PKP1	True
Hypoxia	PLAC8	target	PLAC8	True
Hypoxia	PLAUR	target	PLAUR	True
Hypoxia	PLIN2	target	PLIN2	True
Hypoxia	PNRC1	target	PNRC1	True
Hypoxia	PPARGC1A	target	PPARGC1A	True
Hypoxia	PPFIA4	target	PPFIA4	True
Hypoxia	PPP1R15A	target	PPP1R15A	True
Hypoxia	PPP1R3C	target	PPP1R3C	True
Hypoxia	PRDX5	target	PRDX5	True
Hypoxia	PRKCA	target	PRKCA	True
Hypoxia	PYGM	target	PYGM	True
Hypoxia	RBPJ	target	RBPJ	True
Hypoxia	RORA	target	RORA	True
Hypoxia	RRAGD	target	RRAGD	True
Hypoxia	S100A4	target	S100A4	True
Hypoxia	SAP30	target	SAP30	True
Hypoxia	SCARB1	target	SCARB1	True
Hypoxia	SDC2	target	SDC2	True
Hypoxia	SDC3	target	SDC3	True
Hypoxia	SDC4	target	SDC4	True
Hypoxia	SELENBP1	target	SELENBP1	True
Hypoxia	SERPINE1	target	SERPINE1	True
Hypoxia	SIAH2	target	SIAH2	True
Hypoxia	SLC25A1	target	SLC25A1	True
Hypoxia	SLC2A1	target	SLC2A1	True
Hypoxia	SLC2A3	target	SLC2A3	True
Hypoxia	SLC2A5	target	SLC2A5	True
Hypoxia	SLC37A4	target	SLC37A4	True
Hypoxia	SLC6A6	target	SLC6A6	True
Hypoxia	SRPX	target	SRPX	True
Hypoxia	STBD1	target	STBD1	True
Hypoxia	STC1	target	STC1	True
Hypoxia	STC2	target	STC2	True
Hypoxia	SULT2B1	target	SULT2B1	True
Hypoxia	TES	target	TES	True
Hypoxia	TGFB3	target	TGFB3	True
Hypoxia	TGFBI	target	TGFBI	True
Hypoxia	TGM2	target	TGM2	True
Hypoxia	TIPARP	target	TIPARP	True
Hypoxia	TKTL1	target	TKTL1	True
Hypoxia	TMEM45A	target	TMEM45A	True
Hypoxia	TNFAIP3	target	TNFAIP3	True
Hypoxia	TPBG	target	TPBG	True
Hypoxia	TPD52	target	TPD52	True
Hypoxia	TPI1	target	TPI1	True
Hypoxia	TPST2	target	TPST2	True
Hypoxia	UGP2	target	UGP2	True
Hypoxia	VEGFA	target	VEGFA	True
Hypoxia	VHL	target	VHL	True
Hypoxia	VLDLR	target	VLDLR	True
Hypoxia	WSB1	target	WSB1	True
Hypoxia	XPNPEP1	target	XPNPEP1	True
Hypoxia	ZFP36	target	ZFP36	True
Hypoxia	ZNF292	target	ZNF292	True
Hypoxia	AC010336.2	control	AC010336.2	True
Hypoxia	LINC00477	control	LINC00477	True
Hypoxia	ACTL7B	control	ACTL7B	True
Hypoxia	AC092819.1	control	AC092819.1	True
Hypoxia	AC084211.1	control	AC084211.1	True
Hypoxia	AC099811.3	control	AC099811.3	True
Hypoxia	AC011625.1	control	AC011625.1	True
Hypoxia	AP005264.4	control	AP005264.4	True
Hypoxia	AC006063.3	control	AC006063.3	True
Hypoxia	DBX2	control	DBX2	True
Hypoxia	AC012060.1	control	AC012060.1	True
Hypoxia	C19ORF84	control	C19orf84	True
Hypoxia	AC243829.4	control	AC243829.4	True
Hypoxia	AC009951.6	control	AC009951.6	True
Hypoxia	SOX21	control	SOX21	True
Hypoxia	AL137802.1	control	AL137802.1	True
Hypoxia	AL845552.2	control	AL845552.2	True
Hypoxia	TGFB3-AS1	control	TGFB3-AS1	True
Hypoxia	LINC01093	control	LINC01093	True
Hypoxia	BX255923.2	control	BX255923.2	True
Hypoxia	AC005518.1	control	AC005518.1	True
Hypoxia	P2RY4	control	P2RY4	True
Hypoxia	AC108136.1	control	AC108136.1	True
Hypoxia	AC107029.1	control	AC107029.1	True
Hypoxia	AC008632.1	control	AC008632.1	True
Hypoxia	AC079776.5	control	AC079776.5	True
Hypoxia	LINC00052	control	LINC00052	True
Hypoxia	AL772337.2	control	AL772337.2	True
Hypoxia	AC022239.2	control	AC022239.2	True
Hypoxia	PRKCB	control	PRKCB	True
Hypoxia	TRBV9	control	TRBV9	True
Hypoxia	AC079340.2	control	AC079340.2	True
Hypoxia	AP001804.1	control	AP001804.1	True
Hypoxia	AC016550.1	control	AC016550.1	True
Hypoxia	RXYLT1-AS1	control	RXYLT1-AS1	True
Hypoxia	AC022535.1	control	AC022535.1	True
Hypoxia	AC092580.4	control	AC092580.4	True
Hypoxia	AL138900.1	control	AL138900.1	True
Hypoxia	GRM7-AS2	control	GRM7-AS2	True
Hypoxia	AC113208.5	control	AC113208.5	True
Hypoxia	BEND4	control	BEND4	True
Hypoxia	AC092484.1	control	AC092484.1	True
Hypoxia	PSORS1C2	control	PSORS1C2	True
Hypoxia	AL139118.1	control	AL139118.1	True
Hypoxia	OR52E8	control	OR52E8	True
Hypoxia	AC111149.2	control	AC111149.2	True
Hypoxia	AC093890.2	control	AC093890.2	True
Hypoxia	TSPYL6	control	TSPYL6	True
Hypoxia	TMPRSS11B	control	TMPRSS11B	True
Hypoxia	AC020612.3	control	AC020612.3	True
Hypoxia	AC104012.1	control	AC104012.1	True
Hypoxia	TAF11L11	control	TAF11L11	True
Hypoxia	ZNF728	control	ZNF728	True
Hypoxia	AL133475.1	control	AL133475.1	True
Hypoxia	CCER1	control	CCER1	True
Hypoxia	IGKV1-27	control	IGKV1-27	True
Hypoxia	LRTM2	control	LRTM2	True
Hypoxia	AL590378.1	control	AL590378.1	True
Hypoxia	LNCARSR	control	LNCARSR	True
Hypoxia	OR5H1	control	OR5H1	True
Hypoxia	AL671883.3	control	AL671883.3	True
Hypoxia	INSYN1-AS1	control	INSYN1-AS1	True
Hypoxia	AL391645.1	control	AL391645.1	True
Hypoxia	RNASE11	control	RNASE11	True
Hypoxia	AP001042.2	control	AP001042.2	True
Hypoxia	NPY5R	control	NPY5R	True
Hypoxia	AC007250.1	control	AC007250.1	True
Hypoxia	GATA5	control	GATA5	True
Hypoxia	AP000265.1	control	AP000265.1	True
Hypoxia	LGALS7	control	LGALS7	True
Hypoxia	AC020909.2	control	AC020909.2	True
Hypoxia	AC068768.1	control	AC068768.1	True
Hypoxia	AC009229.1	control	AC009229.1	True
Hypoxia	AC022148.2	control	AC022148.2	True
Hypoxia	TMEM244	control	TMEM244	True
Hypoxia	CCL11	control	CCL11	True
Hypoxia	AC108451.1	control	AC108451.1	True
Hypoxia	AC011944.1	control	AC011944.1	True
Hypoxia	AC096861.2	control	AC096861.2	True
Hypoxia	AC148477.4	control	AC148477.4	True
Hypoxia	AC005391.1	control	AC005391.1	True
Hypoxia	LINC01460	control	LINC01460	True
Hypoxia	AC093677.3	control	AC093677.3	True
Hypoxia	AC078962.2	control	AC078962.2	True
Hypoxia	LINC01648	control	LINC01648	True
Hypoxia	LINC02002	control	LINC02002	True
Hypoxia	NIPAL4	control	NIPAL4	True
Hypoxia	AL390236.1	control	AL390236.1	True
Hypoxia	TBX5	control	TBX5	True
Hypoxia	HTR2A	control	HTR2A	True
Hypoxia	LINC00968	control	LINC00968	True
Hypoxia	AC010105.1	control	AC010105.1	True
Hypoxia	AL121890.2	control	AL121890.2	True
Hypoxia	AC022535.2	control	AC022535.2	True
Hypoxia	AC245187.1	control	AC245187.1	True
Hypoxia	LINC01280	control	LINC01280	True
Hypoxia	AP001010.1	control	AP001010.1	True
Hypoxia	AC008543.4	control	AC008543.4	True
Hypoxia	AP000679.1	control	AP000679.1	True
Hypoxia	LINC00906	control	LINC00906	True
Hypoxia	AC008780.2	control	AC008780.2	True
Hypoxia	KRT7-AS	control	KRT7-AS	True
Hypoxia	LINC00559	control	LINC00559	True
Hypoxia	AC005323.1	control	AC005323.1	True
Hypoxia	MMRN1	control	MMRN1	True
Hypoxia	MCEMP1	control	MCEMP1	True
Hypoxia	AC009974.1	control	AC009974.1	True
Hypoxia	AL049543.1	control	AL049543.1	True
Hypoxia	C1QTNF9B	control	C1QTNF9B	True
Hypoxia	PCDHA11	control	PCDHA11	True
Hypoxia	MRO	control	MRO	True
Hypoxia	AP001922.1	control	AP001922.1	True
Hypoxia	AC009656.1	control	AC009656.1	True
Hypoxia	AC091132.1	control	AC091132.1	True
Hypoxia	FCN3	control	FCN3	True
Hypoxia	MAB21L2	control	MAB21L2	True
Hypoxia	ASB12	control	ASB12	True
Hypoxia	AC002472.1	control	AC002472.1	True
Hypoxia	SNAP47-AS1	control	SNAP47-AS1	True
Hypoxia	TNFAIP8L2	control	TNFAIP8L2	True
Hypoxia	LINC00479	control	LINC00479	True
Hypoxia	LINC01790	control	LINC01790	True
Hypoxia	KCNK2	control	KCNK2	True
Hypoxia	MMP2	control	MMP2	True
Hypoxia	STARD13-IT1	control	STARD13-IT1	True
Hypoxia	AL133492.1	control	AL133492.1	True
Hypoxia	AL031432.3	control	AL031432.3	True
Hypoxia	TCTE1	control	TCTE1	True
Hypoxia	Z80897.1	control	Z80897.1	True
Hypoxia	CRX	control	CRX	True
Hypoxia	AC145423.2	control	AC145423.2	True
Hypoxia	PPP1R1A	control	PPP1R1A	True
Hypoxia	AC007279.2	control	AC007279.2	True
Hypoxia	LINC00850	control	LINC00850	True
Hypoxia	AC092053.3	control	AC092053.3	True
Hypoxia	RFX8	control	RFX8	True
Hypoxia	LINC00664	control	LINC00664	True
Hypoxia	LINC01983	control	LINC01983	True
Hypoxia	AC092546.1	control	AC092546.1	True
Hypoxia	LINC01591	control	LINC01591	True
Hypoxia	CDH15	control	CDH15	True
Hypoxia	LINC00629	control	LINC00629	True
Hypoxia	BLACE	control	BLACE	True
Hypoxia	CNTN4-AS1	control	CNTN4-AS1	True
Hypoxia	AP003096.1	control	AP003096.1	True
Hypoxia	LRTM1	control	LRTM1	True
Hypoxia	AC087564.1	control	AC087564.1	True
Hypoxia	AL445490.1	control	AL445490.1	True
Hypoxia	CIDEC	control	CIDEC	True
Hypoxia	AP002884.3	control	AP002884.3	True
Hypoxia	AC091114.1	control	AC091114.1	True
Hypoxia	AC136944.1	control	AC136944.1	True
Hypoxia	LINC02316	control	LINC02316	True
Hypoxia	AL122003.2	control	AL122003.2	True
Hypoxia	AC107958.3	control	AC107958.3	True
Hypoxia	AC098679.6	control	AC098679.6	True
Hypoxia	AL356756.1	control	AL356756.1	True
Hypoxia	AC079896.1	control	AC079896.1	True
Hypoxia	EMILIN3	control	EMILIN3	True
Hypoxia	AC023855.1	control	AC023855.1	True
Hypoxia	GJA3	control	GJA3	True
Hypoxia	AC010201.1	control	AC010201.1	True
Hypoxia	ERFL	control	ERFL	True
Hypoxia	LINC00645	control	LINC00645	True
Hypoxia	LINC02154	control	LINC02154	True
Hypoxia	AL133520.1	control	AL133520.1	True
Hypoxia	PCDHB5	control	PCDHB5	True
Hypoxia	AC211476.2	control	AC211476.2	True
Hypoxia	AC010136.1	control	AC010136.1	True
Hypoxia	AC087501.4	control	AC087501.4	True
Hypoxia	AC092375.2	control	AC092375.2	True
Hypoxia	ITGB1BP2	control	ITGB1BP2	True
Hypoxia	AC117473.1	control	AC117473.1	True
Hypoxia	AC092687.3	control	AC092687.3	True
Hypoxia	TRAF3IP3	control	TRAF3IP3	True
Hypoxia	AP001825.1	control	AP001825.1	True
Hypoxia	AL731571.1	control	AL731571.1	True
Hypoxia	AC116914.2	control	AC116914.2	True
Hypoxia	AC079610.1	control	AC079610.1	True
Hypoxia	AC008870.3	control	AC008870.3	True
Hypoxia	AL158825.2	control	AL158825.2	True
Hypoxia	MLIP	control	MLIP	True
Hypoxia	AC005759.1	control	AC005759.1	True
Hypoxia	AL136119.1	control	AL136119.1	True
Hypoxia	RHCG	control	RHCG	True
Hypoxia	AC106900.1	control	AC106900.1	True
Hypoxia	NLRC3	control	NLRC3	True
Hypoxia	C2ORF66	control	C2orf66	True
Hypoxia	AC009269.5	control	AC009269.5	True
Hypoxia	AL031770.1	control	AL031770.1	True
Hypoxia	AC009163.1	control	AC009163.1	True
Hypoxia	AL357153.1	control	AL357153.1	True
Hypoxia	BST1	control	BST1	True
Hypoxia	AC091588.1	control	AC091588.1	True
Hypoxia	TMEM86A	control	TMEM86A	True
Hypoxia	AC133485.7	control	AC133485.7	True
Hypoxia	ITPKB-AS1	control	ITPKB-AS1	True
Hypoxia	PTPRC	control	PTPRC	True
Hypoxia	AC074099.1	control	AC074099.1	True
Hypoxia	AC009097.2	control	AC009097.2	True
Hypoxia	ACRBP	control	ACRBP	True
Hypoxia	C8ORF34	control	C8orf34	True
Hypoxia	LYPD3	control	LYPD3	True
Hypoxia	GPSM3	control	GPSM3	True
Hypoxia	AC104699.1	control	AC104699.1	True
Hypoxia	NR2F2-AS1	control	NR2F2-AS1	True
Hypoxia	SLC16A11	control	SLC16A11	True
Hypoxia	ELFN1	control	ELFN1	True
Hypoxia	AC022272.1	control	AC022272.1	True
Hypoxia	SMKR1	control	SMKR1	True
Hypoxia	ADAM12	control	ADAM12	True
Hypoxia	XCL1	control	XCL1	True
Hypoxia	AC068193.1	control	AC068193.1	True
Hypoxia	GLRB	control	GLRB	True
Hypoxia	LINC01900	control	LINC01900	True
Hypoxia	CPNE9	control	CPNE9	True
Hypoxia	PARP15	control	PARP15	True
Hypoxia	AL355377.3	control	AL355377.3	True
Hypoxia	AC100861.2	control	AC100861.2	True
Hypoxia	CPT1C	control	CPT1C	True
Hypoxia	JAKMIP2	control	JAKMIP2	True
Hypoxia	AC133550.3	control	AC133550.3	True
Hypoxia	C6ORF163	control	C6orf163	True
Hypoxia	CDH4	control	CDH4	True
Hypoxia	AC100839.2	control	AC100839.2	True
Hypoxia	DUSP7	control	DUSP7	True
Hypoxia	CCDC84-DT	control	CCDC84-DT	True
Hypoxia	C1ORF220	control	C1orf220	True
Hypoxia	AC099535.2	control	AC099535.2	True
Hypoxia	LINC02367	control	LINC02367	True
Hypoxia	AC008915.2	control	AC008915.2	True
Hypoxia	ERICH2	control	ERICH2	True
Hypoxia	MYOSLID	control	MYOSLID	True
Hypoxia	AC092839.1	control	AC092839.1	True
Hypoxia	PIK3CD-AS2	control	PIK3CD-AS2	True
Hypoxia	SLIT3	control	SLIT3	True
Hypoxia	AC093523.1	control	AC093523.1	True
Hypoxia	PCDHGA5	control	PCDHGA5	True
Hypoxia	LINC01476	control	LINC01476	True
Hypoxia	AC004080.1	control	AC004080.1	True
Hypoxia	DRICH1	control	DRICH1	True
Hypoxia	AF131215.2	control	AF131215.2	True
Hypoxia	AC008083.2	control	AC008083.2	True
Hypoxia	AC008691.1	control	AC008691.1	True
Hypoxia	AC016065.1	control	AC016065.1	True
Hypoxia	AC104506.1	control	AC104506.1	True
Hypoxia	AC005253.1	control	AC005253.1	True
Hypoxia	AP001267.3	control	AP001267.3	True
Hypoxia	LINC01697	control	LINC01697	True
Hypoxia	AL356019.2	control	AL356019.2	True
Hypoxia	AC092139.1	control	AC092139.1	True
Hypoxia	SERPINB9P1	control	SERPINB9P1	True
Hypoxia	AC068189.2	control	AC068189.2	True
Hypoxia	ADCY10	control	ADCY10	True
Hypoxia	AC024075.1	control	AC024075.1	True
Hypoxia	PRAF2	control	PRAF2	True
Hypoxia	FAAP24	control	FAAP24	True
Hypoxia	RNF144B	control	RNF144B	True
Hypoxia	TPPP	control	TPPP	True
Hypoxia	APOA1-AS	control	APOA1-AS	True
Hypoxia	HOMER3	control	HOMER3	True
Hypoxia	RELL2	control	RELL2	True
Hypoxia	AL031668.1	control	AL031668.1	True
Hypoxia	LYSMD1	control	LYSMD1	True
Hypoxia	SFTA2	control	SFTA2	True
Hypoxia	FAM226B	control	FAM226B	True
Hypoxia	GPRIN2	control	GPRIN2	True
Hypoxia	LHX4	control	LHX4	True
Hypoxia	RHOXF1-AS1	control	RHOXF1-AS1	True
Hypoxia	DRC3	control	DRC3	True
Hypoxia	AL445231.1	control	AL445231.1	True
Hypoxia	AC062022.2	control	AC062022.2	True
Hypoxia	RGS16	control	RGS16	True
Hypoxia	RTL6	control	RTL6	True
Hypoxia	AL031073.2	control	AL031073.2	True
Hypoxia	AC104984.3	control	AC104984.3	True
Hypoxia	APBB1	control	APBB1	True
Hypoxia	ZNF233	control	ZNF233	True
Hypoxia	FIBCD1	control	FIBCD1	True
Hypoxia	ENKD1	control	ENKD1	True
Hypoxia	ORAI3	control	ORAI3	True
Hypoxia	AC010809.1	control	AC010809.1	True
Hypoxia	CD200R1L	control	CD200R1L	True
Hypoxia	VANGL2	control	VANGL2	True
Hypoxia	TSPAN7	control	TSPAN7	True
Hypoxia	SLC25A19	control	SLC25A19	True
Hypoxia	AP005131.1	control	AP005131.1	True
Hypoxia	AC036176.3	control	AC036176.3	True
Hypoxia	ANXA6	control	ANXA6	True
Hypoxia	ZNF90	control	ZNF90	True
Hypoxia	C1ORF210	control	C1orf210	True
Hypoxia	SP5	control	SP5	True
Hypoxia	PIGV	control	PIGV	True
Hypoxia	GRAMD1B	control	GRAMD1B	True
Hypoxia	HIST1H4H	control	HIST1H4H	True
Hypoxia	AC145146.1	control	AC145146.1	True
Hypoxia	AK7	control	AK7	True
Hypoxia	AC099489.1	control	AC099489.1	True
Hypoxia	G6PD	control	G6PD	True
Hypoxia	UAP1L1	control	UAP1L1	True
Hypoxia	WDR62	control	WDR62	True
Hypoxia	IKBIP	control	IKBIP	True
Hypoxia	AL034405.1	control	AL034405.1	True
Hypoxia	ATP6V1E2	control	ATP6V1E2	True
Hypoxia	GTPBP3	control	GTPBP3	True
Hypoxia	ZNF460	control	ZNF460	True
Hypoxia	NINJ1	control	NINJ1	True
Hypoxia	PWWP2B	control	PWWP2B	True
Hypoxia	PEX11A	control	PEX11A	True
Hypoxia	SLC15A1	control	SLC15A1	True
Hypoxia	AC010168.2	control	AC010168.2	True
Hypoxia	SCNM1	control	SCNM1	True
Hypoxia	LINC01237	control	LINC01237	True
Hypoxia	COMMD9	control	COMMD9	True
Hypoxia	ARHGDIB	control	ARHGDIB	True
Hypoxia	ISOC1	control	ISOC1	True
Hypoxia	AL158212.2	control	AL158212.2	True
Hypoxia	MDM1	control	MDM1	True
Hypoxia	LACC1	control	LACC1	True
Hypoxia	FAM200A	control	FAM200A	True
Hypoxia	SPINT1-AS1	control	SPINT1-AS1	True
Hypoxia	TUSC2	control	TUSC2	True
Hypoxia	COQ5	control	COQ5	True
Hypoxia	UTP3	control	UTP3	True
Hypoxia	SLC5A8	control	SLC5A8	True
Hypoxia	C9ORF40	control	C9orf40	True
Hypoxia	PARP16	control	PARP16	True
Hypoxia	ARV1	control	ARV1	True
Hypoxia	ZNF28	control	ZNF28	True
Hypoxia	FAM24B	control	FAM24B	True
Hypoxia	POLE3	control	POLE3	True
Hypoxia	RDH14	control	RDH14	True
Hypoxia	CCNJL	control	CCNJL	True
Hypoxia	RCN3	control	RCN3	True
Hypoxia	SLC35C1	control	SLC35C1	True
Hypoxia	MYLK	control	MYLK	True
Hypoxia	HPF1	control	HPF1	True
Hypoxia	MCUB	control	MCUB	True
Hypoxia	CCDC71L	control	CCDC71L	True
Hypoxia	PICK1	control	PICK1	True
Hypoxia	LPCAT1	control	LPCAT1	True
Hypoxia	SPATA33	control	SPATA33	True
Hypoxia	GPR153	control	GPR153	True
Hypoxia	KSR2	control	KSR2	True
Hypoxia	DMGDH	control	DMGDH	True
Hypoxia	CENPQ	control	CENPQ	True
Hypoxia	GLT8D1	control	GLT8D1	True
Hypoxia	SPAG7	control	SPAG7	True
Hypoxia	NREP	control	NREP	True
Hypoxia	EPHB1	control	EPHB1	True
Hypoxia	SUMO3	control	SUMO3	True
Hypoxia	MMP14	control	MMP14	True
Hypoxia	AL163541.1	control	AL163541.1	True
Hypoxia	RMI1	control	RMI1	True
Hypoxia	SLC22A15	control	SLC22A15	True
Hypoxia	RFXAP	control	RFXAP	True
Hypoxia	AL136456.1	control	AL136456.1	True
Hypoxia	AP000442.1	control	AP000442.1	True
Hypoxia	NUDT2	control	NUDT2	True
Hypoxia	MRPS12	control	MRPS12	True
Hypoxia	TXN2	control	TXN2	True
Hypoxia	ISG15	control	ISG15	True
Hypoxia	HPS5	control	HPS5	True
Hypoxia	DHRS2	control	DHRS2	True
Hypoxia	RMC1	control	RMC1	True
Hypoxia	MED24	control	MED24	True
Hypoxia	VIPR1	control	VIPR1	True
Hypoxia	STXBP2	control	STXBP2	True
Hypoxia	VAMP7	control	VAMP7	True
Hypoxia	TBX3	control	TBX3	True
Hypoxia	AC021231.1	control	AC021231.1	True
Hypoxia	DIPK2A	control	DIPK2A	True
Hypoxia	CSRNP3	control	CSRNP3	True
Hypoxia	ZNF276	control	ZNF276	True
Hypoxia	ESYT1	control	ESYT1	True
Hypoxia	ZNF330	control	ZNF330	True
Hypoxia	PARP11	control	PARP11	True
Hypoxia	RCBTB1	control	RCBTB1	True
Hypoxia	ZNF76	control	ZNF76	True
Hypoxia	HSD17B7	control	HSD17B7	True
Hypoxia	METTL5	control	METTL5	True
Hypoxia	ZNF141	control	ZNF141	True
Hypoxia	TCHP	control	TCHP	True
Hypoxia	FKBP4	control	FKBP4	True
Hypoxia	MIATNB	control	MIATNB	True
Hypoxia	IMPA1	control	IMPA1	True
Hypoxia	SPATA7	control	SPATA7	True
Hypoxia	SMC5-AS1	control	SMC5-AS1	True
Hypoxia	DDHD2	control	DDHD2	True
Hypoxia	KIFC2	control	KIFC2	True
Hypoxia	ROBO1	control	ROBO1	True
Hypoxia	PSMG2	control	PSMG2	True
Hypoxia	PAAF1	control	PAAF1	True
Hypoxia	TULP3	control	TULP3	True
Hypoxia	NARF	control	NARF	True
Hypoxia	POLR2K	control	POLR2K	True
Hypoxia	MTERF1	control	MTERF1	True
Hypoxia	AACS	control	AACS	True
Hypoxia	CRTAP	control	CRTAP	True
Hypoxia	RRP15	control	RRP15	True
Hypoxia	MRPL33	control	MRPL33	True
Hypoxia	RANBP10	control	RANBP10	True
Hypoxia	NME3	control	NME3	True
Hypoxia	MAP2K1	control	MAP2K1	True
Hypoxia	BSPRY	control	BSPRY	True
Hypoxia	POLD4	control	POLD4	True
Hypoxia	SLC25A40	control	SLC25A40	True
Hypoxia	NR4A1	control	NR4A1	True
Hypoxia	TMED5	control	TMED5	True
Hypoxia	GLRA2	control	GLRA2	True
Hypoxia	TAPT1	control	TAPT1	True
Hypoxia	ANKS6	control	ANKS6	True
Hypoxia	ST7	control	ST7	True
Hypoxia	STIP1	control	STIP1	True
Hypoxia	TFAM	control	TFAM	True
Hypoxia	AL356124.1	control	AL356124.1	True
Hypoxia	EIF4E2	control	EIF4E2	True
Hypoxia	RFX2	control	RFX2	True
Hypoxia	LNX1	control	LNX1	True
Hypoxia	YPEL2	control	YPEL2	True
Hypoxia	TMEM54	control	TMEM54	True
Hypoxia	TMEM161B	control	TMEM161B	True
Hypoxia	NT5DC3	control	NT5DC3	True
Hypoxia	UCHL5	control	UCHL5	True
Hypoxia	KANSL3	control	KANSL3	True
Hypoxia	JAG1	control	JAG1	True
Hypoxia	TTF2	control	TTF2	True
Hypoxia	NDFIP1	control	NDFIP1	True
Hypoxia	RAD54L2	control	RAD54L2	True
Hypoxia	PJA2	control	PJA2	True
Hypoxia	GPA33	control	GPA33	True
Hypoxia	PIGZ	control	PIGZ	True
Hypoxia	G2E3	control	G2E3	True
Hypoxia	NDUFV1	control	NDUFV1	True
Hypoxia	HADHA	control	HADHA	True
Hypoxia	CCM2	control	CCM2	True
Hypoxia	LRIG2	control	LRIG2	True
Hypoxia	NUMA1	control	NUMA1	True
Hypoxia	SRSF9	control	SRSF9	True
Hypoxia	TNIP1	control	TNIP1	True
Hypoxia	NVL	control	NVL	True
Hypoxia	GOLPH3L	control	GOLPH3L	True
Hypoxia	ZNF33B	control	ZNF33B	True
Hypoxia	ZNF462	control	ZNF462	True
Hypoxia	WDR27	control	WDR27	True
Hypoxia	CSNK1G1	control	CSNK1G1	True
Hypoxia	NIPSNAP2	control	NIPSNAP2	True
Hypoxia	TMEM135	control	TMEM135	True
Hypoxia	NAV2	control	NAV2	True
Hypoxia	TBC1D15	control	TBC1D15	True
Hypoxia	PIP5K1A	control	PIP5K1A	True
Hypoxia	SFMBT1	control	SFMBT1	True
Hypoxia	RABEP1	control	RABEP1	True
Hypoxia	EPSTI1	control	EPSTI1	True
Hypoxia	FXR1	control	FXR1	True
Hypoxia	ZNF608	control	ZNF608	True
Hypoxia	ABHD18	control	ABHD18	True
Hypoxia	LINC02315	control	LINC02315	True
Hypoxia	LRP5	control	LRP5	True
Hypoxia	NFKB1	control	NFKB1	True
Hypoxia	PSD3	control	PSD3	True
Hypoxia	VMP1	control	VMP1	True
Hypoxia	CDK6	control	CDK6	True
Hypoxia	C11ORF49	control	C11orf49	True
Hypoxia	PICALM	control	PICALM	True
Hypoxia	RNGTT	control	RNGTT	True
Hypoxia	NACA	control	NACA	True
Hypoxia	RAP1GDS1	control	RAP1GDS1	True
Hypoxia	SND1	control	SND1	True
Hypoxia	LINC01748	control	LINC01748	True
Hypoxia	TANC1	control	TANC1	True
Hypoxia	TTC3	control	TTC3	True
Hypoxia	LINC02163	control	LINC02163	True
Hypoxia	ANKS1A	control	ANKS1A	True
Hypoxia	PHC3	control	PHC3	True
Hypoxia	YBX1	control	YBX1	True
Hypoxia	IFT88	control	IFT88	True
Hypoxia	PHYKPL	control	PHYKPL	True
Hypoxia	THOC2	control	THOC2	True
Hypoxia	SRSF4	control	SRSF4	True
Epithelial	CDH1	target	CDH1	True
Epithelial	EPCAM	target	EPCAM	True
Epithelial	KRT18	target	KRT18	True
Epithelial	KRT19	target	KRT19	True
Epithelial	KRT8	target	KRT8	True
Epithelial	MUC1	target	MUC1	True
Epithelial	TACSTD2	target	TACSTD2	True
Epithelial	AC016831.1	control	AC016831.1	True
Epithelial	SAMMSON	control	SAMMSON	True
Epithelial	AL035446.2	control	AL035446.2	True
Epithelial	BATF2	control	BATF2	True
Epithelial	ARHGAP19	control	ARHGAP19	True
Epithelial	EAF1	control	EAF1	True
Epithelial	AC073569.2	control	AC073569.2	True
Epithelial	RWDD4	control	RWDD4	True
Epithelial	GEMIN7-AS1	control	GEMIN7-AS1	True
Epithelial	PDCL	control	PDCL	True
Epithelial	ALG1L9P	control	ALG1L9P	True
Epithelial	PDCL3	control	PDCL3	True
Epithelial	OLFM2	control	OLFM2	True
Epithelial	SLC19A1	control	SLC19A1	True
Epithelial	FAM219B	control	FAM219B	True
Epithelial	CNEP1R1	control	CNEP1R1	True
Epithelial	BTC	control	BTC	True
Epithelial	PPP2R3B	control	PPP2R3B	True
Epithelial	DPP3	control	DPP3	True
Epithelial	MRM2	control	MRM2	True
Epithelial	PRKRA	control	PRKRA	True
Epithelial	MIR222HG	control	MIR222HG	True
Epithelial	ECD	control	ECD	True
Epithelial	ANAPC11	control	ANAPC11	True
Epithelial	CHP1	control	CHP1	True
Epithelial	ZFX	control	ZFX	True
Epithelial	SQOR	control	SQOR	True
Epithelial	C1QBP	control	C1QBP	True
Epithelial	TRAPPC5	control	TRAPPC5	True
Epithelial	ALG14	control	ALG14	True
Epithelial	REPIN1	control	REPIN1	True
Epithelial	CPSF7	control	CPSF7	True
Epithelial	TRIM25	control	TRIM25	True
Epithelial	SDF4	control	SDF4	True
Epithelial	NUP210	control	NUP210	True
Epithelial	SH3BP4	control	SH3BP4	True
Epithelial	C4ORF3	control	C4orf3	True
Epithelial	GANC	control	GANC	True
Epithelial	PLS3	control	PLS3	True
Epithelial	ADCY9	control	ADCY9	True
Epithelial	CHCHD2	control	CHCHD2	True
Epithelial	R3HDM1	control	R3HDM1	True
Epithelial	FBXL20	control	FBXL20	True
Epithelial	ZNF638	control	ZNF638	True
Epithelial	MIR4713HG	control	MIR4713HG	True
Epithelial	SRSF10	control	SRSF10	True
Epithelial	AUTS2	control	AUTS2	True
Epithelial	PCNX1	control	PCNX1	True
Epithelial	CAMK1D	control	CAMK1D	True
Epithelial	ABL1	control	ABL1	True
Epithelial	CHCHD3	control	CHCHD3	True
Epithelial	SNTB1	control	SNTB1	True
Epithelial	EHBP1	control	EHBP1	True
Epithelial	DIP2B	control	DIP2B	True
Epithelial	REV3L	control	REV3L	True
Epithelial	SCMH1	control	SCMH1	True
Epithelial	GTF2I	control	GTF2I	True
Epithelial	MYO9A	control	MYO9A	True
Epithelial	ATR	control	ATR	True
Epithelial	UBE2H	control	UBE2H	True
Liver	ALB	target	ALB	True
Liver	APOA1	target	APOA1	True
Liver	APOA2	target	APOA2	True
Liver	ASGR1	target	ASGR1	True
Liver	CPS1	target	CPS1	True
Liver	TTR	target	TTR	True
Liver	ARHGAP33	control	ARHGAP33	True
Liver	LINC02777	control	LINC02777	True
Liver	AL110505.1	control	AL110505.1	True
Liver	SMO	control	SMO	True
Liver	AC084357.2	control	AC084357.2	True
Liver	AC092957.1	control	AC092957.1	True
Liver	BTBD16	control	BTBD16	True
Liver	AC073263.1	control	AC073263.1	True
Liver	AL078587.2	control	AL078587.2	True
Liver	ZBTB3	control	ZBTB3	True
Liver	NEURL3	control	NEURL3	True
Liver	HOXD13	control	HOXD13	True
Liver	TMEM178A	control	TMEM178A	True
Liver	AC004076.2	control	AC004076.2	True
Liver	AC007001.1	control	AC007001.1	True
Liver	KLHL11	control	KLHL11	True
Liver	GSDME	control	GSDME	True
Liver	FZD10-AS1	control	FZD10-AS1	True
Liver	TPH1	control	TPH1	True
Liver	CDH9	control	CDH9	True
Liver	AC097528.1	control	AC097528.1	True
Liver	SRGAP2C	control	SRGAP2C	True
Liver	MNX1-AS1	control	MNX1-AS1	True
Liver	CISH	control	CISH	True
Liver	GCC1	control	GCC1	True
Liver	AL133523.1	control	AL133523.1	True
Liver	AL391095.1	control	AL391095.1	True
Liver	AC091132.2	control	AC091132.2	True
Liver	REEP6	control	REEP6	True
Liver	AL109984.1	control	AL109984.1	True
Liver	ZNF48	control	ZNF48	True
Liver	AC015982.2	control	AC015982.2	True
Liver	LINC01320	control	LINC01320	True
Liver	NECTIN3-AS1	control	NECTIN3-AS1	True
Liver	LINC02237	control	LINC02237	True
Liver	CDYL2	control	CDYL2	True
Liver	AL109936.6	control	AL109936.6	True
Liver	AL138999.2	control	AL138999.2	True
Liver	PJA1	control	PJA1	True
Liver	TMC2	control	TMC2	True
Liver	AC090809.1	control	AC090809.1	True
Liver	HOTAIRM1	control	HOTAIRM1	True
Liver	TUT1	control	TUT1	True
Liver	PLEKHG4	control	PLEKHG4	True
Liver	AC092574.2	control	AC092574.2	True
Liver	ENTPD7	control	ENTPD7	True
Liver	AC136475.3	control	AC136475.3	True
Liver	PITPNM3	control	PITPNM3	True
Liver	AC010789.1	control	AC010789.1	True
Liver	PIAS4	control	PIAS4	True
Liver	CNP	control	CNP	True
Liver	TXNL4B	control	TXNL4B	True
Liver	STEAP3	control	STEAP3	True
Liver	AL139021.1	control	AL139021.1	True
Liver	PIP4K2C	control	PIP4K2C	True
Liver	SGF29	control	SGF29	True
Liver	AC007952.4	control	AC007952.4	True
Liver	CREB3	control	CREB3	True
Liver	AC087294.1	control	AC087294.1	True
Liver	STARD4	control	STARD4	True
