comparator_state	analysis_mode	n_ranked_genes	permutations	term	es	nes	nominal_p	fdr_q	fwer_p	tag_fraction	rank_fraction	leading_edge_genes	direction	family	role	citation
Colonocyte	targeted_predeclared	11642	2000	CANELLAS_CORE_HRC	0.8439543189209399	3.3605198438513213	0.0	0.0	0.0	82/95	11.29%	SLC2A1;TM4SF1;KRT80;GPRC5A;EMP1;PLAUR;MUC13;SDCBP2;TSPAN1;AHNAK;JUP;MXD1;TMBIM1;PLEC;TNFRSF21;EZR;CAMK2N1;COL17A1;ARFGAP3;LRP10;LAMC2;ADAM9;ITGB1;TINAGL1;CXCL16;KLK10;ITGB4;LAMB3;SNX9;PRSS22;RRAS;SEMA3B;DDR1;PCDH1;DUSP5;FLNB;SERINC2;UGCG;B4GALT1;CEACAM5;DSG2;C19ORF33;CD59;CYP3A5;SPINT1;SLC6A8;F11R;SLC44A4;MISP;RIOK3;TSPAN3;FA2H;EPS8L1;GJB3;CEACAM1;GBP3;PINK1;CGN;AHNAK2;CYSTM1;MYOF;STK24;LAMA3;PDZK1IP1;LIPH;CD55;PTPRH;CDCP1;ANXA11;MYH14;CRB3;RNF103;LMO7;EFNB1;TIMP2;PTK6;BAIAP2L1;TMPRSS4;CLIC3;HEBP2;B4GALNT3;RHOF	REC_up	published_signature	regenerative_interpretation	Ogden et al., Cell Genomics 2025; PMID 40393458
Colonocyte	targeted_predeclared	11642	2000	CANELLAS_HRC_KRT20_NEG	0.7307084480707532	3.2903155104290827	0.0	0.0	0.0	146/241	13.25%	ANKRD37;SLC2A1;ERRFI1;GPRC5A;ANXA2;EGLN3;PLAUR;B2M;SDCBP2;KLF6;NEDD9;ISG15;VEGFA;P4HA1;UBC;MXD1;TMBIM1;KRT19;QSOX1;EZR;EFNA1;PTTG1IP;EIF1;BTG1;P4HA2;TAP1;OAS1;PGK1;ISG20;CXCL16;APLP2;NBL1;RRAS;ECM1;BNIP3L;POLD4;ZBP1;GABARAP;DUSP5;PGAM1;PKM;SERINC2;SQSTM1;NPEPPS;CTSD;ALDOC;CDKN1A;IRF1;PSMB9;MPZL3;TNIP1;HILPDA;VMP1;NFKBIA;MSLN;SARAF;ALDOA;F11R;STAT1;BNIP3;LGALS3BP;TMEM59;APOL1;PFKP;MALL;TPI1;TAX1BP3;IRF7;IFI44;CHMP2A;CLIC5;METRNL;JUND;RHOA;UBE2L6;ATP6V1D;NDRG1;WBP2;EFHD2;CTSH;ARL6IP5;CYSTM1;SMIM14;LAMA3;ELF3;EGLN1;RHOG;TIPARP;TMOD3;GIPC1;CDK2AP2;JUNB;PSMB8;S100A14;YPEL5;CRB3;MGAT4B;R3HDM4;IDO1;ADIPOR1;ITGAV;SHISA5;LAPTM4A;INSIG2;ARPC2;ARPC5;BSG;CAPG;TMEM30A;TNFRSF10B;PRNP;TMEM54;S100A16;RTN3;CORO1B;YIPF3;EIF1B;PLEKHB2;PSME1;TNFAIP2;RNF186;PRDM1;ARF6;DAZAP2;PMAIP1;BAIAP2L1;GNAI2;ZBTB7A;CD74;FFAR4;CTTN;TMPRSS4;UPP1;TUBB4B;VAMP3;HIGD1A;CHP1;ERGIC3;AFF4;UBXN1;XPNPEP1;SMOX;DUSP1;MLPH;SCAMP2;MXI1	REC_up	published_signature	regenerative_interpretation	Ogden et al., Cell Genomics 2025; PMID 40393458
Colonocyte	targeted_predeclared	11642	2000	CANELLAS_HRC_KRT20_POS	0.6898401999364187	3.074953602915848	0.0	0.0	0.0	139/235	16.73%	ANKRD37;SLC2A1;ERRFI1;PMEPA1;GPRC5A;DDIT4;EMP1;SDCBP2;VEGFA;P4HA1;BHLHE40;AHNAK;MXD1;TMBIM1;TES;EFNA1;RHOC;PTTG1IP;EIF1;KLF4;BTG1;P4HA2;LAMC2;RAC1;ITGB1;LAMB3;APLP2;NBL1;TXNIP;ECM1;BNIP3L;POLD4;GABARAP;RABAC1;CTSD;CDKN1A;MPZL3;MFGE8;WEE1;HILPDA;DDIT3;CYP3A5;SPAG9;SARAF;ALDOA;CTSE;F11R;HBEGF;BNIP3;ARRDC3;RIOK3;MALL;SH3GLB1;METRNL;JUND;RHOA;CD164;CALR;KDELR3;CCNI;NDRG1;WBP2;CREB3;ZFAND5;LPIN2;AHNAK2;SMIM14;LAMA3;DUSP4;SYF2;ELF3;GDE1;TIPARP;SMAD7;HERPUD1;CDK2AP2;CYTH2;LGALS3;MAPK6;S100A14;YPEL5;PPP1R15A;FTL;CD24;MGAT4B;RNF103;CAST;R3HDM4;LMO7;TMEM30A;TNFRSF10B;PRNP;TMEM50A;FAM107B;S100A16;ZFAND2A;TGFA;EIF1B;ATP6V0C;PLEKHB2;RNF186;PRDM1;ARF6;DAZAP2;PMAIP1;BAIAP2L1;ATP6V0E1;SAT1;ACTR2;FBXO32;SWAP70;KIAA0232;MARCKSL1;AFF4;YPEL3;PDGFA;CREBRF;CTSB;ARL8B;SMOX;KLF3;BMP2;DUSP1;MXI1;IL22RA1;TP53INP1;CPE;SLCO2A1;CAPZB;PFDN5;SDF2;SC5D;GPA33;BASP1;GPI;ASAP2;TMEM9B;NUCB2;CIRBP	REC_up	published_signature	regenerative_interpretation	Ogden et al., Cell Genomics 2025; PMID 40393458
Colonocyte	targeted_predeclared	11642	2000	FROZEN_REC_TOP50	0.937063773274153	3.322119939519177	0.0	0.0	0.0	46/48	4.68%	ANKRD37;IL32;KRT80;EGLN3;PLAUR;MUC13;SDCBP2;ISG15;FHL2;HIF1A-AS3;TSPAN1;JUP;MXD1;CLDN3;GSN;SLC16A3;MX2;QSOX1;RHOC;APOL6;STBD1;KLF4;BTG1;P4HA2;ADM;COL17A1;OAS1;ARFGAP3;RSAD2;DUOXA2;BIRC3;DUOX2;LDHA;DDX60;DUSP5;CDHR5;GRHL1;PNCK;CYP3A5;KRT20;APOL1;FXYD3;ADGRF1;C4BPB;CEACAM1;NDRG1	REC_up	anchor	primary_anchor	Ogden et al., Cell Genomics 2025; PMID 40393458
Colonocyte	targeted_predeclared	11642	2000	HALLMARK_EPITHELIAL_MESENCHYMAL_TRANSITION	0.7029626382677767	2.7639927591991444	0.0	0.0	0.0	44/89	10.09%	IL32;PMEPA1;TNFRSF12A;PLOD2;PLAUR;TGFBI;VEGFA;DST;FLNA;QSOX1;SDC4;CXCL1;RHOB;LAMC2;ITGB1;TPM4;ECM1;IGFBP2;ENO2;SERPINE2;JUN;PPIB;CD59;CXCL8;SLC6A8;GADD45A;IL15;COL16A1;AREG;FSTL3;SERPINH1;LAMA3;TNFAIP3;DKK1;ITGAV;CALU;CAPG;MMP14;TIMP1;TNFRSF11B;LRP1;SAT1;CCN2;DPYSL3	REC_up	MSigDB_h.all	plasticity_context	Molecular Signatures Database
Colonocyte	targeted_predeclared	11642	2000	HALLMARK_GLYCOLYSIS	0.5354809527137782	2.268914799581141	0.0	0.0	0.0	48/154	9.83%	DDIT4;EGLN3;PLOD2;TGFBI;VEGFA;P4HA1;TFF3;CLDN3;SLC16A3;QSOX1;P4HA2;ENO1;PGK1;ISG20;ERO1A;LDHA;SOX9;ENO2;HSPA5;PAM;PGAM1;PKM;CHPF;RBCK1;B4GALT1;ALDOA;MIF;DSC2;PFKP;TPI1;STC2;HK2;KDELR3;AGRN;ZNF292;IER3;TPBG;ELF3;BIK;IL13RA1;EFNA3;TGFA;ME1;MET;GFPT1;B3GNT3;COPB2;TXN	REC_up	MSigDB_h.all	metabolic_cooption	Molecular Signatures Database
Colonocyte	targeted_predeclared	11642	2000	HALLMARK_HYPOXIA	0.6805169628254716	2.8724473692771553	0.0	0.0	0.0	78/145	13.46%	SLC2A1;ERRFI1;DDIT4;ANXA2;PLAUR;KLF6;TGFBI;VEGFA;P4HA1;BHLHE40;ATF3;TES;SDC4;EFNA1;STBD1;BTG1;P4HA2;ADM;KDM3A;ENO1;PGK1;ISG20;PLIN2;ERO1A;LDHA;BNIP3L;ENO2;HSPA5;FOS;PAM;ALDOC;CDKN1A;JUN;DDIT3;PDK1;ALDOA;MYH9;MIF;IDS;PIM1;KLF7;GAPDH;PFKP;WSB1;TPI1;PNRC1;STC2;FOSL2;HK2;KDELR3;NDRG1;CDKN1C;ZNF292;ZFP36;NFIL3;IER3;TPBG;GBE1;MAFF;TIPARP;TNFAIP3;PPP1R15A;EFNA3;S100A4;F3;PLAC8;PRKCA;CCN2;AKAP12;MT2A;TGM2;PDGFB;SLC25A1;SCARB1;XPNPEP1;DUSP1;MXI1;ADORA2B	REC_up	MSigDB_h.all	generic_stress	Molecular Signatures Database
Colonocyte	targeted_predeclared	11642	2000	HALLMARK_TNFA_NFKB_OGDEN_COPY	0.736081648877026	3.114069008759225	0.0	0.0	0.0	87/142	13.52%	PMEPA1;PLAUR;KLF6;VEGFA;BHLHE40;ATF3;MXD1;SDC4;EFNA1;CXCL1;EIF1;RHOB;KLF4;BTG1;TAP1;FOSL1;LAMB3;BIRC3;CXCL11;CCL20;PHLDA2;DUSP5;FOS;EDN1;SQSTM1;B4GALT1;CDKN1A;IRF1;TRIB1;CCND1;JUN;TNIP1;NFKBIA;MCL1;HBEGF;CEBPB;IER2;GADD45A;B4GALT5;PHLDA1;RELB;PNRC1;MAP2K3;AREG;RELA;FOSL2;F2RL1;TNFAIP8;MARCKS;ZFP36;NFIL3;IER3;IFIH1;DUSP4;MAFF;YRDC;TIPARP;TNFAIP3;JUNB;PPP1R15A;CXCL10;IFNGR2;CLCF1;IL23A;IFIT2;F3;DDX58;TNFAIP2;EGR1;FOSB;RNF19B;TUBB2A;LDLR;PDLIM5;KLF10;EHD1;SAT1;CXCL2;IL18;NR4A1;LITAF;BCL3;BMP2;DUSP1;TNIP2;SMAD3;RCAN1	REC_up	published_signature	regulatory_context	Ogden et al., Cell Genomics 2025; PMID 40393458
Colonocyte	targeted_predeclared	11642	2000	HALLMARK_UNFOLDED_PROTEIN_RESPONSE	0.576872227567769	2.2907284333276388	0.0	0.0	0.0	43/99	15.77%	DDIT4;VEGFA;ATF3;HYOU1;ERO1A;YWHAZ;IFIT1;HSPA5;SRPRA;DNAJB9;CEBPB;CEBPG;HSP90B1;ATF4;STC2;CALR;KDELR3;SLC7A5;PDIA6;EIF2AK3;XPOT;HERPUD1;EEF2;SSR1;LSM4;SERP1;POP4;XBP1;DNAJC3;TUBB2A;PSAT1;KHSRP;EIF4A1;SEC11A;MTHFD2;YIF1A;ATP6V0D1;EIF4A2;SPCS1;ERN1;CKS1B;SHC1;EIF4A3	REC_up	MSigDB_h.all	generic_stress	Molecular Signatures Database
Colonocyte	targeted_predeclared	11642	2000	NUSSE_REGENERATIVE	0.7225708838963578	2.6377862889662165	0.0	0.0	0.0	32/56	12.98%	ISG15;S100A6;SLC16A3;OAS3;TAP1;ADM;OAS1;DUOXA2;TRIB3;MX1;PHLDA2;SPATS2L;ZBP1;NPTX2;OASL;APOL1;SLC7A11;IRF7;IFI44;GBP2;AREG;GBP4;S100A14;SERPINB5;IDO1;STXBP1;CD74;RHOF;JDP2;PLK3;CAPN2;DUSP1	REC_up	published_signature	regenerative_interpretation	Ogden et al., Cell Genomics 2025; PMID 40393458
Colonocyte	targeted_predeclared	11642	2000	OGDEN_EPIHR	0.765365827990766	2.8713325673141985	0.0	0.0	0.0	41/68	10.93%	SLC2A1;KRT80;GPRC5A;MMP7;KRT19;TNFRSF21;CAMK2N1;COL17A1;LAMC2;KLK10;LAMB3;PRSS22;DDR1;SEZ6L2;S100A2;WFDC3;SEMA4B;SLC20A1;EPHA2;ANXA3;C19ORF33;LEMD1;MSLN;SPINT1;CTSE;MAPK3;TACSTD2;EPS8L1;SLC25A25;GJB3;LAMA3;PNPLA2;NGRN;SERPINB5;DUSP27;LMO7;RHOD;SCNN1A;PPL;C1ORF116;PSORS1C1	REC_up	published_signature	regenerative_interpretation	Ogden et al., Cell Genomics 2025; PMID 40393458
Colonocyte	targeted_predeclared	11642	2000	OGDEN_HYPOXIA_MP6	0.8600014677593406	2.9574864897516124	0.0	0.0	0.0	33/42	7.49%	ANKRD37;SLC2A1;ERRFI1;CA9;DDIT4;EGLN3;PLOD2;VEGFA;P4HA1;SLC16A3;C4ORF3;ADM;ENO1;SLC3A2;PGK1;ERO1A;LDHA;S100A10;BNIP3L;ENO2;HILPDA;DDIT3;DNAJB9;PDK1;ALDOA;BNIP3;PFKP;WSB1;HK2;NDRG1;GBE1;LGALS3;INSIG2	REC_up	published_signature	rival_program	Ogden et al., Cell Genomics 2025; PMID 40393458
Colonocyte	targeted_predeclared	11642	2000	OGDEN_STATE_COLONOCYTE_MARKERS	-0.8759558069994138	-3.159014883603805	0.0	0.0	0.0	24/33	6.45%	SHISA9;NXPE4;NXPE1;CFTR;PLCL1;SLC4A10;VAV3;PRKG1;CNTN4;KAZN;FOXP2;NOVA1;SLC26A3;FSIP1;NEGR1;ADAMTSL1;SLC26A2;PLA2R1;ST6GAL2;GRM8;ATP8A1;MYO16-AS1;PPARGC1A;SAMD3	REC_down	source_state_marker	rival_state	Ogden et al., Cell Genomics 2025; PMID 40393458
Colonocyte	targeted_predeclared	11642	2000	OGDEN_STATE_HYPOXIA_MARKERS	0.9074403387754009	2.965256885910208	0.0	0.0	0.0	27/33	4.68%	ANKRD37;SLC2A1;ERRFI1;LRP4;DDIT4;EGLN3;PLOD2;VEGFA;FHL2;P4HA1;BHLHE40;TFF3;EFNA1;CEMIP;SMIM2-AS1;KDM3A;PGK1;ERO1A;FAM13A;FRMD5;NEAT1;PDK1;FXYD3;WSB1;HKDC1;PTPRR;NDRG1	REC_up	source_state_marker	rival_state	Ogden et al., Cell Genomics 2025; PMID 40393458
Colonocyte	targeted_predeclared	11642	2000	OGDEN_STATE_IREC_MARKERS	0.8520342027864727	2.7280530701633445	0.0	0.0	0.0	25/32	8.91%	PMEPA1;ANXA2;EMP1;ISG15;S100A6;ATF3;IFI6;KRT19;EZR;ANXA1;LAMC2;MYO1E;FRMD5;IFI44L;RIOK3;HDAC9;LMNA;LAMA3;NCEH1;SERPINB5;RUNX1;EPHA4;LY6E;TNFRSF11B;FOSB	REC_up	source_state_marker	rival_state	Ogden et al., Cell Genomics 2025; PMID 40393458
Colonocyte	targeted_predeclared	11642	2000	OGDEN_STATE_REC_MARKERS	0.8689454858128209	2.836658962974132	0.0	0.0	0.0	26/33	5.57%	ANKRD37;SLC2A1;EGLN3;PLAUR;MUC13;SDCBP2;DST;FHL2;HIF1A-AS3;TSPAN1;MXD1;ATP1B1;COL17A1;LAMC2;ADAM9;ERO1A;DUOX2;FAM13A;CYP3A5;FER1L6;HDAC9;HKDC1;CEACAM1;PTPRR;NDRG1;CD55	REC_up	source_state_marker	state_identity	Ogden et al., Cell Genomics 2025; PMID 40393458
Colonocyte	targeted_predeclared	11642	2000	PUBLISHED_FETAL	0.5314656875252203	2.2869449875860948	0.0	0.0	0.0	55/171	10.60%	PMEPA1;EMP1;PLAUR;FOXQ1;S100A6;AHNAK;GSN;S100A11;ANXA1;GCNT3;FOSL1;LAMC2;TINAGL1;CXCL16;ITGB4;PRSS22;ECM1;PHLDA2;HSPB1;ANXA3;CCND1;MSLN;TACSTD2;SORL1;EPS8L1;GJB3;LMNA;TNFAIP8;KRT18;CTSH;SERPINH1;PPIC;IER3;LAMA3;PDZK1IP1;CD55;S100A14;ARL1;SERPINB5;CLCF1;CNN2;PLCD3;WWC2;TNFRSF10B;SLCO4A1;S100A16;S100A4;EPHA4;TIMP2;NFE2L3;PHLDA3;RHOD;CLIC3;PPL;ARL4C	REC_up	published_signature	regenerative_interpretation	Ogden et al., Cell Genomics 2025; PMID 40393458
Colonocyte	targeted_predeclared	11642	2000	PUBLISHED_PEMT	0.7543635150157338	2.6693813951369516	0.0	0.0	0.0	31/50	9.68%	IL32;TNFRSF12A;PLOD2;PLAUR;VEGFA;DST;QSOX1;SDC4;CXCL1;RHOB;LAMC2;ITGB1;TPM4;ECM1;IGFBP2;ENO2;JUN;PPIB;CD59;CXCL8;SLC6A8;GADD45A;IL15;AREG;LAMA3;DKK1;CALU;CAPG;TNFRSF11B;LRP1;SAT1	REC_up	published_signature	regenerative_interpretation	Ogden et al., Cell Genomics 2025; PMID 40393458
Colonocyte	targeted_predeclared	11642	2000	PUBLISHED_YAP	0.6561643744437475	2.4723532726354573	0.0	0.0	0.0	34/72	12.32%	TM4SF1;GPRC5A;EMP1;PLAUR;S100A6;AHNAK;S100A11;ANXA1;FOSL1;LAMC2;CXCL16;NBL1;EPHA2;ANXA3;MSLN;PHLDA1;SLC7A11;GJB3;AREG;MYOF;LAMA3;LGALS3;S100A14;SERPINB5;WWC2;S100A16;S100A4;F3;RHOD;CLIC3;RHOF;JDP2;CAPN2;SERPINB9	REC_up	published_signature	regenerative_interpretation	Ogden et al., Cell Genomics 2025; PMID 40393458
Colonocyte	targeted_predeclared	11642	2000	PAN_EPITHELIAL_7	0.9504941985388915	2.058468051091279	0.0	9.774109470026065e-05	0.0015	7/7	5.01%	MUC1;KRT19;KRT8;CDH1;EPCAM;TACSTD2;KRT18	REC_up	composition_control	composition_control	Operational composition surrogate; not a tumour-purity estimator
Colonocyte	targeted_predeclared	11642	2000	REACTOME_COLLAGEN_BIOSYNTHESIS_AND_MODIFYING_ENZYMES	0.6864655880236119	2.078077360905226	0.0	0.00010288536284237964	0.0015	8/24	5.06%	PLOD2;P4HA1;P4HA2;COL17A1;P4HB;PPIB;COL16A1;SERPINH1	REC_up	MSigDB_c2.cp.reactome	pengwinkler_axis	Molecular Signatures Database
Colonocyte	targeted_predeclared	11642	2000	PENGWINKLER_PALMITATE_UP_TOP100	0.4986925823733626	1.869774634074076	0.0	0.00040337594638202806	0.0065	17/67	7.64%	TGFBI;SLC16A3;RHOB;NEBL;ID1;PLIN2;LDHA;DSTN;HSPB1;PTPRB;MAL2;FOSL2;RCN1;MACC1;PGRMC1;HSP90AA1;WWC2	REC_up	PengWinkler_perturbation	pengwinkler_axis	Peng-Winkler et al., Nature 2026; DOI 10.1038/s41586-026-10686-2
Colonocyte	targeted_predeclared	11642	2000	GOBP_TISSUE_REGENERATION	0.4691216102068569	1.6020074521837695	0.013136288998357963	0.010988468525392939	0.1555	16/39	19.28%	ANXA1;IFRD1;DUSP10;CDKN1A;MDK;EPPK1;RUNX1;CD81;DAG1;AKIRIN1;PTPN12;YAP1;NACA;NINJ1;MCUB;PPARD	REC_up	MSigDB_c5.go.bp	regenerative_interpretation	Molecular Signatures Database
Colonocyte	targeted_predeclared	11642	2000	HALLMARK_G2M_CHECKPOINT	-0.3018420983089633	-1.4789173125701447	0.0018975332068311196	0.029090150250417363	0.271	65/170	25.72%	EGF;DMD;MNAT1;UCK2;ABL1;HMMR;ORC5;FANCC;CUL5;RASAL2;MYC;KIF22;SRSF10;SLC12A2;ORC6;FOXN3;PRIM2;PURA;CENPE;CUL4A;GSPT1;SMARCC1;LMNB1;KIF20B;KIF23;DBF4;MEIS2;SRSF1;RPA2;UBE2C;RBL1;LBR;TPX2;CDC20;CHAF1A;SS18;INCENP;MCM6;CHEK1;POLE;AURKA;PTTG1;TOP2A;CDC27;HIRA;CENPF;KNL1;WRN;DKC1;DTYMK;PDS5B;ATRX;KIF11;PRMT5;XPO1;TFDP1;RACGAP1;MCM5;BIRC5;MAD2L1;ILF3;E2F3;G3BP1;BUB1;MTF2	REC_down	MSigDB_h.all	proliferation	Molecular Signatures Database
Colonocyte	targeted_predeclared	11642	2000	OGDEN_STATE_UPR_MARKERS	-0.45132861513817313	-1.5949396559188458	0.012531328320802004	0.029737061769616022	0.1205	10/32	5.26%	SHISA9;PLCL1;ATP2C2;RUBCNL;IQCM;ST6GALNAC3;NOX1;PCK1;XACT;NPSR1	REC_down	source_state_marker	rival_state	Ogden et al., Cell Genomics 2025; PMID 40393458
Colonocyte	targeted_predeclared	11642	2000	HALLMARK_E2F_OGDEN_COPY	-0.30651420766066095	-1.4808110479135372	0.0	0.03599749582637729	0.269	65/171	26.77%	MMS22L;HMMR;RFC3;MRE11;MYC;KIF22;PRKDC;HELLS;ORC2;ORC6;PRIM2;CENPE;BUB1B;RAD50;NOP56;PPM1D;CHEK2;LUC7L3;RANBP1;MLH1;GSPT1;KIF18B;BRMS1L;LMNB1;PNN;CBX5;PAICS;MCM7;SRSF1;RPA2;SHMT1;ING3;LBR;NUP205;SMC6;CDC20;CCP110;MCM6;CHEK1;POLE;AURKA;PTTG1;TOP2A;PPP1R8;GINS4;NCAPD2;CSE1L;PDS5B;NUP107;XPO1;RACGAP1;UNG;CTPS1;EED;MCM5;BIRC5;MAD2L1;GINS1;ILF3;NBN;WDR90;ATAD2;TIPIN;AK2;MCM4	REC_down	published_signature	rival_program	Ogden et al., Cell Genomics 2025; PMID 40393458
Colonocyte	targeted_predeclared	11642	2000	HALLMARK_E2F_TARGETS	-0.30651420766066095	-1.4808110479135372	0.0	0.03599749582637729	0.269	65/171	26.77%	MMS22L;HMMR;RFC3;MRE11;MYC;KIF22;PRKDC;HELLS;ORC2;ORC6;PRIM2;CENPE;BUB1B;RAD50;NOP56;PPM1D;CHEK2;LUC7L3;RANBP1;MLH1;GSPT1;KIF18B;BRMS1L;LMNB1;PNN;CBX5;PAICS;MCM7;SRSF1;RPA2;SHMT1;ING3;LBR;NUP205;SMC6;CDC20;CCP110;MCM6;CHEK1;POLE;AURKA;PTTG1;TOP2A;PPP1R8;GINS4;NCAPD2;CSE1L;PDS5B;NUP107;XPO1;RACGAP1;UNG;CTPS1;EED;MCM5;BIRC5;MAD2L1;GINS1;ILF3;NBN;WDR90;ATAD2;TIPIN;AK2;MCM4	REC_down	MSigDB_h.all	proliferation	Molecular Signatures Database
Colonocyte	targeted_predeclared	11642	2000	GOBP_WOUND_HEALING_SPREADING_OF_EPIDERMAL_CELLS	0.4453975978712087	1.22117476839268	0.22631578947368422	0.19426042571676802	0.952	8/16	22.93%	ITGB1;HBEGF;ITGAV;AJUBA;ADAM17;LRG1;ITGB5;MSX2	REC_up	MSigDB_c5.go.bp	repair_interpretation	Molecular Signatures Database
Colonocyte	targeted_predeclared	11642	2000	HALLMARK_MYC_TARGETS_V1	0.2823356946790516	1.2236271504305238	0.09307065217391304	0.19978846371775016	0.95	49/180	21.65%	PGK1;IFRD1;LDHA;CANX;EIF2S2;EIF4G2;PCBP1;XPOT;HSP90AB1;PSMA7;SF3A1;PABPC1;PSMB2;CNBP;HDGF;PRDX4;AP3S1;SNRPG;DEK;SNRPB2;EIF4A1;PSMC4;PSMA4;EIF4H;PSMA2;PSMD3;PSMD8;SNRPD3;VDAC1;HDAC2;PSMB3;SET;NCBP2;RAN;NAP1L1;SLC25A3;YWHAE;EIF1AX;PPIA;MRPS18B;TCP1;USP1;VBP1;PSMA6;PSMC6;RACK1;EIF3D;YWHAQ;PSMD7	REC_up	MSigDB_h.all	metabolic_cooption	Molecular Signatures Database
Colonocyte	targeted_predeclared	11642	2000	GOBP_LIVER_REGENERATION	0.3643023112246177	1.0447225990533557	0.3891843971631206	0.45633362293657687	0.9995	8/19	27.01%	CCND1;CEBPB;SLC7A5;CLDN1;GUCD1;CSNK2A2;IHH;TGFB1	REC_up	MSigDB_c5.go.bp	regenerative_interpretation	Molecular Signatures Database
Colonocyte	targeted_predeclared	11642	2000	HALLMARK_FATTY_ACID_METABOLISM	0.2237271861592141	0.9295815818902476	0.6203246294989414	0.6838117356145158	1.0	36/125	24.30%	LDHA;S100A10;ENO2;ALDOA;MIF;YWHAH;UBE2L6;SERINC1;OSTC;HSP90AA1;RETSAT;HSPH1;ME1;PSME1;ERP29;ACADVL;GABARAPL1;GLUL;TP53INP2;IDH3G;IDI1;HSD17B10;ECI1;PCBD1;ECH1;FABP1;MGLL;ACAT2;HMGCS1;PDHB;UGDH;DHCR24;FASN;ACOX1;SDHA;CPOX	REC_up	MSigDB_h.all	metabolic_cooption	Molecular Signatures Database
Colonocyte	targeted_predeclared	11642	2000	HALLMARK_WNT_BETA_CATENIN_SIGNALING	0.2698731928969838	0.8721804087657382	0.6297169811320755	0.7818804903948257	1.0	9/30	20.07%	DKK1;CTNNB1;NCOR2;NCSTN;HDAC2;CSNK1E;HDAC11;PPARD;ADAM17	REC_up	MSigDB_h.all	metabolic_cooption	Molecular Signatures Database
Colonocyte	targeted_predeclared	11642	2000	OGDEN_STATE_TA1_MARKERS	0.2585120387272592	0.82023205936122	0.7344771241830066	0.8526746928137023	1.0	10/30	21.48%	MIF;AREG;FTL;UBA52;TXN;SLC25A6;NACA;ATP5F1E;RACK1;EEF1D	REC_up	source_state_marker	rival_state	Ogden et al., Cell Genomics 2025; PMID 40393458
Colonocyte	targeted_predeclared	11642	2000	GOBP_PROLINE_BIOSYNTHETIC_PROCESS	0.3628987220990202	0.7493762743232608	0.7821596244131456	0.8938314509122502	1.0	4/6	34.07%	PYCR2;PYCR1;OAT;ALDH18A1	REC_up	MSigDB_c5.go.bp	pengwinkler_axis	Molecular Signatures Database
Colonocyte	targeted_predeclared	11642	2000	GOBP_PROLINE_METABOLIC_PROCESS	0.3628987220990202	0.7493762743232608	0.7821596244131456	0.8938314509122502	1.0	4/6	34.07%	PYCR2;PYCR1;OAT;ALDH18A1	REC_up	MSigDB_c5.go.bp	pengwinkler_axis	Molecular Signatures Database
Goblet	targeted_predeclared	10141	2000	CANELLAS_CORE_HRC	0.8741877937122691	3.658204922633276	0.0	0.0	0.0	82/95	7.37%	COL17A1;ADAM9;SLC2A1;PLAUR;TSPAN1;BMP2;LAMB3;GPRC5A;MXD1;SLC6A8;SMAD3;LAMC2;SNX9;SEMA3B;JUP;KRT80;AHNAK;SDCBP2;UGCG;MYOF;LMO7;PDZK1IP1;KLK10;CD59;C19ORF33;FLNB;CD55;DUSP5;TINAGL1;SPINT1;TMBIM1;AHNAK2;CAMK2N1;TIMP2;ITGB1;CXCL16;RRAS;CLIC3;TM4SF1;CD68;CYP3A5;PPARD;PLEC;RNF103;SERINC2;ITGA2;CEACAM1;GBP3;USP53;TMPRSS2;ITGA3;ITGB4;CGN;GJB3;RIOK3;CDCP1;STK24;MYH14;TJP3;PTPRH;SLPI;EPS8L1;MUC13;DSG2;CEACAM5;TSPAN3;ARFGAP3;B4GALT1;TNFRSF21;PRSS22;DDR1;PCDH1;EZR;CDA;RHOF;MISP;LRP10;CDKN2B;EMP1;F11R;LAMA3;FA2H	REC_up	published_signature	regenerative_interpretation	Ogden et al., Cell Genomics 2025; PMID 40393458
Goblet	targeted_predeclared	10141	2000	CANELLAS_HRC_KRT20_NEG	0.6674023229405158	3.146238348504358	0.0	0.0	0.0	131/231	14.99%	ANKRD37;SLC2A1;PLAUR;P4HA1;ERRFI1;GPRC5A;MXD1;VEGFA;TNIP1;BNIP3L;KLF6;CTSD;SDCBP2;ECM1;EFNA1;PGK1;NPEPPS;MPZL3;MALL;BTG1;EGLN3;NDRG1;PTTG1IP;DUSP5;NFKBIA;OAS1;B2M;TMBIM1;APOL1;ISG20;RNF186;PRDM1;CXCL16;APLP2;KRT19;P4HA2;ZBP1;RRAS;PKM;ISG15;TMEM30A;UBC;SERINC2;EGLN1;CAPG;EIF1;ITGAV;PLEKHB2;CORO2A;IFI44;SH3KBP1;CLIC5;ANXA2;GPI;CDKN1A;MXI1;CPE;IRF1;ALDOA;MSLN;SQSTM1;CD82;TPI1;TNFAIP2;CCNG2;ATP6V1D;TMOD3;TTC9;GNA13;TIPARP;EZR;CDA;PMAIP1;BSG;NEDD9;TMEM59;ARL6IP5;LAPTM4A;ARPC5;TAX1BP3;F11R;HILPDA;STAT1;LAMA3;WBP2;GIPC1;PFKP;GPR39;TNFRSF10B;POLD4;INSIG2;ARPC2;TAP1;METRNL;NDFIP1;PGAM1;RHOA;IRF7;LGALS3BP;NBL1;ARPC1A;GNAI2;SARAF;CHP1;UBE2L6;ADIPOR1;TMEM54;BAIAP2L1;CTSH;ALDOC;ENDOD1;CYSTM1;CRB3;RTN3;GABARAP;PRNP;CHMP2A;S100A14;QSOX1;VAMP3;UPP1;ARF6;OSTF1;YPEL5;JUND;GLTP;DAZAP2;APOL2;CTTN;PSME1;PSMB9	REC_up	published_signature	regenerative_interpretation	Ogden et al., Cell Genomics 2025; PMID 40393458
Goblet	targeted_predeclared	10141	2000	CANELLAS_HRC_KRT20_POS	0.665279301115392	3.124906061568063	0.0	0.0	0.0	142/232	19.11%	ANKRD37;SLC2A1;P4HA1;BMP2;ERRFI1;LAMB3;GPRC5A;PMEPA1;MXD1;LAMC2;VEGFA;BNIP3L;DDIT4;CTSD;AHNAK;SDCBP2;ECM1;LMO7;EFNA1;TMEM45B;MPZL3;SAT1;MALL;BTG1;NDRG1;PTTG1IP;RHOC;TMBIM1;AHNAK2;RNF186;PRDM1;ITGB1;APLP2;P4HA2;TGFA;ZFAND5;TES;TMEM30A;CYP3A5;RNF103;DDIT3;CALR;MFGE8;LPIN2;EIF1;PLEKHB2;RAC1;RIOK3;TXNIP;GPI;CDKN1A;MXI1;CPE;KLK6;ALDOA;CREBRF;CD82;FBXO32;ARRDC3;SWAP70;CCNG2;CTSE;SH3GLB1;GNA13;TIPARP;SPAG9;CDA;PMAIP1;LGALS3;PFKFB3;SAMD8;CYTH2;EMP1;F11R;HILPDA;ATP6V0C;LAMA3;RAB11B;WBP2;ARL8B;TNFRSF10B;POLD4;TOB1;CCNI;METRNL;ACTR2;NR1D1;RHOA;IGFBP3;IGF2BP2;FTL;STX7;NBL1;ARPC1A;CREB3;SARAF;RABAC1;CD24;TRIP10;ATP6V0E1;BCL2L11;ABHD5;BAIAP2L1;SLC22A4;RAPH1;ENDOD1;CAST;CD164;CTSB;GABARAP;PRNP;S100A14;BHLHE40;PPP1R15A;PDGFA;ARF6;KIAA0232;OSTF1;YPEL5;JUND;GLTP;GADD45B;DAZAP2;KLF4;DUSP4;IL22RA1;PAK2;SAR1B;HERPUD1;MOSPD1;DHRS3;GDE1;YPEL3;SPNS2;C15ORF48;ADARB1;KLF3;EIF1B;ZFAND2A;ITPK1;ZMIZ1;UBL3	REC_up	published_signature	regenerative_interpretation	Ogden et al., Cell Genomics 2025; PMID 40393458
Goblet	targeted_predeclared	10141	2000	FROZEN_REC_TOP50	0.910088371841766	3.397444630147164	0.0	0.0	0.0	43/49	4.97%	COL17A1;ANKRD37;IL32;PLAUR;TSPAN1;DDX60;BIRC3;MXD1;MX2;DUOXA2;JUP;RSAD2;KRT80;SDCBP2;HIF1A-AS3;DUOX2;LDHA;BTG1;EGLN3;NDRG1;DUSP5;SLC16A3;OAS1;RHOC;APOL1;P4HA2;GRHL1;APOL6;C4BPB;ISG15;CYP3A5;CLDN3;ADGRF1;CEACAM1;CDHR5;PTPRH;STBD1;ABCG1;ADM;KRT20;MUC13;FXYD3;ARFGAP3	REC_up	anchor	primary_anchor	Ogden et al., Cell Genomics 2025; PMID 40393458
Goblet	targeted_predeclared	10141	2000	HALLMARK_E2F_OGDEN_COPY	-0.6267132397208364	-2.78693006994652	0.0	0.0	0.0	99/148	24.72%	CIT;BUB1B;KIF18B;CDC25B;CENPE;HELLS;RRM2;AURKB;MELK;MMS22L;KIF22;MSH2;RFC3;PAICS;ATAD2;TACC3;KIF4A;CBX5;MCM4;CHEK2;DNMT1;LMNB1;SMC4;MYBL2;CTPS1;IPO7;UBE2T;ORC6;TMPO;CDCA8;AURKA;CDK4;MCM3;EZH2;GINS1;RAD51AP1;GSPT1;STMN1;CDK1;MKI67;NASP;MRE11;PRKDC;NOLC1;SMC1A;TOP2A;SRSF1;CDC20;BIRC5;HMGB2;MCM6;CSE1L;MCM7;CKS2;NME1;MYC;WDR90;TRA2B;POLA2;ILF3;NUP107;DIAPH3;RAD50;POLD2;BRCA2;RBBP7;RAD1;CDKN3;SRSF2;LUC7L3;NOP56;PRIM2;PSIP1;NUP153;NUP205;HMGB3;LIG1;PA2G4;SMC6;BRCA1;CNOT9;WEE1;LBR;HUS1;RANBP1;BARD1;EED;NBN;ING3;KPNA2;MAD2L1;LYAR;TUBB;TP53;RPA1;ORC2;DUT;DCTPP1;EIF2S1	REC_down	published_signature	rival_program	Ogden et al., Cell Genomics 2025; PMID 40393458
Goblet	targeted_predeclared	10141	2000	HALLMARK_E2F_TARGETS	-0.6267132397208364	-2.78693006994652	0.0	0.0	0.0	99/148	24.72%	CIT;BUB1B;KIF18B;CDC25B;CENPE;HELLS;RRM2;AURKB;MELK;MMS22L;KIF22;MSH2;RFC3;PAICS;ATAD2;TACC3;KIF4A;CBX5;MCM4;CHEK2;DNMT1;LMNB1;SMC4;MYBL2;CTPS1;IPO7;UBE2T;ORC6;TMPO;CDCA8;AURKA;CDK4;MCM3;EZH2;GINS1;RAD51AP1;GSPT1;STMN1;CDK1;MKI67;NASP;MRE11;PRKDC;NOLC1;SMC1A;TOP2A;SRSF1;CDC20;BIRC5;HMGB2;MCM6;CSE1L;MCM7;CKS2;NME1;MYC;WDR90;TRA2B;POLA2;ILF3;NUP107;DIAPH3;RAD50;POLD2;BRCA2;RBBP7;RAD1;CDKN3;SRSF2;LUC7L3;NOP56;PRIM2;PSIP1;NUP153;NUP205;HMGB3;LIG1;PA2G4;SMC6;BRCA1;CNOT9;WEE1;LBR;HUS1;RANBP1;BARD1;EED;NBN;ING3;KPNA2;MAD2L1;LYAR;TUBB;TP53;RPA1;ORC2;DUT;DCTPP1;EIF2S1	REC_down	MSigDB_h.all	proliferation	Molecular Signatures Database
Goblet	targeted_predeclared	10141	2000	HALLMARK_EPITHELIAL_MESENCHYMAL_TRANSITION	0.5696440333605481	2.3439441138874906	0.0	0.0	0.0	33/86	9.05%	AREG;IL32;PLAUR;PMEPA1;SLC6A8;PLOD2;LAMC2;VEGFA;ECM1;CD59;SAT1;SDC4;ITGB1;TNFRSF12A;TIMP1;CXCL1;DST;ITGA2;RHOB;SERPINE2;CAPG;ITGAV;TGM2;CXCL8;ENO2;MYL9;LAMA3;FLNA;TNFAIP3;DKK1;LRP1;IGFBP3;GPC1	REC_up	MSigDB_h.all	plasticity_context	Molecular Signatures Database
Goblet	targeted_predeclared	10141	2000	HALLMARK_G2M_CHECKPOINT	-0.5802322456691744	-2.6081913554457707	0.0	0.0	0.0	88/158	21.51%	CDC25B;CENPE;MAP3K20;KIF15;KNL1;NSD2;AURKB;KIF22;SLC12A2;WRN;ABL1;UCK2;STIL;KIF23;POLQ;TACC3;EFNA5;KIF4A;LMNB1;SMC4;MYBL2;BUB3;ORC6;TMPO;SNRPD1;TTK;SMARCC1;FANCC;AURKA;DTYMK;CDK4;MCM3;EZH2;INCENP;NUSAP1;CCNF;NDC80;GSPT1;TPX2;STMN1;CDK1;MKI67;NASP;RBL1;ODC1;UBE2C;NOLC1;SMC1A;TOP2A;SMC2;ODF2;SRSF1;CDC20;BIRC5;RBM14;MCM6;CKS2;MYC;E2F3;SFPQ;TRA2B;POLA2;FOXN3;ILF3;BRCA2;DBF4;KIF20B;CDKN3;SRSF2;ORC5;PRIM2;PRC1;HMGB3;CENPF;SRSF10;CHAF1A;NCL;MTF2;LBR;HUS1;BUB1;BARD1;CUL5;HIRA;KPNA2;G3BP1;MAD2L1;NUP98	REC_down	MSigDB_h.all	proliferation	Molecular Signatures Database
Goblet	targeted_predeclared	10141	2000	HALLMARK_HYPOXIA	0.6470827562603806	2.8567654488256653	0.0	0.0	0.0	74/139	14.32%	ERO1A;SLC2A1;PLAUR;P4HA1;ERRFI1;VEGFA;BNIP3L;DDIT4;KLF6;KDM3A;EFNA1;PGK1;LDHA;PDK1;BTG1;CDKN1C;NDRG1;HK2;SDC4;ISG20;HSPA5;P4HA2;TES;DDIT3;PAM;VLDLR;PIM1;WSB1;ANXA2;STBD1;GPI;ADM;CDKN1A;MXI1;AMPD3;FOXO3;TGM2;ALDOA;TPI1;CCNG2;IDS;MAP3K1;TIPARP;ENO2;PFKFB3;NFIL3;ETS1;PFKP;ZNF292;TNFAIP3;AKAP12;GLRX;MIF;IGFBP3;GPC1;GBE1;MYH9;SCARB1;NOCT;GAPDH;ALDOC;PNRC1;UGP2;MAFF;BHLHE40;PPP1R15A;AK4;ENO1;KLHL24;KLF7;ANGPTL4;PDGFB;ATF3;FOSL2	REC_up	MSigDB_h.all	generic_stress	Molecular Signatures Database
Goblet	targeted_predeclared	10141	2000	HALLMARK_TNFA_NFKB_OGDEN_COPY	0.5821636025855257	2.573803075451665	0.0	0.0	0.0	71/136	16.87%	AREG;PLAUR;BMP2;BIRC3;LAMB3;PMEPA1;MXD1;SMAD3;EDN1;VEGFA;TNIP1;KLF6;EFNA1;CCL20;SAT1;BTG1;DUSP5;NFKBIA;F2RL1;SDC4;B4GALT5;CXCL1;NAMPT;IFNGR2;RHOB;EIF1;EHD1;CDKN1A;IRF1;DDX58;SQSTM1;IFIH1;JAG1;TNFAIP2;B4GALT1;TIPARP;PFKFB3;TUBB2A;NFIL3;TNFAIP3;CEBPB;NFKB2;FOSL1;MARCKS;TAP1;BIRC2;REL;MAP3K8;CCNL1;TRIP10;LITAF;PNRC1;TNFAIP8;MAFF;BHLHE40;PPP1R15A;ICAM1;BCL6;PDLIM5;ABCA1;ATF3;GADD45B;FOSL2;MAP2K3;KLF4;CEBPD;DUSP4;KLF2;RELB;IL6ST;RCAN1	REC_up	published_signature	regulatory_context	Ogden et al., Cell Genomics 2025; PMID 40393458
Goblet	targeted_predeclared	10141	2000	NUSSE_REGENERATIVE	0.6002857742060286	2.272957902950819	0.0	0.0	0.0	29/58	15.65%	AREG;DUOXA2;CAPN2;TRIB3;SLC16A3;OAS1;APOL1;SULF2;ZBP1;GBP2;ISG15;MX1;IFI44;SH3KBP1;OAS3;ADM;RHOF;CHAC1;TAP1;IRF7;OASL;SPATS2L;S100A14;ICAM1;LRG1;AK4;APOL2;IDO1;HLA-DQB1	REC_up	published_signature	regenerative_interpretation	Ogden et al., Cell Genomics 2025; PMID 40393458
Goblet	targeted_predeclared	10141	2000	OGDEN_EPIHR	0.6767659813986365	2.67748592163841	0.0	0.0	0.0	39/70	10.22%	COL17A1;SLC2A1;LAMB3;GPRC5A;FAM155A;LAMC2;KRT80;LEMD1;LMO7;PSORS1C1;KLK10;TACSTD2;C19ORF33;SPINT1;CAMK2N1;ANXA3;KRT19;EPHA2;SLC20A1;ITGA3;GJB3;PPL;SLPI;KLK6;SEZ6L2;EPS8L1;RHOD;MSLN;CTSE;TNFRSF21;PRSS22;DDR1;KCNN4;C1ORF116;LAMA3;MMP7;SEMA4B;SCEL;MAPK3	REC_up	published_signature	regenerative_interpretation	Ogden et al., Cell Genomics 2025; PMID 40393458
Goblet	targeted_predeclared	10141	2000	OGDEN_HYPOXIA_MP6	0.8413548871096288	3.038519102910461	0.0	0.0	0.0	36/45	9.66%	ERO1A;ANKRD37;SLC2A1;P4HA1;ERRFI1;PLOD2;VEGFA;BNIP3L;DDIT4;PGK1;CA9;LDHA;PDK1;EGLN3;NDRG1;HK2;SLC16A3;DDIT3;S100A10;WSB1;GPI;ADM;DNAJB9;ALDOA;SLC3A2;LGALS3;ENO2;PFKFB3;HILPDA;C4ORF3;PFKP;AKAP12;INSIG2;IGFBP3;GBE1;NDUFA4L2	REC_up	published_signature	rival_program	Ogden et al., Cell Genomics 2025; PMID 40393458
Goblet	targeted_predeclared	10141	2000	OGDEN_STATE_HYPOXIA_MARKERS	0.8584954169919697	2.8452096101325726	0.0	0.0	0.0	25/33	6.57%	ERO1A;FRMD5;PTPRR;ANKRD37;HKDC1;SLC2A1;P4HA1;ERRFI1;PLOD2;VEGFA;DDIT4;KDM3A;EFNA1;PGK1;PDK1;EGLN3;NDRG1;CKB;FABP1;WSB1;SMIM2-AS1;NEAT1;FXYD3;PLCG2;FAM13A	REC_up	source_state_marker	rival_state	Ogden et al., Cell Genomics 2025; PMID 40393458
Goblet	targeted_predeclared	10141	2000	OGDEN_STATE_IREC_MARKERS	0.6537928541011773	2.194683566279873	0.0	0.0	0.0	18/33	10.17%	FRMD5;PMEPA1;LAMC2;HDAC9;IFI6;KRT19;ISG15;LY6E;RIOK3;IFI44L;ANXA2;RUNX1;EZR;ANXA1;EMP1;LAMA3;NCEH1;AHR	REC_up	source_state_marker	rival_state	Ogden et al., Cell Genomics 2025; PMID 40393458
Goblet	targeted_predeclared	10141	2000	OGDEN_STATE_REC_MARKERS	0.8964305670756085	2.9758698491144377	0.0	0.0	0.0	26/33	4.43%	COL17A1;ERO1A;PTPRR;ANKRD37;HKDC1;ADAM9;SLC2A1;PLAUR;TSPAN1;MXD1;IL1RAP;LAMC2;ATP1B1;SDCBP2;HIF1A-AS3;DUOX2;HDAC9;PAG1;EGLN3;CD55;NDRG1;CYP3A5;DST;CEACAM1;USP53;MUC13	REC_up	source_state_marker	state_identity	Ogden et al., Cell Genomics 2025; PMID 40393458
Goblet	targeted_predeclared	10141	2000	PUBLISHED_PEMT	0.677459959163795	2.4971351805840243	0.0	0.0	0.0	24/49	8.38%	AREG;IL32;PLAUR;SLC6A8;PLOD2;LAMC2;VEGFA;ECM1;CD59;SAT1;SDC4;ITGB1;TNFRSF12A;CXCL1;DST;ITGA2;RHOB;CAPG;TGM2;CXCL8;ENO2;LAMA3;DKK1;LRP1	REC_up	published_signature	regenerative_interpretation	Ogden et al., Cell Genomics 2025; PMID 40393458
Goblet	targeted_predeclared	10141	2000	PUBLISHED_YAP	0.5989254285421742	2.36132553564175	0.0	0.0	0.0	28/70	9.41%	AREG;PLAUR;GPRC5A;LAMC2;AHNAK;MYOF;CAPN2;EREG;ANXA3;CXCL16;CLIC3;TM4SF1;EPHA2;S100A11;GJB3;WWC2;LAMA5;RHOD;MSLN;LGALS3;RHOF;ANXA1;TRPM6;EMP1;LAMA3;FOSL1;LHFPL2;NBL1	REC_up	published_signature	regenerative_interpretation	Ogden et al., Cell Genomics 2025; PMID 40393458
Goblet	targeted_predeclared	10141	2000	PUBLISHED_FETAL	0.44790007424478095	2.0350500844852926	0.0	9.921240612980035e-05	0.001	56/167	15.44%	PLAUR;PMEPA1;LAMC2;AHNAK;ECM1;GCNT3;PDZK1IP1;CAPN2;TACSTD2;CD55;TINAGL1;TIMP2;EREG;ANXA3;CXCL16;CLIC3;S100A11;ITGB4;GJB3;PPL;SH3KBP1;SORL1;HSPB1;WWC2;EPS8L1;RHOD;MSLN;FOXQ1;TTC9;PRSS22;KCNN4;ANXA1;EMP1;ARL1;LAMA3;TNFRSF10B;PPIC;TMEM43;FOSL1;CNN2;GPC1;SCEL;AKAP13;CAMSAP2;CTSH;ENDOD1;TNFAIP8;S100A14;AVPI1;ICAM1;FKBP9;GATM;GADD45B;CLU;KIFC3;PLCD3	REC_up	published_signature	regenerative_interpretation	Ogden et al., Cell Genomics 2025; PMID 40393458
Goblet	targeted_predeclared	10141	2000	HALLMARK_GLYCOLYSIS	0.4324194890438476	1.913147755510474	0.0	0.0007003228667985907	0.0075	44/143	13.83%	ERO1A;P4HA1;PLOD2;VEGFA;DDIT4;PGK1;LDHA;EGLN3;HK2;AGRN;SLC16A3;ISG20;HSPA5;P4HA2;PKM;TGFA;RBCK1;CLDN3;PAM;VLDLR;DSC2;MXI1;ALDOA;TPI1;B4GALT1;ENO2;PFKP;ZNF292;PYGB;GLRX;MIF;PGAM1;IGFBP3;GPC1;MET;SRD5A3;PPP2CB;UGP2;TALDO1;SOX9;QSOX1;AK4;ENO1;ANGPTL4	REC_up	MSigDB_h.all	metabolic_cooption	Molecular Signatures Database
Goblet	targeted_predeclared	10141	2000	REACTOME_COLLAGEN_BIOSYNTHESIS_AND_MODIFYING_ENZYMES	0.6618883541798747	1.8879510824533907	0.0020855057351407717	0.00092598245721147	0.0105	6/18	3.24%	COL17A1;P4HA1;PLOD2;P4HA2;P3H2;P4HB	REC_up	MSigDB_c2.cp.reactome	pengwinkler_axis	Molecular Signatures Database
Goblet	targeted_predeclared	10141	2000	PAN_EPITHELIAL_7	0.8329386224590486	1.8457549380421956	0.0029940119760479044	0.0013367566299594153	0.016	7/7	16.76%	TACSTD2;KRT19;MUC1;EPCAM;CDH1;KRT8;KRT18	REC_up	composition_control	composition_control	Operational composition surrogate; not a tumour-purity estimator
Goblet	targeted_predeclared	10141	2000	OGDEN_STATE_UPR_MARKERS	-0.5257038816881754	-1.7295788987066973	0.006103763987792472	0.005264424523193551	0.049	13/32	11.38%	IQCM;ATP2C2;NOX1;PCK1;XACT;AGR3;ST6GALNAC3;AP001042.1;SHISA9;RBFOX1;NR4A1;LEFTY1;PLCL1	REC_down	source_state_marker	rival_state	Ogden et al., Cell Genomics 2025; PMID 40393458
Goblet	targeted_predeclared	10141	2000	HALLMARK_UNFOLDED_PROTEIN_RESPONSE	0.39198725561194003	1.633595949130434	0.0010362694300518134	0.010516515049758837	0.124	36/96	21.56%	ERO1A;VEGFA;DDIT4;HSPA5;NABP1;CALR;DNAJB9;PDIA6;HSP90B1;TUBB2A;CHAC1;CEBPB;IFIT1;GOSR2;YWHAZ;ERN1;SERP1;DNAJC3;EXOC2;SHC1;SSR1;HYOU1;CEBPG;ATF3;ATF4;ALDH18A1;EDEM1;HERPUD1;SEC11A;XPOT;EIF4A2;ARFGAP1;DCTN1;STC2;POP4;DCP2	REC_up	MSigDB_h.all	generic_stress	Molecular Signatures Database
Goblet	targeted_predeclared	10141	2000	HALLMARK_MYC_TARGETS_V1	-0.3418589044553826	-1.5303335994201925	0.0009746588693957114	0.02430058359906143	0.242	69/174	25.89%	MCM4;CTPS1;BUB3;SNRPD1;SMARCC1;CDK4;LSM2;GSPT1;EXOSC7;ODC1;U2AF1;RRM1;NOLC1;SRM;SRSF1;CDC20;RUVBL2;MCM6;PSMA1;HPRT1;PABPC4;MCM7;NOP16;EIF3B;NME1;PRDX3;HNRNPR;FAM120A;MYC;TRA2B;SRSF7;POLD2;CCT5;SRSF2;SRPK1;CLNS1A;NOP56;COPS5;HSPD1;PSMD14;PA2G4;ABCE1;GNL3;PHB2;RANBP1;SRSF3;PWP1;APEX1;KPNA2;SERBP1;TOMM70;G3BP1;MAD2L1;FBL;TXNL4A;CCT4;DDX21;CCT2;ORC2;GOT2;DUT;C1QBP;EIF2S1;IMPDH2;NCBP1;HSPE1;CYC1;HNRNPA1;PCNA	REC_down	MSigDB_h.all	metabolic_cooption	Molecular Signatures Database
Goblet	targeted_predeclared	10141	2000	GOBP_TISSUE_REGENERATION	0.39815227236157286	1.3840961523346018	0.074	0.06277783107870415	0.545	7/38	5.96%	IFRD1;YAP1;PPARD;CDKN1A;KLK6;RUNX1;ANXA1	REC_up	MSigDB_c5.go.bp	regenerative_interpretation	Molecular Signatures Database
Goblet	targeted_predeclared	10141	2000	OGDEN_STATE_COLONOCYTE_MARKERS	-0.4238662877146102	-1.334028543008543	0.10961737331954498	0.08328319595692198	0.662	6/26	5.43%	NXPE1;NXPE4;GRM8;PRKG1;KAZN;SHISA9	REC_down	source_state_marker	rival_state	Ogden et al., Cell Genomics 2025; PMID 40393458
Goblet	targeted_predeclared	10141	2000	PENGWINKLER_PALMITATE_UP_TOP100	0.34043141719803827	1.330819132685076	0.0590513068731849	0.08539482374881362	0.6815	19/65	14.32%	LDHA;SLC16A3;MAL2;EPB41L1;MTUS1;RHOB;HSPB1;WWC2;CPE;MACC1;PTPRB;TTC9;HIF1A;AHR;PGRMC1;BAHD1;NEBL;ANGPTL4;FOSL2	REC_up	PengWinkler_perturbation	pengwinkler_axis	Peng-Winkler et al., Nature 2026; DOI 10.1038/s41586-026-10686-2
Goblet	targeted_predeclared	10141	2000	OGDEN_STATE_TA1_MARKERS	-0.4049381891816829	-1.2550965451715332	0.16701461377870563	0.11720113109921185	0.828	8/24	13.78%	NOX1;BRIP1;RRM2;ATAD2;TOP2A;LSAMP;TUBA1B;DIAPH3	REC_down	source_state_marker	rival_state	Ogden et al., Cell Genomics 2025; PMID 40393458
Goblet	targeted_predeclared	10141	2000	GOBP_WOUND_HEALING_SPREADING_OF_EPIDERMAL_CELLS	0.4204929129058568	1.1619589693708419	0.267591674925669	0.22948260896110345	0.949	5/15	14.82%	ITGB1;ITGAV;MSX2;LRG1;ADAM17	REC_up	MSigDB_c5.go.bp	repair_interpretation	Molecular Signatures Database
Goblet	targeted_predeclared	10141	2000	HALLMARK_FATTY_ACID_METABOLISM	0.2030369399979314	0.8707304218710717	0.7620967741935484	0.7469979852249832	0.9995	41/111	31.17%	LDHA;HPGD;FABP1;S100A10;ALDOA;ENO2;TP53INP2;RETSAT;GPD2;MIF;SERINC1;NTHL1;UBE2L6;ACAA1;PSME1;ACSL5;ACAA2;DLST;AUH;HSD17B11;HSP90AA1;EPHX1;GABARAPL1;ALAD;PDHB;HMGCL;ERP29;ACOX1;IDI1;ACAT2;PRDX6;HMGCS1;ACO2;ACOT8;ACADVL;SDHA;IDH1;CPT1A;GLUL;PPARA;HSPH1	REC_up	MSigDB_h.all	metabolic_cooption	Molecular Signatures Database
Goblet	targeted_predeclared	10141	2000	GOBP_LIVER_REGENERATION	0.30239857356866057	0.8740822701002643	0.6300403225806451	0.7707150416183324	0.9995	3/17	7.29%	CLDN1;SULF2;CEBPB	REC_up	MSigDB_c5.go.bp	regenerative_interpretation	Molecular Signatures Database
Goblet	targeted_predeclared	10141	2000	HALLMARK_WNT_BETA_CATENIN_SIGNALING	0.23365444746380376	0.75233542414607	0.8298086606243706	0.9024665730508578	1.0	8/29	17.88%	PPARD;JAG1;NCOR2;DKK1;NCSTN;CTNNB1;ADAM17;HDAC11	REC_up	MSigDB_h.all	metabolic_cooption	Molecular Signatures Database
Hypoxia	targeted_predeclared	12496	2000	CANELLAS_CORE_HRC	0.8638065898118961	3.3465072082342706	0.0	0.0	0.0	84/95	9.88%	TSPAN1;SDCBP2;MUC13;COL17A1;CEACAM1;PLAUR;MXD1;JUP;TM4SF1;LRP10;KLK10;KRT80;F11R;TMBIM1;SLC2A1;TINAGL1;LAMB3;DDR1;ITGB4;PDZK1IP1;CXCL16;CD59;CD55;CYP3A5;DUSP5;AHNAK;SERINC2;SLC44A4;DSG2;TSPAN3;ARFGAP3;CAMK2N1;PLEC;GPRC5A;TIMP2;PRSS22;PCDH1;LIPH;C19ORF33;EMP1;EPS8L1;CEACAM5;EFNB1;PINK1;CDCP1;MISP;FA2H;EZR;GJB3;PTPRH;LAMA3;RIOK3;TMPRSS2;SPINT1;SEMA3B;TNFRSF21;ITGB1;CGN;CRB3;RRAS;TMPRSS4;STK24;CLIC3;B4GALT1;RHOF;HEBP2;GBP3;MYH14;CDKN2B;SLC6A8;MYOF;AHNAK2;UGCG;ANXA11;LMO7;CD68;PTK6;LAMC2;ADAM9;CYSTM1;SLPI;SNX9;CDA;RNF103	REC_up	published_signature	regenerative_interpretation	Ogden et al., Cell Genomics 2025; PMID 40393458
Hypoxia	targeted_predeclared	12496	2000	CANELLAS_HRC_KRT20_NEG	0.7230053788610241	3.154550242881323	0.0	0.0	0.0	174/254	18.34%	SDCBP2;APOL1;QSOX1;ISG15;MSLN;PLAUR;MXD1;OAS1;CTSD;BTG1;TAP1;B2M;LGALS3BP;F11R;IRF1;TMBIM1;SLC2A1;KRT19;CDKN1A;IFI44;ECM1;TMEM59;PTTG1IP;CXCL16;NBL1;UBC;P4HA2;DUSP5;PSMB9;SERINC2;ANKRD37;APLP2;RNF186;ISG20;MALL;EFHD2;GABARAP;GPRC5A;TNFAIP2;METRNL;IDO1;ANXA2;ZBP1;EIF1;TAX1BP3;EGLN3;LAPTM4A;POLD4;IRF7;GNAI2;STAT1;EZR;KLF6;PSCA;ARPC5;LAMA3;TMEM54;CD74;ATP6V1D;UBE2L6;BNIP3L;APOL2;CAPG;RHOG;CRB3;CHMP2A;RRAS;ADIPOR1;TMPRSS4;PRDM1;CD82;VAMP3;S100A16;GIPC1;JUND;EFNA1;TMEM30A;ARPC2;NFKBIA;CLIC5;PTGES;TNIP1;SCAMP2;SMIM14;SP110;YPEL5;LYPD3;ARL6IP5;MLPH;RHBDL2;YIPF3;BSG;S100A14;SQSTM1;DAZAP2;SARAF;TIPARP;ARF6;TPI1;TTC9;PSME1;CTSH;CHP1;NPEPPS;ERGIC3;EMP2;PSMB8;KRT7;HILPDA;ARRDC1;CYSTM1;DUSP1;PGAM1;RTP4;ERRFI1;RHOA;ALDOA;EIF1B;RTN3;ITGAV;PDLIM2;CORO1B;CPE;CDA;JUNB;SPNS2;HIGD1A;OSTF1;NUCB2;PLAT;ZBTB7A;FFAR4;C15ORF48;NDRG1;SHISA5;PGK1;WBP2;SDC1;TUBA4A;CCNG2;CDK2AP2;SULT2B1;GDPD3;CAPN5;PLEKHB2;PRNP;ASAP2;MGAT4B;HCFC1R1;R3HDM4;ANXA4;PKM;TMOD3;MPZL3;SH3KBP1;VEGFA;NDFIP1;CDH17;PRDX5;PAFAH1B3;ALDOC;ARPC1A;CHMP3;RAB11A;SC5D;P4HA1;CTTN;MIEN1;UPP1;PFKP;STAP2;ENDOD1;LDLRAP1;AFF4	REC_up	published_signature	regenerative_interpretation	Ogden et al., Cell Genomics 2025; PMID 40393458
Hypoxia	targeted_predeclared	12496	2000	CANELLAS_HRC_KRT20_POS	0.691390061110588	3.008664201325407	0.0	0.0	0.0	158/247	19.01%	SDCBP2;MXD1;CTSD;BTG1;RHOC;F11R;CTSE;TMBIM1;SLC2A1;CDKN1A;LAMB3;ECM1;PTTG1IP;NBL1;CYP3A5;P4HA2;TXNIP;AHNAK;CCNI;ANKRD37;APLP2;RNF186;PMEPA1;IGFBP3;MALL;GABARAP;GPRC5A;KLF4;CD164;METRNL;MFGE8;SLCO2A1;ATP6V0C;EIF1;EMP1;RAC1;KLK6;KLK8;CALR;POLD4;CTSB;TMEM50A;RABAC1;CREB3;DDIT4;PSCA;LAMA3;RIOK3;BNIP3L;ITGB1;IL22RA1;CD24;PRDM1;CD82;YPEL3;BASP1;S100A16;JUND;EFNA1;TMEM30A;AHNAK2;GDE1;PTGES;TGFA;SMIM14;FBXO32;LMO7;YPEL5;ACTR2;STOM;SH3GLB1;ARRDC3;ATP6V0E1;S100A14;DAZAP2;TMEM45B;CAST;LAMC2;LPIN2;SARAF;TIPARP;ARF6;BHLHE40;PDGFA;LGALS3;FTL;SYF2;DHRS3;KRT7;HILPDA;ZFAND5;DUSP1;KDELR3;ERRFI1;RHOA;ALDOA;SAT1;TES;EIF1B;CYTH2;CPE;CDA;TOB1;RNF103;SPNS2;OSTF1;NUCB2;MARCKSL1;PLAT;C15ORF48;NDRG1;WBP2;DDIT3;ARL8B;CREBRF;CCNG2;GADD45B;CDK2AP2;SULT2B1;BMP2;RAB11B;TRIP10;PLEKHB2;PRNP;ASAP2;HERPUD1;MGAT4B;HCFC1R1;STX7;R3HDM4;TSC22D3;SWAP70;MPZL3;TP53INP1;VEGFA;DUSP4;SLC22A4;PRDX5;BCL2L11;CIRBP;CIR1;ARPC1A;TCP11L2;PFDN5;PPP1R15A;CSNK1E;SC5D;HBEGF;P4HA1;CAPZB;CITED2;MIEN1;ENDOD1;MAPK6;AFF4;MAF;UNC5B;PMAIP1	REC_up	published_signature	regenerative_interpretation	Ogden et al., Cell Genomics 2025; PMID 40393458
Hypoxia	targeted_predeclared	12496	2000	FROZEN_REC_TOP50	0.9234530953711232	3.2339959396928672	0.0	0.0	0.0	47/50	5.49%	TSPAN1;SDCBP2;APOL1;MUC13;COL17A1;QSOX1;ISG15;DDX60;CEACAM1;PLAUR;MX2;GSN;RSAD2;APOL6;MXD1;OAS1;JUP;BTG1;CDHR5;C4BPB;RHOC;KRT80;CLDN3;DUOX2;KRT20;DUOXA2;STBD1;CYP3A5;P4HA2;DUSP5;ANKRD37;FXYD3;ARFGAP3;SLC16A3;KLF4;NDUFA4L2;IL32;LDHA;EGLN3;ABCG1;ADGRF1;BIRC3;PTPRH;ADM;ANGPTL4;HIF1A-AS3;FHL2	REC_up	anchor	primary_anchor	Ogden et al., Cell Genomics 2025; PMID 40393458
Hypoxia	targeted_predeclared	12496	2000	HALLMARK_E2F_OGDEN_COPY	-0.595646031028459	-3.0313340793314603	0.0	0.0	0.0	100/182	18.34%	MMS22L;CHEK2;CENPE;TOP2A;BUB1B;PRKDC;CSE1L;LUC7L3;LMNB1;MCM7;RFC3;ATAD2;PAICS;CIT;KIF4A;NUP153;ORC6;HELLS;NUP205;SRSF1;CTPS1;RRM2;RAD51AP1;TACC3;KIF18B;EZH2;ORC2;LBR;UBE2T;KIF22;NOP56;SMC4;MYC;ILF3;MELK;DIAPH3;ASF1B;NUP107;BRCA2;PLK4;CKS2;GINS4;WDR90;CDC20;SRSF2;HMGB2;DNMT1;POLE;MRE11;HNRNPD;RACGAP1;AURKA;NME1;MCM4;NASP;AURKB;ESPL1;NOLC1;DEPDC1;PLK1;PDS5B;GINS1;BRCA1;BRMS1L;IPO7;TRA2B;GSPT1;MCM5;CDK1;SPAG5;CBX5;POLA2;BARD1;AK2;MCM6;RAD50;TIPIN;MSH2;WEE1;CHEK1;TBRG4;MKI67;DLGAP5;PNN;STAG1;KIF2C;HMMR;PSIP1;RPA2;NCAPD2;EXOSC8;KPNA2;UNG;XPO1;CDCA8;CENPM;PA2G4;TFRC;EED;CDKN3	REC_down	published_signature	rival_program	Ogden et al., Cell Genomics 2025; PMID 40393458
Hypoxia	targeted_predeclared	12496	2000	HALLMARK_E2F_TARGETS	-0.595646031028459	-3.0313340793314603	0.0	0.0	0.0	100/182	18.34%	MMS22L;CHEK2;CENPE;TOP2A;BUB1B;PRKDC;CSE1L;LUC7L3;LMNB1;MCM7;RFC3;ATAD2;PAICS;CIT;KIF4A;NUP153;ORC6;HELLS;NUP205;SRSF1;CTPS1;RRM2;RAD51AP1;TACC3;KIF18B;EZH2;ORC2;LBR;UBE2T;KIF22;NOP56;SMC4;MYC;ILF3;MELK;DIAPH3;ASF1B;NUP107;BRCA2;PLK4;CKS2;GINS4;WDR90;CDC20;SRSF2;HMGB2;DNMT1;POLE;MRE11;HNRNPD;RACGAP1;AURKA;NME1;MCM4;NASP;AURKB;ESPL1;NOLC1;DEPDC1;PLK1;PDS5B;GINS1;BRCA1;BRMS1L;IPO7;TRA2B;GSPT1;MCM5;CDK1;SPAG5;CBX5;POLA2;BARD1;AK2;MCM6;RAD50;TIPIN;MSH2;WEE1;CHEK1;TBRG4;MKI67;DLGAP5;PNN;STAG1;KIF2C;HMMR;PSIP1;RPA2;NCAPD2;EXOSC8;KPNA2;UNG;XPO1;CDCA8;CENPM;PA2G4;TFRC;EED;CDKN3	REC_down	MSigDB_h.all	proliferation	Molecular Signatures Database
Hypoxia	targeted_predeclared	12496	2000	HALLMARK_EPITHELIAL_MESENCHYMAL_TRANSITION	0.606680463312779	2.405441864772728	0.0	0.0	0.0	54/108	17.49%	QSOX1;PLAUR;SDC4;ECM1;CD59;MXRA5;PMEPA1;IGFBP3;TGM2;TIMP1;IL32;DKK1;TNFRSF12A;PPIB;LAMA3;RHOB;CAPG;FUCA1;ITGB1;AREG;BASP1;MYLK;GPC1;SLC6A8;FSTL3;MMP14;MMP1;IL15;LAMC2;ENO2;CCN2;TPM4;SAT1;TNFRSF11B;ITGAV;DST;CXCL8;IGFBP2;SDC1;ITGA2;GADD45B;PLOD2;CXCL1;SERPINE2;FLNA;HTRA1;VEGFA;EDIL3;ITGA5;DPYSL3;MYL9;LRP1;CALU;NNMT	REC_up	MSigDB_h.all	plasticity_context	Molecular Signatures Database
Hypoxia	targeted_predeclared	12496	2000	HALLMARK_G2M_CHECKPOINT	-0.5919642185980066	-3.0420960598983084	0.0	0.0	0.0	96/181	16.13%	MAP3K20;UCK2;UBE2C;CENPE;TOP2A;LMNB1;TPX2;PRC1;KIF23;TROAP;KIF4A;WRN;RAD54L;KNL1;CENPA;ORC6;DBF4;KIF20B;SRSF1;ABL1;SRSF10;NSD2;POLQ;TACC3;EZH2;LBR;KIF22;SMC4;CUL4A;SMARCC1;MYC;CDC6;ILF3;FANCC;BUB1;KIF15;BRCA2;PLK4;TTK;CKS2;E2F3;NUSAP1;STIL;CENPF;CHAF1A;MNAT1;KIF11;CDC20;SRSF2;RBL1;POLE;HNRNPD;RACGAP1;RASAL2;AURKA;ODC1;NASP;AURKB;ESPL1;ORC5;NOLC1;PLK1;FOXN3;PDS5B;SLC7A1;SLC38A1;INCENP;SFPQ;TNPO2;CUL5;TRA2B;GSPT1;G3BP1;MCM5;SLC12A2;CDK1;POLA2;BARD1;CDC27;MCM6;PRMT5;MAPK14;CHEK1;MKI67;CCNF;DKC1;FBXO5;STAG1;MTF2;KIF2C;HMMR;NDC80;RPA2;SNRPD1;KPNA2;RBM14	REC_down	MSigDB_h.all	proliferation	Molecular Signatures Database
Hypoxia	targeted_predeclared	12496	2000	HALLMARK_HYPOXIA	0.5971214822141534	2.4989920453755556	0.0	0.0	0.0	86/157	20.89%	PLAUR;BTG1;SLC2A1;CDKN1A;SDC4;STBD1;P4HA2;ERO1A;IGFBP3;ISG20;TGM2;IDS;MAFF;HSPA5;ANXA2;LDHA;KLF6;IGFBP1;DDIT4;ADM;BNIP3L;PLAC8;HK2;EFNA1;GPC1;ANGPTL4;ETS1;PIM1;PNRC1;GLRX;TPBG;NFIL3;MIF;F3;GAPDH;TIPARP;ENO2;BHLHE40;CCN2;TPI1;S100A4;CDKN1C;ATF3;DUSP1;UGP2;KDELR3;PDGFB;ERRFI1;ALDOA;TES;EFNA3;FOXO3;NDRG1;PGK1;DDIT3;CCNG2;SULT2B1;HDLBP;HS3ST1;CAVIN3;SAP30;VEGFA;ENO1;FOSL2;PRDX5;ALDOC;AMPD3;NAGK;VLDLR;PAM;PPP1R15A;MT2A;P4HA1;CITED2;SLC25A1;PFKP;GAA;CDKN1B;ATP7A;ILVBL;KLF7;TMEM45A;NOCT;WSB1;TNFAIP3;KDM3A	REC_up	MSigDB_h.all	generic_stress	Molecular Signatures Database
Hypoxia	targeted_predeclared	12496	2000	HALLMARK_TNFA_NFKB_OGDEN_COPY	0.6566849846857393	2.6992320072758074	0.0	0.0	0.0	85/152	17.61%	PLAUR;MXD1;BTG1;TAP1;IRF1;CDKN1A;SDC4;LAMB3;DUSP5;DDX58;PMEPA1;KLF4;TNFAIP2;CXCL11;MAFF;EIF1;TUBB2A;KLF6;MARCKS;BIRC3;IFIT2;CCL20;IFIH1;EDN1;RHOB;AREG;CCND1;B4GALT5;LITAF;B4GALT1;EFNA1;RNF19B;NFKBIA;KLF2;F2RL1;TNIP1;PNRC1;NFIL3;F3;SQSTM1;PHLDA2;IL23A;TIPARP;BTG3;BHLHE40;ATF3;EHD1;PLK2;ICAM1;MAP3K8;BCL6;BCL3;TNFSF9;DUSP1;CFLAR;TRIB1;CXCL10;RELA;IFNGR2;SAT1;IL18;BIRC2;JUNB;CEBPB;NFKBIE;RCAN1;GADD45B;BMP2;TRIP10;IER2;RELB;SMAD3;CXCL1;YRDC;VEGFA;REL;LIF;DUSP4;FOSL2;MAP2K3;PPP1R15A;HBEGF;IL6ST;KLF10;PLAU	REC_up	published_signature	regulatory_context	Ogden et al., Cell Genomics 2025; PMID 40393458
Hypoxia	targeted_predeclared	12496	2000	NUSSE_REGENERATIVE	0.7553565484017409	2.8012355950586216	0.0	0.0	0.0	43/72	8.71%	APOL1;ISG15;OAS1;MX1;TAP1;DUOXA2;IFI44;OAS3;OASL;UBD;SLC16A3;IDO1;ZBP1;IRF7;HLA-DQB1;GBP2;S100A6;CD74;BST2;ADM;PLA2G2F;CHAC1;APOL2;CXCL9;AREG;CAPN2;NPTX2;RHOF;KCNK6;STXBP1;GBP4;SPATS2L;S100A14;PHLDA2;B3GALT5;TRIB3;SERPINB5;PLK3;ICAM1;CIITA;DUOXA1;TNFSF9;DUSP1	REC_up	published_signature	regenerative_interpretation	Ogden et al., Cell Genomics 2025; PMID 40393458
Hypoxia	targeted_predeclared	12496	2000	OGDEN_EPIHR	0.7605501672008503	2.8776017691043196	0.0	0.0	0.0	54/80	13.32%	COL17A1;MMP7;MSLN;KLK7;KLK10;KRT80;CTSE;SLC2A1;KRT19;LAMB3;DDR1;CAMK2N1;GPRC5A;PRSS22;C19ORF33;EPS8L1;KLK6;KLK8;SEZ6L2;TACSTD2;PNPLA2;S100A2;GJB3;LAMA3;SPINT1;KRT17;MAPK3;PPL;TNFRSF21;C1ORF116;SEMA4B;SFTA2;RIPK4;LMO7;PSORS1C1;RHBDL2;SLC20A1;KRT6A;LAMC2;VSIG2;SERPINB5;SLC22A18;SCNN1A;EPHA2;SLPI;KLK11;LEMD1;SLC25A25;RHOD;DUSP27;GDPD3;ITGA3;SCEL;BAIAP2	REC_up	published_signature	regenerative_interpretation	Ogden et al., Cell Genomics 2025; PMID 40393458
Hypoxia	targeted_predeclared	12496	2000	OGDEN_HYPOXIA_MP6	0.7275245154330233	2.488236782867304	0.0	0.0	0.0	35/46	20.66%	SLC2A1;ERO1A;ANKRD37;IGFBP3;SLC16A3;NDUFA4L2;S100A10;LDHA;EGLN3;DDIT4;ADM;BNIP3L;C4ORF3;HK2;ANGPTL4;DNAJB9;SLC3A2;ENO2;LGALS3;HILPDA;ERRFI1;ALDOA;NDRG1;PGK1;DDIT3;PLOD2;CA9;VEGFA;ENO1;MT2A;P4HA1;PFKP;MT1X;TMEM45A;WSB1	REC_up	published_signature	rival_program	Ogden et al., Cell Genomics 2025; PMID 40393458
Hypoxia	targeted_predeclared	12496	2000	OGDEN_STATE_IREC_MARKERS	0.7291357657666814	2.3601781010228513	0.0	0.0	0.0	19/33	9.83%	IFI6;ISG15;KRT19;IFI44L;PMEPA1;ANXA2;EMP1;EZR;S100A6;LAMA3;RIOK3;LY6E;HDAC9;LAMC2;SERPINB5;ATF3;ANXA1;TNFRSF11B;MYO1E	REC_up	source_state_marker	rival_state	Ogden et al., Cell Genomics 2025; PMID 40393458
Hypoxia	targeted_predeclared	12496	2000	OGDEN_STATE_REC_MARKERS	0.8349693312066627	2.702099982152097	0.0	0.0	0.0	29/33	12.36%	TSPAN1;SDCBP2;MUC13;COL17A1;CEACAM1;PLAUR;MXD1;DUOX2;SLC2A1;CD55;CYP3A5;ERO1A;ANKRD37;BCAS1;ATP1B1;EGLN3;FER1L6;PLAC8;HDAC9;IL1RAP;HIF1A-AS3;FHL2;LAMC2;HKDC1;ADAM9;DST;NDRG1;TCF7L2;PAG1	REC_up	source_state_marker	state_identity	Ogden et al., Cell Genomics 2025; PMID 40393458
Hypoxia	targeted_predeclared	12496	2000	PUBLISHED_PEMT	0.7017737098305907	2.477102095158822	0.0	0.0	0.0	35/53	16.88%	QSOX1;PLAUR;SDC4;ECM1;CD59;TGM2;IL32;DKK1;TNFRSF12A;PPIB;LAMA3;RHOB;CAPG;FUCA1;ITGB1;AREG;SLC6A8;MMP1;IL15;LAMC2;ENO2;TPM4;SAT1;TNFRSF11B;DST;CXCL8;IGFBP2;SDC1;ITGA2;GADD45B;PLOD2;CXCL1;VEGFA;LRP1;CALU	REC_up	published_signature	regenerative_interpretation	Ogden et al., Cell Genomics 2025; PMID 40393458
Hypoxia	targeted_predeclared	12496	2000	PUBLISHED_YAP	0.6165503035974929	2.349651779728418	0.0	0.0	0.0	38/87	11.11%	MSLN;PLAUR;TM4SF1;CXCL16;NBL1;AHNAK;GPRC5A;EMP1;GJB3;S100A6;PSCA;LAMA3;AREG;CAPN2;SERPINB9;CLIC3;RHOF;S100A11;S100A16;MYOF;MDFI;F3;S100A14;RND1;LAMC2;SERPINB5;LGALS3;S100A4;KRT7;EDN3;LHFPL2;EPHA2;ITGB6;ANXA1;PDLIM2;RHOD;ADAM8;KRT23	REC_up	published_signature	regenerative_interpretation	Ogden et al., Cell Genomics 2025; PMID 40393458
Hypoxia	targeted_predeclared	12496	2000	PUBLISHED_FETAL	0.5041262452893658	2.1402069908433345	0.0	2.912883801569695e-05	0.0005	82/192	19.94%	MSLN;PLAUR;GSN;TINAGL1;ECM1;ITGB4;PDZK1IP1;CXCL16;CD55;AHNAK;PMEPA1;GCNT3;TIMP2;PHLDA3;PRSS22;PPIC;EMP1;EPS8L1;TACSTD2;GJB3;S100A6;PSCA;LAMA3;FOXQ1;PPL;CCND1;CAPN2;BASP1;CLIC3;S100A11;S100A16;GPC1;ARL1;RAB27B;KRT18;S100A14;PHLDA2;LAMC2;SERPINB5;TTC9;CTSH;S100A4;RDH10;EMP2;ARL4C;FKBP9;PLK2;KRT7;ICAM1;ANXA1;SORL1;RHOD;PLAT;AK1;HSPB1;KRT23;GADD45B;VNN1;CAPN5;PRKAR1A;LMNA;SCEL;BAIAP2;TMEM43;SLC4A11;SH3KBP1;CGNL1;PLCD3;CNN2;WFDC2;CPT1C;MGAT4C;MSN;WTIP;AKAP13;FLNC;ENDOD1;BOK;VAMP5;EFNA5;CLCF1;SLCO4A1	REC_up	published_signature	regenerative_interpretation	Ogden et al., Cell Genomics 2025; PMID 40393458
Hypoxia	targeted_predeclared	12496	2000	OGDEN_STATE_HYPOXIA_MARKERS	0.6657691836816586	2.170144282220188	0.0	3.1070760550076746e-05	0.0005	19/33	14.55%	SLC2A1;ERO1A;ANKRD37;FXYD3;EGLN3;DDIT4;NEAT1;TFF3;EFNA1;FHL2;BHLHE40;HKDC1;SMIM2-AS1;ERRFI1;NDRG1;PGK1;PLOD2;VEGFA;PTPRR	REC_up	source_state_marker	rival_state	Ogden et al., Cell Genomics 2025; PMID 40393458
Hypoxia	targeted_predeclared	12496	2000	PAN_EPITHELIAL_7	0.9407478581151412	2.032659276793867	0.0	5.483075391190014e-05	0.001	7/7	5.98%	KRT19;MUC1;EPCAM;CDH1;TACSTD2;KRT8;KRT18	REC_up	composition_control	composition_control	Operational composition surrogate; not a tumour-purity estimator
Hypoxia	targeted_predeclared	12496	2000	HALLMARK_GLYCOLYSIS	0.4661070406948332	1.9490180896245926	0.0	0.00012946150229198645	0.0025	57/163	17.66%	QSOX1;CLDN3;DSC2;P4HA2;ERO1A;IGFBP3;ISG20;SLC16A3;HSPA5;LDHA;RBCK1;EGLN3;CHPF;DDIT4;SRD5A3;IL13RA1;ANG;TFF3;B4GALT1;HK2;AGRN;GPC1;ANGPTL4;B3GNT3;TGFA;GLRX;TPBG;MIF;SOX9;ENO2;TPI1;B4GALT4;COPB2;UGP2;KDELR3;PGAM1;ALDOA;SPAG4;EFNA3;PGK1;SDC1;TXN;GALE;CAPN5;HDLBP;PLOD2;PKM;SAP30;VEGFA;PGLS;ENO1;VLDLR;PAM;TALDO1;P4HA1;CITED2;PFKP	REC_up	MSigDB_h.all	metabolic_cooption	Molecular Signatures Database
Hypoxia	targeted_predeclared	12496	2000	HALLMARK_UNFOLDED_PROTEIN_RESPONSE	0.4657573324519742	1.8497004831507402	0.0	0.0003679432170403825	0.0075	33/105	14.53%	ERO1A;IFIT1;HSPA5;HSP90B1;CALR;TUBB2A;SRPRA;IGFBP1;DDIT4;PDIA6;CHAC1;HYOU1;YWHAZ;SPCS3;DNAJB9;XBP1;SERP1;ATF3;ATF4;KDELR3;SEC11A;SPCS1;YIF1A;SSR1;CEBPB;EEF2;HERPUD1;POP4;DCTN1;ATP6V0D1;SHC1;DNAJC3;VEGFA	REC_up	MSigDB_h.all	generic_stress	Molecular Signatures Database
Hypoxia	targeted_predeclared	12496	2000	REACTOME_COLLAGEN_BIOSYNTHESIS_AND_MODIFYING_ENZYMES	0.5552251517881833	1.7551341779863492	0.002242152466367713	0.0013748811543408959	0.029	18/32	26.44%	COL17A1;P4HA2;P4HB;PPIB;COL9A2;PLOD2;COL22A1;P4HA1;BMP1;COLGALT1;COL16A1;COL7A1;COL4A1;P3H2;PLOD3;COL4A5;COL18A1;COL6A1	REC_up	MSigDB_c2.cp.reactome	pengwinkler_axis	Molecular Signatures Database
Hypoxia	targeted_predeclared	12496	2000	OGDEN_STATE_UPR_MARKERS	-0.47727786286357493	-1.7645457141619507	0.0064516129032258064	0.00883762732174955	0.026	17/32	18.90%	RUBCNL;HSPH1;NOX1;ATP2C2;SHISA9;PCK1;HSPE1;AGR3;IL17RB;HSPA1B;AP001042.1;NR4A1;ST6GALNAC3;RBFOX1;IQCM;NPSR1;DNAJB1	REC_down	source_state_marker	rival_state	Ogden et al., Cell Genomics 2025; PMID 40393458
Hypoxia	targeted_predeclared	12496	2000	HALLMARK_MYC_TARGETS_V1	-0.3379265687946578	-1.7278347338616515	0.0	0.01090473337327741	0.0395	70/183	22.46%	CAD;HSPD1;MCM7;RUVBL2;UBA2;EXOSC7;SRSF7;SRSF1;CTPS1;ORC2;SRPK1;HPRT1;DDX21;NOP56;HSPE1;SMARCC1;MYC;EIF3B;PSMD14;NOP16;CDC20;SRSF2;HNRNPD;ODC1;ABCE1;GNL3;NME1;MCM4;NOLC1;PSMA1;TRA2B;GSPT1;G3BP1;MCM5;MCM6;FBL;SNRPA;CCT4;PABPC4;PWP1;CSTF2;HNRNPA2B1;APEX1;SRM;GOT2;SNRPD1;CCT2;KPNA2;NCBP1;PRDX3;XPO1;UBE2E1;PA2G4;CCNA2;SF3B3;NHP2;COPS5;LSM2;SNRPA1;HNRNPR;TOMM70;POLD2;DHX15;CLNS1A;SSBP1;IMPDH2;MRPL23;RANBP1;CCT3;MAD2L1	REC_down	MSigDB_h.all	metabolic_cooption	Molecular Signatures Database
Hypoxia	targeted_predeclared	12496	2000	GOBP_TISSUE_REGENERATION	0.45838779716824757	1.559388646534915	0.0189873417721519	0.014115002649892006	0.258	21/44	26.44%	CDKN1A;MDK;KLK6;IGFBP1;CD81;CD9;DAG1;ANXA1;CFLAR;IFRD1;AKIRIN1;SELENON;CDKN1B;PPARD;KLF5;TM4SF4;RUNX1;NINJ1;CPQ;EPPK1;COL6A1	REC_up	MSigDB_c5.go.bp	regenerative_interpretation	Molecular Signatures Database
Hypoxia	targeted_predeclared	12496	2000	GOBP_POSITIVE_REGULATION_OF_EPITHELIAL_CELL_PROLIFERATION_INVOLVED_IN_WOUND_HEALING	0.7920551813809429	1.551558285955817	0.022851919561243144	0.014384349827387802	0.2735	3/5	12.46%	B4GALT1;LRG1;CLDN1	REC_up	MSigDB_c5.go.bp	repair_interpretation	Molecular Signatures Database
Hypoxia	targeted_predeclared	12496	2000	GOBP_WOUND_HEALING_SPREADING_OF_EPIDERMAL_CELLS	0.43758034041331556	1.245047893449089	0.1923377638780297	0.1455935312297618	0.961	12/19	33.44%	ITGB1;ITGAV;LRG1;MSX2;ACVRL1;ITGA5;HBEGF;PHLDB2;RREB1;ADAM17;ITGB5;AJUBA	REC_up	MSigDB_c5.go.bp	repair_interpretation	Molecular Signatures Database
Hypoxia	targeted_predeclared	12496	2000	OGDEN_STATE_COLONOCYTE_MARKERS	-0.364013650001382	-1.3316275177933803	0.1060126582278481	0.14859197124026363	0.4725	16/33	31.91%	GRM8;ADAMTSL1;VAV3;SHISA9;CFTR;MYO16-AS1;ATP8A1;PRKG1;KAZN;SLC4A10;SAMD3;PLCL1;PPARGC1A;FOXP2;SLC26A2;GPR158	REC_down	source_state_marker	rival_state	Ogden et al., Cell Genomics 2025; PMID 40393458
Hypoxia	targeted_predeclared	12496	2000	OGDEN_STATE_TA1_MARKERS	-0.3455945867191759	-1.2667789161162368	0.12713178294573643	0.187280664212959	0.6185	7/32	4.72%	NOX1;TOP2A;BRIP1;ATAD2;RRM2;PDE3A;DIAPH3	REC_down	source_state_marker	rival_state	Ogden et al., Cell Genomics 2025; PMID 40393458
Hypoxia	targeted_predeclared	12496	2000	PENGWINKLER_PALMITATE_UP_TOP100	0.2910464636348428	1.0855294016898702	0.32495164410058025	0.3380887132355226	0.9995	18/73	16.66%	SLC16A3;MAL2;LDHA;RHOB;DSTN;ANGPTL4;TTC9;ID1;MTUS1;CPE;PGRMC1;LRATD1;PLAT;HSPB1;ARHGAP27;MACC1;FOSL2;CASP3	REC_up	PengWinkler_perturbation	pengwinkler_axis	Peng-Winkler et al., Nature 2026; DOI 10.1038/s41586-026-10686-2
Hypoxia	targeted_predeclared	12496	2000	HALLMARK_FATTY_ACID_METABOLISM	0.23967100099511962	0.9769431759840129	0.511854103343465	0.5086221360526463	1.0	28/130	20.69%	HPGD;S100A10;LDHA;UBE2L6;RETSAT;TP53INP2;SERINC1;MIF;GLUL;ENO2;PSME1;OSTC;ERP29;GABARAPL1;GPD2;ALDOA;MGLL;VNN1;YWHAH;PDHB;HMGCL;NTHL1;ACAA1;HSD17B11;NCAPH2;ECI1;BPHL;HSD17B10	REC_up	MSigDB_h.all	metabolic_cooption	Molecular Signatures Database
Hypoxia	targeted_predeclared	12496	2000	GOBP_LIVER_REGENERATION	-0.3132052518570624	-0.9970067998603303	0.4401650618982118	0.6302426602756142	0.9745	6/19	12.92%	SRSF1;EZH2;PNPT1;AURKA;PRMT5;CPT1A	REC_down	MSigDB_c5.go.bp	regenerative_interpretation	Molecular Signatures Database
Hypoxia	targeted_predeclared	12496	2000	HALLMARK_WNT_BETA_CATENIN_SIGNALING	-0.23242635361959968	-0.8466680123652549	0.7034277198211625	0.9262366020904067	0.997	11/31	22.66%	GNAI1;MYC;LEF1;KAT2A;NKD1;NOTCH1;SKP2;AXIN1;AXIN2;TP53;RBPJ	REC_down	MSigDB_h.all	metabolic_cooption	Molecular Signatures Database
Hypoxia	targeted_predeclared	12496	2000	GOBP_PROLINE_BIOSYNTHETIC_PROCESS	-0.2476381104883907	-0.5289520528186971	0.9617283950617284	0.9913938667683425	1.0	6/6	75.26%	PYCR3;ALDH18A1;NOXRED1;PYCR1;OAT;PYCR2	REC_down	MSigDB_c5.go.bp	pengwinkler_axis	Molecular Signatures Database
Hypoxia	targeted_predeclared	12496	2000	GOBP_PROLINE_METABOLIC_PROCESS	-0.2476381104883907	-0.5289520528186971	0.9617283950617284	0.9913938667683425	1.0	6/6	75.26%	PYCR3;ALDH18A1;NOXRED1;PYCR1;OAT;PYCR2	REC_down	MSigDB_c5.go.bp	pengwinkler_axis	Molecular Signatures Database
Intermediate	targeted_predeclared	11736	2000	CANELLAS_CORE_HRC	0.8337325654210069	3.4193219260093453	0.0	0.0	0.0	84/95	14.31%	TSPAN1;COL17A1;SLC6A8;MUC13;CDKN2B;SDCBP2;AHNAK;TSPAN3;CAMK2N1;KRT80;PDZK1IP1;RIOK3;RRAS;SERINC2;MYOF;LRP10;SPINT1;SLC44A4;DSG2;AHNAK2;PCDH1;CYP3A5;SLC2A1;JUP;ITGB4;RNF103;MISP;C19ORF33;TMBIM1;SMAD3;LMO7;MXD1;CEACAM1;CLIC3;DDR1;F11R;GBP3;PINK1;ARFGAP3;HEBP2;CD59;UGCG;KLK10;CGN;EPS8L1;SNX9;SEMA3B;LAMB3;ADAM9;PTPRH;CXCL16;TJP3;CEACAM5;BMP2;TINAGL1;TIMP2;PTK6;PRSS22;B4GALT1;TM4SF1;ITGB1;FA2H;CRB3;CD68;SLPI;PLEC;STK24;EFNB1;CDCP1;PLAUR;RHOF;TMPRSS2;CD55;ITGA2;ITGA3;DUSP5;CDA;USP53;MYH14;LIPH;GJB3;GPRC5A;CYSTM1;ANXA11	REC_up	published_signature	regenerative_interpretation	Ogden et al., Cell Genomics 2025; PMID 40393458
Intermediate	targeted_predeclared	11736	2000	CANELLAS_HRC_KRT20_NEG	0.6536496664111524	3.033870652936311	0.0	0.0	0.0	149/241	21.12%	NDRG1;EFNA1;ANKRD37;OAS1;P4HA1;BTG1;EGLN3;ISG15;P4HA2;SDCBP2;PTTG1IP;VEGFA;BNIP3L;EIF1;QSOX1;KRT19;PGK1;TMEM59;SMIM14;MXI1;NBL1;ECM1;UBC;CTSD;APLP2;RRAS;POLD4;MALL;SERINC2;MSLN;GABARAP;SLC2A1;TMBIM1;B2M;APOL1;INSIG2;MXD1;TPI1;CAPG;MLPH;EFHD2;SARAF;HILPDA;ARL6IP5;ALDOC;F11R;MPZL3;LAPTM4A;CDKN1A;BNIP3;CAPN5;CDK2AP2;ATP6V1D;PGAM1;TMEM54;TAX1BP3;CXCL16;GIPC1;CHMP2A;NPEPPS;LGALS3BP;JUND;CDH17;ISG20;SCAMP2;TMOD3;EGLN1;ZBP1;RHBDL2;CRB3;METRNL;RTN3;WBP2;IFI44;ARPC5;ADIPOR1;S100A14;NUCB2;IRF7;ALDOA;CTSH;YPEL5;CCNG2;YIPF3;DAZAP2;CD82;PLAUR;RHOG;TNIP1;EIF1B;TMEM30A;SH3KBP1;PFKP;PLEKHB2;VAMP3;CPE;CORO1B;ASAP2;BSG;SULT2B1;ARF6;SAR1B;TNFAIP2;S100A16;OSTF1;GPI;DUSP5;CDA;UBXN1;CORO2A;APPL2;PLS1;ARPC2;CHP1;RNF186;APOL2;GPRC5A;SDC1;CYSTM1;PKM;MBNL2;MGAT4B;SP110;R3HDM4;AFF4;RHOA;NDFIP1;UPP1;STAP2;TIPARP;C15ORF48;TMPRSS4;CLIC5;PMAIP1;KLF6;HIGD1A;GOLGA7;XPNPEP1;PSMB9;RAB11A;TTC9;SC5D;ERGIC3;HCFC1R1;PRDM1;SDF2;ADAM10;SIRT7;TAP1	REC_up	published_signature	regenerative_interpretation	Ogden et al., Cell Genomics 2025; PMID 40393458
Intermediate	targeted_predeclared	11736	2000	CANELLAS_HRC_KRT20_POS	0.6660902741379642	3.111626689689782	0.0	0.0	0.0	140/239	17.51%	NDRG1;EFNA1;ANKRD37;P4HA1;BTG1;P4HA2;SDCBP2;PTTG1IP;RHOC;CREBRF;AHNAK;VEGFA;BNIP3L;EIF1;KLF4;SMIM14;MXI1;NBL1;ECM1;CTSD;RIOK3;APLP2;POLD4;MALL;RABAC1;GABARAP;TXNIP;LPIN2;TMEM45B;AHNAK2;FBXO32;CYP3A5;SLC2A1;RNF103;TMBIM1;DHRS3;LMO7;LGALS3;MXD1;TES;RAC1;CAST;HERPUD1;CD164;TCP11L2;SARAF;CALR;HILPDA;F11R;CCNI;MPZL3;PMEPA1;CDKN1A;BNIP3;CDK2AP2;LAMB3;TMEM50A;JUND;BMP2;STX7;CREB3;SH3GLB1;YPEL3;ARRDC3;DDIT3;CTSE;DDIT4;CIR1;SWAP70;ITGB1;TOB1;ATP6V0C;SYF2;HBP1;ARL8B;METRNL;WBP2;MFGE8;CYTH2;S100A14;NUCB2;TP53INP1;ALDOA;GDE1;YPEL5;CCNG2;DAZAP2;CD82;EIF1B;TMEM30A;UBL3;ATP6V0E1;CD24;FTL;PLEKHB2;CPE;KLK8;SMAD7;TGFA;ASAP2;SLCO2A1;SULT2B1;KDELR3;ARF6;SAR1B;S100A16;OSTF1;PDGFA;BASP1;GPI;ACTR2;CDA;KLK6;DUSP4;BHLHE40;RAB11B;CIRBP;RNF186;SPAG9;CITED2;TPD52;GPRC5A;MAPK6;ZFAND2A;RICTOR;MBNL2;ZFAND5;MGAT4B;R3HDM4;AFF4;IL22RA1;RHOA;ZMIZ1;TIPARP;MOSPD1;SLC22A4;C15ORF48;RAPH1;CTSB;PMAIP1	REC_up	published_signature	regenerative_interpretation	Ogden et al., Cell Genomics 2025; PMID 40393458
Intermediate	targeted_predeclared	11736	2000	FROZEN_REC_TOP50	0.9214108159346126	3.3734231140593165	0.0	0.0	0.0	46/50	4.85%	NDRG1;TSPAN1;COL17A1;HIF1A-AS3;LDHA;FXYD3;ANKRD37;OAS1;BTG1;EGLN3;CDHR5;MUC13;ISG15;P4HA2;SDCBP2;KRT20;RHOC;ABCG1;C4BPB;CLDN3;MX2;QSOX1;DUOX2;GSN;KRT80;KLF4;DDX60;ADM;SLC16A3;DUOXA2;APOL6;STBD1;CYP3A5;PNCK;JUP;IL32;APOL1;MXD1;CEACAM1;BIRC3;NDUFA4L2;ARFGAP3;RSAD2;PTPRH;ADGRF1;GRHL1	REC_up	anchor	primary_anchor	Ogden et al., Cell Genomics 2025; PMID 40393458
Intermediate	targeted_predeclared	11736	2000	HALLMARK_E2F_OGDEN_COPY	-0.6689077388444037	-3.2701716438763855	0.0	0.0	0.0	118/184	18.64%	PRKDC;TRIP13;DNMT1;NUP205;NOP56;HELLS;ILF3;CENPE;CTPS1;MYC;GINS1;MCM7;ATAD2;LMNB1;CHEK2;TOP2A;GSPT1;RFC3;EZH2;MMS22L;DIAPH3;KIF18B;MCM6;PAICS;BUB1B;NOLC1;SMC4;NASP;POLD1;RANBP1;ORC6;IPO7;ASF1B;CSE1L;MRE11;CIT;SRSF2;BRCA2;CHEK1;POLE;TRA2B;KIF4A;NUP107;MCM4;WDR90;NME1;PRIM2;MCM5;GINS4;POLA2;BRMS1L;PA2G4;TACC3;LUC7L3;UBE2T;NUP153;LBR;BRCA1;MELK;RRM2;MKI67;DSCC1;KIF22;SPC25;CDK1;CDC20;RACGAP1;DLGAP5;ORC2;HMGB2;HMMR;POLD2;ESPL1;MCM2;MCM3;MSH2;CDC25B;RFC2;RAD51AP1;PNN;BARD1;LYAR;PLK4;AURKB;SMC6;CDCA3;PTTG1;RBBP7;CKS2;MLH1;NBN;TIPIN;SRSF1;CDCA8;KPNA2;MYBL2;TP53;NCAPD2;CBX5;AK2;NAP1L1;HNRNPD;LIG1;CNOT9;PSIP1;UBE2S;TK1;BIRC5;PLK1;CENPM;CCP110;TUBB;POLD3;SHMT1;CDKN3;MAD2L1;XPO1;RAD50	REC_down	published_signature	rival_program	Ogden et al., Cell Genomics 2025; PMID 40393458
Intermediate	targeted_predeclared	11736	2000	HALLMARK_E2F_TARGETS	-0.6689077388444037	-3.2701716438763855	0.0	0.0	0.0	118/184	18.64%	PRKDC;TRIP13;DNMT1;NUP205;NOP56;HELLS;ILF3;CENPE;CTPS1;MYC;GINS1;MCM7;ATAD2;LMNB1;CHEK2;TOP2A;GSPT1;RFC3;EZH2;MMS22L;DIAPH3;KIF18B;MCM6;PAICS;BUB1B;NOLC1;SMC4;NASP;POLD1;RANBP1;ORC6;IPO7;ASF1B;CSE1L;MRE11;CIT;SRSF2;BRCA2;CHEK1;POLE;TRA2B;KIF4A;NUP107;MCM4;WDR90;NME1;PRIM2;MCM5;GINS4;POLA2;BRMS1L;PA2G4;TACC3;LUC7L3;UBE2T;NUP153;LBR;BRCA1;MELK;RRM2;MKI67;DSCC1;KIF22;SPC25;CDK1;CDC20;RACGAP1;DLGAP5;ORC2;HMGB2;HMMR;POLD2;ESPL1;MCM2;MCM3;MSH2;CDC25B;RFC2;RAD51AP1;PNN;BARD1;LYAR;PLK4;AURKB;SMC6;CDCA3;PTTG1;RBBP7;CKS2;MLH1;NBN;TIPIN;SRSF1;CDCA8;KPNA2;MYBL2;TP53;NCAPD2;CBX5;AK2;NAP1L1;HNRNPD;LIG1;CNOT9;PSIP1;UBE2S;TK1;BIRC5;PLK1;CENPM;CCP110;TUBB;POLD3;SHMT1;CDKN3;MAD2L1;XPO1;RAD50	REC_down	MSigDB_h.all	proliferation	Molecular Signatures Database
Intermediate	targeted_predeclared	11736	2000	HALLMARK_EPITHELIAL_MESENCHYMAL_TRANSITION	0.4933200991706953	2.0250073991480395	0.0	0.0	0.0	39/101	17.55%	PLOD2;SLC6A8;VEGFA;QSOX1;ECM1;ENO2;LRP1;IL32;DST;CAPG;IGFBP2;PMEPA1;CD59;IL15;SDC4;CCN2;ITGB1;TGM2;MXRA5;TNFRSF11B;FSTL3;TIMP1;DKK1;PLAUR;MYLK;RHOB;ITGA2;PPIB;DPYSL3;FUCA1;MMP14;BASP1;GPC1;SDC1;FLNA;MYL9;PLOD1;CADM1;TNFRSF12A	REC_up	MSigDB_h.all	plasticity_context	Molecular Signatures Database
Intermediate	targeted_predeclared	11736	2000	HALLMARK_G2M_CHECKPOINT	-0.6490535876111242	-3.18687539213687	0.0	0.0	0.0	105/183	15.46%	UCK2;MAP3K20;KIF20B;ILF3;CENPE;MYC;NSD2;FANCC;LMNB1;E2F3;TOP2A;KNL1;GSPT1;EZH2;MCM6;DMD;DBF4;ODC1;NOLC1;SMC4;SRSF10;NASP;KIF15;CENPF;SLC7A1;DKC1;ORC6;CHAF1A;SRSF2;PRC1;PBK;G3BP1;BRCA2;CHEK1;TPX2;POLE;RAD54L;TRA2B;WRN;KIF4A;RBL1;PRIM2;MCM5;POLA2;TACC3;TTK;CDC6;UBE2C;LBR;CDC7;FBXO5;SMARCC1;CCNF;KIF23;SNRPD1;HIRA;TNPO2;ODF2;KIF11;EXO1;TFDP1;MKI67;NDC80;BUB1;KIF22;CUL4A;CDK1;CDC20;NUSAP1;POLQ;RACGAP1;TROAP;GINS2;HMMR;ESPL1;MCM2;DTYMK;MCM3;CDC25B;STIL;BARD1;PLK4;CCNA2;AURKB;PTTG1;NCL;CKS2;SMC2;SQLE;RASAL2;SFPQ;SRSF1;KPNA2;E2F1;MYBL2;PRMT5;CCNT1;KPNB1;HNRNPD;NUP98;MNAT1;UBE2S;SLC12A2;ORC5;BIRC5	REC_down	MSigDB_h.all	proliferation	Molecular Signatures Database
Intermediate	targeted_predeclared	11736	2000	HALLMARK_GLYCOLYSIS	0.5005293867662364	2.194346461343091	0.0	0.0	0.0	57/158	14.50%	LDHA;TFF3;PLOD2;P4HA1;EGLN3;P4HA2;CLDN3;VEGFA;QSOX1;HSPA5;PGK1;SLC16A3;MXI1;ERO1A;ZNF292;ENO2;DSC2;COPB2;TPI1;HK2;CHPF;VLDLR;CAPN5;PGAM1;RBCK1;GFPT1;ISG20;IL13RA1;DDIT4;UGP2;B4GALT1;FAM162A;B4GALT4;MIF;ANG;ALDOA;SOX9;EFNA3;TPBG;ENO1;PFKP;SLC35A3;TGFA;SRD5A3;KDELR3;PAM;AGRN;ARPP19;BPNT1;GLRX;CITED2;ANGPTL4;GPC1;SDC1;B3GNT3;PKM;HDLBP	REC_up	MSigDB_h.all	metabolic_cooption	Molecular Signatures Database
Intermediate	targeted_predeclared	11736	2000	HALLMARK_HYPOXIA	0.6589897618810308	2.9083093333436016	0.0	0.0	0.0	81/151	17.31%	NDRG1;LDHA;EFNA1;P4HA1;BTG1;P4HA2;VEGFA;BNIP3L;KDM3A;HSPA5;PGK1;ADM;MXI1;WSB1;ERO1A;ZNF292;ENO2;STBD1;IDS;SLC2A1;CDKN1C;GBE1;AMPD3;PDK1;TES;KLHL24;TPI1;HK2;PNRC1;ALDOC;PLAC8;VLDLR;CDKN1A;AKAP12;ETS1;NFIL3;ISG20;DDIT3;SDC4;DDIT4;UGP2;CCN2;FAM162A;TGM2;GAPDH;PIM1;PRKCA;MIF;ALDOA;CCNG2;FOXO3;EFNA3;TPBG;PLAUR;ENO1;MAFF;KLF7;ILVBL;PFKP;S100A4;SULT2B1;KDELR3;PAM;GPI;BHLHE40;FOSL2;GLRX;CITED2;TPD52;ANGPTL4;MYH9;GPC1;HDLBP;SLC25A1;MAP3K1;SCARB1;TIPARP;CDKN1B;PLIN2;RBPJ;LARGE1	REC_up	MSigDB_h.all	generic_stress	Molecular Signatures Database
Intermediate	targeted_predeclared	11736	2000	HALLMARK_MYC_TARGETS_V1	-0.4802245401034532	-2.3572944686455286	0.0	0.0	0.0	103/183	26.52%	DDX21;NOP56;SRPK1;CTPS1;CAD;SRM;MYC;MCM7;PSMA1;GSPT1;RUVBL2;MCM6;ODC1;SRSF7;NOLC1;ABCE1;RANBP1;UBA2;SRSF2;G3BP1;PRPS2;TRA2B;HSPD1;PABPC4;MCM4;NME1;NOP16;MCM5;GNL3;PA2G4;RRP9;SMARCC1;EXOSC7;SNRPD1;PSMD14;EIF3B;TFDP1;HPRT1;GOT2;CDC20;SF3B3;ORC2;POLD2;PWP1;MCM2;RRM1;TYMS;SNRPA1;TOMM70;CCT3;CCNA2;ETF1;APEX1;HNRNPA2B1;EIF3J;SNRPA;IMPDH2;DHX15;SRSF1;KPNA2;EIF4E;SERBP1;KPNB1;NAP1L1;HNRNPD;SRSF3;PPM1G;RNPS1;NCBP1;CSTF2;NHP2;CLNS1A;CCT2;DDX18;CDK2;PRPF31;CCT4;MAD2L1;XPO1;HNRNPA3;PRDX3;PCNA;FAM120A;PTGES3;RFC4;NPM1;HNRNPA1;HNRNPR;HSPE1;FBL;LSM7;HNRNPC;U2AF1;CDK4;ILF2;LSM2;TXNL4A;NDUFAB1;BUB3;DUT;PSMD1;SYNCRIP;HNRNPU	REC_down	MSigDB_h.all	metabolic_cooption	Molecular Signatures Database
Intermediate	targeted_predeclared	11736	2000	OGDEN_EPIHR	0.7006478193918438	2.733793785486475	0.0	0.0	0.0	42/71	14.01%	COL17A1;KRT19;CAMK2N1;KRT80;MSLN;SPINT1;SLC2A1;C19ORF33;LMO7;SEZ6L2;DDR1;KLK10;EPS8L1;LAMB3;PSORS1C1;MAPK3;PNPLA2;CTSE;MMP7;C1ORF116;PRSS22;RHBDL2;S100A2;SLPI;PPL;SFTA2;TACSTD2;VSIG2;NGRN;WFDC3;KLK8;HIST2H2BE;ZNF185;ITGA3;KRT17;SLC22A18;KLK6;DUSP27;LEMD1;GJB3;GPRC5A;RHOD	REC_up	published_signature	regenerative_interpretation	Ogden et al., Cell Genomics 2025; PMID 40393458
Intermediate	targeted_predeclared	11736	2000	OGDEN_HYPOXIA_MP6	0.8472400921588038	3.023781619467575	0.0	0.0	0.0	36/46	9.91%	NDRG1;LDHA;PLOD2;ANKRD37;P4HA1;EGLN3;C4ORF3;VEGFA;BNIP3L;PGK1;DNAJB9;ADM;SLC16A3;CA9;WSB1;ERO1A;S100A10;ENO2;SLC2A1;GBE1;INSIG2;LGALS3;PDK1;HK2;HILPDA;NDUFA4L2;BNIP3;AKAP12;DDIT3;DDIT4;FAM162A;ALDOA;ENO1;SLC3A2;PFKP;MT1X	REC_up	published_signature	rival_program	Ogden et al., Cell Genomics 2025; PMID 40393458
Intermediate	targeted_predeclared	11736	2000	OGDEN_STATE_HYPOXIA_MARKERS	0.8748433843916164	2.8837989867035128	0.0	0.0	0.0	25/33	5.21%	NDRG1;SMIM2-AS1;FXYD3;TFF3;PLOD2;EFNA1;ANKRD37;P4HA1;EGLN3;LRP4;CKB;PTPRR;VEGFA;KDM3A;FABP1;PGK1;WSB1;ERO1A;FAM13A;SLC2A1;PDK1;NEAT1;PPARG;HKDC1;DDIT4	REC_up	source_state_marker	rival_state	Ogden et al., Cell Genomics 2025; PMID 40393458
Intermediate	targeted_predeclared	11736	2000	OGDEN_STATE_REC_MARKERS	0.8756894495784551	2.88377671651494	0.0	0.0	0.0	29/33	9.19%	NDRG1;TSPAN1;BCAS1;COL17A1;HIF1A-AS3;ANKRD37;EGLN3;MUC13;SDCBP2;PTPRR;DUOX2;ATP1B1;ERO1A;FAM13A;HDAC9;CYP3A5;IL1RAP;SLC2A1;PAG1;DST;MXD1;CEACAM1;PLAC8;ADAM9;HKDC1;FER1L6;PLAUR;CD55;FHL2	REC_up	source_state_marker	state_identity	Ogden et al., Cell Genomics 2025; PMID 40393458
Intermediate	targeted_predeclared	11736	2000	PUBLISHED_PEMT	0.6015924361436288	2.1851143787246112	0.0	0.0	0.0	22/51	9.76%	PLOD2;SLC6A8;VEGFA;QSOX1;ECM1;ENO2;LRP1;IL32;DST;CAPG;IGFBP2;CD59;IL15;SDC4;ITGB1;TGM2;TNFRSF11B;DKK1;PLAUR;RHOB;ITGA2;PPIB	REC_up	published_signature	regenerative_interpretation	Ogden et al., Cell Genomics 2025; PMID 40393458
Intermediate	targeted_predeclared	11736	2000	REACTOME_COLLAGEN_BIOSYNTHESIS_AND_MODIFYING_ENZYMES	0.6650978626389389	2.011399204421409	0.0	4.195036948594663e-05	0.0005	5/23	1.01%	COL17A1;PLOD2;P4HA1;P4HA2;P4HB	REC_up	MSigDB_c2.cp.reactome	pengwinkler_axis	Molecular Signatures Database
Intermediate	targeted_predeclared	11736	2000	NUSSE_REGENERATIVE	0.5199297743154573	2.0122808863934507	0.0	4.51773209848656e-05	0.0005	22/67	11.53%	OAS1;ISG15;ADM;SLC16A3;DUOXA2;TRIB3;SPATS2L;APOL1;CAPN2;ZBP1;GBP2;IFI44;S100A14;IRF7;S100A6;MX1;SH3KBP1;RHOF;CHAC1;KCNK6;OAS3;OASL	REC_up	published_signature	regenerative_interpretation	Ogden et al., Cell Genomics 2025; PMID 40393458
Intermediate	targeted_predeclared	11736	2000	PAN_EPITHELIAL_7	0.9004177679256541	1.9594156142849184	0.0	7.830735637376704e-05	0.001	7/7	10.01%	KRT19;EPCAM;KRT8;MUC1;TACSTD2;KRT18;CDH1	REC_up	composition_control	composition_control	Operational composition surrogate; not a tumour-purity estimator
Intermediate	targeted_predeclared	11736	2000	HALLMARK_TNFA_NFKB_OGDEN_COPY	0.41250239918645865	1.8058683187067404	0.0	0.001651795798509148	0.022	51/151	17.96%	EFNA1;BTG1;VEGFA;EIF1;KLF4;MARCKS;SMAD3;MXD1;BIRC3;PNRC1;PMEPA1;CDKN1A;NFIL3;LAMB3;BMP2;F2RL1;IFIT2;SDC4;B4GALT1;TUBB2A;LITAF;BCL6;IL23A;PLAUR;TNIP1;MAFF;RHOB;CFLAR;IL18;ABCA1;IFIH1;RELA;CEBPB;BIRC2;TNFAIP2;DUSP5;PLPP3;DUSP4;RCAN1;BHLHE40;FOSL2;TNIP2;DDX58;EDN1;IL6ST;EHD1;CCND1;TIPARP;CEBPD;KLF6;PLK2	REC_up	published_signature	regulatory_context	Ogden et al., Cell Genomics 2025; PMID 40393458
Intermediate	targeted_predeclared	11736	2000	HALLMARK_UNFOLDED_PROTEIN_RESPONSE	0.4342065921878959	1.7912404248956153	0.0	0.0018310102446219057	0.0255	43/102	21.29%	VEGFA;HSPA5;DNAJB9;ERO1A;IFIT1;HSP90B1;HERPUD1;CALR;ATF4;PDIA6;YWHAZ;NABP1;SRPRA;HYOU1;SSR1;DDIT4;TUBB2A;EIF2AK3;SERP1;SEC31A;CEBPG;ALDH18A1;CHAC1;ATP6V0D1;CEBPB;DNAJC3;SHC1;KDELR3;POP4;EDEM1;XPOT;EEF2;GOSR2;XBP1;SPCS1;ERN1;SEC11A;SPCS3;STC2;NFYB;YIF1A;EIF4A2;DCTN1	REC_up	MSigDB_h.all	generic_stress	Molecular Signatures Database
Intermediate	targeted_predeclared	11736	2000	OGDEN_STATE_IREC_MARKERS	0.5226751104393461	1.738892381027835	0.004219409282700422	0.0028712697337047914	0.042	10/33	9.47%	ISG15;KRT19;IFI6;RIOK3;HDAC9;PMEPA1;TNFRSF11B;S100A6;LY6E;FRMD5	REC_up	source_state_marker	rival_state	Ogden et al., Cell Genomics 2025; PMID 40393458
Intermediate	targeted_predeclared	11736	2000	PUBLISHED_YAP	0.42839365953774244	1.7035159156299606	0.0007668711656441718	0.003956582216779809	0.0595	24/79	14.55%	AHNAK;NBL1;MYOF;MSLN;S100A11;LGALS3;CLIC3;TRPM6;CAPN2;CXCL16;TM4SF1;S100A14;KRT23;S100A6;PLAUR;RHOF;S100A4;ITGB6;ZNF185;S100A16;GJB3;GPRC5A;RHOD;WWC2	REC_up	published_signature	regenerative_interpretation	Ogden et al., Cell Genomics 2025; PMID 40393458
Intermediate	targeted_predeclared	11736	2000	PUBLISHED_FETAL	0.3754280089496124	1.6778451612878036	0.0	0.005667494917551389	0.0875	54/177	16.18%	SORL1;AHNAK;HSPB1;GSN;PDZK1IP1;FOXQ1;ECM1;MSLN;S100A11;ITGB4;CLIC3;CAPN2;PMEPA1;PPIC;CAPN5;EPS8L1;CXCL16;TINAGL1;TIMP2;ARL1;PRSS22;AKAP13;FKBP9;PPL;S100A14;CTSH;KRT23;ARL4C;TACSTD2;S100A6;PLAUR;SH3KBP1;CD55;GCNT3;PRKAR1A;S100A4;KRT18;PHLDA3;RDH10;IL17RE;S100A16;SH3BGRL2;BASP1;GATM;GJB3;GPC1;RHOD;DAPK1;PMM1;WWC2;RAB27B;VAMP5;CCND1;WWTR1	REC_up	published_signature	regenerative_interpretation	Ogden et al., Cell Genomics 2025; PMID 40393458
Intermediate	targeted_predeclared	11736	2000	OGDEN_STATE_UPR_MARKERS	-0.46624105929697196	-1.6695011659007086	0.010037641154328732	0.00944422852701127	0.059	10/33	7.46%	NOX1;RUBCNL;AP001042.1;ATP2C2;DUSP2;ST6GALNAC3;IL17RB;SHISA9;IQCM;NR4A1	REC_down	source_state_marker	rival_state	Ogden et al., Cell Genomics 2025; PMID 40393458
Intermediate	targeted_predeclared	11736	2000	OGDEN_STATE_TA1_MARKERS	-0.4620320604786193	-1.6186341009740155	0.01903553299492386	0.012534006995724834	0.093	15/32	21.88%	NOX1;BRIP1;ATAD2;TOP2A;DIAPH3;PDE3A;RRM2;TUBA1B;FREM1;ACSS3;CCND2;CNTNAP2;LSAMP;NPM1;TIGAR	REC_down	source_state_marker	rival_state	Ogden et al., Cell Genomics 2025; PMID 40393458
Intermediate	targeted_predeclared	11736	2000	PENGWINKLER_PALMITATE_UP_TOP100	0.3383140079212837	1.3101012321336738	0.07827476038338659	0.10372928028225069	0.8095	20/70	14.55%	LDHA;HSPB1;SLC16A3;MTUS1;MAL2;EPB41L1;LRATD1;PGRMC1;ID1;RHOB;PTPRB;DSTN;CPE;NEBL;FOSL2;CLMN;PIP5K1B;ANGPTL4;PMM1;WWC2	REC_up	PengWinkler_perturbation	pengwinkler_axis	Peng-Winkler et al., Nature 2026; DOI 10.1038/s41586-026-10686-2
Intermediate	targeted_predeclared	11736	2000	OGDEN_STATE_COLONOCYTE_MARKERS	-0.328759914464709	-1.1622111754870394	0.22127139364303178	0.2547443229137749	0.893	7/33	7.52%	ADAMTSL1;CFTR;GRM8;KAZN;SLC4A10;SHISA9;SAMD3	REC_down	source_state_marker	rival_state	Ogden et al., Cell Genomics 2025; PMID 40393458
Intermediate	targeted_predeclared	11736	2000	GOBP_TISSUE_REGENERATION	0.30819836982426885	1.07364401131357	0.3432574430823117	0.37375590497048744	0.998	22/40	37.41%	MDK;CDKN1A;CFLAR;IFRD1;KLF5;KLK6;CDKN1B;LARGE1;ANXA1;PPARD;AKIRIN1;RUNX1;YAP1;EPPK1;NACA;DUSP10;PPP3CA;DAG1;CD81;SOX2;TEC;SELENON	REC_up	MSigDB_c5.go.bp	regenerative_interpretation	Molecular Signatures Database
Intermediate	targeted_predeclared	11736	2000	HALLMARK_FATTY_ACID_METABOLISM	0.25228147826451763	1.0801037582538724	0.29327286470143615	0.37801096576791177	0.998	35/129	25.01%	LDHA;HPGD;FABP1;S100A10;ENO2;SERINC1;GPD2;RETSAT;OSTC;TP53INP2;MIF;ALDOA;ACOX1;GABARAPL1;HSD17B11;GLUL;AUH;EPHX1;HMGCL;ECI1;ACADVL;CRAT;ALAD;BPHL;CPOX;SLC22A5;PDHB;IDH3G;YWHAH;UBE2L6;ETFDH;ERP29;ACSL5;ACAA2;VNN1	REC_up	MSigDB_h.all	metabolic_cooption	Molecular Signatures Database
Intermediate	targeted_predeclared	11736	2000	GOBP_PROLINE_BIOSYNTHETIC_PROCESS	0.5095725776830224	0.9990732794568422	0.49056603773584906	0.4767038626609442	0.9995	2/5	14.97%	ALDH18A1;OAT	REC_up	MSigDB_c5.go.bp	pengwinkler_axis	Molecular Signatures Database
Intermediate	targeted_predeclared	11736	2000	GOBP_PROLINE_METABOLIC_PROCESS	0.5095725776830224	0.9990732794568422	0.49056603773584906	0.4767038626609442	0.9995	2/5	14.97%	ALDH18A1;OAT	REC_up	MSigDB_c5.go.bp	pengwinkler_axis	Molecular Signatures Database
Intermediate	targeted_predeclared	11736	2000	HALLMARK_WNT_BETA_CATENIN_SIGNALING	-0.2798968825802864	-0.984291960307144	0.45093457943925236	0.543174310143801	0.9955	8/30	16.16%	MYC;LEF1;KAT2A;SKP2;AXIN1;NOTCH1;TP53;CCND2	REC_down	MSigDB_h.all	metabolic_cooption	Molecular Signatures Database
Intermediate	targeted_predeclared	11736	2000	GOBP_LIVER_REGENERATION	-0.29972624385619395	-0.9159078263409824	0.5877502944640753	0.6317139525845317	0.9985	6/19	21.65%	PNPT1;EZH2;SRSF1;PRMT5;PCNA;SULF2	REC_down	MSigDB_c5.go.bp	regenerative_interpretation	Molecular Signatures Database
Intermediate	targeted_predeclared	11736	2000	GOBP_WOUND_HEALING_SPREADING_OF_EPIDERMAL_CELLS	0.28575466987662357	0.7892747885351222	0.7527242246437552	0.8513892026202846	1.0	10/16	36.90%	ITGB1;ADAM17;PTEN;MSX2;PHLDB2;ITGB5;AJUBA;CLASP1;ITGAV;LRG1	REC_up	MSigDB_c5.go.bp	repair_interpretation	Molecular Signatures Database
Stem NOTUM	targeted_predeclared	12433	2000	CANELLAS_CORE_HRC	0.9044688918752376	3.7277585409280487	0.0	0.0	0.0	93/95	9.22%	PLAUR;SDCBP2;SLC2A1;TSPAN1;SLC44A4;MUC13;LIPH;CXCL16;AHNAK;PLEC;CEACAM1;EPS8L1;KRT80;CYP3A5;COL17A1;ARFGAP3;JUP;KLK10;SERINC2;GPRC5A;TMBIM1;PCDH1;LRP10;SLC6A8;RIOK3;EFNB1;EMP1;LAMB3;EZR;RRAS;LAMA3;TJP3;TM4SF1;TINAGL1;PTPRH;MXD1;AHNAK2;MISP;ANXA11;TNFRSF21;BMP2;TMPRSS2;CD55;PTK6;TSPAN3;FLNB;MYH14;ITGB4;TIMP2;C19ORF33;CLIC3;B4GALT1;CD68;F11R;MYOF;TMPRSS4;GBP3;SNX9;CDCP1;SEMA3B;CDA;CEACAM5;PDZK1IP1;DUSP5;UGCG;LAMC2;DDR1;CYSTM1;DSG2;CGN;LMO7;SPINT1;CRB3;CAMK2N1;FA2H;GJB3;CD59;USP53;PRSS22;CDKN2B;RHOF;HEBP2;STK24;B4GALNT3;ITGB1;ITGA2;RNF103;SLPI;PINK1;ITGA3;SMAD3;ADAM9;BAIAP2L1	REC_up	published_signature	regenerative_interpretation	Ogden et al., Cell Genomics 2025; PMID 40393458
Stem NOTUM	targeted_predeclared	12433	2000	CANELLAS_HRC_KRT20_NEG	0.7379003127195126	3.4571952742804553	0.0	0.0	0.0	173/249	16.47%	NDRG1;PLAUR;SDCBP2;ANKRD37;SLC2A1;EFNA1;BTG1;CXCL16;P4HA2;QSOX1;MALL;PGK1;ISG20;NBL1;ISG15;MSLN;POLD4;CDH17;UBC;SERINC2;GPRC5A;TMBIM1;PTTG1IP;EIF1;MPZL3;GIPC1;SULT2B1;EZR;RRAS;CLIC5;LAMA3;KRT19;ECM1;HILPDA;METRNL;TNIP1;BNIP3L;P4HA1;MXD1;CAPG;TPI1;CPE;VEGFA;ANXA2;IRF1;CTSD;TMEM59;TMEM54;EFHD2;CDK2AP2;APOL1;NFKBIA;MLPH;ELF3;CDKN1A;F11R;ALDOA;CAPN5;RHBDL2;TMPRSS4;PGAM1;ATP6V1D;CDA;NPEPPS;RNF186;CORO2A;TAP1;DUSP5;EGLN3;TIPARP;CYSTM1;ARPC2;TNFAIP2;APLP2;KLF6;MXI1;JUNB;UPP1;CHMP2A;ERRFI1;CRB3;TMEM30A;SQSTM1;LGALS3BP;TAX1BP3;JUND;ZBP1;BNIP3;APOL2;TMOD3;OSTF1;DUSP1;B2M;OAS1;GPA33;ARF6;LAPTM4A;PLS1;CORO1B;C15ORF48;ARL6IP5;SARAF;CHP1;KRT7;IRF7;PLEKHB2;SMIM14;PFKP;RHOA;PSCA;SH3KBP1;DAZAP2;SCAMP2;GABARAP;PDLIM2;XPNPEP1;RHOG;YPEL5;NDEL1;PMAIP1;WBP2;ASL;ALDOC;GPI;IFI44;ITPK1;NDFIP1;BAIAP2L1;EGLN1;SAR1B;SIRT7;ARPC5;LPCAT4;CD82;HIGD1A;ZBTB7A;PRDX5;INSIG2;PSMB9;MGAT4B;CTTN;S100A14;PKM;ADIPOR1;R3HDM4;ARPC1A;VAMP3;HCFC1R1;ITGAV;ASAP2;EIF1B;PRDM1;STAP2;PRNP;CCNG2;MSMO1;BSG;ANXA4;FRMD4B;RTN3;TUBB4B;AFF4;PTGES;IL1A;GNA13;LDLRAP1;S100A16;SPNS2;FFAR4;ENDOD1;ARRDC1;RAB11A;GNAI2	REC_up	published_signature	regenerative_interpretation	Ogden et al., Cell Genomics 2025; PMID 40393458
Stem NOTUM	targeted_predeclared	12433	2000	CANELLAS_HRC_KRT20_POS	0.7251634858867438	3.391241643388412	0.0	0.0	0.0	163/245	16.08%	NDRG1;DDIT4;SDCBP2;ANKRD37;SLC2A1;KLF4;EFNA1;BHLHE40;BTG1;AHNAK;P4HA2;RHOC;MALL;LGALS3;NBL1;CYP3A5;POLD4;GPRC5A;TMBIM1;PTTG1IP;EIF1;MPZL3;RIOK3;EMP1;LAMB3;SULT2B1;HERPUD1;LPIN2;LAMA3;ECM1;HILPDA;METRNL;BNIP3L;P4HA1;MXD1;CAST;DDIT3;RAC1;CPE;AHNAK2;VEGFA;BMP2;CD164;CTSD;TES;UNC5B;CDK2AP2;ELF3;RABAC1;CDKN1A;F11R;ALDOA;TMEM45B;SPAG9;TGFA;CDA;HBEGF;RNF186;KLK8;LAMC2;CD24;TIPARP;SLCO2A1;APLP2;TXNIP;MXI1;ZFAND5;ERRFI1;KLF3;LMO7;ATP6V0E1;TOB1;TMEM30A;CALR;SH3GLB1;GDE1;JUND;BNIP3;OSTF1;DUSP1;CREB3;GPA33;ARF6;ARL8B;ACTR2;PPP1R15A;ITGB1;C15ORF48;CTSE;ATP6V0C;SARAF;KRT7;PLEKHB2;SMIM14;RHOA;PSCA;FBXO32;RNF103;TRIP10;STX7;ZFAND2A;DAZAP2;GABARAP;IGFBP3;YPEL5;ARRDC3;PMEPA1;NDEL1;PMAIP1;TMEM50A;WBP2;MAPK6;CTSB;GPI;CITED2;SLC22A4;ITPK1;BAIAP2L1;CCNI;SAR1B;SWAP70;KLK6;CD82;PRDX5;IL22RA1;GADD45B;MGAT4B;MFGE8;S100A14;DUSP4;CAPZB;R3HDM4;TSC22D3;ARPC1A;FTL;DHRS3;KDELR3;BCL2L11;HCFC1R1;ASAP2;EIF1B;PRDM1;PRNP;YPEL3;CCNG2;CIR1;CREBRF;WEE1;FAM107B;SYF2;KIAA0232;ST3GAL1;AFF4;PTGES;IL1A;GNA13;S100A16;SPNS2;PDGFA;ENDOD1;RAPH1;SAT1;BASP1	REC_up	published_signature	regenerative_interpretation	Ogden et al., Cell Genomics 2025; PMID 40393458
Stem NOTUM	targeted_predeclared	12433	2000	FROZEN_REC_TOP50	0.951707986756037	3.4726890024245103	0.0	0.0	0.0	50/50	5.21%	FXYD3;NDRG1;KRT20;PLAUR;SDCBP2;ANKRD37;LDHA;CLDN3;TSPAN1;KLF4;CDHR5;FHL2;C4BPB;MUC13;BTG1;GSN;P4HA2;QSOX1;RHOC;BIRC3;HIF1A-AS3;SLC16A3;CEACAM1;GRHL1;ISG15;KRT80;CYP3A5;COL17A1;DUOX2;ARFGAP3;JUP;STBD1;DUOXA2;APOL6;RSAD2;ABCG1;IL32;ADM;PTPRH;MXD1;PNCK;APOL1;DDX60;DUSP5;MX2;EGLN3;ADGRF1;NDUFA4L2;ANGPTL4;OAS1	REC_up	anchor	primary_anchor	Ogden et al., Cell Genomics 2025; PMID 40393458
Stem NOTUM	targeted_predeclared	12433	2000	HALLMARK_E2F_OGDEN_COPY	-0.542229494477156	-2.71101774217734	0.0	0.0	0.0	123/187	29.94%	HELLS;PRKDC;MRE11;TIPIN;RFC3;MMS22L;CIT;CTPS1;KIF4A;BUB1B;ILF3;PAICS;CENPE;DIAPH3;ATAD2;TRIP13;LMNB1;BRCA2;CSE1L;MCM7;ORC2;RAD50;ASF1B;SRSF2;CHEK1;GINS1;UBE2T;LBR;PRIM2;NUP107;TOP2A;MYC;CCP110;NASP;TACC3;NOP56;NUP205;POLD1;BRMS1L;CBX5;DEPDC1;NBN;LUC7L3;CHEK2;KIF22;CKS2;MCM4;EZH2;ORC6;KIF18B;NME1;RRM2;CDK1;DNMT1;MSH2;MCM6;TRA2B;GINS4;PSIP1;MCM3;NUP153;PLK4;NAP1L1;TMPO;GSPT1;BRCA1;SMC4;WDR90;CDKN3;HMMR;TP53;STMN1;AURKB;RAD51AP1;RACGAP1;DSCC1;MELK;KIF2C;DLGAP5;SHMT1;E2F8;MCM2;SRSF1;DCTPP1;SMC6;POLD2;LIG1;BIRC5;PA2G4;PTTG1;IPO7;TIMELESS;ING3;PDS5B;RPA2;CDC20;KPNA2;HMGB2;CDCA3;PPP1R8;CDC25B;HNRNPD;NCAPD2;MCM5;PRPS1;DUT;RANBP1;CDCA8;LYAR;MKI67;RBBP7;STAG1;MAD2L1;POLE;CDK4;PLK1;CDC25A;TBRG4;UNG;MLH1;UBE2S;PAN2;CCNB2	REC_down	published_signature	rival_program	Ogden et al., Cell Genomics 2025; PMID 40393458
Stem NOTUM	targeted_predeclared	12433	2000	HALLMARK_E2F_TARGETS	-0.542229494477156	-2.71101774217734	0.0	0.0	0.0	123/187	29.94%	HELLS;PRKDC;MRE11;TIPIN;RFC3;MMS22L;CIT;CTPS1;KIF4A;BUB1B;ILF3;PAICS;CENPE;DIAPH3;ATAD2;TRIP13;LMNB1;BRCA2;CSE1L;MCM7;ORC2;RAD50;ASF1B;SRSF2;CHEK1;GINS1;UBE2T;LBR;PRIM2;NUP107;TOP2A;MYC;CCP110;NASP;TACC3;NOP56;NUP205;POLD1;BRMS1L;CBX5;DEPDC1;NBN;LUC7L3;CHEK2;KIF22;CKS2;MCM4;EZH2;ORC6;KIF18B;NME1;RRM2;CDK1;DNMT1;MSH2;MCM6;TRA2B;GINS4;PSIP1;MCM3;NUP153;PLK4;NAP1L1;TMPO;GSPT1;BRCA1;SMC4;WDR90;CDKN3;HMMR;TP53;STMN1;AURKB;RAD51AP1;RACGAP1;DSCC1;MELK;KIF2C;DLGAP5;SHMT1;E2F8;MCM2;SRSF1;DCTPP1;SMC6;POLD2;LIG1;BIRC5;PA2G4;PTTG1;IPO7;TIMELESS;ING3;PDS5B;RPA2;CDC20;KPNA2;HMGB2;CDCA3;PPP1R8;CDC25B;HNRNPD;NCAPD2;MCM5;PRPS1;DUT;RANBP1;CDCA8;LYAR;MKI67;RBBP7;STAG1;MAD2L1;POLE;CDK4;PLK1;CDC25A;TBRG4;UNG;MLH1;UBE2S;PAN2;CCNB2	REC_down	MSigDB_h.all	proliferation	Molecular Signatures Database
Stem NOTUM	targeted_predeclared	12433	2000	HALLMARK_EPITHELIAL_MESENCHYMAL_TRANSITION	0.5733935136172387	2.4228985882122664	0.0	0.0	0.0	54/101	18.40%	PLAUR;QSOX1;PLOD2;SLC6A8;LAMA3;ECM1;IL32;CAPG;VEGFA;ENO2;TGM2;TIMP3;TNFRSF12A;TPM4;LAMC2;SDC4;TIMP1;MXRA5;CD59;LRP1;ITGA5;SERPINE2;DKK1;ITGB1;ITGA2;IGFBP3;PMEPA1;GPC1;RHOB;CXCL8;GADD45B;DST;FSTL3;CCN2;BMP1;ITGAV;PLOD1;THBS1;JUN;IGFBP2;PPIB;COPA;TNFAIP3;PLOD3;MYLK;SAT1;BASP1;FUCA1;LGALS1;SDC1;COL16A1;MMP14;CALU;TNFRSF11B	REC_up	MSigDB_h.all	plasticity_context	Molecular Signatures Database
Stem NOTUM	targeted_predeclared	12433	2000	HALLMARK_G2M_CHECKPOINT	-0.5078140043379474	-2.576986282309267	0.0	0.0	0.0	113/184	28.63%	MAP3K20;SLC12A2;UCK2;MNAT1;BUB1;SRSF10;E2F3;KIF4A;NUSAP1;SMARCC1;ILF3;DMD;KIF23;POLQ;FANCC;CENPE;NSD2;KIF20B;LMNB1;BRCA2;TNPO2;SRSF2;CHEK1;WRN;CENPF;KIF11;LBR;PRIM2;SFPQ;TOP2A;MYC;DKC1;NASP;TACC3;PRC1;TPX2;CDC7;KNL1;UBE2C;DBF4;KIF15;CDC45;TTK;KIF22;PRMT5;CKS2;TROAP;EZH2;ORC6;RBL1;CDK1;ORC5;MCM6;ABL1;TRA2B;ATRX;CUL5;FBXO5;MCM3;CUL4A;PLK4;MTF2;TMPO;HIRA;GSPT1;RASAL2;CHAF1A;CENPA;CCNF;SMC4;CDKN3;NDC80;HMMR;STMN1;SNRPD1;AURKB;STIL;RACGAP1;PBK;KIF2C;CDC27;MCM2;SRSF1;TLE3;RAD54L;BIRC5;PTTG1;FOXN3;MAPK14;PDS5B;RPA2;CDC20;KPNA2;G3BP1;CASP8AP2;INCENP;CDC25B;ODC1;HNRNPD;CCNA2;MCM5;MKI67;STAG1;HMGN2;MAD2L1;E2F1;POLE;CDK4;PLK1;CDC25A;NUP98;TFDP1;BUB3	REC_down	MSigDB_h.all	proliferation	Molecular Signatures Database
Stem NOTUM	targeted_predeclared	12433	2000	HALLMARK_GLYCOLYSIS	0.5525610158508648	2.4610082264493327	0.0	0.0	0.0	67/163	15.08%	DDIT4;LDHA;CLDN3;P4HA2;QSOX1;PLOD2;SLC16A3;PGK1;TFF3;ISG20;P4HA1;RBCK1;TPI1;HSPA5;VEGFA;ENO2;DSC2;ERO1A;B4GALT1;ELF3;ALDOA;CAPN5;HK2;ANG;PGAM1;TGFA;ENO1;VLDLR;EGLN3;MXI1;IL13RA1;PYGB;ANGPTL4;B3GNT3;FAM162A;GFPT1;STC2;PFKP;COPB2;CHPF;MIF;IGFBP3;SLC35A3;B4GALT4;TPBG;ARPP19;CITED2;SPAG4;GPC1;ZNF292;GLRX;AGRN;UGP2;PKM;HAX1;GALE;SOX9;KDELR3;PLOD1;GNE;PPP2CB;HDLBP;AK4;CXCR4;SRD5A3;PPFIA4;ME1	REC_up	MSigDB_h.all	metabolic_cooption	Molecular Signatures Database
Stem NOTUM	targeted_predeclared	12433	2000	HALLMARK_HYPOXIA	0.6960799330433178	3.094483231384989	0.0	0.0	0.0	90/154	15.70%	NDRG1;DDIT4;PLAUR;LDHA;SLC2A1;EFNA1;PLAC8;BHLHE40;BTG1;P4HA2;PGK1;ISG20;STBD1;SULT2B1;ZFP36;FOS;ADM;BNIP3L;P4HA1;TPI1;KDM3A;DDIT3;HSPA5;VEGFA;ANXA2;ENO2;TES;FOSL2;ERO1A;AKAP12;WSB1;CDKN1A;ALDOA;HK2;TGM2;ENO1;MYH9;VLDLR;NFIL3;TIPARP;SDC4;KLF6;MXI1;GBE1;PIM1;ERRFI1;ANGPTL4;DUSP1;IDS;FAM162A;STC2;PPP1R15A;ATF3;MAFF;LARGE1;GAPDH;PFKP;PDK1;ETS1;F3;MIF;XPNPEP1;IGFBP3;TPBG;ALDOC;GPI;CITED2;GPC1;ZNF292;AMPD3;GLRX;PRDX5;UGP2;KDELR3;CCN2;NOCT;S100A4;ILVBL;SCARB1;CCNG2;JMJD6;JUN;HDLBP;AK4;CXCR4;PPFIA4;NR3C1;TNFAIP3;KLF7;PNRC1	REC_up	MSigDB_h.all	generic_stress	Molecular Signatures Database
Stem NOTUM	targeted_predeclared	12433	2000	HALLMARK_TNFA_NFKB_OGDEN_COPY	0.6717589982418067	2.969053362794769	0.0	0.0	0.0	97/152	18.44%	PLAUR;KLF4;EFNA1;BHLHE40;BTG1;BIRC3;EIF1;LAMB3;ZFP36;FOS;TNIP1;MXD1;VEGFA;BMP2;IRF1;LITAF;FOSL2;MARCKS;B4GALT1;NFKBIA;F2RL1;CDKN1A;CEBPB;EHD1;HBEGF;CCL20;TAP1;DUSP5;NFIL3;TIPARP;TNFAIP2;SDC4;PHLDA2;KLF6;TUBB2A;JUNB;BCL3;ICAM1;SQSTM1;IL18;DUSP1;NAMPT;IFIT2;MAP2K3;IFNGR2;IER2;PPP1R15A;PDLIM5;ATF3;MAFF;BCL6;B4GALT5;EDN1;IFIH1;TNFAIP8;TRIP10;PLAU;F3;ZC3H12A;RELA;REL;PMEPA1;FOSL1;LDLR;SMAD3;RNF19B;CXCL11;RELB;CFLAR;SERPINB8;TRIB1;IL6ST;RHOB;MCL1;GADD45B;CXCL10;IER5;DUSP4;CLCF1;BTG3;TNIP2;RCAN1;FOSB;JUN;DDX58;IL1A;BIRC2;TNFAIP3;PNRC1;SAT1;CCNL1;PER1;CCND1;ATP2B1;LIF;NFKB2;TNFSF9	REC_up	published_signature	regulatory_context	Ogden et al., Cell Genomics 2025; PMID 40393458
Stem NOTUM	targeted_predeclared	12433	2000	NUSSE_REGENERATIVE	0.6789614563640106	2.66769566302692	0.0	0.0	0.0	41/66	16.79%	TRIB3;SLC16A3;ISG15;DUOXA2;ADM;APOL1;CAPN2;KCNK6;TAP1;GBP2;MX1;PHLDA2;ICAM1;SPATS2L;ZBP1;APOL2;DUSP1;OAS1;S100A6;CHAC1;RHOF;IRF7;UBD;SH3KBP1;OAS3;SERPINB5;IFI44;DUOXA1;OASL;LPCAT4;B3GALT5;HLA-DQB1;S100A14;PLK3;INF2;HSPA1B;AK4;STAT2;ATG9B;SLC7A11;MBOAT1	REC_up	published_signature	regenerative_interpretation	Ogden et al., Cell Genomics 2025; PMID 40393458
Stem NOTUM	targeted_predeclared	12433	2000	OGDEN_EPIHR	0.7126370125184944	2.8156327513888844	0.0	0.0	0.0	48/74	12.10%	SLC2A1;SEMA4B;EPS8L1;KRT80;MSLN;COL17A1;KLK10;GPRC5A;LAMB3;LAMA3;KRT19;MAPK3;TNFRSF21;SLC20A1;C19ORF33;EPHA2;MMP7;RHBDL2;SLC22A18;KLK8;LAMC2;DDR1;PNPLA2;C1ORF116;LMO7;SPINT1;SLC25A25;CAMK2N1;GJB3;PRSS22;WFDC3;PPL;RIPK4;CTSE;SFTA2;TACSTD2;SLPI;SERPINB5;PSORS1C1;VSIG2;ITGA3;KLK7;ANXA3;KLK6;SCEL;KRT17;HIST2H2BE;KLK11	REC_up	published_signature	regenerative_interpretation	Ogden et al., Cell Genomics 2025; PMID 40393458
Stem NOTUM	targeted_predeclared	12433	2000	OGDEN_HYPOXIA_MP6	0.8578686303724534	3.11440453881222	0.0	0.0	0.0	38/48	8.78%	NDRG1;DDIT4;ANKRD37;LDHA;SLC2A1;PLOD2;LGALS3;SLC16A3;PGK1;C4ORF3;HILPDA;ADM;BNIP3L;P4HA1;DDIT3;VEGFA;ENO2;ERO1A;AKAP12;WSB1;S100A10;ALDOA;HK2;ENO1;SLC3A2;EGLN3;GBE1;ERRFI1;NDUFA4L2;BNIP3;ANGPTL4;DNAJB9;FAM162A;CA9;PFKP;PDK1;IGFBP3;GPI	REC_up	published_signature	rival_program	Ogden et al., Cell Genomics 2025; PMID 40393458
Stem NOTUM	targeted_predeclared	12433	2000	OGDEN_STATE_HYPOXIA_MARKERS	0.892309842715943	2.9999675701420156	0.0	0.0	0.0	27/33	7.30%	FXYD3;NDRG1;CKB;DDIT4;ANKRD37;FABP1;SLC2A1;FHL2;EFNA1;BHLHE40;PLOD2;PGK1;TFF3;HKDC1;NEAT1;P4HA1;KDM3A;VEGFA;SMIM2-AS1;ERO1A;WSB1;PTPRR;EGLN3;FAM13A;ERRFI1;PDK1;PPARG	REC_up	source_state_marker	rival_state	Ogden et al., Cell Genomics 2025; PMID 40393458
Stem NOTUM	targeted_predeclared	12433	2000	OGDEN_STATE_IREC_MARKERS	0.6472817382737889	2.1915596171589833	0.0	0.0	0.0	20/33	15.19%	ISG15;RIOK3;EMP1;EZR;LAMA3;KRT19;ANXA2;ANXA1;LAMC2;S100A6;MYO1E;ATF3;HDAC9;SERPINB5;PMEPA1;IFI6;LMNA;IFI44L;FOSB;LY6E	REC_up	source_state_marker	rival_state	Ogden et al., Cell Genomics 2025; PMID 40393458
Stem NOTUM	targeted_predeclared	12433	2000	OGDEN_STATE_REC_MARKERS	0.8938739319414545	3.0048914502582456	0.0	0.0	0.0	28/33	4.81%	NDRG1;PLAUR;SDCBP2;ANKRD37;SLC2A1;TSPAN1;FHL2;MUC13;PLAC8;ATP1B1;HIF1A-AS3;CEACAM1;CYP3A5;COL17A1;DUOX2;HKDC1;FER1L6;MXD1;BCAS1;CD55;ERO1A;PAG1;IL1RAP;PTPRR;EGLN3;LAMC2;FAM13A;USP53	REC_up	source_state_marker	state_identity	Ogden et al., Cell Genomics 2025; PMID 40393458
Stem NOTUM	targeted_predeclared	12433	2000	PUBLISHED_FETAL	0.4983000262371441	2.267491834210212	0.0	0.0	0.0	85/182	22.96%	PLAUR;CXCL16;AHNAK;GSN;EPS8L1;MSLN;EMP1;LAMA3;ECM1;HSPB1;TINAGL1;ANXA1;CD55;GCNT3;ITGB4;TIMP2;PPIC;CLIC3;CAPN5;CAPN2;SORL1;PDZK1IP1;LAMC2;PHLDA2;ICAM1;GJB3;S100A11;PRSS22;PHLDA3;S100A6;PPL;KRT7;ARL1;TNFAIP8;PSCA;TACSTD2;SH3KBP1;RAB11FIP5;SERPINB5;PMEPA1;FOSL1;RAB27B;ANXA3;GPC1;SCEL;LMNA;GADD45B;FKBP9;KRT18;S100A14;AVPI1;TBC1D2;S100A4;CLCF1;AK1;SLCO4A1;AKAP13;INF2;RHOD;IL1RN;RDH10;S100A16;ENDOD1;BASP1;DAPK1;VAMP5;MBOAT1;CCND1;CNN2;PRKAR1A;PLCD3;PMM1;CGNL1;VNN1;TMEM43;SH3BGRL2;CRYAB;SERPINH1;CLU;WWC2;EMP2;EPHA4;HSPA1A;AP1S3;PLK2	REC_up	published_signature	regenerative_interpretation	Ogden et al., Cell Genomics 2025; PMID 40393458
Stem NOTUM	targeted_predeclared	12433	2000	PUBLISHED_PEMT	0.687392005524868	2.5786279567782766	0.0	0.0	0.0	37/51	19.42%	PLAUR;QSOX1;PLOD2;SLC6A8;LAMA3;ECM1;IL32;CAPG;VEGFA;ENO2;TGM2;TNFRSF12A;TPM4;LAMC2;SDC4;CD59;LRP1;DKK1;ITGB1;ITGA2;RHOB;CXCL8;GADD45B;DST;TMEM158;PLOD1;JUN;IGFBP2;PPIB;COPA;PLOD3;SAT1;FUCA1;SDC1;CALU;TNFRSF11B;IL15	REC_up	published_signature	regenerative_interpretation	Ogden et al., Cell Genomics 2025; PMID 40393458
Stem NOTUM	targeted_predeclared	12433	2000	PUBLISHED_YAP	0.6312770801492119	2.5744995495666667	0.0	0.0	0.0	48/86	18.61%	PLAUR;CXCL16;AHNAK;LGALS3;NBL1;MSLN;GPRC5A;EMP1;LAMA3;TM4SF1;ANXA1;CLIC3;EPHA2;MYOF;CAPN2;LHFPL2;GJB4;LAMC2;GJB3;S100A11;S100A6;RHOF;SGK2;KRT7;PSCA;PLAU;F3;PDLIM2;SERPINB5;FOSL1;ANXA3;UNC13D;S100A14;SLC35E4;S100A4;HSPA1B;RHOD;IL1RN;ITGB6;S100A16;SLC7A11;MDFI;MBOAT1;ZNF185;TRPM6;ADAM8;LAMA5;VNN1	REC_up	published_signature	regenerative_interpretation	Ogden et al., Cell Genomics 2025; PMID 40393458
Stem NOTUM	targeted_predeclared	12433	2000	HALLMARK_UNFOLDED_PROTEIN_RESPONSE	0.4980801056599526	2.0804144228055486	0.0	3.627288819244944e-05	0.0005	38/104	16.18%	DDIT4;HERPUD1;HSPA5;VEGFA;ERO1A;YWHAZ;CEBPB;CEBPG;SRPRA;TUBB2A;IFIT1;EDEM1;CALR;CHAC1;DNAJB9;PDIA6;DNAJC3;STC2;ATF4;HSP90B1;ATF3;EIF2AK3;ERN1;SSR1;SERP1;XBP1;SEC31A;HYOU1;EIF4A2;ATP6V0D1;KDELR3;SHC1;SPCS3;EIF4A3;NABP1;DNAJA4;BAG3;XPOT	REC_up	MSigDB_h.all	generic_stress	Molecular Signatures Database
Stem NOTUM	targeted_predeclared	12433	2000	PAN_EPITHELIAL_7	0.8872525350072429	1.957662517353714	0.0	0.00013745515525559788	0.002	7/7	11.32%	CDH1;KRT19;EPCAM;MUC1;KRT8;TACSTD2;KRT18	REC_up	composition_control	composition_control	Operational composition surrogate; not a tumour-purity estimator
Stem NOTUM	targeted_predeclared	12433	2000	REACTOME_COLLAGEN_BIOSYNTHESIS_AND_MODIFYING_ENZYMES	0.5260649671098618	1.6719873142776671	0.011955593509820665	0.006104727082789241	0.0865	14/25	22.86%	P4HA2;PLOD2;COL17A1;P4HA1;P4HB;P3H2;BMP1;PLOD1;PPIB;PLOD3;COL16A1;COL22A1;SERPINH1;COLGALT1	REC_up	MSigDB_c2.cp.reactome	pengwinkler_axis	Molecular Signatures Database
Stem NOTUM	targeted_predeclared	12433	2000	PENGWINKLER_PALMITATE_UP_TOP100	0.3787195326631909	1.4863774374057976	0.016706443914081145	0.032583417279160296	0.3905	18/69	10.71%	LDHA;SLC16A3;EPB41L1;HSPB1;CPE;FOSL2;UNC5B;MAL2;MTUS1;LRATD1;ANGPTL4;ID1;ARHGAP27;DSTN;SLC30A4;PGRMC1;PTPRB;RHOB	REC_up	PengWinkler_perturbation	pengwinkler_axis	Peng-Winkler et al., Nature 2026; DOI 10.1038/s41586-026-10686-2
Stem NOTUM	targeted_predeclared	12433	2000	HALLMARK_WNT_BETA_CATENIN_SIGNALING	-0.405973249223286	-1.4486380653674993	0.04059040590405904	0.05348917549516352	0.3375	7/30	8.37%	NKD1;LEF1;AXIN2;NOTCH1;PTCH1;SKP2;MYC	REC_down	MSigDB_h.all	metabolic_cooption	Molecular Signatures Database
Stem NOTUM	targeted_predeclared	12433	2000	GOBP_TISSUE_REGENERATION	0.371820225584744	1.3566201434658791	0.07054963084495489	0.08155722347757957	0.727	11/46	11.85%	ANXA1;MDK;CDKN1A;IFRD1;KLF5;LARGE1;KLK6;CFLAR;CD9;EPPK1;PPARD	REC_up	MSigDB_c5.go.bp	regenerative_interpretation	Molecular Signatures Database
Stem NOTUM	targeted_predeclared	12433	2000	HALLMARK_FATTY_ACID_METABOLISM	0.3111981262075975	1.358036694701596	0.041758241758241756	0.0842256463828676	0.724	56/129	30.14%	LDHA;FABP1;ENO2;S100A10;ALDOA;GPD2;SERINC1;RETSAT;MIF;HPGD;GABARAPL1;ACOX1;MGLL;OSTC;ETFDH;ME1;HSP90AA1;UGDH;LGALS1;CPOX;TP53INP2;HSPH1;ACAT2;UBE2L6;VNN1;PDHB;ACO2;GLUL;IDI1;YWHAH;SDHA;SMS;ADIPOR2;PSME1;ACADVL;PRDX6;ECI1;IDH3G;HMGCS1;DLST;HSD17B11;CBR3;HCCS;ACSL1;SLC22A5;DLD;ACAA1;PDHA1;ERP29;HMGCL;SDHD;ECH1;NTHL1;NCAPH2;NSDHL;ALAD	REC_up	MSigDB_h.all	metabolic_cooption	Molecular Signatures Database
Stem NOTUM	targeted_predeclared	12433	2000	OGDEN_STATE_COLONOCYTE_MARKERS	0.3769706710979806	1.271931986671969	0.143317230273752	0.1383901366762427	0.902	7/33	7.62%	SLC26A3;THRB;NXPE1;SLC26A2;NXPE4;SEMA5A;NEGR1	REC_up	source_state_marker	rival_state	Ogden et al., Cell Genomics 2025; PMID 40393458
Stem NOTUM	targeted_predeclared	12433	2000	OGDEN_STATE_UPR_MARKERS	0.3729840546995217	1.2428344855970581	0.17474048442906576	0.1591799425437451	0.934	14/33	17.20%	FOS;HSPB1;TMPRSS2;ELF3;RAB11FIP1;PPP1R15A;HIST1H2AC;MUC12;NPSR1;HSPA1B;JUN;HSP90AA1;DNAJB1;HSPH1	REC_up	source_state_marker	rival_state	Ogden et al., Cell Genomics 2025; PMID 40393458
Stem NOTUM	targeted_predeclared	12433	2000	HALLMARK_MYC_TARGETS_V1	-0.24139800450876253	-1.2050596894095904	0.07557117750439367	0.163519115614924	0.8485	82/184	32.33%	CAD;SRPK1;SRSF7;CTPS1;SMARCC1;APEX1;MCM7;PSMA1;SRM;ORC2;EXOSC7;SRSF2;ABCE1;MYC;NOP16;NOP56;CDC45;MCM4;CSTF2;NME1;MCM6;TRA2B;CLNS1A;RUVBL2;SF3B3;HPRT1;RFC4;NAP1L1;HNRNPR;CCT2;DDX21;GSPT1;UBE2E1;IMPDH2;SNRPD1;GNL3;PSMD14;CCT3;HNRNPA2B1;MCM2;SRSF1;SNRPA;NCBP1;HNRNPA1;PRDX3;UBA2;TOMM70;POLD2;TYMS;PA2G4;CDC20;NHP2;KPNA2;G3BP1;ODC1;HNRNPD;EIF3B;CCNA2;MCM5;DUT;RANBP1;PWP1;MAD2L1;LSM2;CDK4;TFDP1;PRPS2;BUB3;FBL;CBX3;HDAC2;LSM7;C1QBP;PABPC4;HDDC2;TXNL4A;CCT4;RRP9;SRSF3;SERBP1;TRIM28;NPM1	REC_down	MSigDB_h.all	metabolic_cooption	Molecular Signatures Database
Stem NOTUM	targeted_predeclared	12433	2000	GOBP_POSITIVE_REGULATION_OF_EPITHELIAL_CELL_PROLIFERATION_INVOLVED_IN_WOUND_HEALING	0.6119052681525269	1.2196518216532084	0.24854368932038834	0.1764620206119292	0.9565	4/5	33.74%	B4GALT1;LRG1;FZD7;CLDN1	REC_up	MSigDB_c5.go.bp	repair_interpretation	Molecular Signatures Database
Stem NOTUM	targeted_predeclared	12433	2000	OGDEN_STATE_TA1_MARKERS	-0.3406956514252996	-1.2114961926815095	0.18961038961038962	0.18912943344081068	0.841	12/32	19.30%	BRIP1;NOX1;DIAPH3;ATAD2;REG1A;TOP2A;PDE3A;CNTNAP2;RRM2;LSAMP;ACSS3;FREM1	REC_down	source_state_marker	rival_state	Ogden et al., Cell Genomics 2025; PMID 40393458
Stem NOTUM	targeted_predeclared	12433	2000	GOBP_WOUND_HEALING_SPREADING_OF_EPIDERMAL_CELLS	0.36935753224349055	1.1068736279272882	0.31392174704276615	0.3130833889517619	0.997	9/19	26.32%	HBEGF;ITGA5;ITGB1;ITGAV;ACVRL1;ADAM17;RREB1;LRG1;AJUBA	REC_up	MSigDB_c5.go.bp	repair_interpretation	Molecular Signatures Database
Stem NOTUM	targeted_predeclared	12433	2000	GOBP_LIVER_REGENERATION	0.26317602049744665	0.7764973209913465	0.7710843373493976	0.9272282953400739	1.0	6/19	20.04%	CEBPB;IHH;CSNK2A2;CCND1;GUCD1;RAP1A	REC_up	MSigDB_c5.go.bp	regenerative_interpretation	Molecular Signatures Database
Stem NOTUM	targeted_predeclared	12433	2000	GOBP_PROLINE_BIOSYNTHETIC_PROCESS	0.2680070808234506	0.5425325584461763	0.9659533073929961	0.9929050230695569	1.0	3/5	37.69%	ALDH18A1;PYCR1;OAT	REC_up	MSigDB_c5.go.bp	pengwinkler_axis	Molecular Signatures Database
Stem NOTUM	targeted_predeclared	12433	2000	GOBP_PROLINE_METABOLIC_PROCESS	0.2680070808234506	0.5425325584461763	0.9659533073929961	0.9929050230695569	1.0	3/5	37.69%	ALDH18A1;PYCR1;OAT	REC_up	MSigDB_c5.go.bp	pengwinkler_axis	Molecular Signatures Database
TA1	targeted_predeclared	12906	2000	CANELLAS_CORE_HRC	0.9127170236775275	3.6108231088457647	0.0	0.0	0.0	92/95	7.72%	MUC13;KRT80;TSPAN1;PLAUR;SDCBP2;COL17A1;EMP1;SLC2A1;ARFGAP3;MYOF;SEMA3B;CYP3A5;CEACAM1;JUP;LAMA3;SLC44A4;MXD1;LAMB3;PLEC;RRAS;AHNAK;PRSS22;TMBIM1;SERINC2;TINAGL1;KLK10;LIPH;RIOK3;SLC6A8;ITGB4;AHNAK2;CAMK2N1;SNX9;MYH14;DUSP5;TNFRSF21;EZR;FLNB;GBP3;GPRC5A;UGCG;CD55;B4GALT1;EPS8L1;LAMC2;PTPRH;LMO7;CLIC3;PCDH1;CDCP1;ADAM9;DDR1;ANXA11;CXCL16;CGN;F11R;CDKN2B;STK24;TJP3;C19ORF33;TIMP2;TM4SF1;TSPAN3;RNF103;PDZK1IP1;LRP10;FA2H;DSG2;RHOF;PINK1;EFNB1;TMPRSS4;PTK6;TMPRSS2;ITGA3;BAIAP2L1;MISP;BMP2;CYSTM1;GJB3;SMAD3;CEACAM5;CDA;ITGB1;B4GALNT3;CD59;CD68;CRB3;ITGA2;SPINT1;USP53;PPARD	REC_up	published_signature	regenerative_interpretation	Ogden et al., Cell Genomics 2025; PMID 40393458
TA1	targeted_predeclared	12906	2000	CANELLAS_HRC_KRT20_NEG	0.7236846147738666	3.209857969022624	0.0	0.0	0.0	176/252	18.98%	ANKRD37;PLAUR;EFNA1;EGLN3;SDCBP2;QSOX1;P4HA2;MSLN;SLC2A1;APOL1;OAS1;NDRG1;P4HA1;LAMA3;MXD1;RRAS;CDKN1A;ECM1;TMBIM1;BNIP3L;SERINC2;KRT7;ISG15;VEGFA;NEDD9;KLF6;MALL;ANXA2;ISG20;POLD4;PGK1;MPZL3;DUSP5;EZR;TNIP1;GPRC5A;ERRFI1;BTG1;UBC;TNFAIP2;PTTG1IP;ZBP1;CTSD;NPEPPS;YPEL5;CXCL16;SQSTM1;IFI44;F11R;KRT19;TIPARP;JUNB;IRF7;EIF1;NFKBIA;SULT2B1;IRF1;TMEM59;B2M;SMIM14;ELF3;MXI1;CLIC5;TMOD3;TMPRSS4;ITGAV;SH3KBP1;GIPC1;MBNL2;NBL1;METRNL;BAIAP2L1;TAX1BP3;IDO1;LYPD3;EFHD2;EGLN1;SARAF;CYSTM1;RNF186;MLPH;BNIP3;RHBDL2;INSIG2;TAP1;ALDOA;CDA;HILPDA;APLP2;APOL2;GABARAP;ARPC2;WBP2;CRB3;GNAI2;CAPN5;ATP6V1D;ALDOC;UPP1;PTGES;TMEM30A;AFF4;PSCA;PRDM1;CAPG;ASAP2;NDEL1;EIF1B;CDH17;JUND;CCNG2;LGALS3BP;STAT1;DUSP1;OSTF1;PFKP;APPL2;RTP4;PKM;TMEM54;DAZAP2;VAMP3;PDLIM2;ARPC5;PMAIP1;CDK2AP2;UBE2L6;CPE;CD82;NDFIP1;TTC9;RHOG;CTTN;CHP1;PLEKHB2;SP110;PLS1;PSMB9;RBMS1;RAB11A;CORO2A;S100A14;CHMP2A;ARL6IP5;SPNS2;STAP2;S100A16;GPR137B;TPI1;LAPTM4A;PLAT;PGAM1;SCAMP2;ARF6;XPNPEP1;IL1A;YIPF3;HCFC1R1;SAR1B;R3HDM4;VMP1;ANXA4;ARPC1A;WBP1L;ADIPOR1;LDLRAP1;GPI;NUCB2;ADAM10;CD74;C15ORF48;SMOX;TNFRSF10B;SIRT7;GNA13;CORO1B	REC_up	published_signature	regenerative_interpretation	Ogden et al., Cell Genomics 2025; PMID 40393458
TA1	targeted_predeclared	12906	2000	CANELLAS_HRC_KRT20_POS	0.7428090698934731	3.2861776381462495	0.0	0.0	0.0	176/247	17.15%	ANKRD37;EFNA1;KLF4;SDCBP2;PMEPA1;P4HA2;EMP1;SLC2A1;CYP3A5;NDRG1;P4HA1;LAMA3;MXD1;LAMB3;DDIT4;BHLHE40;CDKN1A;ECM1;AHNAK;TMBIM1;BNIP3L;TES;KRT7;RIOK3;TXNIP;VEGFA;AHNAK2;MALL;RHOC;DDIT3;POLD4;MPZL3;CAST;GPRC5A;ERRFI1;BTG1;LPIN2;PTTG1IP;LAMC2;LMO7;IGFBP3;CTSD;SH3GLB1;YPEL5;HBEGF;YPEL3;HERPUD1;F11R;TIPARP;TMEM45B;FBXO32;TOB1;EIF1;SULT2B1;TGFA;PPP1R15A;RNF103;ZFAND5;ARRDC3;SLCO2A1;SMIM14;DUSP4;ELF3;LGALS3;CREBRF;SPAG9;MXI1;DHRS3;MBNL2;RAC1;NBL1;KLF3;METRNL;MFGE8;BAIAP2L1;ARL8B;CTSE;STOM;CD164;BMP2;SARAF;KLK8;RNF186;BNIP3;ALDOA;SWAP70;CDA;ITGB1;HILPDA;CREB3;APLP2;PDGFA;GABARAP;GDE1;CYTH2;WBP2;GADD45B;CCNI;PTGES;TMEM30A;AFF4;MAPK6;PSCA;PRDM1;RABAC1;BNIP2;ASAP2;NDEL1;ZFAND2A;EIF1B;IL22RA1;CAPZB;JUND;CCNG2;FAM107B;HBP1;DUSP1;OSTF1;TCP11L2;IGF2BP2;UBL3;DAZAP2;KIAA0232;PMAIP1;CDK2AP2;STX7;SAT1;RAPH1;TRIP10;CPE;CD82;CTSB;SYF2;CALR;ATP6V0E1;TSC22D3;PLEKHB2;UNC5B;BCL2L11;TP53INP1;SAMD8;SMAD7;RBMS1;YTHDC1;EDN2;ZMIZ1;S100A14;SPNS2;S100A16;GPR137B;CD24;CIR1;ACTR2;PLAT;MAF;ATP6V0C;KDELR3;ARF6;CITED2;TMEM50A;KLK6;CSNK1E;RICTOR;IL1A;BASP1;HCFC1R1;ST3GAL1;SAR1B;R3HDM4;ARPC1A;MOSPD1;RAB11B;RASA2;ABCB1;TPD52;GPI	REC_up	published_signature	regenerative_interpretation	Ogden et al., Cell Genomics 2025; PMID 40393458
TA1	targeted_predeclared	12906	2000	FROZEN_REC_TOP50	0.9858431860609833	3.4601966221788385	0.0	0.0	0.0	50/50	1.80%	MUC13;ANKRD37;KRT80;TSPAN1;PLAUR;DUOX2;FHL2;KLF4;EGLN3;KRT20;SDCBP2;RSAD2;COL17A1;QSOX1;DUOXA2;HIF1A-AS3;DDX60;P4HA2;ADGRF1;APOL1;SLC16A3;OAS1;ARFGAP3;FXYD3;C4BPB;MX2;CYP3A5;APOL6;NDRG1;CEACAM1;CDHR5;ADM;BIRC3;GSN;JUP;NDUFA4L2;MXD1;IL32;PNCK;CLDN3;ABCG1;GRHL1;ISG15;RHOC;STBD1;DUSP5;LDHA;BTG1;PTPRH;ANGPTL4	REC_up	anchor	primary_anchor	Ogden et al., Cell Genomics 2025; PMID 40393458
TA1	targeted_predeclared	12906	2000	HALLMARK_E2F_OGDEN_COPY	-0.7215451695031929	-3.6089838885464407	0.0	0.0	0.0	132/192	14.88%	HELLS;TOP2A;ATAD2;MMS22L;CENPE;PRKDC;SMC4;LMNB1;TACC3;BUB1B;KIF4A;DNMT1;NOP56;RFC3;CIT;UBE2T;LBR;NASP;ASF1B;TRIP13;MCM7;MCM5;CBX5;RRM2;KIF22;MCM4;CSE1L;EZH2;ILF3;DIAPH3;GINS1;CTPS1;SPC24;KIF18B;POLD1;PLK1;CHEK1;CHEK2;HMGB2;NUP205;HMMR;NME1;MYC;PAICS;MCM6;RPA2;MKI67;RANBP1;ORC6;MELK;SRSF2;BRCA2;CDK1;GINS4;RAD51AP1;CKS2;MAD2L1;POLA2;CDKN3;POLD2;PRIM2;CDC25A;MRE11;RBBP7;CCNB2;AURKB;BRCA1;PA2G4;RACGAP1;WDR90;PTTG1;MCM2;NOLC1;DSCC1;MSH2;CDC20;PLK4;KPNA2;DEPDC1;GSPT1;MCM3;DLGAP5;KIF2C;PCNA;CDCA8;TMPO;AURKA;BRMS1L;CDCA3;NCAPD2;MYBL2;POLE;DUT;IPO7;TIMELESS;UBE2S;NUP107;TP53;TIPIN;PSIP1;BIRC5;LYAR;NBN;LUC7L3;LIG1;CDK4;HNRNPD;SHMT1;STMN1;ESPL1;CENPM;TK1;RFC2;SRSF1;BARD1;ORC2;SPAG5;SMC6;E2F8;TRA2B;CCP110;SPC25;MLH1;UNG;MXD3;PNN;POLD3;RAD50;NUP153;CCNE1;RPA1;AK2	REC_down	published_signature	rival_program	Ogden et al., Cell Genomics 2025; PMID 40393458
TA1	targeted_predeclared	12906	2000	HALLMARK_E2F_TARGETS	-0.7215451695031929	-3.6089838885464407	0.0	0.0	0.0	132/192	14.88%	HELLS;TOP2A;ATAD2;MMS22L;CENPE;PRKDC;SMC4;LMNB1;TACC3;BUB1B;KIF4A;DNMT1;NOP56;RFC3;CIT;UBE2T;LBR;NASP;ASF1B;TRIP13;MCM7;MCM5;CBX5;RRM2;KIF22;MCM4;CSE1L;EZH2;ILF3;DIAPH3;GINS1;CTPS1;SPC24;KIF18B;POLD1;PLK1;CHEK1;CHEK2;HMGB2;NUP205;HMMR;NME1;MYC;PAICS;MCM6;RPA2;MKI67;RANBP1;ORC6;MELK;SRSF2;BRCA2;CDK1;GINS4;RAD51AP1;CKS2;MAD2L1;POLA2;CDKN3;POLD2;PRIM2;CDC25A;MRE11;RBBP7;CCNB2;AURKB;BRCA1;PA2G4;RACGAP1;WDR90;PTTG1;MCM2;NOLC1;DSCC1;MSH2;CDC20;PLK4;KPNA2;DEPDC1;GSPT1;MCM3;DLGAP5;KIF2C;PCNA;CDCA8;TMPO;AURKA;BRMS1L;CDCA3;NCAPD2;MYBL2;POLE;DUT;IPO7;TIMELESS;UBE2S;NUP107;TP53;TIPIN;PSIP1;BIRC5;LYAR;NBN;LUC7L3;LIG1;CDK4;HNRNPD;SHMT1;STMN1;ESPL1;CENPM;TK1;RFC2;SRSF1;BARD1;ORC2;SPAG5;SMC6;E2F8;TRA2B;CCP110;SPC25;MLH1;UNG;MXD3;PNN;POLD3;RAD50;NUP153;CCNE1;RPA1;AK2	REC_down	MSigDB_h.all	proliferation	Molecular Signatures Database
TA1	targeted_predeclared	12906	2000	HALLMARK_EPITHELIAL_MESENCHYMAL_TRANSITION	0.6300467992865635	2.541595928087911	0.0	0.0	0.0	54/109	17.51%	PLAUR;PMEPA1;QSOX1;PLOD2;LAMA3;ECM1;IL32;DST;SLC6A8;VEGFA;ITGA5;MXRA5;DKK1;LAMC2;IGFBP3;ENO2;SDC4;CXCL8;TGM2;ITGAV;JUN;RHOB;TNFAIP3;LRP1;SERPINE2;TNFRSF12A;DPYSL3;TPM4;ITGB1;FSTL3;CD59;GPC1;GADD45B;ITGA2;COL16A1;COL7A1;CAPG;CCN2;MMP14;TIMP1;PDLIM4;TNFRSF11B;SAT1;IGFBP2;IL15;BMP1;CADM1;TNC;AREG;BASP1;FUCA1;CXCL1;MYLK;PMP22	REC_up	MSigDB_h.all	plasticity_context	Molecular Signatures Database
TA1	targeted_predeclared	12906	2000	HALLMARK_G2M_CHECKPOINT	-0.7019118810035179	-3.4447044936237603	0.0	0.0	0.0	112/189	11.67%	KNL1;TPX2;TOP2A;KIF20B;CENPE;CENPF;KIF15;SMC4;LMNB1;TACC3;KIF11;KIF4A;UCK2;BUB1;KIF23;NUSAP1;LBR;SRSF10;RBL1;DBF4;NASP;UBE2C;PBK;MCM5;KIF22;NSD2;POLQ;EZH2;ILF3;CDC7;RAD54L;MAP3K20;EXO1;PRC1;CDC45;STIL;PLK1;CHEK1;HMMR;MYC;FANCC;MCM6;RPA2;TROAP;SNRPD1;NDC80;SLC12A2;MKI67;ORC6;SMARCC1;TFDP1;SRSF2;BRCA2;CDK1;CKS2;MAD2L1;CENPA;CHAF1A;POLA2;TNPO2;CDKN3;PRIM2;CDC25A;CCNF;E2F3;CCNB2;AURKB;RACGAP1;PTTG1;GINS2;MCM2;NOLC1;E2F2;CDC20;PLK4;KPNA2;HMGN2;GSPT1;MCM3;ORC5;ABL1;KIF2C;WRN;E2F1;TMPO;DKC1;TTK;DTYMK;NEK2;AURKA;INCENP;MYBL2;POLE;FBXO5;UBE2S;SFPQ;SMC2;BIRC5;MNAT1;CDC6;BUB3;CDK4;HNRNPD;PRMT5;NCL;STMN1;G3BP1;ESPL1;CUL4A;SRSF1;DMD;BARD1	REC_down	MSigDB_h.all	proliferation	Molecular Signatures Database
TA1	targeted_predeclared	12906	2000	HALLMARK_HYPOXIA	0.7117458540009562	3.0013095859369927	0.0	0.0	0.0	97/156	17.41%	PLAUR;EFNA1;P4HA2;SLC2A1;NDRG1;ADM;KDM3A;P4HA1;DDIT4;BHLHE40;CDKN1A;IDS;BNIP3L;TES;WSB1;VEGFA;KLF6;ANXA2;ISG20;STBD1;ATF3;DDIT3;AKAP12;PAM;PGK1;HK2;ERRFI1;LDHA;BTG1;FOSL2;HSPA5;ANGPTL4;IGFBP3;ERO1A;ENO2;FOS;PLAC8;SDC4;NFIL3;ETS1;PNRC1;ZFP36;ZNF292;TIPARP;CDKN1C;PIM1;SULT2B1;PPP1R15A;MAFF;IGFBP1;VLDLR;MYH9;KLF7;PDK1;MXI1;TGM2;JUN;DTNA;AMPD3;TNFAIP3;GBE1;ALDOA;UGP2;PPFIA4;GPC1;TPBG;ALDOC;LARGE1;FOXO3;CCN2;STC2;CCNG2;DUSP1;PFKP;F3;KLHL24;PRKCA;PDGFB;GLRX;S100A4;EDN2;EFNA3;TPI1;CAVIN1;NOCT;KDELR3;CITED2;XPNPEP1;PLIN2;HS3ST1;GAPDH;ENO1;CAVIN3;TPD52;GPI;SIAH2;NR3C1	REC_up	MSigDB_h.all	generic_stress	Molecular Signatures Database
TA1	targeted_predeclared	12906	2000	HALLMARK_MYC_TARGETS_V1	-0.5478572376071444	-2.704009983740631	0.0	0.0	0.0	94/184	18.25%	CAD;SRPK1;NOP56;SRM;MCM7;SRSF7;MCM5;MCM4;PSMA1;CTPS1;CDC45;NME1;MYC;MCM6;SNRPD1;RANBP1;SMARCC1;TFDP1;SRSF2;MAD2L1;SNRPA;POLD2;EXOSC7;NOP16;PA2G4;APEX1;MCM2;NOLC1;ABCE1;CDC20;KPNA2;PABPC4;GSPT1;RUVBL2;HNRNPR;PCNA;RRM1;FBL;HPRT1;RFC4;TYMS;HSPD1;UBA2;PRDX3;DUT;IMPDH2;EIF3B;GNL3;SERBP1;DDX21;CLNS1A;TOMM70;BUB3;CDK4;CCT3;HNRNPD;SF3B3;TRIM28;NHP2;C1QBP;HNRNPA1;G3BP1;CCT2;CSTF2;SRSF3;SRSF1;ORC2;TUFM;TXNL4A;GOT2;ODC1;CCNA2;TRA2B;PRPF31;RRP9;HSPE1;PSMD14;DDX18;NPM1;LSM2;NCBP1;CCT4;PPM1G;CYC1;CCT5;KPNB1;PRPS2;PHB2;NDUFAB1;XPO1;PWP1;SNRPD2;RSL1D1;EIF3J	REC_down	MSigDB_h.all	metabolic_cooption	Molecular Signatures Database
TA1	targeted_predeclared	12906	2000	HALLMARK_TNFA_NFKB_OGDEN_COPY	0.7125218881951859	3.018638439952427	0.0	0.0	0.0	100/154	17.01%	PLAUR;EFNA1;KLF4;PMEPA1;BIRC3;MXD1;LAMB3;BHLHE40;CDKN1A;VEGFA;CCL20;KLF6;ATF3;EDN1;DUSP5;TNIP1;BTG1;B4GALT1;TNFAIP2;KLF2;FOSL2;IFIH1;FOS;SDC4;HBEGF;NFIL3;SQSTM1;PNRC1;ZFP36;TIPARP;JUNB;EHD1;EIF1;B4GALT5;NFKBIA;DDX58;CXCL11;IFIT2;PPP1R15A;IRF1;MAFF;IL18;IFNGR2;DUSP4;F2RL1;CFLAR;TUBB2A;BCL3;JUN;MAP3K8;PLK2;RHOB;MARCKS;TNFAIP3;PLAU;TRIB1;BMP2;PHLDA2;SMAD3;TAP1;CLCF1;BCL6;RNF19B;ZC3H12A;PDLIM5;REL;RELA;GADD45B;IL23A;BIRC2;LITAF;CCNL1;RELB;RCAN1;ICAM1;DUSP1;NAMPT;F3;FOSL1;ABCA1;CXCL10;MCL1;SAT1;TRIP10;CEBPB;LDLR;TNFAIP8;KLF10;TNC;NFKBIE;AREG;MAP2K3;IL1A;FOSB;BTG3;TNFSF9;CXCL1;NFKB2;IL6ST;IER2	REC_up	published_signature	regulatory_context	Ogden et al., Cell Genomics 2025; PMID 40393458
TA1	targeted_predeclared	12906	2000	NUSSE_REGENERATIVE	0.6789713792448058	2.584535954202892	0.0	0.0	0.0	46/73	18.24%	DUOXA2;APOL1;SLC16A3;OAS1;ADM;GBP2;ISG15;MX1;ZBP1;CAPN2;CHAC1;SPATS2L;IFI44;IRF7;OAS3;DUOXA1;RHOF;PLA2G2F;OASL;SH3KBP1;IDO1;PHLDA2;UBD;S100A6;TAP1;TRIB3;SERPINB5;APOL2;KCNK6;NPTX2;STAT2;ICAM1;DUSP1;HLA-DQB1;CXCL9;STXBP1;GBP4;S100A14;PLK3;B3GALT5;ATG9B;AREG;TNFSF9;HSPA1A;BST2;CD74	REC_up	published_signature	regenerative_interpretation	Ogden et al., Cell Genomics 2025; PMID 40393458
TA1	targeted_predeclared	12906	2000	OGDEN_EPIHR	0.7771094166133641	3.0034317413381246	0.0	0.0	0.0	56/80	13.95%	KRT80;COL17A1;MSLN;SLC2A1;LAMA3;LAMB3;PRSS22;KLK10;CAMK2N1;TNFRSF21;SEMA4B;GPRC5A;WFDC3;EPS8L1;SCEL;LAMC2;LMO7;KRT17;DDR1;ANXA3;KRT19;SLC20A1;PSORS1C1;C19ORF33;MAPK3;MMP7;C1ORF116;ITGA3;RIPK4;SLC25A25;CTSE;PNPLA2;KRT6A;KLK8;GJB3;RNF39;RHBDL2;EPHA2;SERPINB5;PPL;LEMD1;FAM155A;TACSTD2;KLK7;SPINT1;SLPI;S100A2;SEZ6L2;RHOD;ZNF185;HIST2H2BE;SCNN1A;DUSP27;VSIG2;SLC22A18;SFTA2	REC_up	published_signature	regenerative_interpretation	Ogden et al., Cell Genomics 2025; PMID 40393458
TA1	targeted_predeclared	12906	2000	OGDEN_HYPOXIA_MP6	0.8275745832079094	2.8814336291217533	0.0	0.0	0.0	35/47	9.00%	ANKRD37;EGLN3;SLC2A1;SLC16A3;PLOD2;NDRG1;ADM;P4HA1;NDUFA4L2;DDIT4;BNIP3L;WSB1;VEGFA;DDIT3;AKAP12;PGK1;HK2;ERRFI1;LDHA;C4ORF3;ANGPTL4;IGFBP3;ERO1A;ENO2;DNAJB9;LGALS3;PDK1;BNIP3;INSIG2;GBE1;ALDOA;HILPDA;CA9;S100A10;PFKP	REC_up	published_signature	rival_program	Ogden et al., Cell Genomics 2025; PMID 40393458
TA1	targeted_predeclared	12906	2000	OGDEN_STATE_HYPOXIA_MARKERS	0.9054850601870799	2.89397850315838	0.0	0.0	0.0	28/33	4.59%	ANKRD37;FHL2;EFNA1;EGLN3;SMIM2-AS1;SLC2A1;HKDC1;FXYD3;PLOD2;NDRG1;NEAT1;KDM3A;P4HA1;PTPRR;DDIT4;BHLHE40;TFF3;WSB1;VEGFA;PGK1;ERRFI1;ERO1A;FRMD5;FAM13A;FABP1;CKB;PDK1;DTNA	REC_up	source_state_marker	rival_state	Ogden et al., Cell Genomics 2025; PMID 40393458
TA1	targeted_predeclared	12906	2000	OGDEN_STATE_IREC_MARKERS	0.7565873755734837	2.427092546848796	0.0	0.0	0.0	27/33	18.60%	PMEPA1;EMP1;HDAC9;LAMA3;RIOK3;ISG15;ANXA2;ATF3;EZR;ANXA1;IFI44L;LAMC2;MYO1E;IFI6;KRT19;FRMD5;S100A6;SERPINB5;EPHA4;TNFRSF11B;SOX6;LMNA;RUNX1;LY6E;FOSB;PMP22;NR4A1	REC_up	source_state_marker	rival_state	Ogden et al., Cell Genomics 2025; PMID 40393458
TA1	targeted_predeclared	12906	2000	OGDEN_STATE_REC_MARKERS	0.9250313426494656	3.017851883423338	0.0	0.0	0.0	30/33	4.20%	MUC13;ANKRD37;TSPAN1;PLAUR;DUOX2;FHL2;EGLN3;SDCBP2;COL17A1;HIF1A-AS3;SLC2A1;HKDC1;CYP3A5;NDRG1;CEACAM1;HDAC9;ATP1B1;PTPRR;MXD1;BCAS1;DST;FER1L6;CD55;LAMC2;ERO1A;PLAC8;ADAM9;FAM13A;IL1RAP;PAG1	REC_up	source_state_marker	state_identity	Ogden et al., Cell Genomics 2025; PMID 40393458
TA1	targeted_predeclared	12906	2000	PUBLISHED_FETAL	0.5209252056209592	2.227032835133814	0.0	0.0	0.0	85/191	18.94%	PLAUR;PMEPA1;MSLN;EMP1;GSN;LAMA3;ECM1;AHNAK;PRSS22;TINAGL1;KRT7;GCNT3;ITGB4;ANXA1;CD55;EPS8L1;SCEL;LAMC2;SORL1;CLIC3;CAPN2;CXCL16;ANXA3;TIMP2;PDZK1IP1;PPIC;SH3KBP1;WWC2;HSPB1;PLK2;PHLDA2;GJB3;S100A6;VNN1;CLCF1;SERPINB5;PHLDA3;RAB27B;AKAP13;PPL;GPC1;GADD45B;CAPN5;TACSTD2;FOXQ1;PSCA;DAPK1;EPHA4;ICAM1;PLCD3;ARL1;FKBP9;IL1RN;FOSL1;RHOD;PDLIM4;TTC9;S100A4;S100A11;RBMS1;S100A14;LMNA;S100A16;MGAT4C;GPR137B;ARL4C;TNFAIP8;PLAT;TMEM43;NOXO1;KIFC3;BASP1;RAB11FIP5;MSN;BAIAP2;HSPA1A;CGNL1;GLIS3;ARHGEF3;KRT18;TNFRSF10B;PRKAR1A;KRT23;RDH10;ICA1	REC_up	published_signature	regenerative_interpretation	Ogden et al., Cell Genomics 2025; PMID 40393458
TA1	targeted_predeclared	12906	2000	PUBLISHED_PEMT	0.7054013518024305	2.5201867396698185	0.0	0.0	0.0	30/52	10.96%	PLAUR;QSOX1;PLOD2;LAMA3;ECM1;IL32;DST;SLC6A8;VEGFA;DKK1;LAMC2;ENO2;SDC4;CXCL8;TGM2;JUN;RHOB;LRP1;TNFRSF12A;TPM4;ITGB1;CD59;GADD45B;ITGA2;COL7A1;CAPG;TNFRSF11B;SAT1;IGFBP2;IL15	REC_up	published_signature	regenerative_interpretation	Ogden et al., Cell Genomics 2025; PMID 40393458
TA1	targeted_predeclared	12906	2000	PUBLISHED_YAP	0.6797750923756382	2.6681761398234287	0.0	0.0	0.0	54/89	17.79%	PLAUR;MSLN;EMP1;MYOF;LAMA3;AHNAK;KRT7;ANXA1;GPRC5A;LAMC2;CLIC3;CAPN2;CXCL16;ANXA3;TM4SF1;RND1;RHOF;LGALS3;NBL1;WWC2;PLAU;GJB3;S100A6;EPHA2;VNN1;SERPINB5;SERPINB9;MDFI;LHFPL2;PSCA;TRPM6;PHLDB2;F3;IL1RN;FOSL1;RHOD;PDLIM2;ZNF185;S100A4;S100A11;ITGB6;RBMS1;CA2;LAMA5;S100A14;ADAM8;S100A16;UNC13D;AREG;EDN3;HSPA1A;ACOT9;PMP22;SLC35E4	REC_up	published_signature	regenerative_interpretation	Ogden et al., Cell Genomics 2025; PMID 40393458
TA1	targeted_predeclared	12906	2000	HALLMARK_GLYCOLYSIS	0.48763798448423173	2.063725108162386	0.0	6.80855060044373e-05	0.001	58/168	15.25%	EGLN3;QSOX1;P4HA2;SLC16A3;PLOD2;P4HA1;DDIT4;TFF3;CLDN3;VEGFA;ISG20;PAM;PGK1;HK2;LDHA;B4GALT1;DSC2;HSPA5;ANGPTL4;IGFBP3;ERO1A;ENO2;RBCK1;ZNF292;TGFA;ELF3;VLDLR;MXI1;ALDOA;UGP2;PPFIA4;SOX9;SPAG4;CHPF;COPB2;GPC1;CAPN5;TPBG;IL13RA1;BIK;B3GNT3;STC2;ANG;PFKP;PKM;PPP2CB;GLRX;MET;GNE;AGRN;EFNA3;TPI1;SLC35A3;ARPP19;PGAM1;KDELR3;CITED2;GFPT1	REC_up	MSigDB_h.all	metabolic_cooption	Molecular Signatures Database
TA1	targeted_predeclared	12906	2000	OGDEN_STATE_TA1_MARKERS	-0.5572801470036483	-1.963277031895782	0.0	0.00044769301050708087	0.0035	14/32	18.48%	NOX1;TOP2A;ATAD2;BRIP1;RRM2;DIAPH3;PDE3A;FREM1;TUBA1B;GABRB1;NPM1;CNTNAP2;REG1A;LSAMP	REC_down	source_state_marker	rival_state	Ogden et al., Cell Genomics 2025; PMID 40393458
TA1	targeted_predeclared	12906	2000	REACTOME_COLLAGEN_BIOSYNTHESIS_AND_MODIFYING_ENZYMES	0.562751009742113	1.810208766777459	0.003142183817753339	0.0016075744473269915	0.0245	18/34	27.22%	COL17A1;P4HA2;PLOD2;P4HA1;P4HB;COL16A1;COL7A1;COL22A1;COL9A2;BMP1;COL6A1;P3H2;PPIB;SERPINH1;PLOD1;COL4A4;PLOD3;COL18A1	REC_up	MSigDB_c2.cp.reactome	pengwinkler_axis	Molecular Signatures Database
TA1	targeted_predeclared	12906	2000	HALLMARK_UNFOLDED_PROTEIN_RESPONSE	0.44442538344028865	1.7723867408271303	0.0	0.002132151372244221	0.0345	39/104	19.77%	DDIT4;VEGFA;ATF3;HSPA5;ERO1A;CHAC1;HERPUD1;IFIT1;DNAJB9;YWHAZ;IGFBP1;TUBB2A;EIF2AK3;SEC31A;SRPRA;SHC1;HYOU1;STC2;CEBPG;ERN1;DNAJC3;PDIA6;NABP1;CEBPB;CALR;SERP1;ATP6V0D1;XBP1;ATF4;HSP90B1;KDELR3;EDEM1;GOSR2;BAG3;DNAJA4;SPCS3;POP4;ALDH18A1;NFYA	REC_up	MSigDB_h.all	generic_stress	Molecular Signatures Database
TA1	targeted_predeclared	12906	2000	PAN_EPITHELIAL_7	0.8156446236142336	1.745553617065288	0.010166358595194085	0.0028068249850329275	0.046	7/7	18.48%	CDH1;MUC1;KRT19;EPCAM;TACSTD2;KRT8;KRT18	REC_up	composition_control	composition_control	Operational composition surrogate; not a tumour-purity estimator
TA1	targeted_predeclared	12906	2000	GOBP_TISSUE_REGENERATION	0.4510993408573333	1.6078986701278468	0.01411589895988113	0.009397420912088643	0.1485	22/48	24.79%	CDKN1A;ANXA1;DUSP10;IFRD1;IGFBP1;CFLAR;MDK;LARGE1;PPARD;KLF5;RUNX1;PTPN12;KLK6;YAP1;CD9;COL6A1;TEC;PPP3CA;CDKN1B;APOD;FZD7;BIN3	REC_up	MSigDB_c5.go.bp	regenerative_interpretation	Molecular Signatures Database
TA1	targeted_predeclared	12906	2000	GOBP_WOUND_HEALING_SPREADING_OF_EPIDERMAL_CELLS	0.5388794507453183	1.5426115438594405	0.024166666666666666	0.01723027521271385	0.2645	10/19	21.66%	ITGA5;HBEGF;ITGAV;ITGB1;ADAM17;PHLDB2;ACVRL1;RREB1;LRG1;AJUBA	REC_up	MSigDB_c5.go.bp	repair_interpretation	Molecular Signatures Database
TA1	targeted_predeclared	12906	2000	GOBP_LIVER_REGENERATION	-0.4805159451885618	-1.5201860882520797	0.0491183879093199	0.025209380234505863	0.1895	7/20	11.57%	EZH2;PNPT1;UCP2;PCNA;AURKA;PRMT5;SRSF1	REC_down	MSigDB_c5.go.bp	regenerative_interpretation	Molecular Signatures Database
TA1	targeted_predeclared	12906	2000	GOBP_POSITIVE_REGULATION_OF_EPITHELIAL_CELL_PROLIFERATION_INVOLVED_IN_WOUND_HEALING	0.7349482975105779	1.425963276569844	0.07649253731343283	0.04594587559542918	0.56	4/5	24.45%	B4GALT1;CLDN1;LRG1;FZD7	REC_up	MSigDB_c5.go.bp	repair_interpretation	Molecular Signatures Database
TA1	targeted_predeclared	12906	2000	PENGWINKLER_PALMITATE_UP_TOP100	0.37015193505428956	1.414103292698931	0.019424460431654675	0.047986097252710705	0.589	20/74	11.48%	SLC16A3;MAL2;LDHA;FOSL2;ANGPTL4;EPB41L1;MTUS1;PTPRB;WWC2;HSPB1;RHOB;ID1;MACC1;DSTN;NEBL;CPE;ARHGAP27;TTC9;CLMN;UNC5B	REC_up	PengWinkler_perturbation	pengwinkler_axis	Peng-Winkler et al., Nature 2026; DOI 10.1038/s41586-026-10686-2
TA1	targeted_predeclared	12906	2000	OGDEN_STATE_COLONOCYTE_MARKERS	-0.2982799037939448	-1.0707440245828475	0.3391812865497076	0.3213796253997259	0.9535	13/33	21.63%	SHISA9;GRM8;VAV3;CFTR;SAMD3;NXPE4;KAZN;ADAMTSL1;SLC4A10;ST6GAL2;FOXP2;PLCL1;PRKG1	REC_down	source_state_marker	rival_state	Ogden et al., Cell Genomics 2025; PMID 40393458
TA1	targeted_predeclared	12906	2000	HALLMARK_WNT_BETA_CATENIN_SIGNALING	0.30886113396027376	0.9864322799399035	0.47372549019607846	0.5675689483137099	1.0	12/31	21.79%	DKK1;ADAM17;PPARD;NCSTN;NCOR2;CTNNB1;CSNK1E;HDAC5;HDAC11;RBPJ;WNT5B;JAG1	REC_up	MSigDB_h.all	metabolic_cooption	Molecular Signatures Database
TA1	targeted_predeclared	12906	2000	OGDEN_STATE_UPR_MARKERS	0.2960379835238124	0.9689132944467292	0.5069018404907976	0.5825998188600464	1.0	7/32	5.39%	FOS;PPP1R15A;ELF3;TMPRSS2;JUN;HSPB1;RAB11FIP1	REC_up	source_state_marker	rival_state	Ogden et al., Cell Genomics 2025; PMID 40393458
TA1	targeted_predeclared	12906	2000	HALLMARK_FATTY_ACID_METABOLISM	0.18815878946774123	0.7766297250847154	0.9038978494623656	0.9255341951410601	1.0	15/131	10.59%	LDHA;ENO2;FABP1;RETSAT;HPGD;ALDOA;VNN1;GABARAPL1;GPD2;SERINC1;TP53INP2;S100A10;ACOX1;UBE2L6;MGLL	REC_up	MSigDB_h.all	metabolic_cooption	Molecular Signatures Database
TA1	targeted_predeclared	12906	2000	GOBP_PROLINE_BIOSYNTHETIC_PROCESS	0.26586324828838115	0.5537429052346396	0.9532062391681109	0.9914587906605468	1.0	3/6	29.54%	ALDH18A1;NOXRED1;OAT	REC_up	MSigDB_c5.go.bp	pengwinkler_axis	Molecular Signatures Database
TA1	targeted_predeclared	12906	2000	GOBP_PROLINE_METABOLIC_PROCESS	0.26586324828838115	0.5537429052346396	0.9532062391681109	0.9914587906605468	1.0	3/6	29.54%	ALDH18A1;NOXRED1;OAT	REC_up	MSigDB_c5.go.bp	pengwinkler_axis	Molecular Signatures Database
UPR	targeted_predeclared	10358	2000	CANELLAS_CORE_HRC	0.8760480860709854	3.505739956607707	0.0	0.0	0.0	89/95	10.52%	TSPAN1;PLEC;CEACAM1;SDCBP2;TM4SF1;AHNAK;SERINC2;SLC2A1;CAMK2N1;MUC13;CYP3A5;MYOF;KRT80;SLC6A8;LAMB3;COL17A1;JUP;C19ORF33;LRP10;SPINT1;TMBIM1;RRAS;CD55;ARFGAP3;SLC44A4;ITGB4;TNFRSF21;RIOK3;LAMA3;F11R;CD59;SNX9;UGCG;CDKN2B;FLNB;DSG2;MISP;TINAGL1;PCDH1;LAMC2;CXCL16;PLAUR;SEMA3B;PTPRH;AHNAK2;EMP1;MXD1;PRSS22;LIPH;MYH14;B4GALT1;ANXA11;TSPAN3;DDR1;PPARD;CGN;CEACAM5;CRB3;PDZK1IP1;RNF103;BMP2;ITGB1;PTK6;EPS8L1;KLK10;DUSP5;CDCP1;FA2H;LMO7;SLPI;SMAD3;HEBP2;STK24;EFNB1;EZR;GJB3;ADAM9;ITGA2;PINK1;BAIAP2L1;B4GALNT3;GPRC5A;CLIC3;CD68;USP53;GBP3;CDA;TJP3;RHOF	REC_up	published_signature	regenerative_interpretation	Ogden et al., Cell Genomics 2025; PMID 40393458
UPR	targeted_predeclared	10358	2000	CANELLAS_HRC_KRT20_NEG	0.7157601088678021	3.2414425054543488	0.0	0.0	0.0	152/233	16.01%	NDRG1;B2M;SDCBP2;KRT19;ANKRD37;OAS1;QSOX1;SERINC2;SLC2A1;BTG1;EGLN3;PTTG1IP;ANXA2;ISG15;ISG20;TMEM59;TMBIM1;RRAS;P4HA2;VEGFA;POLD4;ZBP1;PGK1;LAMA3;F11R;CTSD;EIF1;BNIP3L;CLIC5;APLP2;UBC;CXCL16;PLAUR;TAP1;ATP6V1D;ECM1;MALL;SARAF;MXD1;NPEPPS;NFKBIA;APOL1;NBL1;GABARAP;ARPC5;KLF6;LGALS3BP;CAPG;CRB3;P4HA1;TMEM54;EFHD2;ARPC2;RTN3;CDKN1A;LAPTM4A;S100A14;MLPH;TPI1;PFKP;IRF1;ITGAV;DUSP5;NUCB2;METRNL;TNIP1;STAT1;EFNA1;MSLN;IRF7;YIPF3;GIPC1;ERRFI1;SMIM14;IDO1;BSG;EZR;ERGIC3;PSME1;GNAI2;TIPARP;HIGD1A;HILPDA;CHMP2A;CDK2AP2;ARPC1A;PKM;JUND;TMOD3;ARF6;ZBTB7A;PLS1;TAX1BP3;APPL2;BAIAP2L1;ALDOA;GPRC5A;CPE;CHP1;TMEM30A;PRDM1;SH3KBP1;CD74;MXI1;EGLN1;YPEL5;UBE2L6;SULT2B1;IFI44;PSMB9;BNIP3;CTTN;UPP1;EIF1B;MPZL3;S100A16;ANXA4;CDA;NEDD9;XPNPEP1;CDH17;ASAP2;MGAT4B;RHOA;SP110;PSMB8;CCNG2;CTSH;SPNS2;GPI;ADIPOR1;NDFIP1;DAZAP2;CD82;TMPRSS4;ARL6IP5;R3HDM4;SDF2;RHOG;GPA33;WBP2;RNF186;CYSTM1;SHISA5;PRNP;TMEM9B;VAMP3;APOL2;SCAMP2;OSTF1;TTC9;PGAM1	REC_up	published_signature	regenerative_interpretation	Ogden et al., Cell Genomics 2025; PMID 40393458
UPR	targeted_predeclared	10358	2000	CANELLAS_HRC_KRT20_POS	0.6964478856139336	3.1289600750049997	0.0	0.0	0.0	145/227	18.74%	NDRG1;PMEPA1;SDCBP2;ANKRD37;AHNAK;SLC2A1;CYP3A5;BTG1;PTTG1IP;LAMB3;RHOC;RAC1;TMBIM1;P4HA2;VEGFA;KLF4;RABAC1;POLD4;RIOK3;LAMA3;F11R;CTSD;EIF1;TES;CD164;BNIP3L;DDIT4;APLP2;CCNI;LPIN2;LAMC2;LGALS3;ECM1;MALL;SARAF;SH3GLB1;AHNAK2;EMP1;MXD1;NBL1;GABARAP;CALR;P4HA1;CDKN1A;RNF103;S100A14;BMP2;ITGB1;CREB3;TXNIP;BHLHE40;CTSE;NUCB2;METRNL;EFNA1;ATP6V0C;TMEM50A;TGFA;ACTR2;LMO7;SPAG9;ERRFI1;TMEM45B;SMIM14;FAM107B;HERPUD1;FBXO32;HBEGF;TIPARP;HILPDA;CDK2AP2;CAST;ARPC1A;DDIT3;JUND;MFGE8;ZFAND5;CD24;ARF6;BAIAP2L1;ALDOA;GPRC5A;CPE;GDE1;TMEM30A;PRDM1;MXI1;YPEL5;SULT2B1;PDGFA;BNIP3;CAPZB;EIF1B;MPZL3;SWAP70;S100A16;FTL;CREBRF;CDA;SYF2;ASAP2;MGAT4B;RHOA;DHRS3;MAPK6;CCNG2;CTSB;SPNS2;GPI;STX7;YPEL3;DAZAP2;CYTH2;ARL8B;CD82;SAMD8;R3HDM4;SDF2;GPA33;WBP2;RNF186;KDELR3;SLCO2A1;PAK2;CIR1;PRNP;TMEM9B;PFDN5;ATP6V0E1;OSTF1;RAB11B;RAPH1;KIAA0232;BCL2L11;C15ORF48;PLEKHB2;DUSP4;TCP11L2;ABHD5;IL22RA1;ARRDC3;SLC22A4;MOSPD1;BASP1;MARCKSL1	REC_up	published_signature	regenerative_interpretation	Ogden et al., Cell Genomics 2025; PMID 40393458
UPR	targeted_predeclared	10358	2000	FROZEN_REC_TOP50	0.9397809636142931	3.350204117898179	0.0	0.0	0.0	46/47	5.32%	TSPAN1;KRT20;IL32;NDRG1;CEACAM1;SDCBP2;CLDN3;ANKRD37;OAS1;QSOX1;LDHA;MUC13;CYP3A5;FXYD3;KRT80;BTG1;EGLN3;GSN;COL17A1;JUP;RHOC;ISG15;C4BPB;CDHR5;APOL6;ABCG1;P4HA2;SLC16A3;ARFGAP3;KLF4;FHL2;DDX60;PLAUR;DUOX2;MX2;PTPRH;HIF1A-AS3;RSAD2;MXD1;APOL1;STBD1;BIRC3;ADM;DUOXA2;DUSP5;ADGRF1	REC_up	anchor	primary_anchor	Ogden et al., Cell Genomics 2025; PMID 40393458
UPR	targeted_predeclared	10358	2000	HALLMARK_E2F_OGDEN_COPY	-0.48828954385332646	-2.34545609429112	0.0	0.0	0.0	83/155	25.60%	CKS2;MMS22L;CENPE;PRKDC;MYC;CHEK2;ILF3;RFC3;MRE11;MELK;KIF18B;TOP2A;SHMT1;HELLS;UBE2T;ATAD2;ORC6;CIT;CSE1L;BRMS1L;PRIM2;NASP;RAD51AP1;BRCA1;KIF4A;BUB1B;TRA2B;SRSF1;SRSF2;CBX5;LMNB1;TACC3;CTPS1;MSH2;MCM7;MKI67;PAICS;RRM2;DIAPH3;NUP205;POLD2;CHEK1;WDR90;LBR;NUP107;RACGAP1;GINS1;HMGB2;NME1;CDK1;DNMT1;KIF22;MLH1;AURKB;LUC7L3;RAD50;ORC2;CCP110;PTTG1;EZH2;NCAPD2;RAD1;NOP56;PPM1D;MCM6;PSIP1;SLBP;DSCC1;PNN;KIF2C;POLA2;PAN2;RBBP7;NUP153;EXOSC8;MCM4;PA2G4;STAG1;AURKA;LYAR;SMC4;STMN1;PDS5B	REC_down	published_signature	rival_program	Ogden et al., Cell Genomics 2025; PMID 40393458
UPR	targeted_predeclared	10358	2000	HALLMARK_E2F_TARGETS	-0.48828954385332646	-2.34545609429112	0.0	0.0	0.0	83/155	25.60%	CKS2;MMS22L;CENPE;PRKDC;MYC;CHEK2;ILF3;RFC3;MRE11;MELK;KIF18B;TOP2A;SHMT1;HELLS;UBE2T;ATAD2;ORC6;CIT;CSE1L;BRMS1L;PRIM2;NASP;RAD51AP1;BRCA1;KIF4A;BUB1B;TRA2B;SRSF1;SRSF2;CBX5;LMNB1;TACC3;CTPS1;MSH2;MCM7;MKI67;PAICS;RRM2;DIAPH3;NUP205;POLD2;CHEK1;WDR90;LBR;NUP107;RACGAP1;GINS1;HMGB2;NME1;CDK1;DNMT1;KIF22;MLH1;AURKB;LUC7L3;RAD50;ORC2;CCP110;PTTG1;EZH2;NCAPD2;RAD1;NOP56;PPM1D;MCM6;PSIP1;SLBP;DSCC1;PNN;KIF2C;POLA2;PAN2;RBBP7;NUP153;EXOSC8;MCM4;PA2G4;STAG1;AURKA;LYAR;SMC4;STMN1;PDS5B	REC_down	MSigDB_h.all	proliferation	Molecular Signatures Database
UPR	targeted_predeclared	10358	2000	HALLMARK_EPITHELIAL_MESENCHYMAL_TRANSITION	0.5886504207105318	2.327064351726968	0.0	0.0	0.0	38/88	11.97%	IL32;PMEPA1;QSOX1;PLOD2;SDC4;SLC6A8;DST;TNFRSF12A;VEGFA;LAMA3;CD59;LAMC2;PLAUR;AREG;ECM1;TIMP1;CAPG;SERPINE2;PPIB;ITGB1;ITGAV;TGM2;CXCL1;GADD45A;ENO2;ITGA2;IGFBP2;FLNA;RHOB;TNFRSF11B;DPYSL3;TNFAIP3;COL16A1;MMP14;LRP1;FUCA1;TPM4;CXCL8	REC_up	MSigDB_h.all	plasticity_context	Molecular Signatures Database
UPR	targeted_predeclared	10358	2000	HALLMARK_GLYCOLYSIS	0.4871614406696461	2.082828420713849	0.0	0.0	0.0	57/141	19.71%	CLDN3;QSOX1;TFF3;LDHA;PLOD2;EGLN3;ERO1A;ISG20;HSPA5;DSC2;P4HA2;SLC16A3;VEGFA;PGK1;RBCK1;DDIT4;PAM;B4GALT1;HK2;MIF;P4HA1;SOX9;TPI1;PFKP;AGRN;TGFA;IL13RA1;ENO2;PKM;ALDOA;CHPF;TPBG;MXI1;ENO1;B3GNT3;COPB2;ZNF292;HAX1;UGP2;GFPT1;BIK;EFNA3;KDELR3;B4GALT4;MET;PGAM1;HDLBP;SRD5A3;PSMC4;ANG;ME1;GCLC;STC2;GALE;CAPN5;GLRX;PLOD1	REC_up	MSigDB_h.all	metabolic_cooption	Molecular Signatures Database
UPR	targeted_predeclared	10358	2000	HALLMARK_HYPOXIA	0.6247650691353748	2.639869631968788	0.0	0.0	0.0	72/132	16.87%	NDRG1;LDHA;SLC2A1;BTG1;SDC4;ANXA2;ERO1A;ISG20;HSPA5;P4HA2;VEGFA;PGK1;TES;BNIP3L;DDIT4;PLAUR;PLAC8;PAM;HK2;PDK1;STBD1;MIF;KLF6;PIM1;ADM;P4HA1;CDKN1A;IDS;BHLHE40;TPI1;PFKP;CDKN1C;EFNA1;TGM2;MYH9;ERRFI1;KDM3A;ENO2;PNRC1;AMPD3;TIPARP;DDIT3;S100A4;GAPDH;AKAP12;ALDOA;ETS1;TPBG;MXI1;ENO1;KLF7;SULT2B1;WSB1;NFIL3;GBE1;ZNF292;XPNPEP1;UGP2;TNFAIP3;CCNG2;GPI;EFNA3;KDELR3;CCN2;F3;MAP3K1;SCARB1;ILVBL;PDGFB;PFKL;HDLBP;MAFF	REC_up	MSigDB_h.all	generic_stress	Molecular Signatures Database
UPR	targeted_predeclared	10358	2000	HALLMARK_TNFA_NFKB_OGDEN_COPY	0.5999424976425555	2.5459214049935244	0.0	0.0	0.0	59/133	12.20%	PMEPA1;BTG1;SDC4;LAMB3;CCL20;MARCKS;VEGFA;KLF4;EIF1;PLAUR;TAP1;AREG;EDN1;CXCL11;MXD1;B4GALT1;PHLDA2;NFKBIA;KLF6;BIRC3;TNFAIP8;CXCL10;CDKN1A;IL18;IFIH1;B4GALT5;BMP2;BHLHE40;IRF1;DUSP5;IFNGR2;TNIP1;EFNA1;CXCL1;F2RL1;GADD45A;SMAD3;CCND1;PNRC1;EHD1;RELB;HBEGF;TIPARP;LITAF;CEBPB;FOSL1;RCAN1;TRIB1;RHOB;NFIL3;BCL3;CFLAR;TNFAIP3;RELA;DDX58;MAP2K3;ABCA1;PDLIM5;KDM6B	REC_up	published_signature	regulatory_context	Ogden et al., Cell Genomics 2025; PMID 40393458
UPR	targeted_predeclared	10358	2000	HALLMARK_UNFOLDED_PROTEIN_RESPONSE	0.5192749222171915	2.0972558104930483	0.0	0.0	0.0	50/94	28.37%	ERO1A;HSPA5;VEGFA;DDIT4;DNAJB9;HYOU1;HSP90B1;CALR;YWHAZ;DNAJC3;SSR1;XPOT;HERPUD1;SRPRA;ATF4;CEBPB;IFIT1;NABP1;SHC1;SPCS3;SEC11A;CEBPG;EIF2AK3;EDEM1;ERN1;ALDH18A1;PDIA6;EEF2;SEC31A;KDELR3;POP4;YIF1A;EIF4A2;SPCS1;STC2;EXOC2;XBP1;SERP1;MTHFD2;ATP6V0D1;DCTN1;GOSR2;ARFGAP1;SLC7A5;EIF4E;ATF3;PSAT1;LSM4;EXOSC4;DCP2	REC_up	MSigDB_h.all	generic_stress	Molecular Signatures Database
UPR	targeted_predeclared	10358	2000	NUSSE_REGENERATIVE	0.6958187245457184	2.5030295073204396	0.0	0.0	0.0	29/53	10.73%	OAS1;ISG15;SLC16A3;OAS3;ZBP1;S100A6;TRIB3;GBP2;TAP1;CAPN2;AREG;MX1;PHLDA2;APOL1;SPATS2L;ADM;S100A14;DUOXA2;SLC7A11;IRF7;OASL;IDO1;NPTX2;SH3KBP1;CD74;IFI44;KCNK6;RHOF;STXBP1	REC_up	published_signature	regenerative_interpretation	Ogden et al., Cell Genomics 2025; PMID 40393458
UPR	targeted_predeclared	10358	2000	OGDEN_EPIHR	0.7497769460243353	2.788420809130295	0.0	0.0	0.0	40/61	12.35%	KRT19;SLC2A1;CAMK2N1;KRT80;LAMB3;COL17A1;C19ORF33;TACSTD2;SPINT1;TNFRSF21;LAMA3;LAMC2;WFDC3;ANXA3;PRSS22;DDR1;SEMA4B;SLC20A1;MMP7;SLC25A25;CTSE;EPS8L1;KLK10;SEZ6L2;PNPLA2;LMO7;SLPI;MSLN;GJB3;C1ORF116;PSORS1C1;PPL;GPRC5A;MAPK3;S100A2;RHOD;LEMD1;EPHA2;SLC22A18;FAM155A	REC_up	published_signature	regenerative_interpretation	Ogden et al., Cell Genomics 2025; PMID 40393458
UPR	targeted_predeclared	10358	2000	OGDEN_HYPOXIA_MP6	0.8349655380472285	2.8799683251276105	0.0	0.0	0.0	33/42	9.78%	NDRG1;ANKRD37;LDHA;PLOD2;SLC2A1;EGLN3;S100A10;ERO1A;C4ORF3;SLC16A3;VEGFA;CA9;PGK1;BNIP3L;DDIT4;DNAJB9;LGALS3;HK2;PDK1;ADM;P4HA1;SLC3A2;PFKP;ERRFI1;ENO2;HILPDA;DDIT3;AKAP12;ALDOA;ENO1;WSB1;BNIP3;GBE1	REC_up	published_signature	rival_program	Ogden et al., Cell Genomics 2025; PMID 40393458
UPR	targeted_predeclared	10358	2000	OGDEN_STATE_HYPOXIA_MARKERS	0.8586301172145355	2.8201645994268785	0.0	0.0	0.0	28/33	8.71%	NDRG1;PTPRR;ANKRD37;HKDC1;SMIM2-AS1;TFF3;PLOD2;SLC2A1;FXYD3;EGLN3;ERO1A;LRP4;VEGFA;PGK1;FHL2;NEAT1;DDIT4;FRMD5;PDK1;P4HA1;FABP1;BHLHE40;EFNA1;ERRFI1;KDM3A;CKB;FAM13A;WSB1	REC_up	source_state_marker	rival_state	Ogden et al., Cell Genomics 2025; PMID 40393458
UPR	targeted_predeclared	10358	2000	OGDEN_STATE_IREC_MARKERS	0.7098660511603836	2.327939272082003	0.0	0.0	0.0	19/33	11.13%	PMEPA1;KRT19;HDAC9;ANXA2;ISG15;RIOK3;LAMA3;S100A6;LAMC2;FRMD5;EMP1;IFI6;LY6E;RUNX1;EZR;ANXA1;IFI44L;TNFRSF11B;EPHA4	REC_up	source_state_marker	rival_state	Ogden et al., Cell Genomics 2025; PMID 40393458
UPR	targeted_predeclared	10358	2000	OGDEN_STATE_REC_MARKERS	0.9001157297317169	2.9952805226499124	0.0	0.0	0.0	28/33	3.31%	TSPAN1;NDRG1;CEACAM1;SDCBP2;PTPRR;ANKRD37;HKDC1;HDAC9;SLC2A1;MUC13;CYP3A5;EGLN3;ERO1A;COL17A1;DST;CD55;FHL2;LAMC2;PLAUR;BCAS1;DUOX2;HIF1A-AS3;PLAC8;MXD1;FER1L6;IL1RAP;PAG1;ATP1B1	REC_up	source_state_marker	state_identity	Ogden et al., Cell Genomics 2025; PMID 40393458
UPR	targeted_predeclared	10358	2000	OGDEN_STATE_UPR_MARKERS	-0.8146044114382378	-2.944599940587678	0.0	0.0	0.0	22/33	11.93%	PCK1;HSPH1;SHISA9;ST6GALNAC3;IQCM;HSPA1B;RUBCNL;DUSP2;NOX1;ATP2C2;DNAJB1;NR4A1;HSPE1;XACT;IL17RB;NPSR1;PLCL1;AP001042.1;LEFTY1;RBFOX1;ZFP36L2;HSP90AA1	REC_down	source_state_marker	rival_state	Ogden et al., Cell Genomics 2025; PMID 40393458
UPR	targeted_predeclared	10358	2000	PUBLISHED_PEMT	0.7007102122138025	2.51758080317032	0.0	0.0	0.0	30/50	13.24%	IL32;QSOX1;PLOD2;SDC4;SLC6A8;DST;TNFRSF12A;VEGFA;LAMA3;CD59;LAMC2;PLAUR;AREG;ECM1;CAPG;PPIB;ITGB1;TGM2;CXCL1;GADD45A;ENO2;ITGA2;IGFBP2;RHOB;TNFRSF11B;LRP1;FUCA1;TPM4;CXCL8;IL15	REC_up	published_signature	regenerative_interpretation	Ogden et al., Cell Genomics 2025; PMID 40393458
UPR	targeted_predeclared	10358	2000	PUBLISHED_YAP	0.5905350733305375	2.250534728044814	0.0	0.0	0.0	33/69	15.21%	TM4SF1;AHNAK;MYOF;S100A11;LAMA3;S100A6;LAMC2;CXCL16;PLAUR;LGALS3;CAPN2;AREG;EMP1;ANXA3;NBL1;S100A14;SLC7A11;MSLN;GJB3;FOSL1;S100A4;ANXA1;GPRC5A;LHFPL2;CLIC3;TRPM6;S100A16;RHOF;RHOD;EPHA2;WWC2;F3;ACOT9	REC_up	published_signature	regenerative_interpretation	Ogden et al., Cell Genomics 2025; PMID 40393458
UPR	targeted_predeclared	10358	2000	PAN_EPITHELIAL_7	0.9470582552410393	2.059471000010326	0.0	3.15291114591925e-05	0.0005	7/7	5.36%	KRT19;TACSTD2;KRT8;EPCAM;CDH1;MUC1;KRT18	REC_up	composition_control	composition_control	Operational composition surrogate; not a tumour-purity estimator
UPR	targeted_predeclared	10358	2000	PUBLISHED_FETAL	0.46399064253524736	2.0129620835197004	0.0	5.9739369080575264e-05	0.001	48/161	13.14%	PMEPA1;AHNAK;GSN;TACSTD2;SORL1;S100A11;CD55;ITGB4;LAMA3;S100A6;TINAGL1;FOXQ1;LAMC2;CXCL16;PLAUR;CAPN2;ECM1;EMP1;ANXA3;PRSS22;PHLDA2;ARL1;PDZK1IP1;TNFAIP8;PPIC;S100A14;EPS8L1;MSLN;KRT18;CCND1;GJB3;GCNT3;PPL;FOSL1;S100A4;PLCD3;ANXA1;CLIC3;SH3KBP1;FKBP9;S100A16;EPHA4;RHOD;CTSH;TIMP2;TMEM43;AKAP13;CNN2	REC_up	published_signature	regenerative_interpretation	Ogden et al., Cell Genomics 2025; PMID 40393458
UPR	targeted_predeclared	10358	2000	HALLMARK_G2M_CHECKPOINT	-0.4372035456882693	-2.1053095812236644	0.0	0.0002733609731650645	0.0015	83/158	28.79%	MAP3K20;MNAT1;CKS2;UCK2;CENPE;DMD;KIF20B;MYC;BUB1;ILF3;SLC12A2;ODC1;ABL1;KIF15;TOP2A;CENPF;RASAL2;TTK;KNL1;DBF4;POLQ;FANCC;ORC6;NUSAP1;SMARCC1;PRIM2;NASP;CDC27;WRN;KIF4A;PRC1;TRA2B;SRSF1;SRSF2;EGF;LMNB1;TACC3;SRSF10;RBL1;MKI67;UBE2C;TPX2;E2F3;CHEK1;LBR;RACGAP1;CDK1;KIF22;AURKB;STIL;DTYMK;KIF11;PTTG1;MEIS2;EZH2;CUL4A;NDC80;CHAF1A;FOXN3;MCM6;ORC5;KIF2C;MEIS1;ATRX;POLA2;HNRNPU;SQLE;NSD2;STAG1;AURKA;SMC4;CUL5;STMN1;PDS5B;TFDP1;POLE;HIRA;NOTCH2;ODF2;DKC1;NCL;TGFB1;MTF2	REC_down	MSigDB_h.all	proliferation	Molecular Signatures Database
UPR	targeted_predeclared	10358	2000	OGDEN_STATE_COLONOCYTE_MARKERS	-0.5578973121787759	-2.009387790472813	0.0	0.0003644812975534193	0.0025	14/33	14.25%	SHISA9;VAV3;CFTR;NXPE4;GRM8;ADAMTSL1;SLC4A10;PLCL1;NOVA1;FOXP2;KAZN;PLA2R1;PRKG1;SAMD3	REC_down	source_state_marker	rival_state	Ogden et al., Cell Genomics 2025; PMID 40393458
UPR	targeted_predeclared	10358	2000	REACTOME_COLLAGEN_BIOSYNTHESIS_AND_MODIFYING_ENZYMES	0.5749368496946552	1.7241454714234365	0.005136986301369863	0.0029227486322671446	0.05	12/22	21.59%	PLOD2;COL17A1;P4HA2;P4HB;P4HA1;PPIB;COL16A1;P3H2;PLOD3;PLOD1;COL22A1;COLGALT1	REC_up	MSigDB_c2.cp.reactome	pengwinkler_axis	Molecular Signatures Database
UPR	targeted_predeclared	10358	2000	GOBP_TISSUE_REGENERATION	0.45282756968747384	1.5280985949000239	0.024899598393574297	0.018647217348722423	0.288	17/36	28.04%	MDK;PPARD;CDKN1A;EPPK1;RUNX1;ANXA1;AKIRIN1;CFLAR;SELENON;IFRD1;DUSP10;CD81;PTPN12;PPP3CA;LARGE1;YAP1;CD9	REC_up	MSigDB_c5.go.bp	regenerative_interpretation	Molecular Signatures Database
UPR	targeted_predeclared	10358	2000	OGDEN_STATE_TA1_MARKERS	-0.4349300818769237	-1.5279513894005805	0.028169014084507043	0.025817425243367203	0.1855	9/30	12.80%	NOX1;BRIP1;PDE3A;TOP2A;ATAD2;ACSS3;RRM2;DIAPH3;FREM1	REC_down	source_state_marker	rival_state	Ogden et al., Cell Genomics 2025; PMID 40393458
UPR	targeted_predeclared	10358	2000	PENGWINKLER_PALMITATE_UP_TOP100	0.3306859682654296	1.240834833939993	0.14910226385636222	0.14998111692851882	0.919	17/63	16.52%	LDHA;SLC16A3;MAL2;NEBL;PGRMC1;PTPRB;MTUS1;CPE;DSTN;MACC1;RHOB;EPB41L1;ID1;PSMC3;WWC2;TTC9;CLMN	REC_up	PengWinkler_perturbation	pengwinkler_axis	Peng-Winkler et al., Nature 2026; DOI 10.1038/s41586-026-10686-2
UPR	targeted_predeclared	10358	2000	GOBP_WOUND_HEALING_SPREADING_OF_EPIDERMAL_CELLS	0.42637056038577814	1.1120272968510958	0.32568402471315094	0.3007877233206964	0.9935	4/13	8.47%	ITGB1;ITGAV;HBEGF;ADAM17	REC_up	MSigDB_c5.go.bp	repair_interpretation	Molecular Signatures Database
UPR	targeted_predeclared	10358	2000	HALLMARK_FATTY_ACID_METABOLISM	-0.1941500442465703	-0.8986006831163486	0.7323420074349443	0.7648900372942471	0.9985	21/116	12.95%	HSPH1;HIBCH;MAOA;HMGCS2;ODC1;SUCLG2;RAP1GDS1;ALDH1A1;HMGCS1;METAP1;SUCLG1;UROS;AADAT;PTPRG;ACSM3;HSDL2;D2HGDH;HSD17B4;HSP90AA1;HSD17B7;ACADM	REC_down	MSigDB_h.all	metabolic_cooption	Molecular Signatures Database
UPR	targeted_predeclared	10358	2000	GOBP_LIVER_REGENERATION	0.2954626171560624	0.844525766173978	0.673469387755102	0.7884563725378918	1.0	8/19	27.92%	CCND1;CEBPB;IHH;GUCD1;CLDN1;RAP1A;SLC7A5;SULF2	REC_up	MSigDB_c5.go.bp	regenerative_interpretation	Molecular Signatures Database
UPR	targeted_predeclared	10358	2000	HALLMARK_WNT_BETA_CATENIN_SIGNALING	0.24791201848014793	0.7623855851563888	0.8084074373484236	0.8841342988808426	1.0	9/25	24.74%	PPARD;ADAM17;NCSTN;MAML1;CSNK1E;CTNNB1;NCOR2;HDAC5;TCF7	REC_up	MSigDB_h.all	metabolic_cooption	Molecular Signatures Database
UPR	targeted_predeclared	10358	2000	HALLMARK_MYC_TARGETS_V1	-0.15501932645598485	-0.764166117037658	0.982421875	0.8933436603034307	1.0	42/173	24.30%	HSPE1;HSPD1;SRPK1;RUVBL2;MYC;CAD;SRSF7;ODC1;PSMA1;SMARCC1;PABPC4;SRM;TRA2B;SRSF1;PTGES3;SRSF2;ABCE1;CTPS1;PSMD14;MCM7;EXOSC7;POLD2;HPRT1;SF3B3;NME1;PWP1;CCT4;ORC2;EIF3B;NOP16;SNRPA;NOP56;TOMM70;PRPS2;MCM6;HNRNPU;UBA2;NCBP1;MCM4;APEX1;TCP1;PA2G4	REC_down	MSigDB_h.all	metabolic_cooption	Molecular Signatures Database
iREC	targeted_predeclared	10824	2000	CANELLAS_CORE_HRC	0.7496504451093777	3.102822155842099	0.0	0.0	0.0	63/95	13.17%	MUC13;CEACAM1;CYP3A5;LIPH;PLAUR;TSPAN1;UGCG;LMO7;SLPI;CD55;SDCBP2;SLC44A4;MISP;MXD1;TMPRSS2;TMBIM1;PTPRH;TSPAN3;SLC6A8;CGN;CAMK2N1;SNX9;RNF103;CDKN2B;RIOK3;STK24;DUSP5;ARFGAP3;GBP3;EFNB1;TJP3;TIMP2;SERINC2;CEACAM5;FA2H;PCDH1;CD68;RRAS;JUP;HEBP2;PDZK1IP1;MYH14;CRB3;F11R;CDCP1;PPARD;PTK6;GPRC5A;DSG2;RHOF;SMAD3;LRP10;CXCL16;TINAGL1;TMPRSS4;USP53;SEMA3B;EPS8L1;FLNB;BMP2;SLC2A1;AHNAK;B4GALNT3	REC_up	published_signature	regenerative_interpretation	Ogden et al., Cell Genomics 2025; PMID 40393458
iREC	targeted_predeclared	10824	2000	CANELLAS_HRC_KRT20_NEG	0.6042898575781345	2.7975123453642343	0.0	0.0	0.0	107/235	16.07%	NDRG1;P4HA1;ANKRD37;PLAUR;CDH17;CLIC5;HILPDA;VEGFA;EGLN3;SDCBP2;PGK1;EIF1;MXD1;APOL1;RHBDL2;TMBIM1;P4HA2;C15ORF48;EFHD2;PLS1;MALL;CORO2A;TMEM54;GPA33;MPZL3;QSOX1;EFNA1;POLD4;CAPN5;CTSD;BNIP3;DUSP5;NPEPPS;APOL2;KRT19;NBL1;MXI1;TPI1;PTTG1IP;SH3KBP1;SERINC2;CPE;ALDOA;CORO1B;OSTF1;SCAMP2;ZBP1;SELENBP1;NUCB2;RRAS;CDKN1A;METRNL;CRB3;F11R;SQSTM1;OAS1;TNIP1;EIF1B;INSIG2;ARPC2;ASAP2;KLF6;UBC;EGLN1;GPRC5A;PLEKHB2;ERRFI1;GABARAP;APLP2;TMOD3;ANXA4;SULT2B1;CXCL16;CCNG2;PRDX5;TMPRSS4;XPNPEP1;LDLRAP1;CHMP2A;SMIM14;SAR1B;CDK2AP2;B2M;TMEM59;ISG15;WBP2;NDFIP2;UPP1;BTG1;LPCAT4;APPL2;MLPH;ZBTB7A;ATP6V1D;SLC2A1;PFKP;GNA13;ARPC1A;KRT7;ELF3;STON2;ASL;TMEM30A;S100A14;EZR;ISG20;GIPC1	REC_up	published_signature	regenerative_interpretation	Ogden et al., Cell Genomics 2025; PMID 40393458
iREC	targeted_predeclared	10824	2000	CANELLAS_HRC_KRT20_POS	0.6205419783893958	2.87833794452557	0.0	0.0	0.0	119/233	19.21%	NDRG1;P4HA1;CYP3A5;ANKRD37;HILPDA;TMEM45B;DDIT4;VEGFA;DDIT3;LGALS3;LMO7;LPIN2;SDCBP2;EIF1;MXD1;FBXO32;TMBIM1;P4HA2;SAT1;C15ORF48;MALL;TPD52;HERPUD1;GPA33;MPZL3;EFNA1;CAST;ARRDC3;POLD4;SH3GLB1;RNF103;FTL;RIOK3;CTSD;BNIP3;TP53INP1;STX7;KLF4;DHRS3;NBL1;MXI1;PTTG1IP;CREBRF;CPE;ALDOA;ARL8B;BCL2L11;SLCO2A1;OSTF1;TRIP10;CD164;SPAG9;NUCB2;IL22RA1;CDKN1A;METRNL;ZDHHC13;RAPH1;F11R;EIF1B;ACKR3;TES;ASAP2;PDGFA;CALR;GPRC5A;PLEKHB2;ERRFI1;GABARAP;APLP2;SULT2B1;ATP6V0C;CCNG2;PRDX5;ZFAND5;RAC1;CIR1;SMIM14;SAR1B;CDK2AP2;WBP2;YPEL3;NDFIP2;YIPF4;IGF2BP2;BTG1;SAMD8;TXNIP;CAPZB;BMP2;SLC2A1;AHNAK;GNA13;ARPC1A;CDH13;KRT7;ELF3;SYF2;TMEM30A;S100A14;CYTH2;HBP1;PFKFB3;HAGH;GADD45B;BNIP3L;RHOC;KDELR3;CD82;ABCB1;DAZAP2;MAPK6;JUND;ARHGEF9;RICTOR;BHLHE40;ACTR2;PPP1R15A;UBL3	REC_up	published_signature	regenerative_interpretation	Ogden et al., Cell Genomics 2025; PMID 40393458
iREC	targeted_predeclared	10824	2000	FROZEN_REC_TOP50	0.8677437793229351	3.12814061712086	0.0	0.0	0.0	40/47	8.67%	NDRG1;FXYD3;MUC13;CEACAM1;HIF1A-AS3;CLDN3;CYP3A5;DUOX2;ANKRD37;PLAUR;CDHR5;TSPAN1;C4BPB;STBD1;FHL2;EGLN3;LDHA;SDCBP2;ABCG1;MXD1;APOL1;DUOXA2;PTPRH;P4HA2;SLC16A3;GRHL1;DDX60;QSOX1;DUSP5;ARFGAP3;KLF4;RSAD2;ADGRF1;ADM;KRT20;JUP;OAS1;APOL6;MX2;IL32	REC_up	anchor	primary_anchor	Ogden et al., Cell Genomics 2025; PMID 40393458
iREC	targeted_predeclared	10824	2000	HALLMARK_E2F_OGDEN_COPY	-0.5384233400953327	-2.5670080696799924	0.0	0.0	0.0	83/157	23.11%	ILF3;NASP;GSPT1;PRKDC;NOP56;MCM4;MCM3;TOP2A;ATAD2;MMS22L;RANBP1;HELLS;GINS1;RFC3;KIF4A;MCM7;CENPE;STMN1;RPA2;NME1;NOLC1;BUB1B;CSE1L;MYC;PRPS1;UNG;DCTPP1;PNN;CDK1;ORC6;POLA2;DNMT1;CHEK2;AURKA;PAICS;CKS2;SRSF2;XRCC6;IPO7;MKI67;KIF22;RFC2;KPNA2;CTPS1;BIRC5;TACC3;LBR;CENPM;CIT;HMGB3;NUP153;MRE11;POLD2;NUP205;RAN;NAP1L1;SMC4;LYAR;TRA2B;DUT;RBBP7;RRM2;TUBB;SYNCRIP;WDR90;CBX5;LMNB1;MLH1;CDK4;PPP1R8;PTTG1;NBN;PRIM2;CDC25B;POLE;CHEK1;KIF18B;BRCA1;SPC25;RPA1;RAD50;SSRP1;PA2G4	REC_down	published_signature	rival_program	Ogden et al., Cell Genomics 2025; PMID 40393458
iREC	targeted_predeclared	10824	2000	HALLMARK_E2F_TARGETS	-0.5384233400953327	-2.5670080696799924	0.0	0.0	0.0	83/157	23.11%	ILF3;NASP;GSPT1;PRKDC;NOP56;MCM4;MCM3;TOP2A;ATAD2;MMS22L;RANBP1;HELLS;GINS1;RFC3;KIF4A;MCM7;CENPE;STMN1;RPA2;NME1;NOLC1;BUB1B;CSE1L;MYC;PRPS1;UNG;DCTPP1;PNN;CDK1;ORC6;POLA2;DNMT1;CHEK2;AURKA;PAICS;CKS2;SRSF2;XRCC6;IPO7;MKI67;KIF22;RFC2;KPNA2;CTPS1;BIRC5;TACC3;LBR;CENPM;CIT;HMGB3;NUP153;MRE11;POLD2;NUP205;RAN;NAP1L1;SMC4;LYAR;TRA2B;DUT;RBBP7;RRM2;TUBB;SYNCRIP;WDR90;CBX5;LMNB1;MLH1;CDK4;PPP1R8;PTTG1;NBN;PRIM2;CDC25B;POLE;CHEK1;KIF18B;BRCA1;SPC25;RPA1;RAD50;SSRP1;PA2G4	REC_down	MSigDB_h.all	proliferation	Molecular Signatures Database
iREC	targeted_predeclared	10824	2000	HALLMARK_G2M_CHECKPOINT	-0.5400055378502047	-2.556098499632035	0.0	0.0	0.0	91/159	25.69%	TGFB1;ILF3;CENPF;UCK2;NASP;GSPT1;KIF20B;DKC1;SLC12A2;MCM3;TOP2A;MAP3K20;DMD;KIF23;PRMT5;CCND1;KIF4A;CENPE;STMN1;RPA2;SMARCC1;NOLC1;SQLE;MYC;KNL1;ODC1;NUSAP1;RBL1;CDK1;NSD2;E2F3;ORC6;POLA2;CCNF;AURKA;CKS2;SRSF2;MEIS1;CHAF1A;TNPO2;TLE3;SNRPD1;MKI67;KIF22;SFPQ;KIF11;KPNA2;BIRC5;TACC3;LBR;POLQ;HMGB3;G3BP1;SLC7A1;HMGN2;ABL1;SMC4;KIF15;TRA2B;BUB3;PRC1;SRSF10;SYNCRIP;KATNA1;SS18;ATRX;TFDP1;LMNB1;CUL4A;CDK4;ODF2;PTTG1;PRIM2;CDC25B;RASAL2;TENT4A;POLE;CHEK1;NDC80;NCL;MEIS2;UBE2C;TPX2;SLC38A1;HNRNPU;SLC7A5;MNAT1;MCM6;EFNA5;HSPA8;WRN	REC_down	MSigDB_h.all	proliferation	Molecular Signatures Database
iREC	targeted_predeclared	10824	2000	HALLMARK_HYPOXIA	0.591899287979912	2.5945464732214716	0.0	0.0	0.0	77/142	17.12%	NDRG1;PLAC8;P4HA1;TGM2;PLAUR;ZNF292;DDIT4;STBD1;VEGFA;DDIT3;KDM3A;GBE1;LDHA;PGK1;WSB1;P4HA2;HK2;TPD52;IGFBP1;STC2;EFNA1;HSPA5;PDK1;PIM1;AMPD3;PLIN2;EXT1;ERO1A;ENO1;MXI1;TPI1;PNRC1;ADM;LARGE1;ALDOA;FAM162A;IRS2;FOXO3;SELENBP1;NFIL3;CDKN1A;UGP2;ACKR3;ENO2;TES;KLF6;ERRFI1;AK4;SULT2B1;CCNG2;PRDX5;XPNPEP1;PRKCA;BTG1;SLC2A1;MT2A;PFKP;PPARGC1A;ILVBL;EGFR;ZFP36;HDLBP;GAPDH;MAP3K1;PCK1;KLF7;RBPJ;CA12;MYH9;PFKFB3;ISG20;NAGK;BNIP3L;NR3C1;CDKN1B;TPBG;KDELR3	REC_up	MSigDB_h.all	generic_stress	Molecular Signatures Database
iREC	targeted_predeclared	10824	2000	OGDEN_HYPOXIA_MP6	0.8169590556842983	2.8821211979187553	0.0	0.0	0.0	39/43	16.43%	NDRG1;PLOD2;P4HA1;ANKRD37;HILPDA;DDIT4;VEGFA;DDIT3;LGALS3;GBE1;EGLN3;LDHA;PGK1;WSB1;HK2;SLC16A3;PDK1;BNIP3;ERO1A;ENO1;ADM;CA9;ALDOA;FAM162A;MT1X;INSIG2;ENO2;ERRFI1;C4ORF3;AK4;SLC3A2;DNAJB9;SLC2A1;MT2A;PFKP;EPB41L4A-AS1;CA12;PFKFB3;BNIP3L	REC_up	published_signature	rival_program	Ogden et al., Cell Genomics 2025; PMID 40393458
iREC	targeted_predeclared	10824	2000	OGDEN_STATE_COLONOCYTE_MARKERS	0.658523853832292	2.198961169092733	0.0	0.0	0.0	15/33	15.79%	THRB;SLC26A3;FSIP1;SLC26A2;NEGR1;SEMA5A;TOX3;NXPE1;NXPE4;CA3;SAMD3;PPARGC1A;PLCL1;MYO16-AS1;CNTN4	REC_up	source_state_marker	rival_state	Ogden et al., Cell Genomics 2025; PMID 40393458
iREC	targeted_predeclared	10824	2000	OGDEN_STATE_HYPOXIA_MARKERS	0.8894315912965365	2.9635463001374998	0.0	0.0	0.0	26/33	4.66%	NDRG1;FXYD3;NEAT1;FABP1;PLOD2;SMIM2-AS1;P4HA1;TFF3;ANKRD37;LRP4;CKB;DDIT4;VEGFA;KDM3A;PTPRR;PPARG;FHL2;EGLN3;PGK1;WSB1;FAM13A;EFNA1;PDK1;ERO1A;HKDC1;PLCG2	REC_up	source_state_marker	rival_state	Ogden et al., Cell Genomics 2025; PMID 40393458
iREC	targeted_predeclared	10824	2000	OGDEN_STATE_REC_MARKERS	0.8864178075370533	2.96462623342504	0.0	0.0	0.0	24/33	3.83%	NDRG1;PAG1;PLAC8;MUC13;CEACAM1;HIF1A-AS3;CYP3A5;FER1L6;DUOX2;ANKRD37;PLAUR;TSPAN1;PTPRR;FHL2;EGLN3;CD55;SDCBP2;MXD1;BCAS1;IL1RAP;HDAC9;FAM13A;ERO1A;HKDC1	REC_up	source_state_marker	state_identity	Ogden et al., Cell Genomics 2025; PMID 40393458
iREC	targeted_predeclared	10824	2000	HALLMARK_UNFOLDED_PROTEIN_RESPONSE	0.4903408313830582	2.008494627703527	0.0	5.348642336286973e-05	0.0005	48/98	23.64%	HYOU1;DDIT4;VEGFA;DNAJC3;HSP90B1;HERPUD1;IGFBP1;STC2;CHAC1;HSPA5;CEBPB;SRPRA;SERP1;ERO1A;XBP1;NABP1;CEBPG;ALDH18A1;EIF2AK3;XPOT;CALR;PDIA6;DNAJB9;SSR1;ERN1;SEC31A;YWHAZ;EIF4A2;IFIT1;ATP6V0D1;KDELR3;PREB;LSM4;POP4;MTHFD2;CNOT2;HSPA9;ATF4;ARFGAP1;PSAT1;SHC1;SEC11A;EIF4EBP1;DCP2;DCP1A;PDIA5;YIF1A;KIF5B	REC_up	MSigDB_h.all	generic_stress	Molecular Signatures Database
iREC	targeted_predeclared	10824	2000	HALLMARK_GLYCOLYSIS	0.46234543620842306	2.036957678849261	0.0	5.8835065699156695e-05	0.0005	56/149	18.60%	PLOD2;P4HA1;TFF3;CLDN3;GFPT1;ZNF292;DDIT4;VEGFA;EGLN3;LDHA;PGK1;RBCK1;SLC35A3;P4HA2;HK2;SLC16A3;STC2;QSOX1;HSPA5;CAPN5;EXT1;ANG;ERO1A;ENO1;MXI1;TPI1;ALDOA;FAM162A;PYGB;IRS2;SPAG4;DSC2;UGP2;ENO2;GNE;AK4;ME1;B3GNT3;COPB2;CHPF;FKBP4;PFKP;EGFR;ELF3;HDLBP;SRD5A3;IL13RA1;NDUFV3;ISG20;HS2ST1;TPBG;KDELR3;GLRX;ARPP19;HAX1;PGAM1	REC_up	MSigDB_h.all	metabolic_cooption	Molecular Signatures Database
iREC	targeted_predeclared	10824	2000	NUSSE_REGENERATIVE	0.49990556720069834	1.8999527709154345	0.0	0.0006864090998234948	0.007	25/61	19.90%	APOL1;DUOXA2;SPATS2L;TRIB3;SLC16A3;CHAC1;GBP2;APOL2;SH3KBP1;ADM;ZBP1;CAPN2;KCNK6;OAS1;AK4;RHOF;AREG;ISG15;LPCAT4;DUOXA1;S100A14;OAS3;NPTX2;MX1;SLC17A9	REC_up	published_signature	regenerative_interpretation	Ogden et al., Cell Genomics 2025; PMID 40393458
iREC	targeted_predeclared	10824	2000	PUBLISHED_PEMT	0.520782303995175	1.8883637579902603	0.0008445945945945946	0.0007241238855280824	0.008	12/49	9.80%	PLOD2;TGM2;PLAUR;VEGFA;LRP1;SAT1;SLC6A8;QSOX1;ENO2;IL15;IL32;AREG	REC_up	published_signature	regenerative_interpretation	Ogden et al., Cell Genomics 2025; PMID 40393458
iREC	targeted_predeclared	10824	2000	OGDEN_STATE_IREC_MARKERS	-0.5384206604656271	-1.9021496764108627	0.0	0.0011603459219295463	0.0065	15/33	12.80%	CPA6;NHS;PMP22;FOSB;SOX6;NCEH1;NR4A1;SOCS6;EPHA4;ANXA1;LMNA;RUNX1;AHR;FRMD5;SERPINB5	REC_down	source_state_marker	rival_state	Ogden et al., Cell Genomics 2025; PMID 40393458
iREC	targeted_predeclared	10824	2000	HALLMARK_MYC_TARGETS_V1	-0.3716850599698871	-1.8012726629211975	0.0	0.0028562361155188825	0.02	77/173	27.92%	CAD;RUVBL2;GSPT1;NOP56;MCM4;SRM;RANBP1;NHP2;SNRPA;MCM7;EIF3B;NME1;PABPC4;SMARCC1;FBL;NOLC1;PSMA1;ETF1;MYC;UBA2;ODC1;EXOSC7;LSM2;NOP16;DHX15;SRSF2;HNRNPA1;XRCC6;APEX1;SNRPD1;SRSF7;KPNA2;SRPK1;CTPS1;DDX18;TRIM28;HNRNPR;POLD2;G3BP1;TYMS;C1QBP;RAN;NAP1L1;TRA2B;BUB3;PSMD14;DUT;DDX21;CCT2;SYNCRIP;TFDP1;PWP1;PRDX3;SSB;CCT3;CDK4;COPS5;YWHAQ;CBX3;PPIA;SERBP1;PA2G4;EIF3J;HNRNPU;SF3B3;HNRNPA2B1;PSMD8;MCM6;PRPF31;VDAC3;NPM1;GNL3;RAD23B;SRSF3;HNRNPC;ORC2;CCT4	REC_down	MSigDB_h.all	metabolic_cooption	Molecular Signatures Database
iREC	targeted_predeclared	10824	2000	PAN_EPITHELIAL_7	0.7806407607493158	1.7081197061341575	0.006647673314339981	0.004832880396716442	0.056	4/7	8.56%	EPCAM;CDH1;KRT19;MUC1	REC_up	composition_control	composition_control	Operational composition surrogate; not a tumour-purity estimator
iREC	targeted_predeclared	10824	2000	HALLMARK_TNFA_NFKB_OGDEN_COPY	0.3718508976524274	1.6119422533738672	0.0007616146230007616	0.01243381055108845	0.1445	50/140	19.39%	PLAUR;VEGFA;EIF1;MXD1;F2RL1;SAT1;NAMPT;EFNA1;CEBPB;DUSP5;B4GALT5;KLF4;PNRC1;TSC22D1;IRS2;TRIP10;NFIL3;CDKN1A;SQSTM1;CEBPD;TNIP1;ACKR3;KLF6;CFLAR;MARCKS;SMAD3;AREG;PLPP3;BTG1;SPSB1;BMP2;IFIH1;RNF19B;ABCA1;BCL6;ZFP36;RELA;TNFAIP8;PDLIM5;PFKFB3;BTG3;GADD45B;NFE2L2;YRDC;EHD1;MAP2K3;BHLHE40;PPP1R15A;BIRC2;MAFF	REC_up	published_signature	regulatory_context	Ogden et al., Cell Genomics 2025; PMID 40393458
iREC	targeted_predeclared	10824	2000	REACTOME_COLLAGEN_BIOSYNTHESIS_AND_MODIFYING_ENZYMES	0.4471761929181696	1.4176593321578133	0.06566104702750665	0.05971759168464405	0.5435	4/27	4.34%	PLOD2;P4HA1;P4HA2;P4HB	REC_up	MSigDB_c2.cp.reactome	pengwinkler_axis	Molecular Signatures Database
iREC	targeted_predeclared	10824	2000	HALLMARK_FATTY_ACID_METABOLISM	0.3264434415104389	1.3803332160931459	0.023993808049535603	0.06567851281469018	0.6345	33/119	21.47%	FABP1;LDHA;UGDH;GPD2;ALDOA;ETFDH;HSD17B11;ACSL5;ENO2;SMS;TP53INP2;HPGD;RETSAT;ME1;HMGCS2;ACOT8;ACADM;PDHA1;ADIPOR2;OSTC;PDHB;GLUL;MGLL;ECI1;ACOX1;SDHA;SERINC1;NCAPH2;IDH3G;S100A10;MIF;MAOA;GABARAPL1	REC_up	MSigDB_h.all	metabolic_cooption	Molecular Signatures Database
iREC	targeted_predeclared	10824	2000	OGDEN_EPIHR	0.35755428478059387	1.3842343686135465	0.04582651391162029	0.06762763940641957	0.6235	29/69	23.85%	SEMA4B;LMO7;SLPI;SLC20A1;RHBDL2;CAMK2N1;KRT19;SLC22A18;GPRC5A;MAPK3;SFTA2;EPS8L1;SLC2A1;SLC25A25;HIST2H2BE;PRSS22;RIPK4;C1ORF116;WFDC3;SPINT1;C19ORF33;TACSTD2;SCNN1A;RHOD;DDR1;KRT6B;VSIG2;PSORS1C1;COL17A1	REC_up	published_signature	regenerative_interpretation	Ogden et al., Cell Genomics 2025; PMID 40393458
iREC	targeted_predeclared	10824	2000	HALLMARK_EPITHELIAL_MESENCHYMAL_TRANSITION	0.33765626803272586	1.3907069591872288	0.030279503105590064	0.06804102303796591	0.606	18/102	9.80%	PLOD2;TGM2;PLAUR;ITGA5;VEGFA;LRP1;SAT1;THBS1;SLC6A8;QSOX1;SERPINE2;MYLK;TIMP3;MXRA5;ENO2;IL15;IL32;AREG	REC_up	MSigDB_h.all	plasticity_context	Molecular Signatures Database
iREC	targeted_predeclared	10824	2000	HALLMARK_WNT_BETA_CATENIN_SIGNALING	-0.37243105484020134	-1.3043985064223205	0.11676300578034682	0.1253768644874643	0.633	12/30	22.45%	NKD1;LEF1;AXIN2;NOTCH1;MYC;KAT2A;CTNNB1;CCND2;TCF7;PTCH1;JAG1;AXIN1	REC_down	MSigDB_h.all	metabolic_cooption	Molecular Signatures Database
iREC	targeted_predeclared	10824	2000	OGDEN_STATE_TA1_MARKERS	-0.3267592834271432	-1.1373654058114937	0.2660443407234539	0.28914290247993835	0.923	10/32	16.60%	BRIP1;REG1A;TOP2A;ATAD2;NOX1;TUBA1B;CCND2;LSAMP;ACSS3;RRM2	REC_down	source_state_marker	rival_state	Ogden et al., Cell Genomics 2025; PMID 40393458
iREC	targeted_predeclared	10824	2000	PUBLISHED_FETAL	-0.23123754065638535	-1.1132377185030062	0.2066772655007949	0.28955093621072675	0.9455	42/173	17.52%	TNS4;IER3;ENAH;SAMD5;TSPAN2;HS6ST2;FOSL1;ARL4C;PLEKHS1;BTBD11;CLCF1;PDLIM7;NFE2L3;BTG2;EPHA4;CCND1;KCNN4;ANXA1;CKAP2;LMNA;ABCC4;ILDR1;S100A4;COL18A1;GPC1;CTSH;SLC39A10;SPATA6;PDRG1;VANGL1;WFDC2;CCND2;SERPINB5;CNN2;ANXA5;CD44;MSANTD3;CAMSAP2;BAIAP2;PMEPA1;GPX2;PTP4A3	REC_down	published_signature	regenerative_interpretation	Ogden et al., Cell Genomics 2025; PMID 40393458
iREC	targeted_predeclared	10824	2000	PUBLISHED_YAP	0.2744131997093187	1.0821073495813174	0.3172690763052209	0.38275151990586387	0.997	25/73	21.55%	PLAUR;LGALS3;SGK2;NBL1;NPNT;CAPN2;SERPINB9;GPRC5A;LHFPL2;RHOF;CXCL16;GCNT1;AREG;AHNAK;KRT7;S100A14;TRPM6;WWC2;TM4SF1;PAQR8;MYOF;RHOD;F3;METTL7B;JDP2	REC_up	published_signature	regenerative_interpretation	Ogden et al., Cell Genomics 2025; PMID 40393458
iREC	targeted_predeclared	10824	2000	GOBP_TISSUE_REGENERATION	0.3063078384320892	1.0676375061872088	0.3616484440706476	0.38909590115708964	0.999	8/41	12.94%	KLF5;IGFBP1;LARGE1;CDKN1A;PPARD;CFLAR;IFRD1;TEC	REC_up	MSigDB_c5.go.bp	regenerative_interpretation	Molecular Signatures Database
iREC	targeted_predeclared	10824	2000	PENGWINKLER_PALMITATE_UP_TOP100	0.27313090552066016	1.048765928164075	0.37674037674037675	0.4046782791634724	0.999	20/66	18.87%	PIP5K1B;MAL2;LDHA;SLC16A3;PLIN2;EPB41L1;CPE;HSPB1;PTPRB;LRATD1;HIF1A;MTUS1;STON2;MACC1;TFRC;NEBL;CLMN;WWC2;ARHGAP27;PMM1	REC_up	PengWinkler_perturbation	pengwinkler_axis	Peng-Winkler et al., Nature 2026; DOI 10.1038/s41586-026-10686-2
iREC	targeted_predeclared	10824	2000	GOBP_LIVER_REGENERATION	0.35512536713979204	1.0237619446121429	0.4298978644382544	0.43184938223181013	1.0	4/19	6.93%	IHH;CEBPB;GUCD1;RAP1A	REC_up	MSigDB_c5.go.bp	regenerative_interpretation	Molecular Signatures Database
iREC	targeted_predeclared	10824	2000	OGDEN_STATE_UPR_MARKERS	-0.26717281994298353	-0.9273915374404307	0.5430379746835443	0.6069501745477626	0.9975	8/31	13.50%	SHISA9;NR4A1;RBFOX1;NOX1;LEFTY1;AP001042.1;RUBCNL;ZFP36L2	REC_down	source_state_marker	rival_state	Ogden et al., Cell Genomics 2025; PMID 40393458
iREC	targeted_predeclared	10824	2000	GOBP_WOUND_HEALING_SPREADING_OF_EPIDERMAL_CELLS	0.24172643937184105	0.680090028576156	0.8712601994560291	0.9554569523435967	1.0	3/16	13.94%	ITGA5;ADAM17;RREB1	REC_up	MSigDB_c5.go.bp	repair_interpretation	Molecular Signatures Database
