gene	retained
A1CF	TRUE
A2M	TRUE
A2ML1	FALSE
A3GALT2	FALSE
A4GALT	TRUE
A4GNT	FALSE
AAAS	TRUE
AACS	TRUE
AADAC	TRUE
AADACL2	TRUE
AADACL3	FALSE
AADACL4	FALSE
AADAT	TRUE
AAGAB	TRUE
AAK1	TRUE
AAMDC	TRUE
AAMP	TRUE
AANAT	FALSE
AAR2	TRUE
AARD	FALSE
AARS	TRUE
AARS2	TRUE
AARSD1	TRUE
AASDH	TRUE
AASDHPPT	TRUE
AASS	TRUE
AATF	TRUE
AATK	TRUE
ABAT	TRUE
ABCA1	TRUE
ABCA10	TRUE
ABCA12	TRUE
ABCA13	TRUE
ABCA2	TRUE
ABCA3	TRUE
ABCA4	TRUE
ABCA5	TRUE
ABCA6	TRUE
ABCA7	TRUE
ABCA8	TRUE
ABCA9	TRUE
ABCB1	TRUE
ABCB11	TRUE
ABCB4	TRUE
ABCB5	FALSE
ABCB6	TRUE
ABCB7	TRUE
ABCB8	TRUE
ABCB9	TRUE
ABCC1	TRUE
ABCC11	TRUE
ABCC12	TRUE
ABCC2	TRUE
ABCC3	TRUE
ABCC4	TRUE
ABCC5	TRUE
ABCC8	FALSE
ABCC9	TRUE
ABCD1	TRUE
ABCD2	TRUE
ABCD3	TRUE
ABCD4	TRUE
ABCE1	TRUE
ABCF1	TRUE
ABCF2	TRUE
ABCF3	TRUE
ABCG1	TRUE
ABCG2	TRUE
ABCG4	FALSE
ABCG5	TRUE
ABCG8	FALSE
ABHD1	TRUE
ABHD10	TRUE
ABHD11	TRUE
ABHD12	TRUE
ABHD12B	TRUE
ABHD13	TRUE
ABHD14A	TRUE
ABHD14B	TRUE
ABHD15	TRUE
ABHD16A	TRUE
ABHD16B	TRUE
ABHD17B	TRUE
ABHD17C	TRUE
ABHD18	TRUE
ABHD2	TRUE
ABHD3	TRUE
ABHD4	TRUE
ABHD5	TRUE
ABHD6	TRUE
ABHD8	TRUE
ABI1	TRUE
ABI2	TRUE
ABI3	TRUE
ABI3BP	TRUE
ABL1	TRUE
ABL2	TRUE
ABLIM1	TRUE
ABLIM2	TRUE
ABLIM3	TRUE
ABO	TRUE
ABR	TRUE
ABRA	TRUE
ABRACL	TRUE
ABRAXAS1	TRUE
ABRAXAS2	TRUE
ABT1	TRUE
ABTB1	TRUE
ABTB2	TRUE
AC004593.3	TRUE
AC005551.1	TRUE
AC007906.2	TRUE
AC008397.1	TRUE
AC008687.4	TRUE
AC010255.3	FALSE
AC010325.1	FALSE
AC011005.1	FALSE
AC011195.2	TRUE
AC013470.2	TRUE
AC021072.1	FALSE
AC021097.2	TRUE
AC025283.2	FALSE
AC025287.4	TRUE
AC067752.1	TRUE
AC072022.2	TRUE
AC073111.4	TRUE
AC087498.1	FALSE
AC090360.1	FALSE
AC091057.6	TRUE
AC092835.1	TRUE
AC093323.1	TRUE
AC099489.1	TRUE
AC104389.5	FALSE
AC106774.4	FALSE
AC113348.1	FALSE
AC115220.1	FALSE
AC118549.1	TRUE
AC119396.1	FALSE
AC132217.2	TRUE
AC134684.8	FALSE
AC135068.1	FALSE
AC138647.1	TRUE
AC187653.1	TRUE
AC233723.1	TRUE
AC236972.4	FALSE
ACAA1	TRUE
ACAA2	TRUE
ACACA	TRUE
ACACB	TRUE
ACAD10	TRUE
ACAD11	TRUE
ACAD8	TRUE
ACAD9	TRUE
ACADL	TRUE
ACADM	TRUE
ACADS	TRUE
ACADSB	TRUE
ACADVL	TRUE
ACAN	FALSE
ACAP1	TRUE
ACAP2	TRUE
ACAP3	TRUE
ACAT1	TRUE
ACAT2	TRUE
ACBD3	TRUE
ACBD4	TRUE
ACBD5	TRUE
ACBD6	TRUE
ACBD7	TRUE
ACCS	TRUE
ACCSL	FALSE
ACD	TRUE
ACE	TRUE
ACE2	TRUE
ACER1	FALSE
ACER3	TRUE
ACHE	TRUE
ACIN1	TRUE
ACKR1	TRUE
ACKR2	TRUE
ACKR3	TRUE
ACKR4	FALSE
ACLY	TRUE
ACMSD	TRUE
ACO1	TRUE
ACO2	TRUE
ACOD1	TRUE
ACOT1	FALSE
ACOT11	TRUE
ACOT12	TRUE
ACOT13	TRUE
ACOT4	TRUE
ACOT6	FALSE
ACOT7	TRUE
ACOT8	TRUE
ACOT9	TRUE
ACOX1	TRUE
ACOX2	TRUE
ACOX3	TRUE
ACOXL	TRUE
ACP1	TRUE
ACP2	TRUE
ACP4	FALSE
ACP5	TRUE
ACP6	TRUE
ACP7	FALSE
ACPP	TRUE
ACRV1	FALSE
ACSBG1	FALSE
ACSBG2	FALSE
ACSF2	TRUE
ACSF3	TRUE
ACSL1	TRUE
ACSL3	TRUE
ACSL4	TRUE
ACSL5	TRUE
ACSL6	TRUE
ACSM1	TRUE
ACSM3	TRUE
ACSM4	FALSE
ACSM5	TRUE
ACSM6	FALSE
ACSS1	TRUE
ACSS2	TRUE
ACSS3	TRUE
ACTA2	TRUE
ACTB	TRUE
ACTC1	FALSE
ACTG2	TRUE
ACTL6A	TRUE
ACTL6B	FALSE
ACTL7A	FALSE
ACTL7B	FALSE
ACTL8	TRUE
ACTL9	FALSE
ACTN1	TRUE
ACTN2	FALSE
ACTN3	FALSE
ACTN4	TRUE
ACTR10	TRUE
ACTR1A	TRUE
ACTR1B	TRUE
ACTR3	TRUE
ACTR3B	TRUE
ACTR5	TRUE
ACTR6	TRUE
ACTR8	TRUE
ACTRT1	FALSE
ACTRT2	FALSE
ACTRT3	TRUE
ACVR1	TRUE
ACVR1B	TRUE
ACVR1C	TRUE
ACVR2A	TRUE
ACVR2B	TRUE
ACVRL1	TRUE
ACY1	TRUE
ACY3	TRUE
ACYP1	TRUE
ACYP2	TRUE
ADA	TRUE
ADA2	TRUE
ADAD1	TRUE
ADAD2	FALSE
ADAL	TRUE
ADAM10	TRUE
ADAM11	FALSE
ADAM12	TRUE
ADAM15	TRUE
ADAM17	TRUE
ADAM18	FALSE
ADAM19	TRUE
ADAM2	FALSE
ADAM20	TRUE
ADAM22	TRUE
ADAM23	TRUE
ADAM28	TRUE
ADAM29	FALSE
ADAM30	FALSE
ADAM32	TRUE
ADAM33	TRUE
ADAM7	FALSE
ADAM8	TRUE
ADAM9	TRUE
ADAMDEC1	TRUE
ADAMTS1	TRUE
ADAMTS10	TRUE
ADAMTS12	TRUE
ADAMTS13	TRUE
ADAMTS14	TRUE
ADAMTS15	TRUE
ADAMTS16	TRUE
ADAMTS17	TRUE
ADAMTS18	TRUE
ADAMTS19	TRUE
ADAMTS2	TRUE
ADAMTS20	FALSE
ADAMTS3	TRUE
ADAMTS4	TRUE
ADAMTS5	TRUE
ADAMTS6	TRUE
ADAMTS7	TRUE
ADAMTS8	FALSE
ADAMTS9	TRUE
ADAMTSL1	TRUE
ADAMTSL2	TRUE
ADAMTSL3	TRUE
ADAMTSL4	TRUE
ADAMTSL5	TRUE
ADAP1	TRUE
ADAP2	TRUE
ADAR	TRUE
ADARB1	TRUE
ADARB2	TRUE
ADAT1	TRUE
ADAT3	FALSE
ADCK2	TRUE
ADCK5	TRUE
ADCY1	TRUE
ADCY10	TRUE
ADCY2	FALSE
ADCY3	TRUE
ADCY4	TRUE
ADCY5	TRUE
ADCY6	TRUE
ADCY7	TRUE
ADCY8	TRUE
ADCY9	TRUE
ADCYAP1	TRUE
ADCYAP1R1	FALSE
ADD1	TRUE
ADD2	FALSE
ADD3	TRUE
ADGB	FALSE
ADGRA1	FALSE
ADGRA2	TRUE
ADGRA3	TRUE
ADGRB1	TRUE
ADGRB2	TRUE
ADGRB3	TRUE
ADGRD1	TRUE
ADGRD2	TRUE
ADGRE1	FALSE
ADGRE2	TRUE
ADGRE3	TRUE
ADGRE5	TRUE
ADGRF1	TRUE
ADGRF2	TRUE
ADGRF3	TRUE
ADGRF4	TRUE
ADGRF5	TRUE
ADGRG1	TRUE
ADGRG2	FALSE
ADGRG3	TRUE
ADGRG4	FALSE
ADGRG5	TRUE
ADGRG6	TRUE
ADGRG7	TRUE
ADGRL1	TRUE
ADGRL2	TRUE
ADGRL3	TRUE
ADGRL4	TRUE
ADGRV1	TRUE
ADH1A	TRUE
ADH1C	TRUE
ADH4	TRUE
ADH5	TRUE
ADH6	TRUE
ADH7	FALSE
ADHFE1	TRUE
ADI1	TRUE
ADIG	TRUE
ADIPOQ	FALSE
ADIPOR1	TRUE
ADIPOR2	TRUE
ADIRF	TRUE
ADK	TRUE
ADM	TRUE
ADM2	TRUE
ADM5	TRUE
ADNP	TRUE
ADNP2	TRUE
ADO	TRUE
ADORA1	TRUE
ADORA2A	TRUE
ADORA2B	TRUE
ADORA3	TRUE
ADPGK	TRUE
ADPRH	TRUE
ADPRHL1	TRUE
ADPRHL2	TRUE
ADPRM	TRUE
ADRA1A	TRUE
ADRA1B	TRUE
ADRA1D	TRUE
ADRA2A	TRUE
ADRA2B	TRUE
ADRA2C	TRUE
ADRB1	TRUE
ADRB2	TRUE
ADRB3	FALSE
ADRM1	TRUE
ADSL	TRUE
ADSS	TRUE
ADSSL1	TRUE
ADTRP	TRUE
AEBP1	TRUE
AEBP2	TRUE
AEN	TRUE
AFAP1	TRUE
AFAP1L1	TRUE
AFAP1L2	TRUE
AFDN	TRUE
AFF1	TRUE
AFF2	TRUE
AFF3	TRUE
AFF4	TRUE
AFG1L	TRUE
AFG3L2	TRUE
AFM	TRUE
AFP	FALSE
AFTPH	TRUE
AGA	TRUE
AGAP1	TRUE
AGAP2	TRUE
AGAP3	TRUE
AGBL1	FALSE
AGBL2	TRUE
AGBL3	TRUE
AGBL4	TRUE
AGBL5	TRUE
AGER	TRUE
AGFG1	TRUE
AGFG2	TRUE
AGGF1	TRUE
AGK	TRUE
AGL	TRUE
AGMAT	TRUE
AGMO	TRUE
AGO1	TRUE
AGO2	TRUE
AGO3	TRUE
AGO4	TRUE
AGPAT1	TRUE
AGPAT2	TRUE
AGPAT3	TRUE
AGPAT4	TRUE
AGPAT5	TRUE
AGPS	TRUE
AGR2	TRUE
AGR3	TRUE
AGRN	TRUE
AGRP	TRUE
AGT	TRUE
AGTPBP1	TRUE
AGTR1	TRUE
AGTR2	FALSE
AGTRAP	TRUE
AGXT	TRUE
AGXT2	TRUE
AHCTF1	TRUE
AHCYL1	TRUE
AHCYL2	TRUE
AHDC1	TRUE
AHI1	TRUE
AHNAK	TRUE
AHNAK2	TRUE
AHR	TRUE
AHRR	TRUE
AHSA1	TRUE
AHSG	TRUE
AHSP	FALSE
AICDA	TRUE
AIDA	TRUE
AIF1	TRUE
AIF1L	TRUE
AIFM1	TRUE
AIFM2	TRUE
AIFM3	TRUE
AIG1	TRUE
AIM2	TRUE
AIMP1	TRUE
AIMP2	TRUE
AIP	TRUE
AIPL1	FALSE
AIRE	TRUE
AJAP1	FALSE
AJM1	TRUE
AJUBA	TRUE
AK1	TRUE
AK4	TRUE
AK5	FALSE
AK7	TRUE
AK8	TRUE
AK9	TRUE
AKAIN1	FALSE
AKAP1	TRUE
AKAP10	TRUE
AKAP11	TRUE
AKAP12	TRUE
AKAP13	TRUE
AKAP14	FALSE
AKAP17A	TRUE
AKAP3	TRUE
AKAP4	FALSE
AKAP5	TRUE
AKAP6	TRUE
AKAP7	TRUE
AKAP8	TRUE
AKAP8L	TRUE
AKAP9	TRUE
AKIP1	TRUE
AKIRIN1	TRUE
AKIRIN2	TRUE
AKNA	TRUE
AKR1A1	TRUE
AKR1B10	TRUE
AKR1B15	FALSE
AKR1C2	TRUE
AKR1C3	TRUE
AKR1C4	TRUE
AKR1C8P	TRUE
AKR1D1	TRUE
AKR1E2	TRUE
AKT1	TRUE
AKT1S1	TRUE
AKT2	TRUE
AKT3	TRUE
AKTIP	TRUE
AL032819.3	TRUE
AL109810.2	TRUE
AL121578.2	FALSE
AL135905.2	TRUE
AL162231.1	TRUE
AL162596.1	FALSE
AL353572.3	FALSE
AL354761.1	FALSE
AL391650.1	FALSE
AL451007.3	FALSE
AL590560.2	FALSE
AL603764.2	FALSE
AL772284.2	FALSE
AL845331.2	TRUE
ALAD	TRUE
ALAS1	TRUE
ALAS2	FALSE
ALB	TRUE
ALCAM	TRUE
ALDH16A1	TRUE
ALDH18A1	TRUE
ALDH1A1	TRUE
ALDH1A2	TRUE
ALDH1A3	TRUE
ALDH1B1	TRUE
ALDH1L1	TRUE
ALDH1L2	TRUE
ALDH2	TRUE
ALDH3A1	TRUE
ALDH3A2	TRUE
ALDH3B1	TRUE
ALDH3B2	TRUE
ALDH4A1	TRUE
ALDH5A1	TRUE
ALDH6A1	TRUE
ALDH8A1	TRUE
ALDH9A1	TRUE
ALDOB	TRUE
ALDOC	TRUE
ALG1	TRUE
ALG11	TRUE
ALG12	TRUE
ALG13	TRUE
ALG14	TRUE
ALG1L	TRUE
ALG2	TRUE
ALG3	TRUE
ALG5	TRUE
ALG6	TRUE
ALG8	TRUE
ALG9	TRUE
ALK	FALSE
ALKAL1	TRUE
ALKAL2	TRUE
ALKBH1	TRUE
ALKBH2	TRUE
ALKBH3	TRUE
ALKBH4	TRUE
ALKBH5	TRUE
ALKBH6	TRUE
ALKBH7	TRUE
ALLC	FALSE
ALMS1	TRUE
ALOX12	FALSE
ALOX12B	FALSE
ALOX15	FALSE
ALOX15B	TRUE
ALOX5	TRUE
ALOX5AP	TRUE
ALOXE3	FALSE
ALPG	TRUE
ALPI	TRUE
ALPK1	TRUE
ALPK2	TRUE
ALPK3	TRUE
ALPL	TRUE
ALPP	TRUE
ALS2	TRUE
ALS2CL	TRUE
ALX1	FALSE
ALX3	FALSE
ALX4	TRUE
ALYREF	TRUE
AMACR	TRUE
AMBN	FALSE
AMBP	TRUE
AMBRA1	TRUE
AMD1	TRUE
AMDHD1	TRUE
AMDHD2	TRUE
AMELX	TRUE
AMELY	FALSE
AMER1	TRUE
AMER2	TRUE
AMER3	TRUE
AMFR	TRUE
AMH	TRUE
AMHR2	FALSE
AMIGO1	TRUE
AMIGO2	TRUE
AMMECR1	TRUE
AMMECR1L	TRUE
AMN	TRUE
AMN1	TRUE
AMOT	TRUE
AMOTL1	TRUE
AMOTL2	TRUE
AMPD1	FALSE
AMPD2	TRUE
AMPD3	TRUE
AMPH	TRUE
AMT	TRUE
AMTN	FALSE
AMZ1	TRUE
AMZ2	TRUE
ANAPC1	TRUE
ANAPC11	TRUE
ANAPC13	TRUE
ANAPC16	TRUE
ANAPC2	TRUE
ANAPC4	TRUE
ANAPC5	TRUE
ANAPC7	TRUE
ANG	TRUE
ANGEL1	TRUE
ANGEL2	TRUE
ANGPT1	TRUE
ANGPT4	FALSE
ANGPTL1	TRUE
ANGPTL2	TRUE
ANGPTL3	TRUE
ANGPTL4	TRUE
ANGPTL5	FALSE
ANGPTL6	TRUE
ANGPTL7	FALSE
ANGPTL8	TRUE
ANHX	FALSE
ANK1	TRUE
ANK2	TRUE
ANK3	TRUE
ANKAR	TRUE
ANKDD1A	TRUE
ANKDD1B	TRUE
ANKEF1	TRUE
ANKFN1	FALSE
ANKFY1	TRUE
ANKH	TRUE
ANKHD1	TRUE
ANKIB1	TRUE
ANKK1	FALSE
ANKLE1	TRUE
ANKLE2	TRUE
ANKMY1	TRUE
ANKMY2	TRUE
ANKRA2	TRUE
ANKRD1	TRUE
ANKRD10	TRUE
ANKRD11	TRUE
ANKRD12	TRUE
ANKRD13A	TRUE
ANKRD13B	TRUE
ANKRD13C	TRUE
ANKRD13D	TRUE
ANKRD16	TRUE
ANKRD17	TRUE
ANKRD18A	TRUE
ANKRD2	FALSE
ANKRD22	TRUE
ANKRD24	TRUE
ANKRD26	TRUE
ANKRD27	TRUE
ANKRD28	TRUE
ANKRD29	TRUE
ANKRD30A	FALSE
ANKRD30B	FALSE
ANKRD30BL	TRUE
ANKRD31	TRUE
ANKRD33	FALSE
ANKRD33B	TRUE
ANKRD34A	TRUE
ANKRD34B	FALSE
ANKRD34C	FALSE
ANKRD35	TRUE
ANKRD36	TRUE
ANKRD37	TRUE
ANKRD39	TRUE
ANKRD40	TRUE
ANKRD40CL	TRUE
ANKRD42	TRUE
ANKRD44	TRUE
ANKRD45	FALSE
ANKRD46	TRUE
ANKRD49	TRUE
ANKRD50	TRUE
ANKRD52	TRUE
ANKRD53	TRUE
ANKRD54	TRUE
ANKRD55	TRUE
ANKRD6	TRUE
ANKRD60	FALSE
ANKRD61	TRUE
ANKRD62	TRUE
ANKRD63	TRUE
ANKRD65	TRUE
ANKRD66	FALSE
ANKRD7	TRUE
ANKRD9	TRUE
ANKS1A	TRUE
ANKS1B	TRUE
ANKS3	TRUE
ANKS4B	TRUE
ANKS6	TRUE
ANKUB1	FALSE
ANKZF1	TRUE
ANLN	TRUE
ANO1	TRUE
ANO10	TRUE
ANO2	FALSE
ANO3	TRUE
ANO4	TRUE
ANO5	TRUE
ANO6	TRUE
ANO8	TRUE
ANO9	TRUE
ANOS1	TRUE
ANP32A	TRUE
ANP32B	TRUE
ANP32D	FALSE
ANP32E	TRUE
ANPEP	TRUE
ANTKMT	TRUE
ANTXR1	TRUE
ANTXR2	TRUE
ANTXRL	FALSE
ANXA1	TRUE
ANXA10	FALSE
ANXA11	TRUE
ANXA13	TRUE
ANXA2	TRUE
ANXA2R	TRUE
ANXA3	TRUE
ANXA4	TRUE
ANXA5	TRUE
ANXA6	TRUE
ANXA7	TRUE
ANXA9	TRUE
AOAH	TRUE
AOC1	TRUE
AOC2	TRUE
AOC3	TRUE
AOX1	TRUE
AP000552.4	FALSE
AP002495.1	TRUE
AP1AR	TRUE
AP1G1	TRUE
AP1G2	TRUE
AP1M1	TRUE
AP1M2	TRUE
AP1S1	TRUE
AP1S2	TRUE
AP1S3	TRUE
AP2A1	TRUE
AP2A2	TRUE
AP2B1	TRUE
AP2M1	TRUE
AP2S1	TRUE
AP3B1	TRUE
AP3B2	TRUE
AP3D1	TRUE
AP3M1	TRUE
AP3M2	TRUE
AP3S2	TRUE
AP4B1	TRUE
AP4E1	TRUE
AP4M1	TRUE
AP5M1	TRUE
AP5S1	TRUE
AP5Z1	TRUE
APAF1	TRUE
APBA1	TRUE
APBA2	TRUE
APBB1	TRUE
APBB1IP	TRUE
APBB2	TRUE
APBB3	TRUE
APC	TRUE
APC2	FALSE
APCDD1	TRUE
APCDD1L	TRUE
APCS	TRUE
APEH	TRUE
APELA	FALSE
APEX1	TRUE
APEX2	TRUE
APH1A	TRUE
APH1B	TRUE
API5	TRUE
APIP	TRUE
APLN	TRUE
APLNR	TRUE
APLP1	TRUE
APLP2	TRUE
APMAP	TRUE
APOA1	TRUE
APOA2	TRUE
APOA4	TRUE
APOA5	TRUE
APOB	TRUE
APOBEC1	TRUE
APOBEC2	TRUE
APOBEC3A	TRUE
APOBEC3B	TRUE
APOBEC3C	TRUE
APOBEC3F	TRUE
APOBEC3G	TRUE
APOBEC3H	TRUE
APOBEC4	TRUE
APOBR	TRUE
APOC1	TRUE
APOC2	TRUE
APOC3	TRUE
APOC4	TRUE
APOD	TRUE
APOE	TRUE
APOF	TRUE
APOH	TRUE
APOL1	TRUE
APOL3	TRUE
APOL5	FALSE
APOL6	TRUE
APOLD1	TRUE
APOM	TRUE
APOO	TRUE
APOOL	TRUE
APP	TRUE
APPBP2	TRUE
APPL1	TRUE
APPL2	TRUE
APRT	TRUE
APTX	TRUE
AQP1	TRUE
AQP10	FALSE
AQP11	TRUE
AQP12A	FALSE
AQP2	TRUE
AQP3	TRUE
AQP4	TRUE
AQP5	TRUE
AQP6	TRUE
AQP7	TRUE
AQP8	FALSE
AQP9	TRUE
AQR	TRUE
AR	TRUE
ARAF	TRUE
ARAP1	TRUE
ARAP2	TRUE
ARAP3	TRUE
ARC	TRUE
ARCN1	TRUE
AREG	TRUE
AREL1	TRUE
ARF1	TRUE
ARF3	TRUE
ARF4	TRUE
ARF5	TRUE
ARFGAP1	TRUE
ARFGAP2	TRUE
ARFGAP3	TRUE
ARFGEF1	TRUE
ARFGEF2	TRUE
ARFGEF3	TRUE
ARFIP1	TRUE
ARFIP2	TRUE
ARFRP1	TRUE
ARG1	TRUE
ARG2	TRUE
ARGLU1	TRUE
ARHGAP10	TRUE
ARHGAP11A	TRUE
ARHGAP12	TRUE
ARHGAP15	TRUE
ARHGAP17	TRUE
ARHGAP18	TRUE
ARHGAP19	TRUE
ARHGAP20	TRUE
ARHGAP21	TRUE
ARHGAP22	TRUE
ARHGAP23	TRUE
ARHGAP24	TRUE
ARHGAP25	TRUE
ARHGAP26	TRUE
ARHGAP28	TRUE
ARHGAP29	TRUE
ARHGAP30	TRUE
ARHGAP31	TRUE
ARHGAP32	TRUE
ARHGAP33	TRUE
ARHGAP35	TRUE
ARHGAP36	FALSE
ARHGAP39	TRUE
ARHGAP4	TRUE
ARHGAP40	TRUE
ARHGAP42	TRUE
ARHGAP44	TRUE
ARHGAP45	TRUE
ARHGAP5	TRUE
ARHGAP6	TRUE
ARHGAP8	TRUE
ARHGAP9	TRUE
ARHGDIA	TRUE
ARHGDIB	TRUE
ARHGDIG	TRUE
ARHGEF1	TRUE
ARHGEF10	TRUE
ARHGEF10L	TRUE
ARHGEF11	TRUE
ARHGEF12	TRUE
ARHGEF15	TRUE
ARHGEF16	TRUE
ARHGEF17	TRUE
ARHGEF18	TRUE
ARHGEF19	TRUE
ARHGEF2	TRUE
ARHGEF25	TRUE
ARHGEF26	TRUE
ARHGEF28	TRUE
ARHGEF3	TRUE
ARHGEF33	TRUE
ARHGEF35	TRUE
ARHGEF37	TRUE
ARHGEF38	TRUE
ARHGEF39	TRUE
ARHGEF4	TRUE
ARHGEF40	TRUE
ARHGEF5	TRUE
ARHGEF6	TRUE
ARHGEF7	TRUE
ARHGEF9	TRUE
ARID1A	TRUE
ARID1B	TRUE
ARID2	TRUE
ARID3A	TRUE
ARID3B	TRUE
ARID3C	TRUE
ARID4A	TRUE
ARID4B	TRUE
ARID5A	TRUE
ARID5B	TRUE
ARIH1	TRUE
ARIH2	TRUE
ARIH2OS	TRUE
ARL1	TRUE
ARL10	TRUE
ARL11	TRUE
ARL13A	FALSE
ARL13B	TRUE
ARL14	TRUE
ARL14EP	TRUE
ARL14EPL	FALSE
ARL15	TRUE
ARL16	TRUE
ARL2	TRUE
ARL2BP	TRUE
ARL3	TRUE
ARL4A	TRUE
ARL4C	TRUE
ARL4D	TRUE
ARL5B	TRUE
ARL5C	FALSE
ARL6	TRUE
ARL6IP4	TRUE
ARL6IP5	TRUE
ARL6IP6	TRUE
ARL8A	TRUE
ARL9	TRUE
ARMC1	TRUE
ARMC10	TRUE
ARMC12	TRUE
ARMC2	TRUE
ARMC3	FALSE
ARMC4	FALSE
ARMC5	TRUE
ARMC6	TRUE
ARMC7	TRUE
ARMC8	TRUE
ARMC9	TRUE
ARMCX1	TRUE
ARMCX2	TRUE
ARMCX3	TRUE
ARMCX4	TRUE
ARMCX5	TRUE
ARMCX6	TRUE
ARMH1	TRUE
ARMH2	TRUE
ARMH3	TRUE
ARMH4	TRUE
ARMS2	FALSE
ARMT1	TRUE
ARNT	TRUE
ARNT2	TRUE
ARNTL	TRUE
ARNTL2	TRUE
ARPC1A	TRUE
ARPC1B	TRUE
ARPC2	TRUE
ARPC3	TRUE
ARPC4	TRUE
ARPC5	TRUE
ARPC5L	TRUE
ARPIN	TRUE
ARPP19	TRUE
ARPP21	FALSE
ARR3	FALSE
ARRB1	TRUE
ARRB2	TRUE
ARRDC1	TRUE
ARRDC2	TRUE
ARRDC3	TRUE
ARRDC4	TRUE
ARRDC5	TRUE
ARSA	TRUE
ARSB	TRUE
ARSE	TRUE
ARSF	FALSE
ARSG	TRUE
ARSH	FALSE
ARSI	TRUE
ARSJ	TRUE
ARSK	TRUE
ART1	FALSE
ART3	TRUE
ART4	TRUE
ART5	TRUE
ARTN	TRUE
ARV1	TRUE
ARVCF	TRUE
ARX	FALSE
AS3MT	TRUE
ASAH1	TRUE
ASAH2	TRUE
ASAP1	TRUE
ASAP2	TRUE
ASAP3	TRUE
ASB1	TRUE
ASB10	TRUE
ASB11	FALSE
ASB12	TRUE
ASB13	TRUE
ASB14	TRUE
ASB15	FALSE
ASB16	TRUE
ASB17	FALSE
ASB18	FALSE
ASB2	FALSE
ASB3	TRUE
ASB4	TRUE
ASB5	FALSE
ASB6	TRUE
ASB7	TRUE
ASB8	TRUE
ASB9	TRUE
ASCC1	TRUE
ASCC2	TRUE
ASCC3	TRUE
ASCL1	TRUE
ASCL2	TRUE
ASCL3	FALSE
ASCL4	TRUE
ASCL5	TRUE
ASF1A	TRUE
ASF1B	TRUE
ASGR1	TRUE
ASGR2	TRUE
ASH1L	TRUE
ASH2L	TRUE
ASIC1	TRUE
ASIC2	FALSE
ASIC3	TRUE
ASIC4	TRUE
ASIC5	FALSE
ASIP	TRUE
ASL	TRUE
ASMT	FALSE
ASMTL	TRUE
ASNSD1	TRUE
ASPA	TRUE
ASPDH	TRUE
ASPG	TRUE
ASPH	TRUE
ASPHD1	TRUE
ASPHD2	TRUE
ASPM	TRUE
ASPN	TRUE
ASPRV1	TRUE
ASPSCR1	TRUE
ASRGL1	TRUE
ASS1	TRUE
ASTE1	TRUE
ASTL	TRUE
ASTN1	FALSE
ASTN2	TRUE
ASXL1	TRUE
ASXL2	TRUE
ASXL3	FALSE
ASZ1	FALSE
ATAD1	TRUE
ATAD2	TRUE
ATAD2B	TRUE
ATAD3C	TRUE
ATAD5	TRUE
ATAT1	TRUE
ATCAY	FALSE
ATE1	TRUE
ATF1	TRUE
ATF2	TRUE
ATF3	TRUE
ATF4	TRUE
ATF5	TRUE
ATF6	TRUE
ATF6B	TRUE
ATF7	TRUE
ATF7IP	TRUE
ATF7IP2	TRUE
ATG10	TRUE
ATG101	TRUE
ATG12	TRUE
ATG13	TRUE
ATG14	TRUE
ATG16L1	TRUE
ATG16L2	TRUE
ATG2A	TRUE
ATG2B	TRUE
ATG3	TRUE
ATG4A	TRUE
ATG4B	TRUE
ATG4C	TRUE
ATG4D	TRUE
ATG5	TRUE
ATG7	TRUE
ATG9A	TRUE
ATG9B	TRUE
ATIC	TRUE
ATL1	TRUE
ATL2	TRUE
ATL3	TRUE
ATM	TRUE
ATMIN	TRUE
ATN1	TRUE
ATOH1	TRUE
ATOH7	TRUE
ATOH8	TRUE
ATOX1	TRUE
ATP10A	TRUE
ATP10B	TRUE
ATP10D	TRUE
ATP11A	TRUE
ATP11B	TRUE
ATP11C	TRUE
ATP12A	FALSE
ATP13A1	TRUE
ATP13A2	TRUE
ATP13A3	TRUE
ATP13A4	TRUE
ATP13A5	FALSE
ATP1A1	TRUE
ATP1A2	TRUE
ATP1A3	TRUE
ATP1A4	TRUE
ATP1B1	TRUE
ATP1B2	TRUE
ATP1B4	FALSE
ATP23	TRUE
ATP2A1	TRUE
ATP2A2	TRUE
ATP2A3	TRUE
ATP2B1	TRUE
ATP2B2	TRUE
ATP2B3	FALSE
ATP2B4	TRUE
ATP2C1	TRUE
ATP2C2	TRUE
ATP4A	FALSE
ATP4B	TRUE
ATP5F1A	TRUE
ATP5F1B	TRUE
ATP5F1D	TRUE
ATP5F1E	TRUE
ATP5IF1	TRUE
ATP5MC2	TRUE
ATP5MC3	TRUE
ATP5ME	TRUE
ATP5MF	TRUE
ATP5MG	TRUE
ATP5MPL	TRUE
ATP5PB	TRUE
ATP5PD	TRUE
ATP5PF	TRUE
ATP6AP1	TRUE
ATP6AP1L	TRUE
ATP6AP2	TRUE
ATP6V0A1	TRUE
ATP6V0A4	TRUE
ATP6V0B	TRUE
ATP6V0D1	TRUE
ATP6V0D2	TRUE
ATP6V0E1	TRUE
ATP6V0E2	TRUE
ATP6V1A	TRUE
ATP6V1B2	TRUE
ATP6V1C1	TRUE
ATP6V1C2	TRUE
ATP6V1D	TRUE
ATP6V1E1	TRUE
ATP6V1E2	TRUE
ATP6V1F	TRUE
ATP6V1FNB	TRUE
ATP6V1G1	TRUE
ATP6V1G2	TRUE
ATP6V1G3	FALSE
ATP6V1H	TRUE
ATP7A	TRUE
ATP7B	TRUE
ATP8A1	TRUE
ATP8A2	FALSE
ATP8B1	TRUE
ATP8B2	TRUE
ATP8B3	TRUE
ATP8B4	TRUE
ATP9A	TRUE
ATP9B	TRUE
ATPAF1	TRUE
ATPAF2	TRUE
ATPSCKMT	TRUE
ATR	TRUE
ATRAID	TRUE
ATRIP	TRUE
ATRN	TRUE
ATRNL1	TRUE
ATRX	TRUE
ATXN1	TRUE
ATXN10	TRUE
ATXN1L	TRUE
ATXN2	TRUE
ATXN2L	TRUE
ATXN3	TRUE
ATXN3L	FALSE
ATXN7	TRUE
ATXN7L1	TRUE
ATXN7L2	TRUE
ATXN7L3	TRUE
ATXN7L3B	TRUE
AUH	TRUE
AUNIP	TRUE
AUP1	TRUE
AURKA	TRUE
AURKAIP1	TRUE
AURKB	TRUE
AURKC	TRUE
AUTS2	TRUE
AVEN	TRUE
AVIL	TRUE
AVL9	TRUE
AVP	FALSE
AVPI1	TRUE
AVPR1A	TRUE
AVPR1B	FALSE
AVPR2	FALSE
AWAT1	FALSE
AWAT2	FALSE
AXDND1	FALSE
AXIN1	TRUE
AXIN2	TRUE
AXL	TRUE
AZGP1	TRUE
AZI2	TRUE
AZIN1	TRUE
AZIN2	TRUE
AZU1	FALSE
B2M	TRUE
B3GALNT1	TRUE
B3GALNT2	TRUE
B3GALT1	TRUE
B3GALT2	TRUE
B3GALT4	TRUE
B3GALT5	TRUE
B3GALT6	TRUE
B3GAT1	TRUE
B3GAT2	FALSE
B3GLCT	TRUE
B3GNT10	TRUE
B3GNT2	TRUE
B3GNT3	TRUE
B3GNT4	TRUE
B3GNT5	TRUE
B3GNT6	TRUE
B3GNT7	TRUE
B3GNT8	TRUE
B3GNT9	TRUE
B3GNTL1	TRUE
B4GALNT1	TRUE
B4GALNT2	FALSE
B4GALNT3	TRUE
B4GALNT4	TRUE
B4GALT1	TRUE
B4GALT2	TRUE
B4GALT3	TRUE
B4GALT4	TRUE
B4GALT5	TRUE
B4GALT6	TRUE
B4GALT7	TRUE
B4GAT1	TRUE
B9D1	TRUE
B9D2	TRUE
BAALC	TRUE
BAAT	TRUE
BABAM1	TRUE
BABAM2	TRUE
BACE1	TRUE
BACE2	TRUE
BACH1	TRUE
BACH2	TRUE
BAD	TRUE
BAG1	TRUE
BAG2	TRUE
BAG3	TRUE
BAG4	TRUE
BAG5	TRUE
BAG6	TRUE
BAHCC1	TRUE
BAHD1	TRUE
BAIAP2	TRUE
BAIAP2L1	TRUE
BAIAP2L2	TRUE
BAIAP3	TRUE
BAK1	TRUE
BAMBI	TRUE
BANF1	TRUE
BANF2	TRUE
BANK1	TRUE
BANP	TRUE
BAP1	TRUE
BARD1	TRUE
BARHL2	FALSE
BARX1	FALSE
BARX2	TRUE
BATF	TRUE
BATF2	TRUE
BATF3	TRUE
BAX	TRUE
BAZ1A	TRUE
BAZ1B	TRUE
BAZ2A	TRUE
BAZ2B	TRUE
BBC3	TRUE
BBIP1	TRUE
BBOF1	TRUE
BBOX1	TRUE
BBS1	TRUE
BBS10	TRUE
BBS12	TRUE
BBS2	TRUE
BBS4	TRUE
BBS5	TRUE
BBS7	TRUE
BBS9	TRUE
BBX	TRUE
BCAM	TRUE
BCAN	FALSE
BCAP29	TRUE
BCAP31	TRUE
BCAR1	TRUE
BCAR3	TRUE
BCAS3	TRUE
BCAS4	TRUE
BCAT1	TRUE
BCAT2	TRUE
BCCIP	TRUE
BCDIN3D	TRUE
BCHE	TRUE
BCKDHA	TRUE
BCKDHB	TRUE
BCKDK	TRUE
BCL10	TRUE
BCL11A	TRUE
BCL2	TRUE
BCL2A1	TRUE
BCL2L1	TRUE
BCL2L10	TRUE
BCL2L11	TRUE
BCL2L12	TRUE
BCL2L13	TRUE
BCL2L15	TRUE
BCL2L2	TRUE
BCL3	TRUE
BCL6	TRUE
BCL6B	TRUE
BCL7A	TRUE
BCL7B	TRUE
BCL7C	TRUE
BCL9	TRUE
BCL9L	TRUE
BCLAF3	TRUE
BCO1	TRUE
BCO2	TRUE
BCOR	TRUE
BCORL1	TRUE
BCR	TRUE
BCS1L	TRUE
BDH1	TRUE
BDKRB1	TRUE
BDKRB2	TRUE
BDNF	FALSE
BDP1	TRUE
BEAN1	TRUE
BECN1	TRUE
BECN2	FALSE
BEGAIN	TRUE
BEND2	FALSE
BEND3	TRUE
BEND4	FALSE
BEND5	FALSE
BEND6	TRUE
BEND7	TRUE
BEST1	TRUE
BEST2	FALSE
BEST3	TRUE
BEST4	FALSE
BET1	TRUE
BET1L	TRUE
BEX1	FALSE
BEX2	FALSE
BEX3	TRUE
BEX4	TRUE
BEX5	TRUE
BFAR	TRUE
BFSP1	TRUE
BFSP2	FALSE
BGLAP	TRUE
BGN	TRUE
BHLHA9	FALSE
BHLHE22	TRUE
BHLHE23	TRUE
BHLHE40	TRUE
BHLHE41	TRUE
BHMG1	FALSE
BHMT	TRUE
BHMT2	TRUE
BICC1	TRUE
BICD1	TRUE
BICD2	TRUE
BICDL1	TRUE
BICDL2	TRUE
BICRA	TRUE
BICRAL	TRUE
BID	TRUE
BIK	TRUE
BIN1	TRUE
BIN2	TRUE
BIN3	TRUE
BIRC2	TRUE
BIRC3	TRUE
BIRC5	TRUE
BIRC6	TRUE
BIRC7	TRUE
BIVM	TRUE
BLACAT1	TRUE
BLCAP	TRUE
BLID	FALSE
BLK	TRUE
BLM	TRUE
BLMH	TRUE
BLNK	TRUE
BLOC1S1	TRUE
BLOC1S2	TRUE
BLOC1S3	TRUE
BLOC1S4	TRUE
BLOC1S5	TRUE
BLOC1S6	TRUE
BLVRA	TRUE
BLVRB	TRUE
BLZF1	TRUE
BMERB1	TRUE
BMF	TRUE
BMI1	TRUE
BMP1	TRUE
BMP10	TRUE
BMP15	FALSE
BMP2	TRUE
BMP2K	TRUE
BMP3	FALSE
BMP4	TRUE
BMP5	TRUE
BMP7	TRUE
BMP8A	TRUE
BMP8B	TRUE
BMPER	TRUE
BMPR1A	TRUE
BMPR1B	TRUE
BMPR2	TRUE
BMS1	TRUE
BMT2	TRUE
BMX	TRUE
BNC1	FALSE
BNC2	TRUE
BNIP1	TRUE
BNIP2	TRUE
BNIP3L	TRUE
BNIP5	TRUE
BNIPL	TRUE
BOC	TRUE
BOD1	TRUE
BOD1L1	TRUE
BOD1L2	FALSE
BOK	TRUE
BOLA1	TRUE
BOLA3	TRUE
BOLL	FALSE
BOP1	TRUE
BORA	TRUE
BORCS5	TRUE
BORCS6	TRUE
BORCS7	TRUE
BPGM	TRUE
BPHL	TRUE
BPI	FALSE
BPIFA1	TRUE
BPIFA2	FALSE
BPIFA3	FALSE
BPIFB1	FALSE
BPIFB2	FALSE
BPIFB3	FALSE
BPIFB4	FALSE
BPIFB6	FALSE
BPIFC	FALSE
BPNT1	TRUE
BPTF	TRUE
BRAF	TRUE
BRAP	TRUE
BRAT1	TRUE
BRCA1	TRUE
BRCA2	TRUE
BRD1	TRUE
BRD2	TRUE
BRD3	TRUE
BRD3OS	TRUE
BRD4	TRUE
BRD8	TRUE
BRD9	TRUE
BRDT	FALSE
BRF1	TRUE
BRF2	TRUE
BRI3	TRUE
BRI3BP	TRUE
BRICD5	TRUE
BRINP1	TRUE
BRINP2	FALSE
BRINP3	FALSE
BRIP1	TRUE
BRIX1	TRUE
BRK1	TRUE
BRMS1	TRUE
BRMS1L	TRUE
BROX	TRUE
BRPF1	TRUE
BRPF3	TRUE
BRS3	FALSE
BRSK1	TRUE
BRSK2	TRUE
BRWD1	TRUE
BRWD3	TRUE
BSCL2	TRUE
BSDC1	TRUE
BSG	TRUE
BSN	TRUE
BSND	FALSE
BSPH1	FALSE
BSPRY	TRUE
BST1	TRUE
BST2	TRUE
BSX	FALSE
BTAF1	TRUE
BTBD1	TRUE
BTBD10	TRUE
BTBD11	TRUE
BTBD16	TRUE
BTBD17	FALSE
BTBD18	FALSE
BTBD19	TRUE
BTBD2	TRUE
BTBD3	TRUE
BTBD6	TRUE
BTBD7	TRUE
BTBD8	TRUE
BTBD9	TRUE
BTC	TRUE
BTD	TRUE
BTF3	TRUE
BTF3L4	TRUE
BTG2	TRUE
BTG3	TRUE
BTG4	FALSE
BTK	TRUE
BTLA	FALSE
BTN1A1	TRUE
BTN2A1	TRUE
BTN2A2	TRUE
BTN3A1	TRUE
BTN3A2	TRUE
BTN3A3	TRUE
BTNL2	FALSE
BTNL3	TRUE
BTNL8	TRUE
BTRC	TRUE
BUB1	TRUE
BUB1B	TRUE
BUB3	TRUE
BUD13	TRUE
BUD23	TRUE
BVES	TRUE
BX255925.3	TRUE
BX276092.9	FALSE
BYSL	TRUE
BZW1	TRUE
BZW2	TRUE
C10ORF105	FALSE
C10ORF120	FALSE
C10ORF142	TRUE
C10ORF143	TRUE
C10ORF53	FALSE
C10ORF55	FALSE
C10ORF62	TRUE
C10ORF67	TRUE
C10ORF71	FALSE
C10ORF82	TRUE
C10ORF88	TRUE
C10ORF90	FALSE
C10ORF95	TRUE
C10ORF99	TRUE
C11ORF1	TRUE
C11ORF16	FALSE
C11ORF21	TRUE
C11ORF24	TRUE
C11ORF40	FALSE
C11ORF42	FALSE
C11ORF45	TRUE
C11ORF49	TRUE
C11ORF52	TRUE
C11ORF53	TRUE
C11ORF54	TRUE
C11ORF58	TRUE
C11ORF65	TRUE
C11ORF68	TRUE
C11ORF71	TRUE
C11ORF74	TRUE
C11ORF80	TRUE
C11ORF86	FALSE
C11ORF87	FALSE
C11ORF88	FALSE
C11ORF94	FALSE
C11ORF95	TRUE
C11ORF96	TRUE
C11ORF97	FALSE
C12ORF10	TRUE
C12ORF29	TRUE
C12ORF4	TRUE
C12ORF40	FALSE
C12ORF42	FALSE
C12ORF43	TRUE
C12ORF45	TRUE
C12ORF49	TRUE
C12ORF50	FALSE
C12ORF54	FALSE
C12ORF56	TRUE
C12ORF57	TRUE
C12ORF60	TRUE
C12ORF65	TRUE
C12ORF66	TRUE
C12ORF71	FALSE
C12ORF73	TRUE
C12ORF74	TRUE
C12ORF75	TRUE
C12ORF76	TRUE
C12ORF81	TRUE
C13ORF42	TRUE
C13ORF46	FALSE
C14ORF119	TRUE
C14ORF132	TRUE
C14ORF177	FALSE
C14ORF180	FALSE
C14ORF28	TRUE
C14ORF39	FALSE
C14ORF93	TRUE
C15ORF39	TRUE
C15ORF40	TRUE
C15ORF41	TRUE
C15ORF48	TRUE
C15ORF61	TRUE
C15ORF62	TRUE
C15ORF65	TRUE
C16ORF46	TRUE
C16ORF54	TRUE
C16ORF58	TRUE
C16ORF70	TRUE
C16ORF71	TRUE
C16ORF72	TRUE
C16ORF74	TRUE
C16ORF78	FALSE
C16ORF86	TRUE
C16ORF87	TRUE
C16ORF89	FALSE
C16ORF90	FALSE
C16ORF91	TRUE
C16ORF92	FALSE
C16ORF95	TRUE
C16ORF96	FALSE
C17ORF100	TRUE
C17ORF107	TRUE
C17ORF113	TRUE
C17ORF49	TRUE
C17ORF50	TRUE
C17ORF53	TRUE
C17ORF58	TRUE
C17ORF64	FALSE
C17ORF67	TRUE
C17ORF75	TRUE
C17ORF78	FALSE
C17ORF80	TRUE
C17ORF97	TRUE
C17ORF98	FALSE
C17ORF99	TRUE
C18ORF21	TRUE
C18ORF25	TRUE
C18ORF32	TRUE
C18ORF54	TRUE
C18ORF63	FALSE
C19ORF12	TRUE
C19ORF18	TRUE
C19ORF25	TRUE
C19ORF33	TRUE
C19ORF38	TRUE
C19ORF44	TRUE
C19ORF47	TRUE
C19ORF48	TRUE
C19ORF53	TRUE
C19ORF54	TRUE
C19ORF57	TRUE
C19ORF67	FALSE
C19ORF71	FALSE
C19ORF73	TRUE
C19ORF81	FALSE
C19ORF84	FALSE
C19ORF85	FALSE
C1GALT1	TRUE
C1GALT1C1	TRUE
C1GALT1C1L	FALSE
C1ORF100	FALSE
C1ORF105	TRUE
C1ORF109	TRUE
C1ORF112	TRUE
C1ORF115	TRUE
C1ORF116	TRUE
C1ORF122	TRUE
C1ORF127	FALSE
C1ORF131	TRUE
C1ORF141	FALSE
C1ORF146	FALSE
C1ORF158	FALSE
C1ORF159	TRUE
C1ORF162	TRUE
C1ORF167	FALSE
C1ORF174	TRUE
C1ORF185	FALSE
C1ORF189	FALSE
C1ORF194	FALSE
C1ORF198	TRUE
C1ORF21	TRUE
C1ORF210	TRUE
C1ORF216	TRUE
C1ORF226	TRUE
C1ORF232	FALSE
C1ORF35	TRUE
C1ORF43	TRUE
C1ORF52	TRUE
C1ORF53	TRUE
C1ORF54	TRUE
C1ORF56	TRUE
C1ORF61	TRUE
C1ORF68	FALSE
C1ORF74	TRUE
C1ORF87	FALSE
C1ORF94	FALSE
C1QA	TRUE
C1QB	TRUE
C1QC	TRUE
C1QL1	FALSE
C1QL2	TRUE
C1QL3	FALSE
C1QL4	TRUE
C1QTNF1	TRUE
C1QTNF12	TRUE
C1QTNF2	TRUE
C1QTNF3	TRUE
C1QTNF4	TRUE
C1QTNF6	TRUE
C1QTNF7	TRUE
C1QTNF8	TRUE
C1QTNF9	FALSE
C1R	TRUE
C1RL	TRUE
C1S	TRUE
C2	TRUE
C20ORF141	FALSE
C20ORF144	FALSE
C20ORF173	FALSE
C20ORF194	TRUE
C20ORF202	FALSE
C20ORF204	TRUE
C20ORF27	TRUE
C20ORF85	FALSE
C20ORF96	TRUE
C21ORF58	TRUE
C21ORF91	TRUE
C22ORF15	FALSE
C22ORF23	FALSE
C22ORF31	FALSE
C22ORF39	TRUE
C22ORF42	FALSE
C2CD2	TRUE
C2CD2L	TRUE
C2CD3	TRUE
C2CD4A	TRUE
C2CD4C	TRUE
C2CD4D	TRUE
C2CD5	TRUE
C2CD6	TRUE
C2ORF15	TRUE
C2ORF16	FALSE
C2ORF42	TRUE
C2ORF49	TRUE
C2ORF50	FALSE
C2ORF66	TRUE
C2ORF68	TRUE
C2ORF69	TRUE
C2ORF72	TRUE
C2ORF73	TRUE
C2ORF74	TRUE
C2ORF76	TRUE
C2ORF78	FALSE
C2ORF80	FALSE
C2ORF81	TRUE
C2ORF83	TRUE
C2ORF88	TRUE
C2ORF91	TRUE
C2ORF92	TRUE
C3	TRUE
C3AR1	TRUE
C3ORF14	TRUE
C3ORF18	TRUE
C3ORF20	FALSE
C3ORF22	FALSE
C3ORF33	TRUE
C3ORF38	TRUE
C3ORF49	FALSE
C3ORF52	TRUE
C3ORF56	FALSE
C3ORF62	TRUE
C3ORF67	TRUE
C3ORF70	TRUE
C3ORF80	TRUE
C3ORF84	FALSE
C3ORF85	TRUE
C4BPA	TRUE
C4BPB	TRUE
C4ORF17	FALSE
C4ORF19	TRUE
C4ORF3	TRUE
C4ORF33	TRUE
C4ORF36	TRUE
C4ORF45	FALSE
C4ORF46	TRUE
C4ORF47	TRUE
C4ORF48	TRUE
C4ORF50	FALSE
C4ORF51	FALSE
C4ORF54	FALSE
C5	TRUE
C5AR1	TRUE
C5AR2	TRUE
C5ORF15	TRUE
C5ORF22	TRUE
C5ORF24	TRUE
C5ORF30	TRUE
C5ORF34	TRUE
C5ORF46	TRUE
C5ORF47	FALSE
C5ORF49	TRUE
C5ORF51	TRUE
C5ORF52	FALSE
C5ORF58	FALSE
C5ORF67	FALSE
C6	TRUE
C6ORF118	FALSE
C6ORF120	TRUE
C6ORF132	TRUE
C6ORF136	TRUE
C6ORF141	TRUE
C6ORF15	TRUE
C6ORF163	TRUE
C6ORF201	FALSE
C6ORF223	TRUE
C6ORF226	TRUE
C6ORF47	TRUE
C6ORF52	TRUE
C6ORF58	FALSE
C6ORF62	TRUE
C6ORF89	TRUE
C7	TRUE
C7ORF25	TRUE
C7ORF26	TRUE
C7ORF31	TRUE
C7ORF33	FALSE
C7ORF50	TRUE
C7ORF57	FALSE
C7ORF61	TRUE
C7ORF77	FALSE
C8A	TRUE
C8B	TRUE
C8G	TRUE
C8ORF33	TRUE
C8ORF34	TRUE
C8ORF37	TRUE
C8ORF48	TRUE
C8ORF58	TRUE
C8ORF74	FALSE
C8ORF76	TRUE
C8ORF88	TRUE
C8ORF89	FALSE
C9	TRUE
C9ORF116	TRUE
C9ORF129	FALSE
C9ORF131	FALSE
C9ORF135	TRUE
C9ORF152	TRUE
C9ORF153	FALSE
C9ORF24	TRUE
C9ORF40	TRUE
C9ORF43	TRUE
C9ORF50	FALSE
C9ORF57	FALSE
C9ORF64	TRUE
C9ORF72	TRUE
C9ORF78	TRUE
C9ORF85	TRUE
C9ORF92	FALSE
CA1	TRUE
CA10	FALSE
CA11	TRUE
CA12	TRUE
CA13	TRUE
CA14	FALSE
CA2	TRUE
CA3	TRUE
CA4	FALSE
CA5B	TRUE
CA6	FALSE
CA7	FALSE
CA8	TRUE
CA9	TRUE
CAAP1	TRUE
CAB39	TRUE
CAB39L	TRUE
CABCOCO1	TRUE
CABIN1	TRUE
CABLES1	TRUE
CABLES2	TRUE
CABP1	TRUE
CABP2	FALSE
CABP4	TRUE
CABP5	FALSE
CABP7	FALSE
CABS1	FALSE
CACFD1	TRUE
CACHD1	TRUE
CACNA1B	FALSE
CACNA1C	TRUE
CACNA1E	FALSE
CACNA1F	FALSE
CACNA1G	TRUE
CACNA1H	TRUE
CACNA1S	TRUE
CACNA2D1	TRUE
CACNA2D2	FALSE
CACNA2D3	FALSE
CACNA2D4	TRUE
CACNB1	TRUE
CACNB2	TRUE
CACNB3	TRUE
CACNB4	TRUE
CACNG1	FALSE
CACNG2	FALSE
CACNG3	FALSE
CACNG4	TRUE
CACNG5	FALSE
CACNG6	FALSE
CACNG7	FALSE
CACNG8	TRUE
CACTIN	TRUE
CACUL1	TRUE
CAD	TRUE
CADM1	TRUE
CADM2	FALSE
CADM3	TRUE
CADM4	TRUE
CADPS	TRUE
CADPS2	TRUE
CAGE1	FALSE
CALB1	TRUE
CALB2	TRUE
CALCOCO1	TRUE
CALCOCO2	TRUE
CALCR	FALSE
CALCRL	TRUE
CALD1	TRUE
CALHM1	FALSE
CALHM2	TRUE
CALHM3	FALSE
CALHM4	TRUE
CALHM5	TRUE
CALHM6	TRUE
CALM3	TRUE
CALML4	TRUE
CALML5	FALSE
CALML6	TRUE
CALN1	FALSE
CALR	TRUE
CALR3	FALSE
CALU	TRUE
CALY	FALSE
CAMK1	TRUE
CAMK1D	TRUE
CAMK1G	TRUE
CAMK2A	FALSE
CAMK2D	TRUE
CAMK2G	TRUE
CAMK2N1	TRUE
CAMK2N2	TRUE
CAMK4	TRUE
CAMKK1	TRUE
CAMKK2	TRUE
CAMKMT	TRUE
CAMKV	TRUE
CAMLG	TRUE
CAMP	FALSE
CAMSAP1	TRUE
CAMSAP2	TRUE
CAMSAP3	TRUE
CAMTA1	TRUE
CAMTA2	TRUE
CAND1	TRUE
CAND2	TRUE
CANT1	TRUE
CANX	TRUE
CAP1	TRUE
CAP2	TRUE
CAPG	TRUE
CAPN1	TRUE
CAPN11	FALSE
CAPN12	TRUE
CAPN13	TRUE
CAPN14	FALSE
CAPN15	TRUE
CAPN2	TRUE
CAPN3	TRUE
CAPN5	TRUE
CAPN6	TRUE
CAPN7	TRUE
CAPN8	TRUE
CAPN9	TRUE
CAPNS1	TRUE
CAPNS2	TRUE
CAPRIN1	TRUE
CAPRIN2	TRUE
CAPS	TRUE
CAPS2	TRUE
CAPSL	FALSE
CAPZA2	TRUE
CAPZA3	FALSE
CAPZB	TRUE
CARD10	TRUE
CARD11	TRUE
CARD14	TRUE
CARD16	TRUE
CARD17	FALSE
CARD18	FALSE
CARD19	TRUE
CARD6	TRUE
CARD9	TRUE
CARF	TRUE
CARHSP1	TRUE
CARM1	TRUE
CARMIL1	TRUE
CARMIL2	TRUE
CARMIL3	TRUE
CARNMT1	TRUE
CARNS1	TRUE
CARS	TRUE
CARS2	TRUE
CARTPT	FALSE
CASC1	FALSE
CASC3	TRUE
CASD1	TRUE
CASK	TRUE
CASKIN1	TRUE
CASKIN2	TRUE
CASP10	TRUE
CASP14	FALSE
CASP2	TRUE
CASP3	TRUE
CASP4	TRUE
CASP5	TRUE
CASP6	TRUE
CASP7	TRUE
CASP8	TRUE
CASP8AP2	TRUE
CASP9	TRUE
CASQ1	FALSE
CASQ2	FALSE
CASR	TRUE
CASS4	TRUE
CAST	TRUE
CASTOR1	TRUE
CASTOR2	TRUE
CASTOR3	TRUE
CASZ1	TRUE
CAT	TRUE
CATIP	FALSE
CATSPER3	TRUE
CATSPER4	FALSE
CATSPERB	TRUE
CATSPERD	FALSE
CATSPERE	FALSE
CATSPERG	TRUE
CATSPERZ	TRUE
CAV1	TRUE
CAV2	TRUE
CAVIN1	TRUE
CAVIN2	TRUE
CAVIN3	TRUE
CAVIN4	TRUE
CBARP	TRUE
CBFA2T2	TRUE
CBFA2T3	TRUE
CBFB	TRUE
CBL	TRUE
CBLB	TRUE
CBLC	TRUE
CBLIF	FALSE
CBLL1	TRUE
CBLL2	FALSE
CBLN1	TRUE
CBLN2	FALSE
CBLN3	TRUE
CBLN4	TRUE
CBR1	TRUE
CBR3	TRUE
CBR4	TRUE
CBX2	TRUE
CBX3	TRUE
CBX4	TRUE
CBX5	TRUE
CBX6	TRUE
CBX8	TRUE
CBY1	TRUE
CBY3	FALSE
CC2D1A	TRUE
CC2D1B	TRUE
CC2D2A	TRUE
CC2D2B	TRUE
CCAR1	TRUE
CCAR2	TRUE
CCBE1	TRUE
CCDC102A	TRUE
CCDC102B	TRUE
CCDC105	FALSE
CCDC106	TRUE
CCDC107	TRUE
CCDC110	TRUE
CCDC112	TRUE
CCDC113	TRUE
CCDC114	FALSE
CCDC115	TRUE
CCDC116	FALSE
CCDC117	TRUE
CCDC12	TRUE
CCDC120	TRUE
CCDC121	TRUE
CCDC122	TRUE
CCDC124	TRUE
CCDC125	TRUE
CCDC126	TRUE
CCDC127	TRUE
CCDC13	TRUE
CCDC130	TRUE
CCDC134	TRUE
CCDC136	TRUE
CCDC137	TRUE
CCDC138	TRUE
CCDC14	TRUE
CCDC140	FALSE
CCDC141	TRUE
CCDC142	TRUE
CCDC146	TRUE
CCDC148	TRUE
CCDC149	TRUE
CCDC15	TRUE
CCDC150	TRUE
CCDC151	TRUE
CCDC152	TRUE
CCDC153	TRUE
CCDC154	TRUE
CCDC155	FALSE
CCDC157	TRUE
CCDC158	TRUE
CCDC159	TRUE
CCDC160	FALSE
CCDC163	TRUE
CCDC166	TRUE
CCDC167	TRUE
CCDC168	TRUE
CCDC169	TRUE
CCDC17	TRUE
CCDC170	TRUE
CCDC171	TRUE
CCDC172	FALSE
CCDC173	FALSE
CCDC174	TRUE
CCDC175	TRUE
CCDC177	FALSE
CCDC178	FALSE
CCDC179	FALSE
CCDC18	TRUE
CCDC180	TRUE
CCDC181	FALSE
CCDC182	FALSE
CCDC183	TRUE
CCDC184	TRUE
CCDC185	FALSE
CCDC186	TRUE
CCDC187	TRUE
CCDC188	TRUE
CCDC189	TRUE
CCDC190	FALSE
CCDC191	TRUE
CCDC192	TRUE
CCDC194	FALSE
CCDC195	FALSE
CCDC196	FALSE
CCDC197	FALSE
CCDC198	TRUE
CCDC200	FALSE
CCDC201	FALSE
CCDC22	TRUE
CCDC24	TRUE
CCDC27	FALSE
CCDC28A	TRUE
CCDC28B	TRUE
CCDC3	TRUE
CCDC30	TRUE
CCDC32	TRUE
CCDC33	FALSE
CCDC34	TRUE
CCDC36	TRUE
CCDC38	FALSE
CCDC39	FALSE
CCDC40	TRUE
CCDC42	FALSE
CCDC43	TRUE
CCDC47	TRUE
CCDC50	TRUE
CCDC51	TRUE
CCDC54	FALSE
CCDC57	TRUE
CCDC59	TRUE
CCDC6	TRUE
CCDC60	TRUE
CCDC61	TRUE
CCDC62	TRUE
CCDC63	FALSE
CCDC65	FALSE
CCDC66	TRUE
CCDC68	TRUE
CCDC69	TRUE
CCDC7	TRUE
CCDC70	FALSE
CCDC71	TRUE
CCDC71L	TRUE
CCDC73	FALSE
CCDC77	TRUE
CCDC78	TRUE
CCDC8	TRUE
CCDC80	TRUE
CCDC81	TRUE
CCDC82	TRUE
CCDC83	FALSE
CCDC84	TRUE
CCDC85A	FALSE
CCDC85B	TRUE
CCDC85C	TRUE
CCDC86	TRUE
CCDC87	TRUE
CCDC88A	TRUE
CCDC88B	TRUE
CCDC88C	TRUE
CCDC89	TRUE
CCDC9	TRUE
CCDC91	TRUE
CCDC92	TRUE
CCDC93	TRUE
CCDC96	TRUE
CCDC97	TRUE
CCDC9B	TRUE
CCER1	FALSE
CCER2	TRUE
CCHCR1	TRUE
CCIN	FALSE
CCK	FALSE
CCKAR	FALSE
CCKBR	TRUE
CCL1	FALSE
CCL11	TRUE
CCL13	FALSE
CCL14	TRUE
CCL15	TRUE
CCL16	TRUE
CCL17	TRUE
CCL18	TRUE
CCL19	TRUE
CCL2	TRUE
CCL20	TRUE
CCL21	TRUE
CCL22	TRUE
CCL23	TRUE
CCL24	TRUE
CCL25	FALSE
CCL26	TRUE
CCL27	TRUE
CCL28	TRUE
CCL3L1	FALSE
CCL4	TRUE
CCL4L2	TRUE
CCL5	TRUE
CCL7	TRUE
CCL8	TRUE
CCM2	TRUE
CCM2L	TRUE
CCN1	TRUE
CCN2	TRUE
CCN3	TRUE
CCN4	TRUE
CCN5	TRUE
CCN6	TRUE
CCNA1	FALSE
CCNA2	TRUE
CCNB1	TRUE
CCNB1IP1	TRUE
CCNB2	TRUE
CCNB3	FALSE
CCNC	TRUE
CCND1	TRUE
CCND2	TRUE
CCND3	TRUE
CCNDBP1	TRUE
CCNE1	TRUE
CCNE2	TRUE
CCNF	TRUE
CCNG1	TRUE
CCNG2	TRUE
CCNH	TRUE
CCNI	TRUE
CCNJ	TRUE
CCNJL	TRUE
CCNK	TRUE
CCNL1	TRUE
CCNL2	TRUE
CCNO	TRUE
CCNQ	TRUE
CCNT1	TRUE
CCNT2	TRUE
CCNY	TRUE
CCNYL1	TRUE
CCP110	TRUE
CCPG1	TRUE
CCR1	TRUE
CCR10	TRUE
CCR2	TRUE
CCR3	TRUE
CCR4	TRUE
CCR5	TRUE
CCR6	TRUE
CCR7	TRUE
CCR8	TRUE
CCR9	FALSE
CCRL2	TRUE
CCS	TRUE
CCSAP	TRUE
CCSER1	TRUE
CCSER2	TRUE
CCT2	TRUE
CCT3	TRUE
CCT4	TRUE
CCT6B	TRUE
CCT8	TRUE
CCT8L2	FALSE
CCZ1	TRUE
CD101	TRUE
CD109	TRUE
CD14	TRUE
CD151	TRUE
CD160	FALSE
CD163	TRUE
CD163L1	TRUE
CD164	TRUE
CD164L2	FALSE
CD177	TRUE
CD180	TRUE
CD19	FALSE
CD1A	TRUE
CD1B	TRUE
CD1C	TRUE
CD1D	TRUE
CD1E	TRUE
CD2	TRUE
CD200	TRUE
CD200R1	TRUE
CD200R1L	FALSE
CD207	TRUE
CD209	TRUE
CD22	TRUE
CD226	TRUE
CD24	TRUE
CD244	FALSE
CD247	TRUE
CD248	TRUE
CD27	TRUE
CD274	TRUE
CD276	TRUE
CD28	TRUE
CD2AP	TRUE
CD2BP2	TRUE
CD300A	TRUE
CD300C	TRUE
CD300E	TRUE
CD300LB	TRUE
CD300LD	FALSE
CD300LG	FALSE
CD302	TRUE
CD320	TRUE
CD33	TRUE
CD34	TRUE
CD36	TRUE
CD37	TRUE
CD38	TRUE
CD3D	TRUE
CD3E	TRUE
CD3EAP	TRUE
CD3G	TRUE
CD4	TRUE
CD40	TRUE
CD40LG	TRUE
CD44	TRUE
CD46	TRUE
CD47	TRUE
CD48	TRUE
CD5	TRUE
CD52	TRUE
CD53	TRUE
CD55	TRUE
CD58	TRUE
CD5L	TRUE
CD6	TRUE
CD63	TRUE
CD68	TRUE
CD69	TRUE
CD7	TRUE
CD70	TRUE
CD72	TRUE
CD74	TRUE
CD79A	TRUE
CD79B	TRUE
CD80	TRUE
CD81	TRUE
CD82	TRUE
CD84	TRUE
CD86	TRUE
CD8A	TRUE
CD9	TRUE
CD93	TRUE
CD96	TRUE
CD99	TRUE
CD99L2	TRUE
CDA	TRUE
CDADC1	TRUE
CDAN1	TRUE
CDC123	TRUE
CDC14A	TRUE
CDC16	TRUE
CDC20	TRUE
CDC20B	FALSE
CDC23	TRUE
CDC25A	TRUE
CDC25B	TRUE
CDC25C	TRUE
CDC26	TRUE
CDC27	TRUE
CDC34	TRUE
CDC37L1	TRUE
CDC40	TRUE
CDC42BPA	TRUE
CDC42BPB	TRUE
CDC42BPG	TRUE
CDC42EP1	TRUE
CDC42EP2	TRUE
CDC42EP4	TRUE
CDC42EP5	TRUE
CDC42SE1	TRUE
CDC42SE2	TRUE
CDC45	TRUE
CDC5L	TRUE
CDC6	TRUE
CDC7	TRUE
CDC73	TRUE
CDCA2	TRUE
CDCA3	TRUE
CDCA4	TRUE
CDCA5	TRUE
CDCA7	TRUE
CDCA7L	TRUE
CDCA8	TRUE
CDCP1	TRUE
CDCP2	FALSE
CDH1	TRUE
CDH10	FALSE
CDH11	TRUE
CDH12	FALSE
CDH13	TRUE
CDH15	FALSE
CDH16	FALSE
CDH17	TRUE
CDH18	FALSE
CDH19	TRUE
CDH2	TRUE
CDH20	FALSE
CDH22	FALSE
CDH23	TRUE
CDH24	TRUE
CDH26	TRUE
CDH3	TRUE
CDH4	TRUE
CDH5	TRUE
CDH6	TRUE
CDH7	FALSE
CDH8	FALSE
CDH9	FALSE
CDHR1	TRUE
CDHR2	TRUE
CDHR3	TRUE
CDHR4	FALSE
CDHR5	TRUE
CDIP1	TRUE
CDIPT	TRUE
CDK1	TRUE
CDK11B	TRUE
CDK12	TRUE
CDK13	TRUE
CDK14	TRUE
CDK15	FALSE
CDK16	TRUE
CDK17	TRUE
CDK18	TRUE
CDK19	TRUE
CDK2	TRUE
CDK20	TRUE
CDK3	TRUE
CDK4	TRUE
CDK5R1	TRUE
CDK5R2	TRUE
CDK5RAP1	TRUE
CDK5RAP2	TRUE
CDK6	TRUE
CDK7	TRUE
CDK8	TRUE
CDK9	TRUE
CDKAL1	TRUE
CDKL1	TRUE
CDKL2	FALSE
CDKL3	TRUE
CDKL4	FALSE
CDKL5	TRUE
CDKN1A	TRUE
CDKN1B	TRUE
CDKN1C	TRUE
CDKN2AIP	TRUE
CDKN2B	TRUE
CDKN2C	TRUE
CDKN2D	TRUE
CDKN3	TRUE
CDNF	TRUE
CDO1	TRUE
CDON	TRUE
CDPF1	TRUE
CDR1	FALSE
CDR2	TRUE
CDR2L	TRUE
CDRT4	TRUE
CDS1	TRUE
CDS2	TRUE
CDSN	TRUE
CDT1	TRUE
CDV3	TRUE
CDX1	TRUE
CDX2	TRUE
CDX4	FALSE
CDYL	TRUE
CDYL2	TRUE
CEACAM1	TRUE
CEACAM16	FALSE
CEACAM19	TRUE
CEACAM20	FALSE
CEACAM21	TRUE
CEACAM4	FALSE
CEACAM5	TRUE
CEACAM7	TRUE
CEBPA	TRUE
CEBPD	TRUE
CEBPE	FALSE
CEBPG	TRUE
CEBPZ	TRUE
CEBPZOS	TRUE
CECR2	TRUE
CEL	TRUE
CELA1	FALSE
CELA2B	FALSE
CELA3A	TRUE
CELF1	TRUE
CELF2	TRUE
CELF3	TRUE
CELF4	FALSE
CELF6	TRUE
CELSR1	TRUE
CELSR2	TRUE
CELSR3	TRUE
CEMIP	TRUE
CEMIP2	TRUE
CEMP1	TRUE
CENPA	TRUE
CENPB	TRUE
CENPBD1	TRUE
CENPC	TRUE
CENPE	TRUE
CENPF	TRUE
CENPH	TRUE
CENPI	TRUE
CENPJ	TRUE
CENPK	TRUE
CENPL	TRUE
CENPM	TRUE
CENPN	TRUE
CENPO	TRUE
CENPP	TRUE
CENPQ	TRUE
CENPS	TRUE
CENPT	TRUE
CENPU	TRUE
CENPV	TRUE
CENPVL3	FALSE
CENPW	TRUE
CENPX	TRUE
CEP104	TRUE
CEP112	TRUE
CEP120	TRUE
CEP126	TRUE
CEP128	TRUE
CEP131	TRUE
CEP135	TRUE
CEP152	TRUE
CEP162	TRUE
CEP164	TRUE
CEP170	TRUE
CEP170B	TRUE
CEP19	TRUE
CEP192	TRUE
CEP250	TRUE
CEP290	TRUE
CEP295	TRUE
CEP295NL	TRUE
CEP350	TRUE
CEP41	TRUE
CEP44	TRUE
CEP55	TRUE
CEP57	TRUE
CEP63	TRUE
CEP68	TRUE
CEP70	TRUE
CEP72	TRUE
CEP76	TRUE
CEP78	TRUE
CEP83	TRUE
CEP85	TRUE
CEP85L	TRUE
CEP89	TRUE
CEP95	TRUE
CEP97	TRUE
CEPT1	TRUE
CER1	TRUE
CERCAM	TRUE
CERK	TRUE
CERKL	FALSE
CERS2	TRUE
CERS3	FALSE
CERS4	TRUE
CERS5	TRUE
CERS6	TRUE
CERT1	TRUE
CES2	TRUE
CES3	TRUE
CES4A	TRUE
CES5A	FALSE
CETN1	FALSE
CETN2	TRUE
CETN3	TRUE
CETP	TRUE
CFAP100	FALSE
CFAP126	FALSE
CFAP157	FALSE
CFAP161	TRUE
CFAP20	TRUE
CFAP206	TRUE
CFAP221	TRUE
CFAP298	TRUE
CFAP299	FALSE
CFAP300	TRUE
CFAP36	TRUE
CFAP410	TRUE
CFAP43	TRUE
CFAP44	TRUE
CFAP45	TRUE
CFAP46	FALSE
CFAP47	TRUE
CFAP52	FALSE
CFAP53	TRUE
CFAP54	TRUE
CFAP57	FALSE
CFAP58	TRUE
CFAP61	TRUE
CFAP69	TRUE
CFAP70	TRUE
CFAP73	FALSE
CFAP74	FALSE
CFAP77	FALSE
CFAP97	TRUE
CFAP97D1	FALSE
CFAP97D2	TRUE
CFAP99	FALSE
CFB	TRUE
CFD	TRUE
CFDP1	TRUE
CFH	TRUE
CFHR2	TRUE
CFHR3	TRUE
CFHR4	TRUE
CFHR5	TRUE
CFI	TRUE
CFL2	TRUE
CFLAR	TRUE
CFP	TRUE
CFTR	TRUE
CGA	TRUE
CGAS	TRUE
CGGBP1	TRUE
CGN	TRUE
CGNL1	TRUE
CGREF1	TRUE
CGRRF1	TRUE
CH25H	TRUE
CHAC1	TRUE
CHAC2	TRUE
CHAD	TRUE
CHADL	TRUE
CHAF1A	TRUE
CHAF1B	TRUE
CHAMP1	TRUE
CHAT	FALSE
CHCHD1	TRUE
CHCHD10	TRUE
CHCHD2	TRUE
CHCHD4	TRUE
CHCHD5	TRUE
CHCHD6	TRUE
CHCHD7	TRUE
CHD1	TRUE
CHD2	TRUE
CHD4	TRUE
CHD5	FALSE
CHD6	TRUE
CHD7	TRUE
CHD8	TRUE
CHD9	TRUE
CHDH	TRUE
CHEK1	TRUE
CHEK2	TRUE
CHERP	TRUE
CHFR	TRUE
CHGA	TRUE
CHGB	TRUE
CHI3L1	TRUE
CHI3L2	FALSE
CHIA	FALSE
CHIC1	TRUE
CHIC2	TRUE
CHID1	TRUE
CHIT1	TRUE
CHKA	TRUE
CHKB	TRUE
CHL1	FALSE
CHM	TRUE
CHML	TRUE
CHMP1A	TRUE
CHMP1B	TRUE
CHMP2A	TRUE
CHMP2B	TRUE
CHMP3	TRUE
CHMP4A	TRUE
CHMP4B	TRUE
CHMP4C	TRUE
CHMP5	TRUE
CHMP6	TRUE
CHMP7	TRUE
CHN1	TRUE
CHODL	FALSE
CHP1	TRUE
CHP2	TRUE
CHPF	TRUE
CHPF2	TRUE
CHPT1	TRUE
CHRAC1	TRUE
CHRD	TRUE
CHRDL1	TRUE
CHRDL2	TRUE
CHRFAM7A	FALSE
CHRM1	TRUE
CHRM2	TRUE
CHRM3	TRUE
CHRM5	FALSE
CHRNA1	TRUE
CHRNA10	TRUE
CHRNA2	FALSE
CHRNA3	TRUE
CHRNA4	TRUE
CHRNA5	TRUE
CHRNA6	TRUE
CHRNA7	TRUE
CHRNA9	FALSE
CHRNB1	TRUE
CHRNB2	FALSE
CHRNB3	FALSE
CHRNB4	TRUE
CHRND	FALSE
CHRNE	FALSE
CHRNG	FALSE
CHST1	TRUE
CHST10	TRUE
CHST11	TRUE
CHST12	TRUE
CHST13	TRUE
CHST14	TRUE
CHST15	TRUE
CHST2	TRUE
CHST3	TRUE
CHST4	TRUE
CHST6	TRUE
CHST7	TRUE
CHST8	TRUE
CHST9	TRUE
CHSY1	TRUE
CHSY3	TRUE
CHTF18	TRUE
CHTF8	TRUE
CHTOP	TRUE
CHUK	TRUE
CHURC1	TRUE
CIAO1	TRUE
CIAO2A	TRUE
CIAO2B	TRUE
CIAO3	TRUE
CIAPIN1	TRUE
CIART	TRUE
CIB1	TRUE
CIB2	TRUE
CIB3	FALSE
CIB4	FALSE
CIDEA	FALSE
CIDEB	TRUE
CIITA	TRUE
CILP	TRUE
CILP2	TRUE
CINP	TRUE
CIP2A	TRUE
CIPC	TRUE
CIR1	TRUE
CIRBP	TRUE
CISD1	TRUE
CISD2	TRUE
CISD3	TRUE
CISH	TRUE
CIT	TRUE
CITED1	TRUE
CITED2	TRUE
CITED4	TRUE
CIZ1	TRUE
CKAP2	TRUE
CKAP2L	TRUE
CKAP4	TRUE
CKAP5	TRUE
CKB	TRUE
CKLF	TRUE
CKM	FALSE
CKMT2	TRUE
CLASP1	TRUE
CLASP2	TRUE
CLASRP	TRUE
CLBA1	TRUE
CLC	FALSE
CLCA1	TRUE
CLCA2	FALSE
CLCA4	FALSE
CLCC1	TRUE
CLCF1	TRUE
CLCN1	TRUE
CLCN2	TRUE
CLCN3	TRUE
CLCN4	TRUE
CLCN5	TRUE
CLCN6	TRUE
CLCN7	TRUE
CLCNKA	FALSE
CLCNKB	FALSE
CLDN1	TRUE
CLDN10	TRUE
CLDN11	TRUE
CLDN12	TRUE
CLDN14	TRUE
CLDN15	TRUE
CLDN16	TRUE
CLDN17	FALSE
CLDN18	FALSE
CLDN19	FALSE
CLDN2	TRUE
CLDN20	FALSE
CLDN22	FALSE
CLDN23	TRUE
CLDN24	FALSE
CLDN25	FALSE
CLDN3	TRUE
CLDN34	TRUE
CLDN4	TRUE
CLDN5	TRUE
CLDN6	TRUE
CLDN7	TRUE
CLDN8	FALSE
CLDN9	TRUE
CLDND1	TRUE
CLDND2	TRUE
CLEC10A	TRUE
CLEC11A	TRUE
CLEC12A	TRUE
CLEC12B	FALSE
CLEC14A	TRUE
CLEC16A	TRUE
CLEC17A	FALSE
CLEC19A	FALSE
CLEC1A	TRUE
CLEC1B	FALSE
CLEC20A	FALSE
CLEC2A	FALSE
CLEC2B	TRUE
CLEC2D	TRUE
CLEC2L	FALSE
CLEC3A	FALSE
CLEC3B	TRUE
CLEC4A	TRUE
CLEC4C	FALSE
CLEC4D	TRUE
CLEC4E	TRUE
CLEC4F	TRUE
CLEC4M	TRUE
CLEC5A	TRUE
CLEC6A	FALSE
CLEC7A	TRUE
CLEC9A	FALSE
CLECL1	TRUE
CLGN	TRUE
CLHC1	TRUE
CLIC1	TRUE
CLIC2	TRUE
CLIC3	TRUE
CLIC4	TRUE
CLIC5	TRUE
CLIC6	TRUE
CLINT1	TRUE
CLIP1	TRUE
CLIP2	TRUE
CLIP3	TRUE
CLIP4	TRUE
CLK1	TRUE
CLK2	TRUE
CLK3	TRUE
CLK4	TRUE
CLLU1OS	TRUE
CLMN	TRUE
CLMP	TRUE
CLN3	TRUE
CLN5	TRUE
CLN6	TRUE
CLN8	TRUE
CLNK	TRUE
CLOCK	TRUE
CLPB	TRUE
CLPP	TRUE
CLPS	TRUE
CLPSL1	TRUE
CLPSL2	TRUE
CLPTM1	TRUE
CLPTM1L	TRUE
CLPX	TRUE
CLRN1	FALSE
CLRN2	FALSE
CLRN3	TRUE
CLSPN	TRUE
CLSTN1	TRUE
CLSTN2	TRUE
CLSTN3	TRUE
CLTA	TRUE
CLTB	TRUE
CLTC	TRUE
CLTCL1	TRUE
CLTRN	TRUE
CLU	TRUE
CLUAP1	TRUE
CLUH	TRUE
CLUL1	FALSE
CLVS1	FALSE
CLVS2	FALSE
CLYBL	TRUE
CMA1	FALSE
CMAS	TRUE
CMBL	TRUE
CMC1	TRUE
CMC2	TRUE
CMC4	TRUE
CMIP	TRUE
CMKLR1	TRUE
CMPK1	TRUE
CMPK2	TRUE
CMSS1	TRUE
CMTM1	TRUE
CMTM2	TRUE
CMTM3	TRUE
CMTM4	TRUE
CMTM5	FALSE
CMTM6	TRUE
CMTM7	TRUE
CMTM8	TRUE
CMTR1	TRUE
CMTR2	TRUE
CMYA5	TRUE
CNBD1	FALSE
CNBP	TRUE
CNDP1	TRUE
CNDP2	TRUE
CNEP1R1	TRUE
CNFN	TRUE
CNGA1	TRUE
CNGA2	FALSE
CNGA3	TRUE
CNGA4	FALSE
CNGB3	FALSE
CNIH1	TRUE
CNIH2	TRUE
CNIH3	TRUE
CNIH4	TRUE
CNKSR1	TRUE
CNKSR2	TRUE
CNKSR3	TRUE
CNMD	TRUE
CNN1	TRUE
CNN2	TRUE
CNN3	TRUE
CNNM1	FALSE
CNNM2	TRUE
CNNM3	TRUE
CNNM4	TRUE
CNOT1	TRUE
CNOT10	TRUE
CNOT11	TRUE
CNOT2	TRUE
CNOT3	TRUE
CNOT4	TRUE
CNOT6	TRUE
CNOT6L	TRUE
CNOT7	TRUE
CNOT8	TRUE
CNOT9	TRUE
CNP	TRUE
CNPPD1	TRUE
CNPY2	TRUE
CNPY3	TRUE
CNPY4	TRUE
CNR1	TRUE
CNR2	FALSE
CNRIP1	TRUE
CNST	TRUE
CNTD1	FALSE
CNTD2	TRUE
CNTFR	TRUE
CNTLN	TRUE
CNTN1	TRUE
CNTN2	FALSE
CNTN3	TRUE
CNTN4	TRUE
CNTN5	FALSE
CNTN6	FALSE
CNTNAP1	TRUE
CNTNAP2	TRUE
CNTNAP4	FALSE
CNTNAP5	FALSE
CNTRL	TRUE
CNTROB	TRUE
COA1	TRUE
COA3	TRUE
COA4	TRUE
COA5	TRUE
COA6	TRUE
COA7	TRUE
COA8	TRUE
COASY	TRUE
COBLL1	TRUE
COCH	TRUE
COG1	TRUE
COG2	TRUE
COG3	TRUE
COG4	TRUE
COG5	TRUE
COG6	TRUE
COG7	TRUE
COG8	TRUE
COIL	TRUE
COL10A1	TRUE
COL11A1	TRUE
COL11A2	TRUE
COL12A1	TRUE
COL13A1	TRUE
COL14A1	TRUE
COL15A1	TRUE
COL16A1	TRUE
COL17A1	TRUE
COL18A1	TRUE
COL19A1	TRUE
COL1A1	TRUE
COL1A2	TRUE
COL20A1	FALSE
COL21A1	TRUE
COL22A1	TRUE
COL23A1	TRUE
COL24A1	TRUE
COL25A1	FALSE
COL26A1	FALSE
COL27A1	TRUE
COL28A1	TRUE
COL2A1	FALSE
COL3A1	TRUE
COL4A1	TRUE
COL4A2	TRUE
COL4A3	TRUE
COL4A4	TRUE
COL4A5	TRUE
COL4A6	FALSE
COL5A1	TRUE
COL5A2	TRUE
COL5A3	TRUE
COL6A1	TRUE
COL6A2	TRUE
COL6A3	TRUE
COL6A5	FALSE
COL6A6	FALSE
COL7A1	TRUE
COL8A1	TRUE
COL8A2	TRUE
COL9A1	TRUE
COL9A2	TRUE
COL9A3	TRUE
COLCA2	TRUE
COLEC10	TRUE
COLEC11	TRUE
COLEC12	TRUE
COLGALT1	TRUE
COLGALT2	TRUE
COLQ	TRUE
COMMD1	TRUE
COMMD10	TRUE
COMMD2	TRUE
COMMD3	TRUE
COMMD4	TRUE
COMMD5	TRUE
COMMD6	TRUE
COMMD7	TRUE
COMMD8	TRUE
COMMD9	TRUE
COMT	TRUE
COMTD1	TRUE
COPA	TRUE
COPB1	TRUE
COPB2	TRUE
COPE	TRUE
COPG1	TRUE
COPS2	TRUE
COPS3	TRUE
COPS4	TRUE
COPS5	TRUE
COPS6	TRUE
COPS7A	TRUE
COPS7B	TRUE
COPS8	TRUE
COPS9	TRUE
COPZ1	TRUE
COPZ2	TRUE
COQ10A	TRUE
COQ10B	TRUE
COQ2	TRUE
COQ3	TRUE
COQ4	TRUE
COQ5	TRUE
COQ6	TRUE
COQ7	TRUE
COQ8A	TRUE
COQ8B	TRUE
COQ9	TRUE
CORIN	TRUE
CORO1A	TRUE
CORO1B	TRUE
CORO1C	TRUE
CORO2A	TRUE
CORO2B	TRUE
CORO6	FALSE
CORO7	TRUE
CORT	FALSE
COTL1	TRUE
COX10	TRUE
COX14	TRUE
COX15	TRUE
COX16	TRUE
COX17	TRUE
COX18	TRUE
COX19	TRUE
COX4I1	TRUE
COX4I2	FALSE
COX5B	TRUE
COX6A1	TRUE
COX6A2	FALSE
COX6B1	TRUE
COX6B2	TRUE
COX6C	TRUE
COX7A1	TRUE
COX7A2	TRUE
COX7A2L	TRUE
COX7B	TRUE
COX7B2	FALSE
COX7C	TRUE
COX8A	TRUE
COX8C	FALSE
CP	TRUE
CPA1	FALSE
CPA2	TRUE
CPA3	TRUE
CPA4	FALSE
CPA5	FALSE
CPA6	TRUE
CPAMD8	FALSE
CPB1	FALSE
CPB2	TRUE
CPD	TRUE
CPE	TRUE
CPEB1	FALSE
CPEB2	TRUE
CPEB4	TRUE
CPED1	TRUE
CPHXL	FALSE
CPLANE1	TRUE
CPLANE2	TRUE
CPLX1	TRUE
CPLX2	TRUE
CPLX3	FALSE
CPLX4	FALSE
CPM	TRUE
CPN1	TRUE
CPN2	TRUE
CPNE1	TRUE
CPNE2	TRUE
CPNE3	TRUE
CPNE4	FALSE
CPNE5	TRUE
CPNE6	FALSE
CPNE7	TRUE
CPNE8	TRUE
CPNE9	FALSE
CPO	FALSE
CPOX	TRUE
CPPED1	TRUE
CPQ	TRUE
CPS1	TRUE
CPSF1	TRUE
CPSF2	TRUE
CPSF3	TRUE
CPSF4	TRUE
CPSF4L	TRUE
CPSF6	TRUE
CPSF7	TRUE
CPT1A	TRUE
CPT1B	TRUE
CPT1C	TRUE
CPT2	TRUE
CPTP	TRUE
CPVL	TRUE
CPXCR1	FALSE
CPXM1	TRUE
CPXM2	TRUE
CPZ	FALSE
CR1	TRUE
CR1L	FALSE
CR2	FALSE
CRABP1	TRUE
CRABP2	TRUE
CRACR2A	TRUE
CRACR2B	TRUE
CRADD	TRUE
CRAMP1	TRUE
CRAT	TRUE
CRB1	FALSE
CRB2	TRUE
CRB3	TRUE
CRBN	TRUE
CRCP	TRUE
CRCT1	TRUE
CREB1	TRUE
CREB3	TRUE
CREB3L1	TRUE
CREB3L2	TRUE
CREB3L3	TRUE
CREB3L4	TRUE
CREB5	TRUE
CREBBP	TRUE
CREBL2	TRUE
CREBRF	TRUE
CREBZF	TRUE
CREG1	TRUE
CREG2	TRUE
CRELD1	TRUE
CRELD2	TRUE
CREM	TRUE
CRH	TRUE
CRHBP	TRUE
CRHR1	FALSE
CRHR2	FALSE
CRIM1	TRUE
CRIP1	TRUE
CRIP2	TRUE
CRIP3	TRUE
CRIPT	TRUE
CRISP1	FALSE
CRISP2	FALSE
CRISP3	FALSE
CRISPLD1	TRUE
CRISPLD2	TRUE
CRK	TRUE
CRKL	TRUE
CRLF1	TRUE
CRLF2	FALSE
CRLF3	TRUE
CRLS1	TRUE
CRMP1	TRUE
CRNKL1	TRUE
CRNN	FALSE
CROCC	TRUE
CROCC2	FALSE
CROT	TRUE
CRP	TRUE
CRPPA	TRUE
CRTAC1	FALSE
CRTAM	TRUE
CRTAP	TRUE
CRTC2	TRUE
CRTC3	TRUE
CRX	FALSE
CRY1	TRUE
CRY2	TRUE
CRYAB	TRUE
CRYBA1	FALSE
CRYBA2	TRUE
CRYBA4	FALSE
CRYBB1	TRUE
CRYBB2	FALSE
CRYBB3	FALSE
CRYBG1	TRUE
CRYBG2	TRUE
CRYBG3	TRUE
CRYGA	FALSE
CRYGB	FALSE
CRYGC	FALSE
CRYGD	TRUE
CRYGN	TRUE
CRYGS	TRUE
CRYL1	TRUE
CRYM	TRUE
CRYZ	TRUE
CRYZL1	TRUE
CS	TRUE
CSAD	TRUE
CSDC2	TRUE
CSDE1	TRUE
CSE1L	TRUE
CSF1	TRUE
CSF1R	TRUE
CSF2	FALSE
CSF2RA	TRUE
CSF2RB	TRUE
CSF3	TRUE
CSF3R	TRUE
CSGALNACT1	TRUE
CSGALNACT2	TRUE
CSH2	FALSE
CSK	TRUE
CSKMT	TRUE
CSMD1	FALSE
CSMD2	TRUE
CSMD3	FALSE
CSN1S1	FALSE
CSN2	FALSE
CSN3	FALSE
CSNK1A1L	FALSE
CSNK1D	TRUE
CSNK1E	TRUE
CSNK1G1	TRUE
CSNK1G2	TRUE
CSNK1G3	TRUE
CSNK2A2	TRUE
CSNK2B	TRUE
CSNKA2IP	FALSE
CSPG4	TRUE
CSPG5	TRUE
CSPP1	TRUE
CSRNP1	TRUE
CSRNP2	TRUE
CSRNP3	TRUE
CSRP2	TRUE
CSRP3	FALSE
CST11	FALSE
CST3	TRUE
CST4	FALSE
CST5	FALSE
CST6	TRUE
CST7	TRUE
CST8	TRUE
CST9	FALSE
CST9L	FALSE
CSTA	TRUE
CSTB	TRUE
CSTF1	TRUE
CSTF2	TRUE
CSTF3	TRUE
CSTL1	FALSE
CT47B1	FALSE
CT55	FALSE
CT62	FALSE
CT83	FALSE
CTAG2	FALSE
CTAGE1	FALSE
CTBS	TRUE
CTC1	TRUE
CTCF	TRUE
CTCFL	TRUE
CTDNEP1	TRUE
CTDP1	TRUE
CTDSP1	TRUE
CTDSP2	TRUE
CTDSPL	TRUE
CTDSPL2	TRUE
CTF1	TRUE
CTH	TRUE
CTHRC1	TRUE
CTIF	TRUE
CTLA4	TRUE
CTNNA1	TRUE
CTNNA2	TRUE
CTNNA3	TRUE
CTNNAL1	TRUE
CTNNB1	TRUE
CTNNBIP1	TRUE
CTNNBL1	TRUE
CTNND1	TRUE
CTNND2	TRUE
CTNS	TRUE
CTPS1	TRUE
CTPS2	TRUE
CTR9	TRUE
CTRB1	FALSE
CTRB2	FALSE
CTRC	FALSE
CTRL	TRUE
CTSA	TRUE
CTSB	TRUE
CTSC	TRUE
CTSD	TRUE
CTSE	TRUE
CTSF	TRUE
CTSG	TRUE
CTSH	TRUE
CTSK	TRUE
CTSL	TRUE
CTSO	TRUE
CTSS	TRUE
CTSV	TRUE
CTSW	TRUE
CTSZ	TRUE
CTTN	TRUE
CTTNBP2	TRUE
CTTNBP2NL	TRUE
CTU2	TRUE
CTXN1	TRUE
CTXN2	FALSE
CTXN3	FALSE
CTXND1	TRUE
CTXND2	FALSE
CUBN	TRUE
CUEDC1	TRUE
CUEDC2	TRUE
CUL1	TRUE
CUL2	TRUE
CUL3	TRUE
CUL4A	TRUE
CUL4B	TRUE
CUL5	TRUE
CUL7	TRUE
CUL9	TRUE
CUTA	TRUE
CUTC	TRUE
CUX1	TRUE
CUX2	TRUE
CUZD1	TRUE
CWC15	TRUE
CWC22	TRUE
CWC25	TRUE
CWC27	TRUE
CWF19L1	TRUE
CWF19L2	TRUE
CWH43	FALSE
CX3CL1	TRUE
CX3CR1	TRUE
CXADR	TRUE
CXCL1	TRUE
CXCL10	TRUE
CXCL11	TRUE
CXCL12	TRUE
CXCL13	TRUE
CXCL14	TRUE
CXCL16	TRUE
CXCL17	FALSE
CXCL2	TRUE
CXCL3	TRUE
CXCL5	TRUE
CXCL8	TRUE
CXCL9	TRUE
CXCR1	TRUE
CXCR2	TRUE
CXCR3	TRUE
CXCR4	TRUE
CXCR5	TRUE
CXCR6	TRUE
CXORF21	TRUE
CXORF38	TRUE
CXORF40A	TRUE
CXORF56	TRUE
CXORF58	FALSE
CXORF65	TRUE
CXORF66	FALSE
CXXC1	TRUE
CXXC4	TRUE
CXXC5	TRUE
CYB561	TRUE
CYB561A3	TRUE
CYB561D1	TRUE
CYB561D2	TRUE
CYB5A	TRUE
CYB5B	TRUE
CYB5D1	TRUE
CYB5D2	TRUE
CYB5R1	TRUE
CYB5R2	TRUE
CYB5R3	TRUE
CYB5R4	TRUE
CYB5RL	TRUE
CYBA	TRUE
CYBB	TRUE
CYBC1	TRUE
CYBRD1	TRUE
CYC1	TRUE
CYCS	TRUE
CYFIP1	TRUE
CYFIP2	TRUE
CYGB	TRUE
CYHR1	TRUE
CYLC1	FALSE
CYLC2	FALSE
CYLD	TRUE
CYP11A1	FALSE
CYP11B1	TRUE
CYP11B2	FALSE
CYP17A1	TRUE
CYP19A1	FALSE
CYP1A1	FALSE
CYP1A2	TRUE
CYP1B1	TRUE
CYP20A1	TRUE
CYP21A2	TRUE
CYP24A1	TRUE
CYP26A1	FALSE
CYP26B1	TRUE
CYP26C1	TRUE
CYP27A1	TRUE
CYP27B1	FALSE
CYP27C1	TRUE
CYP2A13	FALSE
CYP2A6	TRUE
CYP2B6	TRUE
CYP2C18	TRUE
CYP2C8	TRUE
CYP2D6	TRUE
CYP2E1	TRUE
CYP2F1	FALSE
CYP2J2	TRUE
CYP2R1	TRUE
CYP2S1	TRUE
CYP2U1	TRUE
CYP2W1	TRUE
CYP39A1	TRUE
CYP3A4	TRUE
CYP3A43	TRUE
CYP3A5	TRUE
CYP3A7	FALSE
CYP46A1	FALSE
CYP4A11	TRUE
CYP4A22	FALSE
CYP4B1	FALSE
CYP4F11	TRUE
CYP4F2	TRUE
CYP4F22	FALSE
CYP4F8	TRUE
CYP4V2	TRUE
CYP4X1	TRUE
CYP4Z1	FALSE
CYP51A1	TRUE
CYP7A1	TRUE
CYP7B1	TRUE
CYP8B1	TRUE
CYREN	TRUE
CYS1	TRUE
CYSLTR1	TRUE
CYSLTR2	TRUE
CYSRT1	TRUE
CYSTM1	TRUE
CYTH1	TRUE
CYTH2	TRUE
CYTH3	TRUE
CYTH4	TRUE
CYTIP	TRUE
CYTL1	FALSE
CYYR1	TRUE
CZIB	TRUE
D2HGDH	TRUE
DAAM1	TRUE
DAAM2	TRUE
DAB1	TRUE
DAB2	TRUE
DAB2IP	TRUE
DACH1	TRUE
DACH2	FALSE
DACT1	TRUE
DACT2	TRUE
DACT3	TRUE
DAD1	TRUE
DAG1	TRUE
DAGLA	TRUE
DAGLB	TRUE
DALRD3	TRUE
DAND5	FALSE
DAO	TRUE
DAOA	FALSE
DAP	TRUE
DAP3	TRUE
DAPK1	TRUE
DAPK2	TRUE
DAPK3	TRUE
DAPP1	TRUE
DARS	TRUE
DARS2	TRUE
DAW1	TRUE
DAXX	TRUE
DAZAP1	TRUE
DAZAP2	TRUE
DAZL	FALSE
DBF4	TRUE
DBF4B	TRUE
DBH	TRUE
DBI	TRUE
DBN1	TRUE
DBNDD1	TRUE
DBNDD2	TRUE
DBNL	TRUE
DBP	TRUE
DBR1	TRUE
DBT	TRUE
DBX1	FALSE
DBX2	FALSE
DCAF1	TRUE
DCAF10	TRUE
DCAF11	TRUE
DCAF12	TRUE
DCAF12L2	FALSE
DCAF13	TRUE
DCAF15	TRUE
DCAF16	TRUE
DCAF17	TRUE
DCAF4	TRUE
DCAF4L1	TRUE
DCAF4L2	FALSE
DCAF5	TRUE
DCAF6	TRUE
DCAF7	TRUE
DCAF8	TRUE
DCAF8L1	FALSE
DCAF8L2	FALSE
DCAKD	TRUE
DCBLD1	TRUE
DCBLD2	TRUE
DCC	FALSE
DCD	FALSE
DCDC1	TRUE
DCDC2	TRUE
DCDC2B	FALSE
DCDC2C	FALSE
DCHS1	TRUE
DCHS2	TRUE
DCK	TRUE
DCLK1	TRUE
DCLK2	TRUE
DCLK3	TRUE
DCLRE1A	TRUE
DCLRE1B	TRUE
DCLRE1C	TRUE
DCN	TRUE
DCP1A	TRUE
DCP1B	TRUE
DCP2	TRUE
DCPS	TRUE
DCST1	FALSE
DCST2	TRUE
DCSTAMP	TRUE
DCT	FALSE
DCTD	TRUE
DCTN1	TRUE
DCTN2	TRUE
DCTN3	TRUE
DCTN4	TRUE
DCTN6	TRUE
DCTPP1	TRUE
DCUN1D1	TRUE
DCUN1D2	TRUE
DCUN1D3	TRUE
DCUN1D4	TRUE
DCUN1D5	TRUE
DCX	FALSE
DCXR	TRUE
DDA1	TRUE
DDAH1	TRUE
DDAH2	TRUE
DDB1	TRUE
DDB2	TRUE
DDC	TRUE
DDHD1	TRUE
DDHD2	TRUE
DDI1	FALSE
DDI2	TRUE
DDIAS	TRUE
DDIT3	TRUE
DDIT4	TRUE
DDIT4L	TRUE
DDN	TRUE
DDO	TRUE
DDOST	TRUE
DDR1	TRUE
DDR2	TRUE
DDRGK1	TRUE
DDT	TRUE
DDTL	TRUE
DDX1	TRUE
DDX10	TRUE
DDX11	TRUE
DDX17	TRUE
DDX18	TRUE
DDX19A	TRUE
DDX19B	TRUE
DDX20	TRUE
DDX21	TRUE
DDX23	TRUE
DDX24	TRUE
DDX25	FALSE
DDX27	TRUE
DDX28	TRUE
DDX31	TRUE
DDX39A	TRUE
DDX39B	TRUE
DDX3X	TRUE
DDX3Y	FALSE
DDX4	FALSE
DDX41	TRUE
DDX42	TRUE
DDX43	FALSE
DDX46	TRUE
DDX49	TRUE
DDX5	TRUE
DDX50	TRUE
DDX51	TRUE
DDX52	TRUE
DDX53	FALSE
DDX54	TRUE
DDX55	TRUE
DDX56	TRUE
DDX58	TRUE
DDX59	TRUE
DDX6	TRUE
DDX60	TRUE
DDX60L	TRUE
DEAF1	TRUE
DEC1	TRUE
DECR1	TRUE
DEDD	TRUE
DEDD2	TRUE
DEF6	TRUE
DEF8	TRUE
DEFA4	FALSE
DEFA5	TRUE
DEFA6	TRUE
DEFB1	TRUE
DEFB110	FALSE
DEFB112	FALSE
DEFB113	FALSE
DEFB114	FALSE
DEFB115	FALSE
DEFB116	FALSE
DEFB118	FALSE
DEFB119	TRUE
DEFB121	FALSE
DEFB123	TRUE
DEFB124	FALSE
DEFB125	FALSE
DEFB126	FALSE
DEFB127	FALSE
DEFB128	FALSE
DEFB129	FALSE
DEFB132	FALSE
DEFB133	FALSE
DEFB134	FALSE
DEFB135	FALSE
DEFB136	FALSE
DEFB4A	FALSE
DEGS1	TRUE
DEGS2	TRUE
DEK	TRUE
DELE1	TRUE
DENND10	TRUE
DENND11	TRUE
DENND1A	TRUE
DENND1B	TRUE
DENND1C	TRUE
DENND2A	TRUE
DENND2C	TRUE
DENND2D	TRUE
DENND3	TRUE
DENND4A	TRUE
DENND4B	TRUE
DENND4C	TRUE
DENND5A	TRUE
DENND5B	TRUE
DENND6A	TRUE
DENND6B	TRUE
DENR	TRUE
DEPDC1	TRUE
DEPDC1B	TRUE
DEPDC4	TRUE
DEPDC5	TRUE
DEPDC7	TRUE
DEPP1	TRUE
DEPTOR	TRUE
DERA	TRUE
DERL1	TRUE
DERL3	TRUE
DES	TRUE
DESI1	TRUE
DESI2	TRUE
DET1	TRUE
DEUP1	TRUE
DEXI	TRUE
DFFA	TRUE
DFFB	TRUE
DGAT1	TRUE
DGAT2	TRUE
DGAT2L6	FALSE
DGCR2	TRUE
DGCR8	TRUE
DGKA	TRUE
DGKB	TRUE
DGKD	TRUE
DGKE	TRUE
DGKG	TRUE
DGKH	TRUE
DGKI	TRUE
DGKK	FALSE
DGKQ	TRUE
DGKZ	TRUE
DGLUCY	TRUE
DGUOK	TRUE
DHCR24	TRUE
DHCR7	TRUE
DHDDS	TRUE
DHDH	TRUE
DHFR	TRUE
DHFR2	TRUE
DHH	FALSE
DHODH	TRUE
DHPS	TRUE
DHRS1	TRUE
DHRS11	TRUE
DHRS12	TRUE
DHRS13	TRUE
DHRS2	TRUE
DHRS3	TRUE
DHRS7	TRUE
DHRS7B	TRUE
DHRS7C	FALSE
DHRS9	TRUE
DHRSX	TRUE
DHTKD1	TRUE
DHX15	TRUE
DHX29	TRUE
DHX30	TRUE
DHX32	TRUE
DHX33	TRUE
DHX34	TRUE
DHX35	TRUE
DHX36	TRUE
DHX37	TRUE
DHX38	TRUE
DHX40	TRUE
DHX57	TRUE
DHX58	TRUE
DHX8	TRUE
DHX9	TRUE
DIAPH1	TRUE
DIAPH2	TRUE
DIAPH3	TRUE
DICER1	TRUE
DIDO1	TRUE
DIMT1	TRUE
DIO1	TRUE
DIO2	TRUE
DIO3	TRUE
DIP2A	TRUE
DIP2B	TRUE
DIP2C	TRUE
DIPK1A	TRUE
DIPK1B	TRUE
DIPK1C	FALSE
DIPK2A	TRUE
DIPK2B	TRUE
DIRAS1	FALSE
DIRAS2	FALSE
DIRAS3	TRUE
DIRC1	FALSE
DIS3	TRUE
DIS3L	TRUE
DIS3L2	TRUE
DISC1	TRUE
DISP1	TRUE
DISP2	TRUE
DISP3	FALSE
DIXDC1	TRUE
DKC1	TRUE
DKK1	TRUE
DKK2	TRUE
DKK3	TRUE
DKK4	TRUE
DKKL1	FALSE
DLAT	TRUE
DLC1	TRUE
DLD	TRUE
DLEC1	TRUE
DLEU7	FALSE
DLG1	TRUE
DLG2	TRUE
DLG3	TRUE
DLG4	TRUE
DLG5	TRUE
DLGAP1	TRUE
DLGAP2	FALSE
DLGAP3	FALSE
DLGAP4	TRUE
DLGAP5	TRUE
DLK1	FALSE
DLK2	TRUE
DLL1	TRUE
DLL3	TRUE
DLL4	TRUE
DLST	TRUE
DLX1	TRUE
DLX2	TRUE
DLX3	TRUE
DLX4	TRUE
DLX5	TRUE
DLX6	TRUE
DMAC2	TRUE
DMAC2L	TRUE
DMAP1	TRUE
DMBT1	TRUE
DMBX1	TRUE
DMC1	TRUE
DMD	TRUE
DMGDH	TRUE
DMKN	TRUE
DMP1	FALSE
DMPK	TRUE
DMRT1	FALSE
DMRT2	TRUE
DMRT3	TRUE
DMRTA1	TRUE
DMRTA2	TRUE
DMRTB1	FALSE
DMRTC2	FALSE
DMTF1	TRUE
DMTN	TRUE
DMWD	TRUE
DMXL1	TRUE
DMXL2	TRUE
DNA2	TRUE
DNAAF1	FALSE
DNAAF2	TRUE
DNAAF3	TRUE
DNAAF4	TRUE
DNAAF5	TRUE
DNAH1	TRUE
DNAH10	TRUE
DNAH11	TRUE
DNAH12	FALSE
DNAH14	TRUE
DNAH17	TRUE
DNAH3	FALSE
DNAH5	TRUE
DNAH6	TRUE
DNAH7	TRUE
DNAH8	TRUE
DNAH9	TRUE
DNAI1	FALSE
DNAI2	FALSE
DNAJA1	TRUE
DNAJA2	TRUE
DNAJA3	TRUE
DNAJA4	TRUE
DNAJB1	TRUE
DNAJB11	TRUE
DNAJB12	TRUE
DNAJB13	FALSE
DNAJB14	TRUE
DNAJB2	TRUE
DNAJB4	TRUE
DNAJB5	TRUE
DNAJB6	TRUE
DNAJB8	TRUE
DNAJB9	TRUE
DNAJC1	TRUE
DNAJC10	TRUE
DNAJC11	TRUE
DNAJC12	TRUE
DNAJC13	TRUE
DNAJC14	TRUE
DNAJC15	TRUE
DNAJC16	TRUE
DNAJC18	TRUE
DNAJC2	TRUE
DNAJC21	TRUE
DNAJC22	TRUE
DNAJC24	TRUE
DNAJC25	TRUE
DNAJC27	TRUE
DNAJC28	TRUE
DNAJC3	TRUE
DNAJC30	TRUE
DNAJC4	TRUE
DNAJC5	TRUE
DNAJC5B	TRUE
DNAJC5G	FALSE
DNAJC6	TRUE
DNAJC7	TRUE
DNAJC8	TRUE
DNAJC9	TRUE
DNAL1	TRUE
DNAL4	TRUE
DNALI1	TRUE
DNASE1	TRUE
DNASE1L1	TRUE
DNASE1L2	FALSE
DNASE1L3	TRUE
DNASE2	TRUE
DNASE2B	TRUE
DND1	TRUE
DNER	TRUE
DNHD1	TRUE
DNLZ	TRUE
DNM1	TRUE
DNM1L	TRUE
DNM2	TRUE
DNM3	TRUE
DNMBP	TRUE
DNMT1	TRUE
DNMT3A	TRUE
DNMT3B	TRUE
DNMT3L	FALSE
DNPEP	TRUE
DNPH1	TRUE
DNTT	FALSE
DNTTIP1	TRUE
DNTTIP2	TRUE
DOC2A	TRUE
DOC2B	TRUE
DOCK1	TRUE
DOCK10	TRUE
DOCK11	TRUE
DOCK2	TRUE
DOCK3	FALSE
DOCK4	TRUE
DOCK5	TRUE
DOCK6	TRUE
DOCK7	TRUE
DOCK8	TRUE
DOCK8-AS1	FALSE
DOCK9	TRUE
DOHH	TRUE
DOK1	TRUE
DOK2	TRUE
DOK3	TRUE
DOK4	TRUE
DOK5	TRUE
DOK6	TRUE
DOK7	TRUE
DOLK	TRUE
DOLPP1	TRUE
DONSON	TRUE
DOP1A	TRUE
DOP1B	TRUE
DOT1L	TRUE
DPAGT1	TRUE
DPCD	TRUE
DPEP1	TRUE
DPEP2	TRUE
DPEP2NB	FALSE
DPEP3	FALSE
DPF1	FALSE
DPF2	TRUE
DPF3	TRUE
DPH1	TRUE
DPH2	TRUE
DPH3	TRUE
DPH5	TRUE
DPH6	TRUE
DPH7	TRUE
DPM1	TRUE
DPM2	TRUE
DPM3	TRUE
DPP10	FALSE
DPP3	TRUE
DPP4	TRUE
DPP6	FALSE
DPP7	TRUE
DPP8	TRUE
DPP9	TRUE
DPPA2	FALSE
DPPA3	FALSE
DPPA4	FALSE
DPPA5	FALSE
DPT	TRUE
DPY19L1	TRUE
DPY19L4	TRUE
DPY30	TRUE
DPYD	TRUE
DPYS	TRUE
DPYSL2	TRUE
DPYSL3	TRUE
DPYSL4	TRUE
DPYSL5	FALSE
DQX1	TRUE
DR1	TRUE
DRAM1	TRUE
DRAM2	TRUE
DRAP1	TRUE
DRC1	TRUE
DRC3	TRUE
DRC7	FALSE
DRD1	TRUE
DRD2	TRUE
DRD3	FALSE
DRD4	FALSE
DRG2	TRUE
DRICH1	FALSE
DROSHA	TRUE
DRP2	TRUE
DSC1	FALSE
DSC2	TRUE
DSC3	TRUE
DSCAM	FALSE
DSCAML1	FALSE
DSCC1	TRUE
DSEL	TRUE
DSG1	FALSE
DSG2	TRUE
DSG3	TRUE
DSG4	TRUE
DSN1	TRUE
DSP	TRUE
DSPP	FALSE
DST	TRUE
DSTN	TRUE
DSTYK	TRUE
DTD1	TRUE
DTD2	TRUE
DTHD1	TRUE
DTL	TRUE
DTNA	TRUE
DTNB	TRUE
DTNBP1	TRUE
DTWD1	TRUE
DTWD2	TRUE
DTX1	TRUE
DTX2	TRUE
DTX3	TRUE
DTX3L	TRUE
DTX4	TRUE
DTYMK	TRUE
DUOX2	TRUE
DUOXA1	FALSE
DUOXA2	TRUE
DUPD1	FALSE
DUS1L	TRUE
DUS2	TRUE
DUS3L	TRUE
DUS4L	TRUE
DUSP1	TRUE
DUSP10	TRUE
DUSP11	TRUE
DUSP12	TRUE
DUSP13	TRUE
DUSP14	TRUE
DUSP15	TRUE
DUSP16	TRUE
DUSP19	TRUE
DUSP2	TRUE
DUSP21	FALSE
DUSP22	TRUE
DUSP23	TRUE
DUSP26	FALSE
DUSP27	TRUE
DUSP28	TRUE
DUSP3	TRUE
DUSP4	TRUE
DUSP6	TRUE
DUSP7	TRUE
DUSP8	TRUE
DUSP9	FALSE
DUT	TRUE
DUXA	FALSE
DUXB	FALSE
DVL1	TRUE
DVL2	TRUE
DVL3	TRUE
DXO	TRUE
DYDC1	FALSE
DYDC2	TRUE
DYM	TRUE
DYNAP	FALSE
DYNC1H1	TRUE
DYNC1I1	TRUE
DYNC1I2	TRUE
DYNC1LI1	TRUE
DYNC1LI2	TRUE
DYNC2H1	TRUE
DYNC2LI1	TRUE
DYNLL1	TRUE
DYNLL2	TRUE
DYNLRB2	TRUE
DYNLT1	TRUE
DYNLT3	TRUE
DYRK1A	TRUE
DYRK1B	TRUE
DYRK2	TRUE
DYRK3	TRUE
DYRK4	TRUE
DYSF	TRUE
DYTN	FALSE
DZANK1	TRUE
DZIP1	TRUE
DZIP1L	TRUE
DZIP3	TRUE
E2F1	TRUE
E2F2	TRUE
E2F3	TRUE
E2F4	TRUE
E2F5	TRUE
E2F6	TRUE
E2F7	TRUE
E2F8	TRUE
E4F1	TRUE
EAF1	TRUE
EAF2	TRUE
EAPP	TRUE
EARS2	TRUE
EBAG9	TRUE
EBF1	TRUE
EBF2	FALSE
EBF3	FALSE
EBF4	TRUE
EBI3	TRUE
EBLN2	TRUE
EBNA1BP2	TRUE
EBP	TRUE
EBPL	TRUE
ECD	TRUE
ECE1	TRUE
ECE2	FALSE
ECEL1	TRUE
ECH1	TRUE
ECHDC1	TRUE
ECHDC2	TRUE
ECHDC3	TRUE
ECHS1	TRUE
ECI1	TRUE
ECI2	TRUE
ECM1	TRUE
ECM2	TRUE
ECPAS	TRUE
ECRG4	TRUE
ECSCR	TRUE
ECSIT	TRUE
ECT2	TRUE
ECT2L	TRUE
EDA	TRUE
EDA2R	TRUE
EDAR	TRUE
EDARADD	FALSE
EDC3	TRUE
EDC4	TRUE
EDDM13	FALSE
EDDM3A	FALSE
EDDM3B	FALSE
EDEM1	TRUE
EDEM2	TRUE
EDEM3	TRUE
EDF1	TRUE
EDIL3	TRUE
EDN1	TRUE
EDN2	TRUE
EDN3	TRUE
EDNRA	TRUE
EDNRB	TRUE
EDRF1	TRUE
EEA1	TRUE
EED	TRUE
EEF1A2	TRUE
EEF1AKMT1	TRUE
EEF1AKMT2	TRUE
EEF1AKMT3	TRUE
EEF1AKMT4	TRUE
EEF1AKNMT	TRUE
EEF1B2	TRUE
EEF1E1	TRUE
EEF1G	TRUE
EEF2	TRUE
EEF2K	TRUE
EEF2KMT	TRUE
EEFSEC	TRUE
EEPD1	TRUE
EFCAB1	FALSE
EFCAB10	TRUE
EFCAB11	TRUE
EFCAB12	TRUE
EFCAB13	TRUE
EFCAB14	TRUE
EFCAB2	TRUE
EFCAB3	FALSE
EFCAB6	TRUE
EFCAB7	TRUE
EFCAB8	TRUE
EFCAB9	FALSE
EFCC1	TRUE
EFEMP1	TRUE
EFEMP2	TRUE
EFHB	TRUE
EFHC1	TRUE
EFHC2	FALSE
EFHD1	TRUE
EFHD2	TRUE
EFL1	TRUE
EFNA1	TRUE
EFNA2	TRUE
EFNA3	TRUE
EFNA4	TRUE
EFNA5	TRUE
EFNB1	TRUE
EFNB2	TRUE
EFNB3	TRUE
EFR3A	TRUE
EFR3B	TRUE
EFS	TRUE
EFTUD2	TRUE
EGF	TRUE
EGFL6	TRUE
EGFL7	TRUE
EGFL8	TRUE
EGFLAM	TRUE
EGFR	TRUE
EGLN1	TRUE
EGLN2	TRUE
EGLN3	TRUE
EGR1	TRUE
EGR2	TRUE
EGR3	TRUE
EGR4	TRUE
EHBP1	TRUE
EHBP1L1	TRUE
EHD1	TRUE
EHD2	TRUE
EHD3	TRUE
EHD4	TRUE
EHF	TRUE
EHHADH	TRUE
EHMT1	TRUE
EHMT2	TRUE
EI24	TRUE
EID1	TRUE
EID2	TRUE
EID2B	TRUE
EID3	TRUE
EIF1	TRUE
EIF1AD	TRUE
EIF1AX	TRUE
EIF1B	TRUE
EIF2A	TRUE
EIF2AK1	TRUE
EIF2AK2	TRUE
EIF2AK3	TRUE
EIF2AK4	TRUE
EIF2B1	TRUE
EIF2B2	TRUE
EIF2B3	TRUE
EIF2B4	TRUE
EIF2B5	TRUE
EIF2D	TRUE
EIF2S1	TRUE
EIF2S2	TRUE
EIF2S3	TRUE
EIF3A	TRUE
EIF3B	TRUE
EIF3D	TRUE
EIF3E	TRUE
EIF3G	TRUE
EIF3H	TRUE
EIF3I	TRUE
EIF3J	TRUE
EIF3L	TRUE
EIF3M	TRUE
EIF4A1	TRUE
EIF4A2	TRUE
EIF4A3	TRUE
EIF4B	TRUE
EIF4E	TRUE
EIF4E1B	FALSE
EIF4E2	TRUE
EIF4E3	TRUE
EIF4EBP1	TRUE
EIF4EBP2	TRUE
EIF4EBP3	TRUE
EIF4ENIF1	TRUE
EIF4G1	TRUE
EIF4G2	TRUE
EIF4G3	TRUE
EIF4H	TRUE
EIF5	TRUE
EIF5A2	TRUE
EIF5B	TRUE
EIF6	TRUE
EIPR1	TRUE
ELAC1	TRUE
ELAC2	TRUE
ELANE	FALSE
ELAVL1	TRUE
ELAVL2	TRUE
ELAVL3	FALSE
ELAVL4	FALSE
ELF1	TRUE
ELF2	TRUE
ELF3	TRUE
ELF4	TRUE
ELF5	TRUE
ELFN1	TRUE
ELFN2	TRUE
ELK1	TRUE
ELK3	TRUE
ELK4	TRUE
ELL	TRUE
ELL2	TRUE
ELL3	TRUE
ELMO1	TRUE
ELMO2	TRUE
ELMO3	TRUE
ELMOD1	FALSE
ELMOD2	TRUE
ELMOD3	TRUE
ELMSAN1	TRUE
ELN	TRUE
ELOA	TRUE
ELOA2	FALSE
ELOF1	TRUE
ELOVL1	TRUE
ELOVL2	TRUE
ELOVL3	FALSE
ELOVL4	TRUE
ELOVL5	TRUE
ELOVL6	TRUE
ELOVL7	TRUE
ELP1	TRUE
ELP2	TRUE
ELP3	TRUE
ELP4	TRUE
ELP5	TRUE
ELP6	TRUE
ELSPBP1	FALSE
EMB	TRUE
EMC1	TRUE
EMC10	TRUE
EMC2	TRUE
EMC3	TRUE
EMC4	TRUE
EMC6	TRUE
EMC7	TRUE
EMC8	TRUE
EMC9	TRUE
EMCN	TRUE
EMD	TRUE
EME1	TRUE
EME2	TRUE
EMG1	TRUE
EMID1	TRUE
EMILIN1	TRUE
EMILIN2	TRUE
EMILIN3	TRUE
EML1	TRUE
EML2	TRUE
EML4	TRUE
EML5	TRUE
EML6	TRUE
EMP1	TRUE
EMP2	TRUE
EMP3	TRUE
EMSY	TRUE
EMX1	TRUE
EMX2	FALSE
EN1	TRUE
EN2	TRUE
ENAH	TRUE
ENAM	FALSE
ENC1	TRUE
ENDOD1	TRUE
ENDOG	TRUE
ENDOU	FALSE
ENDOV	TRUE
ENG	TRUE
ENGASE	TRUE
ENHO	TRUE
ENKD1	TRUE
ENKUR	TRUE
ENO1	TRUE
ENO2	TRUE
ENO3	TRUE
ENO4	FALSE
ENOPH1	TRUE
ENOSF1	TRUE
ENOX1	TRUE
ENOX2	TRUE
ENPEP	TRUE
ENPP1	TRUE
ENPP2	TRUE
ENPP3	TRUE
ENPP4	TRUE
ENPP5	TRUE
ENPP6	FALSE
ENPP7	TRUE
ENTHD1	FALSE
ENTPD1	TRUE
ENTPD2	TRUE
ENTPD3	FALSE
ENTPD4	TRUE
ENTPD6	TRUE
ENTPD7	TRUE
ENTPD8	TRUE
ENTR1	TRUE
ENY2	TRUE
EOGT	TRUE
EOMES	TRUE
EP300	TRUE
EP400	TRUE
EPAS1	TRUE
EPB41	TRUE
EPB41L1	TRUE
EPB41L2	TRUE
EPB41L3	TRUE
EPB41L4A	TRUE
EPB41L4B	TRUE
EPB41L5	TRUE
EPB42	FALSE
EPC1	TRUE
EPC2	TRUE
EPCAM	TRUE
EPDR1	TRUE
EPG5	TRUE
EPGN	TRUE
EPHA1	TRUE
EPHA10	TRUE
EPHA2	TRUE
EPHA3	TRUE
EPHA4	TRUE
EPHA5	FALSE
EPHA6	TRUE
EPHA7	FALSE
EPHA8	FALSE
EPHB1	TRUE
EPHB2	TRUE
EPHB3	TRUE
EPHB4	TRUE
EPHB6	TRUE
EPHX1	TRUE
EPHX2	TRUE
EPHX3	FALSE
EPHX4	TRUE
EPM2A	TRUE
EPM2AIP1	TRUE
EPN1	TRUE
EPN2	TRUE
EPO	TRUE
EPOP	TRUE
EPPIN	TRUE
EPPK1	TRUE
EPRS	TRUE
EPS15	TRUE
EPS15L1	TRUE
EPS8	TRUE
EPS8L1	TRUE
EPS8L2	TRUE
EPS8L3	TRUE
EPSTI1	TRUE
EPX	FALSE
EPYC	FALSE
EQTN	FALSE
ERAL1	TRUE
ERAP1	TRUE
ERAP2	TRUE
ERAS	FALSE
ERBB2	TRUE
ERBB3	TRUE
ERBB4	FALSE
ERBIN	TRUE
ERC1	TRUE
ERC2	TRUE
ERCC1	TRUE
ERCC2	TRUE
ERCC3	TRUE
ERCC4	TRUE
ERCC5	TRUE
ERCC6	TRUE
ERCC6L	TRUE
ERCC6L2	TRUE
ERCC8	TRUE
EREG	TRUE
ERF	TRUE
ERFE	TRUE
ERFL	TRUE
ERG	TRUE
ERG28	TRUE
ERGIC1	TRUE
ERGIC2	TRUE
ERGIC3	TRUE
ERH	TRUE
ERI1	TRUE
ERI2	TRUE
ERI3	TRUE
ERICH1	TRUE
ERICH2	TRUE
ERICH3	FALSE
ERICH4	FALSE
ERICH5	TRUE
ERICH6	FALSE
ERICH6B	FALSE
ERLEC1	TRUE
ERLIN1	TRUE
ERLIN2	TRUE
ERMAP	TRUE
ERMARD	TRUE
ERMN	TRUE
ERMP1	TRUE
ERN1	TRUE
ERN2	TRUE
ERO1A	TRUE
ERO1B	TRUE
ERP27	TRUE
ERP29	TRUE
ERP44	TRUE
ERRFI1	TRUE
ERVFRD-1	FALSE
ERVK3-1	TRUE
ERVMER34-1	TRUE
ERVV-1	FALSE
ERVV-2	FALSE
ESAM	TRUE
ESCO1	TRUE
ESCO2	TRUE
ESD	TRUE
ESF1	TRUE
ESM1	TRUE
ESPL1	TRUE
ESPN	TRUE
ESPNL	TRUE
ESR1	TRUE
ESRP1	TRUE
ESRP2	TRUE
ESRRB	FALSE
ESRRG	TRUE
ESS2	TRUE
ESX1	FALSE
ESYT1	TRUE
ESYT2	TRUE
ESYT3	TRUE
ETAA1	TRUE
ETFA	TRUE
ETFB	TRUE
ETFBKMT	TRUE
ETFDH	TRUE
ETHE1	TRUE
ETNK1	TRUE
ETNK2	TRUE
ETNPPL	TRUE
ETS1	TRUE
ETS2	TRUE
ETV1	TRUE
ETV2	TRUE
ETV3	TRUE
ETV3L	FALSE
ETV4	TRUE
ETV5	TRUE
ETV6	TRUE
ETV7	TRUE
EVA1A	TRUE
EVA1B	TRUE
EVA1C	TRUE
EVC	TRUE
EVC2	TRUE
EVI2A	TRUE
EVI2B	TRUE
EVI5	TRUE
EVI5L	TRUE
EVL	TRUE
EVPL	TRUE
EVX1	TRUE
EVX2	FALSE
EXD1	FALSE
EXD2	TRUE
EXD3	TRUE
EXO1	TRUE
EXO5	TRUE
EXOC1	TRUE
EXOC1L	FALSE
EXOC2	TRUE
EXOC3	TRUE
EXOC3L1	TRUE
EXOC3L2	TRUE
EXOC3L4	TRUE
EXOC4	TRUE
EXOC5	TRUE
EXOC6	TRUE
EXOC6B	TRUE
EXOC8	TRUE
EXOG	TRUE
EXOSC1	TRUE
EXOSC10	TRUE
EXOSC2	TRUE
EXOSC3	TRUE
EXOSC4	TRUE
EXOSC5	TRUE
EXOSC6	TRUE
EXOSC7	TRUE
EXOSC8	TRUE
EXOSC9	TRUE
EXPH5	TRUE
EXT1	TRUE
EXT2	TRUE
EXTL1	FALSE
EXTL2	TRUE
EXTL3	TRUE
EYA1	TRUE
EYA2	TRUE
EYA3	TRUE
EYA4	FALSE
EYS	TRUE
EZH1	TRUE
EZH2	TRUE
EZHIP	FALSE
EZR	TRUE
F10	TRUE
F11	TRUE
F11R	TRUE
F12	TRUE
F13A1	TRUE
F13B	TRUE
F2	TRUE
F2R	TRUE
F2RL1	TRUE
F2RL2	TRUE
F2RL3	TRUE
F3	TRUE
F5	TRUE
F7	TRUE
F8	TRUE
F8A1	TRUE
F9	TRUE
FA2H	TRUE
FAAH	TRUE
FAAH2	TRUE
FAAP100	TRUE
FAAP20	TRUE
FAAP24	TRUE
FABP1	TRUE
FABP12	FALSE
FABP2	TRUE
FABP4	TRUE
FABP5	TRUE
FABP6	TRUE
FABP7	FALSE
FABP9	FALSE
FADD	TRUE
FADS1	TRUE
FADS2	TRUE
FADS3	TRUE
FADS6	TRUE
FAF1	TRUE
FAF2	TRUE
FAH	TRUE
FAHD1	TRUE
FAHD2B	TRUE
FAIM	TRUE
FAIM2	TRUE
FAM102A	TRUE
FAM102B	TRUE
FAM104A	TRUE
FAM104B	TRUE
FAM107A	TRUE
FAM107B	TRUE
FAM110A	TRUE
FAM110B	TRUE
FAM110C	TRUE
FAM110D	TRUE
FAM111A	TRUE
FAM111B	TRUE
FAM114A1	TRUE
FAM114A2	TRUE
FAM117A	TRUE
FAM117B	TRUE
FAM118A	TRUE
FAM118B	TRUE
FAM120A	TRUE
FAM120AOS	TRUE
FAM120B	TRUE
FAM120C	TRUE
FAM122A	TRUE
FAM122B	TRUE
FAM122C	TRUE
FAM124A	TRUE
FAM124B	TRUE
FAM126A	TRUE
FAM126B	TRUE
FAM131A	TRUE
FAM131B	TRUE
FAM131C	TRUE
FAM133A	FALSE
FAM133B	TRUE
FAM135A	TRUE
FAM135B	FALSE
FAM136A	TRUE
FAM13A	TRUE
FAM13B	TRUE
FAM13C	TRUE
FAM149A	TRUE
FAM149B1	TRUE
FAM151A	FALSE
FAM151B	TRUE
FAM155A	TRUE
FAM155B	TRUE
FAM160A1	TRUE
FAM160A2	TRUE
FAM160B1	TRUE
FAM160B2	TRUE
FAM161A	TRUE
FAM161B	TRUE
FAM162A	TRUE
FAM162B	TRUE
FAM163A	FALSE
FAM163B	TRUE
FAM166A	FALSE
FAM166B	TRUE
FAM166C	TRUE
FAM167A	TRUE
FAM167B	TRUE
FAM168A	TRUE
FAM168B	TRUE
FAM169A	TRUE
FAM169B	TRUE
FAM170A	FALSE
FAM170B	FALSE
FAM171A1	TRUE
FAM171A2	TRUE
FAM171B	TRUE
FAM172A	TRUE
FAM174A	TRUE
FAM174B	TRUE
FAM174C	TRUE
FAM177B	FALSE
FAM178B	TRUE
FAM180A	TRUE
FAM180B	FALSE
FAM181A	FALSE
FAM181B	TRUE
FAM184A	TRUE
FAM185A	TRUE
FAM186A	FALSE
FAM186B	TRUE
FAM187B	FALSE
FAM189A1	TRUE
FAM189A2	TRUE
FAM189B	TRUE
FAM192A	TRUE
FAM193A	TRUE
FAM193B	TRUE
FAM199X	TRUE
FAM200A	TRUE
FAM200B	TRUE
FAM204A	TRUE
FAM205C	FALSE
FAM207A	TRUE
FAM209B	FALSE
FAM20A	TRUE
FAM20B	TRUE
FAM20C	TRUE
FAM210A	TRUE
FAM210B	TRUE
FAM214A	TRUE
FAM214B	TRUE
FAM216A	TRUE
FAM216B	FALSE
FAM217A	FALSE
FAM217B	TRUE
FAM218A	TRUE
FAM219A	TRUE
FAM219B	TRUE
FAM221A	TRUE
FAM221B	TRUE
FAM222A	TRUE
FAM222B	TRUE
FAM227A	TRUE
FAM227B	TRUE
FAM228A	TRUE
FAM228B	TRUE
FAM229A	TRUE
FAM229B	TRUE
FAM234A	TRUE
FAM234B	TRUE
FAM237A	FALSE
FAM237B	TRUE
FAM240A	FALSE
FAM240B	TRUE
FAM240C	FALSE
FAM241A	TRUE
FAM241B	TRUE
FAM24A	FALSE
FAM24B	TRUE
FAM32A	TRUE
FAM3A	TRUE
FAM3B	TRUE
FAM3C	TRUE
FAM3D	TRUE
FAM43A	TRUE
FAM43B	TRUE
FAM47B	FALSE
FAM47C	FALSE
FAM47E	TRUE
FAM49A	TRUE
FAM49B	TRUE
FAM50A	TRUE
FAM50B	TRUE
FAM53A	TRUE
FAM53B	TRUE
FAM53C	TRUE
FAM71A	FALSE
FAM71B	FALSE
FAM71C	FALSE
FAM71D	FALSE
FAM71E1	TRUE
FAM71E2	FALSE
FAM71F1	FALSE
FAM71F2	TRUE
FAM76A	TRUE
FAM76B	TRUE
FAM78A	TRUE
FAM78B	TRUE
FAM81A	TRUE
FAM81B	FALSE
FAM83A	TRUE
FAM83B	TRUE
FAM83C	TRUE
FAM83D	TRUE
FAM83E	TRUE
FAM83F	TRUE
FAM83G	TRUE
FAM83H	TRUE
FAM89A	TRUE
FAM89B	TRUE
FAM8A1	TRUE
FAM90A26	TRUE
FAM91A1	TRUE
FAM92B	FALSE
FAM98A	TRUE
FAM98B	TRUE
FAM98C	TRUE
FAM9A	FALSE
FAM9B	FALSE
FAN1	TRUE
FANCA	TRUE
FANCB	TRUE
FANCC	TRUE
FANCD2	TRUE
FANCD2OS	FALSE
FANCE	TRUE
FANCF	TRUE
FANCG	TRUE
FANCI	TRUE
FANCL	TRUE
FANCM	TRUE
FANK1	TRUE
FAP	TRUE
FAR1	TRUE
FAR2	TRUE
FARP1	TRUE
FARP2	TRUE
FARS2	TRUE
FARSA	TRUE
FARSB	TRUE
FAS	TRUE
FASLG	TRUE
FASN	TRUE
FASTK	TRUE
FASTKD1	TRUE
FASTKD2	TRUE
FASTKD3	TRUE
FASTKD5	TRUE
FAT1	TRUE
FAT2	FALSE
FAT3	TRUE
FAT4	TRUE
FATE1	FALSE
FAXC	TRUE
FAXDC2	TRUE
FBF1	TRUE
FBH1	TRUE
FBLIM1	TRUE
FBLL1	TRUE
FBLN1	TRUE
FBLN2	TRUE
FBLN5	TRUE
FBLN7	TRUE
FBN1	TRUE
FBN2	TRUE
FBN3	FALSE
FBP1	TRUE
FBP2	FALSE
FBRS	TRUE
FBRSL1	TRUE
FBXL12	TRUE
FBXL13	TRUE
FBXL15	TRUE
FBXL16	TRUE
FBXL17	TRUE
FBXL18	TRUE
FBXL19	TRUE
FBXL2	TRUE
FBXL20	TRUE
FBXL22	TRUE
FBXL3	TRUE
FBXL4	TRUE
FBXL5	TRUE
FBXL6	TRUE
FBXL7	TRUE
FBXL8	TRUE
FBXO10	TRUE
FBXO11	TRUE
FBXO15	TRUE
FBXO16	TRUE
FBXO17	TRUE
FBXO2	TRUE
FBXO21	TRUE
FBXO22	TRUE
FBXO24	TRUE
FBXO25	TRUE
FBXO27	TRUE
FBXO28	TRUE
FBXO3	TRUE
FBXO30	TRUE
FBXO31	TRUE
FBXO32	TRUE
FBXO33	TRUE
FBXO34	TRUE
FBXO36	TRUE
FBXO38	TRUE
FBXO39	FALSE
FBXO4	TRUE
FBXO40	FALSE
FBXO41	TRUE
FBXO42	TRUE
FBXO43	TRUE
FBXO44	TRUE
FBXO45	TRUE
FBXO46	TRUE
FBXO47	FALSE
FBXO48	TRUE
FBXO5	TRUE
FBXO6	TRUE
FBXO7	TRUE
FBXO8	TRUE
FBXO9	TRUE
FBXW10	FALSE
FBXW11	TRUE
FBXW12	FALSE
FBXW2	TRUE
FBXW4	TRUE
FBXW5	TRUE
FBXW7	TRUE
FBXW8	TRUE
FBXW9	TRUE
FCAMR	TRUE
FCAR	TRUE
FCER1A	TRUE
FCER1G	TRUE
FCF1	TRUE
FCGBP	TRUE
FCGR1A	TRUE
FCGR1B	TRUE
FCGR2A	TRUE
FCGR2B	TRUE
FCGR3A	TRUE
FCGR3B	TRUE
FCGRT	TRUE
FCHO1	TRUE
FCHO2	TRUE
FCHSD1	TRUE
FCHSD2	TRUE
FCMR	TRUE
FCN2	TRUE
FCN3	TRUE
FCRL1	TRUE
FCRL2	TRUE
FCRL3	TRUE
FCRL4	FALSE
FCRL5	TRUE
FCRL6	FALSE
FCRLA	TRUE
FCRLB	TRUE
FCSK	TRUE
FDCSP	TRUE
FDFT1	TRUE
FDPS	TRUE
FDX1	TRUE
FDX2	TRUE
FDXACB1	TRUE
FDXR	TRUE
FECH	TRUE
FEM1A	TRUE
FEM1B	TRUE
FEM1C	TRUE
FER	TRUE
FER1L5	FALSE
FER1L6	TRUE
FERD3L	TRUE
FERMT1	TRUE
FERMT2	TRUE
FERMT3	TRUE
FES	TRUE
FETUB	TRUE
FEV	TRUE
FEZ1	TRUE
FEZ2	TRUE
FEZF1	TRUE
FEZF2	FALSE
FFAR1	FALSE
FFAR2	TRUE
FFAR4	TRUE
FGA	TRUE
FGB	TRUE
FGD1	TRUE
FGD2	TRUE
FGD3	TRUE
FGD4	TRUE
FGD5	TRUE
FGD6	TRUE
FGF1	TRUE
FGF10	FALSE
FGF11	TRUE
FGF12	TRUE
FGF13	TRUE
FGF14	TRUE
FGF16	FALSE
FGF17	TRUE
FGF18	TRUE
FGF19	TRUE
FGF2	TRUE
FGF20	FALSE
FGF21	TRUE
FGF22	TRUE
FGF23	FALSE
FGF3	FALSE
FGF4	FALSE
FGF5	FALSE
FGF6	FALSE
FGF7	TRUE
FGF8	TRUE
FGF9	TRUE
FGFBP1	TRUE
FGFBP2	FALSE
FGFBP3	TRUE
FGFR1	TRUE
FGFR1OP	TRUE
FGFR1OP2	TRUE
FGFR2	TRUE
FGFR3	TRUE
FGFR4	TRUE
FGFRL1	TRUE
FGG	TRUE
FGGY	TRUE
FGL1	TRUE
FGL2	TRUE
FGR	TRUE
FH	TRUE
FHAD1	TRUE
FHDC1	TRUE
FHIT	TRUE
FHL2	TRUE
FHL3	TRUE
FHL5	FALSE
FHOD1	TRUE
FHOD3	TRUE
FIBCD1	TRUE
FIBIN	TRUE
FIBP	TRUE
FICD	TRUE
FIG4	TRUE
FIGLA	TRUE
FIGN	TRUE
FIGNL1	TRUE
FIGNL2	TRUE
FILIP1	TRUE
FILIP1L	TRUE
FIP1L1	TRUE
FIS1	TRUE
FITM1	TRUE
FITM2	TRUE
FIZ1	TRUE
FJX1	TRUE
FKBP10	TRUE
FKBP11	TRUE
FKBP14	TRUE
FKBP15	TRUE
FKBP1B	TRUE
FKBP3	TRUE
FKBP5	TRUE
FKBP6	FALSE
FKBP7	TRUE
FKBP8	TRUE
FKBP9	TRUE
FKBPL	TRUE
FKRP	TRUE
FKTN	TRUE
FLACC1	TRUE
FLAD1	TRUE
FLCN	TRUE
FLG	TRUE
FLG2	FALSE
FLI1	TRUE
FLII	TRUE
FLNA	TRUE
FLNB	TRUE
FLNC	TRUE
FLOT1	TRUE
FLOT2	TRUE
FLRT1	FALSE
FLRT2	TRUE
FLRT3	TRUE
FLT3	TRUE
FLT3LG	TRUE
FLT4	TRUE
FLVCR1	TRUE
FLVCR2	TRUE
FLYWCH2	TRUE
FMC1	TRUE
FMN1	TRUE
FMN2	FALSE
FMNL1	TRUE
FMNL2	TRUE
FMNL3	TRUE
FMO1	TRUE
FMO2	TRUE
FMO3	TRUE
FMO4	TRUE
FMO5	TRUE
FMOD	TRUE
FMR1	TRUE
FMR1NB	FALSE
FN1	TRUE
FN3K	TRUE
FN3KRP	TRUE
FNBP1	TRUE
FNBP1L	TRUE
FNBP4	TRUE
FNDC1	TRUE
FNDC10	TRUE
FNDC11	TRUE
FNDC3A	TRUE
FNDC3B	TRUE
FNDC4	TRUE
FNDC5	TRUE
FNDC7	FALSE
FNDC8	FALSE
FNDC9	FALSE
FNIP1	TRUE
FNIP2	TRUE
FNTB	TRUE
FOCAD	TRUE
FOLR1	TRUE
FOLR2	TRUE
FOPNL	TRUE
FOS	TRUE
FOSB	TRUE
FOSL1	TRUE
FOSL2	TRUE
FOXA1	TRUE
FOXA2	TRUE
FOXA3	TRUE
FOXB1	TRUE
FOXB2	TRUE
FOXC1	TRUE
FOXC2	TRUE
FOXD1	TRUE
FOXD2	TRUE
FOXD3	FALSE
FOXD4	TRUE
FOXD4L6	TRUE
FOXE1	TRUE
FOXE3	TRUE
FOXF1	TRUE
FOXF2	TRUE
FOXG1	TRUE
FOXI1	FALSE
FOXI2	TRUE
FOXI3	FALSE
FOXJ1	TRUE
FOXJ2	TRUE
FOXJ3	TRUE
FOXK1	TRUE
FOXK2	TRUE
FOXL1	TRUE
FOXL2	TRUE
FOXL2NB	FALSE
FOXM1	TRUE
FOXN1	FALSE
FOXN2	TRUE
FOXN3	TRUE
FOXN4	FALSE
FOXO1	TRUE
FOXO3	TRUE
FOXO4	TRUE
FOXO6	TRUE
FOXP1	TRUE
FOXP2	TRUE
FOXP3	TRUE
FOXP4	TRUE
FOXQ1	TRUE
FOXR1	FALSE
FOXRED1	TRUE
FOXRED2	TRUE
FOXS1	TRUE
FP565260.1	TRUE
FPGS	TRUE
FPGT	TRUE
FPR1	TRUE
FPR2	TRUE
FPR3	TRUE
FRA10AC1	TRUE
FRAS1	TRUE
FRAT1	TRUE
FRAT2	TRUE
FREM1	TRUE
FREM2	TRUE
FREM3	FALSE
FRG1	TRUE
FRK	TRUE
FRMD1	TRUE
FRMD3	TRUE
FRMD4A	TRUE
FRMD4B	TRUE
FRMD5	TRUE
FRMD6	TRUE
FRMD7	FALSE
FRMD8	TRUE
FRMPD1	TRUE
FRMPD2	TRUE
FRMPD3	TRUE
FRMPD4	FALSE
FRRS1	TRUE
FRRS1L	FALSE
FRS2	TRUE
FRS3	TRUE
FRY	TRUE
FRYL	TRUE
FRZB	TRUE
FSCB	FALSE
FSCN1	TRUE
FSCN3	TRUE
FSD1	TRUE
FSD1L	TRUE
FSD2	FALSE
FSHB	FALSE
FSHR	FALSE
FSIP1	TRUE
FSIP2	FALSE
FST	TRUE
FSTL1	TRUE
FSTL3	TRUE
FSTL4	FALSE
FSTL5	FALSE
FTCD	TRUE
FTCDNL1	TRUE
FTH1	TRUE
FTHL17	FALSE
FTL	TRUE
FTMT	FALSE
FTSJ1	TRUE
FTSJ3	TRUE
FUBP1	TRUE
FUBP3	TRUE
FUCA2	TRUE
FUNDC1	TRUE
FUNDC2	TRUE
FUOM	TRUE
FURIN	TRUE
FUS	TRUE
FUT1	TRUE
FUT10	TRUE
FUT11	TRUE
FUT3	TRUE
FUT4	TRUE
FUT5	FALSE
FUT6	TRUE
FUT7	TRUE
FUT8	TRUE
FUT9	FALSE
FUZ	TRUE
FXR1	TRUE
FXR2	TRUE
FXYD1	TRUE
FXYD2	TRUE
FXYD3	TRUE
FXYD4	FALSE
FXYD5	TRUE
FXYD6	TRUE
FXYD7	TRUE
FYB1	TRUE
FYB2	TRUE
FYCO1	TRUE
FYN	TRUE
FZD1	TRUE
FZD2	TRUE
FZD3	TRUE
FZD4	TRUE
FZD5	TRUE
FZD6	TRUE
FZD7	TRUE
FZD8	TRUE
FZD9	TRUE
FZR1	TRUE
G0S2	TRUE
G2E3	TRUE
G3BP2	TRUE
G6PC	TRUE
G6PC2	FALSE
G6PC3	TRUE
G6PD	TRUE
GAA	TRUE
GAB1	TRUE
GAB2	TRUE
GAB3	TRUE
GAB4	FALSE
GABARAP	TRUE
GABARAPL2	TRUE
GABBR1	TRUE
GABBR2	FALSE
GABPA	TRUE
GABPB1	TRUE
GABPB2	TRUE
GABRA1	FALSE
GABRA2	TRUE
GABRA3	TRUE
GABRA4	TRUE
GABRA5	FALSE
GABRA6	FALSE
GABRB1	TRUE
GABRB2	FALSE
GABRB3	FALSE
GABRD	TRUE
GABRE	TRUE
GABRG1	FALSE
GABRG2	FALSE
GABRG3	FALSE
GABRP	TRUE
GABRQ	FALSE
GABRR1	FALSE
GABRR2	TRUE
GABRR3	FALSE
GAD1	TRUE
GAD2	FALSE
GADD45A	TRUE
GADD45B	TRUE
GADD45G	TRUE
GADD45GIP1	TRUE
GADL1	FALSE
GAGE10	FALSE
GAK	TRUE
GAL	TRUE
GAL3ST1	TRUE
GAL3ST3	TRUE
GAL3ST4	TRUE
GALC	TRUE
GALE	TRUE
GALK2	TRUE
GALM	TRUE
GALNS	TRUE
GALNT1	TRUE
GALNT10	TRUE
GALNT11	TRUE
GALNT12	TRUE
GALNT13	FALSE
GALNT14	FALSE
GALNT15	FALSE
GALNT16	TRUE
GALNT17	TRUE
GALNT18	TRUE
GALNT2	TRUE
GALNT3	TRUE
GALNT4	TRUE
GALNT5	TRUE
GALNT6	TRUE
GALNT7	TRUE
GALNT8	TRUE
GALNT9	FALSE
GALNTL5	FALSE
GALNTL6	TRUE
GALP	FALSE
GALR1	FALSE
GALR2	TRUE
GALR3	FALSE
GALT	TRUE
GAMT	TRUE
GAN	TRUE
GANAB	TRUE
GANC	TRUE
GAP43	TRUE
GAPDHS	FALSE
GAPT	TRUE
GAPVD1	TRUE
GAREM1	TRUE
GAREM2	TRUE
GARNL3	TRUE
GARS	TRUE
GART	TRUE
GAS1	TRUE
GAS2	TRUE
GAS2L2	FALSE
GAS2L3	TRUE
GAS6	TRUE
GAS7	TRUE
GAS8	TRUE
GASK1A	TRUE
GASK1B	TRUE
GAST	FALSE
GATA1	FALSE
GATA2	TRUE
GATA3	TRUE
GATA4	TRUE
GATA5	TRUE
GATA6	TRUE
GATAD1	TRUE
GATAD2A	TRUE
GATAD2B	TRUE
GATB	TRUE
GATC	TRUE
GATD1	TRUE
GATM	TRUE
GBA	TRUE
GBE1	TRUE
GBF1	TRUE
GBGT1	TRUE
GBP1	TRUE
GBP2	TRUE
GBP4	TRUE
GBP5	TRUE
GBP6	FALSE
GBP7	TRUE
GBX1	TRUE
GBX2	TRUE
GC	TRUE
GCA	TRUE
GCAT	TRUE
GCC1	TRUE
GCC2	TRUE
GCDH	TRUE
GCFC2	TRUE
GCG	TRUE
GCGR	TRUE
GCH1	TRUE
GCHFR	TRUE
GCK	TRUE
GCKR	TRUE
GCLC	TRUE
GCLM	TRUE
GCM1	TRUE
GCM2	FALSE
GCN1	TRUE
GCNA	TRUE
GCNT1	TRUE
GCNT2	TRUE
GCNT3	TRUE
GCNT4	TRUE
GCNT7	TRUE
GCSAM	TRUE
GCSAML	FALSE
GCSAML-AS1	FALSE
GDA	TRUE
GDAP1	TRUE
GDAP1L1	TRUE
GDAP2	TRUE
GDE1	TRUE
GDF10	TRUE
GDF11	TRUE
GDF15	TRUE
GDF2	TRUE
GDF3	FALSE
GDF5	TRUE
GDF5OS	TRUE
GDF6	TRUE
GDF7	TRUE
GDF9	TRUE
GDI1	TRUE
GDI2	TRUE
GDNF	TRUE
GDPD1	TRUE
GDPD2	TRUE
GDPD3	TRUE
GDPD4	FALSE
GDPD5	TRUE
GDPGP1	TRUE
GEM	TRUE
GEMIN4	TRUE
GEMIN5	TRUE
GEMIN6	TRUE
GEMIN7	TRUE
GEN1	TRUE
GET1	TRUE
GET3	TRUE
GFAP	FALSE
GFER	TRUE
GFI1	TRUE
GFI1B	FALSE
GFM1	TRUE
GFM2	TRUE
GFOD1	TRUE
GFOD2	TRUE
GFPT1	TRUE
GFPT2	TRUE
GFRA1	TRUE
GFRA2	TRUE
GFRA3	TRUE
GFRA4	TRUE
GFRAL	FALSE
GFY	FALSE
GGA1	TRUE
GGA2	TRUE
GGA3	TRUE
GGACT	TRUE
GGCX	TRUE
GGH	TRUE
GGN	TRUE
GGNBP2	TRUE
GGPS1	TRUE
GGT1	FALSE
GGT2	TRUE
GGT5	TRUE
GGT6	TRUE
GGT7	TRUE
GGTLC1	FALSE
GH2	TRUE
GHDC	TRUE
GHITM	TRUE
GHR	TRUE
GHRH	FALSE
GHRL	TRUE
GHSR	FALSE
GID4	TRUE
GID8	TRUE
GIGYF1	TRUE
GIGYF2	TRUE
GIMAP1	TRUE
GIMAP2	TRUE
GIMAP4	TRUE
GIMAP5	TRUE
GIMAP6	TRUE
GIMAP7	TRUE
GIMAP8	TRUE
GIMD1	FALSE
GIN1	TRUE
GINM1	TRUE
GINS1	TRUE
GINS2	TRUE
GINS3	TRUE
GINS4	TRUE
GIP	FALSE
GIPC1	TRUE
GIPC2	TRUE
GIPC3	TRUE
GIPR	TRUE
GIT1	TRUE
GIT2	TRUE
GJA1	TRUE
GJA10	FALSE
GJA3	TRUE
GJA4	TRUE
GJA5	TRUE
GJA8	TRUE
GJA9	TRUE
GJB1	TRUE
GJB2	TRUE
GJB3	TRUE
GJB4	TRUE
GJB5	TRUE
GJB6	TRUE
GJB7	FALSE
GJC1	TRUE
GJC2	TRUE
GJC3	TRUE
GJD2	FALSE
GJD3	TRUE
GJD4	FALSE
GJE1	TRUE
GK2	TRUE
GK5	TRUE
GKAP1	TRUE
GKN1	FALSE
GKN2	FALSE
GLA	TRUE
GLB1	TRUE
GLB1L	TRUE
GLB1L2	TRUE
GLB1L3	FALSE
GLCCI1	TRUE
GLCE	TRUE
GLDC	TRUE
GLDN	TRUE
GLE1	TRUE
GLG1	TRUE
GLI1	TRUE
GLI2	TRUE
GLI3	TRUE
GLI4	TRUE
GLIPR1	TRUE
GLIPR1L1	FALSE
GLIPR1L2	TRUE
GLIPR2	TRUE
GLIS1	FALSE
GLIS2	TRUE
GLIS3	TRUE
GLMN	TRUE
GLMP	TRUE
GLO1	TRUE
GLOD4	TRUE
GLOD5	TRUE
GLP1R	FALSE
GLP2R	FALSE
GLRA1	FALSE
GLRA2	TRUE
GLRA3	FALSE
GLRA4	TRUE
GLRB	TRUE
GLRX	TRUE
GLRX2	TRUE
GLRX3	TRUE
GLRX5	TRUE
GLS	TRUE
GLS2	TRUE
GLT1D1	TRUE
GLT6D1	FALSE
GLT8D1	TRUE
GLT8D2	TRUE
GLTP	TRUE
GLTPD2	TRUE
GLUD1	TRUE
GLUL	TRUE
GLYAT	TRUE
GLYATL1	TRUE
GLYATL2	FALSE
GLYATL3	FALSE
GLYCTK	TRUE
GLYR1	TRUE
GM2A	TRUE
GMDS	TRUE
GMEB1	TRUE
GMEB2	TRUE
GMFG	TRUE
GMIP	TRUE
GML	FALSE
GMNC	FALSE
GMNN	TRUE
GMPPA	TRUE
GMPPB	TRUE
GMPR	TRUE
GMPR2	TRUE
GMPS	TRUE
GNA11	TRUE
GNA12	TRUE
GNA13	TRUE
GNA14	TRUE
GNA15	TRUE
GNAI1	TRUE
GNAI2	TRUE
GNAI3	TRUE
GNAL	TRUE
GNAO1	TRUE
GNAQ	TRUE
GNAT1	FALSE
GNAT2	TRUE
GNAT3	FALSE
GNAZ	TRUE
GNB1	TRUE
GNB1L	TRUE
GNB3	TRUE
GNB4	TRUE
GNB5	TRUE
GNE	TRUE
GNG10	TRUE
GNG11	TRUE
GNG12	TRUE
GNG13	FALSE
GNG14	FALSE
GNG2	TRUE
GNG3	FALSE
GNG4	TRUE
GNG5	TRUE
GNG7	TRUE
GNG8	FALSE
GNGT1	TRUE
GNGT2	TRUE
GNL1	TRUE
GNL2	TRUE
GNL3	TRUE
GNL3L	TRUE
GNLY	TRUE
GNMT	TRUE
GNPAT	TRUE
GNPDA1	TRUE
GNPDA2	TRUE
GNPNAT1	TRUE
GNPTAB	TRUE
GNPTG	TRUE
GNRH1	TRUE
GNRH2	TRUE
GNRHR	TRUE
GNS	TRUE
GOLGA1	TRUE
GOLGA3	TRUE
GOLGA5	TRUE
GOLGA6L7	FALSE
GOLGA7	TRUE
GOLGA7B	TRUE
GOLGB1	TRUE
GOLIM4	TRUE
GOLM1	TRUE
GOLPH3	TRUE
GOLPH3L	TRUE
GOLT1A	TRUE
GOLT1B	TRUE
GON4L	TRUE
GON7	TRUE
GOPC	TRUE
GORAB	TRUE
GORASP1	TRUE
GORASP2	TRUE
GOSR1	TRUE
GOT1	TRUE
GOT1L1	FALSE
GOT2	TRUE
GP1BB	TRUE
GP2	TRUE
GP5	FALSE
GP6	TRUE
GP9	FALSE
GPA33	TRUE
GPAA1	TRUE
GPALPP1	TRUE
GPAM	TRUE
GPANK1	TRUE
GPAT2	TRUE
GPAT3	TRUE
GPAT4	TRUE
GPATCH1	TRUE
GPATCH11	TRUE
GPATCH2	TRUE
GPATCH2L	TRUE
GPATCH3	TRUE
GPATCH4	TRUE
GPATCH8	TRUE
GPBAR1	TRUE
GPBP1	TRUE
GPBP1L1	TRUE
GPC1	TRUE
GPC2	TRUE
GPC3	TRUE
GPC4	TRUE
GPC5	TRUE
GPC6	TRUE
GPCPD1	TRUE
GPD1	TRUE
GPD1L	TRUE
GPER1	TRUE
GPHA2	TRUE
GPHB5	FALSE
GPHN	TRUE
GPI	TRUE
GPIHBP1	TRUE
GPKOW	TRUE
GPLD1	TRUE
GPM6A	FALSE
GPM6B	TRUE
GPN1	TRUE
GPN2	TRUE
GPN3	TRUE
GPNMB	TRUE
GPR1	FALSE
GPR101	FALSE
GPR107	TRUE
GPR108	TRUE
GPR119	FALSE
GPR12	TRUE
GPR132	TRUE
GPR135	TRUE
GPR137	TRUE
GPR137B	TRUE
GPR137C	TRUE
GPR139	TRUE
GPR141	TRUE
GPR142	FALSE
GPR143	TRUE
GPR146	TRUE
GPR148	TRUE
GPR149	FALSE
GPR15	TRUE
GPR150	TRUE
GPR151	TRUE
GPR152	FALSE
GPR153	TRUE
GPR155	TRUE
GPR156	FALSE
GPR157	TRUE
GPR158	TRUE
GPR160	TRUE
GPR161	TRUE
GPR162	TRUE
GPR17	FALSE
GPR171	TRUE
GPR173	TRUE
GPR174	TRUE
GPR176	TRUE
GPR179	FALSE
GPR18	TRUE
GPR180	TRUE
GPR182	FALSE
GPR183	TRUE
GPR19	TRUE
GPR20	TRUE
GPR25	TRUE
GPR26	TRUE
GPR27	TRUE
GPR3	TRUE
GPR31	TRUE
GPR32	FALSE
GPR33	FALSE
GPR34	TRUE
GPR35	TRUE
GPR37	TRUE
GPR37L1	TRUE
GPR39	TRUE
GPR4	TRUE
GPR45	TRUE
GPR55	TRUE
GPR6	TRUE
GPR61	FALSE
GPR62	FALSE
GPR63	TRUE
GPR65	TRUE
GPR68	TRUE
GPR78	TRUE
GPR83	FALSE
GPR84	TRUE
GPR85	TRUE
GPR87	FALSE
GPR88	TRUE
GPR89B	TRUE
GPRASP1	TRUE
GPRASP2	TRUE
GPRC5A	TRUE
GPRC5B	TRUE
GPRC5C	TRUE
GPRC5D	TRUE
GPRC6A	FALSE
GPRIN1	TRUE
GPRIN2	TRUE
GPRIN3	TRUE
GPS1	TRUE
GPSM1	TRUE
GPSM2	TRUE
GPSM3	TRUE
GPT	TRUE
GPT2	TRUE
GPX2	TRUE
GPX3	TRUE
GPX4	TRUE
GPX5	FALSE
GPX6	FALSE
GPX7	TRUE
GPX8	TRUE
GRAMD1A	TRUE
GRAMD1B	TRUE
GRAMD1C	TRUE
GRAMD2A	TRUE
GRAMD2B	TRUE
GRAP2	TRUE
GRASP	TRUE
GRB10	TRUE
GRB14	TRUE
GRB2	TRUE
GRB7	TRUE
GREB1	TRUE
GREB1L	TRUE
GREM1	TRUE
GREM2	TRUE
GRHL1	TRUE
GRHL2	TRUE
GRHL3	TRUE
GRHPR	TRUE
GRIA1	FALSE
GRIA2	FALSE
GRIA3	TRUE
GRIA4	FALSE
GRID1	TRUE
GRID2	FALSE
GRID2IP	FALSE
GRIFIN	FALSE
GRIK1	FALSE
GRIK2	TRUE
GRIK3	FALSE
GRIK4	FALSE
GRIK5	FALSE
GRIN1	TRUE
GRIN2A	FALSE
GRIN2B	TRUE
GRIN2D	TRUE
GRIN3A	FALSE
GRIN3B	TRUE
GRINA	TRUE
GRIP1	TRUE
GRIP2	TRUE
GRIPAP1	TRUE
GRK1	FALSE
GRK2	TRUE
GRK3	TRUE
GRK4	TRUE
GRK5	TRUE
GRK6	TRUE
GRK7	FALSE
GRM1	TRUE
GRM2	FALSE
GRM3	FALSE
GRM4	FALSE
GRM5	FALSE
GRM6	FALSE
GRM7	TRUE
GRM8	TRUE
GRN	TRUE
GRP	FALSE
GRPEL1	TRUE
GRPEL2	TRUE
GRPR	FALSE
GRSF1	TRUE
GRTP1	TRUE
GRWD1	TRUE
GRXCR1	FALSE
GRXCR2	FALSE
GSAP	TRUE
GSC	TRUE
GSC2	FALSE
GSDMA	TRUE
GSDMB	TRUE
GSDMC	FALSE
GSDMD	TRUE
GSDME	TRUE
GSE1	TRUE
GSG1	FALSE
GSG1L	FALSE
GSG1L2	FALSE
GSK3A	TRUE
GSK3B	TRUE
GSKIP	TRUE
GSN	TRUE
GSPT1	TRUE
GSPT2	TRUE
GSR	TRUE
GSS	TRUE
GSTA3	FALSE
GSTA4	TRUE
GSTA5	FALSE
GSTCD	TRUE
GSTK1	TRUE
GSTM1	FALSE
GSTM3	TRUE
GSTO1	TRUE
GSTO2	TRUE
GSTP1	TRUE
GSTT2B	TRUE
GSTT4	FALSE
GSTZ1	TRUE
GSX1	FALSE
GSX2	FALSE
GTDC1	TRUE
GTF2A1	TRUE
GTF2A2	TRUE
GTF2B	TRUE
GTF2E1	TRUE
GTF2E2	TRUE
GTF2F1	TRUE
GTF2F2	TRUE
GTF2H1	TRUE
GTF2H3	TRUE
GTF2H4	TRUE
GTF2H5	TRUE
GTF2I	TRUE
GTF2IRD1	TRUE
GTF3A	TRUE
GTF3C1	TRUE
GTF3C2	TRUE
GTF3C3	TRUE
GTF3C4	TRUE
GTF3C5	TRUE
GTF3C6	TRUE
GTPBP1	TRUE
GTPBP10	TRUE
GTPBP2	TRUE
GTPBP3	TRUE
GTPBP4	TRUE
GTPBP6	TRUE
GTPBP8	TRUE
GTSE1	TRUE
GTSF1	TRUE
GTSF1L	TRUE
GUCA1B	TRUE
GUCA1C	FALSE
GUCA2A	TRUE
GUCA2B	TRUE
GUCD1	TRUE
GUCY1A1	TRUE
GUCY1A2	TRUE
GUCY1B1	TRUE
GUCY2C	TRUE
GUCY2F	FALSE
GUF1	TRUE
GUK1	TRUE
GULP1	TRUE
GVQW3	TRUE
GXYLT1	TRUE
GXYLT2	TRUE
GYG1	TRUE
GYG2	TRUE
GYPC	TRUE
GYS1	TRUE
GYS2	TRUE
GZF1	TRUE
GZMA	TRUE
GZMB	TRUE
GZMH	FALSE
GZMK	TRUE
GZMM	TRUE
H1F0	TRUE
H1FNT	FALSE
H1FOO	TRUE
H1FX	TRUE
H2AFJ	TRUE
H2AFX	TRUE
H2AFY	TRUE
H2AFY2	TRUE
H2BFM	FALSE
H2BFWT	FALSE
H3.Y	TRUE
H3F3A	TRUE
H3F3B	TRUE
H3F3C	FALSE
H6PD	TRUE
HAAO	TRUE
HABP2	TRUE
HABP4	TRUE
HACD1	TRUE
HACD2	TRUE
HACD3	TRUE
HACD4	TRUE
HACE1	TRUE
HACL1	TRUE
HADH	TRUE
HADHA	TRUE
HADHB	TRUE
HAGH	TRUE
HAGHL	TRUE
HAL	TRUE
HAMP	TRUE
HAND1	FALSE
HAND2	TRUE
HAO1	TRUE
HAO2	TRUE
HAP1	FALSE
HAPLN1	TRUE
HAPLN2	FALSE
HAPLN4	TRUE
HARBI1	TRUE
HARS	TRUE
HARS2	TRUE
HAS1	TRUE
HAS2	TRUE
HAS3	TRUE
HASPIN	TRUE
HAT1	TRUE
HAUS2	TRUE
HAUS3	TRUE
HAUS4	TRUE
HAUS5	TRUE
HAUS6	TRUE
HAUS8	TRUE
HAVCR1	TRUE
HAVCR2	TRUE
HAX1	TRUE
HBA2	TRUE
HBEGF	TRUE
HBM	FALSE
HBP1	TRUE
HBQ1	TRUE
HBS1L	TRUE
HCAR1	TRUE
HCCS	TRUE
HCFC1	TRUE
HCFC1R1	TRUE
HCFC2	TRUE
HCK	TRUE
HCLS1	TRUE
HCN1	TRUE
HCN2	TRUE
HCN3	TRUE
HCN4	FALSE
HCRTR1	FALSE
HCRTR2	TRUE
HCST	TRUE
HDAC1	TRUE
HDAC10	TRUE
HDAC11	TRUE
HDAC2	TRUE
HDAC3	TRUE
HDAC4	TRUE
HDAC5	TRUE
HDAC6	TRUE
HDAC7	TRUE
HDAC8	TRUE
HDAC9	TRUE
HDC	TRUE
HDDC2	TRUE
HDDC3	TRUE
HDGF	TRUE
HDGFL1	TRUE
HDGFL2	TRUE
HDGFL3	TRUE
HDHD2	TRUE
HDHD3	TRUE
HDHD5	TRUE
HDLBP	TRUE
HDX	TRUE
HEATR1	TRUE
HEATR3	TRUE
HEATR4	FALSE
HEATR5B	TRUE
HEATR6	TRUE
HEATR9	FALSE
HEBP1	TRUE
HEBP2	TRUE
HECA	TRUE
HECTD1	TRUE
HECTD2	TRUE
HECTD3	TRUE
HECTD4	TRUE
HECW1	TRUE
HECW2	TRUE
HEG1	TRUE
HELB	TRUE
HELLS	TRUE
HELQ	TRUE
HELT	FALSE
HELZ	TRUE
HELZ2	TRUE
HEMGN	FALSE
HEMK1	TRUE
HENMT1	TRUE
HEPACAM	FALSE
HEPACAM2	TRUE
HEPH	TRUE
HEPHL1	FALSE
HEPN1	FALSE
HERC1	TRUE
HERC2	TRUE
HERC3	TRUE
HERC4	TRUE
HERC5	TRUE
HERC6	TRUE
HERPUD1	TRUE
HERPUD2	TRUE
HES2	TRUE
HES4	TRUE
HES5	TRUE
HES6	TRUE
HES7	FALSE
HESX1	TRUE
HEXA	TRUE
HEXB	TRUE
HEXD	TRUE
HEXIM1	TRUE
HEXIM2	TRUE
HEY1	TRUE
HEY2	TRUE
HEYL	TRUE
HFE	TRUE
HFM1	FALSE
HGD	TRUE
HGF	TRUE
HGFAC	TRUE
HGH1	TRUE
HGS	TRUE
HGSNAT	TRUE
HHAT	TRUE
HHATL	FALSE
HHEX	TRUE
HHIP	TRUE
HHIPL1	TRUE
HHIPL2	FALSE
HHLA1	FALSE
HHLA2	TRUE
HHLA3	TRUE
HIBADH	TRUE
HIC1	TRUE
HIC2	TRUE
HID1	TRUE
HIF1A	TRUE
HIF1AN	TRUE
HIF3A	TRUE
HIGD1B	TRUE
HIGD1C	FALSE
HIGD2B	FALSE
HILPDA	TRUE
HINFP	TRUE
HINT1	TRUE
HINT2	TRUE
HINT3	TRUE
HIP1	TRUE
HIP1R	TRUE
HIPK1	TRUE
HIPK2	TRUE
HIPK3	TRUE
HIPK4	FALSE
HIRA	TRUE
HIRIP3	TRUE
HIST1H1B	TRUE
HIST1H1D	TRUE
HIST1H1E	TRUE
HIST1H2AA	TRUE
HIST1H2AC	TRUE
HIST1H2AE	TRUE
HIST1H2AG	TRUE
HIST1H2AI	FALSE
HIST1H2AK	TRUE
HIST1H2BA	FALSE
HIST1H2BB	TRUE
HIST1H2BG	TRUE
HIST1H2BH	TRUE
HIST1H2BN	TRUE
HIST1H3G	TRUE
HIST1H3H	TRUE
HIST1H4B	FALSE
HIST1H4C	TRUE
HIST1H4E	FALSE
HIST1H4I	FALSE
HIST1H4J	TRUE
HIST2H2BE	TRUE
HIST3H2A	TRUE
HIST3H2BB	TRUE
HIST3H3	FALSE
HIVEP2	TRUE
HIVEP3	TRUE
HJURP	TRUE
HJV	TRUE
HK1	TRUE
HK2	TRUE
HK3	TRUE
HKDC1	TRUE
HLCS	TRUE
HLF	TRUE
HLTF	TRUE
HLX	TRUE
HM13	TRUE
HMBOX1	TRUE
HMBS	TRUE
HMCES	TRUE
HMCN1	TRUE
HMCN2	FALSE
HMG20A	TRUE
HMG20B	TRUE
HMGA1	TRUE
HMGA2	TRUE
HMGB4	FALSE
HMGCL	TRUE
HMGCLL1	TRUE
HMGCR	TRUE
HMGCS2	TRUE
HMGN3	TRUE
HMGN4	TRUE
HMGN5	TRUE
HMGXB3	TRUE
HMGXB4	TRUE
HMHB1	FALSE
HMMR	TRUE
HMOX1	TRUE
HMOX2	TRUE
HMSD	FALSE
HMX1	FALSE
HMX2	TRUE
HMX3	TRUE
HNF1A	TRUE
HNF1B	TRUE
HNF4A	TRUE
HNF4G	TRUE
HNMT	TRUE
HNRNPA0	TRUE
HNRNPA2B1	TRUE
HNRNPA3	TRUE
HNRNPC	TRUE
HNRNPCL3	FALSE
HNRNPD	TRUE
HNRNPDL	TRUE
HNRNPF	TRUE
HNRNPH3	TRUE
HNRNPK	TRUE
HNRNPLL	TRUE
HNRNPR	TRUE
HNRNPU	TRUE
HNRNPUL1	TRUE
HNRNPUL2	TRUE
HOGA1	TRUE
HOMER1	TRUE
HOMER2	TRUE
HOMER3	TRUE
HOMEZ	TRUE
HOOK1	TRUE
HOOK2	TRUE
HOOK3	TRUE
HOPX	TRUE
HORMAD1	TRUE
HORMAD2	FALSE
HOXA1	TRUE
HOXA10	TRUE
HOXA11	TRUE
HOXA13	TRUE
HOXA2	TRUE
HOXA3	TRUE
HOXA4	TRUE
HOXA5	TRUE
HOXA6	TRUE
HOXA7	TRUE
HOXA9	TRUE
HOXB1	FALSE
HOXB13	TRUE
HOXB2	TRUE
HOXB3	TRUE
HOXB4	TRUE
HOXB5	TRUE
HOXB6	TRUE
HOXB7	TRUE
HOXB8	TRUE
HOXB9	TRUE
HOXC10	FALSE
HOXC11	TRUE
HOXC12	TRUE
HOXC4	TRUE
HOXC5	TRUE
HOXC6	TRUE
HOXC8	TRUE
HOXC9	TRUE
HOXD1	TRUE
HOXD10	TRUE
HOXD11	TRUE
HOXD12	TRUE
HOXD13	FALSE
HOXD3	TRUE
HOXD4	TRUE
HOXD8	TRUE
HOXD9	TRUE
HP	TRUE
HP1BP3	TRUE
HPCA	TRUE
HPCAL1	TRUE
HPCAL4	FALSE
HPD	TRUE
HPDL	TRUE
HPF1	TRUE
HPGD	TRUE
HPGDS	TRUE
HPN	TRUE
HPR	TRUE
HPRT1	TRUE
HPS1	TRUE
HPS3	TRUE
HPS4	TRUE
HPS5	TRUE
HPS6	TRUE
HPSE	TRUE
HPSE2	TRUE
HPX	TRUE
HR	TRUE
HRAS	TRUE
HRC	FALSE
HRCT1	TRUE
HRG	TRUE
HRH1	TRUE
HRH2	TRUE
HRH3	TRUE
HRH4	FALSE
HRK	TRUE
HRNR	TRUE
HS1BP3	TRUE
HS2ST1	TRUE
HS3ST1	TRUE
HS3ST2	TRUE
HS3ST3B1	TRUE
HS3ST4	FALSE
HS3ST5	FALSE
HS3ST6	FALSE
HS6ST1	TRUE
HS6ST2	TRUE
HS6ST3	FALSE
HSBP1	TRUE
HSBP1L1	TRUE
HSCB	TRUE
HSD11B1	TRUE
HSD11B2	TRUE
HSD17B1	TRUE
HSD17B10	TRUE
HSD17B11	TRUE
HSD17B12	TRUE
HSD17B13	TRUE
HSD17B14	TRUE
HSD17B2	TRUE
HSD17B4	TRUE
HSD17B6	TRUE
HSD17B8	TRUE
HSD3B1	FALSE
HSD3B7	TRUE
HSDL1	TRUE
HSDL2	TRUE
HSF1	TRUE
HSF2	TRUE
HSF2BP	TRUE
HSF4	TRUE
HSF5	FALSE
HSFX3	TRUE
HSFX4	FALSE
HSH2D	TRUE
HSP90AA1	TRUE
HSP90AB1	TRUE
HSP90B1	TRUE
HSPA12B	TRUE
HSPA13	TRUE
HSPA14	TRUE
HSPA1A	TRUE
HSPA1B	TRUE
HSPA1L	TRUE
HSPA2	TRUE
HSPA4	TRUE
HSPA4L	TRUE
HSPA5	TRUE
HSPA6	TRUE
HSPA8	TRUE
HSPA9	TRUE
HSPB1	TRUE
HSPB11	TRUE
HSPB2	TRUE
HSPB3	FALSE
HSPB6	TRUE
HSPB7	TRUE
HSPB8	TRUE
HSPB9	TRUE
HSPBAP1	TRUE
HSPBP1	TRUE
HSPD1	TRUE
HSPE1	TRUE
HSPG2	TRUE
HSPH1	TRUE
HTATIP2	TRUE
HTATSF1	TRUE
HTN1	FALSE
HTN3	FALSE
HTR1A	TRUE
HTR1D	TRUE
HTR1E	FALSE
HTR1F	FALSE
HTR2A	TRUE
HTR2B	TRUE
HTR2C	FALSE
HTR3A	FALSE
HTR3C	FALSE
HTR3D	TRUE
HTR3E	FALSE
HTR4	TRUE
HTR5A	FALSE
HTR6	FALSE
HTR7	TRUE
HTRA1	TRUE
HTRA2	TRUE
HTRA4	TRUE
HTT	TRUE
HUNK	TRUE
HUS1	TRUE
HUS1B	TRUE
HUWE1	TRUE
HVCN1	TRUE
HYAL1	TRUE
HYAL2	TRUE
HYAL3	TRUE
HYAL4	TRUE
HYDIN	TRUE
HYI	TRUE
HYKK	TRUE
HYLS1	TRUE
HYOU1	TRUE
HYPM	FALSE
IAH1	TRUE
IAPP	FALSE
IARS	TRUE
IARS2	TRUE
IBA57	TRUE
IBSP	FALSE
IBTK	TRUE
ICA1	TRUE
ICA1L	TRUE
ICAM1	TRUE
ICAM2	TRUE
ICAM3	TRUE
ICAM4	TRUE
ICAM5	TRUE
ICE2	TRUE
ICK	TRUE
ICMT	TRUE
ICOS	TRUE
ID1	TRUE
ID2	TRUE
ID3	TRUE
ID4	TRUE
IDE	TRUE
IDH2	TRUE
IDH3A	TRUE
IDH3B	TRUE
IDH3G	TRUE
IDI1	TRUE
IDI2	FALSE
IDNK	TRUE
IDO1	TRUE
IDO2	FALSE
IDS	TRUE
IDUA	TRUE
IER2	TRUE
IER3	TRUE
IER5	TRUE
IER5L	TRUE
IFFO1	TRUE
IFFO2	TRUE
IFI16	TRUE
IFI27	TRUE
IFI27L1	TRUE
IFI27L2	TRUE
IFI30	TRUE
IFI35	TRUE
IFI44	TRUE
IFI44L	TRUE
IFI6	TRUE
IFIH1	TRUE
IFIT1	TRUE
IFIT1B	FALSE
IFIT2	TRUE
IFIT3	TRUE
IFIT5	TRUE
IFITM1	TRUE
IFITM10	TRUE
IFITM2	TRUE
IFITM3	TRUE
IFITM5	FALSE
IFNA1	FALSE
IFNA14	FALSE
IFNA16	TRUE
IFNA21	FALSE
IFNA6	FALSE
IFNA7	FALSE
IFNA8	FALSE
IFNAR1	TRUE
IFNAR2	TRUE
IFNB1	TRUE
IFNE	TRUE
IFNG	TRUE
IFNGR1	TRUE
IFNGR2	TRUE
IFNK	FALSE
IFNL1	FALSE
IFNL2	FALSE
IFNLR1	TRUE
IFNW1	TRUE
IFRD1	TRUE
IFRD2	TRUE
IFT122	TRUE
IFT140	TRUE
IFT172	TRUE
IFT20	TRUE
IFT22	TRUE
IFT27	TRUE
IFT43	TRUE
IFT46	TRUE
IFT52	TRUE
IFT57	TRUE
IFT80	TRUE
IFT81	TRUE
IFT88	TRUE
IGBP1	TRUE
IGDCC3	FALSE
IGDCC4	TRUE
IGF1	TRUE
IGF1R	TRUE
IGF2BP1	TRUE
IGF2BP2	TRUE
IGF2R	TRUE
IGFALS	TRUE
IGFBP1	TRUE
IGFBP2	TRUE
IGFBP3	TRUE
IGFBP4	TRUE
IGFBP5	TRUE
IGFBP6	TRUE
IGFBP7	TRUE
IGFBPL1	TRUE
IGFL1	FALSE
IGFL2	TRUE
IGFL3	FALSE
IGFL4	TRUE
IGFLR1	TRUE
IGFN1	TRUE
IGHA1	TRUE
IGHA2	FALSE
IGHD	TRUE
IGHE	TRUE
IGHG1	TRUE
IGHG3	TRUE
IGHM	TRUE
IGIP	TRUE
IGKC	TRUE
IGLC1	TRUE
IGLC7	FALSE
IGLL1	FALSE
IGSF1	FALSE
IGSF11	TRUE
IGSF21	TRUE
IGSF22	FALSE
IGSF23	FALSE
IGSF3	TRUE
IGSF5	FALSE
IGSF6	TRUE
IGSF8	TRUE
IGSF9	TRUE
IGSF9B	TRUE
IK	TRUE
IKBIP	TRUE
IKBKB	TRUE
IKBKE	TRUE
IKBKG	TRUE
IKZF1	TRUE
IKZF2	TRUE
IKZF3	TRUE
IKZF4	TRUE
IKZF5	TRUE
IL10	TRUE
IL10RA	TRUE
IL10RB	TRUE
IL11	TRUE
IL11RA	TRUE
IL12A	FALSE
IL12B	TRUE
IL12RB1	TRUE
IL12RB2	TRUE
IL13	FALSE
IL13RA1	TRUE
IL13RA2	FALSE
IL15	TRUE
IL15RA	TRUE
IL16	TRUE
IL17A	FALSE
IL17B	FALSE
IL17C	TRUE
IL17D	TRUE
IL17F	TRUE
IL17RA	TRUE
IL17RB	TRUE
IL17RC	TRUE
IL17RD	TRUE
IL17REL	TRUE
IL18	TRUE
IL18BP	TRUE
IL18R1	TRUE
IL18RAP	TRUE
IL19	FALSE
IL1A	TRUE
IL1B	TRUE
IL1F10	FALSE
IL1R1	TRUE
IL1R2	TRUE
IL1RAP	TRUE
IL1RAPL1	FALSE
IL1RAPL2	FALSE
IL1RL1	TRUE
IL1RL2	TRUE
IL1RN	TRUE
IL2	FALSE
IL20	TRUE
IL20RA	TRUE
IL20RB	TRUE
IL21	FALSE
IL21R	TRUE
IL22	FALSE
IL22RA1	TRUE
IL22RA2	TRUE
IL23A	TRUE
IL23R	TRUE
IL24	TRUE
IL25	FALSE
IL26	FALSE
IL27	TRUE
IL27RA	TRUE
IL2RA	TRUE
IL2RB	TRUE
IL2RG	TRUE
IL3	FALSE
IL31	FALSE
IL31RA	FALSE
IL32	TRUE
IL33	TRUE
IL34	TRUE
IL36A	FALSE
IL36B	FALSE
IL36G	FALSE
IL36RN	FALSE
IL37	TRUE
IL3RA	TRUE
IL4	FALSE
IL4I1	TRUE
IL4R	TRUE
IL5	TRUE
IL5RA	FALSE
IL6	TRUE
IL6R	TRUE
IL7	TRUE
IL7R	TRUE
IL9	FALSE
ILDR1	TRUE
ILDR2	TRUE
ILF2	TRUE
ILF3	TRUE
ILK	TRUE
ILKAP	TRUE
ILRUN	TRUE
ILVBL	TRUE
IMMP1L	TRUE
IMMP2L	TRUE
IMMT	TRUE
IMP3	TRUE
IMP4	TRUE
IMPA1	TRUE
IMPA2	TRUE
IMPACT	TRUE
IMPAD1	TRUE
IMPDH2	TRUE
IMPG1	TRUE
IMPG2	TRUE
INA	FALSE
INAFM1	TRUE
INAFM2	TRUE
INAVA	TRUE
INCA1	TRUE
INCENP	TRUE
INF2	TRUE
ING1	TRUE
ING2	TRUE
ING3	TRUE
ING4	TRUE
ING5	TRUE
INHA	TRUE
INHBA	TRUE
INHBB	TRUE
INHBC	FALSE
INHBE	TRUE
INIP	TRUE
INKA1	TRUE
INKA2	TRUE
INMT	TRUE
INO80	TRUE
INO80B	TRUE
INO80C	TRUE
INO80D	TRUE
INO80E	TRUE
INPP1	TRUE
INPP4A	TRUE
INPP4B	TRUE
INPP5A	TRUE
INPP5B	TRUE
INPP5D	TRUE
INPP5E	TRUE
INPP5F	TRUE
INPP5J	TRUE
INPP5K	TRUE
INPPL1	TRUE
INS	TRUE
INSC	FALSE
INSIG1	TRUE
INSIG2	TRUE
INSL3	TRUE
INSL4	FALSE
INSL5	FALSE
INSL6	FALSE
INSM1	TRUE
INSM2	TRUE
INSR	TRUE
INSRR	FALSE
INSYN1	TRUE
INSYN2A	TRUE
INSYN2B	FALSE
INTS1	TRUE
INTS10	TRUE
INTS11	TRUE
INTS12	TRUE
INTS13	TRUE
INTS14	TRUE
INTS2	TRUE
INTS3	TRUE
INTS4	TRUE
INTS5	TRUE
INTS6	TRUE
INTS6L	TRUE
INTS7	TRUE
INTS8	TRUE
INTS9	TRUE
INTU	TRUE
INVS	TRUE
IP6K1	TRUE
IP6K2	TRUE
IP6K3	TRUE
IPCEF1	TRUE
IPO11	TRUE
IPO13	TRUE
IPO4	TRUE
IPO5	TRUE
IPO8	TRUE
IPO9	TRUE
IPP	TRUE
IPPK	TRUE
IQANK1	TRUE
IQCA1	TRUE
IQCA1L	FALSE
IQCB1	TRUE
IQCC	TRUE
IQCD	TRUE
IQCE	TRUE
IQCF1	FALSE
IQCF2	FALSE
IQCF5	FALSE
IQCF6	FALSE
IQCG	TRUE
IQCH	TRUE
IQCK	TRUE
IQCM	FALSE
IQCN	TRUE
IQGAP1	TRUE
IQGAP2	TRUE
IQGAP3	TRUE
IQSEC1	TRUE
IQSEC2	TRUE
IQSEC3	FALSE
IQUB	FALSE
IRAK1	TRUE
IRAK1BP1	TRUE
IRAK2	TRUE
IRAK3	TRUE
IRAK4	TRUE
IREB2	TRUE
IRF1	TRUE
IRF2	TRUE
IRF2BP1	TRUE
IRF2BPL	TRUE
IRF3	TRUE
IRF4	TRUE
IRF5	TRUE
IRF6	TRUE
IRF7	TRUE
IRF8	TRUE
IRF9	TRUE
IRGC	FALSE
IRGM	FALSE
IRGQ	TRUE
IRS1	TRUE
IRS2	TRUE
IRS4	FALSE
IRX1	FALSE
IRX2	TRUE
IRX3	TRUE
IRX4	FALSE
IRX5	TRUE
IRX6	FALSE
ISCA1	TRUE
ISCA2	TRUE
ISCU	TRUE
ISG15	TRUE
ISG20	TRUE
ISG20L2	TRUE
ISL1	TRUE
ISL2	FALSE
ISLR	TRUE
ISLR2	TRUE
ISM1	TRUE
ISM2	TRUE
ISOC1	TRUE
ISOC2	TRUE
ISX	TRUE
ISY1	TRUE
ITCH	TRUE
ITFG1	TRUE
ITFG2	TRUE
ITGA1	TRUE
ITGA10	TRUE
ITGA11	TRUE
ITGA2	TRUE
ITGA2B	FALSE
ITGA3	TRUE
ITGA4	TRUE
ITGA5	TRUE
ITGA6	TRUE
ITGA7	TRUE
ITGA8	TRUE
ITGA9	TRUE
ITGAD	FALSE
ITGAL	TRUE
ITGAM	TRUE
ITGAV	TRUE
ITGAX	TRUE
ITGB1	TRUE
ITGB1BP1	TRUE
ITGB1BP2	TRUE
ITGB2	TRUE
ITGB3	TRUE
ITGB3BP	TRUE
ITGB4	TRUE
ITGB5	TRUE
ITGB6	TRUE
ITGB7	TRUE
ITGB8	TRUE
ITGBL1	TRUE
ITIH1	TRUE
ITIH2	TRUE
ITIH3	TRUE
ITIH5	TRUE
ITIH6	FALSE
ITK	TRUE
ITLN1	TRUE
ITLN2	TRUE
ITM2A	TRUE
ITM2B	TRUE
ITM2C	TRUE
ITPA	TRUE
ITPK1	TRUE
ITPKA	TRUE
ITPKB	TRUE
ITPKC	TRUE
ITPR1	TRUE
ITPR2	TRUE
ITPR3	TRUE
ITPRID1	TRUE
ITPRID2	TRUE
ITPRIP	TRUE
ITPRIPL1	TRUE
ITPRIPL2	TRUE
ITSN1	TRUE
ITSN2	TRUE
IVD	TRUE
IVL	FALSE
IVNS1ABP	TRUE
IWS1	TRUE
IYD	TRUE
IZUMO1	FALSE
IZUMO1R	FALSE
IZUMO2	TRUE
IZUMO3	FALSE
IZUMO4	TRUE
JADE1	TRUE
JADE2	TRUE
JADE3	TRUE
JAG1	TRUE
JAG2	TRUE
JAGN1	TRUE
JAK1	TRUE
JAK2	TRUE
JAK3	TRUE
JAKMIP2	TRUE
JAKMIP3	TRUE
JAM2	TRUE
JAM3	TRUE
JAML	TRUE
JARID2	TRUE
JAZF1	TRUE
JCAD	TRUE
JCHAIN	TRUE
JDP2	TRUE
JHY	TRUE
JKAMP	TRUE
JMJD1C	TRUE
JMJD4	TRUE
JMJD6	TRUE
JMJD8	TRUE
JMY	TRUE
JOSD1	TRUE
JOSD2	TRUE
JPH1	TRUE
JPH2	FALSE
JPH3	TRUE
JPH4	TRUE
JPT1	TRUE
JPT2	TRUE
JRK	TRUE
JRKL	TRUE
JSRP1	TRUE
JTB	TRUE
JUN	TRUE
JUNB	TRUE
JUP	TRUE
KAAG1	TRUE
KALRN	TRUE
KANK1	TRUE
KANK2	TRUE
KANK3	TRUE
KANK4	FALSE
KANSL1	TRUE
KANSL1L	TRUE
KANSL2	TRUE
KANSL3	TRUE
KANTR	TRUE
KARS	TRUE
KAT14	TRUE
KAT2A	TRUE
KAT2B	TRUE
KAT5	TRUE
KAT6A	TRUE
KAT6B	TRUE
KAT7	TRUE
KAT8	TRUE
KATNA1	TRUE
KATNAL1	TRUE
KATNAL2	TRUE
KATNB1	TRUE
KATNBL1	TRUE
KAZALD1	TRUE
KAZN	TRUE
KBTBD11	TRUE
KBTBD12	TRUE
KBTBD13	TRUE
KBTBD2	TRUE
KBTBD3	TRUE
KBTBD4	TRUE
KBTBD6	TRUE
KBTBD7	TRUE
KBTBD8	TRUE
KCMF1	TRUE
KCNA1	FALSE
KCNA10	TRUE
KCNA2	TRUE
KCNA3	TRUE
KCNA4	TRUE
KCNA5	TRUE
KCNAB1	TRUE
KCNAB2	TRUE
KCNAB3	TRUE
KCNB1	TRUE
KCNB2	FALSE
KCNC1	TRUE
KCNC2	FALSE
KCNC3	TRUE
KCNC4	TRUE
KCND1	TRUE
KCND2	TRUE
KCND3	TRUE
KCNE2	FALSE
KCNE3	TRUE
KCNE4	TRUE
KCNE5	TRUE
KCNF1	TRUE
KCNG1	TRUE
KCNG2	TRUE
KCNG3	TRUE
KCNG4	FALSE
KCNH1	FALSE
KCNH2	TRUE
KCNH3	TRUE
KCNH4	TRUE
KCNH5	FALSE
KCNH6	FALSE
KCNH7	FALSE
KCNH8	TRUE
KCNIP1	FALSE
KCNIP2	TRUE
KCNIP3	FALSE
KCNJ1	TRUE
KCNJ10	TRUE
KCNJ11	TRUE
KCNJ13	FALSE
KCNJ14	TRUE
KCNJ15	TRUE
KCNJ16	TRUE
KCNJ18	FALSE
KCNJ2	TRUE
KCNJ3	TRUE
KCNJ4	FALSE
KCNJ5	TRUE
KCNJ6	FALSE
KCNJ8	TRUE
KCNJ9	TRUE
KCNK1	TRUE
KCNK10	TRUE
KCNK12	TRUE
KCNK13	TRUE
KCNK15	TRUE
KCNK16	FALSE
KCNK17	TRUE
KCNK18	FALSE
KCNK2	TRUE
KCNK3	TRUE
KCNK4	TRUE
KCNK5	TRUE
KCNK6	TRUE
KCNK7	TRUE
KCNMA1	TRUE
KCNMB1	TRUE
KCNMB2	TRUE
KCNMB4	TRUE
KCNN1	FALSE
KCNN2	TRUE
KCNN3	TRUE
KCNN4	TRUE
KCNQ1	TRUE
KCNQ2	FALSE
KCNQ3	TRUE
KCNQ4	TRUE
KCNQ5	TRUE
KCNRG	TRUE
KCNS1	TRUE
KCNS2	TRUE
KCNS3	TRUE
KCNT1	FALSE
KCNT2	TRUE
KCNU1	FALSE
KCNV1	FALSE
KCNV2	FALSE
KCP	TRUE
KCTD1	TRUE
KCTD10	TRUE
KCTD11	TRUE
KCTD12	TRUE
KCTD13	TRUE
KCTD14	TRUE
KCTD15	TRUE
KCTD16	TRUE
KCTD17	TRUE
KCTD18	TRUE
KCTD19	FALSE
KCTD2	TRUE
KCTD20	TRUE
KCTD21	TRUE
KCTD3	TRUE
KCTD4	TRUE
KCTD5	TRUE
KCTD6	TRUE
KCTD7	TRUE
KCTD8	FALSE
KCTD9	TRUE
KDELR1	TRUE
KDELR2	TRUE
KDELR3	TRUE
KDF1	TRUE
KDM1A	TRUE
KDM1B	TRUE
KDM2A	TRUE
KDM2B	TRUE
KDM3A	TRUE
KDM3B	TRUE
KDM4A	TRUE
KDM4B	TRUE
KDM4C	TRUE
KDM4D	TRUE
KDM4E	FALSE
KDM4F	TRUE
KDM5A	TRUE
KDM5B	TRUE
KDM5D	FALSE
KDM6A	TRUE
KDM6B	TRUE
KDM7A	TRUE
KDM8	TRUE
KDR	TRUE
KDSR	TRUE
KEAP1	TRUE
KEL	TRUE
KERA	TRUE
KHDC3L	FALSE
KHDC4	TRUE
KHDRBS1	TRUE
KHDRBS2	FALSE
KHDRBS3	TRUE
KHK	TRUE
KHNYN	TRUE
KHSRP	TRUE
KIAA0040	TRUE
KIAA0100	TRUE
KIAA0232	TRUE
KIAA0319	TRUE
KIAA0319L	TRUE
KIAA0355	TRUE
KIAA0408	TRUE
KIAA0513	TRUE
KIAA0556	TRUE
KIAA0586	TRUE
KIAA0753	TRUE
KIAA0825	TRUE
KIAA0895	TRUE
KIAA0930	TRUE
KIAA1109	TRUE
KIAA1143	TRUE
KIAA1210	FALSE
KIAA1211	TRUE
KIAA1211L	TRUE
KIAA1217	TRUE
KIAA1257	TRUE
KIAA1324	TRUE
KIAA1324L	TRUE
KIAA1328	TRUE
KIAA1522	TRUE
KIAA1549	TRUE
KIAA1549L	TRUE
KIAA1586	TRUE
KIAA1614	TRUE
KIAA1671	TRUE
KIAA1755	TRUE
KIAA1841	TRUE
KIAA1958	TRUE
KIAA2012	TRUE
KIAA2026	TRUE
KIDINS220	TRUE
KIF11	TRUE
KIF12	TRUE
KIF13A	TRUE
KIF13B	TRUE
KIF14	TRUE
KIF15	TRUE
KIF16B	TRUE
KIF17	TRUE
KIF18A	TRUE
KIF18B	TRUE
KIF19	TRUE
KIF1A	FALSE
KIF1B	TRUE
KIF1BP	TRUE
KIF1C	TRUE
KIF20A	TRUE
KIF20B	TRUE
KIF21A	TRUE
KIF21B	TRUE
KIF22	TRUE
KIF23	TRUE
KIF24	TRUE
KIF25	FALSE
KIF26A	TRUE
KIF26B	TRUE
KIF2A	TRUE
KIF2B	FALSE
KIF2C	TRUE
KIF3A	TRUE
KIF3B	TRUE
KIF3C	TRUE
KIF5A	TRUE
KIF5B	TRUE
KIF5C	TRUE
KIF6	FALSE
KIF7	TRUE
KIF9	TRUE
KIFAP3	TRUE
KIFC1	TRUE
KIFC2	TRUE
KIFC3	TRUE
KIN	TRUE
KIR2DL4	FALSE
KIR3DL3	FALSE
KIRREL1	TRUE
KIRREL2	FALSE
KIRREL3	FALSE
KISS1	TRUE
KISS1R	TRUE
KIT	TRUE
KITLG	TRUE
KIZ	TRUE
KL	TRUE
KLB	TRUE
KLC1	TRUE
KLC2	TRUE
KLC4	TRUE
KLF1	FALSE
KLF10	TRUE
KLF11	TRUE
KLF12	TRUE
KLF13	TRUE
KLF14	TRUE
KLF15	TRUE
KLF16	TRUE
KLF17	FALSE
KLF18	FALSE
KLF4	TRUE
KLF5	TRUE
KLF6	TRUE
KLF7	TRUE
KLF8	TRUE
KLF9	TRUE
KLHDC1	TRUE
KLHDC10	TRUE
KLHDC2	TRUE
KLHDC3	TRUE
KLHDC4	TRUE
KLHDC7A	TRUE
KLHDC7B	TRUE
KLHDC8A	TRUE
KLHDC8B	TRUE
KLHDC9	TRUE
KLHL1	TRUE
KLHL10	FALSE
KLHL11	TRUE
KLHL12	TRUE
KLHL13	TRUE
KLHL14	FALSE
KLHL15	TRUE
KLHL17	TRUE
KLHL18	TRUE
KLHL2	TRUE
KLHL20	TRUE
KLHL21	TRUE
KLHL22	TRUE
KLHL23	TRUE
KLHL24	TRUE
KLHL25	TRUE
KLHL26	TRUE
KLHL28	TRUE
KLHL29	TRUE
KLHL3	TRUE
KLHL30	TRUE
KLHL31	TRUE
KLHL32	TRUE
KLHL33	TRUE
KLHL34	TRUE
KLHL35	TRUE
KLHL36	TRUE
KLHL38	TRUE
KLHL4	TRUE
KLHL40	FALSE
KLHL41	TRUE
KLHL42	TRUE
KLHL5	TRUE
KLHL6	TRUE
KLHL7	TRUE
KLHL8	TRUE
KLHL9	TRUE
KLK1	TRUE
KLK10	TRUE
KLK11	TRUE
KLK12	TRUE
KLK13	TRUE
KLK14	FALSE
KLK15	TRUE
KLK2	FALSE
KLK3	FALSE
KLK4	TRUE
KLK5	FALSE
KLK6	TRUE
KLK7	TRUE
KLK8	TRUE
KLK9	FALSE
KLKB1	TRUE
KLLN	TRUE
KLRB1	TRUE
KLRC1	FALSE
KLRC3	TRUE
KLRC4	TRUE
KLRD1	TRUE
KLRF1	FALSE
KLRF2	FALSE
KLRG1	TRUE
KLRG2	TRUE
KLRK1	TRUE
KMO	TRUE
KMT2A	TRUE
KMT2B	TRUE
KMT2C	TRUE
KMT2D	TRUE
KMT2E	TRUE
KMT5A	TRUE
KMT5B	TRUE
KMT5C	TRUE
KNCN	TRUE
KNDC1	TRUE
KNG1	TRUE
KNL1	TRUE
KNOP1	TRUE
KNSTRN	TRUE
KNTC1	TRUE
KPNA1	TRUE
KPNA2	TRUE
KPNA3	TRUE
KPNA4	TRUE
KPNA5	TRUE
KPNA6	TRUE
KPNA7	TRUE
KPNB1	TRUE
KPRP	TRUE
KPTN	TRUE
KRAS	TRUE
KRBA1	TRUE
KRBA2	TRUE
KRBOX1	TRUE
KRBOX4	TRUE
KRCC1	TRUE
KREMEN1	TRUE
KREMEN2	TRUE
KRI1	TRUE
KRIT1	TRUE
KRR1	TRUE
KRT1	FALSE
KRT10	TRUE
KRT12	TRUE
KRT13	TRUE
KRT14	FALSE
KRT15	TRUE
KRT16	TRUE
KRT2	FALSE
KRT20	TRUE
KRT222	TRUE
KRT23	TRUE
KRT24	FALSE
KRT25	FALSE
KRT26	FALSE
KRT27	FALSE
KRT28	FALSE
KRT3	TRUE
KRT31	FALSE
KRT32	FALSE
KRT33A	FALSE
KRT33B	FALSE
KRT34	FALSE
KRT35	FALSE
KRT36	FALSE
KRT37	FALSE
KRT38	TRUE
KRT39	TRUE
KRT4	FALSE
KRT40	TRUE
KRT5	TRUE
KRT6B	TRUE
KRT7	TRUE
KRT71	FALSE
KRT72	TRUE
KRT73	TRUE
KRT74	TRUE
KRT75	TRUE
KRT76	TRUE
KRT77	TRUE
KRT78	FALSE
KRT79	FALSE
KRT8	TRUE
KRT80	TRUE
KRT82	FALSE
KRT83	TRUE
KRT84	TRUE
KRT85	TRUE
KRT9	FALSE
KRTAP1-1	FALSE
KRTAP1-3	FALSE
KRTAP1-4	FALSE
KRTAP1-5	FALSE
KRTAP10-1	FALSE
KRTAP10-11	FALSE
KRTAP10-3	TRUE
KRTAP10-7	FALSE
KRTAP10-8	FALSE
KRTAP11-1	FALSE
KRTAP12-1	FALSE
KRTAP12-2	FALSE
KRTAP12-4	TRUE
KRTAP13-2	FALSE
KRTAP13-3	FALSE
KRTAP15-1	FALSE
KRTAP16-1	FALSE
KRTAP17-1	FALSE
KRTAP19-1	FALSE
KRTAP19-2	FALSE
KRTAP19-3	FALSE
KRTAP19-4	FALSE
KRTAP19-5	FALSE
KRTAP19-6	FALSE
KRTAP19-7	FALSE
KRTAP19-8	FALSE
KRTAP2-3	TRUE
KRTAP2-4	FALSE
KRTAP20-1	FALSE
KRTAP20-2	FALSE
KRTAP20-3	FALSE
KRTAP20-4	FALSE
KRTAP21-2	FALSE
KRTAP22-1	FALSE
KRTAP22-2	FALSE
KRTAP23-1	FALSE
KRTAP24-1	FALSE
KRTAP25-1	FALSE
KRTAP26-1	FALSE
KRTAP27-1	FALSE
KRTAP29-1	FALSE
KRTAP3-1	TRUE
KRTAP3-2	FALSE
KRTAP3-3	FALSE
KRTAP4-11	FALSE
KRTAP4-12	FALSE
KRTAP4-2	FALSE
KRTAP4-3	FALSE
KRTAP4-4	FALSE
KRTAP4-5	FALSE
KRTAP4-6	FALSE
KRTAP5-1	FALSE
KRTAP5-10	TRUE
KRTAP5-2	FALSE
KRTAP5-5	TRUE
KRTAP5-6	FALSE
KRTAP5-7	TRUE
KRTAP5-8	TRUE
KRTAP5-9	TRUE
KRTAP6-1	FALSE
KRTAP6-2	FALSE
KRTAP6-3	FALSE
KRTAP7-1	FALSE
KRTAP8-1	FALSE
KRTAP9-3	FALSE
KRTAP9-6	FALSE
KRTAP9-7	FALSE
KRTAP9-9	FALSE
KRTCAP2	TRUE
KRTCAP3	TRUE
KRTDAP	FALSE
KSR1	TRUE
KSR2	TRUE
KTI12	TRUE
KTN1	TRUE
KXD1	TRUE
KY	TRUE
KYAT1	TRUE
KYAT3	TRUE
KYNU	TRUE
L1CAM	TRUE
L1TD1	TRUE
L2HGDH	TRUE
L3HYPDH	TRUE
L3MBTL1	TRUE
L3MBTL2	TRUE
L3MBTL3	TRUE
L3MBTL4	TRUE
LACC1	TRUE
LACRT	FALSE
LACTB	TRUE
LACTB2	TRUE
LACTBL1	FALSE
LAD1	TRUE
LAG3	TRUE
LAGE3	TRUE
LAIR1	TRUE
LAIR2	TRUE
LALBA	FALSE
LAMA1	TRUE
LAMA2	TRUE
LAMA3	TRUE
LAMA4	TRUE
LAMA5	TRUE
LAMB1	TRUE
LAMB2	TRUE
LAMB3	TRUE
LAMB4	FALSE
LAMC1	TRUE
LAMC2	TRUE
LAMC3	TRUE
LAMP1	TRUE
LAMP2	TRUE
LAMP3	TRUE
LAMP5	TRUE
LAMTOR1	TRUE
LAMTOR2	TRUE
LAMTOR3	TRUE
LAMTOR4	TRUE
LANCL1	TRUE
LANCL2	TRUE
LANCL3	TRUE
LAP3	TRUE
LAPTM4A	TRUE
LAPTM4B	TRUE
LAPTM5	TRUE
LARGE1	TRUE
LARGE2	TRUE
LARP1	TRUE
LARP1B	TRUE
LARP4	TRUE
LARP4B	TRUE
LARP6	TRUE
LARP7	TRUE
LARS	TRUE
LARS2	TRUE
LAS1L	TRUE
LASP1	TRUE
LAT	TRUE
LAT2	TRUE
LATS1	TRUE
LATS2	TRUE
LAX1	TRUE
LAYN	TRUE
LBH	TRUE
LBHD1	TRUE
LBHD2	TRUE
LBP	TRUE
LBR	TRUE
LBX1	FALSE
LBX2	TRUE
LCA5	TRUE
LCA5L	TRUE
LCAT	TRUE
LCE1A	FALSE
LCE1B	FALSE
LCE1C	TRUE
LCE1D	FALSE
LCE2A	FALSE
LCE2B	FALSE
LCE2C	FALSE
LCE3B	FALSE
LCE3C	FALSE
LCE3D	TRUE
LCE3E	FALSE
LCE4A	FALSE
LCE5A	FALSE
LCE6A	FALSE
LCK	TRUE
LCLAT1	TRUE
LCMT1	TRUE
LCMT2	TRUE
LCN1	FALSE
LCN10	TRUE
LCN12	TRUE
LCN15	TRUE
LCN2	TRUE
LCN6	FALSE
LCN8	FALSE
LCN9	FALSE
LCNL1	TRUE
LCOR	TRUE
LCORL	TRUE
LCP1	TRUE
LCP2	TRUE
LCT	FALSE
LDAH	TRUE
LDB1	TRUE
LDB2	TRUE
LDB3	FALSE
LDHAL6A	FALSE
LDHC	TRUE
LDHD	TRUE
LDLR	TRUE
LDLRAD1	FALSE
LDLRAD3	TRUE
LDLRAD4	TRUE
LDLRAP1	TRUE
LDOC1	TRUE
LEAP2	TRUE
LECT2	TRUE
LEF1	TRUE
LEKR1	FALSE
LELP1	FALSE
LEMD1	TRUE
LEMD2	TRUE
LEMD3	TRUE
LENEP	FALSE
LENG1	TRUE
LENG8	TRUE
LENG9	TRUE
LEO1	TRUE
LEP	TRUE
LEPR	TRUE
LEPROT	TRUE
LEPROTL1	TRUE
LETM1	TRUE
LETM2	TRUE
LETMD1	TRUE
LEUTX	FALSE
LEXM	TRUE
LFNG	TRUE
LGALS1	TRUE
LGALS12	FALSE
LGALS13	FALSE
LGALS14	FALSE
LGALS16	FALSE
LGALS2	TRUE
LGALS3	TRUE
LGALS3BP	TRUE
LGALS4	TRUE
LGALS7	FALSE
LGALS8	TRUE
LGALS9C	FALSE
LGALSL	TRUE
LGI1	TRUE
LGI2	TRUE
LGI3	FALSE
LGI4	TRUE
LGMN	TRUE
LGR4	TRUE
LGR5	TRUE
LGR6	TRUE
LGSN	FALSE
LHCGR	FALSE
LHFPL1	FALSE
LHFPL2	TRUE
LHFPL3	FALSE
LHFPL4	FALSE
LHFPL6	TRUE
LHPP	TRUE
LHX1	FALSE
LHX2	TRUE
LHX3	FALSE
LHX4	FALSE
LHX5	FALSE
LHX6	TRUE
LHX8	FALSE
LHX9	TRUE
LIAS	TRUE
LIF	TRUE
LIFR	TRUE
LIG1	TRUE
LIG3	TRUE
LIG4	TRUE
LILRA1	TRUE
LILRA2	TRUE
LILRA4	TRUE
LILRA5	TRUE
LILRB1	TRUE
LILRB2	TRUE
LILRB4	TRUE
LILRB5	TRUE
LIM2	FALSE
LIMA1	TRUE
LIMCH1	TRUE
LIMD1	TRUE
LIMD2	TRUE
LIME1	TRUE
LIMK1	TRUE
LIMK2	TRUE
LIMS2	TRUE
LIN28A	TRUE
LIN28B	FALSE
LIN37	TRUE
LIN52	TRUE
LIN54	TRUE
LIN7A	TRUE
LIN7B	TRUE
LIN7C	TRUE
LIN9	TRUE
LINC00672	TRUE
LINC02218	FALSE
LINC02693	TRUE
LINC02694	TRUE
LINGO1	TRUE
LINGO2	TRUE
LINGO3	TRUE
LINGO4	FALSE
LINS1	TRUE
LIPA	TRUE
LIPC	TRUE
LIPE	TRUE
LIPF	FALSE
LIPG	TRUE
LIPH	TRUE
LIPI	FALSE
LIPJ	FALSE
LIPK	FALSE
LIPM	FALSE
LIPN	FALSE
LIPT1	TRUE
LIPT2	TRUE
LITAF	TRUE
LITAFD	TRUE
LIX1	FALSE
LIX1L	TRUE
LKAAEAR1	TRUE
LLCFC1	FALSE
LLGL1	TRUE
LLGL2	TRUE
LLPH	TRUE
LMAN1	TRUE
LMAN1L	FALSE
LMAN2	TRUE
LMAN2L	TRUE
LMBR1	TRUE
LMBR1L	TRUE
LMBRD1	TRUE
LMBRD2	TRUE
LMCD1	TRUE
LMF1	TRUE
LMF2	TRUE
LMLN	TRUE
LMLN2	FALSE
LMNA	TRUE
LMNB1	TRUE
LMNB2	TRUE
LMNTD1	FALSE
LMNTD2	TRUE
LMO1	FALSE
LMO2	TRUE
LMO3	TRUE
LMO4	TRUE
LMO7	TRUE
LMOD1	TRUE
LMOD2	TRUE
LMTK2	TRUE
LMTK3	TRUE
LMX1A	FALSE
LMX1B	FALSE
LNP1	TRUE
LNPEP	TRUE
LNPK	TRUE
LNX1	TRUE
LNX2	TRUE
LONP1	TRUE
LONP2	TRUE
LONRF1	TRUE
LONRF2	TRUE
LONRF3	TRUE
LOR	FALSE
LOX	TRUE
LOXHD1	FALSE
LOXL1	TRUE
LOXL2	TRUE
LOXL3	TRUE
LOXL4	TRUE
LPAR1	TRUE
LPAR2	TRUE
LPAR3	TRUE
LPAR4	FALSE
LPAR5	TRUE
LPAR6	TRUE
LPCAT1	TRUE
LPCAT2	TRUE
LPCAT3	TRUE
LPCAT4	TRUE
LPGAT1	TRUE
LPIN1	TRUE
LPIN2	TRUE
LPIN3	TRUE
LPL	TRUE
LPO	FALSE
LPP	TRUE
LPXN	TRUE
LRAT	TRUE
LRATD1	TRUE
LRATD2	TRUE
LRBA	TRUE
LRCH1	TRUE
LRCH2	TRUE
LRCH3	TRUE
LRCH4	TRUE
LRCOL1	FALSE
LRFN1	TRUE
LRFN2	FALSE
LRFN3	TRUE
LRFN4	TRUE
LRFN5	FALSE
LRG1	TRUE
LRGUK	TRUE
LRIF1	TRUE
LRIG1	TRUE
LRIG2	TRUE
LRIG3	TRUE
LRIT1	TRUE
LRIT2	FALSE
LRIT3	TRUE
LRMDA	TRUE
LRMP	TRUE
LRP1	TRUE
LRP10	TRUE
LRP11	TRUE
LRP12	TRUE
LRP1B	TRUE
LRP2	TRUE
LRP2BP	TRUE
LRP3	TRUE
LRP4	TRUE
LRP5	TRUE
LRP5L	TRUE
LRP6	TRUE
LRP8	TRUE
LRPAP1	TRUE
LRPPRC	TRUE
LRR1	TRUE
LRRC10	FALSE
LRRC10B	TRUE
LRRC14	TRUE
LRRC14B	TRUE
LRRC15	TRUE
LRRC17	TRUE
LRRC18	FALSE
LRRC19	TRUE
LRRC2	TRUE
LRRC20	TRUE
LRRC23	TRUE
LRRC24	TRUE
LRRC25	TRUE
LRRC26	TRUE
LRRC27	TRUE
LRRC28	TRUE
LRRC29	TRUE
LRRC3	TRUE
LRRC30	FALSE
LRRC31	TRUE
LRRC32	TRUE
LRRC34	TRUE
LRRC36	TRUE
LRRC37A2	FALSE
LRRC37A3	TRUE
LRRC37B	TRUE
LRRC38	FALSE
LRRC39	TRUE
LRRC3B	TRUE
LRRC3C	FALSE
LRRC4	TRUE
LRRC40	TRUE
LRRC41	TRUE
LRRC42	TRUE
LRRC43	TRUE
LRRC45	TRUE
LRRC46	TRUE
LRRC47	TRUE
LRRC49	TRUE
LRRC4B	TRUE
LRRC4C	TRUE
LRRC52	TRUE
LRRC53	FALSE
LRRC55	TRUE
LRRC56	TRUE
LRRC57	TRUE
LRRC58	TRUE
LRRC59	TRUE
LRRC6	TRUE
LRRC61	TRUE
LRRC63	TRUE
LRRC66	TRUE
LRRC69	TRUE
LRRC7	FALSE
LRRC70	FALSE
LRRC71	FALSE
LRRC72	FALSE
LRRC73	TRUE
LRRC74A	FALSE
LRRC74B	FALSE
LRRC75A	TRUE
LRRC75B	TRUE
LRRC8A	TRUE
LRRC8B	TRUE
LRRC8C	TRUE
LRRC8D	TRUE
LRRC8E	TRUE
LRRC9	FALSE
LRRCC1	TRUE
LRRD1	TRUE
LRRFIP1	TRUE
LRRFIP2	TRUE
LRRIQ1	TRUE
LRRIQ3	TRUE
LRRIQ4	TRUE
LRRK1	TRUE
LRRK2	TRUE
LRRN1	TRUE
LRRN2	TRUE
LRRN3	TRUE
LRRN4	TRUE
LRRN4CL	FALSE
LRRTM1	TRUE
LRRTM2	FALSE
LRRTM3	TRUE
LRRTM4	TRUE
LRSAM1	TRUE
LRTM2	TRUE
LRTOMT	TRUE
LRWD1	TRUE
LSAMP	TRUE
LSG1	TRUE
LSM1	TRUE
LSM10	TRUE
LSM11	TRUE
LSM12	TRUE
LSM14A	TRUE
LSM14B	TRUE
LSM2	TRUE
LSM3	TRUE
LSM4	TRUE
LSM5	TRUE
LSM6	TRUE
LSM7	TRUE
LSM8	TRUE
LSMEM1	TRUE
LSMEM2	FALSE
LSP1	TRUE
LSR	TRUE
LSS	TRUE
LST1	TRUE
LTA	TRUE
LTA4H	TRUE
LTB	TRUE
LTB4R	TRUE
LTB4R2	TRUE
LTBP1	TRUE
LTBP2	TRUE
LTBP3	TRUE
LTBP4	TRUE
LTBR	TRUE
LTC4S	TRUE
LTF	TRUE
LTK	TRUE
LTN1	TRUE
LTO1	TRUE
LTV1	TRUE
LUC7L	TRUE
LUC7L2	TRUE
LUC7L3	TRUE
LUM	TRUE
LURAP1	TRUE
LURAP1L	TRUE
LUZP1	TRUE
LUZP2	FALSE
LUZP4	FALSE
LVRN	TRUE
LXN	TRUE
LY6D	TRUE
LY6E	TRUE
LY6G5B	TRUE
LY6G5C	TRUE
LY6G6C	TRUE
LY6G6D	TRUE
LY6G6E	TRUE
LY6G6F	FALSE
LY6H	FALSE
LY6K	TRUE
LY6L	FALSE
LY75	TRUE
LY86	TRUE
LY9	TRUE
LY96	TRUE
LYAR	TRUE
LYG1	TRUE
LYL1	TRUE
LYN	TRUE
LYNX1	TRUE
LYPD1	TRUE
LYPD2	FALSE
LYPD3	TRUE
LYPD4	FALSE
LYPD5	TRUE
LYPD6	TRUE
LYPD6B	TRUE
LYPD8	TRUE
LYPLAL1	TRUE
LYRM1	TRUE
LYRM2	TRUE
LYRM4	TRUE
LYRM7	TRUE
LYRM9	TRUE
LYSMD1	TRUE
LYSMD2	TRUE
LYSMD3	TRUE
LYSMD4	TRUE
LYST	TRUE
LYVE1	TRUE
LYZ	TRUE
LYZL4	FALSE
LYZL6	FALSE
LZIC	TRUE
LZTFL1	TRUE
LZTR1	TRUE
LZTS1	TRUE
LZTS2	TRUE
LZTS3	TRUE
M1AP	TRUE
M6PR	TRUE
MAATS1	FALSE
MAB21L1	TRUE
MAB21L2	TRUE
MAB21L3	TRUE
MAB21L4	TRUE
MACC1	TRUE
MACF1	TRUE
MACO1	TRUE
MACROD1	TRUE
MACROD2	TRUE
MAD1L1	TRUE
MAD2L1	TRUE
MAD2L1BP	TRUE
MAD2L2	TRUE
MADCAM1	TRUE
MADD	TRUE
MAEA	TRUE
MAEL	TRUE
MAF	TRUE
MAF1	TRUE
MAFB	TRUE
MAFG	TRUE
MAFK	TRUE
MAGEA1	FALSE
MAGEA10	TRUE
MAGEA11	TRUE
MAGEA12	FALSE
MAGEA4	TRUE
MAGEA8	TRUE
MAGEA9B	FALSE
MAGEB1	FALSE
MAGEB10	FALSE
MAGEB16	FALSE
MAGEB17	FALSE
MAGEB18	FALSE
MAGEB2	FALSE
MAGEB3	FALSE
MAGEB4	FALSE
MAGEB5	FALSE
MAGEB6	FALSE
MAGEB6B	FALSE
MAGEC1	FALSE
MAGEC2	FALSE
MAGEC3	FALSE
MAGED1	TRUE
MAGED2	TRUE
MAGEE1	TRUE
MAGEE2	FALSE
MAGEF1	TRUE
MAGEH1	TRUE
MAGEL2	TRUE
MAGI1	TRUE
MAGI2	TRUE
MAGI3	TRUE
MAGIX	TRUE
MAGOHB	TRUE
MAGT1	TRUE
MAIP1	TRUE
MAJIN	TRUE
MAK	TRUE
MAK16	TRUE
MAL	TRUE
MAL2	TRUE
MALL	TRUE
MALRD1	TRUE
MALSU1	TRUE
MALT1	TRUE
MAMDC2	TRUE
MAML1	TRUE
MAML2	TRUE
MAML3	TRUE
MAMLD1	TRUE
MAMSTR	TRUE
MAN1A1	TRUE
MAN1A2	TRUE
MAN1B1	TRUE
MAN1C1	TRUE
MAN2A1	TRUE
MAN2A2	TRUE
MAN2B1	TRUE
MAN2B2	TRUE
MANBA	TRUE
MANBAL	TRUE
MANEA	TRUE
MANF	TRUE
MANSC1	TRUE
MANSC4	TRUE
MAOA	TRUE
MAOB	TRUE
MAP10	TRUE
MAP1A	TRUE
MAP1B	TRUE
MAP1LC3A	TRUE
MAP1LC3C	TRUE
MAP1S	TRUE
MAP2	TRUE
MAP2K1	TRUE
MAP2K2	TRUE
MAP2K3	TRUE
MAP2K4	TRUE
MAP2K5	TRUE
MAP2K6	TRUE
MAP2K7	TRUE
MAP3K1	TRUE
MAP3K10	TRUE
MAP3K11	TRUE
MAP3K12	TRUE
MAP3K13	TRUE
MAP3K14	TRUE
MAP3K15	FALSE
MAP3K19	FALSE
MAP3K2	TRUE
MAP3K20	TRUE
MAP3K21	TRUE
MAP3K3	TRUE
MAP3K4	TRUE
MAP3K5	TRUE
MAP3K6	TRUE
MAP3K7	TRUE
MAP3K7CL	TRUE
MAP3K8	TRUE
MAP3K9	TRUE
MAP4	TRUE
MAP4K1	TRUE
MAP4K2	TRUE
MAP4K3	TRUE
MAP4K4	TRUE
MAP4K5	TRUE
MAP6	TRUE
MAP6D1	TRUE
MAP7	TRUE
MAP7D1	TRUE
MAP7D2	TRUE
MAP7D3	TRUE
MAP9	TRUE
MAPK1	TRUE
MAPK10	TRUE
MAPK11	TRUE
MAPK12	TRUE
MAPK13	TRUE
MAPK14	TRUE
MAPK15	TRUE
MAPK1IP1L	TRUE
MAPK3	TRUE
MAPK4	TRUE
MAPK6	TRUE
MAPK7	TRUE
MAPK8	TRUE
MAPK8IP1	TRUE
MAPK8IP2	TRUE
MAPK8IP3	TRUE
MAPK9	TRUE
MAPKAP1	TRUE
MAPKAPK2	TRUE
MAPKAPK3	TRUE
MAPKAPK5	TRUE
MAPKBP1	TRUE
MAPRE1	TRUE
MAPRE2	TRUE
MAPRE3	TRUE
MAPT	TRUE
MARC1	TRUE
MARC2	TRUE
MARCH1	TRUE
MARCH10	FALSE
MARCH11	FALSE
MARCH2	TRUE
MARCH3	TRUE
MARCH4	FALSE
MARCH5	TRUE
MARCH6	TRUE
MARCH7	TRUE
MARCH8	TRUE
MARCH9	TRUE
MARCKS	TRUE
MARCKSL1	TRUE
MARCO	TRUE
MARCOL	FALSE
MARF1	TRUE
MARK1	TRUE
MARK2	TRUE
MARK3	TRUE
MARK4	TRUE
MARS	TRUE
MARS2	TRUE
MARVELD1	TRUE
MARVELD2	TRUE
MARVELD3	TRUE
MAS1	FALSE
MAS1L	FALSE
MASP1	TRUE
MASP2	TRUE
MAST1	FALSE
MAST2	TRUE
MAST3	TRUE
MAST4	TRUE
MASTL	TRUE
MAT1A	TRUE
MAT2A	TRUE
MAT2B	TRUE
MATK	TRUE
MATN1	FALSE
MATN2	TRUE
MATN3	TRUE
MAU2	TRUE
MAVS	TRUE
MAX	TRUE
MAZ	TRUE
MB	TRUE
MB21D2	TRUE
MBD1	TRUE
MBD2	TRUE
MBD3	TRUE
MBD3L1	FALSE
MBD3L2B	FALSE
MBD4	TRUE
MBD5	TRUE
MBD6	TRUE
MBIP	TRUE
MBL2	TRUE
MBLAC2	TRUE
MBNL1	TRUE
MBNL2	TRUE
MBNL3	TRUE
MBOAT1	TRUE
MBOAT2	TRUE
MBOAT4	TRUE
MBOAT7	TRUE
MBP	TRUE
MBTD1	TRUE
MBTPS1	TRUE
MBTPS2	TRUE
MC1R	TRUE
MC2R	FALSE
MC3R	TRUE
MC4R	FALSE
MC5R	FALSE
MCAM	TRUE
MCAT	TRUE
MCC	TRUE
MCCC1	TRUE
MCCC2	TRUE
MCCD1	FALSE
MCEE	TRUE
MCEMP1	TRUE
MCF2	FALSE
MCF2L	TRUE
MCF2L2	TRUE
MCFD2	TRUE
MCHR1	TRUE
MCHR2	FALSE
MCIDAS	TRUE
MCL1	TRUE
MCM10	TRUE
MCM2	TRUE
MCM3	TRUE
MCM3AP	TRUE
MCM4	TRUE
MCM5	TRUE
MCM6	TRUE
MCM7	TRUE
MCM8	TRUE
MCM9	TRUE
MCMBP	TRUE
MCMDC2	TRUE
MCOLN1	TRUE
MCOLN2	TRUE
MCOLN3	TRUE
MCPH1	TRUE
MCRIP1	TRUE
MCRIP2	TRUE
MCRS1	TRUE
MCTP1	TRUE
MCTP2	TRUE
MCU	TRUE
MCUB	TRUE
MCUR1	TRUE
MDC1	TRUE
MDFI	TRUE
MDFIC	TRUE
MDFIC2	TRUE
MDGA1	TRUE
MDGA2	TRUE
MDH1	TRUE
MDH1B	TRUE
MDH2	TRUE
MDK	TRUE
MDM1	TRUE
MDM2	TRUE
MDM4	TRUE
MDN1	TRUE
MDP1	TRUE
ME1	TRUE
ME2	TRUE
ME3	TRUE
MEA1	TRUE
MEAF6	TRUE
MEAK7	TRUE
MECOM	TRUE
MECP2	TRUE
MECR	TRUE
MED1	TRUE
MED10	TRUE
MED11	TRUE
MED12	TRUE
MED12L	TRUE
MED13	TRUE
MED13L	TRUE
MED14	TRUE
MED15	TRUE
MED16	TRUE
MED17	TRUE
MED18	TRUE
MED19	TRUE
MED20	TRUE
MED21	TRUE
MED22	TRUE
MED23	TRUE
MED24	TRUE
MED25	TRUE
MED26	TRUE
MED27	TRUE
MED28	TRUE
MED29	TRUE
MED30	TRUE
MED31	TRUE
MED4	TRUE
MED6	TRUE
MED7	TRUE
MED8	TRUE
MED9	TRUE
MEDAG	TRUE
MEF2A	TRUE
MEF2B	TRUE
MEF2C	TRUE
MEFV	TRUE
MEGF10	FALSE
MEGF11	FALSE
MEGF6	TRUE
MEGF8	TRUE
MEGF9	TRUE
MEI1	FALSE
MEI4	TRUE
MEIG1	FALSE
MEIKIN	TRUE
MEIOB	FALSE
MEIOC	FALSE
MEIS1	TRUE
MEIS2	TRUE
MEIS3	TRUE
MELK	TRUE
MELTF	TRUE
MEN1	TRUE
MEOX1	TRUE
MEOX2	TRUE
MEP1A	TRUE
MEP1B	TRUE
MEPCE	TRUE
MEPE	FALSE
MERTK	TRUE
MESD	TRUE
MESP1	TRUE
MESP2	TRUE
MET	TRUE
METAP1D	TRUE
METAP2	TRUE
METRN	TRUE
METRNL	TRUE
METTL1	TRUE
METTL11B	FALSE
METTL14	TRUE
METTL16	TRUE
METTL17	TRUE
METTL18	TRUE
METTL21A	TRUE
METTL21C	TRUE
METTL22	TRUE
METTL23	TRUE
METTL24	FALSE
METTL25	TRUE
METTL26	TRUE
METTL27	TRUE
METTL2A	TRUE
METTL3	TRUE
METTL4	TRUE
METTL6	TRUE
METTL7B	TRUE
METTL8	TRUE
METTL9	TRUE
MEX3A	TRUE
MEX3B	TRUE
MEX3C	TRUE
MEX3D	TRUE
MFAP1	TRUE
MFAP2	TRUE
MFAP3	TRUE
MFAP3L	TRUE
MFAP4	TRUE
MFAP5	TRUE
MFF	TRUE
MFGE8	TRUE
MFHAS1	TRUE
MFN1	TRUE
MFN2	TRUE
MFNG	TRUE
MFRP	FALSE
MFSD1	TRUE
MFSD10	TRUE
MFSD11	TRUE
MFSD12	TRUE
MFSD13A	TRUE
MFSD14A	TRUE
MFSD14B	TRUE
MFSD2A	TRUE
MFSD2B	FALSE
MFSD3	TRUE
MFSD4A	TRUE
MFSD4B	TRUE
MFSD5	TRUE
MFSD6	TRUE
MFSD6L	TRUE
MFSD8	TRUE
MFSD9	TRUE
MGA	TRUE
MGAM	TRUE
MGAM2	TRUE
MGARP	TRUE
MGAT1	TRUE
MGAT2	TRUE
MGAT3	TRUE
MGAT4A	TRUE
MGAT4B	TRUE
MGAT4C	TRUE
MGAT4D	FALSE
MGAT5	TRUE
MGAT5B	FALSE
MGLL	TRUE
MGME1	TRUE
MGMT	TRUE
MGP	TRUE
MGRN1	TRUE
MGST1	TRUE
MGST2	TRUE
MGST3	TRUE
MIA	TRUE
MIA2	TRUE
MIA3	TRUE
MIB1	TRUE
MIB2	TRUE
MICA	TRUE
MICAL1	TRUE
MICAL2	TRUE
MICAL3	TRUE
MICALL1	TRUE
MICALL2	TRUE
MICB	TRUE
MICOS10	TRUE
MICOS13	TRUE
MICU1	TRUE
MICU2	TRUE
MICU3	TRUE
MID1	TRUE
MID1IP1	TRUE
MID2	TRUE
MIDN	TRUE
MIEF1	TRUE
MIEF2	TRUE
MIEN1	TRUE
MIER1	TRUE
MIER2	TRUE
MIER3	TRUE
MIF	TRUE
MIF4GD	TRUE
MIGA1	TRUE
MIGA2	TRUE
MIIP	TRUE
MILR1	TRUE
MINAR1	TRUE
MINAR2	FALSE
MINDY1	TRUE
MINDY2	TRUE
MINDY3	TRUE
MINDY4	TRUE
MINDY4B	TRUE
MINK1	TRUE
MINPP1	TRUE
MIOS	TRUE
MIOX	FALSE
MIP	FALSE
MIPEP	TRUE
MIPOL1	TRUE
MIR1915HG	TRUE
MIS12	TRUE
MIS18A	TRUE
MIS18BP1	TRUE
MISP	TRUE
MITD1	TRUE
MITF	TRUE
MIXL1	TRUE
MKI67	TRUE
MKKS	TRUE
MKLN1	TRUE
MKNK1	TRUE
MKNK2	TRUE
MKRN2	TRUE
MKRN2OS	TRUE
MKRN3	FALSE
MKS1	TRUE
MKX	FALSE
MLANA	FALSE
MLC1	FALSE
MLEC	TRUE
MLF1	TRUE
MLF2	TRUE
MLH1	TRUE
MLH3	TRUE
MLIP	TRUE
MLKL	TRUE
MLLT1	TRUE
MLLT10	TRUE
MLLT11	TRUE
MLLT3	TRUE
MLLT6	TRUE
MLN	FALSE
MLNR	FALSE
MLPH	TRUE
MLST8	TRUE
MLXIP	TRUE
MLYCD	TRUE
MMAA	TRUE
MMAB	TRUE
MMACHC	TRUE
MMADHC	TRUE
MMD	TRUE
MMD2	FALSE
MME	TRUE
MMEL1	TRUE
MMGT1	TRUE
MMP1	TRUE
MMP10	TRUE
MMP11	TRUE
MMP12	TRUE
MMP13	FALSE
MMP14	TRUE
MMP15	TRUE
MMP16	TRUE
MMP17	TRUE
MMP19	TRUE
MMP2	TRUE
MMP20	TRUE
MMP21	FALSE
MMP23B	TRUE
MMP24	TRUE
MMP24OS	TRUE
MMP25	TRUE
MMP26	TRUE
MMP27	TRUE
MMP28	TRUE
MMP3	TRUE
MMP7	TRUE
MMP8	TRUE
MMP9	TRUE
MMRN1	TRUE
MMRN2	TRUE
MMS19	TRUE
MMS22L	TRUE
MMUT	TRUE
MN1	TRUE
MNAT1	TRUE
MND1	TRUE
MNDA	TRUE
MNS1	TRUE
MNX1	TRUE
MOAP1	TRUE
MOB1A	TRUE
MOB1B	TRUE
MOB2	TRUE
MOB3A	TRUE
MOB3B	TRUE
MOB3C	TRUE
MOB4	TRUE
MOBP	TRUE
MOCOS	TRUE
MOCS1	TRUE
MOCS2	TRUE
MOCS3	TRUE
MOG	FALSE
MOGAT1	TRUE
MOGAT2	TRUE
MOGAT3	TRUE
MOGS	TRUE
MOK	TRUE
MON1A	TRUE
MON1B	TRUE
MON2	TRUE
MORC1	FALSE
MORC2	TRUE
MORC3	TRUE
MORC4	TRUE
MORF4L1	TRUE
MORF4L2	TRUE
MORN2	TRUE
MORN3	TRUE
MORN4	TRUE
MORN5	FALSE
MOS	TRUE
MOSMO	TRUE
MOSPD1	TRUE
MOSPD2	TRUE
MOSPD3	TRUE
MOV10	TRUE
MOV10L1	TRUE
MOXD1	TRUE
MPC1	TRUE
MPC1L	FALSE
MPC2	TRUE
MPDU1	TRUE
MPDZ	TRUE
MPEG1	TRUE
MPG	TRUE
MPHOSPH10	TRUE
MPHOSPH6	TRUE
MPHOSPH8	TRUE
MPHOSPH9	TRUE
MPI	TRUE
MPIG6B	TRUE
MPL	FALSE
MPLKIP	TRUE
MPND	TRUE
MPO	TRUE
MPP1	TRUE
MPP2	TRUE
MPP3	TRUE
MPP4	FALSE
PALS1	TRUE
MPP6	TRUE
MPP7	TRUE
MPPE1	TRUE
MPPED1	TRUE
MPPED2	TRUE
MPRIP	TRUE
MPST	TRUE
MPV17	TRUE
MPZ	TRUE
MPZL2	TRUE
MPZL3	TRUE
MRAP	FALSE
MRAP2	TRUE
MRAS	TRUE
MRC1	TRUE
MRC2	TRUE
MRE11	TRUE
MREG	TRUE
MRFAP1L1	TRUE
MRGBP	TRUE
MRGPRD	FALSE
MRGPRE	FALSE
MRGPRF	TRUE
MRGPRG	FALSE
MRGPRX1	TRUE
MRGPRX3	FALSE
MRGPRX4	FALSE
MRI1	TRUE
MRLN	FALSE
MRM1	TRUE
MRM2	TRUE
MRM3	TRUE
MRNIP	TRUE
MRO	TRUE
MROH1	TRUE
MROH2A	FALSE
MROH2B	FALSE
MROH6	TRUE
MROH7	TRUE
MROH9	FALSE
MRRF	TRUE
MRS2	TRUE
MRTFA	TRUE
MRTFB	TRUE
MRTO4	TRUE
MRVI1	TRUE
MS4A1	TRUE
MS4A10	FALSE
MS4A12	TRUE
MS4A13	FALSE
MS4A14	TRUE
MS4A15	TRUE
MS4A18	FALSE
MS4A2	FALSE
MS4A3	FALSE
MS4A4A	TRUE
MS4A5	FALSE
MS4A6A	TRUE
MS4A6E	FALSE
MS4A7	TRUE
MS4A8	TRUE
MSANTD1	FALSE
MSANTD3	TRUE
MSANTD4	TRUE
MSC	TRUE
MSGN1	FALSE
MSH2	TRUE
MSH3	TRUE
MSH4	TRUE
MSH5	TRUE
MSH6	TRUE
MSI1	TRUE
MSI2	TRUE
MSL1	TRUE
MSL2	TRUE
MSLN	TRUE
MSLNL	FALSE
MSMB	FALSE
MSMO1	TRUE
MSMP	TRUE
MSN	TRUE
MSR1	TRUE
MSRA	TRUE
MSRB1	TRUE
MSRB2	TRUE
MSRB3	TRUE
MSS51	TRUE
MST1	TRUE
MST1R	TRUE
MSTN	TRUE
MSTO1	TRUE
MSX2	TRUE
MT1A	TRUE
MT1E	TRUE
MT1F	TRUE
MT1G	TRUE
MT1H	TRUE
MT1HL1	FALSE
MT1X	TRUE
MT2A	TRUE
MT3	TRUE
MT4	FALSE
MTA1	TRUE
MTA2	TRUE
MTA3	TRUE
MTAP	TRUE
MTBP	TRUE
MTCH1	TRUE
MTCH2	TRUE
MTCL1	TRUE
MTCP1	TRUE
MTDH	TRUE
MTERF1	TRUE
MTERF2	TRUE
MTERF3	TRUE
MTERF4	TRUE
MTF1	TRUE
MTF2	TRUE
MTFMT	TRUE
MTFP1	TRUE
MTFR1	TRUE
MTFR1L	TRUE
MTFR2	TRUE
MTG1	TRUE
MTG2	TRUE
MTHFD1	TRUE
MTHFD1L	TRUE
MTHFD2	TRUE
MTHFD2L	TRUE
MTHFR	TRUE
MTHFS	TRUE
MTHFSD	TRUE
MTIF2	TRUE
MTIF3	TRUE
MTLN	TRUE
MTM1	TRUE
MTMR1	TRUE
MTMR10	TRUE
MTMR11	TRUE
MTMR12	TRUE
MTMR14	TRUE
MTMR2	TRUE
MTMR3	TRUE
MTMR4	TRUE
MTMR6	TRUE
MTMR7	FALSE
MTMR8	TRUE
MTMR9	TRUE
MTNR1A	FALSE
MTNR1B	FALSE
MTO1	TRUE
MTOR	TRUE
MTPAP	TRUE
MTPN	TRUE
MTR	TRUE
MTRES1	TRUE
MTREX	TRUE
MTRF1	TRUE
MTRF1L	TRUE
MTRR	TRUE
MTSS1	TRUE
MTSS2	TRUE
MTTP	TRUE
MTURN	TRUE
MTUS1	TRUE
MTUS2	FALSE
MTX1	TRUE
MTX2	TRUE
MTX3	TRUE
MUC1	TRUE
MUC12	TRUE
MUC13	TRUE
MUC15	FALSE
MUC16	FALSE
MUC17	TRUE
MUC19	FALSE
MUC2	TRUE
MUC20	TRUE
MUC21	FALSE
MUC22	FALSE
MUC3A	TRUE
MUC4	TRUE
MUC5AC	TRUE
MUC5B	TRUE
MUC6	TRUE
MUC7	FALSE
MUCL1	TRUE
MUCL3	FALSE
MUL1	TRUE
MUS81	TRUE
MUSK	TRUE
MUSTN1	TRUE
MUTYH	TRUE
MVB12A	TRUE
MVB12B	TRUE
MVD	TRUE
MVK	TRUE
MVP	TRUE
MX1	TRUE
MX2	TRUE
MXD1	TRUE
MXD3	TRUE
MXD4	TRUE
MXI1	TRUE
MXRA5	TRUE
MXRA7	TRUE
MXRA8	TRUE
MYADM	TRUE
MYADML2	TRUE
MYB	TRUE
MYBBP1A	TRUE
MYBL1	TRUE
MYBL2	TRUE
MYBPC1	TRUE
MYBPC2	FALSE
MYBPC3	FALSE
MYBPH	FALSE
MYBPHL	FALSE
MYC	TRUE
MYCBP	TRUE
MYCBP2	TRUE
MYCBPAP	TRUE
MYCL	TRUE
MYCN	TRUE
MYCT1	TRUE
MYD88	TRUE
MYDGF	TRUE
MYEF2	TRUE
MYEOV	TRUE
MYF5	FALSE
MYF6	FALSE
MYH1	FALSE
MYH10	TRUE
MYH13	FALSE
MYH14	TRUE
MYH15	TRUE
MYH2	FALSE
MYH3	FALSE
MYH4	FALSE
MYH7	FALSE
MYH7B	TRUE
MYH8	FALSE
MYH9	TRUE
MYL1	FALSE
MYL10	FALSE
MYL12A	TRUE
MYL12B	FALSE
MYL2	FALSE
MYL3	TRUE
MYL4	FALSE
MYL5	TRUE
MYL6B	TRUE
MYL7	FALSE
MYL9	TRUE
MYLIP	TRUE
MYLK	TRUE
MYLK2	TRUE
MYLK3	TRUE
MYLK4	TRUE
MYLPF	FALSE
MYMK	FALSE
MYMX	TRUE
MYNN	TRUE
MYO10	TRUE
MYO15A	FALSE
MYO15B	TRUE
MYO16	TRUE
MYO18A	TRUE
MYO18B	FALSE
MYO19	TRUE
MYO1A	TRUE
MYO1B	TRUE
MYO1C	TRUE
MYO1D	TRUE
MYO1E	TRUE
MYO1F	TRUE
MYO1G	TRUE
MYO1H	FALSE
MYO3A	FALSE
MYO3B	FALSE
MYO5A	TRUE
MYO5B	TRUE
MYO5C	TRUE
MYO6	TRUE
MYO7B	TRUE
MYO9A	TRUE
MYO9B	TRUE
MYOC	FALSE
MYOCD	FALSE
MYOCOS	FALSE
MYOD1	TRUE
MYOF	TRUE
MYOG	FALSE
MYOM1	TRUE
MYOM2	FALSE
MYOM3	TRUE
MYORG	TRUE
MYOT	FALSE
MYOZ1	TRUE
MYOZ2	FALSE
MYOZ3	FALSE
MYPN	FALSE
MYPOP	TRUE
MYRF	TRUE
MYRFL	FALSE
MYRIP	TRUE
MYSM1	TRUE
MYT1	TRUE
MZB1	TRUE
MZF1	TRUE
MZT1	TRUE
N4BP1	TRUE
N4BP2	TRUE
N4BP2L1	TRUE
N4BP2L2	TRUE
N4BP3	TRUE
NAA11	FALSE
NAA15	TRUE
NAA16	TRUE
NAA20	TRUE
NAA25	TRUE
NAA30	TRUE
NAA35	TRUE
NAA38	TRUE
NAA50	TRUE
NAA60	TRUE
NAA80	TRUE
NAAA	TRUE
NAALAD2	TRUE
NAALADL1	TRUE
NAALADL2	TRUE
NAB1	TRUE
NAB2	TRUE
NABP1	TRUE
NABP2	TRUE
NACAD	TRUE
NACC1	TRUE
NACC2	TRUE
NADK	TRUE
NADK2	TRUE
NAE1	TRUE
NAF1	TRUE
NAGA	TRUE
NAGK	TRUE
NAGLU	TRUE
NAGPA	TRUE
NAGS	TRUE
NAIF1	TRUE
NALCN	TRUE
NAMPT	TRUE
NANOGNB	FALSE
NANOS1	TRUE
NANOS2	FALSE
NANOS3	TRUE
NANP	TRUE
NANS	TRUE
NAP1L2	TRUE
NAP1L3	TRUE
NAP1L4	TRUE
NAP1L5	TRUE
NAPA	TRUE
NAPB	TRUE
NAPEPLD	TRUE
NAPG	TRUE
NAPRT	TRUE
NAPSA	FALSE
NARF	TRUE
NARS	TRUE
NARS2	TRUE
NASP	TRUE
NAT1	TRUE
NAT10	TRUE
NAT14	TRUE
NAT16	TRUE
NAT2	TRUE
NAT8	TRUE
NAT8L	TRUE
NAT9	TRUE
NATD1	TRUE
NAV1	TRUE
NAV2	TRUE
NAV3	TRUE
NAXD	TRUE
NAXE	TRUE
NBAS	TRUE
NBDY	TRUE
NBEA	TRUE
NBEAL1	TRUE
NBEAL2	TRUE
NBL1	TRUE
NBN	TRUE
NBPF1	TRUE
NBPF19	FALSE
NBPF20	TRUE
NBR1	TRUE
NCALD	TRUE
NCAM1	TRUE
NCAM2	TRUE
NCAN	FALSE
NCAPD2	TRUE
NCAPD3	TRUE
NCAPG	TRUE
NCAPG2	TRUE
NCAPH	TRUE
NCAPH2	TRUE
NCBP1	TRUE
NCBP2	TRUE
NCBP2AS2	TRUE
NCBP2L	FALSE
NCBP3	TRUE
NCCRP1	TRUE
NCDN	TRUE
NCEH1	TRUE
NCF2	TRUE
NCF4	TRUE
NCK1	TRUE
NCK2	TRUE
NCKAP1	TRUE
NCKAP1L	TRUE
NCKAP5	TRUE
NCKAP5L	TRUE
NCKIPSD	TRUE
NCL	TRUE
NCLN	TRUE
NCMAP	TRUE
NCOA1	TRUE
NCOA2	TRUE
NCOA3	TRUE
NCOA4	TRUE
NCOA5	TRUE
NCOA6	TRUE
NCOA7	TRUE
NCOR1	TRUE
NCOR2	TRUE
NCR1	FALSE
NCR2	TRUE
NCR3	TRUE
NCR3LG1	TRUE
NCS1	TRUE
NCSTN	TRUE
NDC1	TRUE
NDC80	TRUE
NDE1	TRUE
NDEL1	TRUE
NDFIP1	TRUE
NDFIP2	TRUE
NDN	TRUE
NDNF	TRUE
NDOR1	TRUE
NDP	TRUE
NDRG1	TRUE
NDRG2	TRUE
NDRG3	TRUE
NDRG4	TRUE
NDST1	TRUE
NDST2	TRUE
NDST4	FALSE
NDUFA1	TRUE
NDUFA10	TRUE
NDUFA11	TRUE
NDUFA12	TRUE
NDUFA13	TRUE
NDUFA2	TRUE
NDUFA3	TRUE
NDUFA4	TRUE
NDUFA4L2	TRUE
NDUFA6	TRUE
NDUFA7	TRUE
NDUFA8	TRUE
NDUFA9	TRUE
NDUFAB1	TRUE
NDUFAF1	TRUE
NDUFAF2	TRUE
NDUFAF3	TRUE
NDUFAF4	TRUE
NDUFAF5	TRUE
NDUFAF6	TRUE
NDUFAF7	TRUE
NDUFAF8	TRUE
NDUFB10	TRUE
NDUFB11	TRUE
NDUFB2	TRUE
NDUFB5	TRUE
NDUFB6	TRUE
NDUFB7	TRUE
NDUFB9	TRUE
NDUFC1	TRUE
NDUFC2	TRUE
NDUFS1	TRUE
NDUFS2	TRUE
NDUFS3	TRUE
NDUFS4	TRUE
NDUFS5	TRUE
NDUFS6	TRUE
NDUFS7	TRUE
NDUFS8	TRUE
NDUFV1	TRUE
NDUFV2	TRUE
NDUFV3	TRUE
NEB	TRUE
NEBL	TRUE
NECAB2	FALSE
NECAB3	TRUE
NECAP2	TRUE
NECTIN1	TRUE
NECTIN2	TRUE
NECTIN3	TRUE
NECTIN4	TRUE
NEDD1	TRUE
NEDD4	TRUE
NEDD4L	TRUE
NEDD8	TRUE
NEDD9	TRUE
NEFH	FALSE
NEFL	TRUE
NEFM	FALSE
NEGR1	TRUE
NEIL1	TRUE
NEIL2	TRUE
NEIL3	TRUE
NEK1	TRUE
NEK10	TRUE
NEK11	TRUE
NEK3	TRUE
NEK4	TRUE
NEK6	TRUE
NEK7	TRUE
NEK8	TRUE
NEK9	TRUE
NELFA	TRUE
NELFB	TRUE
NELFCD	TRUE
NELFE	TRUE
NELL1	TRUE
NELL2	TRUE
NEMF	TRUE
NEMP1	TRUE
NEMP2	TRUE
NENF	TRUE
NEO1	TRUE
NEPRO	TRUE
NES	TRUE
NET1	TRUE
NETO1	FALSE
NETO2	TRUE
NEU1	TRUE
NEU2	TRUE
NEU3	TRUE
NEU4	TRUE
NEURL1	TRUE
NEURL1B	TRUE
NEURL2	TRUE
NEURL3	TRUE
NEURL4	TRUE
NEUROD1	FALSE
NEUROD2	FALSE
NEUROD4	FALSE
NEUROD6	TRUE
NEUROG1	FALSE
NEUROG2	TRUE
NEUROG3	TRUE
NEXMIF	FALSE
NEXN	TRUE
NF1	TRUE
NF2	TRUE
NFAM1	TRUE
NFASC	TRUE
NFAT5	TRUE
NFATC1	TRUE
NFATC2	TRUE
NFATC2IP	TRUE
NFATC3	TRUE
NFATC4	TRUE
NFE2	TRUE
NFE2L1	TRUE
NFE2L2	TRUE
NFE2L3	TRUE
NFIA	TRUE
NFIB	TRUE
NFIC	TRUE
NFIL3	TRUE
NFIX	TRUE
NFKB1	TRUE
NFKB2	TRUE
NFKBIA	TRUE
NFKBIB	TRUE
NFKBID	TRUE
NFKBIE	TRUE
NFKBIL1	TRUE
NFKBIZ	TRUE
NFRKB	TRUE
NFS1	TRUE
NFX1	TRUE
NFXL1	TRUE
NFYA	TRUE
NFYB	TRUE
NFYC	TRUE
NGB	FALSE
NGDN	TRUE
NGEF	TRUE
NGF	TRUE
NGFR	TRUE
NGLY1	TRUE
NGRN	TRUE
NHEJ1	TRUE
NHLH1	TRUE
NHLH2	TRUE
NHLRC1	TRUE
NHLRC2	TRUE
NHLRC3	TRUE
NHLRC4	TRUE
NHP2	TRUE
NHS	TRUE
NHSL1	TRUE
NHSL2	TRUE
NIBAN1	TRUE
NIBAN2	TRUE
NIBAN3	TRUE
NID1	TRUE
NID2	TRUE
NIF3L1	TRUE
NIFK	TRUE
NIM1K	FALSE
NIN	TRUE
NINJ1	TRUE
NINJ2	TRUE
NINL	TRUE
NIPA1	TRUE
NIPA2	TRUE
NIPAL1	TRUE
NIPAL2	TRUE
NIPAL3	TRUE
NIPAL4	TRUE
NIPBL	TRUE
NIPSNAP1	TRUE
NIPSNAP2	TRUE
NIPSNAP3A	TRUE
NIPSNAP3B	TRUE
NISCH	TRUE
NIT1	TRUE
NIT2	TRUE
NKAIN1	FALSE
NKAIN2	FALSE
NKAIN3	FALSE
NKAIN4	TRUE
NKAP	TRUE
NKAPD1	TRUE
NKAPL	TRUE
NKD1	TRUE
NKD2	TRUE
NKG7	TRUE
NKIRAS1	TRUE
NKIRAS2	TRUE
NKPD1	TRUE
NKRF	TRUE
NKTR	TRUE
NKX1-1	FALSE
NKX2-1	TRUE
NKX2-2	TRUE
NKX2-3	FALSE
NKX2-4	FALSE
NKX2-5	FALSE
NKX2-6	FALSE
NKX2-8	FALSE
NKX3-1	TRUE
NKX3-2	TRUE
NKX6-1	FALSE
NKX6-2	TRUE
NKX6-3	TRUE
NLE1	TRUE
NLGN1	FALSE
NLGN2	TRUE
NLGN3	TRUE
NLGN4X	TRUE
NLK	TRUE
NLN	TRUE
NLRC3	TRUE
NLRC4	TRUE
NLRC5	TRUE
NLRP1	TRUE
NLRP10	FALSE
NLRP11	TRUE
NLRP12	TRUE
NLRP13	FALSE
NLRP14	FALSE
NLRP2	TRUE
NLRP3	TRUE
NLRP4	FALSE
NLRP5	FALSE
NLRP6	TRUE
NLRP7	FALSE
NLRP8	FALSE
NLRP9	FALSE
NLRX1	TRUE
NMB	TRUE
NMBR	TRUE
NMD3	TRUE
NME1	TRUE
NME2	TRUE
NME3	TRUE
NME4	TRUE
NME5	TRUE
NME6	TRUE
NME7	TRUE
NME8	TRUE
NME9	FALSE
NMI	TRUE
NMNAT1	TRUE
NMNAT2	TRUE
NMRAL1	TRUE
NMRK1	TRUE
NMRK2	FALSE
NMS	FALSE
NMT1	TRUE
NMT2	TRUE
NMU	TRUE
NMUR1	TRUE
NMUR2	FALSE
NNAT	TRUE
NNMT	TRUE
NNT	TRUE
NOA1	TRUE
NOB1	TRUE
NOBOX	FALSE
NOC2L	TRUE
NOC3L	TRUE
NOC4L	TRUE
NOCT	TRUE
NOD1	TRUE
NOD2	TRUE
NODAL	TRUE
NOG	TRUE
NOL10	TRUE
NOL11	TRUE
NOL12	TRUE
NOL3	TRUE
NOL4	FALSE
NOL4L	TRUE
NOL6	TRUE
NOL7	TRUE
NOL8	TRUE
NOL9	TRUE
NOM1	TRUE
NOMO1	TRUE
NONO	TRUE
NOP10	TRUE
NOP14	TRUE
NOP16	TRUE
NOP2	TRUE
NOP53	TRUE
NOP56	TRUE
NOP58	TRUE
NOP9	TRUE
NOS1	FALSE
NOS1AP	TRUE
NOS2	TRUE
NOS3	TRUE
NOSIP	TRUE
NOSTRIN	TRUE
NOTCH1	TRUE
NOTCH2	TRUE
NOTCH3	TRUE
NOTO	FALSE
NOTUM	TRUE
NOVA1	TRUE
NOVA2	TRUE
NOX1	TRUE
NOX3	FALSE
NOX4	TRUE
NOX5	FALSE
NOXA1	TRUE
NOXO1	TRUE
NOXRED1	TRUE
NPAP1	FALSE
NPAS1	FALSE
NPAS2	TRUE
NPAS3	TRUE
NPAS4	FALSE
NPAT	TRUE
NPB	TRUE
NPBWR1	TRUE
NPBWR2	TRUE
NPC1	TRUE
NPC1L1	TRUE
NPC2	TRUE
NPDC1	TRUE
NPEPL1	TRUE
NPEPPS	TRUE
NPFFR1	FALSE
NPFFR2	FALSE
NPHP1	TRUE
NPHP3	TRUE
NPHP4	TRUE
NPHS1	FALSE
NPHS2	FALSE
NPIPB15	TRUE
NPIPB2	FALSE
NPL	TRUE
NPLOC4	TRUE
NPM2	TRUE
NPM3	TRUE
NPNT	TRUE
NPPA	FALSE
NPPB	FALSE
NPPC	TRUE
NPR1	TRUE
NPR2	TRUE
NPR3	TRUE
NPRL2	TRUE
NPRL3	TRUE
NPS	TRUE
NPSR1	TRUE
NPTN	TRUE
NPTX1	TRUE
NPTX2	TRUE
NPTXR	TRUE
NPVF	TRUE
NPW	TRUE
NPY	FALSE
NPY1R	TRUE
NPY2R	FALSE
NPY5R	TRUE
NQO1	TRUE
NQO2	TRUE
NR0B1	FALSE
NR0B2	TRUE
NR1D1	TRUE
NR1D2	TRUE
NR1H2	TRUE
NR1H3	TRUE
NR1H4	TRUE
NR1I2	TRUE
NR1I3	TRUE
NR2C1	TRUE
NR2C2	TRUE
NR2C2AP	TRUE
NR2E1	FALSE
NR2E3	FALSE
NR2F1	TRUE
NR2F2	TRUE
NR2F6	TRUE
NR3C1	TRUE
NR3C2	TRUE
NR4A1	TRUE
NR4A2	TRUE
NR4A3	TRUE
NR5A1	TRUE
NR5A2	TRUE
NR6A1	TRUE
NRAP	TRUE
NRARP	TRUE
NRAS	TRUE
NRBF2	TRUE
NRBP2	TRUE
NRCAM	TRUE
NRDC	TRUE
NRDE2	TRUE
NREP	TRUE
NRF1	TRUE
NRG1	TRUE
NRG2	FALSE
NRG3	TRUE
NRG4	FALSE
NRGN	TRUE
NRIP1	TRUE
NRIP3	TRUE
NRK	TRUE
NRL	TRUE
NRM	TRUE
NRN1	TRUE
NRN1L	TRUE
NRP1	TRUE
NRP2	TRUE
NRROS	TRUE
NRSN1	TRUE
NRSN2	TRUE
NRTN	TRUE
NRXN1	TRUE
NRXN2	TRUE
NRXN3	TRUE
NSA2	TRUE
NSD1	TRUE
NSD2	TRUE
NSD3	TRUE
NSDHL	TRUE
NSF	TRUE
NSFL1C	TRUE
NSG1	TRUE
NSG2	FALSE
NSL1	TRUE
NSMAF	TRUE
NSMCE1	TRUE
NSMCE2	TRUE
NSMCE3	TRUE
NSMCE4A	TRUE
NSMF	TRUE
NSUN2	TRUE
NSUN3	TRUE
NSUN4	TRUE
NSUN5	TRUE
NSUN6	TRUE
NSUN7	TRUE
NT5C	TRUE
NT5C1A	FALSE
NT5C1B	FALSE
NT5C2	TRUE
NT5C3B	TRUE
NT5DC1	TRUE
NT5DC2	TRUE
NT5DC3	TRUE
NT5DC4	TRUE
NT5E	TRUE
NT5M	TRUE
NTAN1	TRUE
NTF3	TRUE
NTHL1	TRUE
NTM	TRUE
NTMT1	TRUE
NTN1	TRUE
NTN3	FALSE
NTN4	TRUE
NTNG1	TRUE
NTNG2	TRUE
NTPCR	TRUE
NTRK1	TRUE
NTRK2	TRUE
NTRK3	FALSE
NTS	TRUE
NTSR1	TRUE
NTSR2	FALSE
NUAK1	TRUE
NUAK2	TRUE
NUB1	TRUE
NUBP1	TRUE
NUBP2	TRUE
NUBPL	TRUE
NUCB1	TRUE
NUCB2	TRUE
NUCKS1	TRUE
NUDC	TRUE
NUDCD1	TRUE
NUDCD2	TRUE
NUDCD3	TRUE
NUDT1	TRUE
NUDT10	TRUE
NUDT11	FALSE
NUDT12	TRUE
NUDT13	TRUE
NUDT14	TRUE
NUDT15	TRUE
NUDT16	TRUE
NUDT16L1	TRUE
NUDT17	TRUE
NUDT18	TRUE
NUDT19	TRUE
NUDT2	TRUE
NUDT21	TRUE
NUDT22	TRUE
NUDT3	TRUE
NUDT5	TRUE
NUDT7	TRUE
NUDT8	TRUE
NUDT9	TRUE
NUF2	TRUE
NUFIP2	TRUE
NUGGC	TRUE
NUMA1	TRUE
NUMB	TRUE
NUMBL	TRUE
NUP107	TRUE
NUP133	TRUE
NUP153	TRUE
NUP155	TRUE
NUP160	TRUE
NUP188	TRUE
NUP205	TRUE
NUP210	TRUE
NUP210L	FALSE
NUP214	TRUE
NUP35	TRUE
NUP37	TRUE
NUP42	TRUE
NUP43	TRUE
NUP50	TRUE
NUP54	TRUE
NUP58	TRUE
NUP62	TRUE
NUP62CL	TRUE
NUP85	TRUE
NUP88	TRUE
NUP93	TRUE
NUP98	TRUE
NUPR1	TRUE
NUPR2	FALSE
NUS1	TRUE
NUSAP1	TRUE
NUTF2	TRUE
NUTM1	FALSE
NUTM2A	TRUE
NVL	TRUE
NWD1	TRUE
NWD2	FALSE
NXF1	TRUE
NXF3	FALSE
NXF5	FALSE
NXN	TRUE
NXNL1	FALSE
NXNL2	TRUE
NXPE1	TRUE
NXPE2	TRUE
NXPE3	TRUE
NXPE4	TRUE
NXPH1	TRUE
NXPH2	FALSE
NXPH3	TRUE
NXPH4	TRUE
NXT1	TRUE
NXT2	TRUE
NYAP1	TRUE
NYAP2	TRUE
NYNRIN	TRUE
NYX	FALSE
OAF	TRUE
OARD1	TRUE
OAS1	TRUE
OAS2	TRUE
OAS3	TRUE
OASL	TRUE
OAT	TRUE
OAZ1	TRUE
OAZ2	TRUE
OAZ3	TRUE
OBI1	TRUE
OBP2A	FALSE
OBSCN	TRUE
OBSL1	TRUE
OC90	TRUE
OCA2	TRUE
OCEL1	TRUE
OCIAD1	TRUE
OCIAD2	TRUE
OCLN	TRUE
OCM2	TRUE
OCRL	TRUE
OCSTAMP	TRUE
ODAM	TRUE
ODAPH	FALSE
ODC1	TRUE
ODF1	TRUE
ODF2	TRUE
ODF2L	FALSE
ODF3	FALSE
ODF3B	TRUE
ODF3L1	TRUE
ODF3L2	TRUE
ODF4	FALSE
ODR4	TRUE
OFD1	TRUE
OGA	TRUE
OGDH	TRUE
OGDHL	TRUE
OGFOD1	TRUE
OGFOD2	TRUE
OGFOD3	TRUE
OGFR	TRUE
OGFRL1	TRUE
OGG1	TRUE
OGN	TRUE
OGT	TRUE
OIP5	TRUE
OIT3	TRUE
OLAH	FALSE
OLFM1	TRUE
OLFM2	TRUE
OLFM3	FALSE
OLFM4	TRUE
OLFML1	TRUE
OLFML2A	TRUE
OLFML2B	TRUE
OLFML3	TRUE
OLIG2	TRUE
OLIG3	TRUE
OLR1	TRUE
OMA1	TRUE
OMD	TRUE
OMG	FALSE
OMP	TRUE
ONECUT1	TRUE
ONECUT2	TRUE
ONECUT3	FALSE
OOEP	FALSE
OOSP1	FALSE
OOSP2	FALSE
OOSP3	TRUE
OOSP4A	FALSE
OOSP4B	FALSE
OPA1	TRUE
OPA3	TRUE
OPALIN	FALSE
OPCML	FALSE
OPHN1	TRUE
OPLAH	TRUE
OPN1LW	FALSE
OPN1SW	TRUE
OPN3	TRUE
OPN4	FALSE
OPN5	FALSE
OPRD1	TRUE
OPRK1	FALSE
OPRL1	TRUE
OPRM1	FALSE
OPRPN	FALSE
OPTC	FALSE
OPTN	TRUE
OR10A2	FALSE
OR10A3	TRUE
OR10A4	TRUE
OR10A5	FALSE
OR10A6	FALSE
OR10A7	FALSE
OR10AD1	FALSE
OR10AG1	FALSE
OR10C1	FALSE
OR10D3	FALSE
OR10G2	FALSE
OR10G3	FALSE
OR10G4	FALSE
OR10G6	FALSE
OR10G7	FALSE
OR10G8	FALSE
OR10H1	FALSE
OR10H2	FALSE
OR10H3	FALSE
OR10H4	FALSE
OR10H5	FALSE
OR10J1	FALSE
OR10J5	FALSE
OR10K1	FALSE
OR10K2	FALSE
OR10P1	FALSE
OR10Q1	TRUE
OR10R2	FALSE
OR10S1	FALSE
OR10T2	FALSE
OR10V1	FALSE
OR10W1	FALSE
OR10X1	FALSE
OR10Z1	FALSE
OR11A1	FALSE
OR11G2	FALSE
OR11H4	FALSE
OR11H6	FALSE
OR11L1	FALSE
OR12D2	TRUE
OR12D3	FALSE
OR13A1	FALSE
OR13C3	FALSE
OR13C4	FALSE
OR13C5	FALSE
OR13C8	FALSE
OR13C9	FALSE
OR13D1	FALSE
OR13F1	FALSE
OR13G1	FALSE
OR13H1	FALSE
OR13J1	FALSE
OR14A16	FALSE
OR14A2	FALSE
OR14C36	FALSE
OR14I1	FALSE
OR14J1	TRUE
OR14K1	FALSE
OR1A1	FALSE
OR1A2	FALSE
OR1B1	FALSE
OR1C1	FALSE
OR1D2	FALSE
OR1D5	FALSE
OR1E1	FALSE
OR1G1	FALSE
OR1I1	FALSE
OR1J1	FALSE
OR1K1	FALSE
OR1L1	FALSE
OR1L3	FALSE
OR1L4	FALSE
OR1L6	FALSE
OR1L8	FALSE
OR1M1	FALSE
OR1N1	FALSE
OR1N2	FALSE
OR1Q1	FALSE
OR1S1	FALSE
OR1S2	FALSE
OR2A12	FALSE
OR2A14	FALSE
OR2A2	TRUE
OR2A25	FALSE
OR2A5	FALSE
OR2AE1	TRUE
OR2AG1	FALSE
OR2AG2	TRUE
OR2AJ1	FALSE
OR2AK2	FALSE
OR2AP1	FALSE
OR2AT4	FALSE
OR2B11	FALSE
OR2B2	FALSE
OR2B3	FALSE
OR2B6	FALSE
OR2C1	FALSE
OR2C3	FALSE
OR2D3	FALSE
OR2F1	TRUE
OR2F2	TRUE
OR2G2	FALSE
OR2G3	FALSE
OR2G6	FALSE
OR2H1	FALSE
OR2H2	FALSE
OR2I1P	TRUE
OR2J2	TRUE
OR2J3	FALSE
OR2K2	TRUE
OR2L13	FALSE
OR2L2	FALSE
OR2L3	FALSE
OR2L5	FALSE
OR2M2	FALSE
OR2M3	FALSE
OR2M4	FALSE
OR2M5	FALSE
OR2M7	FALSE
OR2S2	FALSE
OR2T1	FALSE
OR2T10	FALSE
OR2T11	FALSE
OR2T12	TRUE
OR2T2	FALSE
OR2T27	FALSE
OR2T4	TRUE
OR2T6	FALSE
OR2T8	FALSE
OR2V1	FALSE
OR2V2	FALSE
OR2W1	FALSE
OR2Y1	FALSE
OR2Z1	FALSE
OR3A1	FALSE
OR3A2	FALSE
OR3A3	FALSE
OR4A15	FALSE
OR4A47	FALSE
OR4A5	FALSE
OR4B1	FALSE
OR4C11	FALSE
OR4C12	FALSE
OR4C13	FALSE
OR4C15	FALSE
OR4C16	FALSE
OR4C3	FALSE
OR4C46	FALSE
OR4C5	FALSE
OR4C6	FALSE
OR4D1	FALSE
OR4D10	FALSE
OR4D11	FALSE
OR4D2	FALSE
OR4D5	FALSE
OR4D6	FALSE
OR4D9	FALSE
OR4E1	FALSE
OR4E2	FALSE
OR4F15	FALSE
OR4F21	TRUE
OR4F4	FALSE
OR4F6	FALSE
OR4K1	TRUE
OR4K13	FALSE
OR4K14	FALSE
OR4K15	TRUE
OR4K17	FALSE
OR4K2	TRUE
OR4K5	TRUE
OR4L1	FALSE
OR4M1	FALSE
OR4N5	FALSE
OR4P4	FALSE
OR4Q3	FALSE
OR4S1	FALSE
OR4S2	FALSE
OR4X1	FALSE
OR4X2	FALSE
OR51A2	FALSE
OR51A4	FALSE
OR51A7	FALSE
OR51B5	FALSE
OR51B6	FALSE
OR51C1P	FALSE
OR51D1	FALSE
OR51E1	TRUE
OR51E2	FALSE
OR51F1	FALSE
OR51F2	FALSE
OR51G1	FALSE
OR51G2	FALSE
OR51L1	FALSE
OR51Q1	FALSE
OR51S1	FALSE
OR51T1	FALSE
OR51V1	FALSE
OR52A1	FALSE
OR52A5	FALSE
OR52B2	TRUE
OR52B4	FALSE
OR52B6	FALSE
OR52D1	FALSE
OR52E2	FALSE
OR52E4	FALSE
OR52E5	FALSE
OR52E8	FALSE
OR52H1	FALSE
OR52I1	FALSE
OR52I2	FALSE
OR52J3	FALSE
OR52K1	FALSE
OR52K2	FALSE
OR52L1	FALSE
OR52M1	FALSE
OR52N1	FALSE
OR52N2	FALSE
OR52N4	FALSE
OR52N5	FALSE
OR52R1	FALSE
OR52W1	FALSE
OR56A1	FALSE
OR56A3	FALSE
OR56A4	FALSE
OR56A5	FALSE
OR56B1	FALSE
OR56B4	FALSE
OR5A1	FALSE
OR5A2	FALSE
OR5AC2	FALSE
OR5AK2	FALSE
OR5AN1	FALSE
OR5AP2	FALSE
OR5AR1	FALSE
OR5AS1	FALSE
OR5AU1	FALSE
OR5B12	FALSE
OR5B17	FALSE
OR5B2	FALSE
OR5B21	TRUE
OR5B3	FALSE
OR5BS1P	FALSE
OR5C1	FALSE
OR5D13	FALSE
OR5D14	FALSE
OR5D16	FALSE
OR5D18	FALSE
OR5D3P	FALSE
OR5F1	FALSE
OR5H15	FALSE
OR5H2	FALSE
OR5H6	FALSE
OR5I1	FALSE
OR5J2	FALSE
OR5K2	FALSE
OR5K3	FALSE
OR5K4	FALSE
OR5L1	FALSE
OR5L2	FALSE
OR5M1	FALSE
OR5M10	FALSE
OR5M11	FALSE
OR5M3	FALSE
OR5M8	FALSE
OR5M9	FALSE
OR5P2	FALSE
OR5R1	FALSE
OR5T1	FALSE
OR5T2	FALSE
OR5T3	FALSE
OR5V1	FALSE
OR5W2	FALSE
OR6A2	TRUE
OR6B1	FALSE
OR6B2	FALSE
OR6B3	FALSE
OR6C1	FALSE
OR6C2	FALSE
OR6C3	FALSE
OR6C4	FALSE
OR6C6	FALSE
OR6C65	FALSE
OR6C68	FALSE
OR6C70	FALSE
OR6C74	FALSE
OR6C75	FALSE
OR6C76	FALSE
OR6F1	FALSE
OR6J1	FALSE
OR6K2	FALSE
OR6K3	FALSE
OR6K6	FALSE
OR6M1	FALSE
OR6N1	FALSE
OR6N2	FALSE
OR6P1	TRUE
OR6Q1	FALSE
OR6S1	FALSE
OR6T1	FALSE
OR6V1	TRUE
OR6X1	FALSE
OR6Y1	FALSE
OR7A10	FALSE
OR7A17	FALSE
OR7A5	FALSE
OR7C1	FALSE
OR7C2	FALSE
OR7D2	FALSE
OR7D4	FALSE
OR7E24	FALSE
OR7G1	FALSE
OR7G2	FALSE
OR7G3	FALSE
OR8A1	FALSE
OR8B12	FALSE
OR8B4	FALSE
OR8B8	FALSE
OR8D1	FALSE
OR8D2	FALSE
OR8D4	FALSE
OR8G1	FALSE
OR8G5	FALSE
OR8H1	FALSE
OR8H2	FALSE
OR8H3	FALSE
OR8I2	FALSE
OR8J1	FALSE
OR8J3	FALSE
OR8K1	FALSE
OR8K3	FALSE
OR8K5	FALSE
OR8S1	FALSE
OR8U1	FALSE
OR9A4	FALSE
OR9G1	FALSE
OR9G4	FALSE
OR9I1	TRUE
OR9K2	FALSE
OR9Q1	FALSE
OR9Q2	FALSE
ORAI1	TRUE
ORAI2	TRUE
ORAI3	TRUE
ORC1	TRUE
ORC2	TRUE
ORC3	TRUE
ORC4	TRUE
ORC5	TRUE
ORC6	TRUE
ORM1	TRUE
ORM2	TRUE
ORMDL1	TRUE
ORMDL2	TRUE
ORMDL3	TRUE
OS9	TRUE
OSBP	TRUE
OSBP2	TRUE
OSBPL10	TRUE
OSBPL11	TRUE
OSBPL1A	TRUE
OSBPL2	TRUE
OSBPL3	TRUE
OSBPL5	TRUE
OSBPL6	TRUE
OSBPL7	TRUE
OSBPL8	TRUE
OSBPL9	TRUE
OSCAR	TRUE
OSCP1	TRUE
OSER1	TRUE
OSGEP	TRUE
OSGEPL1	TRUE
OSGIN1	TRUE
OSGIN2	TRUE
OSM	TRUE
OSMR	TRUE
OSR1	TRUE
OSR2	TRUE
OST4	TRUE
OSTF1	TRUE
OSTM1	TRUE
OSTN	FALSE
OTC	TRUE
OTOA	FALSE
OTOF	FALSE
OTOG	FALSE
OTOGL	FALSE
OTOL1	FALSE
OTOP1	FALSE
OTOP2	FALSE
OTOP3	FALSE
OTOR	FALSE
OTOS	FALSE
OTP	FALSE
OTUB1	TRUE
OTUB2	TRUE
OTUD1	TRUE
OTUD3	TRUE
OTUD4	TRUE
OTUD5	TRUE
OTUD6A	FALSE
OTUD6B	TRUE
OTUD7A	TRUE
OTUD7B	TRUE
OTULIN	TRUE
OTULINL	TRUE
OTX1	TRUE
OTX2	TRUE
OVCH1	FALSE
OVCH2	FALSE
OVGP1	TRUE
OVOL2	TRUE
OVOL3	FALSE
OXA1L	TRUE
OXCT1	TRUE
OXCT2	TRUE
OXER1	TRUE
OXGR1	TRUE
OXLD1	TRUE
OXNAD1	TRUE
OXR1	TRUE
OXSM	TRUE
OXSR1	TRUE
OXT	TRUE
OXTR	TRUE
P2RX1	TRUE
P2RX2	FALSE
P2RX3	FALSE
P2RX4	TRUE
P2RX5	TRUE
P2RX6	FALSE
P2RX7	TRUE
P2RY1	TRUE
P2RY10	TRUE
P2RY11	TRUE
P2RY12	TRUE
P2RY13	TRUE
P2RY14	TRUE
P2RY2	TRUE
P2RY6	TRUE
P2RY8	TRUE
P3H1	TRUE
P3H2	TRUE
P3H3	TRUE
P3H4	TRUE
P3R3URF	FALSE
P4HA1	TRUE
P4HA2	TRUE
P4HA3	TRUE
P4HB	TRUE
P4HTM	TRUE
PA2G4	TRUE
PAAF1	TRUE
PABPC1L	TRUE
PABPC1L2A	FALSE
PABPC3	FALSE
PABPC4	TRUE
PABPC4L	TRUE
PABPC5	TRUE
PABPN1L	FALSE
PACC1	TRUE
PACRG	TRUE
PACRGL	TRUE
PACS1	TRUE
PACS2	TRUE
PACSIN1	FALSE
PACSIN2	TRUE
PACSIN3	TRUE
PADI1	TRUE
PADI2	TRUE
PADI3	FALSE
PADI4	FALSE
PADI6	FALSE
PAEP	TRUE
PAF1	TRUE
PAFAH1B1	TRUE
PAFAH1B2	TRUE
PAFAH1B3	TRUE
PAFAH2	TRUE
PAG1	TRUE
PAGE1	FALSE
PAGE2	FALSE
PAGE3	FALSE
PAGE4	FALSE
PAGR1	TRUE
PAH	TRUE
PAICS	TRUE
PAIP1	TRUE
PAIP2	TRUE
PAIP2B	TRUE
PAK1	TRUE
PAK1IP1	TRUE
PAK2	TRUE
PAK3	FALSE
PAK4	TRUE
PAK5	FALSE
PAK6	TRUE
PALB2	TRUE
PALD1	TRUE
PALLD	TRUE
PALM	TRUE
PALM2-AKAP2	TRUE
PALM3	TRUE
PALMD	TRUE
PAM	TRUE
PAM16	TRUE
PAMR1	TRUE
PAN2	TRUE
PAN3	TRUE
PANK1	TRUE
PANK2	TRUE
PANK3	TRUE
PANK4	TRUE
PANO1	TRUE
PANX1	TRUE
PANX2	TRUE
PANX3	TRUE
PAOX	TRUE
PAPLN	TRUE
PAPOLA	TRUE
PAPOLB	TRUE
PAPOLG	TRUE
PAPPA	TRUE
PAPPA2	TRUE
PAPSS1	TRUE
PAPSS2	TRUE
PAQR3	TRUE
PAQR4	TRUE
PAQR5	TRUE
PAQR6	TRUE
PAQR7	TRUE
PAQR8	TRUE
PAQR9	TRUE
PARD3	TRUE
PARD3B	TRUE
PARD6A	TRUE
PARD6B	TRUE
PARD6G	TRUE
PARG	TRUE
PARL	TRUE
PARM1	TRUE
PARN	TRUE
PARP10	TRUE
PARP11	TRUE
PARP12	TRUE
PARP14	TRUE
PARP15	TRUE
PARP16	TRUE
PARP2	TRUE
PARP3	TRUE
PARP4	TRUE
PARP6	TRUE
PARP8	TRUE
PARP9	TRUE
PARPBP	TRUE
PARS2	TRUE
PARVA	TRUE
PARVB	TRUE
PARVG	TRUE
PASD1	FALSE
PASK	TRUE
PATE1	FALSE
PATE2	FALSE
PATE3	FALSE
PATE4	FALSE
PATJ	TRUE
PATL1	TRUE
PATL2	TRUE
PATZ1	TRUE
PAWR	TRUE
PAX2	FALSE
PAX3	FALSE
PAX4	FALSE
PAX5	TRUE
PAX6	FALSE
PAX7	FALSE
PAX8	TRUE
PAX9	TRUE
PAXBP1	TRUE
PAXIP1	TRUE
PAXX	TRUE
PBDC1	TRUE
PBK	TRUE
PBLD	TRUE
PBOV1	TRUE
PBRM1	TRUE
PBX1	TRUE
PBX3	TRUE
PBX4	TRUE
PBXIP1	TRUE
PC	TRUE
PCARE	FALSE
PCBD1	TRUE
PCBD2	FALSE
PCBP1	TRUE
PCBP2	TRUE
PCBP3	TRUE
PCBP4	TRUE
PCCA	TRUE
PCCB	TRUE
PCDH1	TRUE
PCDH10	FALSE
PCDH11X	FALSE
PCDH11Y	FALSE
PCDH12	TRUE
PCDH15	FALSE
PCDH17	TRUE
PCDH18	TRUE
PCDH19	TRUE
PCDH20	TRUE
PCDH7	TRUE
PCDH8	TRUE
PCDH9	TRUE
PCDHA1	FALSE
PCDHA10	TRUE
PCDHA11	FALSE
PCDHA12	TRUE
PCDHA13	FALSE
PCDHA2	FALSE
PCDHA3	FALSE
PCDHA4	FALSE
PCDHA5	TRUE
PCDHA6	FALSE
PCDHA7	FALSE
PCDHA8	FALSE
PCDHA9	TRUE
PCDHAC1	FALSE
PCDHB1	FALSE
PCDHB10	TRUE
PCDHB11	TRUE
PCDHB13	TRUE
PCDHB14	TRUE
PCDHB15	TRUE
PCDHB16	TRUE
PCDHB2	TRUE
PCDHB3	TRUE
PCDHB4	TRUE
PCDHB5	TRUE
PCDHB6	FALSE
PCDHB7	TRUE
PCDHB9	TRUE
PCDHGA1	TRUE
PCDHGA10	TRUE
PCDHGA11	TRUE
PCDHGA12	TRUE
PCDHGA2	TRUE
PCDHGA3	TRUE
PCDHGA5	TRUE
PCDHGA6	TRUE
PCDHGA7	TRUE
PCDHGA8	TRUE
PCDHGA9	TRUE
PCDHGB2	TRUE
PCDHGB6	TRUE
PCDHGB7	TRUE
PCDHGC3	TRUE
PCDHGC5	TRUE
PCED1A	TRUE
PCED1B	TRUE
PCF11	TRUE
PCGF1	TRUE
PCGF2	TRUE
PCGF5	TRUE
PCGF6	TRUE
PCID2	TRUE
PCIF1	TRUE
PCK1	TRUE
PCK2	TRUE
PCLAF	TRUE
PCLO	TRUE
PCM1	TRUE
PCMT1	TRUE
PCMTD1	TRUE
PCMTD2	TRUE
PCNA	TRUE
PCNT	TRUE
PCNX1	TRUE
PCNX2	TRUE
PCNX3	TRUE
PCNX4	TRUE
PCOLCE	TRUE
PCOLCE2	TRUE
PCP2	TRUE
PCP4	TRUE
PCP4L1	TRUE
PCSK1	TRUE
PCSK1N	TRUE
PCSK2	FALSE
PCSK4	TRUE
PCSK5	TRUE
PCSK6	TRUE
PCSK7	TRUE
PCSK9	TRUE
PCTP	TRUE
PCYOX1	TRUE
PCYOX1L	TRUE
PCYT1A	TRUE
PCYT1B	FALSE
PCYT2	TRUE
PDC	FALSE
PDCD1	TRUE
PDCD10	TRUE
PDCD11	TRUE
PDCD1LG2	TRUE
PDCD2L	TRUE
PDCD4	TRUE
PDCD5	TRUE
PDCD6	TRUE
PDCD6IP	TRUE
PDCD7	TRUE
PDCL	TRUE
PDCL2	FALSE
PDCL3	TRUE
PDE10A	TRUE
PDE11A	TRUE
PDE12	TRUE
PDE1A	TRUE
PDE1B	TRUE
PDE1C	FALSE
PDE2A	TRUE
PDE3A	TRUE
PDE3B	TRUE
PDE4A	TRUE
PDE4B	TRUE
PDE4C	TRUE
PDE4D	TRUE
PDE5A	TRUE
PDE6A	FALSE
PDE6B	TRUE
PDE6C	FALSE
PDE6D	TRUE
PDE6G	TRUE
PDE6H	FALSE
PDE7A	TRUE
PDE7B	TRUE
PDE8A	TRUE
PDE8B	TRUE
PDE9A	TRUE
PDF	TRUE
PDGFA	TRUE
PDGFB	TRUE
PDGFC	TRUE
PDGFD	TRUE
PDGFRA	TRUE
PDGFRB	TRUE
PDGFRL	TRUE
PDHA1	TRUE
PDHA2	FALSE
PDHB	TRUE
PDHX	TRUE
PDIA2	TRUE
PDIA3	TRUE
PDIA4	TRUE
PDIA5	TRUE
PDIA6	TRUE
PDIK1L	TRUE
PDILT	FALSE
PDK1	TRUE
PDK2	TRUE
PDK3	TRUE
PDK4	TRUE
PDLIM2	TRUE
PDLIM3	TRUE
PDLIM4	TRUE
PDLIM5	TRUE
PDLIM7	TRUE
PDP1	TRUE
PDP2	TRUE
PDPK1	TRUE
PDPN	TRUE
PDPR	TRUE
PDRG1	TRUE
PDS5A	TRUE
PDS5B	TRUE
PDSS1	TRUE
PDSS2	TRUE
PDX1	TRUE
PDXK	TRUE
PDXP	TRUE
PDYN	FALSE
PDZD11	TRUE
PDZD2	TRUE
PDZD3	TRUE
PDZD4	TRUE
PDZD7	TRUE
PDZD8	TRUE
PDZD9	FALSE
PDZK1	TRUE
PDZK1IP1	TRUE
PDZRN3	TRUE
PEA15	TRUE
PEAK1	TRUE
PEAK3	TRUE
PEAR1	TRUE
PEBP1	TRUE
PEBP4	FALSE
PECAM1	TRUE
PECR	TRUE
PEG10	TRUE
PEG3	TRUE
PELI1	TRUE
PELI2	TRUE
PELI3	TRUE
PELO	TRUE
PELP1	TRUE
PEMT	TRUE
PENK	TRUE
PEPD	TRUE
PER1	TRUE
PER2	TRUE
PER3	TRUE
PERM1	FALSE
PERP	TRUE
PES1	TRUE
PET100	TRUE
PET117	TRUE
PEX1	TRUE
PEX10	TRUE
PEX11A	TRUE
PEX11B	TRUE
PEX11G	TRUE
PEX12	TRUE
PEX13	TRUE
PEX14	TRUE
PEX16	TRUE
PEX19	TRUE
PEX2	TRUE
PEX26	TRUE
PEX3	TRUE
PEX5L	FALSE
PEX6	TRUE
PEX7	TRUE
PFAS	TRUE
PFDN1	TRUE
PFDN2	TRUE
PFDN4	TRUE
PFDN5	TRUE
PFDN6	TRUE
PFKFB1	TRUE
PFKFB2	TRUE
PFKFB3	TRUE
PFKFB4	TRUE
PFKM	TRUE
PFKP	TRUE
PFN1	TRUE
PFN2	TRUE
PFN3	TRUE
PFN4	TRUE
PGA5	FALSE
PGAM1	TRUE
PGAM2	TRUE
PGAM5	TRUE
PGAP1	TRUE
PGAP2	TRUE
PGAP3	TRUE
PGBD1	TRUE
PGBD2	TRUE
PGBD4	TRUE
PGBD5	TRUE
PGC	TRUE
PGD	TRUE
PGF	TRUE
PGGHG	TRUE
PGGT1B	TRUE
PGK1	TRUE
PGK2	FALSE
PGLS	TRUE
PGLYRP1	FALSE
PGLYRP2	TRUE
PGLYRP3	TRUE
PGLYRP4	FALSE
PGM1	TRUE
PGM2	TRUE
PGM2L1	TRUE
PGM3	TRUE
PGM5	TRUE
PGP	TRUE
PGPEP1	TRUE
PGPEP1L	FALSE
PGR	TRUE
PGRMC1	TRUE
PGRMC2	TRUE
PGS1	TRUE
PHACTR1	TRUE
PHACTR2	TRUE
PHACTR3	TRUE
PHACTR4	TRUE
PHAX	TRUE
PHB	TRUE
PHB2	TRUE
PHC1	TRUE
PHC2	TRUE
PHC3	TRUE
PHETA1	TRUE
PHETA2	TRUE
PHEX	TRUE
PHF1	TRUE
PHF10	TRUE
PHF11	TRUE
PHF12	TRUE
PHF13	TRUE
PHF14	TRUE
PHF19	TRUE
PHF2	TRUE
PHF20	TRUE
PHF20L1	TRUE
PHF21A	TRUE
PHF21B	FALSE
PHF23	TRUE
PHF24	FALSE
PHF3	TRUE
PHF5A	TRUE
PHF6	TRUE
PHF8	TRUE
PHGDH	TRUE
PHGR1	TRUE
PHIP	TRUE
PHKA1	TRUE
PHKA2	TRUE
PHKB	TRUE
PHKG1	TRUE
PHKG2	TRUE
PHLDA1	TRUE
PHLDA2	TRUE
PHLDA3	TRUE
PHLDB1	TRUE
PHLDB2	TRUE
PHLDB3	TRUE
PHLPP1	TRUE
PHLPP2	TRUE
PHOSPHO2	TRUE
PHOX2A	FALSE
PHOX2B	FALSE
PHPT1	TRUE
PHRF1	TRUE
PHTF1	TRUE
PHTF2	TRUE
PHYH	TRUE
PHYHD1	TRUE
PHYHIP	TRUE
PHYHIPL	TRUE
PHYKPL	TRUE
PI15	TRUE
PI16	TRUE
PI3	TRUE
PI4K2A	TRUE
PI4K2B	TRUE
PI4KA	TRUE
PI4KB	TRUE
PIANP	FALSE
PIAS1	TRUE
PIAS2	TRUE
PIAS3	TRUE
PIAS4	TRUE
PIBF1	TRUE
PICALM	TRUE
PICK1	TRUE
PID1	TRUE
PIDD1	TRUE
PIEZO1	TRUE
PIEZO2	TRUE
PIF1	TRUE
PIFO	TRUE
PIGA	TRUE
PIGB	TRUE
PIGBOS1	TRUE
PIGC	TRUE
PIGF	TRUE
PIGG	TRUE
PIGH	TRUE
PIGK	TRUE
PIGL	TRUE
PIGM	TRUE
PIGN	TRUE
PIGO	TRUE
PIGP	TRUE
PIGQ	TRUE
PIGR	TRUE
PIGS	TRUE
PIGT	TRUE
PIGU	TRUE
PIGV	TRUE
PIGW	TRUE
PIGX	TRUE
PIGZ	TRUE
PIH1D1	TRUE
PIH1D2	TRUE
PIH1D3	FALSE
PIK3AP1	TRUE
PIK3C2A	TRUE
PIK3C2B	TRUE
PIK3C2G	TRUE
PIK3C3	TRUE
PIK3CA	TRUE
PIK3CB	TRUE
PIK3CD	TRUE
PIK3CG	TRUE
PIK3IP1	TRUE
PIK3R1	TRUE
PIK3R2	TRUE
PIK3R3	TRUE
PIK3R4	TRUE
PIK3R5	TRUE
PIK3R6	TRUE
PIKFYVE	TRUE
PILRA	TRUE
PILRB	TRUE
PIM1	TRUE
PIM2	TRUE
PIM3	TRUE
PIMREG	TRUE
PIN1	TRUE
PINK1	TRUE
PINLYP	TRUE
PINX1	TRUE
PIP	FALSE
PIP4K2A	TRUE
PIP4K2B	TRUE
PIP4K2C	TRUE
PIP4P1	TRUE
PIP4P2	TRUE
PIP5K1A	TRUE
PIP5K1C	TRUE
PIP5KL1	TRUE
PIPOX	TRUE
PIR	TRUE
PIRT	FALSE
PISD	TRUE
PITHD1	TRUE
PITPNA	TRUE
PITPNB	TRUE
PITPNC1	TRUE
PITPNM1	TRUE
PITPNM2	TRUE
PITPNM3	TRUE
PITRM1	TRUE
PITX1	TRUE
PITX2	TRUE
PITX3	FALSE
PIWIL1	TRUE
PIWIL2	FALSE
PIWIL3	FALSE
PIWIL4	TRUE
PJA1	TRUE
PJA2	TRUE
PJVK	TRUE
PKD1	TRUE
PKD1L1	TRUE
PKD1L3	FALSE
PKD2	TRUE
PKD2L1	TRUE
PKD2L2	FALSE
PKDCC	TRUE
PKDREJ	FALSE
PKHD1	TRUE
PKIA	TRUE
PKIB	TRUE
PKIG	TRUE
PKLR	TRUE
PKMYT1	TRUE
PKN2	TRUE
PKN3	TRUE
PKNOX1	TRUE
PKNOX2	TRUE
PKP1	TRUE
PKP2	TRUE
PKP3	TRUE
PKP4	TRUE
PLA1A	TRUE
PLA2G10	TRUE
PLA2G12A	TRUE
PLA2G12B	TRUE
PLA2G15	TRUE
PLA2G1B	TRUE
PLA2G2A	TRUE
PLA2G2C	FALSE
PLA2G2D	TRUE
PLA2G2E	FALSE
PLA2G2F	FALSE
PLA2G3	FALSE
PLA2G4A	TRUE
PLA2G4B	TRUE
PLA2G4C	TRUE
PLA2G4D	FALSE
PLA2G4E	TRUE
PLA2G4F	TRUE
PLA2G5	TRUE
PLA2G6	TRUE
PLA2G7	TRUE
PLA2R1	TRUE
PLAA	TRUE
PLAAT1	TRUE
PLAAT2	TRUE
PLAAT3	TRUE
PLAAT4	TRUE
PLAAT5	FALSE
PLAC1	TRUE
PLAC8L1	TRUE
PLAC9	TRUE
PLAG1	TRUE
PLAGL1	TRUE
PLAGL2	TRUE
PLAT	TRUE
PLAU	TRUE
PLAUR	TRUE
PLB1	TRUE
PLBD1	TRUE
PLBD2	TRUE
PLCB1	TRUE
PLCB2	TRUE
PLCB3	TRUE
PLCB4	TRUE
PLCD1	TRUE
PLCD3	TRUE
PLCD4	FALSE
PLCE1	TRUE
PLCG1	TRUE
PLCG2	TRUE
PLCH1	TRUE
PLCH2	TRUE
PLCL1	TRUE
PLCL2	TRUE
PLCXD1	TRUE
PLCXD2	TRUE
PLCXD3	TRUE
PLCZ1	FALSE
PLD1	TRUE
PLD2	TRUE
PLD3	TRUE
PLD4	TRUE
PLD5	FALSE
PLD6	TRUE
PLEC	TRUE
PLEK	TRUE
PLEK2	TRUE
PLEKHA1	TRUE
PLEKHA2	TRUE
PLEKHA4	TRUE
PLEKHA5	TRUE
PLEKHA6	TRUE
PLEKHA7	TRUE
PLEKHA8	TRUE
PLEKHB1	TRUE
PLEKHB2	TRUE
PLEKHD1	FALSE
PLEKHF1	TRUE
PLEKHF2	TRUE
PLEKHG1	TRUE
PLEKHG2	TRUE
PLEKHG3	TRUE
PLEKHG4	TRUE
PLEKHG4B	FALSE
PLEKHG5	TRUE
PLEKHG6	TRUE
PLEKHH1	TRUE
PLEKHH2	TRUE
PLEKHH3	TRUE
PLEKHJ1	TRUE
PLEKHM1	TRUE
PLEKHM2	TRUE
PLEKHM3	TRUE
PLEKHN1	TRUE
PLEKHO1	TRUE
PLEKHO2	TRUE
PLEKHS1	TRUE
PLET1	FALSE
PLGLB2	TRUE
PLGRKT	TRUE
PLIN1	TRUE
PLIN2	TRUE
PLIN3	TRUE
PLIN4	TRUE
PLIN5	TRUE
PLK1	TRUE
PLK2	TRUE
PLK3	TRUE
PLK4	TRUE
PLK5	FALSE
PLLP	TRUE
PLN	TRUE
PLOD1	TRUE
PLOD2	TRUE
PLOD3	TRUE
PLP1	FALSE
PLP2	TRUE
PLPBP	TRUE
PLPP1	TRUE
PLPP2	TRUE
PLPP3	TRUE
PLPP4	TRUE
PLPP5	TRUE
PLPP6	TRUE
PLPP7	TRUE
PLPPR1	TRUE
PLPPR2	TRUE
PLPPR3	FALSE
PLPPR4	TRUE
PLPPR5	FALSE
PLRG1	TRUE
PLS1	TRUE
PLS3	TRUE
PLSCR1	TRUE
PLSCR2	TRUE
PLSCR3	TRUE
PLSCR4	TRUE
PLSCR5	FALSE
PLTP	TRUE
PLVAP	TRUE
PLXDC1	TRUE
PLXDC2	TRUE
PLXNA1	TRUE
PLXNA2	TRUE
PLXNA3	TRUE
PLXNA4	TRUE
PLXNB1	TRUE
PLXNB2	TRUE
PLXNC1	TRUE
PLXND1	TRUE
PM20D1	FALSE
PM20D2	TRUE
PMAIP1	TRUE
PMCH	TRUE
PMEL	TRUE
PMEPA1	TRUE
PMF1	TRUE
PMFBP1	TRUE
PMIS2	FALSE
PML	TRUE
PMM1	TRUE
PMM2	TRUE
PMP2	TRUE
PMP22	TRUE
PMPCB	TRUE
PMS1	TRUE
PMS2	TRUE
PMVK	TRUE
PNCK	TRUE
PNISR	TRUE
PNKD	TRUE
PNLDC1	TRUE
PNLIP	FALSE
PNLIPRP1	FALSE
PNLIPRP3	FALSE
PNMA1	TRUE
PNMA2	TRUE
PNMA3	TRUE
PNMA5	FALSE
PNMA6E	TRUE
PNMA8A	FALSE
PNMA8B	TRUE
PNMA8C	FALSE
PNMT	TRUE
PNN	TRUE
PNO1	TRUE
PNOC	FALSE
PNP	TRUE
PNPLA1	TRUE
PNPLA2	TRUE
PNPLA3	TRUE
PNPLA4	TRUE
PNPLA5	FALSE
PNPLA6	TRUE
PNPLA7	TRUE
PNPLA8	TRUE
PNPO	TRUE
PNRC1	TRUE
PNRC2	TRUE
POC1A	TRUE
POC1B	TRUE
POC5	TRUE
PODN	TRUE
PODNL1	TRUE
PODXL	TRUE
PODXL2	TRUE
POF1B	TRUE
POFUT1	TRUE
POFUT2	TRUE
POGK	TRUE
POGLUT1	TRUE
POGLUT2	TRUE
POGLUT3	TRUE
POGZ	TRUE
POLA1	TRUE
POLA2	TRUE
POLB	TRUE
POLD1	TRUE
POLD2	TRUE
POLD3	TRUE
POLD4	TRUE
POLDIP2	TRUE
POLDIP3	TRUE
POLE	TRUE
POLE2	TRUE
POLE3	TRUE
POLE4	TRUE
POLG	TRUE
POLG2	TRUE
POLH	TRUE
POLI	TRUE
POLK	TRUE
POLL	TRUE
POLM	TRUE
POLN	TRUE
POLQ	TRUE
POLR1A	TRUE
POLR1B	TRUE
POLR1C	TRUE
POLR1D	TRUE
POLR1E	TRUE
POLR2A	TRUE
POLR2B	TRUE
POLR2C	TRUE
POLR2F	TRUE
POLR2G	TRUE
POLR2H	TRUE
POLR2I	TRUE
POLR2K	TRUE
POLR2L	TRUE
POLR3A	TRUE
POLR3B	TRUE
POLR3C	TRUE
POLR3D	TRUE
POLR3E	TRUE
POLR3F	TRUE
POLR3G	TRUE
POLR3GL	TRUE
POLR3H	TRUE
POLR3K	TRUE
POLRMT	TRUE
POM121	TRUE
POM121C	TRUE
POM121L12	TRUE
POM121L2	FALSE
POMC	TRUE
POMGNT1	TRUE
POMGNT2	TRUE
POMP	TRUE
POMT1	TRUE
POMT2	TRUE
PON1	TRUE
PON2	TRUE
PON3	TRUE
POP1	TRUE
POP4	TRUE
POP5	TRUE
POP7	TRUE
POPDC2	TRUE
POPDC3	TRUE
POR	TRUE
PORCN	TRUE
POSTN	TRUE
POT1	TRUE
POU1F1	FALSE
POU2AF1	TRUE
POU2F1	TRUE
POU2F2	TRUE
POU2F3	TRUE
POU3F1	TRUE
POU3F2	TRUE
POU3F3	TRUE
POU3F4	FALSE
POU4F2	FALSE
POU4F3	TRUE
POU5F1B	TRUE
POU5F2	TRUE
POU6F1	TRUE
POU6F2	TRUE
PP2D1	FALSE
PPA2	TRUE
PPAN	TRUE
PPARA	TRUE
PPARD	TRUE
PPARG	TRUE
PPARGC1A	TRUE
PPARGC1B	TRUE
PPAT	TRUE
PPBP	TRUE
PPCDC	TRUE
PPCS	TRUE
PPDPF	TRUE
PPDPFL	FALSE
PPEF1	FALSE
PPEF2	FALSE
PPFIA2	TRUE
PPFIA3	TRUE
PPFIBP1	TRUE
PPFIBP2	TRUE
PPHLN1	TRUE
PPIB	TRUE
PPIC	TRUE
PPID	TRUE
PPIE	TRUE
PPIF	TRUE
PPIG	TRUE
PPIH	TRUE
PPIL1	TRUE
PPIL2	TRUE
PPIL3	TRUE
PPIL4	TRUE
PPIL6	TRUE
PPIP5K1	TRUE
PPIP5K2	TRUE
PPL	TRUE
PPM1A	TRUE
PPM1B	TRUE
PPM1D	TRUE
PPM1E	FALSE
PPM1F	TRUE
PPM1G	TRUE
PPM1H	TRUE
PPM1J	TRUE
PPM1K	TRUE
PPM1L	TRUE
PPM1M	TRUE
PPM1N	FALSE
PPME1	TRUE
PPOX	TRUE
PPP1CA	TRUE
PPP1CB	TRUE
PPP1CC	TRUE
PPP1R10	TRUE
PPP1R11	TRUE
PPP1R12A	TRUE
PPP1R12B	TRUE
PPP1R12C	TRUE
PPP1R13B	TRUE
PPP1R13L	TRUE
PPP1R14A	TRUE
PPP1R14C	TRUE
PPP1R14D	TRUE
PPP1R15A	TRUE
PPP1R15B	TRUE
PPP1R16A	TRUE
PPP1R16B	TRUE
PPP1R17	TRUE
PPP1R18	TRUE
PPP1R1A	TRUE
PPP1R1B	TRUE
PPP1R1C	TRUE
PPP1R21	TRUE
PPP1R27	TRUE
PPP1R2C	FALSE
PPP1R32	TRUE
PPP1R35	TRUE
PPP1R36	TRUE
PPP1R37	TRUE
PPP1R3A	FALSE
PPP1R3B	TRUE
PPP1R3C	TRUE
PPP1R3D	TRUE
PPP1R3E	TRUE
PPP1R3F	TRUE
PPP1R3G	TRUE
PPP1R42	FALSE
PPP1R7	TRUE
PPP1R8	TRUE
PPP1R9A	TRUE
PPP1R9B	TRUE
PPP2CB	TRUE
PPP2R1B	TRUE
PPP2R2A	TRUE
PPP2R2B	TRUE
PPP2R2C	FALSE
PPP2R2D	TRUE
PPP2R3A	TRUE
PPP2R3B	TRUE
PPP2R3C	TRUE
PPP2R5A	TRUE
PPP2R5B	TRUE
PPP2R5C	TRUE
PPP2R5D	TRUE
PPP2R5E	TRUE
PPP3CA	TRUE
PPP3CB	TRUE
PPP3CC	TRUE
PPP3R1	TRUE
PPP4C	TRUE
PPP4R1	TRUE
PPP4R2	TRUE
PPP4R3A	TRUE
PPP4R3B	TRUE
PPP4R3C	FALSE
PPP4R4	TRUE
PPP5C	TRUE
PPP5D1	FALSE
PPP6C	TRUE
PPP6R1	TRUE
PPP6R2	TRUE
PPP6R3	TRUE
PPRC1	TRUE
PPT1	TRUE
PPT2	TRUE
PPTC7	TRUE
PPWD1	TRUE
PQBP1	TRUE
PRAC1	FALSE
PRAC2	FALSE
PRADC1	TRUE
PRAF2	TRUE
PRAG1	TRUE
PRAM1	TRUE
PRAME	TRUE
PRAMEF12	FALSE
PRAMEF19	FALSE
PRAMEF2	FALSE
PRAMEF20	FALSE
PRAMEF27	TRUE
PRAMEF33	FALSE
PRAMEF4	FALSE
PRAP1	TRUE
PRB3	FALSE
PRB4	FALSE
PRC1	TRUE
PRCC	TRUE
PRCD	TRUE
PRCP	TRUE
PRDM1	TRUE
PRDM10	TRUE
PRDM11	TRUE
PRDM13	TRUE
PRDM14	FALSE
PRDM15	TRUE
PRDM16	TRUE
PRDM2	TRUE
PRDM4	TRUE
PRDM5	TRUE
PRDM6	TRUE
PRDM7	FALSE
PRDM8	TRUE
PRDM9	FALSE
PRDX3	TRUE
PRDX4	TRUE
PRDX5	TRUE
PRDX6	TRUE
PREB	TRUE
PRELID2	TRUE
PRELID3A	TRUE
PRELID3B	TRUE
PRELP	TRUE
PREP	TRUE
PREPL	TRUE
PREX1	TRUE
PREX2	TRUE
PRF1	TRUE
PRG2	TRUE
PRG3	FALSE
PRG4	TRUE
PRICKLE1	TRUE
PRICKLE2	TRUE
PRICKLE3	TRUE
PRIM1	TRUE
PRIM2	TRUE
PRIMA1	FALSE
PRIMPOL	TRUE
PRKAA1	TRUE
PRKAA2	TRUE
PRKAB1	TRUE
PRKAB2	TRUE
PRKACA	TRUE
PRKACB	TRUE
PRKACG	TRUE
PRKAG1	TRUE
PRKAG2	TRUE
PRKAG3	FALSE
PRKAR1B	TRUE
PRKAR2A	TRUE
PRKAR2B	TRUE
PRKCA	TRUE
PRKCB	TRUE
PRKCD	TRUE
PRKCE	TRUE
PRKCG	TRUE
PRKCH	TRUE
PRKCI	TRUE
PRKCQ	TRUE
PRKCSH	TRUE
PRKCZ	TRUE
PRKD1	TRUE
PRKD2	TRUE
PRKD3	TRUE
PRKDC	TRUE
PRKG1	TRUE
PRKG2	TRUE
PRKN	TRUE
PRKRA	TRUE
PRKX	TRUE
PRL	FALSE
PRLH	FALSE
PRLHR	TRUE
PRLR	TRUE
PRM1	FALSE
PRM2	FALSE
PRM3	FALSE
PRMT2	TRUE
PRMT3	TRUE
PRMT6	TRUE
PRMT7	TRUE
PRMT8	FALSE
PRMT9	TRUE
PRND	TRUE
PRNP	TRUE
PROB1	TRUE
PROC	TRUE
PROCA1	TRUE
PROCR	TRUE
PRODH2	TRUE
PROK1	FALSE
PROK2	TRUE
PROKR1	FALSE
PROM1	TRUE
PROM2	TRUE
PROP1	FALSE
PRORP	TRUE
PROS1	TRUE
PROSER1	TRUE
PROSER2	TRUE
PROSER3	TRUE
PROX1	TRUE
PROX2	FALSE
PROZ	TRUE
PRPF18	TRUE
PRPF19	TRUE
PRPF3	TRUE
PRPF31	TRUE
PRPF38A	TRUE
PRPF38B	TRUE
PRPF39	TRUE
PRPF4	TRUE
PRPF40A	TRUE
PRPF40B	TRUE
PRPF4B	TRUE
PRPF6	TRUE
PRPF8	TRUE
PRPH	FALSE
PRPH2	FALSE
PRPS1	TRUE
PRPS2	TRUE
PRPSAP1	TRUE
PRPSAP2	TRUE
PRR11	TRUE
PRR12	TRUE
PRR14	TRUE
PRR14L	TRUE
PRR15	TRUE
PRR15L	TRUE
PRR16	TRUE
PRR18	TRUE
PRR19	TRUE
PRR22	TRUE
PRR23A	FALSE
PRR23B	FALSE
PRR23C	FALSE
PRR27	FALSE
PRR29	FALSE
PRR3	TRUE
PRR30	FALSE
PRR32	FALSE
PRR33	FALSE
PRR35	TRUE
PRR36	TRUE
PRR5	TRUE
PRR5L	TRUE
PRR7	TRUE
PRR9	TRUE
PRRC1	TRUE
PRRC2A	TRUE
PRRC2B	TRUE
PRRC2C	TRUE
PRRG1	TRUE
PRRG2	TRUE
PRRG4	TRUE
PRRT1	TRUE
PRRT1B	FALSE
PRRT2	TRUE
PRRT4	TRUE
PRRX1	TRUE
PRRX2	TRUE
PRSS1	FALSE
PRSS12	TRUE
PRSS16	TRUE
PRSS21	TRUE
PRSS22	TRUE
PRSS23	TRUE
PRSS27	TRUE
PRSS3	TRUE
PRSS33	TRUE
PRSS35	TRUE
PRSS36	TRUE
PRSS37	FALSE
PRSS38	FALSE
PRSS41	TRUE
PRSS45P	FALSE
PRSS48	FALSE
PRSS51	TRUE
PRSS53	TRUE
PRSS54	FALSE
PRSS55	FALSE
PRSS56	TRUE
PRSS57	FALSE
PRSS58	FALSE
PRSS8	TRUE
PRTFDC1	TRUE
PRTG	TRUE
PRTN3	FALSE
PRUNE1	TRUE
PRUNE2	TRUE
PRX	TRUE
PRXL2A	TRUE
PRXL2B	TRUE
PRXL2C	TRUE
PSAP	TRUE
PSAPL1	TRUE
PSAT1	TRUE
PSCA	TRUE
PSD	TRUE
PSD2	TRUE
PSD3	TRUE
PSD4	TRUE
PSEN1	TRUE
PSEN2	TRUE
PSENEN	TRUE
PSG11	FALSE
PSG3	FALSE
PSG4	FALSE
PSG7	FALSE
PSG9	FALSE
PSIP1	TRUE
PSKH1	TRUE
PSKH2	FALSE
PSMA1	TRUE
PSMA2	TRUE
PSMA3	TRUE
PSMA4	TRUE
PSMA5	TRUE
PSMA7	TRUE
PSMA8	FALSE
PSMB1	TRUE
PSMB10	TRUE
PSMB11	FALSE
PSMB2	TRUE
PSMB3	TRUE
PSMB4	TRUE
PSMB5	TRUE
PSMB6	TRUE
PSMB7	TRUE
PSMB8	TRUE
PSMB9	TRUE
PSMC1	TRUE
PSMC3	TRUE
PSMC3IP	TRUE
PSMC4	TRUE
PSMC5	TRUE
PSMD1	TRUE
PSMD10	TRUE
PSMD11	TRUE
PSMD12	TRUE
PSMD13	TRUE
PSMD14	TRUE
PSMD2	TRUE
PSMD3	TRUE
PSMD4	TRUE
PSMD5	TRUE
PSMD6	TRUE
PSMD7	TRUE
PSMD9	TRUE
PSME1	TRUE
PSME2	TRUE
PSME3	TRUE
PSME4	TRUE
PSMF1	TRUE
PSMG1	TRUE
PSMG2	TRUE
PSMG3	TRUE
PSMG4	TRUE
PSORS1C1	TRUE
PSORS1C2	FALSE
PSPC1	TRUE
PSPH	TRUE
PSPN	TRUE
PSRC1	TRUE
PSTK	TRUE
PSTPIP1	TRUE
PSTPIP2	TRUE
PTAFR	TRUE
PTAR1	TRUE
PTBP2	TRUE
PTBP3	TRUE
PTCD1	TRUE
PTCD2	TRUE
PTCH1	TRUE
PTCH2	FALSE
PTCHD1	TRUE
PTCHD4	TRUE
PTCRA	TRUE
PTDSS1	TRUE
PTDSS2	TRUE
PTEN	TRUE
PTER	TRUE
PTF1A	FALSE
PTGDR	TRUE
PTGDR2	TRUE
PTGDS	TRUE
PTGER1	FALSE
PTGER2	TRUE
PTGER3	TRUE
PTGER4	TRUE
PTGES	TRUE
PTGES2	TRUE
PTGES3	FALSE
PTGES3L	TRUE
PTGFR	TRUE
PTGFRN	TRUE
PTGIR	TRUE
PTGIS	TRUE
PTGR1	TRUE
PTGR2	TRUE
PTGS1	TRUE
PTGS2	TRUE
PTH	FALSE
PTH1R	TRUE
PTH2	FALSE
PTH2R	FALSE
PTHLH	TRUE
PTK2	TRUE
PTK2B	TRUE
PTK6	TRUE
PTK7	TRUE
PTMS	TRUE
PTN	TRUE
PTOV1	TRUE
PTP4A3	TRUE
PTPA	TRUE
PTPDC1	TRUE
PTPMT1	TRUE
PTPN1	TRUE
PTPN12	TRUE
PTPN13	TRUE
PTPN14	TRUE
PTPN18	TRUE
PTPN20	FALSE
PTPN21	TRUE
PTPN22	TRUE
PTPN23	TRUE
PTPN3	TRUE
PTPN4	TRUE
PTPN5	FALSE
PTPN6	TRUE
PTPN7	TRUE
PTPN9	TRUE
PTPRA	TRUE
PTPRB	TRUE
PTPRC	TRUE
PTPRD	TRUE
PTPRE	TRUE
PTPRF	TRUE
PTPRG	TRUE
PTPRH	TRUE
PTPRJ	TRUE
PTPRK	TRUE
PTPRM	TRUE
PTPRN	FALSE
PTPRN2	TRUE
PTPRO	TRUE
PTPRQ	TRUE
PTPRR	TRUE
PTPRS	TRUE
PTPRT	TRUE
PTPRU	TRUE
PTPRZ1	FALSE
PTRH1	TRUE
PTRH2	TRUE
PTRHD1	TRUE
PTS	TRUE
PTTG1	TRUE
PTTG1IP	TRUE
PTTG2	TRUE
PTX3	TRUE
PTX4	TRUE
PUDP	TRUE
PUF60	TRUE
PUM1	TRUE
PUM2	TRUE
PUM3	TRUE
PURA	TRUE
PURB	TRUE
PURG	FALSE
PUS1	TRUE
PUS10	TRUE
PUS3	TRUE
PUS7	TRUE
PUS7L	TRUE
PUSL1	TRUE
PVALB	FALSE
PVALEF	FALSE
PVR	TRUE
PWP1	TRUE
PWWP2A	TRUE
PWWP2B	TRUE
PWWP3A	TRUE
PWWP3B	TRUE
PXDC1	TRUE
PXDN	TRUE
PXDNL	FALSE
PXK	TRUE
PXMP2	TRUE
PXMP4	TRUE
PXN	TRUE
PXT1	FALSE
PXYLP1	TRUE
PYCARD	TRUE
PYCR1	TRUE
PYCR2	TRUE
PYCR3	TRUE
PYDC1	FALSE
PYDC2	FALSE
PYGB	TRUE
PYGL	TRUE
PYGM	FALSE
PYGO1	TRUE
PYGO2	TRUE
PYHIN1	TRUE
PYM1	TRUE
PYROXD1	TRUE
PYROXD2	TRUE
PYURF	TRUE
PYY	FALSE
PZP	TRUE
QARS	TRUE
QDPR	TRUE
QKI	TRUE
QPCT	TRUE
QPCTL	TRUE
QPRT	TRUE
QRFP	FALSE
QRFPR	FALSE
QRICH1	TRUE
QRICH2	TRUE
QRSL1	TRUE
QSER1	TRUE
QSOX1	TRUE
QSOX2	TRUE
QTRT1	TRUE
QTRT2	TRUE
R3HCC1	TRUE
R3HCC1L	TRUE
R3HDM1	TRUE
R3HDM2	TRUE
R3HDM4	TRUE
R3HDML	TRUE
RAB10	TRUE
RAB11A	TRUE
RAB11B	TRUE
RAB11FIP1	TRUE
RAB11FIP2	TRUE
RAB11FIP3	TRUE
RAB11FIP4	TRUE
RAB11FIP5	TRUE
RAB12	TRUE
RAB13	TRUE
RAB14	TRUE
RAB15	TRUE
RAB17	TRUE
RAB18	TRUE
RAB19	TRUE
RAB1A	TRUE
RAB1B	TRUE
RAB20	TRUE
RAB21	TRUE
RAB22A	TRUE
RAB23	TRUE
RAB24	TRUE
RAB25	TRUE
RAB26	TRUE
RAB27A	TRUE
RAB27B	TRUE
RAB28	TRUE
RAB29	TRUE
RAB2A	TRUE
RAB2B	TRUE
RAB30	TRUE
RAB31	TRUE
RAB32	TRUE
RAB33A	TRUE
RAB33B	TRUE
RAB34	TRUE
RAB35	TRUE
RAB36	TRUE
RAB37	TRUE
RAB38	TRUE
RAB39A	TRUE
RAB39B	TRUE
RAB3A	TRUE
RAB3B	TRUE
RAB3C	FALSE
RAB3D	TRUE
RAB3GAP1	TRUE
RAB3GAP2	TRUE
RAB3IL1	TRUE
RAB3IP	TRUE
RAB40A	TRUE
RAB40B	TRUE
RAB40C	TRUE
RAB41	FALSE
RAB42	TRUE
RAB44	FALSE
RAB4A	TRUE
RAB4B	TRUE
RAB5A	TRUE
RAB5B	TRUE
RAB5C	TRUE
RAB5IF	TRUE
RAB6C	FALSE
RAB7A	TRUE
RAB7B	TRUE
RAB8A	TRUE
RAB8B	TRUE
RAB9A	TRUE
RAB9B	TRUE
RABAC1	TRUE
RABEP1	TRUE
RABEP2	TRUE
RABEPK	TRUE
RABGAP1	TRUE
RABGAP1L	TRUE
RABGEF1	TRUE
RABGGTA	TRUE
RABGGTB	TRUE
RABIF	TRUE
RABL3	TRUE
RABL6	TRUE
RAC1	TRUE
RAC2	TRUE
RACK1	TRUE
RAD17	TRUE
RAD18	TRUE
RAD21	TRUE
RAD21L1	FALSE
RAD23A	TRUE
RAD50	TRUE
RAD51	TRUE
RAD51AP1	TRUE
RAD51AP2	TRUE
RAD51B	TRUE
RAD51C	TRUE
RAD51D	TRUE
RAD52	TRUE
RAD54B	TRUE
RAD54L	TRUE
RAD54L2	TRUE
RAD9A	TRUE
RAD9B	TRUE
RADIL	TRUE
RADX	TRUE
RAE1	TRUE
RAET1E	FALSE
RAET1G	FALSE
RAF1	TRUE
RAG1	TRUE
RAG2	TRUE
RAI1	TRUE
RAI14	TRUE
RAI2	TRUE
RALA	TRUE
RALB	TRUE
RALBP1	TRUE
RALGAPA1	TRUE
RALGAPA2	TRUE
RALGAPB	TRUE
RALGDS	TRUE
RALGPS1	TRUE
RALGPS2	TRUE
RALY	TRUE
RALYL	TRUE
RAMAC	TRUE
RAMACL	FALSE
RAMP1	TRUE
RAMP2	TRUE
RAMP3	TRUE
RANBP10	TRUE
RANBP17	TRUE
RANBP3	TRUE
RANBP3L	TRUE
RANBP6	TRUE
RANBP9	TRUE
RANGAP1	TRUE
RANGRF	TRUE
RAP1A	TRUE
RAP1GAP	TRUE
RAP1GAP2	TRUE
RAP1GDS1	TRUE
RAP2A	TRUE
RAP2C	TRUE
RAPGEF1	TRUE
RAPGEF2	TRUE
RAPGEF3	TRUE
RAPGEF4	TRUE
RAPGEF5	TRUE
RAPGEF6	TRUE
RAPGEFL1	TRUE
RAPH1	TRUE
RAPSN	TRUE
RARA	TRUE
RARB	TRUE
RARG	TRUE
RARRES1	TRUE
RARRES2	TRUE
RARS	TRUE
RARS2	TRUE
RASA1	TRUE
RASA2	TRUE
RASA3	TRUE
RASAL1	TRUE
RASAL2	TRUE
RASAL3	TRUE
RASD1	TRUE
RASD2	TRUE
RASEF	TRUE
RASGEF1A	TRUE
RASGEF1B	TRUE
RASGEF1C	FALSE
RASGRF1	TRUE
RASGRF2	TRUE
RASGRP1	TRUE
RASGRP2	TRUE
RASGRP3	TRUE
RASGRP4	TRUE
RASIP1	TRUE
RASL10A	TRUE
RASL10B	TRUE
RASL11A	TRUE
RASL11B	TRUE
RASL12	TRUE
RASSF1	TRUE
RASSF10	TRUE
RASSF2	TRUE
RASSF3	TRUE
RASSF4	TRUE
RASSF5	TRUE
RASSF6	TRUE
RASSF7	TRUE
RASSF8	TRUE
RASSF9	TRUE
RAVER1	TRUE
RAVER2	TRUE
RAX	FALSE
RAX2	FALSE
RB1	TRUE
RB1CC1	TRUE
RBAK	TRUE
RBBP5	TRUE
RBBP6	TRUE
RBBP7	TRUE
RBBP8	TRUE
RBBP8NL	TRUE
RBBP9	TRUE
RBCK1	TRUE
RBFA	TRUE
RBFOX1	TRUE
RBFOX2	TRUE
RBFOX3	FALSE
RBKS	TRUE
RBL1	TRUE
RBL2	TRUE
RBM10	TRUE
RBM11	TRUE
RBM12	TRUE
RBM12B	TRUE
RBM14	TRUE
RBM15B	TRUE
RBM17	TRUE
RBM18	TRUE
RBM19	TRUE
RBM20	TRUE
RBM22	TRUE
RBM23	TRUE
RBM24	TRUE
RBM25	TRUE
RBM26	TRUE
RBM27	TRUE
RBM28	TRUE
RBM3	TRUE
RBM33	TRUE
RBM34	TRUE
RBM38	TRUE
RBM39	TRUE
RBM41	TRUE
RBM42	TRUE
RBM43	TRUE
RBM44	TRUE
RBM45	TRUE
RBM46	FALSE
RBM47	TRUE
RBM48	TRUE
RBM5	TRUE
RBM6	TRUE
RBM7	TRUE
RBM8A	TRUE
RBMS1	TRUE
RBMS3	TRUE
RBMX2	TRUE
RBMXL1	TRUE
RBMXL2	FALSE
RBMXL3	FALSE
RBP1	TRUE
RBP2	TRUE
RBP3	FALSE
RBP4	TRUE
RBP5	TRUE
RBP7	TRUE
RBPJ	TRUE
RBPJL	FALSE
RBPMS	TRUE
RBPMS2	TRUE
RBSN	TRUE
RBX1	TRUE
RC3H1	TRUE
RC3H2	TRUE
RCAN1	TRUE
RCAN2	TRUE
RCAN3	TRUE
RCBTB1	TRUE
RCBTB2	TRUE
RCC1	TRUE
RCC1L	TRUE
RCC2	TRUE
RCCD1	TRUE
RCE1	TRUE
RCHY1	TRUE
RCL1	TRUE
RCN1	TRUE
RCN2	TRUE
RCN3	TRUE
RCOR1	TRUE
RCOR3	TRUE
RCSD1	TRUE
RCVRN	FALSE
RD3	FALSE
RD3L	FALSE
RDH10	TRUE
RDH11	TRUE
RDH12	FALSE
RDH13	TRUE
RDH14	TRUE
RDH16	TRUE
RDH5	TRUE
RDH8	FALSE
RDM1	TRUE
RDX	TRUE
REC114	FALSE
REC8	TRUE
RECK	TRUE
RECQL	TRUE
RECQL4	TRUE
RECQL5	TRUE
REELD1	FALSE
REEP1	TRUE
REEP2	TRUE
REEP3	TRUE
REEP4	TRUE
REEP5	TRUE
REEP6	TRUE
REG1A	TRUE
REG1B	TRUE
REG4	TRUE
REL	TRUE
RELA	TRUE
RELB	TRUE
RELCH	TRUE
RELL1	TRUE
RELL2	TRUE
RELN	TRUE
RELT	TRUE
REM1	TRUE
REM2	TRUE
REN	TRUE
RENBP	TRUE
REP15	TRUE
REPIN1	TRUE
REPS1	TRUE
REPS2	TRUE
RER1	TRUE
RERE	TRUE
RERG	TRUE
RERGL	TRUE
RESF1	TRUE
RESP18	FALSE
REST	TRUE
RET	TRUE
RETN	FALSE
RETNLB	TRUE
RETREG1	TRUE
RETREG2	TRUE
RETREG3	TRUE
RETSAT	TRUE
REV1	TRUE
REV3L	TRUE
REXO1	TRUE
REXO2	TRUE
REXO4	TRUE
REXO5	TRUE
RFC1	TRUE
RFC2	TRUE
RFC3	TRUE
RFC4	TRUE
RFC5	TRUE
RFFL	TRUE
RFK	TRUE
RFLNA	TRUE
RFLNB	TRUE
RFNG	TRUE
RFPL2	FALSE
RFPL4A	FALSE
RFPL4B	FALSE
RFT1	TRUE
RFTN1	TRUE
RFTN2	TRUE
RFWD3	TRUE
RFX1	TRUE
RFX2	TRUE
RFX3	TRUE
RFX4	TRUE
RFX5	TRUE
RFX6	TRUE
RFX7	TRUE
RFX8	TRUE
RFXANK	TRUE
RFXAP	TRUE
RGCC	TRUE
RGL1	TRUE
RGL2	TRUE
RGL3	TRUE
RGL4	TRUE
RGMA	TRUE
RGMB	TRUE
RGN	TRUE
RGP1	TRUE
RGR	TRUE
RGS1	TRUE
RGS11	TRUE
RGS12	TRUE
RGS13	TRUE
RGS14	TRUE
RGS16	TRUE
RGS17	TRUE
RGS18	TRUE
RGS19	TRUE
RGS2	TRUE
RGS20	TRUE
RGS21	FALSE
RGS22	FALSE
RGS3	TRUE
RGS4	TRUE
RGS5	TRUE
RGS6	TRUE
RGS7	TRUE
RGS7BP	FALSE
RGS8	FALSE
RGS9BP	TRUE
RGSL1	FALSE
RHAG	TRUE
RHBDD1	TRUE
RHBDD2	TRUE
RHBDD3	TRUE
RHBDF1	TRUE
RHBDF2	TRUE
RHBDL1	TRUE
RHBDL2	TRUE
RHBDL3	FALSE
RHBG	FALSE
RHCG	TRUE
RHD	FALSE
RHEBL1	TRUE
RHEX	TRUE
RHNO1	TRUE
RHO	TRUE
RHOA	TRUE
RHOB	TRUE
RHOBTB1	TRUE
RHOBTB2	TRUE
RHOBTB3	TRUE
RHOD	TRUE
RHOF	TRUE
RHOG	TRUE
RHOH	TRUE
RHOJ	TRUE
RHOQ	TRUE
RHOT1	TRUE
RHOT2	TRUE
RHOU	TRUE
RHOV	TRUE
RHOXF1	TRUE
RHPN1	TRUE
RHPN2	TRUE
RIBC1	TRUE
RIBC2	TRUE
RIC1	TRUE
RIC3	TRUE
RIC8A	TRUE
RIC8B	TRUE
RICTOR	TRUE
RIDA	TRUE
RIF1	TRUE
RIIAD1	TRUE
RILP	TRUE
RILPL1	TRUE
RILPL2	TRUE
RIMBP2	TRUE
RIMKLA	TRUE
RIMS1	FALSE
RIMS2	TRUE
RIMS3	TRUE
RIMS4	TRUE
RIN1	TRUE
RIN2	TRUE
RIN3	TRUE
RING1	TRUE
RINL	TRUE
RINT1	TRUE
RIOK1	TRUE
RIOK2	TRUE
RIOK3	TRUE
RIOX1	TRUE
RIOX2	TRUE
RIPK1	TRUE
RIPK2	TRUE
RIPK3	TRUE
RIPK4	TRUE
RIPOR1	TRUE
RIPOR2	TRUE
RIPOR3	TRUE
RIPPLY1	FALSE
RIPPLY2	FALSE
RIPPLY3	TRUE
RIT1	TRUE
RIT2	FALSE
RITA1	TRUE
RLBP1	FALSE
RLF	TRUE
RLN1	TRUE
RLN2	TRUE
RLN3	FALSE
RMC1	TRUE
RMDN1	TRUE
RMDN2	TRUE
RMDN3	TRUE
RMI1	TRUE
RMI2	TRUE
RMND1	TRUE
RMND5A	TRUE
RMND5B	TRUE
RNASE1	TRUE
RNASE10	FALSE
RNASE11	TRUE
RNASE12	FALSE
RNASE13	FALSE
RNASE2	TRUE
RNASE3	FALSE
RNASE4	TRUE
RNASE6	TRUE
RNASE7	TRUE
RNASE8	FALSE
RNASE9	FALSE
RNASEH1	TRUE
RNASEH2A	TRUE
RNASEH2B	TRUE
RNASEK	TRUE
RNASEL	TRUE
RNASET2	TRUE
RND1	TRUE
RND2	TRUE
RND3	TRUE
RNF10	TRUE
RNF103	TRUE
RNF11	TRUE
RNF111	TRUE
RNF112	TRUE
RNF113A	TRUE
RNF113B	FALSE
RNF114	TRUE
RNF115	TRUE
RNF121	TRUE
RNF122	TRUE
RNF125	TRUE
RNF126	TRUE
RNF128	TRUE
RNF13	TRUE
RNF130	TRUE
RNF133	FALSE
RNF135	TRUE
RNF138	TRUE
RNF139	TRUE
RNF14	TRUE
RNF141	TRUE
RNF144A	TRUE
RNF144B	TRUE
RNF145	TRUE
RNF146	TRUE
RNF148	FALSE
RNF149	TRUE
RNF150	TRUE
RNF151	FALSE
RNF152	TRUE
RNF157	TRUE
RNF165	TRUE
RNF166	TRUE
RNF167	TRUE
RNF168	TRUE
RNF169	TRUE
RNF17	TRUE
RNF170	TRUE
RNF175	FALSE
RNF180	TRUE
RNF182	TRUE
RNF183	TRUE
RNF185	TRUE
RNF186	TRUE
RNF187	TRUE
RNF19A	TRUE
RNF19B	TRUE
RNF2	TRUE
RNF20	TRUE
RNF207	TRUE
RNF208	TRUE
RNF212	TRUE
RNF212B	FALSE
RNF213	TRUE
RNF214	TRUE
RNF215	TRUE
RNF216	TRUE
RNF217	TRUE
RNF220	TRUE
RNF223	TRUE
RNF224	TRUE
RNF227	TRUE
RNF24	TRUE
RNF25	TRUE
RNF26	TRUE
RNF31	TRUE
RNF32	TRUE
RNF34	TRUE
RNF38	TRUE
RNF39	TRUE
RNF4	TRUE
RNF40	TRUE
RNF41	TRUE
RNF43	TRUE
RNF44	TRUE
RNF5	TRUE
RNF6	TRUE
RNF8	TRUE
RNFT1	TRUE
RNFT2	TRUE
RNGTT	TRUE
RNH1	TRUE
RNLS	TRUE
RNMT	TRUE
RNPC3	TRUE
RNPEP	TRUE
RNPEPL1	TRUE
RNPS1	TRUE
RO60	TRUE
ROBO1	TRUE
ROBO2	TRUE
ROBO3	TRUE
ROBO4	TRUE
ROCK1	TRUE
ROCK2	TRUE
ROGDI	TRUE
ROM1	TRUE
ROMO1	TRUE
ROPN1B	TRUE
ROPN1L	FALSE
ROR1	TRUE
ROR2	TRUE
RORA	TRUE
RORB	FALSE
RORC	TRUE
ROS1	FALSE
RP1L1	FALSE
RP2	TRUE
RP9	TRUE
RPA1	TRUE
RPA2	TRUE
RPA3	TRUE
RPA4	TRUE
RPAIN	TRUE
RPAP1	TRUE
RPAP2	TRUE
RPAP3	TRUE
RPE65	FALSE
RPF1	TRUE
RPF2	TRUE
RPGR	TRUE
RPGRIP1	FALSE
RPGRIP1L	TRUE
RPH3A	FALSE
RPH3AL	TRUE
RPIA	TRUE
RPN1	TRUE
RPN2	TRUE
RPP14	TRUE
RPP21	TRUE
RPP25	TRUE
RPP25L	TRUE
RPP30	TRUE
RPP38	TRUE
RPP40	TRUE
RPRD1A	TRUE
RPRD1B	TRUE
RPRD2	TRUE
RPRM	TRUE
RPRML	FALSE
RPTN	FALSE
RPTOR	TRUE
RPUSD1	TRUE
RPUSD2	TRUE
RPUSD3	TRUE
RPUSD4	TRUE
RRAD	TRUE
RRAGA	TRUE
RRAGB	TRUE
RRAGC	TRUE
RRAGD	TRUE
RRAS	TRUE
RRAS2	TRUE
RREB1	TRUE
RRH	TRUE
RRM1	TRUE
RRM2	TRUE
RRM2B	TRUE
RRNAD1	TRUE
RRP1	TRUE
RRP12	TRUE
RRP15	TRUE
RRP1B	TRUE
RRP36	TRUE
RRP7A	TRUE
RRP8	TRUE
RRP9	TRUE
RRS1	TRUE
RS1	FALSE
RSAD1	TRUE
RSAD2	TRUE
RSBN1	TRUE
RSBN1L	TRUE
RSF1	TRUE
RSL1D1	TRUE
RSL24D1	TRUE
RSPH1	TRUE
RSPH10B2	FALSE
RSPH14	TRUE
RSPH3	TRUE
RSPH4A	TRUE
RSPH6A	FALSE
RSPH9	TRUE
RSPO1	FALSE
RSPO2	FALSE
RSPO3	TRUE
RSPO4	TRUE
RSPRY1	TRUE
RSRC1	TRUE
RSRC2	TRUE
RSRP1	TRUE
RSU1	TRUE
RTBDN	FALSE
RTCA	TRUE
RTCB	TRUE
RTEL1	TRUE
RTF1	TRUE
RTF2	TRUE
RTKN	TRUE
RTKN2	TRUE
RTL1	FALSE
RTL10	TRUE
RTL3	FALSE
RTL4	FALSE
RTL5	TRUE
RTL6	TRUE
RTL8A	TRUE
RTL8B	TRUE
RTL8C	TRUE
RTL9	FALSE
RTN1	TRUE
RTN2	TRUE
RTN4	TRUE
RTN4IP1	TRUE
RTN4R	TRUE
RTN4RL1	TRUE
RTN4RL2	TRUE
RTP1	TRUE
RTP2	TRUE
RTP3	TRUE
RTP4	TRUE
RTP5	TRUE
RTRAF	TRUE
RTTN	TRUE
RUBCN	TRUE
RUBCNL	TRUE
RUFY1	TRUE
RUFY2	TRUE
RUFY3	TRUE
RUFY4	TRUE
RUNDC1	TRUE
RUNDC3A	TRUE
RUNDC3B	TRUE
RUNX1	TRUE
RUNX3	TRUE
RUSC1	TRUE
RUSC2	TRUE
RUVBL1	TRUE
RUVBL2	TRUE
RWDD1	TRUE
RWDD2A	TRUE
RWDD2B	TRUE
RWDD3	TRUE
RXFP1	TRUE
RXFP2	TRUE
RXFP3	FALSE
RXFP4	TRUE
RXRA	TRUE
RXRB	TRUE
RXRG	FALSE
RXYLT1	TRUE
RYBP	TRUE
RYK	TRUE
RYR1	FALSE
RYR2	TRUE
RYR3	FALSE
S100A1	TRUE
S100A10	TRUE
S100A11	TRUE
S100A12	TRUE
S100A13	TRUE
S100A14	TRUE
S100A16	TRUE
S100A2	TRUE
S100A3	TRUE
S100A4	TRUE
S100A5	TRUE
S100A6	TRUE
S100A7A	FALSE
S100A7L2	FALSE
S100A8	TRUE
S100A9	TRUE
S100B	TRUE
S100G	FALSE
S100P	TRUE
S100PBP	TRUE
S100Z	TRUE
S1PR1	TRUE
S1PR2	TRUE
S1PR3	TRUE
S1PR4	TRUE
S1PR5	TRUE
SAA4	TRUE
SAAL1	TRUE
SAC3D1	TRUE
SACM1L	TRUE
SACS	TRUE
SAE1	TRUE
SAFB	TRUE
SAFB2	TRUE
SAG	TRUE
SAGE1	FALSE
SALL2	TRUE
SALL3	FALSE
SAMD1	TRUE
SAMD10	TRUE
SAMD11	TRUE
SAMD12	TRUE
SAMD13	TRUE
SAMD14	TRUE
SAMD15	TRUE
SAMD3	TRUE
SAMD4A	TRUE
SAMD4B	TRUE
SAMD5	TRUE
SAMD7	FALSE
SAMD8	TRUE
SAMD9	TRUE
SAMD9L	TRUE
SAMHD1	TRUE
SAMM50	TRUE
SAMSN1	TRUE
SAP130	TRUE
SAP18	TRUE
SAP25	TRUE
SAP30	TRUE
SAP30BP	TRUE
SAP30L	TRUE
SAPCD1	TRUE
SAPCD2	TRUE
SAR1A	TRUE
SAR1B	TRUE
SARDH	TRUE
SARM1	TRUE
SARS	TRUE
SARS2	TRUE
SART1	TRUE
SART3	TRUE
SASH1	TRUE
SASH3	TRUE
SASS6	TRUE
SAT1	TRUE
SAT2	TRUE
SATB1	TRUE
SATB2	TRUE
SAV1	TRUE
SAXO1	TRUE
SAXO2	TRUE
SAYSD1	TRUE
SBDS	TRUE
SBF2	TRUE
SBK1	TRUE
SBK2	FALSE
SBK3	TRUE
SBNO1	TRUE
SBNO2	TRUE
SBSN	FALSE
SBSPON	TRUE
SC5D	TRUE
SCAF1	TRUE
SCAF11	TRUE
SCAF4	TRUE
SCAF8	TRUE
SCAI	TRUE
SCAMP1	TRUE
SCAMP2	TRUE
SCAMP3	TRUE
SCAMP4	TRUE
SCAMP5	TRUE
SCAND1	TRUE
SCAP	TRUE
SCAPER	TRUE
SCARA3	TRUE
SCARA5	TRUE
SCARB1	TRUE
SCARB2	TRUE
SCARF1	TRUE
SCART1	TRUE
SCCPDH	TRUE
SCD	TRUE
SCD5	TRUE
SCEL	TRUE
SCFD1	TRUE
SCFD2	TRUE
SCG2	TRUE
SCG3	FALSE
SCG5	TRUE
SCGB1A1	FALSE
SCGB1C2	FALSE
SCGB1D1	FALSE
SCGB1D2	FALSE
SCGB1D4	FALSE
SCGB2A1	TRUE
SCGB2A2	FALSE
SCGB2B2	FALSE
SCGB3A1	FALSE
SCGB3A2	FALSE
SCGN	TRUE
SCIMP	TRUE
SCIN	TRUE
SCLT1	TRUE
SCLY	TRUE
SCMH1	TRUE
SCML1	TRUE
SCML2	TRUE
SCML4	TRUE
SCN10A	FALSE
SCN11A	TRUE
SCN1A	FALSE
SCN1B	TRUE
SCN2A	TRUE
SCN2B	FALSE
SCN3A	FALSE
SCN3B	TRUE
SCN4A	TRUE
SCN4B	TRUE
SCN5A	TRUE
SCN7A	TRUE
SCN8A	TRUE
SCN9A	TRUE
SCNM1	TRUE
SCNN1A	TRUE
SCNN1B	TRUE
SCNN1D	TRUE
SCNN1G	FALSE
SCO1	TRUE
SCO2	TRUE
SCP2	TRUE
SCP2D1	TRUE
SCPEP1	TRUE
SCRIB	TRUE
SCRN1	TRUE
SCRN2	TRUE
SCRN3	TRUE
SCRT1	TRUE
SCRT2	TRUE
SCT	TRUE
SCTR	TRUE
SCUBE1	FALSE
SCUBE2	TRUE
SCUBE3	TRUE
SCX	TRUE
SCYGR4	FALSE
SCYGR8	FALSE
SCYL1	TRUE
SCYL3	TRUE
SDAD1	TRUE
SDC1	TRUE
SDC2	TRUE
SDC3	TRUE
SDC4	TRUE
SDCBP	TRUE
SDCBP2	TRUE
SDCCAG8	TRUE
SDE2	TRUE
SDF2	TRUE
SDF2L1	TRUE
SDF4	TRUE
SDHA	TRUE
SDHAF1	TRUE
SDHAF3	TRUE
SDHAF4	TRUE
SDHB	TRUE
SDK1	TRUE
SDK2	TRUE
SDR16C5	TRUE
SDR39U1	TRUE
SDR42E1	TRUE
SDR9C7	FALSE
SDS	TRUE
SDSL	TRUE
SEBOX	FALSE
SEC11A	TRUE
SEC11C	TRUE
SEC13	TRUE
SEC14L2	TRUE
SEC14L3	FALSE
SEC14L4	TRUE
SEC14L5	FALSE
SEC14L6	TRUE
SEC16A	TRUE
SEC16B	TRUE
SEC22A	TRUE
SEC22B	TRUE
SEC22C	TRUE
SEC23A	TRUE
SEC23B	TRUE
SEC23IP	TRUE
SEC24A	TRUE
SEC24B	TRUE
SEC24C	TRUE
SEC24D	TRUE
SEC31A	TRUE
SEC31B	TRUE
SEC61A1	TRUE
SEC61A2	TRUE
SEC61G	TRUE
SEC62	TRUE
SEC63	TRUE
SECISBP2	TRUE
SECISBP2L	TRUE
SECTM1	TRUE
SEH1L	TRUE
SEL1L	TRUE
SEL1L2	TRUE
SEL1L3	TRUE
SELE	TRUE
SELENBP1	TRUE
SELENOF	TRUE
SELENOH	TRUE
SELENOI	TRUE
SELENOK	TRUE
SELENOM	TRUE
SELENON	TRUE
SELENOO	TRUE
SELENOP	TRUE
SELENOS	TRUE
SELENOV	FALSE
SELENOW	TRUE
SELL	TRUE
SELP	TRUE
SELPLG	TRUE
SEM1	TRUE
SEMA3A	TRUE
SEMA3B	TRUE
SEMA3C	TRUE
SEMA3D	TRUE
SEMA3E	TRUE
SEMA3F	TRUE
SEMA3G	TRUE
SEMA4A	TRUE
SEMA4B	TRUE
SEMA4C	TRUE
SEMA4D	TRUE
SEMA4F	TRUE
SEMA4G	TRUE
SEMA5A	TRUE
SEMA5B	FALSE
SEMA6A	TRUE
SEMA6B	TRUE
SEMA6C	TRUE
SEMA6D	TRUE
SEMA7A	TRUE
SEMG1	TRUE
SEMG2	FALSE
SENP1	TRUE
SENP2	TRUE
SENP3	TRUE
SENP5	TRUE
SENP6	TRUE
SENP7	TRUE
SENP8	TRUE
SEPHS1	TRUE
SEPHS2	TRUE
SEPSECS	TRUE
SEPTIN1	TRUE
SEPTIN10	TRUE
SEPTIN11	TRUE
SEPTIN12	FALSE
SEPTIN14	FALSE
SEPTIN2	TRUE
SEPTIN3	TRUE
SEPTIN4	TRUE
SEPTIN5	TRUE
SEPTIN6	TRUE
SEPTIN7	TRUE
SEPTIN8	TRUE
SEPTIN9	TRUE
SERAC1	TRUE
SERBP1	TRUE
SERF2	TRUE
SERGEF	TRUE
SERINC1	TRUE
SERINC2	TRUE
SERINC3	TRUE
SERINC4	FALSE
SERINC5	TRUE
SERP1	TRUE
SERP2	TRUE
SERPINA1	TRUE
SERPINA10	TRUE
SERPINA11	TRUE
SERPINA12	FALSE
SERPINA3	TRUE
SERPINA4	TRUE
SERPINA5	TRUE
SERPINA6	TRUE
SERPINA7	TRUE
SERPINA9	FALSE
SERPINB1	TRUE
SERPINB10	FALSE
SERPINB11	FALSE
SERPINB12	FALSE
SERPINB13	FALSE
SERPINB2	FALSE
SERPINB3	FALSE
SERPINB5	TRUE
SERPINB6	TRUE
SERPINB7	FALSE
SERPINB8	TRUE
SERPINB9	TRUE
SERPINC1	TRUE
SERPIND1	TRUE
SERPINE1	TRUE
SERPINE2	TRUE
SERPINE3	TRUE
SERPINF1	TRUE
SERPINF2	TRUE
SERPING1	TRUE
SERPINI1	TRUE
SERPINI2	FALSE
SERTAD1	TRUE
SERTAD2	TRUE
SERTAD3	TRUE
SERTAD4	TRUE
SERTM1	FALSE
SERTM2	FALSE
SESN1	TRUE
SESN2	TRUE
SESN3	TRUE
SESTD1	TRUE
SET	TRUE
SETBP1	TRUE
SETD1A	TRUE
SETD1B	TRUE
SETD3	TRUE
SETD4	TRUE
SETD5	TRUE
SETD6	TRUE
SETD7	TRUE
SETD9	TRUE
SETDB1	TRUE
SETDB2	TRUE
SETMAR	TRUE
SETX	TRUE
SEZ6	FALSE
SEZ6L	FALSE
SEZ6L2	TRUE
SF1	TRUE
SF3A1	TRUE
SF3A3	TRUE
SF3B1	TRUE
SF3B2	TRUE
SF3B3	TRUE
SF3B4	TRUE
SF3B5	TRUE
SF3B6	TRUE
SFI1	TRUE
SFMBT1	TRUE
SFMBT2	TRUE
SFPQ	TRUE
SFR1	TRUE
SFRP1	TRUE
SFRP2	TRUE
SFRP4	TRUE
SFRP5	TRUE
SFSWAP	TRUE
SFT2D1	TRUE
SFT2D2	TRUE
SFT2D3	TRUE
SFTA2	TRUE
SFTA3	FALSE
SFTPB	FALSE
SFTPC	FALSE
SFTPD	TRUE
SFXN1	TRUE
SFXN2	TRUE
SFXN3	TRUE
SFXN4	TRUE
SGCA	TRUE
SGCB	TRUE
SGCD	TRUE
SGCE	TRUE
SGCG	FALSE
SGCZ	FALSE
SGF29	TRUE
SGIP1	TRUE
SGK1	TRUE
SGK2	TRUE
SGK3	TRUE
SGMS1	TRUE
SGMS2	TRUE
SGO1	TRUE
SGO2	TRUE
SGPL1	TRUE
SGPP1	TRUE
SGPP2	TRUE
SGSH	TRUE
SGSM1	TRUE
SGSM3	TRUE
SGTA	TRUE
SGTB	TRUE
SH2B1	TRUE
SH2B2	TRUE
SH2B3	TRUE
SH2D1A	TRUE
SH2D1B	FALSE
SH2D2A	TRUE
SH2D3A	TRUE
SH2D3C	TRUE
SH2D4A	TRUE
SH2D4B	TRUE
SH2D5	FALSE
SH2D6	FALSE
SH2D7	FALSE
SH3BGR	TRUE
SH3BGRL	TRUE
SH3BGRL2	TRUE
SH3BGRL3	TRUE
SH3BP1	TRUE
SH3BP2	TRUE
SH3BP4	TRUE
SH3BP5	TRUE
SH3BP5L	TRUE
SH3D19	TRUE
SH3D21	TRUE
SH3GL2	FALSE
SH3GL3	FALSE
SH3GLB1	TRUE
SH3GLB2	TRUE
SH3KBP1	TRUE
SH3PXD2A	TRUE
SH3PXD2B	TRUE
SH3RF1	TRUE
SH3RF2	TRUE
SH3RF3	TRUE
SH3TC1	TRUE
SH3TC2	TRUE
SH3YL1	TRUE
SHANK1	FALSE
SHANK2	TRUE
SHANK3	TRUE
SHARPIN	TRUE
SHB	TRUE
SHBG	TRUE
SHC1	TRUE
SHC2	TRUE
SHC3	TRUE
SHC4	FALSE
SHCBP1	TRUE
SHCBP1L	FALSE
SHD	TRUE
SHE	TRUE
SHF	TRUE
SHFL	TRUE
SHH	TRUE
SHISA2	TRUE
SHISA3	TRUE
SHISA4	TRUE
SHISA5	TRUE
SHISA6	FALSE
SHISA7	FALSE
SHISA8	FALSE
SHISA9	TRUE
SHISAL1	FALSE
SHISAL2A	TRUE
SHISAL2B	TRUE
SHKBP1	TRUE
SHLD1	TRUE
SHLD3	TRUE
SHMT2	TRUE
SHOC1	FALSE
SHOC2	TRUE
SHOX	FALSE
SHOX2	TRUE
SHPK	TRUE
SHPRH	TRUE
SHQ1	TRUE
SHROOM1	TRUE
SHROOM2	TRUE
SHROOM3	TRUE
SHROOM4	TRUE
SHTN1	TRUE
SI	TRUE
SIAE	TRUE
SIAH1	TRUE
SIAH2	TRUE
SIAH3	TRUE
SIDT1	TRUE
SIDT2	TRUE
SIGIRR	TRUE
SIGLEC1	TRUE
SIGLEC10	TRUE
SIGLEC11	FALSE
SIGLEC12	TRUE
SIGLEC14	TRUE
SIGLEC15	TRUE
SIGLEC5	TRUE
SIGLEC6	TRUE
SIGLEC7	TRUE
SIGLECL1	FALSE
SIGMAR1	TRUE
SIK2	TRUE
SIK3	TRUE
SIKE1	TRUE
SIL1	TRUE
SIM1	FALSE
SIM2	TRUE
SIMC1	TRUE
SIN3A	TRUE
SIN3B	TRUE
SINHCAF	TRUE
SIPA1	TRUE
SIPA1L1	TRUE
SIPA1L3	TRUE
SIRPA	TRUE
SIRPB2	TRUE
SIRPD	FALSE
SIRPG	TRUE
SIRT1	TRUE
SIRT2	TRUE
SIRT3	TRUE
SIRT4	TRUE
SIRT5	TRUE
SIRT6	TRUE
SIRT7	TRUE
SIT1	TRUE
SIVA1	TRUE
SIX1	TRUE
SIX2	TRUE
SIX3	FALSE
SIX4	TRUE
SIX5	TRUE
SIX6	FALSE
SKA1	TRUE
SKA2	FALSE
SKA3	TRUE
SKAP1	TRUE
SKAP2	TRUE
SKI	TRUE
SKIDA1	FALSE
SKIL	TRUE
SKIV2L	TRUE
SKOR1	TRUE
SKOR2	FALSE
SKP2	TRUE
SLA	TRUE
SLA2	TRUE
SLAIN1	TRUE
SLAIN2	TRUE
SLAMF1	TRUE
SLAMF6	TRUE
SLAMF7	TRUE
SLAMF8	TRUE
SLAMF9	TRUE
SLBP	TRUE
SLC10A1	TRUE
SLC10A2	TRUE
SLC10A3	TRUE
SLC10A4	TRUE
SLC10A5	TRUE
SLC10A6	TRUE
SLC10A7	TRUE
SLC11A1	TRUE
SLC11A2	TRUE
SLC12A1	FALSE
SLC12A2	TRUE
SLC12A3	FALSE
SLC12A4	TRUE
SLC12A5	FALSE
SLC12A6	TRUE
SLC12A7	TRUE
SLC12A8	TRUE
SLC12A9	TRUE
SLC13A1	FALSE
SLC13A2	TRUE
SLC13A3	TRUE
SLC13A4	FALSE
SLC13A5	TRUE
SLC14A1	TRUE
SLC14A2	FALSE
SLC15A1	TRUE
SLC15A2	TRUE
SLC15A3	TRUE
SLC15A4	TRUE
SLC15A5	TRUE
SLC16A1	TRUE
SLC16A10	TRUE
SLC16A11	TRUE
SLC16A12	TRUE
SLC16A13	TRUE
SLC16A14	TRUE
SLC16A2	TRUE
SLC16A3	TRUE
SLC16A4	TRUE
SLC16A5	TRUE
SLC16A6	TRUE
SLC16A7	TRUE
SLC16A8	TRUE
SLC16A9	TRUE
SLC17A1	TRUE
SLC17A2	TRUE
SLC17A3	TRUE
SLC17A4	TRUE
SLC17A5	TRUE
SLC17A6	FALSE
SLC17A7	FALSE
SLC17A8	TRUE
SLC17A9	TRUE
SLC18A1	FALSE
SLC18A2	FALSE
SLC18A3	TRUE
SLC18B1	TRUE
SLC19A1	TRUE
SLC19A2	TRUE
SLC19A3	TRUE
SLC1A1	TRUE
SLC1A2	TRUE
SLC1A3	TRUE
SLC1A4	TRUE
SLC1A5	TRUE
SLC1A6	FALSE
SLC1A7	FALSE
SLC20A1	TRUE
SLC20A2	TRUE
SLC22A1	TRUE
SLC22A10	TRUE
SLC22A11	TRUE
SLC22A12	FALSE
SLC22A13	TRUE
SLC22A14	TRUE
SLC22A15	TRUE
SLC22A16	FALSE
SLC22A17	TRUE
SLC22A18	TRUE
SLC22A18AS	TRUE
SLC22A2	FALSE
SLC22A23	TRUE
SLC22A24	FALSE
SLC22A3	TRUE
SLC22A31	TRUE
SLC22A4	TRUE
SLC22A5	TRUE
SLC22A6	FALSE
SLC22A7	TRUE
SLC22A8	FALSE
SLC22A9	TRUE
SLC23A1	TRUE
SLC23A2	TRUE
SLC23A3	TRUE
SLC24A2	FALSE
SLC24A3	TRUE
SLC25A1	TRUE
SLC25A10	TRUE
SLC25A11	TRUE
SLC25A12	TRUE
SLC25A13	TRUE
SLC25A14	TRUE
SLC25A15	TRUE
SLC25A16	TRUE
SLC25A17	TRUE
SLC25A18	TRUE
SLC25A19	TRUE
SLC25A2	FALSE
SLC25A21	FALSE
SLC25A22	TRUE
SLC25A23	TRUE
SLC25A24	TRUE
SLC25A25	TRUE
SLC25A26	TRUE
SLC25A27	TRUE
SLC25A28	TRUE
SLC25A29	TRUE
SLC25A30	TRUE
SLC25A31	FALSE
SLC25A32	TRUE
SLC25A33	TRUE
SLC25A34	TRUE
SLC25A35	TRUE
SLC25A36	TRUE
SLC25A37	TRUE
SLC25A39	TRUE
SLC25A4	TRUE
SLC25A40	TRUE
SLC25A41	FALSE
SLC25A42	TRUE
SLC25A43	TRUE
SLC25A44	TRUE
SLC25A45	TRUE
SLC25A46	TRUE
SLC25A47	TRUE
SLC25A48	TRUE
SLC26A1	TRUE
SLC26A10	TRUE
SLC26A11	TRUE
SLC26A2	TRUE
SLC26A3	TRUE
SLC26A4	TRUE
SLC26A5	TRUE
SLC26A6	TRUE
SLC26A7	FALSE
SLC26A8	TRUE
SLC26A9	FALSE
SLC27A1	TRUE
SLC27A2	TRUE
SLC27A3	TRUE
SLC27A5	TRUE
SLC27A6	FALSE
SLC28A1	TRUE
SLC28A2	FALSE
SLC28A3	TRUE
SLC29A1	TRUE
SLC29A2	TRUE
SLC29A3	TRUE
SLC2A1	TRUE
SLC2A10	TRUE
SLC2A11	TRUE
SLC2A12	TRUE
SLC2A13	TRUE
SLC2A2	TRUE
SLC2A3	TRUE
SLC2A4	TRUE
SLC2A4RG	TRUE
SLC2A5	TRUE
SLC2A6	TRUE
SLC2A7	FALSE
SLC2A8	TRUE
SLC2A9	TRUE
SLC30A1	TRUE
SLC30A10	TRUE
SLC30A2	TRUE
SLC30A3	TRUE
SLC30A4	TRUE
SLC30A5	TRUE
SLC30A6	TRUE
SLC30A7	TRUE
SLC30A8	FALSE
SLC30A9	TRUE
SLC31A1	TRUE
SLC31A2	TRUE
SLC32A1	TRUE
SLC33A1	TRUE
SLC34A1	FALSE
SLC34A2	TRUE
SLC34A3	TRUE
SLC35A1	TRUE
SLC35A2	TRUE
SLC35A3	TRUE
SLC35A4	TRUE
SLC35A5	TRUE
SLC35B1	TRUE
SLC35B2	TRUE
SLC35B3	TRUE
SLC35B4	TRUE
SLC35C1	TRUE
SLC35C2	TRUE
SLC35D1	TRUE
SLC35D2	TRUE
SLC35D3	TRUE
SLC35E1	TRUE
SLC35E3	TRUE
SLC35E4	TRUE
SLC35F1	FALSE
SLC35F2	TRUE
SLC35F3	FALSE
SLC35F4	FALSE
SLC35F5	TRUE
SLC35F6	TRUE
SLC35G1	TRUE
SLC35G2	TRUE
SLC35G3	FALSE
SLC35G5	TRUE
SLC36A1	TRUE
SLC36A2	FALSE
SLC36A3	FALSE
SLC36A4	TRUE
SLC37A1	TRUE
SLC37A2	TRUE
SLC37A3	TRUE
SLC37A4	TRUE
SLC38A1	TRUE
SLC38A10	TRUE
SLC38A11	TRUE
SLC38A2	TRUE
SLC38A3	TRUE
SLC38A4	TRUE
SLC38A5	TRUE
SLC38A6	TRUE
SLC38A7	TRUE
SLC38A8	FALSE
SLC38A9	TRUE
SLC39A1	TRUE
SLC39A10	TRUE
SLC39A11	TRUE
SLC39A12	TRUE
SLC39A13	TRUE
SLC39A14	TRUE
SLC39A2	TRUE
SLC39A3	TRUE
SLC39A4	TRUE
SLC39A5	TRUE
SLC39A6	TRUE
SLC39A7	TRUE
SLC39A8	TRUE
SLC39A9	TRUE
SLC3A1	TRUE
SLC3A2	TRUE
SLC40A1	TRUE
SLC41A1	TRUE
SLC41A2	TRUE
SLC41A3	TRUE
SLC43A1	TRUE
SLC43A2	TRUE
SLC43A3	TRUE
SLC44A1	TRUE
SLC44A2	TRUE
SLC44A3	TRUE
SLC44A4	TRUE
SLC44A5	TRUE
SLC45A1	TRUE
SLC45A2	TRUE
SLC45A3	TRUE
SLC45A4	TRUE
SLC46A1	TRUE
SLC46A2	TRUE
SLC46A3	TRUE
SLC47A1	TRUE
SLC47A2	FALSE
SLC48A1	TRUE
SLC49A3	TRUE
SLC49A4	TRUE
SLC4A1	FALSE
SLC4A10	TRUE
SLC4A11	TRUE
SLC4A1AP	TRUE
SLC4A2	TRUE
SLC4A4	TRUE
SLC4A5	TRUE
SLC4A7	TRUE
SLC4A8	TRUE
SLC4A9	FALSE
SLC50A1	TRUE
SLC51A	TRUE
SLC51B	TRUE
SLC52A3	TRUE
SLC5A1	TRUE
SLC5A10	FALSE
SLC5A11	FALSE
SLC5A12	TRUE
SLC5A2	TRUE
SLC5A3	TRUE
SLC5A4	TRUE
SLC5A5	FALSE
SLC5A6	TRUE
SLC5A7	TRUE
SLC5A8	FALSE
SLC5A9	TRUE
SLC66A1	TRUE
SLC66A1L	TRUE
SLC66A2	TRUE
SLC66A3	TRUE
SLC6A1	TRUE
SLC6A11	FALSE
SLC6A12	TRUE
SLC6A13	TRUE
SLC6A14	TRUE
SLC6A15	TRUE
SLC6A16	TRUE
SLC6A17	FALSE
SLC6A18	TRUE
SLC6A19	TRUE
SLC6A2	TRUE
SLC6A20	TRUE
SLC6A3	TRUE
SLC6A4	TRUE
SLC6A5	FALSE
SLC6A7	TRUE
SLC6A9	TRUE
SLC7A1	TRUE
SLC7A10	FALSE
SLC7A11	TRUE
SLC7A13	TRUE
SLC7A14	TRUE
SLC7A2	TRUE
SLC7A3	FALSE
SLC7A4	TRUE
SLC7A5	TRUE
SLC7A6	TRUE
SLC7A6OS	TRUE
SLC7A7	TRUE
SLC7A8	TRUE
SLC7A9	TRUE
SLC8A1	TRUE
SLC8A2	FALSE
SLC8A3	TRUE
SLC8B1	TRUE
SLC9A1	TRUE
SLC9A2	TRUE
SLC9A3	TRUE
SLC9A3R1	TRUE
SLC9A3R2	TRUE
SLC9A4	TRUE
SLC9A5	TRUE
SLC9A6	TRUE
SLC9A8	TRUE
SLC9A9	TRUE
SLC9B1	TRUE
SLC9B2	TRUE
SLC9C1	TRUE
SLC9C2	FALSE
SLCO1A2	TRUE
SLCO1B1	TRUE
SLCO1B3	TRUE
SLCO1C1	TRUE
SLCO2A1	TRUE
SLCO2B1	TRUE
SLCO3A1	TRUE
SLCO4A1	TRUE
SLCO4C1	TRUE
SLCO5A1	TRUE
SLCO6A1	FALSE
SLF1	TRUE
SLF2	TRUE
SLFN11	TRUE
SLFN12	TRUE
SLFN12L	TRUE
SLFN13	TRUE
SLFN14	FALSE
SLFN5	TRUE
SLFNL1	TRUE
SLIRP	TRUE
SLIT1	FALSE
SLIT2	TRUE
SLIT3	TRUE
SLITRK1	TRUE
SLITRK2	FALSE
SLITRK3	TRUE
SLITRK4	FALSE
SLITRK5	TRUE
SLITRK6	TRUE
SLK	TRUE
SLMAP	TRUE
SLN	FALSE
SLPI	TRUE
SLTM	TRUE
SLU7	TRUE
SLURP1	FALSE
SLURP2	TRUE
SLX4	TRUE
SLX4IP	TRUE
SMAD1	TRUE
SMAD2	TRUE
SMAD3	TRUE
SMAD4	TRUE
SMAD5	TRUE
SMAD6	TRUE
SMAD7	TRUE
SMAD9	TRUE
SMAGP	TRUE
SMAP1	TRUE
SMAP2	TRUE
SMARCA1	TRUE
SMARCA2	TRUE
SMARCA4	TRUE
SMARCA5	TRUE
SMARCAD1	TRUE
SMARCAL1	TRUE
SMARCB1	TRUE
SMARCC1	TRUE
SMARCC2	TRUE
SMARCD1	TRUE
SMARCD2	TRUE
SMARCE1	TRUE
SMC1A	TRUE
SMC1B	FALSE
SMC2	TRUE
SMC3	TRUE
SMC4	TRUE
SMC5	TRUE
SMC6	TRUE
SMCHD1	TRUE
SMCO1	FALSE
SMCO2	TRUE
SMCO3	TRUE
SMCO4	TRUE
SMCP	FALSE
SMCR8	TRUE
SMDT1	TRUE
SMG1	TRUE
SMG5	TRUE
SMG6	TRUE
SMG7	TRUE
SMG8	TRUE
SMG9	TRUE
SMIM1	TRUE
SMIM10	TRUE
SMIM10L1	TRUE
SMIM10L2A	TRUE
SMIM12	TRUE
SMIM13	TRUE
SMIM14	TRUE
SMIM15	TRUE
SMIM17	TRUE
SMIM18	FALSE
SMIM19	TRUE
SMIM2	TRUE
SMIM20	TRUE
SMIM21	FALSE
SMIM22	TRUE
SMIM23	FALSE
SMIM24	TRUE
SMIM26	TRUE
SMIM27	TRUE
SMIM28	FALSE
SMIM29	TRUE
SMIM3	TRUE
SMIM31	TRUE
SMIM32	TRUE
SMIM33	TRUE
SMIM35	TRUE
SMIM36	FALSE
SMIM38	TRUE
SMIM4	TRUE
SMIM41	TRUE
SMIM5	TRUE
SMIM6	TRUE
SMIM8	TRUE
SMIM9	FALSE
SMKR1	TRUE
SMLR1	TRUE
SMNDC1	TRUE
SMO	TRUE
SMOC1	TRUE
SMOC2	TRUE
SMOX	TRUE
SMPD1	TRUE
SMPD2	TRUE
SMPD3	TRUE
SMPD4	TRUE
SMPDL3A	TRUE
SMPDL3B	TRUE
SMPX	TRUE
SMR3B	FALSE
SMS	TRUE
SMTN	TRUE
SMTNL1	FALSE
SMTNL2	TRUE
SMU1	TRUE
SMUG1	TRUE
SMURF1	TRUE
SMURF2	TRUE
SMYD1	TRUE
SMYD2	TRUE
SMYD3	TRUE
SMYD4	TRUE
SMYD5	TRUE
SNAI1	TRUE
SNAI2	TRUE
SNAI3	TRUE
SNAP23	TRUE
SNAP25	TRUE
SNAP29	TRUE
SNAP47	TRUE
SNAP91	FALSE
SNAPC1	TRUE
SNAPC2	TRUE
SNAPC3	TRUE
SNAPC4	TRUE
SNAPC5	TRUE
SNAPIN	TRUE
SNCA	TRUE
SNCAIP	TRUE
SNCB	FALSE
SNCG	TRUE
SND1	TRUE
SNED1	TRUE
SNF8	TRUE
SNHG32	TRUE
SNIP1	TRUE
SNN	TRUE
SNORC	TRUE
SNPH	TRUE
SNRK	TRUE
SNRNP200	TRUE
SNRNP25	TRUE
SNRNP35	TRUE
SNRNP40	TRUE
SNRNP48	TRUE
SNRNP70	TRUE
SNRPA	TRUE
SNRPA1	TRUE
SNRPB	TRUE
SNRPB2	TRUE
SNRPC	TRUE
SNRPD1	TRUE
SNRPE	TRUE
SNRPF	TRUE
SNRPG	TRUE
SNTA1	TRUE
SNTB1	TRUE
SNTB2	TRUE
SNTG1	TRUE
SNTG2	FALSE
SNTN	FALSE
SNU13	TRUE
SNUPN	TRUE
SNX1	TRUE
SNX10	TRUE
SNX11	TRUE
SNX13	TRUE
SNX14	TRUE
SNX15	TRUE
SNX16	TRUE
SNX17	TRUE
SNX18	TRUE
SNX19	TRUE
SNX2	TRUE
SNX20	TRUE
SNX21	TRUE
SNX22	FALSE
SNX24	TRUE
SNX25	TRUE
SNX27	TRUE
SNX29	TRUE
SNX3	TRUE
SNX30	TRUE
SNX31	FALSE
SNX32	FALSE
SNX33	TRUE
SNX4	TRUE
SNX5	TRUE
SNX6	TRUE
SNX7	TRUE
SNX8	TRUE
SNX9	TRUE
SOAT1	TRUE
SOAT2	TRUE
SOBP	TRUE
SOCS1	TRUE
SOCS2	TRUE
SOCS3	TRUE
SOCS4	TRUE
SOCS5	TRUE
SOCS6	TRUE
SOCS7	TRUE
SOD1	TRUE
SOD2	TRUE
SOD3	TRUE
SOGA1	TRUE
SOGA3	TRUE
SOHLH1	FALSE
SOHLH2	FALSE
SON	TRUE
SORBS1	TRUE
SORBS2	TRUE
SORBS3	TRUE
SORCS1	FALSE
SORCS2	TRUE
SORCS3	FALSE
SORL1	TRUE
SORT1	TRUE
SOS1	TRUE
SOS2	TRUE
SOST	TRUE
SOSTDC1	TRUE
SOWAHA	TRUE
SOWAHB	TRUE
SOWAHC	TRUE
SOWAHD	TRUE
SOX1	TRUE
SOX10	FALSE
SOX12	TRUE
SOX13	TRUE
SOX17	TRUE
SOX18	TRUE
SOX2	TRUE
SOX21	TRUE
SOX3	FALSE
SOX30	TRUE
SOX4	TRUE
SOX5	TRUE
SOX6	TRUE
SOX7	TRUE
SOX8	TRUE
SOX9	TRUE
SP1	TRUE
SP100	TRUE
SP110	TRUE
SP140	TRUE
SP140L	TRUE
SP2	TRUE
SP3	TRUE
SP4	TRUE
SP5	TRUE
SP6	TRUE
SP7	FALSE
SP8	TRUE
SP9	TRUE
SPA17	TRUE
SPAAR	TRUE
SPACA1	FALSE
SPACA3	TRUE
SPACA4	TRUE
SPACA6	TRUE
SPACA7	FALSE
SPACA9	TRUE
SPAG1	TRUE
SPAG16	TRUE
SPAG17	TRUE
SPAG4	TRUE
SPAG5	TRUE
SPAG6	FALSE
SPAG7	TRUE
SPAG8	TRUE
SPAG9	TRUE
SPAM1	TRUE
SPANXB1	FALSE
SPANXD	TRUE
SPANXN1	FALSE
SPANXN3	FALSE
SPANXN4	FALSE
SPANXN5	FALSE
SPARC	TRUE
SPARCL1	TRUE
SPART	TRUE
SPAST	TRUE
SPATA1	TRUE
SPATA12	TRUE
SPATA13	TRUE
SPATA16	TRUE
SPATA17	TRUE
SPATA18	TRUE
SPATA19	FALSE
SPATA2	TRUE
SPATA20	TRUE
SPATA21	TRUE
SPATA22	FALSE
SPATA24	TRUE
SPATA2L	TRUE
SPATA3	FALSE
SPATA31A6	FALSE
SPATA31D1	FALSE
SPATA31D3	FALSE
SPATA32	FALSE
SPATA33	TRUE
SPATA4	FALSE
SPATA45	TRUE
SPATA46	TRUE
SPATA48	FALSE
SPATA5	TRUE
SPATA5L1	TRUE
SPATA6	TRUE
SPATA6L	TRUE
SPATA7	TRUE
SPATA8	FALSE
SPATA9	FALSE
SPATC1	TRUE
SPATC1L	TRUE
SPATS1	FALSE
SPATS2	TRUE
SPATS2L	TRUE
SPC24	TRUE
SPC25	TRUE
SPCS1	TRUE
SPCS3	TRUE
SPDEF	TRUE
SPDL1	TRUE
SPDYA	FALSE
SPDYC	TRUE
SPDYE4	FALSE
SPDYE5	FALSE
SPDYE6	TRUE
SPECC1	TRUE
SPECC1L	TRUE
SPEF1	FALSE
SPEF2	TRUE
SPEG	TRUE
SPEGNB	TRUE
SPEM1	FALSE
SPEM2	FALSE
SPEM3	FALSE
SPEN	TRUE
SPERT	TRUE
SPESP1	TRUE
SPG11	TRUE
SPG21	TRUE
SPG7	TRUE
SPHK1	TRUE
SPHK2	TRUE
SPHKAP	FALSE
SPI1	TRUE
SPIB	TRUE
SPIC	FALSE
SPICE1	TRUE
SPIDR	TRUE
SPIN1	TRUE
SPIN2B	TRUE
SPIN3	TRUE
SPIN4	TRUE
SPINDOC	TRUE
SPINK1	TRUE
SPINK13	FALSE
SPINK14	FALSE
SPINK2	TRUE
SPINK4	TRUE
SPINK5	TRUE
SPINK6	FALSE
SPINK7	FALSE
SPINK8	FALSE
SPINK9	FALSE
SPINT1	TRUE
SPINT2	TRUE
SPINT3	TRUE
SPINT4	TRUE
SPIRE1	TRUE
SPIRE2	TRUE
SPN	TRUE
SPNS1	TRUE
SPNS2	TRUE
SPNS3	TRUE
SPO11	TRUE
SPOCD1	TRUE
SPOCK1	TRUE
SPOCK2	TRUE
SPOCK3	FALSE
SPON1	TRUE
SPON2	TRUE
SPOP	TRUE
SPOPL	TRUE
SPOUT1	TRUE
SPP1	TRUE
SPP2	TRUE
SPPL2A	TRUE
SPPL2B	TRUE
SPPL2C	FALSE
SPPL3	TRUE
SPR	TRUE
SPRED1	TRUE
SPRED2	TRUE
SPRED3	TRUE
SPRR1B	TRUE
SPRR2A	FALSE
SPRR2B	FALSE
SPRR2D	FALSE
SPRR2F	TRUE
SPRR2G	FALSE
SPRR3	FALSE
SPRR4	FALSE
SPRR5	FALSE
SPRTN	TRUE
SPRY1	TRUE
SPRY2	TRUE
SPRY3	TRUE
SPRY4	TRUE
SPRYD3	TRUE
SPRYD4	TRUE
SPRYD7	TRUE
SPSB1	TRUE
SPSB2	TRUE
SPSB3	TRUE
SPSB4	TRUE
SPTA1	FALSE
SPTAN1	TRUE
SPTB	TRUE
SPTBN1	TRUE
SPTBN4	FALSE
SPTBN5	TRUE
SPTLC1	TRUE
SPTLC2	TRUE
SPTLC3	TRUE
SPTSSA	TRUE
SPTSSB	TRUE
SPTY2D1	TRUE
SPTY2D1OS	TRUE
SPX	TRUE
SPZ1	TRUE
SQLE	TRUE
SQOR	TRUE
SQSTM1	TRUE
SRA1	TRUE
SRARP	TRUE
SRBD1	TRUE
SRC	TRUE
SRCAP	TRUE
SRCIN1	TRUE
SRD5A1	TRUE
SRD5A2	TRUE
SRD5A3	TRUE
SREBF1	TRUE
SREBF2	TRUE
SREK1IP1	TRUE
SRF	TRUE
SRFBP1	TRUE
SRGAP1	TRUE
SRGAP3	TRUE
SRGN	TRUE
SRI	TRUE
SRL	TRUE
SRM	TRUE
SRMS	TRUE
SRP19	TRUE
SRP54	TRUE
SRP68	TRUE
SRP72	TRUE
SRP9	TRUE
SRPK1	TRUE
SRPK3	TRUE
SRPRA	TRUE
SRPRB	TRUE
SRPX	TRUE
SRPX2	TRUE
SRR	TRUE
SRRD	TRUE
SRRM1	TRUE
SRRM2	TRUE
SRRM4	FALSE
SRRM5	TRUE
SRRT	TRUE
SRSF1	TRUE
SRSF10	TRUE
SRSF11	TRUE
SRSF12	TRUE
SRSF2	TRUE
SRSF3	TRUE
SRSF4	TRUE
SRSF5	TRUE
SRSF7	TRUE
SRSF8	TRUE
SRSF9	TRUE
SRXN1	TRUE
SRY	FALSE
SS18	TRUE
SS18L1	TRUE
SSBP1	TRUE
SSBP2	TRUE
SSBP3	TRUE
SSBP4	TRUE
SSC4D	TRUE
SSC5D	TRUE
SSH1	TRUE
SSH2	TRUE
SSH3	TRUE
SSMEM1	TRUE
SSNA1	TRUE
SSPN	TRUE
SSPO	TRUE
SSR1	TRUE
SSR2	TRUE
SSR3	TRUE
SSR4	TRUE
SSRP1	TRUE
SST	FALSE
SSTR1	TRUE
SSTR2	TRUE
SSTR3	FALSE
SSTR4	TRUE
SSTR5	TRUE
SSU72	TRUE
SSU72P8	TRUE
SSUH2	TRUE
SSX3	TRUE
SSX5	FALSE
ST13	TRUE
ST14	TRUE
ST18	TRUE
ST3GAL1	TRUE
ST3GAL2	TRUE
ST3GAL3	TRUE
ST3GAL4	TRUE
ST3GAL5	TRUE
ST3GAL6	TRUE
ST5	TRUE
ST6GAL1	TRUE
ST6GAL2	TRUE
ST6GALNAC1	TRUE
ST6GALNAC2	TRUE
ST6GALNAC3	TRUE
ST6GALNAC4	TRUE
ST6GALNAC5	TRUE
ST6GALNAC6	TRUE
ST7	TRUE
ST7L	TRUE
ST8SIA1	TRUE
ST8SIA2	TRUE
ST8SIA3	FALSE
ST8SIA4	TRUE
ST8SIA5	FALSE
ST8SIA6	TRUE
STAB1	TRUE
STAB2	TRUE
STAC	FALSE
STAC2	FALSE
STAC3	TRUE
STAG1	TRUE
STAG2	TRUE
STAG3	TRUE
STAM	TRUE
STAM2	TRUE
STAMBP	TRUE
STAMBPL1	TRUE
STAP1	TRUE
STAP2	TRUE
STAR	FALSE
STARD10	TRUE
STARD13	TRUE
STARD3	TRUE
STARD3NL	TRUE
STARD4	TRUE
STARD5	TRUE
STARD6	FALSE
STARD7	TRUE
STARD8	TRUE
STARD9	TRUE
STAT1	TRUE
STAT2	TRUE
STAT3	TRUE
STAT4	TRUE
STAT5A	TRUE
STAT5B	TRUE
STAT6	TRUE
STATH	FALSE
STAU1	TRUE
STAU2	TRUE
STBD1	TRUE
STC1	TRUE
STC2	TRUE
STEAP1	TRUE
STEAP2	TRUE
STEAP3	TRUE
STEAP4	TRUE
STH	FALSE
STIL	TRUE
STIM1	TRUE
STIM2	TRUE
STIMATE	TRUE
STK10	TRUE
STK11	TRUE
STK11IP	TRUE
STK16	TRUE
STK17A	TRUE
STK17B	TRUE
STK19	TRUE
STK25	TRUE
STK26	TRUE
STK3	TRUE
STK31	TRUE
STK32A	FALSE
STK32B	TRUE
STK32C	TRUE
STK33	FALSE
STK35	TRUE
STK36	TRUE
STK38	TRUE
STK38L	TRUE
STK39	TRUE
STK4	TRUE
STK40	TRUE
STKLD1	TRUE
STMN1	TRUE
STMN2	TRUE
STMN3	TRUE
STMN4	FALSE
STMND1	FALSE
STMP1	TRUE
STN1	TRUE
STOM	TRUE
STOML1	TRUE
STOML2	TRUE
STOML3	FALSE
STON2	TRUE
STOX1	TRUE
STOX2	TRUE
STPG1	TRUE
STPG2	TRUE
STPG3	FALSE
STRA6	TRUE
STRA8	FALSE
STRADA	TRUE
STRADB	TRUE
STRAP	TRUE
STRBP	TRUE
STRC	FALSE
STRIP1	TRUE
STRIP2	TRUE
STRIT1	FALSE
STRN	TRUE
STRN3	TRUE
STRN4	TRUE
STS	TRUE
STT3A	TRUE
STT3B	TRUE
STUB1	TRUE
STUM	TRUE
STX10	TRUE
STX11	TRUE
STX12	TRUE
STX16	TRUE
STX17	TRUE
STX19	TRUE
STX1A	TRUE
STX1B	TRUE
STX2	TRUE
STX3	TRUE
STX4	TRUE
STX5	TRUE
STX6	TRUE
STX7	TRUE
STX8	TRUE
STXBP1	TRUE
STXBP2	TRUE
STXBP3	TRUE
STXBP4	TRUE
STXBP5	TRUE
STXBP5L	FALSE
STXBP6	TRUE
STYK1	TRUE
STYX	TRUE
STYXL1	TRUE
SUCLG1	TRUE
SUCLG2	TRUE
SUCNR1	TRUE
SUCO	TRUE
SUDS3	TRUE
SUFU	TRUE
SUGCT	TRUE
SUGP1	TRUE
SUGP2	TRUE
SUGT1	TRUE
SULF1	TRUE
SULF2	TRUE
SULT1A1	TRUE
SULT1A2	TRUE
SULT1B1	TRUE
SULT1C2	TRUE
SULT1C3	TRUE
SULT1C4	TRUE
SULT1E1	TRUE
SULT2A1	TRUE
SULT2B1	TRUE
SULT4A1	FALSE
SULT6B1	FALSE
SUMF1	TRUE
SUMF2	TRUE
SUMO3	TRUE
SUMO4	TRUE
SUN1	TRUE
SUN2	TRUE
SUN3	TRUE
SUN5	TRUE
SUOX	TRUE
SUPT16H	TRUE
SUPT20H	TRUE
SUPT3H	TRUE
SUPT4H1	TRUE
SUPT5H	TRUE
SUPT6H	TRUE
SUPT7L	TRUE
SUPV3L1	TRUE
SURF1	TRUE
SURF2	TRUE
SURF4	TRUE
SURF6	TRUE
SUSD1	TRUE
SUSD2	TRUE
SUSD3	TRUE
SUSD4	TRUE
SUSD5	TRUE
SUSD6	TRUE
SUV39H1	TRUE
SUV39H2	TRUE
SUZ12	TRUE
SV2A	TRUE
SV2B	FALSE
SV2C	FALSE
SVBP	TRUE
SVEP1	TRUE
SVIL	TRUE
SVIP	TRUE
SVOP	FALSE
SVOPL	TRUE
SWAP70	TRUE
SWI5	TRUE
SWSAP1	TRUE
SWT1	TRUE
SYAP1	TRUE
SYBU	TRUE
SYCE1	TRUE
SYCE1L	FALSE
SYCE2	FALSE
SYCE3	TRUE
SYCN	FALSE
SYCP1	FALSE
SYCP2	TRUE
SYCP2L	TRUE
SYCP3	TRUE
SYDE1	TRUE
SYDE2	TRUE
SYF2	TRUE
SYK	TRUE
SYMPK	TRUE
SYN1	TRUE
SYN2	FALSE
SYN3	TRUE
SYNC	TRUE
SYNCRIP	TRUE
SYNDIG1	TRUE
SYNDIG1L	FALSE
SYNE1	TRUE
SYNE2	TRUE
SYNE3	TRUE
SYNE4	TRUE
SYNGAP1	TRUE
SYNGR1	TRUE
SYNGR2	TRUE
SYNGR3	TRUE
SYNGR4	FALSE
SYNJ1	TRUE
SYNJ2	TRUE
SYNJ2BP	TRUE
SYNM	TRUE
SYNPO	TRUE
SYNPO2	TRUE
SYNPO2L	FALSE
SYNPR	TRUE
SYNRG	TRUE
SYP	TRUE
SYPL1	TRUE
SYPL2	TRUE
SYS1	TRUE
SYT1	TRUE
SYT10	FALSE
SYT11	TRUE
SYT12	TRUE
SYT13	TRUE
SYT14	FALSE
SYT16	FALSE
SYT17	TRUE
SYT2	FALSE
SYT3	FALSE
SYT4	FALSE
SYT5	TRUE
SYT6	FALSE
SYT7	TRUE
SYT8	TRUE
SYT9	TRUE
SYTL1	TRUE
SYTL2	TRUE
SYTL3	TRUE
SYTL4	TRUE
SYTL5	TRUE
SYVN1	TRUE
SZRD1	TRUE
SZT2	TRUE
TAAR1	FALSE
TAAR2	FALSE
TAAR5	FALSE
TAAR6	TRUE
TAAR8	FALSE
TAAR9	FALSE
TAB1	TRUE
TAB2	TRUE
TAB3	TRUE
TAC1	TRUE
TAC3	TRUE
TAC4	FALSE
TACC1	TRUE
TACC2	TRUE
TACC3	TRUE
TACO1	TRUE
TACR1	FALSE
TACR3	FALSE
TACSTD2	TRUE
TADA1	TRUE
TADA2A	TRUE
TADA2B	TRUE
TADA3	TRUE
TAF1	TRUE
TAF10	TRUE
TAF11	TRUE
TAF11L11	FALSE
TAF11L13	FALSE
TAF11L14	FALSE
TAF11L4	TRUE
TAF12	TRUE
TAF15	TRUE
TAF1A	TRUE
TAF1B	TRUE
TAF1C	TRUE
TAF1D	TRUE
TAF2	TRUE
TAF3	FALSE
TAF4	TRUE
TAF4B	TRUE
TAF5	TRUE
TAF6	TRUE
TAF6L	TRUE
TAF7	TRUE
TAF7L	TRUE
TAF8	TRUE
TAFA1	FALSE
TAFA2	FALSE
TAFA3	TRUE
TAFA4	FALSE
TAFA5	TRUE
TAGAP	TRUE
TAGLN	TRUE
TAGLN2	TRUE
TAGLN3	TRUE
TAL2	TRUE
TALDO1	TRUE
TAMM41	TRUE
TANC1	TRUE
TANC2	TRUE
TANGO2	TRUE
TANGO6	TRUE
TANK	TRUE
TAOK1	TRUE
TAOK2	TRUE
TAOK3	TRUE
TAP1	TRUE
TAP2	TRUE
TAPBP	TRUE
TAPBPL	TRUE
TAPT1	TRUE
TARBP1	TRUE
TARBP2	TRUE
TARM1	FALSE
TARS	TRUE
TARS2	TRUE
TARSL2	TRUE
TAS1R1	FALSE
TAS1R2	FALSE
TAS1R3	TRUE
TAS2R1	FALSE
TAS2R14	TRUE
TAS2R16	FALSE
TAS2R38	TRUE
TAS2R39	FALSE
TAS2R4	TRUE
TAS2R40	TRUE
TAS2R42	FALSE
TAS2R50	FALSE
TAS2R7	FALSE
TAS2R8	FALSE
TAS2R9	FALSE
TASOR	TRUE
TASOR2	TRUE
TASP1	TRUE
TAT	TRUE
TATDN1	TRUE
TATDN3	TRUE
TAX1BP1	TRUE
TAX1BP3	TRUE
TAZ	TRUE
TBATA	FALSE
TBC1D1	TRUE
TBC1D10A	TRUE
TBC1D10B	TRUE
TBC1D10C	TRUE
TBC1D12	TRUE
TBC1D13	TRUE
TBC1D14	TRUE
TBC1D15	TRUE
TBC1D16	TRUE
TBC1D17	TRUE
TBC1D19	TRUE
TBC1D2	TRUE
TBC1D20	TRUE
TBC1D21	FALSE
TBC1D22A	TRUE
TBC1D22B	TRUE
TBC1D23	TRUE
TBC1D24	TRUE
TBC1D25	TRUE
TBC1D28	FALSE
TBC1D2B	TRUE
TBC1D30	TRUE
TBC1D31	TRUE
TBC1D32	TRUE
TBC1D3B	TRUE
TBC1D4	TRUE
TBC1D5	TRUE
TBC1D7	TRUE
TBC1D8	TRUE
TBC1D8B	TRUE
TBC1D9	TRUE
TBC1D9B	TRUE
TBCB	TRUE
TBCC	TRUE
TBCD	TRUE
TBCE	TRUE
TBCEL	TRUE
TBCK	TRUE
TBK1	TRUE
TBKBP1	TRUE
TBL1X	TRUE
TBL1XR1	TRUE
TBL1Y	FALSE
TBL2	TRUE
TBL3	TRUE
TBP	TRUE
TBPL1	TRUE
TBPL2	FALSE
TBR1	FALSE
TBRG1	TRUE
TBRG4	TRUE
TBX1	TRUE
TBX10	TRUE
TBX15	TRUE
TBX18	TRUE
TBX19	TRUE
TBX2	TRUE
TBX21	TRUE
TBX22	FALSE
TBX3	TRUE
TBX4	FALSE
TBX5	FALSE
TBX6	TRUE
TBXA2R	TRUE
TBXAS1	TRUE
TBXT	TRUE
TC2N	TRUE
TCAF1	TRUE
TCAIM	TRUE
TCAP	TRUE
TCEA2	TRUE
TCEA3	TRUE
TCEAL1	TRUE
TCEAL2	FALSE
TCEAL3	TRUE
TCEAL4	TRUE
TCEAL5	FALSE
TCEAL7	TRUE
TCEAL8	TRUE
TCEAL9	TRUE
TCEANC	TRUE
TCEANC2	TRUE
TCERG1	TRUE
TCERG1L	FALSE
TCF12	TRUE
TCF15	TRUE
TCF19	TRUE
TCF20	TRUE
TCF21	TRUE
TCF23	FALSE
TCF24	FALSE
TCF25	TRUE
TCF4	TRUE
TCF7	TRUE
TCF7L1	TRUE
TCF7L2	TRUE
TCFL5	TRUE
TCHH	TRUE
TCHHL1	FALSE
TCHP	TRUE
TCIM	TRUE
TCIRG1	TRUE
TCL1A	TRUE
TCL1B	FALSE
TCN1	TRUE
TCN2	TRUE
TCOF1	TRUE
TCP1	TRUE
TCP10L	TRUE
TCP10L2	TRUE
TCP11	FALSE
TCP11L1	TRUE
TCP11L2	TRUE
TCTA	TRUE
TCTE1	FALSE
TCTE3	TRUE
TCTEX1D1	FALSE
TCTEX1D2	TRUE
TCTEX1D4	TRUE
TCTN1	TRUE
TCTN2	TRUE
TCTN3	TRUE
TDG	TRUE
TDO2	TRUE
TDP1	TRUE
TDP2	TRUE
TDRD1	FALSE
TDRD10	TRUE
TDRD12	FALSE
TDRD15	TRUE
TDRD3	TRUE
TDRD5	TRUE
TDRD6	TRUE
TDRD7	TRUE
TDRD9	TRUE
TDRKH	TRUE
TDRP	TRUE
TEAD1	TRUE
TEAD2	TRUE
TEAD3	TRUE
TEAD4	TRUE
TEC	TRUE
TECPR1	TRUE
TECPR2	TRUE
TECRL	FALSE
TECTA	FALSE
TECTB	FALSE
TEDC1	TRUE
TEDC2	TRUE
TEDDM1	FALSE
TEF	TRUE
TEFM	TRUE
TEK	TRUE
TEKT1	FALSE
TEKT2	FALSE
TEKT3	FALSE
TEKT5	TRUE
TELO2	TRUE
TEN1	TRUE
TENM1	TRUE
TENM2	FALSE
TENM3	FALSE
TENM4	TRUE
TENT2	TRUE
TENT4A	TRUE
TENT4B	TRUE
TENT5A	TRUE
TENT5B	TRUE
TENT5C	TRUE
TENT5D	FALSE
TEP1	TRUE
TEPP	FALSE
TEPSIN	TRUE
TERB1	TRUE
TERB2	FALSE
TERF1	TRUE
TERF2	TRUE
TERF2IP	TRUE
TERT	TRUE
TES	TRUE
TESC	TRUE
TESK1	TRUE
TESK2	TRUE
TESMIN	TRUE
TESPA1	TRUE
TET1	TRUE
TET2	TRUE
TET3	TRUE
TEX10	TRUE
TEX101	FALSE
TEX11	TRUE
TEX12	FALSE
TEX13A	FALSE
TEX13B	FALSE
TEX13C	FALSE
TEX13D	FALSE
TEX14	FALSE
TEX15	FALSE
TEX19	FALSE
TEX2	TRUE
TEX22	FALSE
TEX26	FALSE
TEX261	TRUE
TEX264	TRUE
TEX29	TRUE
TEX30	TRUE
TEX33	FALSE
TEX35	TRUE
TEX36	FALSE
TEX37	FALSE
TEX38	FALSE
TEX43	FALSE
TEX44	FALSE
TEX45	TRUE
TEX46	TRUE
TEX47	FALSE
TEX48	FALSE
TEX49	FALSE
TEX50	FALSE
TEX51	FALSE
TEX52	TRUE
TEX53	TRUE
TEX54	TRUE
TEX55	FALSE
TEX9	TRUE
TF	TRUE
TFAP2A	TRUE
TFAP2B	FALSE
TFAP2C	TRUE
TFAP2D	FALSE
TFAP2E	TRUE
TFAP4	TRUE
TFB1M	TRUE
TFB2M	TRUE
TFCP2	TRUE
TFCP2L1	TRUE
TFDP1	TRUE
TFDP2	TRUE
TFDP3	FALSE
TFE3	TRUE
TFEB	TRUE
TFEC	TRUE
TFF1	TRUE
TFF2	TRUE
TFF3	TRUE
TFG	TRUE
TFIP11	TRUE
TFPI	TRUE
TFPI2	TRUE
TFPT	TRUE
TFR2	TRUE
TFRC	TRUE
TG	TRUE
TGDS	TRUE
TGFA	TRUE
TGFB1	TRUE
TGFB1I1	TRUE
TGFB2	TRUE
TGFB3	TRUE
TGFBI	TRUE
TGFBR1	TRUE
TGFBR2	TRUE
TGFBR3	TRUE
TGFBR3L	FALSE
TGFBRAP1	TRUE
TGIF1	TRUE
TGIF2	TRUE
TGIF2LX	FALSE
TGM1	TRUE
TGM2	TRUE
TGM3	TRUE
TGM4	FALSE
TGM5	FALSE
TGM6	FALSE
TGM7	FALSE
TGOLN2	TRUE
TGS1	TRUE
TH	TRUE
THADA	TRUE
THAP1	TRUE
THAP10	TRUE
THAP11	TRUE
THAP2	TRUE
THAP3	TRUE
THAP4	TRUE
THAP6	TRUE
THAP7	TRUE
THAP8	TRUE
THAP9	TRUE
THBD	TRUE
THBS1	TRUE
THBS2	TRUE
THBS3	TRUE
THBS4	TRUE
THEG	FALSE
THEGL	FALSE
THEM4	TRUE
THEM5	FALSE
THEM6	TRUE
THEMIS	TRUE
THEMIS2	TRUE
THG1L	TRUE
THNSL1	TRUE
THNSL2	TRUE
THOC1	TRUE
THOC2	TRUE
THOC5	TRUE
THOC6	TRUE
THOC7	TRUE
THOP1	TRUE
THPO	TRUE
THRA	TRUE
THRAP3	TRUE
THRB	TRUE
THRSP	TRUE
THSD1	TRUE
THSD4	TRUE
THSD7A	TRUE
THSD7B	TRUE
THSD8	FALSE
THUMPD1	TRUE
THUMPD2	TRUE
THUMPD3	TRUE
THY1	TRUE
THYN1	TRUE
TIA1	TRUE
TIAF1	TRUE
TIAL1	TRUE
TIAM1	TRUE
TIAM2	TRUE
TICAM1	TRUE
TICAM2	TRUE
TICRR	TRUE
TIE1	TRUE
TIFA	TRUE
TIFAB	TRUE
TIGAR	TRUE
TIGD1	TRUE
TIGD2	TRUE
TIGD3	TRUE
TIGD4	TRUE
TIGD5	TRUE
TIGD6	TRUE
TIGD7	TRUE
TIGIT	TRUE
TIMD4	TRUE
TIMELESS	TRUE
TIMM10	TRUE
TIMM10B	TRUE
TIMM13	TRUE
TIMM17A	TRUE
TIMM17B	TRUE
TIMM21	TRUE
TIMM22	TRUE
TIMM23	TRUE
TIMM29	TRUE
TIMM44	TRUE
TIMM50	TRUE
TIMM8A	TRUE
TIMM8B	TRUE
TIMM9	TRUE
TIMMDC1	TRUE
TIMP1	TRUE
TIMP2	TRUE
TIMP3	TRUE
TIMP4	TRUE
TINAG	TRUE
TINAGL1	TRUE
TINCR	TRUE
TINF2	TRUE
TIPARP	TRUE
TIPIN	TRUE
TIPRL	TRUE
TIRAP	TRUE
TJAP1	TRUE
TJP1	TRUE
TJP3	TRUE
TK1	TRUE
TK2	TRUE
TKFC	TRUE
TKT	TRUE
TKTL1	FALSE
TKTL2	FALSE
TLCD1	TRUE
TLCD2	TRUE
TLCD3A	TRUE
TLCD3B	FALSE
TLCD4	TRUE
TLCD5	TRUE
TLDC2	TRUE
TLE1	TRUE
TLE2	TRUE
TLE3	TRUE
TLE4	TRUE
TLE5	TRUE
TLE6	TRUE
TLE7	FALSE
TLK1	TRUE
TLL1	FALSE
TLN1	TRUE
TLN2	TRUE
TLNRD1	TRUE
TLR1	TRUE
TLR10	TRUE
TLR2	TRUE
TLR3	TRUE
TLR4	TRUE
TLR5	TRUE
TLR6	TRUE
TLR7	TRUE
TLR8	TRUE
TLR9	FALSE
TLX1	TRUE
TLX2	TRUE
TLX3	FALSE
TM2D1	TRUE
TM2D2	TRUE
TM2D3	TRUE
TM4SF1	TRUE
TM4SF18	TRUE
TM4SF19	TRUE
TM4SF20	TRUE
TM4SF4	TRUE
TM4SF5	TRUE
TM6SF1	TRUE
TM6SF2	TRUE
TM7SF2	TRUE
TM7SF3	TRUE
TM9SF1	TRUE
TM9SF2	TRUE
TM9SF3	TRUE
TM9SF4	TRUE
TMA16	TRUE
TMBIM1	TRUE
TMBIM4	TRUE
TMBIM6	TRUE
TMC2	FALSE
TMC3	FALSE
TMC4	TRUE
TMC5	TRUE
TMC6	TRUE
TMC7	TRUE
TMC8	TRUE
TMCC1	TRUE
TMCC2	TRUE
TMCC3	TRUE
TMCO1	TRUE
TMCO2	FALSE
TMCO3	TRUE
TMCO4	TRUE
TMCO5A	FALSE
TMCO6	TRUE
TMED1	TRUE
TMED10	TRUE
TMED2	TRUE
TMED3	TRUE
TMED4	TRUE
TMED5	TRUE
TMED6	TRUE
TMED7	TRUE
TMED8	TRUE
TMED9	TRUE
TMEFF1	TRUE
TMEFF2	FALSE
TMEM100	TRUE
TMEM101	TRUE
TMEM102	TRUE
TMEM104	TRUE
TMEM106A	TRUE
TMEM106B	TRUE
TMEM106C	TRUE
TMEM107	TRUE
TMEM108	TRUE
TMEM109	TRUE
TMEM11	TRUE
TMEM114	TRUE
TMEM115	TRUE
TMEM116	TRUE
TMEM117	TRUE
TMEM119	TRUE
TMEM120A	TRUE
TMEM120B	TRUE
TMEM121	TRUE
TMEM121B	TRUE
TMEM123	TRUE
TMEM125	TRUE
TMEM126A	TRUE
TMEM126B	TRUE
TMEM127	TRUE
TMEM128	TRUE
TMEM129	TRUE
TMEM130	TRUE
TMEM131	TRUE
TMEM131L	TRUE
TMEM132A	TRUE
TMEM132B	FALSE
TMEM132C	FALSE
TMEM132D	TRUE
TMEM132E	TRUE
TMEM134	TRUE
TMEM135	TRUE
TMEM138	TRUE
TMEM140	TRUE
TMEM141	TRUE
TMEM143	TRUE
TMEM144	TRUE
TMEM145	TRUE
TMEM147	TRUE
TMEM14A	TRUE
TMEM14B	TRUE
TMEM14C	TRUE
TMEM150A	TRUE
TMEM150B	TRUE
TMEM151A	TRUE
TMEM151B	FALSE
TMEM154	TRUE
TMEM155	FALSE
TMEM156	TRUE
TMEM158	TRUE
TMEM159	TRUE
TMEM160	TRUE
TMEM161A	TRUE
TMEM163	TRUE
TMEM164	TRUE
TMEM165	TRUE
TMEM167A	TRUE
TMEM167B	TRUE
TMEM168	TRUE
TMEM169	FALSE
TMEM17	TRUE
TMEM170A	TRUE
TMEM170B	TRUE
TMEM171	TRUE
TMEM173	TRUE
TMEM174	FALSE
TMEM175	TRUE
TMEM176A	TRUE
TMEM176B	TRUE
TMEM177	TRUE
TMEM178A	TRUE
TMEM178B	TRUE
TMEM179	TRUE
TMEM179B	TRUE
TMEM18	TRUE
TMEM181	TRUE
TMEM182	TRUE
TMEM183A	TRUE
TMEM184A	TRUE
TMEM184B	TRUE
TMEM184C	TRUE
TMEM185A	TRUE
TMEM185B	TRUE
TMEM186	TRUE
TMEM187	TRUE
TMEM189	TRUE
TMEM19	TRUE
TMEM190	FALSE
TMEM192	TRUE
TMEM196	TRUE
TMEM198	TRUE
TMEM199	TRUE
TMEM200A	TRUE
TMEM200B	TRUE
TMEM200C	TRUE
TMEM201	TRUE
TMEM202	FALSE
TMEM203	TRUE
TMEM204	TRUE
TMEM205	TRUE
TMEM207	FALSE
TMEM208	TRUE
TMEM209	TRUE
TMEM210	FALSE
TMEM211	TRUE
TMEM212	FALSE
TMEM213	TRUE
TMEM214	TRUE
TMEM215	FALSE
TMEM216	TRUE
TMEM217	TRUE
TMEM218	TRUE
TMEM219	TRUE
TMEM220	TRUE
TMEM221	FALSE
TMEM222	TRUE
TMEM223	TRUE
TMEM225	FALSE
TMEM225B	TRUE
TMEM229A	TRUE
TMEM229B	TRUE
TMEM230	TRUE
TMEM231	TRUE
TMEM232	TRUE
TMEM234	TRUE
TMEM235	FALSE
TMEM236	TRUE
TMEM237	TRUE
TMEM238	TRUE
TMEM238L	TRUE
TMEM239	FALSE
TMEM240	TRUE
TMEM241	TRUE
TMEM242	TRUE
TMEM243	TRUE
TMEM244	FALSE
TMEM245	TRUE
TMEM246	TRUE
TMEM247	FALSE
TMEM248	TRUE
TMEM249	TRUE
TMEM25	TRUE
TMEM250	TRUE
TMEM251	TRUE
TMEM252	TRUE
TMEM253	TRUE
TMEM254	TRUE
TMEM255A	FALSE
TMEM255B	TRUE
TMEM256	TRUE
TMEM258	TRUE
TMEM259	TRUE
TMEM26	TRUE
TMEM260	TRUE
TMEM262	FALSE
TMEM263	TRUE
TMEM265	TRUE
TMEM266	FALSE
TMEM267	TRUE
TMEM268	TRUE
TMEM269	FALSE
TMEM270	FALSE
TMEM271	TRUE
TMEM272	TRUE
TMEM273	TRUE
TMEM275	TRUE
TMEM30A	TRUE
TMEM30B	TRUE
TMEM31	FALSE
TMEM33	TRUE
TMEM35A	FALSE
TMEM35B	TRUE
TMEM37	TRUE
TMEM38A	TRUE
TMEM38B	TRUE
TMEM39A	TRUE
TMEM39B	TRUE
TMEM40	FALSE
TMEM41A	TRUE
TMEM41B	TRUE
TMEM42	TRUE
TMEM43	TRUE
TMEM44	TRUE
TMEM45A	TRUE
TMEM45B	TRUE
TMEM47	TRUE
TMEM50A	TRUE
TMEM50B	TRUE
TMEM51	TRUE
TMEM52	TRUE
TMEM52B	TRUE
TMEM53	TRUE
TMEM54	TRUE
TMEM59	TRUE
TMEM59L	TRUE
TMEM60	TRUE
TMEM61	TRUE
TMEM62	TRUE
TMEM63A	TRUE
TMEM63B	TRUE
TMEM63C	TRUE
TMEM64	TRUE
TMEM65	TRUE
TMEM67	TRUE
TMEM68	TRUE
TMEM69	TRUE
TMEM70	TRUE
TMEM71	TRUE
TMEM72	TRUE
TMEM74	TRUE
TMEM74B	TRUE
TMEM79	TRUE
TMEM80	TRUE
TMEM81	TRUE
TMEM82	TRUE
TMEM86A	TRUE
TMEM86B	TRUE
TMEM87A	TRUE
TMEM87B	TRUE
TMEM88	TRUE
TMEM88B	TRUE
TMEM89	TRUE
TMEM8A	TRUE
TMEM8B	TRUE
TMEM9	TRUE
TMEM91	TRUE
TMEM94	TRUE
TMEM95	FALSE
TMEM97	TRUE
TMEM98	TRUE
TMEM99	TRUE
TMEM9B	TRUE
TMF1	TRUE
TMIE	FALSE
TMIGD1	TRUE
TMIGD2	FALSE
TMIGD3	TRUE
TMLHE	TRUE
TMOD1	TRUE
TMOD2	TRUE
TMOD3	TRUE
TMPO	TRUE
TMPPE	TRUE
TMPRSS11A	FALSE
TMPRSS11B	FALSE
TMPRSS11D	FALSE
TMPRSS11E	FALSE
TMPRSS11F	FALSE
TMPRSS12	FALSE
TMPRSS13	TRUE
TMPRSS15	FALSE
TMPRSS2	TRUE
TMPRSS3	TRUE
TMPRSS4	TRUE
TMPRSS5	TRUE
TMPRSS6	TRUE
TMPRSS7	FALSE
TMPRSS9	TRUE
TMSB15A	TRUE
TMSB15B	TRUE
TMSB4X	TRUE
TMSB4Y	FALSE
TMTC1	TRUE
TMTC2	TRUE
TMTC3	TRUE
TMTC4	TRUE
TMUB1	TRUE
TMUB2	TRUE
TMX1	TRUE
TMX2	TRUE
TMX3	TRUE
TMX4	TRUE
TNC	TRUE
TNF	TRUE
TNFAIP1	TRUE
TNFAIP2	TRUE
TNFAIP3	TRUE
TNFAIP6	TRUE
TNFAIP8	TRUE
TNFAIP8L1	TRUE
TNFAIP8L2	TRUE
TNFAIP8L3	TRUE
TNFRSF10A	TRUE
TNFRSF10B	TRUE
TNFRSF10D	TRUE
TNFRSF11A	TRUE
TNFRSF11B	TRUE
TNFRSF12A	TRUE
TNFRSF13B	FALSE
TNFRSF13C	TRUE
TNFRSF14	TRUE
TNFRSF17	TRUE
TNFRSF18	TRUE
TNFRSF19	TRUE
TNFRSF1A	TRUE
TNFRSF1B	TRUE
TNFRSF21	TRUE
TNFRSF25	TRUE
TNFRSF4	TRUE
TNFRSF6B	TRUE
TNFRSF8	TRUE
TNFRSF9	TRUE
TNFSF10	TRUE
TNFSF11	TRUE
TNFSF12	TRUE
TNFSF13	TRUE
TNFSF13B	TRUE
TNFSF14	TRUE
TNFSF15	TRUE
TNFSF18	TRUE
TNFSF4	TRUE
TNFSF8	TRUE
TNFSF9	TRUE
TNIK	TRUE
TNIP1	TRUE
TNIP3	FALSE
TNK1	TRUE
TNK2	TRUE
TNKS	TRUE
TNKS1BP1	TRUE
TNKS2	TRUE
TNMD	TRUE
TNN	TRUE
TNNC1	TRUE
TNNC2	TRUE
TNNI1	FALSE
TNNI3	TRUE
TNNI3K	TRUE
TNNT1	TRUE
TNNT2	TRUE
TNNT3	FALSE
TNP1	FALSE
TNP2	FALSE
TNPO1	TRUE
TNPO2	TRUE
TNPO3	TRUE
TNR	FALSE
TNRC18	TRUE
TNRC6A	TRUE
TNRC6B	TRUE
TNRC6C	TRUE
TNS1	TRUE
TNS2	TRUE
TNS3	TRUE
TNS4	TRUE
TNXB	TRUE
TOB1	TRUE
TOB2	TRUE
TOE1	TRUE
TOGARAM1	TRUE
TOGARAM2	TRUE
TOLLIP	TRUE
TOM1	TRUE
TOM1L1	TRUE
TOM1L2	TRUE
TOMM20	TRUE
TOMM20L	FALSE
TOMM22	TRUE
TOMM34	TRUE
TOMM40	TRUE
TOMM40L	TRUE
TOMM5	TRUE
TOMM6	TRUE
TOMM7	TRUE
TOMM70	TRUE
TONSL	TRUE
TOP1	TRUE
TOP1MT	TRUE
TOP2A	TRUE
TOP2B	TRUE
TOP3A	TRUE
TOP3B	TRUE
TOPAZ1	FALSE
TOPBP1	TRUE
TOPORS	TRUE
TOR1A	TRUE
TOR1AIP1	TRUE
TOR1AIP2	TRUE
TOR1B	TRUE
TOR2A	TRUE
TOR3A	TRUE
TOR4A	TRUE
TOX	TRUE
TOX2	TRUE
TOX3	TRUE
TOX4	TRUE
TP53	TRUE
TP53AIP1	TRUE
TP53BP1	TRUE
TP53BP2	TRUE
TP53I11	TRUE
TP53I13	TRUE
TP53I3	TRUE
TP53INP1	TRUE
TP53INP2	TRUE
TP53RK	TRUE
TP53TG5	TRUE
TP63	TRUE
TP73	TRUE
TPBG	TRUE
TPBGL	TRUE
TPCN1	TRUE
TPCN2	TRUE
TPD52	TRUE
TPD52L1	TRUE
TPD52L2	TRUE
TPD52L3	FALSE
TPGS1	TRUE
TPGS2	TRUE
TPH1	TRUE
TPH2	FALSE
TPK1	TRUE
TPM1	TRUE
TPM2	TRUE
TPMT	TRUE
TPP1	TRUE
TPP2	TRUE
TPPP	TRUE
TPPP2	FALSE
TPPP3	TRUE
TPR	TRUE
TPRA1	TRUE
TPRG1	TRUE
TPRG1L	TRUE
TPRKB	TRUE
TPRN	TRUE
TPRX1	FALSE
TPSD1	FALSE
TPSG1	TRUE
TPST1	TRUE
TPST2	TRUE
TPX2	TRUE
TRA2A	TRUE
TRA2B	TRUE
TRABD	TRUE
TRABD2A	TRUE
TRABD2B	TRUE
TRAC	TRUE
TRADD	TRUE
TRAF1	TRUE
TRAF2	TRUE
TRAF3	TRUE
TRAF3IP1	TRUE
TRAF3IP2	TRUE
TRAF3IP3	TRUE
TRAF4	TRUE
TRAF5	TRUE
TRAF6	TRUE
TRAF7	TRUE
TRAFD1	TRUE
TRAIP	TRUE
TRAK1	TRUE
TRAK2	TRUE
TRAM1	TRUE
TRAM1L1	TRUE
TRAM2	TRUE
TRANK1	TRUE
TRAP1	TRUE
TRAPPC1	TRUE
TRAPPC10	TRUE
TRAPPC11	TRUE
TRAPPC12	TRUE
TRAPPC13	TRUE
TRAPPC2L	TRUE
TRAPPC3	TRUE
TRAPPC3L	FALSE
TRAPPC4	TRUE
TRAPPC5	TRUE
TRAPPC6A	TRUE
TRAPPC6B	TRUE
TRAPPC8	TRUE
TRAPPC9	TRUE
TRARG1	FALSE
TRAT1	TRUE
TRBC1	TRUE
TRBC2	TRUE
TRDC	TRUE
TRDMT1	TRUE
TRDN	FALSE
TREH	TRUE
TREM1	TRUE
TREM2	TRUE
TREML1	TRUE
TREML2	TRUE
TREML4	FALSE
TRERF1	TRUE
TREX2	FALSE
TRGC1	TRUE
TRGC2	TRUE
TRGJP1	FALSE
TRGJP2	FALSE
TRH	TRUE
TRHDE	TRUE
TRHR	TRUE
TRIAP1	TRUE
TRIB1	TRUE
TRIB2	TRUE
TRIB3	TRUE
TRIL	TRUE
TRIM10	TRUE
TRIM11	TRUE
TRIM13	TRUE
TRIM14	TRUE
TRIM15	TRUE
TRIM16	TRUE
TRIM16L	FALSE
TRIM17	TRUE
TRIM2	TRUE
TRIM21	TRUE
TRIM22	TRUE
TRIM23	TRUE
TRIM24	TRUE
TRIM25	TRUE
TRIM26	TRUE
TRIM27	TRUE
TRIM28	TRUE
TRIM29	TRUE
TRIM3	TRUE
TRIM31	TRUE
TRIM32	TRUE
TRIM33	TRUE
TRIM34	TRUE
TRIM35	TRUE
TRIM36	TRUE
TRIM37	TRUE
TRIM38	TRUE
TRIM39	TRUE
TRIM4	TRUE
TRIM40	TRUE
TRIM41	TRUE
TRIM42	FALSE
TRIM44	TRUE
TRIM45	TRUE
TRIM46	TRUE
TRIM47	TRUE
TRIM50	FALSE
TRIM51	FALSE
TRIM51GP	FALSE
TRIM52	TRUE
TRIM54	TRUE
TRIM55	TRUE
TRIM56	TRUE
TRIM58	FALSE
TRIM59	TRUE
TRIM6	TRUE
TRIM60	FALSE
TRIM61	TRUE
TRIM62	TRUE
TRIM63	TRUE
TRIM64B	TRUE
TRIM64C	FALSE
TRIM65	TRUE
TRIM66	TRUE
TRIM67	FALSE
TRIM68	TRUE
TRIM69	FALSE
TRIM7	TRUE
TRIM71	FALSE
TRIM72	TRUE
TRIM75P	FALSE
TRIM77	FALSE
TRIM8	TRUE
TRIM9	TRUE
TRIML1	FALSE
TRIML2	FALSE
TRIO	TRUE
TRIOBP	TRUE
TRIP10	TRUE
TRIP11	TRUE
TRIP12	TRUE
TRIP13	TRUE
TRIP4	TRUE
TRIP6	TRUE
TRIQK	TRUE
TRIR	TRUE
TRIT1	TRUE
TRMO	TRUE
TRMT10A	TRUE
TRMT10B	TRUE
TRMT10C	TRUE
TRMT11	TRUE
TRMT112	TRUE
TRMT12	TRUE
TRMT13	TRUE
TRMT1L	TRUE
TRMT2A	TRUE
TRMT2B	TRUE
TRMT44	TRUE
TRMT5	TRUE
TRMT6	TRUE
TRMT61A	TRUE
TRMT61B	TRUE
TRMT9B	TRUE
TRMU	TRUE
TRNAU1AP	TRUE
TRNP1	TRUE
TRNT1	TRUE
TRO	TRUE
TROAP	TRUE
TRPA1	FALSE
TRPC1	TRUE
TRPC3	FALSE
TRPC4	TRUE
TRPC4AP	TRUE
TRPC5	TRUE
TRPC5OS	FALSE
TRPC6	TRUE
TRPC7	FALSE
TRPM1	FALSE
TRPM2	TRUE
TRPM3	TRUE
TRPM4	TRUE
TRPM5	TRUE
TRPM6	TRUE
TRPM7	TRUE
TRPM8	FALSE
TRPS1	TRUE
TRPT1	TRUE
TRPV1	TRUE
TRPV2	TRUE
TRPV3	TRUE
TRPV4	TRUE
TRPV5	FALSE
TRPV6	TRUE
TRRAP	TRUE
TRUB1	TRUE
TRUB2	TRUE
TSACC	TRUE
TSBP1	FALSE
TSC1	TRUE
TSC2	TRUE
TSC22D1	TRUE
TSC22D2	TRUE
TSC22D3	TRUE
TSC22D4	TRUE
TSEN15	TRUE
TSEN2	TRUE
TSEN34	TRUE
TSEN54	TRUE
TSFM	TRUE
TSG101	TRUE
TSGA10	TRUE
TSGA10IP	FALSE
TSGA13	FALSE
TSHB	FALSE
TSHR	TRUE
TSHZ1	TRUE
TSHZ2	TRUE
TSKS	FALSE
TSKU	TRUE
TSLP	TRUE
TSN	TRUE
TSNARE1	TRUE
TSNAX	TRUE
TSNAXIP1	TRUE
TSPAN1	TRUE
TSPAN10	TRUE
TSPAN11	TRUE
TSPAN12	TRUE
TSPAN13	TRUE
TSPAN14	TRUE
TSPAN15	TRUE
TSPAN16	FALSE
TSPAN17	TRUE
TSPAN18	TRUE
TSPAN19	FALSE
TSPAN2	TRUE
TSPAN3	TRUE
TSPAN31	TRUE
TSPAN32	TRUE
TSPAN33	TRUE
TSPAN4	TRUE
TSPAN5	TRUE
TSPAN6	TRUE
TSPAN7	TRUE
TSPAN8	TRUE
TSPAN9	TRUE
TSPEAR	TRUE
TSPO	TRUE
TSPO2	TRUE
TSPOAP1	TRUE
TSPY1	FALSE
TSPYL1	TRUE
TSPYL2	TRUE
TSPYL4	TRUE
TSPYL5	TRUE
TSPYL6	FALSE
TSR1	TRUE
TSR2	TRUE
TSR3	TRUE
TSSC4	TRUE
TSSK1B	FALSE
TSSK2	FALSE
TSSK3	TRUE
TSSK4	TRUE
TSSK6	TRUE
TST	TRUE
TSTA3	TRUE
TSTD1	TRUE
TSTD2	TRUE
TTBK1	FALSE
TTBK2	TRUE
TTC1	TRUE
TTC12	TRUE
TTC13	TRUE
TTC14	TRUE
TTC16	FALSE
TTC17	TRUE
TTC19	TRUE
TTC21A	TRUE
TTC21B	TRUE
TTC22	TRUE
TTC23	TRUE
TTC23L	FALSE
TTC24	FALSE
TTC25	TRUE
TTC26	TRUE
TTC27	TRUE
TTC28	TRUE
TTC29	FALSE
TTC3	TRUE
TTC30A	TRUE
TTC30B	TRUE
TTC31	TRUE
TTC32	TRUE
TTC33	TRUE
TTC36	TRUE
TTC37	TRUE
TTC38	TRUE
TTC39A	TRUE
TTC39B	TRUE
TTC39C	TRUE
TTC5	TRUE
TTC6	TRUE
TTC7A	TRUE
TTC7B	TRUE
TTC8	TRUE
TTC9	TRUE
TTC9B	FALSE
TTC9C	TRUE
TTF1	TRUE
TTF2	TRUE
TTI1	TRUE
TTI2	TRUE
TTK	TRUE
TTL	TRUE
TTLL1	TRUE
TTLL10	TRUE
TTLL11	TRUE
TTLL12	TRUE
TTLL13P	TRUE
TTLL2	FALSE
TTLL3	TRUE
TTLL4	TRUE
TTLL5	TRUE
TTLL6	TRUE
TTLL7	TRUE
TTLL8	FALSE
TTLL9	TRUE
TTN	TRUE
TTPA	TRUE
TTPAL	TRUE
TTR	TRUE
TTYH1	TRUE
TTYH2	TRUE
TTYH3	TRUE
TUB	TRUE
TUBA1B	TRUE
TUBA3C	FALSE
TUBA3E	TRUE
TUBA4A	TRUE
TUBA4B	FALSE
TUBAL3	TRUE
TUBB1	TRUE
TUBB2A	TRUE
TUBB6	TRUE
TUBB8	FALSE
TUBD1	TRUE
TUBE1	TRUE
TUBG2	TRUE
TUBGCP2	TRUE
TUBGCP3	TRUE
TUBGCP4	TRUE
TUBGCP5	TRUE
TUBGCP6	TRUE
TUFM	TRUE
TUFT1	TRUE
TULP1	FALSE
TULP2	FALSE
TULP3	TRUE
TULP4	TRUE
TUNAR	FALSE
TUSC1	TRUE
TUSC2	TRUE
TUSC3	TRUE
TUT1	TRUE
TUT4	TRUE
TUT7	TRUE
TVP23A	FALSE
TWF1	TRUE
TWF2	TRUE
TWIST2	TRUE
TWISTNB	TRUE
TWNK	TRUE
TWSG1	TRUE
TXK	TRUE
TXLNA	TRUE
TXLNB	TRUE
TXN2	TRUE
TXNDC11	TRUE
TXNDC12	TRUE
TXNDC15	TRUE
TXNDC16	TRUE
TXNDC17	TRUE
TXNDC2	FALSE
TXNDC5	TRUE
TXNDC8	FALSE
TXNDC9	TRUE
TXNIP	TRUE
TXNL1	TRUE
TXNL4A	TRUE
TXNL4B	TRUE
TXNRD1	TRUE
TXNRD2	TRUE
TXNRD3	TRUE
TYK2	TRUE
TYMP	TRUE
TYMS	TRUE
TYR	FALSE
TYROBP	TRUE
TYRP1	TRUE
TYSND1	TRUE
TYW1	TRUE
TYW3	TRUE
TYW5	TRUE
U2AF1L4	TRUE
U2AF2	TRUE
U2SURP	TRUE
UACA	TRUE
UAP1	TRUE
UAP1L1	TRUE
UBA1	TRUE
UBA2	TRUE
UBA3	TRUE
UBA5	TRUE
UBA52	TRUE
UBA6	TRUE
UBA7	TRUE
UBAC1	TRUE
UBAC2	TRUE
UBALD1	TRUE
UBALD2	TRUE
UBAP1	TRUE
UBAP1L	TRUE
UBAP2	TRUE
UBAP2L	TRUE
UBASH3A	TRUE
UBASH3B	TRUE
UBB	TRUE
UBC	TRUE
UBD	TRUE
UBE2A	TRUE
UBE2B	TRUE
UBE2C	TRUE
UBE2D1	TRUE
UBE2D2	TRUE
UBE2D4	TRUE
UBE2E1	TRUE
UBE2E2	TRUE
UBE2E3	TRUE
UBE2G1	TRUE
UBE2G2	TRUE
UBE2H	TRUE
UBE2I	TRUE
UBE2J1	TRUE
UBE2J2	TRUE
UBE2K	TRUE
UBE2L3	TRUE
UBE2L5	FALSE
UBE2L6	TRUE
UBE2N	TRUE
UBE2O	TRUE
UBE2Q1	TRUE
UBE2Q2	TRUE
UBE2QL1	TRUE
UBE2R2	TRUE
UBE2T	TRUE
UBE2U	FALSE
UBE2V1	TRUE
UBE2V2	TRUE
UBE2W	TRUE
UBE2Z	TRUE
UBE3A	TRUE
UBE3B	TRUE
UBE3C	TRUE
UBE3D	TRUE
UBE4A	TRUE
UBE4B	TRUE
UBFD1	TRUE
UBIAD1	TRUE
UBL3	TRUE
UBL4A	TRUE
UBL4B	FALSE
UBL5	TRUE
UBL7	TRUE
UBLCP1	TRUE
UBN1	TRUE
UBN2	TRUE
UBOX5	TRUE
UBP1	TRUE
UBQLN1	TRUE
UBQLN2	TRUE
UBQLN3	FALSE
UBQLN4	TRUE
UBQLNL	FALSE
UBR2	TRUE
UBR3	TRUE
UBR4	TRUE
UBR5	TRUE
UBR7	TRUE
UBTD1	TRUE
UBTD2	TRUE
UBTF	TRUE
UBXN1	TRUE
UBXN10	TRUE
UBXN11	TRUE
UBXN2A	TRUE
UBXN4	TRUE
UBXN6	TRUE
UBXN7	TRUE
UBXN8	TRUE
UCHL1	TRUE
UCHL3	TRUE
UCHL5	TRUE
UCK1	TRUE
UCK2	TRUE
UCKL1	TRUE
UCMA	FALSE
UCN	TRUE
UCN2	TRUE
UCN3	TRUE
UCP1	FALSE
UCP2	TRUE
UCP3	TRUE
UEVLD	TRUE
UFC1	TRUE
UFD1	TRUE
UFL1	TRUE
UFM1	TRUE
UFSP1	TRUE
UFSP2	TRUE
UGCG	TRUE
UGDH	TRUE
UGGT1	TRUE
UGGT2	TRUE
UGP2	TRUE
UGT1A1	TRUE
UGT1A4	TRUE
UGT1A9	TRUE
UGT2A1	FALSE
UGT2A2	FALSE
UGT2A3	TRUE
UGT2B10	TRUE
UGT2B7	FALSE
UGT3A1	TRUE
UGT3A2	FALSE
UGT8	TRUE
UHMK1	TRUE
UHRF1	TRUE
UHRF1BP1	TRUE
UHRF1BP1L	TRUE
UHRF2	TRUE
UIMC1	TRUE
ULBP1	TRUE
ULBP2	TRUE
ULBP3	TRUE
ULK1	TRUE
ULK2	TRUE
ULK3	TRUE
ULK4	TRUE
UMAD1	TRUE
UMOD	FALSE
UMODL1	FALSE
UMPS	TRUE
UNC119	TRUE
UNC119B	TRUE
UNC13A	FALSE
UNC13B	TRUE
UNC13C	FALSE
UNC13D	TRUE
UNC45A	TRUE
UNC45B	FALSE
UNC50	TRUE
UNC5A	TRUE
UNC5B	TRUE
UNC5C	TRUE
UNC5CL	TRUE
UNC5D	FALSE
UNC79	FALSE
UNC80	TRUE
UNC93A	TRUE
UNC93B1	TRUE
UNCX	TRUE
UNG	TRUE
UNK	TRUE
UPB1	TRUE
UPF1	TRUE
UPF2	TRUE
UPF3A	TRUE
UPF3B	TRUE
UPK1A	FALSE
UPK1B	FALSE
UPK2	FALSE
UPK3A	TRUE
UPK3B	TRUE
UPP1	TRUE
UPP2	TRUE
UPRT	TRUE
UQCC1	TRUE
UQCC2	TRUE
UQCC3	TRUE
UQCR11	TRUE
UQCRB	TRUE
UQCRC1	TRUE
UQCRC2	TRUE
UQCRFS1	TRUE
UQCRHL	TRUE
UQCRQ	TRUE
URAD	TRUE
URB1	TRUE
URB2	TRUE
URGCP	TRUE
URI1	TRUE
URM1	TRUE
UROC1	TRUE
UROD	TRUE
UROS	TRUE
USB1	TRUE
USE1	TRUE
USF1	TRUE
USF2	TRUE
USF3	TRUE
USH1C	TRUE
USH1G	TRUE
USH2A	TRUE
USHBP1	FALSE
USO1	TRUE
USP1	TRUE
USP10	TRUE
USP11	TRUE
USP12	TRUE
USP13	TRUE
USP14	TRUE
USP15	TRUE
USP16	TRUE
USP17L10	FALSE
USP18	TRUE
USP19	TRUE
USP2	TRUE
USP20	TRUE
USP21	TRUE
USP22	TRUE
USP24	TRUE
USP25	TRUE
USP26	TRUE
USP27X	TRUE
USP28	TRUE
USP29	FALSE
USP3	TRUE
USP30	TRUE
USP31	TRUE
USP32	TRUE
USP33	TRUE
USP34	TRUE
USP35	TRUE
USP36	TRUE
USP37	TRUE
USP38	TRUE
USP39	TRUE
USP4	TRUE
USP40	TRUE
USP41	FALSE
USP42	TRUE
USP43	TRUE
USP44	TRUE
USP45	TRUE
USP46	TRUE
USP47	TRUE
USP48	TRUE
USP49	TRUE
USP5	TRUE
USP50	TRUE
USP51	TRUE
USP53	TRUE
USP54	TRUE
USP6NL	TRUE
USP7	TRUE
USP9X	TRUE
USP9Y	FALSE
USPL1	TRUE
UST	TRUE
UTF1	FALSE
UTP11	TRUE
UTP14A	TRUE
UTP15	TRUE
UTP18	TRUE
UTP20	TRUE
UTP23	TRUE
UTP25	TRUE
UTP3	TRUE
UTP4	TRUE
UTP6	TRUE
UTRN	TRUE
UTS2	TRUE
UTS2B	FALSE
UVRAG	TRUE
UVSSA	TRUE
UXS1	TRUE
UXT	TRUE
VAC14	TRUE
VAMP1	TRUE
VAMP2	TRUE
VAMP3	TRUE
VAMP4	TRUE
VAMP5	TRUE
VAMP7	TRUE
VAMP8	TRUE
VANGL1	TRUE
VANGL2	TRUE
VAPA	TRUE
VAPB	TRUE
VARS	TRUE
VARS2	TRUE
VASH1	TRUE
VASH2	TRUE
VASN	TRUE
VASP	TRUE
VAT1	TRUE
VAT1L	TRUE
VAV1	TRUE
VAV2	TRUE
VAV3	TRUE
VAX1	FALSE
VAX2	FALSE
VBP1	TRUE
VCAM1	TRUE
VCAN	TRUE
VCL	TRUE
VCP	TRUE
VCPIP1	TRUE
VCPKMT	TRUE
VDAC1	TRUE
VDAC2	TRUE
VDAC3	TRUE
VDR	TRUE
VEGFA	TRUE
VEGFB	TRUE
VEGFC	TRUE
VEGFD	TRUE
VENTX	TRUE
VEPH1	TRUE
VEZF1	TRUE
VEZT	TRUE
VGF	TRUE
VGLL1	TRUE
VGLL2	FALSE
VGLL3	TRUE
VGLL4	TRUE
VHL	TRUE
VHLL	TRUE
VIL1	TRUE
VILL	TRUE
VIM	TRUE
VIP	FALSE
VIPAS39	TRUE
VIPR1	TRUE
VIPR2	TRUE
VIRMA	TRUE
VIT	TRUE
VKORC1	TRUE
VKORC1L1	TRUE
VLDLR	TRUE
VMAC	TRUE
VMO1	TRUE
VMP1	TRUE
VN1R1	TRUE
VN1R2	FALSE
VN1R4	FALSE
VNN1	TRUE
VNN2	TRUE
VNN3	TRUE
VOPP1	TRUE
VPREB1	FALSE
VPREB3	TRUE
VPS11	TRUE
VPS13A	TRUE
VPS13B	TRUE
VPS13C	TRUE
VPS13D	TRUE
VPS16	TRUE
VPS18	TRUE
VPS25	TRUE
VPS26A	TRUE
VPS26B	TRUE
VPS26C	TRUE
VPS28	TRUE
VPS29	TRUE
VPS33A	TRUE
VPS33B	TRUE
VPS35L	TRUE
VPS36	TRUE
VPS37A	TRUE
VPS37B	TRUE
VPS37C	TRUE
VPS37D	TRUE
VPS39	TRUE
VPS41	TRUE
VPS45	TRUE
VPS4A	TRUE
VPS4B	TRUE
VPS50	TRUE
VPS52	TRUE
VPS53	TRUE
VPS54	TRUE
VPS72	TRUE
VPS8	TRUE
VPS9D1	TRUE
VRK1	TRUE
VRK2	TRUE
VRK3	TRUE
VRTN	FALSE
VSIG1	FALSE
VSIG10	TRUE
VSIG10L	TRUE
VSIG10L2	FALSE
VSIG2	TRUE
VSIG4	TRUE
VSIR	TRUE
VSNL1	TRUE
VSTM1	FALSE
VSTM2A	TRUE
VSTM2B	FALSE
VSTM2L	TRUE
VSTM4	TRUE
VSTM5	FALSE
VSX1	TRUE
VSX2	FALSE
VTA1	TRUE
VTI1A	TRUE
VTI1B	TRUE
VTN	TRUE
VWA1	TRUE
VWA2	TRUE
VWA3A	FALSE
VWA3B	TRUE
VWA5A	TRUE
VWA5B1	TRUE
VWA5B2	TRUE
VWA7	TRUE
VWA8	TRUE
VWC2	FALSE
VWC2L	TRUE
VWCE	TRUE
VWDE	TRUE
VWF	TRUE
VXN	TRUE
WAC	TRUE
WAPL	TRUE
WARS	TRUE
WARS2	TRUE
WAS	TRUE
WASF1	TRUE
WASF2	TRUE
WASF3	TRUE
WASHC4	TRUE
WASHC5	TRUE
WASL	TRUE
WBP11	TRUE
WBP1L	TRUE
WBP2	TRUE
WBP2NL	TRUE
WBP4	TRUE
WDCP	TRUE
WDFY1	TRUE
WDFY2	TRUE
WDFY3	TRUE
WDFY4	TRUE
WDHD1	TRUE
WDPCP	TRUE
WDR1	TRUE
WDR11	TRUE
WDR12	TRUE
WDR13	TRUE
WDR17	TRUE
WDR18	TRUE
WDR19	TRUE
WDR20	TRUE
WDR24	TRUE
WDR25	TRUE
WDR26	TRUE
WDR27	TRUE
WDR3	TRUE
WDR31	TRUE
WDR33	TRUE
WDR34	TRUE
WDR35	TRUE
WDR36	TRUE
WDR37	TRUE
WDR38	FALSE
WDR4	TRUE
WDR41	TRUE
WDR43	TRUE
WDR44	TRUE
WDR45B	TRUE
WDR46	TRUE
WDR47	TRUE
WDR48	TRUE
WDR49	TRUE
WDR5	TRUE
WDR53	TRUE
WDR54	TRUE
WDR55	TRUE
WDR59	TRUE
WDR5B	TRUE
WDR6	TRUE
WDR60	TRUE
WDR61	TRUE
WDR62	TRUE
WDR63	FALSE
WDR64	FALSE
WDR66	TRUE
WDR7	TRUE
WDR70	TRUE
WDR72	TRUE
WDR73	TRUE
WDR74	TRUE
WDR75	TRUE
WDR76	TRUE
WDR77	TRUE
WDR78	TRUE
WDR81	TRUE
WDR82	TRUE
WDR83	TRUE
WDR83OS	TRUE
WDR86	TRUE
WDR87	FALSE
WDR88	FALSE
WDR89	TRUE
WDR90	TRUE
WDR91	TRUE
WDR92	TRUE
WDR93	TRUE
WDR97	TRUE
WDSUB1	TRUE
WDTC1	TRUE
WDYHV1	TRUE
WEE1	TRUE
WEE2	FALSE
WFDC1	TRUE
WFDC10A	FALSE
WFDC10B	TRUE
WFDC11	FALSE
WFDC12	TRUE
WFDC13	FALSE
WFDC2	TRUE
WFDC3	TRUE
WFDC5	TRUE
WFDC6	TRUE
WFDC8	FALSE
WFDC9	TRUE
WFIKKN1	TRUE
WFS1	TRUE
WHAMM	TRUE
WHRN	TRUE
WIF1	FALSE
WIPF1	TRUE
WIPF2	TRUE
WIPF3	TRUE
WIPI1	TRUE
WIPI2	TRUE
WLS	TRUE
WNK1	TRUE
WNK2	TRUE
WNK3	TRUE
WNK4	TRUE
WNT1	FALSE
WNT10A	TRUE
WNT10B	TRUE
WNT11	TRUE
WNT16	FALSE
WNT2	TRUE
WNT2B	TRUE
WNT3	TRUE
WNT3A	FALSE
WNT4	TRUE
WNT5A	TRUE
WNT5B	TRUE
WNT6	TRUE
WNT7A	FALSE
WNT7B	TRUE
WNT8A	FALSE
WNT8B	FALSE
WNT9A	TRUE
WNT9B	FALSE
WRAP53	TRUE
WRAP73	TRUE
WRN	TRUE
WRNIP1	TRUE
WSB1	TRUE
WSB2	TRUE
WSCD1	TRUE
WSCD2	FALSE
WT1	TRUE
WTIP	TRUE
WWC1	TRUE
WWC2	TRUE
WWOX	TRUE
WWP1	TRUE
WWP2	TRUE
WWTR1	TRUE
XAB2	TRUE
XAF1	TRUE
XAGE2	FALSE
XAGE5	FALSE
XBP1	TRUE
XCL1	TRUE
XCR1	TRUE
XDH	TRUE
XG	FALSE
XIAP	TRUE
XIRP1	TRUE
XIRP2	FALSE
XK	TRUE
XKR3	FALSE
XKR4	TRUE
XKR5	FALSE
XKR6	TRUE
XKR7	TRUE
XKR9	TRUE
XKRX	TRUE
XPA	TRUE
XPC	TRUE
XPNPEP1	TRUE
XPNPEP2	TRUE
XPNPEP3	TRUE
XPO1	TRUE
XPO4	TRUE
XPO5	TRUE
XPO6	TRUE
XPO7	TRUE
XPOT	TRUE
XPR1	TRUE
XRCC1	TRUE
XRCC2	TRUE
XRCC3	TRUE
XRCC4	TRUE
XRCC5	TRUE
XRCC6	TRUE
XRN1	TRUE
XRN2	TRUE
XRRA1	TRUE
XXYLT1	TRUE
XYLB	TRUE
XYLT1	TRUE
XYLT2	TRUE
YAE1	TRUE
YAF2	TRUE
YAP1	TRUE
YARS	TRUE
YARS2	TRUE
YBEY	TRUE
YBX1	TRUE
YBX2	TRUE
YDJC	TRUE
YEATS2	TRUE
YEATS4	TRUE
YES1	TRUE
YIF1A	TRUE
YIF1B	TRUE
YIPF1	TRUE
YIPF2	TRUE
YIPF3	TRUE
YIPF4	TRUE
YIPF5	TRUE
YIPF6	TRUE
YIPF7	FALSE
YJEFN3	TRUE
YJU2	TRUE
YKT6	TRUE
YME1L1	TRUE
YOD1	TRUE
YPEL1	TRUE
YPEL2	TRUE
YPEL3	TRUE
YPEL5	TRUE
YRDC	TRUE
YTHDC1	TRUE
YTHDC2	TRUE
YTHDF1	TRUE
YTHDF2	TRUE
YTHDF3	TRUE
YWHAB	TRUE
YWHAE	TRUE
YWHAG	TRUE
YWHAH	TRUE
YWHAQ	TRUE
YY1	TRUE
YY1AP1	TRUE
YY2	TRUE
Z82206.1	TRUE
ZACN	FALSE
ZADH2	TRUE
ZAN	FALSE
ZAP70	TRUE
ZAR1	FALSE
ZAR1L	FALSE
ZBBX	FALSE
ZBED1	TRUE
ZBED2	TRUE
ZBED3	TRUE
ZBED4	TRUE
ZBED5	TRUE
ZBED6CL	TRUE
ZBED8	TRUE
ZBED9	TRUE
ZBP1	TRUE
ZBTB1	TRUE
ZBTB10	TRUE
ZBTB11	TRUE
ZBTB14	TRUE
ZBTB16	TRUE
ZBTB17	TRUE
ZBTB18	TRUE
ZBTB2	TRUE
ZBTB20	TRUE
ZBTB21	TRUE
ZBTB22	TRUE
ZBTB24	TRUE
ZBTB25	TRUE
ZBTB26	TRUE
ZBTB3	TRUE
ZBTB32	FALSE
ZBTB33	TRUE
ZBTB34	TRUE
ZBTB37	TRUE
ZBTB38	TRUE
ZBTB39	TRUE
ZBTB4	TRUE
ZBTB40	TRUE
ZBTB41	TRUE
ZBTB42	TRUE
ZBTB43	TRUE
ZBTB44	TRUE
ZBTB45	TRUE
ZBTB46	TRUE
ZBTB47	TRUE
ZBTB48	TRUE
ZBTB49	TRUE
ZBTB5	TRUE
ZBTB6	TRUE
ZBTB7A	TRUE
ZBTB7B	TRUE
ZBTB7C	TRUE
ZBTB8A	TRUE
ZBTB8B	FALSE
ZBTB9	TRUE
ZC2HC1A	TRUE
ZC2HC1B	TRUE
ZC2HC1C	TRUE
ZC3H10	TRUE
ZC3H12A	TRUE
ZC3H12B	TRUE
ZC3H12C	TRUE
ZC3H12D	TRUE
ZC3H13	TRUE
ZC3H14	TRUE
ZC3H15	TRUE
ZC3H18	TRUE
ZC3H3	TRUE
ZC3H4	TRUE
ZC3H6	TRUE
ZC3H7A	TRUE
ZC3H7B	TRUE
ZC3H8	TRUE
ZC3HAV1	TRUE
ZC3HAV1L	TRUE
ZC3HC1	TRUE
ZC4H2	TRUE
ZCCHC12	FALSE
ZCCHC13	FALSE
ZCCHC14	TRUE
ZCCHC17	TRUE
ZCCHC18	TRUE
ZCCHC2	TRUE
ZCCHC24	TRUE
ZCCHC3	TRUE
ZCCHC4	TRUE
ZCCHC7	TRUE
ZCCHC8	TRUE
ZCCHC9	TRUE
ZCRB1	TRUE
ZCWPW1	TRUE
ZCWPW2	TRUE
ZDBF2	TRUE
ZDHHC1	TRUE
ZDHHC12	TRUE
ZDHHC13	TRUE
ZDHHC14	TRUE
ZDHHC15	FALSE
ZDHHC16	TRUE
ZDHHC17	TRUE
ZDHHC18	TRUE
ZDHHC19	FALSE
ZDHHC2	TRUE
ZDHHC20	TRUE
ZDHHC21	TRUE
ZDHHC22	FALSE
ZDHHC23	TRUE
ZDHHC24	TRUE
ZDHHC3	TRUE
ZDHHC4	TRUE
ZDHHC5	TRUE
ZDHHC6	TRUE
ZDHHC7	TRUE
ZDHHC8	TRUE
ZDHHC9	TRUE
ZEB1	TRUE
ZEB2	TRUE
ZER1	TRUE
ZFAND1	TRUE
ZFAND2A	TRUE
ZFAND2B	TRUE
ZFAND3	TRUE
ZFAND4	TRUE
ZFAT	TRUE
ZFC3H1	TRUE
ZFHX2	TRUE
ZFHX3	TRUE
ZFHX4	TRUE
ZFP1	TRUE
ZFP2	TRUE
ZFP28	TRUE
ZFP3	TRUE
ZFP30	TRUE
ZFP36	TRUE
ZFP36L1	TRUE
ZFP36L2	TRUE
ZFP37	TRUE
ZFP41	TRUE
ZFP42	FALSE
ZFP57	TRUE
ZFP62	TRUE
ZFP64	TRUE
ZFP69	TRUE
ZFP69B	TRUE
ZFP82	TRUE
ZFP90	TRUE
ZFP91	TRUE
ZFP92	TRUE
ZFPL1	TRUE
ZFPM2	TRUE
ZFR	TRUE
ZFR2	FALSE
ZFY	FALSE
ZFYVE1	TRUE
ZFYVE16	TRUE
ZFYVE19	TRUE
ZFYVE21	TRUE
ZFYVE26	TRUE
ZFYVE27	TRUE
ZFYVE28	TRUE
ZFYVE9	TRUE
ZG16	TRUE
ZG16B	TRUE
ZGLP1	TRUE
ZGPAT	TRUE
ZGRF1	TRUE
ZHX1	TRUE
ZHX2	TRUE
ZHX3	TRUE
ZIC1	TRUE
ZIC2	TRUE
ZIC3	FALSE
ZIC4	FALSE
ZIC5	TRUE
ZIK1	TRUE
ZIM3	FALSE
ZKSCAN1	TRUE
ZKSCAN2	TRUE
ZKSCAN3	TRUE
ZKSCAN4	TRUE
ZKSCAN5	TRUE
ZKSCAN7	TRUE
ZKSCAN8	TRUE
ZMAT1	TRUE
ZMAT2	TRUE
ZMAT3	TRUE
ZMAT4	FALSE
ZMAT5	TRUE
ZMIZ1	TRUE
ZMIZ2	TRUE
ZMPSTE24	TRUE
ZMYM1	TRUE
ZMYM2	TRUE
ZMYM3	TRUE
ZMYM4	TRUE
ZMYM5	TRUE
ZMYM6	TRUE
ZMYND10	TRUE
ZMYND11	TRUE
ZMYND12	TRUE
ZMYND15	TRUE
ZMYND19	TRUE
ZMYND8	TRUE
ZNF10	TRUE
ZNF100	TRUE
ZNF101	TRUE
ZNF106	TRUE
ZNF107	TRUE
ZNF112	TRUE
ZNF114	FALSE
ZNF117	TRUE
ZNF12	TRUE
ZNF121	TRUE
ZNF124	TRUE
ZNF131	TRUE
ZNF132	TRUE
ZNF133	TRUE
ZNF134	TRUE
ZNF135	FALSE
ZNF136	TRUE
ZNF138	TRUE
ZNF14	TRUE
ZNF140	TRUE
ZNF141	TRUE
ZNF142	TRUE
ZNF143	TRUE
ZNF146	TRUE
ZNF148	TRUE
ZNF154	TRUE
ZNF155	TRUE
ZNF157	FALSE
ZNF16	TRUE
ZNF160	TRUE
ZNF165	TRUE
ZNF169	TRUE
ZNF17	TRUE
ZNF174	TRUE
ZNF175	TRUE
ZNF177	TRUE
ZNF18	TRUE
ZNF180	TRUE
ZNF181	TRUE
ZNF182	TRUE
ZNF184	TRUE
ZNF185	TRUE
ZNF189	TRUE
ZNF19	TRUE
ZNF195	TRUE
ZNF197	TRUE
ZNF2	TRUE
ZNF20	TRUE
ZNF200	TRUE
ZNF202	TRUE
ZNF205	TRUE
ZNF207	TRUE
ZNF211	TRUE
ZNF212	TRUE
ZNF213	TRUE
ZNF214	TRUE
ZNF215	TRUE
ZNF217	TRUE
ZNF219	TRUE
ZNF22	TRUE
ZNF221	TRUE
ZNF222	TRUE
ZNF223	TRUE
ZNF224	TRUE
ZNF225	TRUE
ZNF226	TRUE
ZNF227	TRUE
ZNF229	TRUE
ZNF23	TRUE
ZNF230	TRUE
ZNF232	TRUE
ZNF233	FALSE
ZNF234	TRUE
ZNF235	TRUE
ZNF236	TRUE
ZNF239	TRUE
ZNF24	TRUE
ZNF248	TRUE
ZNF25	TRUE
ZNF250	TRUE
ZNF251	TRUE
ZNF253	TRUE
ZNF254	TRUE
ZNF256	TRUE
ZNF26	TRUE
ZNF260	TRUE
ZNF263	TRUE
ZNF264	TRUE
ZNF266	TRUE
ZNF267	TRUE
ZNF268	TRUE
ZNF274	TRUE
ZNF275	TRUE
ZNF276	TRUE
ZNF277	TRUE
ZNF280A	TRUE
ZNF280B	TRUE
ZNF280C	TRUE
ZNF280D	TRUE
ZNF281	TRUE
ZNF282	TRUE
ZNF283	TRUE
ZNF284	TRUE
ZNF285	TRUE
ZNF286A	TRUE
ZNF287	TRUE
ZNF292	TRUE
ZNF296	TRUE
ZNF3	TRUE
ZNF30	TRUE
ZNF300	TRUE
ZNF302	TRUE
ZNF304	TRUE
ZNF311	TRUE
ZNF316	TRUE
ZNF317	TRUE
ZNF318	TRUE
ZNF319	TRUE
ZNF32	TRUE
ZNF322	TRUE
ZNF324	TRUE
ZNF324B	TRUE
ZNF326	TRUE
ZNF329	TRUE
ZNF330	TRUE
ZNF331	TRUE
ZNF333	TRUE
ZNF334	TRUE
ZNF335	TRUE
ZNF337	TRUE
ZNF33A	TRUE
ZNF33B	TRUE
ZNF34	TRUE
ZNF341	TRUE
ZNF343	TRUE
ZNF345	TRUE
ZNF346	TRUE
ZNF347	TRUE
ZNF350	TRUE
ZNF354A	TRUE
ZNF354B	TRUE
ZNF354C	TRUE
ZNF358	TRUE
ZNF362	TRUE
ZNF365	TRUE
ZNF366	TRUE
ZNF367	TRUE
ZNF37A	TRUE
ZNF382	TRUE
ZNF383	TRUE
ZNF384	TRUE
ZNF385A	TRUE
ZNF385B	FALSE
ZNF385C	TRUE
ZNF385D	FALSE
ZNF391	TRUE
ZNF394	TRUE
ZNF396	TRUE
ZNF397	TRUE
ZNF398	TRUE
ZNF404	TRUE
ZNF407	TRUE
ZNF408	TRUE
ZNF41	TRUE
ZNF410	TRUE
ZNF414	TRUE
ZNF415	TRUE
ZNF416	TRUE
ZNF419	TRUE
ZNF420	TRUE
ZNF423	TRUE
ZNF425	TRUE
ZNF426	TRUE
ZNF428	TRUE
ZNF429	FALSE
ZNF43	TRUE
ZNF431	TRUE
ZNF432	TRUE
ZNF433	TRUE
ZNF436	TRUE
ZNF438	TRUE
ZNF439	TRUE
ZNF44	TRUE
ZNF440	TRUE
ZNF441	TRUE
ZNF442	TRUE
ZNF444	TRUE
ZNF445	TRUE
ZNF446	TRUE
ZNF45	TRUE
ZNF451	TRUE
ZNF454	TRUE
ZNF460	TRUE
ZNF461	TRUE
ZNF462	TRUE
ZNF467	TRUE
ZNF469	TRUE
ZNF470	TRUE
ZNF471	TRUE
ZNF473	TRUE
ZNF474	TRUE
ZNF479	FALSE
ZNF48	TRUE
ZNF480	TRUE
ZNF483	TRUE
ZNF484	TRUE
ZNF485	TRUE
ZNF488	TRUE
ZNF490	TRUE
ZNF491	FALSE
ZNF492	TRUE
ZNF493	TRUE
ZNF496	TRUE
ZNF497	TRUE
ZNF500	TRUE
ZNF501	TRUE
ZNF502	TRUE
ZNF503	TRUE
ZNF507	TRUE
ZNF510	TRUE
ZNF511	TRUE
ZNF512	TRUE
ZNF512B	TRUE
ZNF513	TRUE
ZNF514	TRUE
ZNF516	TRUE
ZNF517	TRUE
ZNF518A	TRUE
ZNF518B	TRUE
ZNF519	TRUE
ZNF521	TRUE
ZNF524	TRUE
ZNF526	TRUE
ZNF527	TRUE
ZNF529	TRUE
ZNF530	TRUE
ZNF532	TRUE
ZNF534	FALSE
ZNF536	FALSE
ZNF540	TRUE
ZNF541	FALSE
ZNF543	TRUE
ZNF544	TRUE
ZNF546	TRUE
ZNF547	TRUE
ZNF548	TRUE
ZNF549	TRUE
ZNF550	TRUE
ZNF552	TRUE
ZNF554	TRUE
ZNF555	TRUE
ZNF556	FALSE
ZNF557	TRUE
ZNF558	TRUE
ZNF559	TRUE
ZNF560	FALSE
ZNF561	TRUE
ZNF562	TRUE
ZNF563	TRUE
ZNF564	TRUE
ZNF565	TRUE
ZNF566	TRUE
ZNF567	TRUE
ZNF568	TRUE
ZNF569	TRUE
ZNF57	TRUE
ZNF570	TRUE
ZNF571	TRUE
ZNF572	TRUE
ZNF573	TRUE
ZNF574	TRUE
ZNF575	TRUE
ZNF576	TRUE
ZNF577	TRUE
ZNF578	FALSE
ZNF579	TRUE
ZNF580	TRUE
ZNF581	TRUE
ZNF582	TRUE
ZNF583	TRUE
ZNF584	TRUE
ZNF585A	TRUE
ZNF585B	TRUE
ZNF586	TRUE
ZNF587B	TRUE
ZNF589	TRUE
ZNF592	TRUE
ZNF593	TRUE
ZNF594	TRUE
ZNF595	TRUE
ZNF596	TRUE
ZNF597	TRUE
ZNF598	TRUE
ZNF599	TRUE
ZNF600	TRUE
ZNF605	TRUE
ZNF606	TRUE
ZNF607	TRUE
ZNF608	TRUE
ZNF609	TRUE
ZNF610	TRUE
ZNF613	TRUE
ZNF614	TRUE
ZNF618	TRUE
ZNF619	TRUE
ZNF620	TRUE
ZNF621	TRUE
ZNF622	TRUE
ZNF623	TRUE
ZNF624	TRUE
ZNF625	TRUE
ZNF627	TRUE
ZNF628	TRUE
ZNF629	TRUE
ZNF630	TRUE
ZNF638	TRUE
ZNF639	TRUE
ZNF641	TRUE
ZNF644	TRUE
ZNF646	TRUE
ZNF648	TRUE
ZNF649	TRUE
ZNF652	TRUE
ZNF653	TRUE
ZNF654	TRUE
ZNF655	TRUE
ZNF658	TRUE
ZNF660	TRUE
ZNF664	TRUE
ZNF665	TRUE
ZNF667	TRUE
ZNF668	TRUE
ZNF669	TRUE
ZNF670	TRUE
ZNF671	TRUE
ZNF672	TRUE
ZNF674	TRUE
ZNF675	TRUE
ZNF676	FALSE
ZNF677	TRUE
ZNF678	TRUE
ZNF679	FALSE
ZNF680	TRUE
ZNF681	TRUE
ZNF682	TRUE
ZNF683	FALSE
ZNF684	TRUE
ZNF687	TRUE
ZNF688	TRUE
ZNF689	TRUE
ZNF691	TRUE
ZNF692	TRUE
ZNF695	TRUE
ZNF696	TRUE
ZNF697	TRUE
ZNF699	TRUE
ZNF7	TRUE
ZNF70	TRUE
ZNF700	TRUE
ZNF703	TRUE
ZNF704	TRUE
ZNF705A	FALSE
ZNF705G	FALSE
ZNF706	TRUE
ZNF707	TRUE
ZNF708	TRUE
ZNF709	TRUE
ZNF71	TRUE
ZNF710	TRUE
ZNF711	TRUE
ZNF713	TRUE
ZNF714	TRUE
ZNF716	FALSE
ZNF718	TRUE
ZNF720	TRUE
ZNF724	TRUE
ZNF727	TRUE
ZNF735	FALSE
ZNF736	TRUE
ZNF738	TRUE
ZNF74	TRUE
ZNF740	TRUE
ZNF747	TRUE
ZNF750	FALSE
ZNF75A	TRUE
ZNF75D	TRUE
ZNF76	TRUE
ZNF763	TRUE
ZNF764	TRUE
ZNF765	TRUE
ZNF766	TRUE
ZNF768	TRUE
ZNF77	TRUE
ZNF770	TRUE
ZNF771	TRUE
ZNF772	TRUE
ZNF774	TRUE
ZNF775	TRUE
ZNF776	TRUE
ZNF777	TRUE
ZNF778	TRUE
ZNF780A	TRUE
ZNF781	FALSE
ZNF782	TRUE
ZNF783	TRUE
ZNF784	TRUE
ZNF785	TRUE
ZNF786	TRUE
ZNF787	TRUE
ZNF789	TRUE
ZNF79	TRUE
ZNF790	TRUE
ZNF792	TRUE
ZNF793	TRUE
ZNF799	TRUE
ZNF8	TRUE
ZNF80	TRUE
ZNF800	TRUE
ZNF804A	TRUE
ZNF804B	TRUE
ZNF805	TRUE
ZNF808	TRUE
ZNF813	TRUE
ZNF816	TRUE
ZNF821	TRUE
ZNF823	TRUE
ZNF827	TRUE
ZNF829	FALSE
ZNF830	TRUE
ZNF831	TRUE
ZNF835	TRUE
ZNF837	TRUE
ZNF839	TRUE
ZNF84	TRUE
ZNF841	TRUE
ZNF843	TRUE
ZNF844	TRUE
ZNF850	TRUE
ZNF852	TRUE
ZNF853	TRUE
ZNF860	TRUE
ZNF862	TRUE
ZNF875	TRUE
ZNF878	TRUE
ZNF879	TRUE
ZNF880	TRUE
ZNF883	TRUE
ZNF888	TRUE
ZNF891	TRUE
ZNF90	TRUE
ZNF92	TRUE
ZNF98	FALSE
ZNF99	FALSE
ZNFX1	TRUE
ZNHIT2	TRUE
ZNHIT6	TRUE
ZNRD1	TRUE
ZNRD2	TRUE
ZNRF1	TRUE
ZNRF2	TRUE
ZNRF3	TRUE
ZNRF4	TRUE
ZP1	FALSE
ZP2	FALSE
ZP3	TRUE
ZP4	TRUE
ZPBP	TRUE
ZPBP2	FALSE
ZPLD1	FALSE
ZPR1	TRUE
ZRANB1	TRUE
ZRANB2	TRUE
ZRANB3	TRUE
ZSCAN1	TRUE
ZSCAN10	TRUE
ZSCAN12	TRUE
ZSCAN16	TRUE
ZSCAN18	TRUE
ZSCAN2	TRUE
ZSCAN20	TRUE
ZSCAN21	TRUE
ZSCAN22	TRUE
ZSCAN23	TRUE
ZSCAN25	TRUE
ZSCAN26	TRUE
ZSCAN29	TRUE
ZSCAN30	TRUE
ZSCAN31	TRUE
ZSCAN32	TRUE
ZSCAN4	FALSE
ZSCAN5B	FALSE
ZSCAN5C	FALSE
ZSCAN9	TRUE
ZSWIM1	TRUE
ZSWIM2	FALSE
ZSWIM3	TRUE
ZSWIM4	TRUE
ZSWIM5	TRUE
ZSWIM6	TRUE
ZSWIM7	TRUE
ZSWIM8	TRUE
ZSWIM9	TRUE
ZUP1	TRUE
ZW10	TRUE
ZWILCH	TRUE
ZWINT	TRUE
ZXDA	TRUE
ZXDB	TRUE
ZXDC	TRUE
ZYG11A	FALSE
ZYG11B	TRUE
ZYX	TRUE
ZZEF1	TRUE
