set_id	gene_rank	gene
FROZEN_REC_TOP50	1	ANKRD37
FROZEN_REC_TOP50	2	SDCBP2
FROZEN_REC_TOP50	3	DUOXA2
FROZEN_REC_TOP50	4	DUOX2
FROZEN_REC_TOP50	5	TSPAN1
FROZEN_REC_TOP50	6	PLAUR
FROZEN_REC_TOP50	7	QSOX1
FROZEN_REC_TOP50	8	MUC13
FROZEN_REC_TOP50	9	KRT20
FROZEN_REC_TOP50	10	C4BPB
FROZEN_REC_TOP50	11	SLC16A3
FROZEN_REC_TOP50	12	STBD1
FROZEN_REC_TOP50	13	CEACAM1
FROZEN_REC_TOP50	14	P4HA2
FROZEN_REC_TOP50	15	KRT80
FROZEN_REC_TOP50	16	NDRG1
FROZEN_REC_TOP50	17	DDX60
FROZEN_REC_TOP50	18	KLF4
FROZEN_REC_TOP50	19	CYP3A5
FROZEN_REC_TOP50	20	BIRC3
FROZEN_REC_TOP50	21	APOL1
FROZEN_REC_TOP50	22	ADGRF1
FROZEN_REC_TOP50	23	GSN
FROZEN_REC_TOP50	24	HIF1A-AS3
FROZEN_REC_TOP50	25	ADM
FROZEN_REC_TOP50	26	NDUFA4L2
FROZEN_REC_TOP50	27	CDHR5
FROZEN_REC_TOP50	28	MX2
FROZEN_REC_TOP50	29	OAS1
FROZEN_REC_TOP50	30	COL17A1
FROZEN_REC_TOP50	31	FXYD3
FROZEN_REC_TOP50	32	BTG1
FROZEN_REC_TOP50	33	JUP
FROZEN_REC_TOP50	34	ANGPTL4
FROZEN_REC_TOP50	35	ISG15
FROZEN_REC_TOP50	36	MXD1
FROZEN_REC_TOP50	37	ARFGAP3
FROZEN_REC_TOP50	38	CLDN3
FROZEN_REC_TOP50	39	IL32
FROZEN_REC_TOP50	40	APOL6
FROZEN_REC_TOP50	41	RHOC
FROZEN_REC_TOP50	42	ABCG1
FROZEN_REC_TOP50	43	RSAD2
FROZEN_REC_TOP50	44	DUSP5
FROZEN_REC_TOP50	45	PNCK
FROZEN_REC_TOP50	46	PTPRH
FROZEN_REC_TOP50	47	FHL2
FROZEN_REC_TOP50	48	LDHA
FROZEN_REC_TOP50	49	GRHL1
FROZEN_REC_TOP50	50	EGLN3
REACTOME_TIGHT_JUNCTION_INTERACTIONS	1	CLDN1
REACTOME_TIGHT_JUNCTION_INTERACTIONS	2	CLDN10
REACTOME_TIGHT_JUNCTION_INTERACTIONS	3	CLDN11
REACTOME_TIGHT_JUNCTION_INTERACTIONS	4	CLDN12
REACTOME_TIGHT_JUNCTION_INTERACTIONS	5	CLDN14
REACTOME_TIGHT_JUNCTION_INTERACTIONS	6	CLDN15
REACTOME_TIGHT_JUNCTION_INTERACTIONS	7	CLDN16
REACTOME_TIGHT_JUNCTION_INTERACTIONS	8	CLDN17
REACTOME_TIGHT_JUNCTION_INTERACTIONS	9	CLDN18
REACTOME_TIGHT_JUNCTION_INTERACTIONS	10	CLDN19
REACTOME_TIGHT_JUNCTION_INTERACTIONS	11	CLDN2
REACTOME_TIGHT_JUNCTION_INTERACTIONS	12	CLDN20
REACTOME_TIGHT_JUNCTION_INTERACTIONS	13	CLDN22
REACTOME_TIGHT_JUNCTION_INTERACTIONS	14	CLDN23
REACTOME_TIGHT_JUNCTION_INTERACTIONS	15	CLDN3
REACTOME_TIGHT_JUNCTION_INTERACTIONS	16	CLDN4
REACTOME_TIGHT_JUNCTION_INTERACTIONS	17	CLDN5
REACTOME_TIGHT_JUNCTION_INTERACTIONS	18	CLDN6
REACTOME_TIGHT_JUNCTION_INTERACTIONS	19	CLDN7
REACTOME_TIGHT_JUNCTION_INTERACTIONS	20	CLDN8
REACTOME_TIGHT_JUNCTION_INTERACTIONS	21	CLDN9
REACTOME_TIGHT_JUNCTION_INTERACTIONS	22	CRB3
REACTOME_TIGHT_JUNCTION_INTERACTIONS	23	F11R
REACTOME_TIGHT_JUNCTION_INTERACTIONS	24	PALS1
REACTOME_TIGHT_JUNCTION_INTERACTIONS	25	PARD3
REACTOME_TIGHT_JUNCTION_INTERACTIONS	26	PARD6A
REACTOME_TIGHT_JUNCTION_INTERACTIONS	27	PARD6B
REACTOME_TIGHT_JUNCTION_INTERACTIONS	28	PARD6G
REACTOME_TIGHT_JUNCTION_INTERACTIONS	29	PATJ
REACTOME_TIGHT_JUNCTION_INTERACTIONS	30	PRKCI
JUNB_TIGHT_JUNCTION_TARGETS_5	1	CLDN3
JUNB_TIGHT_JUNCTION_TARGETS_5	2	CLDN4
JUNB_TIGHT_JUNCTION_TARGETS_5	3	CLDN7
JUNB_TIGHT_JUNCTION_TARGETS_5	4	CRB3
JUNB_TIGHT_JUNCTION_TARGETS_5	5	F11R
JUNB_REGULON_DISJOINT_REC_TJ	1	ABHD17C
JUNB_REGULON_DISJOINT_REC_TJ	2	ABHD2
JUNB_REGULON_DISJOINT_REC_TJ	3	ACBD3
JUNB_REGULON_DISJOINT_REC_TJ	4	ACTB
JUNB_REGULON_DISJOINT_REC_TJ	5	ACTG1
JUNB_REGULON_DISJOINT_REC_TJ	6	ACTN4
JUNB_REGULON_DISJOINT_REC_TJ	7	AGPAT2
JUNB_REGULON_DISJOINT_REC_TJ	8	AGR3
JUNB_REGULON_DISJOINT_REC_TJ	9	ANG
JUNB_REGULON_DISJOINT_REC_TJ	10	ANXA2
JUNB_REGULON_DISJOINT_REC_TJ	11	AP1AR
JUNB_REGULON_DISJOINT_REC_TJ	12	ARF6
JUNB_REGULON_DISJOINT_REC_TJ	13	ARHGEF18
JUNB_REGULON_DISJOINT_REC_TJ	14	ARID3A
JUNB_REGULON_DISJOINT_REC_TJ	15	ARPC2
JUNB_REGULON_DISJOINT_REC_TJ	16	ATF3
JUNB_REGULON_DISJOINT_REC_TJ	17	ATF5
JUNB_REGULON_DISJOINT_REC_TJ	18	ATG101
JUNB_REGULON_DISJOINT_REC_TJ	19	ATP11B
JUNB_REGULON_DISJOINT_REC_TJ	20	ATP1A1
JUNB_REGULON_DISJOINT_REC_TJ	21	AVPI1
JUNB_REGULON_DISJOINT_REC_TJ	22	B2M
JUNB_REGULON_DISJOINT_REC_TJ	23	B3GNT3
JUNB_REGULON_DISJOINT_REC_TJ	24	B3GNT5
JUNB_REGULON_DISJOINT_REC_TJ	25	B4GALT1
JUNB_REGULON_DISJOINT_REC_TJ	26	BAG1
JUNB_REGULON_DISJOINT_REC_TJ	27	BBC3
JUNB_REGULON_DISJOINT_REC_TJ	28	BCL10
JUNB_REGULON_DISJOINT_REC_TJ	29	BCL3
JUNB_REGULON_DISJOINT_REC_TJ	30	BHLHE40
JUNB_REGULON_DISJOINT_REC_TJ	31	BLVRB
JUNB_REGULON_DISJOINT_REC_TJ	32	BTG2
JUNB_REGULON_DISJOINT_REC_TJ	33	C12ORF75
JUNB_REGULON_DISJOINT_REC_TJ	34	C19ORF33
JUNB_REGULON_DISJOINT_REC_TJ	35	C2CD4A
JUNB_REGULON_DISJOINT_REC_TJ	36	CALM2
JUNB_REGULON_DISJOINT_REC_TJ	37	CAP1
JUNB_REGULON_DISJOINT_REC_TJ	38	CAPG
JUNB_REGULON_DISJOINT_REC_TJ	39	CAPZA1
JUNB_REGULON_DISJOINT_REC_TJ	40	CAVIN3
JUNB_REGULON_DISJOINT_REC_TJ	41	CBX4
JUNB_REGULON_DISJOINT_REC_TJ	42	CCL20
JUNB_REGULON_DISJOINT_REC_TJ	43	CCN2
JUNB_REGULON_DISJOINT_REC_TJ	44	CCND1
JUNB_REGULON_DISJOINT_REC_TJ	45	CCPG1
JUNB_REGULON_DISJOINT_REC_TJ	46	CD151
JUNB_REGULON_DISJOINT_REC_TJ	47	CD164
JUNB_REGULON_DISJOINT_REC_TJ	48	CD200R1L
JUNB_REGULON_DISJOINT_REC_TJ	49	CD55
JUNB_REGULON_DISJOINT_REC_TJ	50	CD63
JUNB_REGULON_DISJOINT_REC_TJ	51	CD9
JUNB_REGULON_DISJOINT_REC_TJ	52	CDC42EP4
JUNB_REGULON_DISJOINT_REC_TJ	53	CDKN1A
JUNB_REGULON_DISJOINT_REC_TJ	54	CDKN1C
JUNB_REGULON_DISJOINT_REC_TJ	55	CDKN2AIP
JUNB_REGULON_DISJOINT_REC_TJ	56	CEACAM6
JUNB_REGULON_DISJOINT_REC_TJ	57	CHMP1B
JUNB_REGULON_DISJOINT_REC_TJ	58	CIB1
JUNB_REGULON_DISJOINT_REC_TJ	59	CKB
JUNB_REGULON_DISJOINT_REC_TJ	60	CLTB
JUNB_REGULON_DISJOINT_REC_TJ	61	COL16A1
JUNB_REGULON_DISJOINT_REC_TJ	62	CPEB4
JUNB_REGULON_DISJOINT_REC_TJ	63	CSNK1E
JUNB_REGULON_DISJOINT_REC_TJ	64	CSNK2A1
JUNB_REGULON_DISJOINT_REC_TJ	65	CSRNP1
JUNB_REGULON_DISJOINT_REC_TJ	66	CTSE
JUNB_REGULON_DISJOINT_REC_TJ	67	CTSH
JUNB_REGULON_DISJOINT_REC_TJ	68	CX3CL1
JUNB_REGULON_DISJOINT_REC_TJ	69	CXCL1
JUNB_REGULON_DISJOINT_REC_TJ	70	CYBRD1
JUNB_REGULON_DISJOINT_REC_TJ	71	CYP2S1
JUNB_REGULON_DISJOINT_REC_TJ	72	DDIT4
JUNB_REGULON_DISJOINT_REC_TJ	73	DDX3X
JUNB_REGULON_DISJOINT_REC_TJ	74	DDX5
JUNB_REGULON_DISJOINT_REC_TJ	75	DENND3
JUNB_REGULON_DISJOINT_REC_TJ	76	DMKN
JUNB_REGULON_DISJOINT_REC_TJ	77	DSP
JUNB_REGULON_DISJOINT_REC_TJ	78	DUSP1
JUNB_REGULON_DISJOINT_REC_TJ	79	DUSP6
JUNB_REGULON_DISJOINT_REC_TJ	80	DYRK2
JUNB_REGULON_DISJOINT_REC_TJ	81	ECE1
JUNB_REGULON_DISJOINT_REC_TJ	82	EHD4
JUNB_REGULON_DISJOINT_REC_TJ	83	EIF1
JUNB_REGULON_DISJOINT_REC_TJ	84	EIF4G2
JUNB_REGULON_DISJOINT_REC_TJ	85	ELF3
JUNB_REGULON_DISJOINT_REC_TJ	86	ELP5
JUNB_REGULON_DISJOINT_REC_TJ	87	EMP1
JUNB_REGULON_DISJOINT_REC_TJ	88	EPAS1
JUNB_REGULON_DISJOINT_REC_TJ	89	EPB41L4B
JUNB_REGULON_DISJOINT_REC_TJ	90	EPHA2
JUNB_REGULON_DISJOINT_REC_TJ	91	EPHA4
JUNB_REGULON_DISJOINT_REC_TJ	92	ERRFI1
JUNB_REGULON_DISJOINT_REC_TJ	93	ETHE1
JUNB_REGULON_DISJOINT_REC_TJ	94	EZR
JUNB_REGULON_DISJOINT_REC_TJ	95	FA2H
JUNB_REGULON_DISJOINT_REC_TJ	96	FAM20C
JUNB_REGULON_DISJOINT_REC_TJ	97	FOS
JUNB_REGULON_DISJOINT_REC_TJ	98	FOSB
JUNB_REGULON_DISJOINT_REC_TJ	99	FOSL2
JUNB_REGULON_DISJOINT_REC_TJ	100	FOXA3
JUNB_REGULON_DISJOINT_REC_TJ	101	FUCA1
JUNB_REGULON_DISJOINT_REC_TJ	102	GABARAPL1
JUNB_REGULON_DISJOINT_REC_TJ	103	GCNT3
JUNB_REGULON_DISJOINT_REC_TJ	104	GDF15
JUNB_REGULON_DISJOINT_REC_TJ	105	GJB3
JUNB_REGULON_DISJOINT_REC_TJ	106	GOLGA7
JUNB_REGULON_DISJOINT_REC_TJ	107	GPRC5A
JUNB_REGULON_DISJOINT_REC_TJ	108	GPRC5C
JUNB_REGULON_DISJOINT_REC_TJ	109	GRB7
JUNB_REGULON_DISJOINT_REC_TJ	110	GRSF1
JUNB_REGULON_DISJOINT_REC_TJ	111	H1F0
JUNB_REGULON_DISJOINT_REC_TJ	112	H3F3B
JUNB_REGULON_DISJOINT_REC_TJ	113	HBEGF
JUNB_REGULON_DISJOINT_REC_TJ	114	HES1
JUNB_REGULON_DISJOINT_REC_TJ	115	HLA-A
JUNB_REGULON_DISJOINT_REC_TJ	116	HLA-B
JUNB_REGULON_DISJOINT_REC_TJ	117	HLA-C
JUNB_REGULON_DISJOINT_REC_TJ	118	HSD11B2
JUNB_REGULON_DISJOINT_REC_TJ	119	ID1
JUNB_REGULON_DISJOINT_REC_TJ	120	ID2
JUNB_REGULON_DISJOINT_REC_TJ	121	IER2
JUNB_REGULON_DISJOINT_REC_TJ	122	IER3
JUNB_REGULON_DISJOINT_REC_TJ	123	IFI6
JUNB_REGULON_DISJOINT_REC_TJ	124	IGFBP1
JUNB_REGULON_DISJOINT_REC_TJ	125	IL6R
JUNB_REGULON_DISJOINT_REC_TJ	126	INAVA
JUNB_REGULON_DISJOINT_REC_TJ	127	IRF1
JUNB_REGULON_DISJOINT_REC_TJ	128	IRF2
JUNB_REGULON_DISJOINT_REC_TJ	129	IRF7
JUNB_REGULON_DISJOINT_REC_TJ	130	ISG20
JUNB_REGULON_DISJOINT_REC_TJ	131	ITGB1
JUNB_REGULON_DISJOINT_REC_TJ	132	ITGB4
JUNB_REGULON_DISJOINT_REC_TJ	133	ITGB6
JUNB_REGULON_DISJOINT_REC_TJ	134	ITM2C
JUNB_REGULON_DISJOINT_REC_TJ	135	ITPRID2
JUNB_REGULON_DISJOINT_REC_TJ	136	JUN
JUNB_REGULON_DISJOINT_REC_TJ	137	JUNB
JUNB_REGULON_DISJOINT_REC_TJ	138	JUND
JUNB_REGULON_DISJOINT_REC_TJ	139	KDELR1
JUNB_REGULON_DISJOINT_REC_TJ	140	KIAA0232
JUNB_REGULON_DISJOINT_REC_TJ	141	KIAA1522
JUNB_REGULON_DISJOINT_REC_TJ	142	KLF10
JUNB_REGULON_DISJOINT_REC_TJ	143	KLF13
JUNB_REGULON_DISJOINT_REC_TJ	144	KLF2
JUNB_REGULON_DISJOINT_REC_TJ	145	KLF3
JUNB_REGULON_DISJOINT_REC_TJ	146	KLF6
JUNB_REGULON_DISJOINT_REC_TJ	147	KRT18
JUNB_REGULON_DISJOINT_REC_TJ	148	KRT19
JUNB_REGULON_DISJOINT_REC_TJ	149	KRT8
JUNB_REGULON_DISJOINT_REC_TJ	150	KTN1
JUNB_REGULON_DISJOINT_REC_TJ	151	LAMA3
JUNB_REGULON_DISJOINT_REC_TJ	152	LAMB3
JUNB_REGULON_DISJOINT_REC_TJ	153	LGALS3BP
JUNB_REGULON_DISJOINT_REC_TJ	154	LGALS4
JUNB_REGULON_DISJOINT_REC_TJ	155	LMNA
JUNB_REGULON_DISJOINT_REC_TJ	156	LRP10
JUNB_REGULON_DISJOINT_REC_TJ	157	LRRC8A
JUNB_REGULON_DISJOINT_REC_TJ	158	LSR
JUNB_REGULON_DISJOINT_REC_TJ	159	LTBR
JUNB_REGULON_DISJOINT_REC_TJ	160	LY6E
JUNB_REGULON_DISJOINT_REC_TJ	161	MALL
JUNB_REGULON_DISJOINT_REC_TJ	162	MCF2L2
JUNB_REGULON_DISJOINT_REC_TJ	163	MCL1
JUNB_REGULON_DISJOINT_REC_TJ	164	MFSD10
JUNB_REGULON_DISJOINT_REC_TJ	165	MGLL
JUNB_REGULON_DISJOINT_REC_TJ	166	MID1IP1
JUNB_REGULON_DISJOINT_REC_TJ	167	MIDN
JUNB_REGULON_DISJOINT_REC_TJ	168	MISP
JUNB_REGULON_DISJOINT_REC_TJ	169	MKNK2
JUNB_REGULON_DISJOINT_REC_TJ	170	MMP14
JUNB_REGULON_DISJOINT_REC_TJ	171	MORF4L1
JUNB_REGULON_DISJOINT_REC_TJ	172	MPZL2
JUNB_REGULON_DISJOINT_REC_TJ	173	MRPS18C
JUNB_REGULON_DISJOINT_REC_TJ	174	MT2A
JUNB_REGULON_DISJOINT_REC_TJ	175	MUC20
JUNB_REGULON_DISJOINT_REC_TJ	176	MYL12A
JUNB_REGULON_DISJOINT_REC_TJ	177	MYL12B
JUNB_REGULON_DISJOINT_REC_TJ	178	MYL6
JUNB_REGULON_DISJOINT_REC_TJ	179	NECTIN2
JUNB_REGULON_DISJOINT_REC_TJ	180	NET1
JUNB_REGULON_DISJOINT_REC_TJ	181	NFE2L3
JUNB_REGULON_DISJOINT_REC_TJ	182	NFKBIA
JUNB_REGULON_DISJOINT_REC_TJ	183	NIPA2
JUNB_REGULON_DISJOINT_REC_TJ	184	NR4A1
JUNB_REGULON_DISJOINT_REC_TJ	185	NRARP
JUNB_REGULON_DISJOINT_REC_TJ	186	OASL
JUNB_REGULON_DISJOINT_REC_TJ	187	OCIAD2
JUNB_REGULON_DISJOINT_REC_TJ	188	ODC1
JUNB_REGULON_DISJOINT_REC_TJ	189	PCDH1
JUNB_REGULON_DISJOINT_REC_TJ	190	PEG10
JUNB_REGULON_DISJOINT_REC_TJ	191	PHGR1
JUNB_REGULON_DISJOINT_REC_TJ	192	PHLDA2
JUNB_REGULON_DISJOINT_REC_TJ	193	PIM1
JUNB_REGULON_DISJOINT_REC_TJ	194	PIM3
JUNB_REGULON_DISJOINT_REC_TJ	195	PKM
JUNB_REGULON_DISJOINT_REC_TJ	196	PLA2G2A
JUNB_REGULON_DISJOINT_REC_TJ	197	PLAC8
JUNB_REGULON_DISJOINT_REC_TJ	198	PLEC
JUNB_REGULON_DISJOINT_REC_TJ	199	PLP2
JUNB_REGULON_DISJOINT_REC_TJ	200	PMEPA1
JUNB_REGULON_DISJOINT_REC_TJ	201	PNKD
JUNB_REGULON_DISJOINT_REC_TJ	202	POLR2A
JUNB_REGULON_DISJOINT_REC_TJ	203	PPA1
JUNB_REGULON_DISJOINT_REC_TJ	204	PPP1R15A
JUNB_REGULON_DISJOINT_REC_TJ	205	PRKACB
JUNB_REGULON_DISJOINT_REC_TJ	206	PRSS2
JUNB_REGULON_DISJOINT_REC_TJ	207	RAB11A
JUNB_REGULON_DISJOINT_REC_TJ	208	RAC1
JUNB_REGULON_DISJOINT_REC_TJ	209	RASSF6
JUNB_REGULON_DISJOINT_REC_TJ	210	REG4
JUNB_REGULON_DISJOINT_REC_TJ	211	RFK
JUNB_REGULON_DISJOINT_REC_TJ	212	RHOB
JUNB_REGULON_DISJOINT_REC_TJ	213	RHOF
JUNB_REGULON_DISJOINT_REC_TJ	214	RIOK3
JUNB_REGULON_DISJOINT_REC_TJ	215	RNASE4
JUNB_REGULON_DISJOINT_REC_TJ	216	RNF186
JUNB_REGULON_DISJOINT_REC_TJ	217	S100A10
JUNB_REGULON_DISJOINT_REC_TJ	218	S100A11
JUNB_REGULON_DISJOINT_REC_TJ	219	S100A6
JUNB_REGULON_DISJOINT_REC_TJ	220	S100P
JUNB_REGULON_DISJOINT_REC_TJ	221	SDC1
JUNB_REGULON_DISJOINT_REC_TJ	222	SDC4
JUNB_REGULON_DISJOINT_REC_TJ	223	SELENOP
JUNB_REGULON_DISJOINT_REC_TJ	224	SERF2
JUNB_REGULON_DISJOINT_REC_TJ	225	SERPINB5
JUNB_REGULON_DISJOINT_REC_TJ	226	SFN
JUNB_REGULON_DISJOINT_REC_TJ	227	SHB
JUNB_REGULON_DISJOINT_REC_TJ	228	SKIL
JUNB_REGULON_DISJOINT_REC_TJ	229	SLA
JUNB_REGULON_DISJOINT_REC_TJ	230	SLC25A25
JUNB_REGULON_DISJOINT_REC_TJ	231	SLC2A1
JUNB_REGULON_DISJOINT_REC_TJ	232	SLC30A1
JUNB_REGULON_DISJOINT_REC_TJ	233	SLC35E4
JUNB_REGULON_DISJOINT_REC_TJ	234	SLC38A2
JUNB_REGULON_DISJOINT_REC_TJ	235	SLC44A4
JUNB_REGULON_DISJOINT_REC_TJ	236	SLC6A14
JUNB_REGULON_DISJOINT_REC_TJ	237	SMAD7
JUNB_REGULON_DISJOINT_REC_TJ	238	SMARCA1
JUNB_REGULON_DISJOINT_REC_TJ	239	SOWAHC
JUNB_REGULON_DISJOINT_REC_TJ	240	SOX6
JUNB_REGULON_DISJOINT_REC_TJ	241	SOX9
JUNB_REGULON_DISJOINT_REC_TJ	242	SPINK1
JUNB_REGULON_DISJOINT_REC_TJ	243	SPINT1
JUNB_REGULON_DISJOINT_REC_TJ	244	SPINT2
JUNB_REGULON_DISJOINT_REC_TJ	245	SQSTM1
JUNB_REGULON_DISJOINT_REC_TJ	246	ST14
JUNB_REGULON_DISJOINT_REC_TJ	247	STRA6
JUNB_REGULON_DISJOINT_REC_TJ	248	TAGLN2
JUNB_REGULON_DISJOINT_REC_TJ	249	TAX1BP3
JUNB_REGULON_DISJOINT_REC_TJ	250	TCIM
JUNB_REGULON_DISJOINT_REC_TJ	251	TFRC
JUNB_REGULON_DISJOINT_REC_TJ	252	TINAGL1
JUNB_REGULON_DISJOINT_REC_TJ	253	TJP3
JUNB_REGULON_DISJOINT_REC_TJ	254	TM4SF1
JUNB_REGULON_DISJOINT_REC_TJ	255	TMBIM1
JUNB_REGULON_DISJOINT_REC_TJ	256	TMC6
JUNB_REGULON_DISJOINT_REC_TJ	257	TMEM30A
JUNB_REGULON_DISJOINT_REC_TJ	258	TMEM59
JUNB_REGULON_DISJOINT_REC_TJ	259	TMSB4X
JUNB_REGULON_DISJOINT_REC_TJ	260	TNFRSF11B
JUNB_REGULON_DISJOINT_REC_TJ	261	TNFRSF1A
JUNB_REGULON_DISJOINT_REC_TJ	262	TOB1
JUNB_REGULON_DISJOINT_REC_TJ	263	TOR1B
JUNB_REGULON_DISJOINT_REC_TJ	264	TOR4A
JUNB_REGULON_DISJOINT_REC_TJ	265	TPM4
JUNB_REGULON_DISJOINT_REC_TJ	266	TRAF4
JUNB_REGULON_DISJOINT_REC_TJ	267	TRIB3
JUNB_REGULON_DISJOINT_REC_TJ	268	TRIOBP
JUNB_REGULON_DISJOINT_REC_TJ	269	TTYH3
JUNB_REGULON_DISJOINT_REC_TJ	270	TXNIP
JUNB_REGULON_DISJOINT_REC_TJ	271	UBC
JUNB_REGULON_DISJOINT_REC_TJ	272	VAPA
JUNB_REGULON_DISJOINT_REC_TJ	273	VASP
JUNB_REGULON_DISJOINT_REC_TJ	274	VDAC3
JUNB_REGULON_DISJOINT_REC_TJ	275	VSIG2
JUNB_REGULON_DISJOINT_REC_TJ	276	WSB1
JUNB_REGULON_DISJOINT_REC_TJ	277	YWHAZ
JUNB_REGULON_DISJOINT_REC_TJ	278	ZDHHC3
JUNB_REGULON_DISJOINT_REC_TJ	279	ZFP36
JUNB_REGULON_DISJOINT_REC_TJ	280	ZFP36L1
FOSL2_REGULON_DISJOINT_REC_TJ	1	ABHD3
FOSL2_REGULON_DISJOINT_REC_TJ	2	ABLIM2
FOSL2_REGULON_DISJOINT_REC_TJ	3	ABLIM3
FOSL2_REGULON_DISJOINT_REC_TJ	4	ACTN4
FOSL2_REGULON_DISJOINT_REC_TJ	5	AGRN
FOSL2_REGULON_DISJOINT_REC_TJ	6	AHNAK
FOSL2_REGULON_DISJOINT_REC_TJ	7	AKAP13
FOSL2_REGULON_DISJOINT_REC_TJ	8	ALOX5
FOSL2_REGULON_DISJOINT_REC_TJ	9	ALPK1
FOSL2_REGULON_DISJOINT_REC_TJ	10	ANXA11
FOSL2_REGULON_DISJOINT_REC_TJ	11	ANXA2
FOSL2_REGULON_DISJOINT_REC_TJ	12	ANXA3
FOSL2_REGULON_DISJOINT_REC_TJ	13	ANXA4
FOSL2_REGULON_DISJOINT_REC_TJ	14	ARHGEF1
FOSL2_REGULON_DISJOINT_REC_TJ	15	ARID3A
FOSL2_REGULON_DISJOINT_REC_TJ	16	ASAP2
FOSL2_REGULON_DISJOINT_REC_TJ	17	ASS1
FOSL2_REGULON_DISJOINT_REC_TJ	18	ATF3
FOSL2_REGULON_DISJOINT_REC_TJ	19	ATP2B4
FOSL2_REGULON_DISJOINT_REC_TJ	20	B2M
FOSL2_REGULON_DISJOINT_REC_TJ	21	B3GNT6
FOSL2_REGULON_DISJOINT_REC_TJ	22	B4GALT1
FOSL2_REGULON_DISJOINT_REC_TJ	23	BCAS1
FOSL2_REGULON_DISJOINT_REC_TJ	24	BCL2L1
FOSL2_REGULON_DISJOINT_REC_TJ	25	BCL3
FOSL2_REGULON_DISJOINT_REC_TJ	26	BHLHE40
FOSL2_REGULON_DISJOINT_REC_TJ	27	BIK
FOSL2_REGULON_DISJOINT_REC_TJ	28	BNIP2
FOSL2_REGULON_DISJOINT_REC_TJ	29	C19ORF33
FOSL2_REGULON_DISJOINT_REC_TJ	30	C20ORF194
FOSL2_REGULON_DISJOINT_REC_TJ	31	C6ORF132
FOSL2_REGULON_DISJOINT_REC_TJ	32	CARD11
FOSL2_REGULON_DISJOINT_REC_TJ	33	CD55
FOSL2_REGULON_DISJOINT_REC_TJ	34	CDA
FOSL2_REGULON_DISJOINT_REC_TJ	35	CHP1
FOSL2_REGULON_DISJOINT_REC_TJ	36	CRYBG2
FOSL2_REGULON_DISJOINT_REC_TJ	37	CYP2S1
FOSL2_REGULON_DISJOINT_REC_TJ	38	DDIT4
FOSL2_REGULON_DISJOINT_REC_TJ	39	DMKN
FOSL2_REGULON_DISJOINT_REC_TJ	40	DNM2
FOSL2_REGULON_DISJOINT_REC_TJ	41	DST
FOSL2_REGULON_DISJOINT_REC_TJ	42	DUSP1
FOSL2_REGULON_DISJOINT_REC_TJ	43	DUSP10
FOSL2_REGULON_DISJOINT_REC_TJ	44	DUSP8
FOSL2_REGULON_DISJOINT_REC_TJ	45	EFHD2
FOSL2_REGULON_DISJOINT_REC_TJ	46	EFNA1
FOSL2_REGULON_DISJOINT_REC_TJ	47	ELF3
FOSL2_REGULON_DISJOINT_REC_TJ	48	EML2
FOSL2_REGULON_DISJOINT_REC_TJ	49	ENO2
FOSL2_REGULON_DISJOINT_REC_TJ	50	EPAS1
FOSL2_REGULON_DISJOINT_REC_TJ	51	EPHA2
FOSL2_REGULON_DISJOINT_REC_TJ	52	EPS8L2
FOSL2_REGULON_DISJOINT_REC_TJ	53	EZR
FOSL2_REGULON_DISJOINT_REC_TJ	54	FBXO32
FOSL2_REGULON_DISJOINT_REC_TJ	55	FBXW5
FOSL2_REGULON_DISJOINT_REC_TJ	56	FLNB
FOSL2_REGULON_DISJOINT_REC_TJ	57	FOS
FOSL2_REGULON_DISJOINT_REC_TJ	58	FOSL2
FOSL2_REGULON_DISJOINT_REC_TJ	59	GCNT3
FOSL2_REGULON_DISJOINT_REC_TJ	60	GTPBP2
FOSL2_REGULON_DISJOINT_REC_TJ	61	IGF2BP3
FOSL2_REGULON_DISJOINT_REC_TJ	62	IL10RB
FOSL2_REGULON_DISJOINT_REC_TJ	63	INF2
FOSL2_REGULON_DISJOINT_REC_TJ	64	ITGA3
FOSL2_REGULON_DISJOINT_REC_TJ	65	ITGA5
FOSL2_REGULON_DISJOINT_REC_TJ	66	ITGB4
FOSL2_REGULON_DISJOINT_REC_TJ	67	KDM5B
FOSL2_REGULON_DISJOINT_REC_TJ	68	KIAA1522
FOSL2_REGULON_DISJOINT_REC_TJ	69	KLF3
FOSL2_REGULON_DISJOINT_REC_TJ	70	KRT17
FOSL2_REGULON_DISJOINT_REC_TJ	71	KRT19
FOSL2_REGULON_DISJOINT_REC_TJ	72	KRT7
FOSL2_REGULON_DISJOINT_REC_TJ	73	LIPH
FOSL2_REGULON_DISJOINT_REC_TJ	74	LRMDA
FOSL2_REGULON_DISJOINT_REC_TJ	75	MAGI2
FOSL2_REGULON_DISJOINT_REC_TJ	76	MALT1
FOSL2_REGULON_DISJOINT_REC_TJ	77	MBOAT7
FOSL2_REGULON_DISJOINT_REC_TJ	78	MEF2D
FOSL2_REGULON_DISJOINT_REC_TJ	79	MGLL
FOSL2_REGULON_DISJOINT_REC_TJ	80	MICAL2
FOSL2_REGULON_DISJOINT_REC_TJ	81	MIDN
FOSL2_REGULON_DISJOINT_REC_TJ	82	MKNK2
FOSL2_REGULON_DISJOINT_REC_TJ	83	MUC1
FOSL2_REGULON_DISJOINT_REC_TJ	84	MUC17
FOSL2_REGULON_DISJOINT_REC_TJ	85	MUC4
FOSL2_REGULON_DISJOINT_REC_TJ	86	MYH14
FOSL2_REGULON_DISJOINT_REC_TJ	87	MYO1C
FOSL2_REGULON_DISJOINT_REC_TJ	88	MYO1E
FOSL2_REGULON_DISJOINT_REC_TJ	89	MYO9B
FOSL2_REGULON_DISJOINT_REC_TJ	90	NBEAL1
FOSL2_REGULON_DISJOINT_REC_TJ	91	NCOR2
FOSL2_REGULON_DISJOINT_REC_TJ	92	NDEL1
FOSL2_REGULON_DISJOINT_REC_TJ	93	NECTIN2
FOSL2_REGULON_DISJOINT_REC_TJ	94	NEDD9
FOSL2_REGULON_DISJOINT_REC_TJ	95	NIBAN2
FOSL2_REGULON_DISJOINT_REC_TJ	96	NOXA1
FOSL2_REGULON_DISJOINT_REC_TJ	97	NPC1
FOSL2_REGULON_DISJOINT_REC_TJ	98	NR4A1
FOSL2_REGULON_DISJOINT_REC_TJ	99	NRARP
FOSL2_REGULON_DISJOINT_REC_TJ	100	OPTN
FOSL2_REGULON_DISJOINT_REC_TJ	101	PCDH1
FOSL2_REGULON_DISJOINT_REC_TJ	102	PER1
FOSL2_REGULON_DISJOINT_REC_TJ	103	PIAS1
FOSL2_REGULON_DISJOINT_REC_TJ	104	PIM3
FOSL2_REGULON_DISJOINT_REC_TJ	105	PLD1
FOSL2_REGULON_DISJOINT_REC_TJ	106	PLEKHB2
FOSL2_REGULON_DISJOINT_REC_TJ	107	PLXNA3
FOSL2_REGULON_DISJOINT_REC_TJ	108	PLXNB2
FOSL2_REGULON_DISJOINT_REC_TJ	109	PML
FOSL2_REGULON_DISJOINT_REC_TJ	110	PNKD
FOSL2_REGULON_DISJOINT_REC_TJ	111	PRDM16
FOSL2_REGULON_DISJOINT_REC_TJ	112	PTPRR
FOSL2_REGULON_DISJOINT_REC_TJ	113	PUM1
FOSL2_REGULON_DISJOINT_REC_TJ	114	RAB1A
FOSL2_REGULON_DISJOINT_REC_TJ	115	RAP1B
FOSL2_REGULON_DISJOINT_REC_TJ	116	RASSF7
FOSL2_REGULON_DISJOINT_REC_TJ	117	RHPN2
FOSL2_REGULON_DISJOINT_REC_TJ	118	RIOK3
FOSL2_REGULON_DISJOINT_REC_TJ	119	RNF186
FOSL2_REGULON_DISJOINT_REC_TJ	120	SCNN1A
FOSL2_REGULON_DISJOINT_REC_TJ	121	SEC31A
FOSL2_REGULON_DISJOINT_REC_TJ	122	SELENOP
FOSL2_REGULON_DISJOINT_REC_TJ	123	SEMA3B
FOSL2_REGULON_DISJOINT_REC_TJ	124	SEMA4B
FOSL2_REGULON_DISJOINT_REC_TJ	125	SERINC2
FOSL2_REGULON_DISJOINT_REC_TJ	126	SERPINB5
FOSL2_REGULON_DISJOINT_REC_TJ	127	SGSM1
FOSL2_REGULON_DISJOINT_REC_TJ	128	SLC15A1
FOSL2_REGULON_DISJOINT_REC_TJ	129	SLC20A1
FOSL2_REGULON_DISJOINT_REC_TJ	130	SLC2A1
FOSL2_REGULON_DISJOINT_REC_TJ	131	SLC45A4
FOSL2_REGULON_DISJOINT_REC_TJ	132	SLC6A8
FOSL2_REGULON_DISJOINT_REC_TJ	133	SLC9A1
FOSL2_REGULON_DISJOINT_REC_TJ	134	SOX6
FOSL2_REGULON_DISJOINT_REC_TJ	135	SPINT1
FOSL2_REGULON_DISJOINT_REC_TJ	136	SPON1
FOSL2_REGULON_DISJOINT_REC_TJ	137	STAT3
FOSL2_REGULON_DISJOINT_REC_TJ	138	STAT6
FOSL2_REGULON_DISJOINT_REC_TJ	139	STK17B
FOSL2_REGULON_DISJOINT_REC_TJ	140	TGM2
FOSL2_REGULON_DISJOINT_REC_TJ	141	THRB
FOSL2_REGULON_DISJOINT_REC_TJ	142	TINAGL1
FOSL2_REGULON_DISJOINT_REC_TJ	143	TMBIM1
FOSL2_REGULON_DISJOINT_REC_TJ	144	TMEM241
FOSL2_REGULON_DISJOINT_REC_TJ	145	TNFRSF1A
FOSL2_REGULON_DISJOINT_REC_TJ	146	TNRC18
FOSL2_REGULON_DISJOINT_REC_TJ	147	TPM4
FOSL2_REGULON_DISJOINT_REC_TJ	148	TSPAN3
FOSL2_REGULON_DISJOINT_REC_TJ	149	VEGFA
FOSL2_REGULON_DISJOINT_REC_TJ	150	WASF2
FOSL2_REGULON_DISJOINT_REC_TJ	151	YWHAG
FOSL2_REGULON_DISJOINT_REC_TJ	152	ZC3H12A
FOSL2_REGULON_DISJOINT_REC_TJ	153	ZFP36
RELB_REGULON_DISJOINT_REC_TJ	1	ABTB2
RELB_REGULON_DISJOINT_REC_TJ	2	BAIAP2L1
RELB_REGULON_DISJOINT_REC_TJ	3	BCL3
RELB_REGULON_DISJOINT_REC_TJ	4	CCL20
RELB_REGULON_DISJOINT_REC_TJ	5	CDKN2A
RELB_REGULON_DISJOINT_REC_TJ	6	CFLAR
RELB_REGULON_DISJOINT_REC_TJ	7	ENKUR
RELB_REGULON_DISJOINT_REC_TJ	8	FGD6
RELB_REGULON_DISJOINT_REC_TJ	9	HDAC9
RELB_REGULON_DISJOINT_REC_TJ	10	HIVEP2
RELB_REGULON_DISJOINT_REC_TJ	11	ICAM1
RELB_REGULON_DISJOINT_REC_TJ	12	IFNAR2
RELB_REGULON_DISJOINT_REC_TJ	13	IFNGR2
RELB_REGULON_DISJOINT_REC_TJ	14	IL4R
RELB_REGULON_DISJOINT_REC_TJ	15	IRAK2
RELB_REGULON_DISJOINT_REC_TJ	16	IRF1
RELB_REGULON_DISJOINT_REC_TJ	17	ITGAV
RELB_REGULON_DISJOINT_REC_TJ	18	ITGB8
RELB_REGULON_DISJOINT_REC_TJ	19	LAMB3
RELB_REGULON_DISJOINT_REC_TJ	20	LAMC1
RELB_REGULON_DISJOINT_REC_TJ	21	LAMC2
RELB_REGULON_DISJOINT_REC_TJ	22	LYN
RELB_REGULON_DISJOINT_REC_TJ	23	MAP3K8
RELB_REGULON_DISJOINT_REC_TJ	24	NCEH1
RELB_REGULON_DISJOINT_REC_TJ	25	NFATC2
RELB_REGULON_DISJOINT_REC_TJ	26	NFKBIA
RELB_REGULON_DISJOINT_REC_TJ	27	NFKBIZ
RELB_REGULON_DISJOINT_REC_TJ	28	OPTN
RELB_REGULON_DISJOINT_REC_TJ	29	PLEC
RELB_REGULON_DISJOINT_REC_TJ	30	PLEKHM2
RELB_REGULON_DISJOINT_REC_TJ	31	PMAIP1
RELB_REGULON_DISJOINT_REC_TJ	32	PMEPA1
RELB_REGULON_DISJOINT_REC_TJ	33	PML
RELB_REGULON_DISJOINT_REC_TJ	34	RELB
RELB_REGULON_DISJOINT_REC_TJ	35	RNF207
RELB_REGULON_DISJOINT_REC_TJ	36	SDC4
RELB_REGULON_DISJOINT_REC_TJ	37	SGPP2
RELB_REGULON_DISJOINT_REC_TJ	38	SMAD3
RELB_REGULON_DISJOINT_REC_TJ	39	TAPBP
RELB_REGULON_DISJOINT_REC_TJ	40	TM4SF1
RELB_REGULON_DISJOINT_REC_TJ	41	TNFAIP2
RELB_REGULON_DISJOINT_REC_TJ	42	TNFAIP3
RELB_REGULON_DISJOINT_REC_TJ	43	TNIP1
RELB_REGULON_DISJOINT_REC_TJ	44	ZMIZ2
NFKB_COMBINED_DISJOINT_REC_TJ	1	DDX24
NFKB_COMBINED_DISJOINT_REC_TJ	2	INTS6
NFKB_COMBINED_DISJOINT_REC_TJ	3	SMAD3
NFKB_COMBINED_DISJOINT_REC_TJ	4	HNRNPA2B1
NFKB_COMBINED_DISJOINT_REC_TJ	5	LAMC2
NFKB_COMBINED_DISJOINT_REC_TJ	6	AAGAB
NFKB_COMBINED_DISJOINT_REC_TJ	7	ECE1
NFKB_COMBINED_DISJOINT_REC_TJ	8	ENKUR
NFKB_COMBINED_DISJOINT_REC_TJ	9	MAP3K8
NFKB_COMBINED_DISJOINT_REC_TJ	10	HMGXB4
NFKB_COMBINED_DISJOINT_REC_TJ	11	JAK1
NFKB_COMBINED_DISJOINT_REC_TJ	12	TM4SF1
NFKB_COMBINED_DISJOINT_REC_TJ	13	SEMA7A
NFKB_COMBINED_DISJOINT_REC_TJ	14	ABHD2
NFKB_COMBINED_DISJOINT_REC_TJ	15	RNF207
NFKB_COMBINED_DISJOINT_REC_TJ	16	LHFPL2
NFKB_COMBINED_DISJOINT_REC_TJ	17	PMEPA1
NFKB_COMBINED_DISJOINT_REC_TJ	18	NBN
NFKB_COMBINED_DISJOINT_REC_TJ	19	CCL20
NFKB_COMBINED_DISJOINT_REC_TJ	20	ETS1
NFKB_COMBINED_DISJOINT_REC_TJ	21	PLEKHM2
NFKB_COMBINED_DISJOINT_REC_TJ	22	FGD6
NFKB_COMBINED_DISJOINT_REC_TJ	23	TNIP1
NFKB_COMBINED_DISJOINT_REC_TJ	24	KIF2A
NFKB_COMBINED_DISJOINT_REC_TJ	25	PIM3
NFKB_COMBINED_DISJOINT_REC_TJ	26	MACC1
NFKB_COMBINED_DISJOINT_REC_TJ	27	RIPK2
NFKB_COMBINED_DISJOINT_REC_TJ	28	WTAP
NFKB_COMBINED_DISJOINT_REC_TJ	29	CTNNB1
NFKB_COMBINED_DISJOINT_REC_TJ	30	NFKBIZ
NFKB_COMBINED_DISJOINT_REC_TJ	31	GDA
NFKB_COMBINED_DISJOINT_REC_TJ	32	BAIAP2L1
NFKB_COMBINED_DISJOINT_REC_TJ	33	CDKN2A
NFKB_COMBINED_DISJOINT_REC_TJ	34	IRAK2
NFKB_COMBINED_DISJOINT_REC_TJ	35	ARHGAP42
NFKB_COMBINED_DISJOINT_REC_TJ	36	PML
NFKB_COMBINED_DISJOINT_REC_TJ	37	ZMIZ2
NFKB_COMBINED_DISJOINT_REC_TJ	38	MAST2
NFKB_COMBINED_DISJOINT_REC_TJ	39	NFATC2
NFKB_COMBINED_DISJOINT_REC_TJ	40	IFNGR1
NFKB_COMBINED_DISJOINT_REC_TJ	41	ABTB2
NFKB_COMBINED_DISJOINT_REC_TJ	42	LAMC1
NFKB_COMBINED_DISJOINT_REC_TJ	43	NCEH1
NFKB_COMBINED_DISJOINT_REC_TJ	44	PARP8
NFKB_COMBINED_DISJOINT_REC_TJ	45	TAPBP
NFKB_COMBINED_DISJOINT_REC_TJ	46	OPTN
NFKB_COMBINED_DISJOINT_REC_TJ	47	TNFAIP2
NFKB_COMBINED_DISJOINT_REC_TJ	48	KLF6
NFKB_COMBINED_DISJOINT_REC_TJ	49	HDAC9
NFKB_COMBINED_DISJOINT_REC_TJ	50	VCL
NFKB_COMBINED_DISJOINT_REC_TJ	51	CAPN8
NFKB_COMBINED_DISJOINT_REC_TJ	52	UBE3A
NFKB_COMBINED_DISJOINT_REC_TJ	53	BCL3
NFKB_COMBINED_DISJOINT_REC_TJ	54	TNFAIP3
NFKB_COMBINED_DISJOINT_REC_TJ	55	P4HB
NFKB_COMBINED_DISJOINT_REC_TJ	56	MEF2A
NFKB_COMBINED_DISJOINT_REC_TJ	57	SGPP2
NFKB_COMBINED_DISJOINT_REC_TJ	58	UGCG
NFKB_COMBINED_DISJOINT_REC_TJ	59	RAPH1
NFKB_COMBINED_DISJOINT_REC_TJ	60	GSDMD
NFKB_COMBINED_DISJOINT_REC_TJ	61	SDC4
NFKB_COMBINED_DISJOINT_REC_TJ	62	IRF1
NFKB_COMBINED_DISJOINT_REC_TJ	63	NFKBIA
NFKB_COMBINED_DISJOINT_REC_TJ	64	WIPF3
NFKB_COMBINED_DISJOINT_REC_TJ	65	IFNAR2
NFKB_COMBINED_DISJOINT_REC_TJ	66	ZC3HAV1
NFKB_COMBINED_DISJOINT_REC_TJ	67	ADAM9
NFKB_COMBINED_DISJOINT_REC_TJ	68	TRIM69
NFKB_COMBINED_DISJOINT_REC_TJ	69	FOSL1
NFKB_COMBINED_DISJOINT_REC_TJ	70	RELB
NFKB_COMBINED_DISJOINT_REC_TJ	71	ITGB8
NFKB_COMBINED_DISJOINT_REC_TJ	72	GIPC1
NFKB_COMBINED_DISJOINT_REC_TJ	73	IL4R
NFKB_COMBINED_DISJOINT_REC_TJ	74	ICAM1
NFKB_COMBINED_DISJOINT_REC_TJ	75	RASEF
NFKB_COMBINED_DISJOINT_REC_TJ	76	CDK8
NFKB_COMBINED_DISJOINT_REC_TJ	77	RBM47
NFKB_COMBINED_DISJOINT_REC_TJ	78	LYN
NFKB_COMBINED_DISJOINT_REC_TJ	79	HHLA2
NFKB_COMBINED_DISJOINT_REC_TJ	80	LY6E
NFKB_COMBINED_DISJOINT_REC_TJ	81	SLK
NFKB_COMBINED_DISJOINT_REC_TJ	82	ARHGEF12
NFKB_COMBINED_DISJOINT_REC_TJ	83	EPPK1
NFKB_COMBINED_DISJOINT_REC_TJ	84	PMAIP1
NFKB_COMBINED_DISJOINT_REC_TJ	85	SLC9A2
NFKB_COMBINED_DISJOINT_REC_TJ	86	GK
NFKB_COMBINED_DISJOINT_REC_TJ	87	IFNGR2
NFKB_COMBINED_DISJOINT_REC_TJ	88	NCOA1
NFKB_COMBINED_DISJOINT_REC_TJ	89	HIVEP2
NFKB_COMBINED_DISJOINT_REC_TJ	90	CFLAR
NFKB_COMBINED_DISJOINT_REC_TJ	91	ITGAV
NFKB_COMBINED_DISJOINT_REC_TJ	92	CDC42
NFKB_COMBINED_DISJOINT_REC_TJ	93	PLEC
NFKB_COMBINED_DISJOINT_REC_TJ	94	LAMB3
AP1_COMBINED_DISJOINT_REC_TJ	1	GTF2F1
AP1_COMBINED_DISJOINT_REC_TJ	2	RETREG1
AP1_COMBINED_DISJOINT_REC_TJ	3	KRT19
AP1_COMBINED_DISJOINT_REC_TJ	4	HIP1
AP1_COMBINED_DISJOINT_REC_TJ	5	NBEAL1
AP1_COMBINED_DISJOINT_REC_TJ	6	RHOG
AP1_COMBINED_DISJOINT_REC_TJ	7	PARM1
AP1_COMBINED_DISJOINT_REC_TJ	8	DRG1
AP1_COMBINED_DISJOINT_REC_TJ	9	NOP9
AP1_COMBINED_DISJOINT_REC_TJ	10	CTTN
AP1_COMBINED_DISJOINT_REC_TJ	11	IQGAP2
AP1_COMBINED_DISJOINT_REC_TJ	12	STAT3
AP1_COMBINED_DISJOINT_REC_TJ	13	SFN
AP1_COMBINED_DISJOINT_REC_TJ	14	RHBDF1
AP1_COMBINED_DISJOINT_REC_TJ	15	NCOR2
AP1_COMBINED_DISJOINT_REC_TJ	16	DSTN
AP1_COMBINED_DISJOINT_REC_TJ	17	UBALD2
AP1_COMBINED_DISJOINT_REC_TJ	18	RHOF
AP1_COMBINED_DISJOINT_REC_TJ	19	DENND4C
AP1_COMBINED_DISJOINT_REC_TJ	20	DDX5
AP1_COMBINED_DISJOINT_REC_TJ	21	RELA
AP1_COMBINED_DISJOINT_REC_TJ	22	KRT8
AP1_COMBINED_DISJOINT_REC_TJ	23	LUZP1
AP1_COMBINED_DISJOINT_REC_TJ	24	MFSD10
AP1_COMBINED_DISJOINT_REC_TJ	25	PTGS2
AP1_COMBINED_DISJOINT_REC_TJ	26	DST
AP1_COMBINED_DISJOINT_REC_TJ	27	IRF6
AP1_COMBINED_DISJOINT_REC_TJ	28	PRKCSH
AP1_COMBINED_DISJOINT_REC_TJ	29	AKT1
AP1_COMBINED_DISJOINT_REC_TJ	30	CLTB
AP1_COMBINED_DISJOINT_REC_TJ	31	PIP4P1
AP1_COMBINED_DISJOINT_REC_TJ	32	PCDH1
AP1_COMBINED_DISJOINT_REC_TJ	33	SYNGR2
AP1_COMBINED_DISJOINT_REC_TJ	34	RCOR1
AP1_COMBINED_DISJOINT_REC_TJ	35	CTR9
AP1_COMBINED_DISJOINT_REC_TJ	36	GDF15
AP1_COMBINED_DISJOINT_REC_TJ	37	SPIRE1
AP1_COMBINED_DISJOINT_REC_TJ	38	COTL1
AP1_COMBINED_DISJOINT_REC_TJ	39	GNG5
AP1_COMBINED_DISJOINT_REC_TJ	40	ANXA11
AP1_COMBINED_DISJOINT_REC_TJ	41	FAAP20
AP1_COMBINED_DISJOINT_REC_TJ	42	AGR3
AP1_COMBINED_DISJOINT_REC_TJ	43	GATAD2A
AP1_COMBINED_DISJOINT_REC_TJ	44	SOX4
AP1_COMBINED_DISJOINT_REC_TJ	45	ITM2C
AP1_COMBINED_DISJOINT_REC_TJ	46	PPP1R1B
AP1_COMBINED_DISJOINT_REC_TJ	47	LONRF3
AP1_COMBINED_DISJOINT_REC_TJ	48	NCOA7
AP1_COMBINED_DISJOINT_REC_TJ	49	FLNA
AP1_COMBINED_DISJOINT_REC_TJ	50	DDX3X
AP1_COMBINED_DISJOINT_REC_TJ	51	EFHD2
AP1_COMBINED_DISJOINT_REC_TJ	52	PSMC6
AP1_COMBINED_DISJOINT_REC_TJ	53	SAMD13
AP1_COMBINED_DISJOINT_REC_TJ	54	OXA1L
AP1_COMBINED_DISJOINT_REC_TJ	55	PPARD
AP1_COMBINED_DISJOINT_REC_TJ	56	REG4
AP1_COMBINED_DISJOINT_REC_TJ	57	IFI6
AP1_COMBINED_DISJOINT_REC_TJ	58	SLC35E4
AP1_COMBINED_DISJOINT_REC_TJ	59	WIPF2
AP1_COMBINED_DISJOINT_REC_TJ	60	EFNB2
AP1_COMBINED_DISJOINT_REC_TJ	61	B4GALT1
AP1_COMBINED_DISJOINT_REC_TJ	62	SPINT1
AP1_COMBINED_DISJOINT_REC_TJ	63	TCIM
AP1_COMBINED_DISJOINT_REC_TJ	64	EPCAM
AP1_COMBINED_DISJOINT_REC_TJ	65	ARHGAP26
AP1_COMBINED_DISJOINT_REC_TJ	66	TRAF3
AP1_COMBINED_DISJOINT_REC_TJ	67	STX2
AP1_COMBINED_DISJOINT_REC_TJ	68	EPS8L3
AP1_COMBINED_DISJOINT_REC_TJ	69	CYP51A1
AP1_COMBINED_DISJOINT_REC_TJ	70	CDV3
AP1_COMBINED_DISJOINT_REC_TJ	71	SLC20A1
AP1_COMBINED_DISJOINT_REC_TJ	72	SHB
AP1_COMBINED_DISJOINT_REC_TJ	73	IFITM2
AP1_COMBINED_DISJOINT_REC_TJ	74	ABCA1
AP1_COMBINED_DISJOINT_REC_TJ	75	MT1E
AP1_COMBINED_DISJOINT_REC_TJ	76	CGN
AP1_COMBINED_DISJOINT_REC_TJ	77	PLAC8
AP1_COMBINED_DISJOINT_REC_TJ	78	EEPD1
AP1_COMBINED_DISJOINT_REC_TJ	79	C6ORF141
AP1_COMBINED_DISJOINT_REC_TJ	80	MPP6
AP1_COMBINED_DISJOINT_REC_TJ	81	NFYA
AP1_COMBINED_DISJOINT_REC_TJ	82	C19ORF33
AP1_COMBINED_DISJOINT_REC_TJ	83	SKAP2
AP1_COMBINED_DISJOINT_REC_TJ	84	ARF3
AP1_COMBINED_DISJOINT_REC_TJ	85	HOXD13
AP1_COMBINED_DISJOINT_REC_TJ	86	MUC4
AP1_COMBINED_DISJOINT_REC_TJ	87	ZBTB7A
AP1_COMBINED_DISJOINT_REC_TJ	88	CLK1
AP1_COMBINED_DISJOINT_REC_TJ	89	PIK3R2
AP1_COMBINED_DISJOINT_REC_TJ	90	TOR4A
AP1_COMBINED_DISJOINT_REC_TJ	91	CHMP1B
AP1_COMBINED_DISJOINT_REC_TJ	92	AK1
AP1_COMBINED_DISJOINT_REC_TJ	93	ANG
AP1_COMBINED_DISJOINT_REC_TJ	94	P4HB
AP1_COMBINED_DISJOINT_REC_TJ	95	BRD2
AP1_COMBINED_DISJOINT_REC_TJ	96	TIPARP
AP1_COMBINED_DISJOINT_REC_TJ	97	LRRFIP1
AP1_COMBINED_DISJOINT_REC_TJ	98	IRF1
AP1_COMBINED_DISJOINT_REC_TJ	99	PITX1
AP1_COMBINED_DISJOINT_REC_TJ	100	GBP2
AP1_COMBINED_DISJOINT_REC_TJ	101	RALBP1
AP1_COMBINED_DISJOINT_REC_TJ	102	LPIN2
AP1_COMBINED_DISJOINT_REC_TJ	103	GRK3
AP1_COMBINED_DISJOINT_REC_TJ	104	SOWAHC
AP1_COMBINED_DISJOINT_REC_TJ	105	STRA6
AP1_COMBINED_DISJOINT_REC_TJ	106	CAMK2D
AP1_COMBINED_DISJOINT_REC_TJ	107	C4ORF3
AP1_COMBINED_DISJOINT_REC_TJ	108	GLUL
AP1_COMBINED_DISJOINT_REC_TJ	109	PRRC2A
AP1_COMBINED_DISJOINT_REC_TJ	110	IMPA2
AP1_COMBINED_DISJOINT_REC_TJ	111	LGALS4
AP1_COMBINED_DISJOINT_REC_TJ	112	GADD45A
AP1_COMBINED_DISJOINT_REC_TJ	113	CDC37
AP1_COMBINED_DISJOINT_REC_TJ	114	UPF1
AP1_COMBINED_DISJOINT_REC_TJ	115	PITX2
AP1_COMBINED_DISJOINT_REC_TJ	116	PDP1
AP1_COMBINED_DISJOINT_REC_TJ	117	GMNN
AP1_COMBINED_DISJOINT_REC_TJ	118	R3HDM4
AP1_COMBINED_DISJOINT_REC_TJ	119	YY1
AP1_COMBINED_DISJOINT_REC_TJ	120	C6ORF132
AP1_COMBINED_DISJOINT_REC_TJ	121	CD151
AP1_COMBINED_DISJOINT_REC_TJ	122	CD109
AP1_COMBINED_DISJOINT_REC_TJ	123	STK38L
AP1_COMBINED_DISJOINT_REC_TJ	124	TUFT1
AP1_COMBINED_DISJOINT_REC_TJ	125	IL6R
AP1_COMBINED_DISJOINT_REC_TJ	126	NOCT
AP1_COMBINED_DISJOINT_REC_TJ	127	KLF13
AP1_COMBINED_DISJOINT_REC_TJ	128	LAMP2
AP1_COMBINED_DISJOINT_REC_TJ	129	FAM118A
AP1_COMBINED_DISJOINT_REC_TJ	130	PPP1R13L
AP1_COMBINED_DISJOINT_REC_TJ	131	TNFRSF11B
AP1_COMBINED_DISJOINT_REC_TJ	132	KIFC3
AP1_COMBINED_DISJOINT_REC_TJ	133	SESTD1
AP1_COMBINED_DISJOINT_REC_TJ	134	TAGLN2
AP1_COMBINED_DISJOINT_REC_TJ	135	EMP1
AP1_COMBINED_DISJOINT_REC_TJ	136	RHPN2
AP1_COMBINED_DISJOINT_REC_TJ	137	CRYBG2
AP1_COMBINED_DISJOINT_REC_TJ	138	RHOB
AP1_COMBINED_DISJOINT_REC_TJ	139	IRS1
AP1_COMBINED_DISJOINT_REC_TJ	140	SDC1
AP1_COMBINED_DISJOINT_REC_TJ	141	MUC17
AP1_COMBINED_DISJOINT_REC_TJ	142	RGS7
AP1_COMBINED_DISJOINT_REC_TJ	143	PNKD
AP1_COMBINED_DISJOINT_REC_TJ	144	NFATC2
AP1_COMBINED_DISJOINT_REC_TJ	145	PLAU
AP1_COMBINED_DISJOINT_REC_TJ	146	SPATA6L
AP1_COMBINED_DISJOINT_REC_TJ	147	MKNK2
AP1_COMBINED_DISJOINT_REC_TJ	148	PLCD3
AP1_COMBINED_DISJOINT_REC_TJ	149	DYRK2
AP1_COMBINED_DISJOINT_REC_TJ	150	CANT1
AP1_COMBINED_DISJOINT_REC_TJ	151	TNIK
AP1_COMBINED_DISJOINT_REC_TJ	152	WASF2
AP1_COMBINED_DISJOINT_REC_TJ	153	EVA1C
AP1_COMBINED_DISJOINT_REC_TJ	154	S100A14
AP1_COMBINED_DISJOINT_REC_TJ	155	BCL3
AP1_COMBINED_DISJOINT_REC_TJ	156	TMC7
AP1_COMBINED_DISJOINT_REC_TJ	157	GPCPD1
AP1_COMBINED_DISJOINT_REC_TJ	158	RAB11FIP1
AP1_COMBINED_DISJOINT_REC_TJ	159	RND3
AP1_COMBINED_DISJOINT_REC_TJ	160	B2M
AP1_COMBINED_DISJOINT_REC_TJ	161	PRSS2
AP1_COMBINED_DISJOINT_REC_TJ	162	CHD3
AP1_COMBINED_DISJOINT_REC_TJ	163	SNRPD1
AP1_COMBINED_DISJOINT_REC_TJ	164	SLC44A4
AP1_COMBINED_DISJOINT_REC_TJ	165	ISG20
AP1_COMBINED_DISJOINT_REC_TJ	166	OPTN
AP1_COMBINED_DISJOINT_REC_TJ	167	CDC42EP1
AP1_COMBINED_DISJOINT_REC_TJ	168	SGSM1
AP1_COMBINED_DISJOINT_REC_TJ	169	LGALS3BP
AP1_COMBINED_DISJOINT_REC_TJ	170	GRK5
AP1_COMBINED_DISJOINT_REC_TJ	171	SMOC1
AP1_COMBINED_DISJOINT_REC_TJ	172	SOX9
AP1_COMBINED_DISJOINT_REC_TJ	173	VMP1
AP1_COMBINED_DISJOINT_REC_TJ	174	SEC23A
AP1_COMBINED_DISJOINT_REC_TJ	175	MTSS1
AP1_COMBINED_DISJOINT_REC_TJ	176	ACBD3
AP1_COMBINED_DISJOINT_REC_TJ	177	AGR2
AP1_COMBINED_DISJOINT_REC_TJ	178	CXCL1
AP1_COMBINED_DISJOINT_REC_TJ	179	TTC7B
AP1_COMBINED_DISJOINT_REC_TJ	180	ESYT2
AP1_COMBINED_DISJOINT_REC_TJ	181	USP36
AP1_COMBINED_DISJOINT_REC_TJ	182	BCL9L
AP1_COMBINED_DISJOINT_REC_TJ	183	BMP2
AP1_COMBINED_DISJOINT_REC_TJ	184	SLC2A8
AP1_COMBINED_DISJOINT_REC_TJ	185	BAG6
AP1_COMBINED_DISJOINT_REC_TJ	186	LNX1
AP1_COMBINED_DISJOINT_REC_TJ	187	TMEM65
AP1_COMBINED_DISJOINT_REC_TJ	188	NTN4
AP1_COMBINED_DISJOINT_REC_TJ	189	ZNF521
AP1_COMBINED_DISJOINT_REC_TJ	190	BNIP2
AP1_COMBINED_DISJOINT_REC_TJ	191	FDFT1
AP1_COMBINED_DISJOINT_REC_TJ	192	SLC6A14
AP1_COMBINED_DISJOINT_REC_TJ	193	SHH
AP1_COMBINED_DISJOINT_REC_TJ	194	SERPINB5
AP1_COMBINED_DISJOINT_REC_TJ	195	PSMB7
AP1_COMBINED_DISJOINT_REC_TJ	196	TECR
AP1_COMBINED_DISJOINT_REC_TJ	197	CIB1
AP1_COMBINED_DISJOINT_REC_TJ	198	ARHGEF18
AP1_COMBINED_DISJOINT_REC_TJ	199	KLF2
AP1_COMBINED_DISJOINT_REC_TJ	200	FAM32A
AP1_COMBINED_DISJOINT_REC_TJ	201	FOSB
AP1_COMBINED_DISJOINT_REC_TJ	202	IRF7
AP1_COMBINED_DISJOINT_REC_TJ	203	LMO7
AP1_COMBINED_DISJOINT_REC_TJ	204	PTP4A2
AP1_COMBINED_DISJOINT_REC_TJ	205	TSPAN5
AP1_COMBINED_DISJOINT_REC_TJ	206	MUC12
AP1_COMBINED_DISJOINT_REC_TJ	207	CKB
AP1_COMBINED_DISJOINT_REC_TJ	208	BNC2
AP1_COMBINED_DISJOINT_REC_TJ	209	LAMC2
AP1_COMBINED_DISJOINT_REC_TJ	210	SREBF1
AP1_COMBINED_DISJOINT_REC_TJ	211	SDCBP
AP1_COMBINED_DISJOINT_REC_TJ	212	SREBF2
AP1_COMBINED_DISJOINT_REC_TJ	213	KCNK1
AP1_COMBINED_DISJOINT_REC_TJ	214	JUNB
AP1_COMBINED_DISJOINT_REC_TJ	215	EPHA2
AP1_COMBINED_DISJOINT_REC_TJ	216	PLEKHG3
AP1_COMBINED_DISJOINT_REC_TJ	217	VASP
AP1_COMBINED_DISJOINT_REC_TJ	218	ANXA1
AP1_COMBINED_DISJOINT_REC_TJ	219	ZBTB10
AP1_COMBINED_DISJOINT_REC_TJ	220	ALPK1
AP1_COMBINED_DISJOINT_REC_TJ	221	COPB1
AP1_COMBINED_DISJOINT_REC_TJ	222	ELF3
AP1_COMBINED_DISJOINT_REC_TJ	223	DDIT3
AP1_COMBINED_DISJOINT_REC_TJ	224	ST14
AP1_COMBINED_DISJOINT_REC_TJ	225	DUSP10
AP1_COMBINED_DISJOINT_REC_TJ	226	TFRC
AP1_COMBINED_DISJOINT_REC_TJ	227	MAPKAPK2
AP1_COMBINED_DISJOINT_REC_TJ	228	ASAP1
AP1_COMBINED_DISJOINT_REC_TJ	229	BRD4
AP1_COMBINED_DISJOINT_REC_TJ	230	ZFP36L2
AP1_COMBINED_DISJOINT_REC_TJ	231	HMGCS1
AP1_COMBINED_DISJOINT_REC_TJ	232	ABLIM2
AP1_COMBINED_DISJOINT_REC_TJ	233	SNX25
AP1_COMBINED_DISJOINT_REC_TJ	234	NIPA2
AP1_COMBINED_DISJOINT_REC_TJ	235	EPPK1
AP1_COMBINED_DISJOINT_REC_TJ	236	CDKN2A
AP1_COMBINED_DISJOINT_REC_TJ	237	EDN1
AP1_COMBINED_DISJOINT_REC_TJ	238	FADS1
AP1_COMBINED_DISJOINT_REC_TJ	239	PTBP3
AP1_COMBINED_DISJOINT_REC_TJ	240	GGH
AP1_COMBINED_DISJOINT_REC_TJ	241	RDH13
AP1_COMBINED_DISJOINT_REC_TJ	242	TRIOBP
AP1_COMBINED_DISJOINT_REC_TJ	243	PTBP1
AP1_COMBINED_DISJOINT_REC_TJ	244	SLC45A4
AP1_COMBINED_DISJOINT_REC_TJ	245	IL10RB
AP1_COMBINED_DISJOINT_REC_TJ	246	RNF186
AP1_COMBINED_DISJOINT_REC_TJ	247	BCAS1
AP1_COMBINED_DISJOINT_REC_TJ	248	SYT13
AP1_COMBINED_DISJOINT_REC_TJ	249	MAPRE3
AP1_COMBINED_DISJOINT_REC_TJ	250	ARL17B
AP1_COMBINED_DISJOINT_REC_TJ	251	WFDC3
AP1_COMBINED_DISJOINT_REC_TJ	252	VPS37B
AP1_COMBINED_DISJOINT_REC_TJ	253	COLGALT1
AP1_COMBINED_DISJOINT_REC_TJ	254	MSX2
AP1_COMBINED_DISJOINT_REC_TJ	255	PPP1R15A
AP1_COMBINED_DISJOINT_REC_TJ	256	AHR
AP1_COMBINED_DISJOINT_REC_TJ	257	RCAN1
AP1_COMBINED_DISJOINT_REC_TJ	258	PPP1CB
AP1_COMBINED_DISJOINT_REC_TJ	259	SERF2
AP1_COMBINED_DISJOINT_REC_TJ	260	MAP2K3
AP1_COMBINED_DISJOINT_REC_TJ	261	RNF103
AP1_COMBINED_DISJOINT_REC_TJ	262	SLC11A2
AP1_COMBINED_DISJOINT_REC_TJ	263	SEMA3B
AP1_COMBINED_DISJOINT_REC_TJ	264	PTPN2
AP1_COMBINED_DISJOINT_REC_TJ	265	HIPK1
AP1_COMBINED_DISJOINT_REC_TJ	266	EFNA1
AP1_COMBINED_DISJOINT_REC_TJ	267	NOSTRIN
AP1_COMBINED_DISJOINT_REC_TJ	268	PIEZO1
AP1_COMBINED_DISJOINT_REC_TJ	269	NR4A3
AP1_COMBINED_DISJOINT_REC_TJ	270	DOCK4
AP1_COMBINED_DISJOINT_REC_TJ	271	FOXN3
AP1_COMBINED_DISJOINT_REC_TJ	272	MYO9B
AP1_COMBINED_DISJOINT_REC_TJ	273	SPINK1
AP1_COMBINED_DISJOINT_REC_TJ	274	ZYX
AP1_COMBINED_DISJOINT_REC_TJ	275	PALLD
AP1_COMBINED_DISJOINT_REC_TJ	276	CCDC186
AP1_COMBINED_DISJOINT_REC_TJ	277	CCNI
AP1_COMBINED_DISJOINT_REC_TJ	278	EPHA4
AP1_COMBINED_DISJOINT_REC_TJ	279	CAMK1D
AP1_COMBINED_DISJOINT_REC_TJ	280	KIRREL1
AP1_COMBINED_DISJOINT_REC_TJ	281	DACH1
AP1_COMBINED_DISJOINT_REC_TJ	282	SLC25A32
AP1_COMBINED_DISJOINT_REC_TJ	283	ITPKC
AP1_COMBINED_DISJOINT_REC_TJ	284	STN1
AP1_COMBINED_DISJOINT_REC_TJ	285	STK17B
AP1_COMBINED_DISJOINT_REC_TJ	286	PACSIN2
AP1_COMBINED_DISJOINT_REC_TJ	287	SGMS2
AP1_COMBINED_DISJOINT_REC_TJ	288	DNAJB1
AP1_COMBINED_DISJOINT_REC_TJ	289	PRSS51
AP1_COMBINED_DISJOINT_REC_TJ	290	PLXNB2
AP1_COMBINED_DISJOINT_REC_TJ	291	RAC1
AP1_COMBINED_DISJOINT_REC_TJ	292	SLC38A2
AP1_COMBINED_DISJOINT_REC_TJ	293	BHLHE40
AP1_COMBINED_DISJOINT_REC_TJ	294	BAIAP2L1
AP1_COMBINED_DISJOINT_REC_TJ	295	LATS2
AP1_COMBINED_DISJOINT_REC_TJ	296	RNASE4
AP1_COMBINED_DISJOINT_REC_TJ	297	THRB
AP1_COMBINED_DISJOINT_REC_TJ	298	DDA1
AP1_COMBINED_DISJOINT_REC_TJ	299	HSD17B2
AP1_COMBINED_DISJOINT_REC_TJ	300	VEGFA
AP1_COMBINED_DISJOINT_REC_TJ	301	CCND1
AP1_COMBINED_DISJOINT_REC_TJ	302	CAPN1
AP1_COMBINED_DISJOINT_REC_TJ	303	PLP2
AP1_COMBINED_DISJOINT_REC_TJ	304	FNIP2
AP1_COMBINED_DISJOINT_REC_TJ	305	HLA-B
AP1_COMBINED_DISJOINT_REC_TJ	306	ABHD2
AP1_COMBINED_DISJOINT_REC_TJ	307	ARL5B
AP1_COMBINED_DISJOINT_REC_TJ	308	PLXNA3
AP1_COMBINED_DISJOINT_REC_TJ	309	EIF4G2
AP1_COMBINED_DISJOINT_REC_TJ	310	SARAF
AP1_COMBINED_DISJOINT_REC_TJ	311	STK40
AP1_COMBINED_DISJOINT_REC_TJ	312	MYO1C
AP1_COMBINED_DISJOINT_REC_TJ	313	PLEKHG6
AP1_COMBINED_DISJOINT_REC_TJ	314	POLR2A
AP1_COMBINED_DISJOINT_REC_TJ	315	ITPK1
AP1_COMBINED_DISJOINT_REC_TJ	316	IFFO2
AP1_COMBINED_DISJOINT_REC_TJ	317	FBXW5
AP1_COMBINED_DISJOINT_REC_TJ	318	TMEM41A
AP1_COMBINED_DISJOINT_REC_TJ	319	TMSB4X
AP1_COMBINED_DISJOINT_REC_TJ	320	TCF7L2
AP1_COMBINED_DISJOINT_REC_TJ	321	PRKN
AP1_COMBINED_DISJOINT_REC_TJ	322	ANXA2
AP1_COMBINED_DISJOINT_REC_TJ	323	PHACTR3
AP1_COMBINED_DISJOINT_REC_TJ	324	TNFRSF10A
AP1_COMBINED_DISJOINT_REC_TJ	325	MAF1
AP1_COMBINED_DISJOINT_REC_TJ	326	MID1IP1
AP1_COMBINED_DISJOINT_REC_TJ	327	HIGD1A
AP1_COMBINED_DISJOINT_REC_TJ	328	SF3A1
AP1_COMBINED_DISJOINT_REC_TJ	329	DSG2
AP1_COMBINED_DISJOINT_REC_TJ	330	RAP1GAP2
AP1_COMBINED_DISJOINT_REC_TJ	331	IGSF1
AP1_COMBINED_DISJOINT_REC_TJ	332	KIF1C
AP1_COMBINED_DISJOINT_REC_TJ	333	E2F3
AP1_COMBINED_DISJOINT_REC_TJ	334	SELENOP
AP1_COMBINED_DISJOINT_REC_TJ	335	SLC30A1
AP1_COMBINED_DISJOINT_REC_TJ	336	PPARG
AP1_COMBINED_DISJOINT_REC_TJ	337	ST3GAL4
AP1_COMBINED_DISJOINT_REC_TJ	338	MYO7B
AP1_COMBINED_DISJOINT_REC_TJ	339	ZNF440
AP1_COMBINED_DISJOINT_REC_TJ	340	HSPA1B
AP1_COMBINED_DISJOINT_REC_TJ	341	ANKH
AP1_COMBINED_DISJOINT_REC_TJ	342	TGIF2
AP1_COMBINED_DISJOINT_REC_TJ	343	AXDND1
AP1_COMBINED_DISJOINT_REC_TJ	344	GNAI2
AP1_COMBINED_DISJOINT_REC_TJ	345	KHSRP
AP1_COMBINED_DISJOINT_REC_TJ	346	CARM1
AP1_COMBINED_DISJOINT_REC_TJ	347	TINAGL1
AP1_COMBINED_DISJOINT_REC_TJ	348	TFCP2L1
AP1_COMBINED_DISJOINT_REC_TJ	349	PTTG1IP
AP1_COMBINED_DISJOINT_REC_TJ	350	ZFHX3
AP1_COMBINED_DISJOINT_REC_TJ	351	LIMA1
AP1_COMBINED_DISJOINT_REC_TJ	352	PCK1
AP1_COMBINED_DISJOINT_REC_TJ	353	CD164
AP1_COMBINED_DISJOINT_REC_TJ	354	TRIM29
AP1_COMBINED_DISJOINT_REC_TJ	355	RNF139
AP1_COMBINED_DISJOINT_REC_TJ	356	MICAL2
AP1_COMBINED_DISJOINT_REC_TJ	357	SH3GLB2
AP1_COMBINED_DISJOINT_REC_TJ	358	MCL1
AP1_COMBINED_DISJOINT_REC_TJ	359	VCL
AP1_COMBINED_DISJOINT_REC_TJ	360	SERPINE2
AP1_COMBINED_DISJOINT_REC_TJ	361	MAP1LC3B
AP1_COMBINED_DISJOINT_REC_TJ	362	PACSIN3
AP1_COMBINED_DISJOINT_REC_TJ	363	CAVIN3
AP1_COMBINED_DISJOINT_REC_TJ	364	DENND5A
AP1_COMBINED_DISJOINT_REC_TJ	365	PHLDA2
AP1_COMBINED_DISJOINT_REC_TJ	366	DDHD2
AP1_COMBINED_DISJOINT_REC_TJ	367	XKR9
AP1_COMBINED_DISJOINT_REC_TJ	368	PITHD1
AP1_COMBINED_DISJOINT_REC_TJ	369	ATF3
AP1_COMBINED_DISJOINT_REC_TJ	370	ECE1
AP1_COMBINED_DISJOINT_REC_TJ	371	EPN1
AP1_COMBINED_DISJOINT_REC_TJ	372	SKIL
AP1_COMBINED_DISJOINT_REC_TJ	373	SVIP
AP1_COMBINED_DISJOINT_REC_TJ	374	SPON1
AP1_COMBINED_DISJOINT_REC_TJ	375	PRKACB
AP1_COMBINED_DISJOINT_REC_TJ	376	MYL6
AP1_COMBINED_DISJOINT_REC_TJ	377	TMEM59
AP1_COMBINED_DISJOINT_REC_TJ	378	ACTN4
AP1_COMBINED_DISJOINT_REC_TJ	379	WDR48
AP1_COMBINED_DISJOINT_REC_TJ	380	GJB3
AP1_COMBINED_DISJOINT_REC_TJ	381	GALNT6
AP1_COMBINED_DISJOINT_REC_TJ	382	TMEM87A
AP1_COMBINED_DISJOINT_REC_TJ	383	CCL20
AP1_COMBINED_DISJOINT_REC_TJ	384	WEE1
AP1_COMBINED_DISJOINT_REC_TJ	385	ARHGEF38
AP1_COMBINED_DISJOINT_REC_TJ	386	H3F3B
AP1_COMBINED_DISJOINT_REC_TJ	387	HLA-E
AP1_COMBINED_DISJOINT_REC_TJ	388	SAT1
AP1_COMBINED_DISJOINT_REC_TJ	389	ARPP19
AP1_COMBINED_DISJOINT_REC_TJ	390	NPC1
AP1_COMBINED_DISJOINT_REC_TJ	391	SORBS1
AP1_COMBINED_DISJOINT_REC_TJ	392	NYAP2
AP1_COMBINED_DISJOINT_REC_TJ	393	INAVA
AP1_COMBINED_DISJOINT_REC_TJ	394	F2RL1
AP1_COMBINED_DISJOINT_REC_TJ	395	CDC42EP4
AP1_COMBINED_DISJOINT_REC_TJ	396	DENND3
AP1_COMBINED_DISJOINT_REC_TJ	397	G3BP2
AP1_COMBINED_DISJOINT_REC_TJ	398	WDR45B
AP1_COMBINED_DISJOINT_REC_TJ	399	BBC3
AP1_COMBINED_DISJOINT_REC_TJ	400	SEMA4B
AP1_COMBINED_DISJOINT_REC_TJ	401	CDC42EP5
AP1_COMBINED_DISJOINT_REC_TJ	402	JPH1
AP1_COMBINED_DISJOINT_REC_TJ	403	KBTBD12
AP1_COMBINED_DISJOINT_REC_TJ	404	FAM120AOS
AP1_COMBINED_DISJOINT_REC_TJ	405	RFK
AP1_COMBINED_DISJOINT_REC_TJ	406	MAPK1IP1L
AP1_COMBINED_DISJOINT_REC_TJ	407	NAPG
AP1_COMBINED_DISJOINT_REC_TJ	408	PHGR1
AP1_COMBINED_DISJOINT_REC_TJ	409	PHF10
AP1_COMBINED_DISJOINT_REC_TJ	410	ARHGDIA
AP1_COMBINED_DISJOINT_REC_TJ	411	TRAK1
AP1_COMBINED_DISJOINT_REC_TJ	412	RNF220
AP1_COMBINED_DISJOINT_REC_TJ	413	CAPNS1
AP1_COMBINED_DISJOINT_REC_TJ	414	ATF5
AP1_COMBINED_DISJOINT_REC_TJ	415	EGR3
AP1_COMBINED_DISJOINT_REC_TJ	416	RAB1A
AP1_COMBINED_DISJOINT_REC_TJ	417	NR4A1
AP1_COMBINED_DISJOINT_REC_TJ	418	PTPRS
AP1_COMBINED_DISJOINT_REC_TJ	419	FAM13A
AP1_COMBINED_DISJOINT_REC_TJ	420	RAB7A
AP1_COMBINED_DISJOINT_REC_TJ	421	FOXP4
AP1_COMBINED_DISJOINT_REC_TJ	422	SLA
AP1_COMBINED_DISJOINT_REC_TJ	423	ZNF106
AP1_COMBINED_DISJOINT_REC_TJ	424	ENO2
AP1_COMBINED_DISJOINT_REC_TJ	425	MAP3K11
AP1_COMBINED_DISJOINT_REC_TJ	426	FBXO32
AP1_COMBINED_DISJOINT_REC_TJ	427	NCEH1
AP1_COMBINED_DISJOINT_REC_TJ	428	WIF1
AP1_COMBINED_DISJOINT_REC_TJ	429	POP1
AP1_COMBINED_DISJOINT_REC_TJ	430	TMC6
AP1_COMBINED_DISJOINT_REC_TJ	431	JOSD1
AP1_COMBINED_DISJOINT_REC_TJ	432	COL16A1
AP1_COMBINED_DISJOINT_REC_TJ	433	FHDC1
AP1_COMBINED_DISJOINT_REC_TJ	434	IER5
AP1_COMBINED_DISJOINT_REC_TJ	435	GOLGA7
AP1_COMBINED_DISJOINT_REC_TJ	436	UBQLN4
AP1_COMBINED_DISJOINT_REC_TJ	437	MAPK3
AP1_COMBINED_DISJOINT_REC_TJ	438	FOXQ1
AP1_COMBINED_DISJOINT_REC_TJ	439	IER3
AP1_COMBINED_DISJOINT_REC_TJ	440	SLC7A11
AP1_COMBINED_DISJOINT_REC_TJ	441	EHD1
AP1_COMBINED_DISJOINT_REC_TJ	442	ZBTB7B
AP1_COMBINED_DISJOINT_REC_TJ	443	S100A4
AP1_COMBINED_DISJOINT_REC_TJ	444	CDH1
AP1_COMBINED_DISJOINT_REC_TJ	445	SCO2
AP1_COMBINED_DISJOINT_REC_TJ	446	NT5DC3
AP1_COMBINED_DISJOINT_REC_TJ	447	FAM83E
AP1_COMBINED_DISJOINT_REC_TJ	448	RTTN
AP1_COMBINED_DISJOINT_REC_TJ	449	CREB5
AP1_COMBINED_DISJOINT_REC_TJ	450	ANO1
AP1_COMBINED_DISJOINT_REC_TJ	451	MPZL2
AP1_COMBINED_DISJOINT_REC_TJ	452	CCDC173
AP1_COMBINED_DISJOINT_REC_TJ	453	NAPRT
AP1_COMBINED_DISJOINT_REC_TJ	454	RAB11B
AP1_COMBINED_DISJOINT_REC_TJ	455	CD9
AP1_COMBINED_DISJOINT_REC_TJ	456	GNB5
AP1_COMBINED_DISJOINT_REC_TJ	457	GCNT3
AP1_COMBINED_DISJOINT_REC_TJ	458	TSC22D3
AP1_COMBINED_DISJOINT_REC_TJ	459	IL18
AP1_COMBINED_DISJOINT_REC_TJ	460	ROCK1
AP1_COMBINED_DISJOINT_REC_TJ	461	PANX1
AP1_COMBINED_DISJOINT_REC_TJ	462	ACSL5
AP1_COMBINED_DISJOINT_REC_TJ	463	VEZF1
AP1_COMBINED_DISJOINT_REC_TJ	464	PPP4R1
AP1_COMBINED_DISJOINT_REC_TJ	465	HMGB2
AP1_COMBINED_DISJOINT_REC_TJ	466	CHST15
AP1_COMBINED_DISJOINT_REC_TJ	467	ZFYVE28
AP1_COMBINED_DISJOINT_REC_TJ	468	EDAR
AP1_COMBINED_DISJOINT_REC_TJ	469	DMKN
AP1_COMBINED_DISJOINT_REC_TJ	470	DSP
AP1_COMBINED_DISJOINT_REC_TJ	471	TNFRSF21
AP1_COMBINED_DISJOINT_REC_TJ	472	KLF3
AP1_COMBINED_DISJOINT_REC_TJ	473	SEC31A
AP1_COMBINED_DISJOINT_REC_TJ	474	LAMB3
AP1_COMBINED_DISJOINT_REC_TJ	475	ARHGEF1
AP1_COMBINED_DISJOINT_REC_TJ	476	SYN3
AP1_COMBINED_DISJOINT_REC_TJ	477	GABARAPL1
AP1_COMBINED_DISJOINT_REC_TJ	478	PTPRR
AP1_COMBINED_DISJOINT_REC_TJ	479	ARF6
AP1_COMBINED_DISJOINT_REC_TJ	480	DAPK2
AP1_COMBINED_DISJOINT_REC_TJ	481	FOSL1
AP1_COMBINED_DISJOINT_REC_TJ	482	TTYH3
AP1_COMBINED_DISJOINT_REC_TJ	483	MEF2D
AP1_COMBINED_DISJOINT_REC_TJ	484	LAMA3
AP1_COMBINED_DISJOINT_REC_TJ	485	YWHAZ
AP1_COMBINED_DISJOINT_REC_TJ	486	PML
AP1_COMBINED_DISJOINT_REC_TJ	487	PPP1R15B
AP1_COMBINED_DISJOINT_REC_TJ	488	DNM2
AP1_COMBINED_DISJOINT_REC_TJ	489	IER2
AP1_COMBINED_DISJOINT_REC_TJ	490	S100P
AP1_COMBINED_DISJOINT_REC_TJ	491	KAT6A
AP1_COMBINED_DISJOINT_REC_TJ	492	ACTN1
AP1_COMBINED_DISJOINT_REC_TJ	493	SLC7A5
AP1_COMBINED_DISJOINT_REC_TJ	494	AFAP1
AP1_COMBINED_DISJOINT_REC_TJ	495	BIK
AP1_COMBINED_DISJOINT_REC_TJ	496	ELP5
AP1_COMBINED_DISJOINT_REC_TJ	497	CRLS1
AP1_COMBINED_DISJOINT_REC_TJ	498	CEACAM6
AP1_COMBINED_DISJOINT_REC_TJ	499	ACTR3
AP1_COMBINED_DISJOINT_REC_TJ	500	CSRNP1
AP1_COMBINED_DISJOINT_REC_TJ	501	SPINT2
AP1_COMBINED_DISJOINT_REC_TJ	502	FKBP8
AP1_COMBINED_DISJOINT_REC_TJ	503	ACTG1
AP1_COMBINED_DISJOINT_REC_TJ	504	ETS2
AP1_COMBINED_DISJOINT_REC_TJ	505	CCN2
AP1_COMBINED_DISJOINT_REC_TJ	506	ADAMTS6
AP1_COMBINED_DISJOINT_REC_TJ	507	SHLD1
AP1_COMBINED_DISJOINT_REC_TJ	508	RALGDS
AP1_COMBINED_DISJOINT_REC_TJ	509	MPRIP
AP1_COMBINED_DISJOINT_REC_TJ	510	TNFRSF12A
AP1_COMBINED_DISJOINT_REC_TJ	511	ZC3H12A
AP1_COMBINED_DISJOINT_REC_TJ	512	FOS
AP1_COMBINED_DISJOINT_REC_TJ	513	PPA1
AP1_COMBINED_DISJOINT_REC_TJ	514	TYMP
AP1_COMBINED_DISJOINT_REC_TJ	515	PSMG2
AP1_COMBINED_DISJOINT_REC_TJ	516	F5
AP1_COMBINED_DISJOINT_REC_TJ	517	CTNNB1
AP1_COMBINED_DISJOINT_REC_TJ	518	CDKN2B
AP1_COMBINED_DISJOINT_REC_TJ	519	JUN
AP1_COMBINED_DISJOINT_REC_TJ	520	ABHD11
AP1_COMBINED_DISJOINT_REC_TJ	521	EZR
AP1_COMBINED_DISJOINT_REC_TJ	522	SOD3
AP1_COMBINED_DISJOINT_REC_TJ	523	HNRNPDL
AP1_COMBINED_DISJOINT_REC_TJ	524	DHX15
AP1_COMBINED_DISJOINT_REC_TJ	525	SPTBN1
AP1_COMBINED_DISJOINT_REC_TJ	526	PDLIM1
AP1_COMBINED_DISJOINT_REC_TJ	527	ILF3
AP1_COMBINED_DISJOINT_REC_TJ	528	MYC
AP1_COMBINED_DISJOINT_REC_TJ	529	RHEB
AP1_COMBINED_DISJOINT_REC_TJ	530	NFE2L2
AP1_COMBINED_DISJOINT_REC_TJ	531	MYH14
AP1_COMBINED_DISJOINT_REC_TJ	532	GLI2
AP1_COMBINED_DISJOINT_REC_TJ	533	LSR
AP1_COMBINED_DISJOINT_REC_TJ	534	HES4
AP1_COMBINED_DISJOINT_REC_TJ	535	TGS1
AP1_COMBINED_DISJOINT_REC_TJ	536	KLF6
AP1_COMBINED_DISJOINT_REC_TJ	537	DAB2
AP1_COMBINED_DISJOINT_REC_TJ	538	PRPF8
AP1_COMBINED_DISJOINT_REC_TJ	539	RASSF7
AP1_COMBINED_DISJOINT_REC_TJ	540	GCC2
AP1_COMBINED_DISJOINT_REC_TJ	541	TNS4
AP1_COMBINED_DISJOINT_REC_TJ	542	STX1A
AP1_COMBINED_DISJOINT_REC_TJ	543	CLCF1
AP1_COMBINED_DISJOINT_REC_TJ	544	CACNB2
AP1_COMBINED_DISJOINT_REC_TJ	545	NUP98
AP1_COMBINED_DISJOINT_REC_TJ	546	LGALS3
AP1_COMBINED_DISJOINT_REC_TJ	547	SORL1
AP1_COMBINED_DISJOINT_REC_TJ	548	NSMCE2
AP1_COMBINED_DISJOINT_REC_TJ	549	FMN1
AP1_COMBINED_DISJOINT_REC_TJ	550	IRF2
AP1_COMBINED_DISJOINT_REC_TJ	551	ERCC1
AP1_COMBINED_DISJOINT_REC_TJ	552	MORF4L1
AP1_COMBINED_DISJOINT_REC_TJ	553	COL24A1
AP1_COMBINED_DISJOINT_REC_TJ	554	HSPE1
AP1_COMBINED_DISJOINT_REC_TJ	555	NFE2L3
AP1_COMBINED_DISJOINT_REC_TJ	556	PLA2G2A
AP1_COMBINED_DISJOINT_REC_TJ	557	CACHD1
AP1_COMBINED_DISJOINT_REC_TJ	558	TRAF4
AP1_COMBINED_DISJOINT_REC_TJ	559	PRMT8
AP1_COMBINED_DISJOINT_REC_TJ	560	ABLIM3
AP1_COMBINED_DISJOINT_REC_TJ	561	DUSP16
AP1_COMBINED_DISJOINT_REC_TJ	562	TIMP3
AP1_COMBINED_DISJOINT_REC_TJ	563	RHBDF2
AP1_COMBINED_DISJOINT_REC_TJ	564	OCIAD2
AP1_COMBINED_DISJOINT_REC_TJ	565	ERGIC1
AP1_COMBINED_DISJOINT_REC_TJ	566	TGFB1
AP1_COMBINED_DISJOINT_REC_TJ	567	SLC15A1
AP1_COMBINED_DISJOINT_REC_TJ	568	RAD21
AP1_COMBINED_DISJOINT_REC_TJ	569	ERRFI1
AP1_COMBINED_DISJOINT_REC_TJ	570	ATP11B
AP1_COMBINED_DISJOINT_REC_TJ	571	FAM49B
AP1_COMBINED_DISJOINT_REC_TJ	572	NT5C3A
AP1_COMBINED_DISJOINT_REC_TJ	573	TSEN2
AP1_COMBINED_DISJOINT_REC_TJ	574	ANXA3
AP1_COMBINED_DISJOINT_REC_TJ	575	BLVRB
AP1_COMBINED_DISJOINT_REC_TJ	576	ESCO1
AP1_COMBINED_DISJOINT_REC_TJ	577	B4GALT5
AP1_COMBINED_DISJOINT_REC_TJ	578	ATP2B1
AP1_COMBINED_DISJOINT_REC_TJ	579	GALNT4
AP1_COMBINED_DISJOINT_REC_TJ	580	TOR1B
AP1_COMBINED_DISJOINT_REC_TJ	581	BAG1
AP1_COMBINED_DISJOINT_REC_TJ	582	HK1
AP1_COMBINED_DISJOINT_REC_TJ	583	ZDHHC3
AP1_COMBINED_DISJOINT_REC_TJ	584	TEAD3
AP1_COMBINED_DISJOINT_REC_TJ	585	PRSS23
AP1_COMBINED_DISJOINT_REC_TJ	586	CDA
AP1_COMBINED_DISJOINT_REC_TJ	587	HIVEP2
AP1_COMBINED_DISJOINT_REC_TJ	588	MMP14
AP1_COMBINED_DISJOINT_REC_TJ	589	DIAPH1
AP1_COMBINED_DISJOINT_REC_TJ	590	PKM
AP1_COMBINED_DISJOINT_REC_TJ	591	CALM2
AP1_COMBINED_DISJOINT_REC_TJ	592	TMEM30A
AP1_COMBINED_DISJOINT_REC_TJ	593	TNKS1BP1
AP1_COMBINED_DISJOINT_REC_TJ	594	GPRC5A
AP1_COMBINED_DISJOINT_REC_TJ	595	VSIG2
AP1_COMBINED_DISJOINT_REC_TJ	596	AKT3
AP1_COMBINED_DISJOINT_REC_TJ	597	MAP2K2
AP1_COMBINED_DISJOINT_REC_TJ	598	TLE1
AP1_COMBINED_DISJOINT_REC_TJ	599	USP53
AP1_COMBINED_DISJOINT_REC_TJ	600	SMG1
AP1_COMBINED_DISJOINT_REC_TJ	601	SMOX
AP1_COMBINED_DISJOINT_REC_TJ	602	SLC44A2
AP1_COMBINED_DISJOINT_REC_TJ	603	ATL3
AP1_COMBINED_DISJOINT_REC_TJ	604	RIOK3
AP1_COMBINED_DISJOINT_REC_TJ	605	TNFRSF1B
AP1_COMBINED_DISJOINT_REC_TJ	606	ALOX5
AP1_COMBINED_DISJOINT_REC_TJ	607	ADAMTSL1
AP1_COMBINED_DISJOINT_REC_TJ	608	EPS8L2
AP1_COMBINED_DISJOINT_REC_TJ	609	GAPDH
AP1_COMBINED_DISJOINT_REC_TJ	610	C14ORF119
AP1_COMBINED_DISJOINT_REC_TJ	611	NFKBIA
AP1_COMBINED_DISJOINT_REC_TJ	612	LMNA
AP1_COMBINED_DISJOINT_REC_TJ	613	SHROOM3
AP1_COMBINED_DISJOINT_REC_TJ	614	TJP3
AP1_COMBINED_DISJOINT_REC_TJ	615	PERP
AP1_COMBINED_DISJOINT_REC_TJ	616	EXT1
AP1_COMBINED_DISJOINT_REC_TJ	617	PEA15
AP1_COMBINED_DISJOINT_REC_TJ	618	IKZF3
AP1_COMBINED_DISJOINT_REC_TJ	619	TACC1
AP1_COMBINED_DISJOINT_REC_TJ	620	IMPAD1
AP1_COMBINED_DISJOINT_REC_TJ	621	KTN1
AP1_COMBINED_DISJOINT_REC_TJ	622	IFRD1
AP1_COMBINED_DISJOINT_REC_TJ	623	CDH13
AP1_COMBINED_DISJOINT_REC_TJ	624	KIAA0040
AP1_COMBINED_DISJOINT_REC_TJ	625	PXN
AP1_COMBINED_DISJOINT_REC_TJ	626	GLRX3
AP1_COMBINED_DISJOINT_REC_TJ	627	TMPRSS2
AP1_COMBINED_DISJOINT_REC_TJ	628	PTPRN2
AP1_COMBINED_DISJOINT_REC_TJ	629	HLA-A
AP1_COMBINED_DISJOINT_REC_TJ	630	SPATA2L
AP1_COMBINED_DISJOINT_REC_TJ	631	UST
AP1_COMBINED_DISJOINT_REC_TJ	632	RABL6
AP1_COMBINED_DISJOINT_REC_TJ	633	SESN3
AP1_COMBINED_DISJOINT_REC_TJ	634	PLCB1
AP1_COMBINED_DISJOINT_REC_TJ	635	PLCB4
AP1_COMBINED_DISJOINT_REC_TJ	636	RAD23B
AP1_COMBINED_DISJOINT_REC_TJ	637	GSKIP
AP1_COMBINED_DISJOINT_REC_TJ	638	CD58
AP1_COMBINED_DISJOINT_REC_TJ	639	PLEC
AP1_COMBINED_DISJOINT_REC_TJ	640	CCNK
AP1_COMBINED_DISJOINT_REC_TJ	641	ARC
AP1_COMBINED_DISJOINT_REC_TJ	642	INF2
AP1_COMBINED_DISJOINT_REC_TJ	643	WDR72
AP1_COMBINED_DISJOINT_REC_TJ	644	SDC4
AP1_COMBINED_DISJOINT_REC_TJ	645	ZFP36L1
AP1_COMBINED_DISJOINT_REC_TJ	646	TRIB1
AP1_COMBINED_DISJOINT_REC_TJ	647	MLF1
AP1_COMBINED_DISJOINT_REC_TJ	648	ANKRD12
AP1_COMBINED_DISJOINT_REC_TJ	649	TBC1D22B
AP1_COMBINED_DISJOINT_REC_TJ	650	MTSS2
AP1_COMBINED_DISJOINT_REC_TJ	651	MT2A
AP1_COMBINED_DISJOINT_REC_TJ	652	MYO5B
AP1_COMBINED_DISJOINT_REC_TJ	653	CALB1
AP1_COMBINED_DISJOINT_REC_TJ	654	CDC42BPB
AP1_COMBINED_DISJOINT_REC_TJ	655	DUSP1
AP1_COMBINED_DISJOINT_REC_TJ	656	MAGI2
AP1_COMBINED_DISJOINT_REC_TJ	657	CTSH
AP1_COMBINED_DISJOINT_REC_TJ	658	RDH11
AP1_COMBINED_DISJOINT_REC_TJ	659	TMBIM1
AP1_COMBINED_DISJOINT_REC_TJ	660	C3ORF52
AP1_COMBINED_DISJOINT_REC_TJ	661	ABHD3
AP1_COMBINED_DISJOINT_REC_TJ	662	ENC1
AP1_COMBINED_DISJOINT_REC_TJ	663	LY6E
AP1_COMBINED_DISJOINT_REC_TJ	664	GPC1
AP1_COMBINED_DISJOINT_REC_TJ	665	SLC6A8
AP1_COMBINED_DISJOINT_REC_TJ	666	CYBRD1
AP1_COMBINED_DISJOINT_REC_TJ	667	PKN1
AP1_COMBINED_DISJOINT_REC_TJ	668	TMED10
AP1_COMBINED_DISJOINT_REC_TJ	669	INSR
AP1_COMBINED_DISJOINT_REC_TJ	670	AP1AR
AP1_COMBINED_DISJOINT_REC_TJ	671	ACTB
AP1_COMBINED_DISJOINT_REC_TJ	672	FAM83H
AP1_COMBINED_DISJOINT_REC_TJ	673	HES1
AP1_COMBINED_DISJOINT_REC_TJ	674	NMU
AP1_COMBINED_DISJOINT_REC_TJ	675	TMEM263
AP1_COMBINED_DISJOINT_REC_TJ	676	ARHGAP18
AP1_COMBINED_DISJOINT_REC_TJ	677	LRP10
AP1_COMBINED_DISJOINT_REC_TJ	678	HDHD3
AP1_COMBINED_DISJOINT_REC_TJ	679	DUSP8
AP1_COMBINED_DISJOINT_REC_TJ	680	SPTLC2
AP1_COMBINED_DISJOINT_REC_TJ	681	ABHD17C
AP1_COMBINED_DISJOINT_REC_TJ	682	UNC13D
AP1_COMBINED_DISJOINT_REC_TJ	683	MYL12B
AP1_COMBINED_DISJOINT_REC_TJ	684	SNRK
AP1_COMBINED_DISJOINT_REC_TJ	685	TDRD1
AP1_COMBINED_DISJOINT_REC_TJ	686	FLNB
AP1_COMBINED_DISJOINT_REC_TJ	687	NDEL1
AP1_COMBINED_DISJOINT_REC_TJ	688	ATP5F1A
AP1_COMBINED_DISJOINT_REC_TJ	689	RDH10
AP1_COMBINED_DISJOINT_REC_TJ	690	GPX2
AP1_COMBINED_DISJOINT_REC_TJ	691	DOK4
AP1_COMBINED_DISJOINT_REC_TJ	692	OXSR1
AP1_COMBINED_DISJOINT_REC_TJ	693	AKAP13
AP1_COMBINED_DISJOINT_REC_TJ	694	ASS1
AP1_COMBINED_DISJOINT_REC_TJ	695	AXIN1
AP1_COMBINED_DISJOINT_REC_TJ	696	HSPB1
AP1_COMBINED_DISJOINT_REC_TJ	697	ASAP2
AP1_COMBINED_DISJOINT_REC_TJ	698	PAX8
AP1_COMBINED_DISJOINT_REC_TJ	699	ZSWIM6
AP1_COMBINED_DISJOINT_REC_TJ	700	UBE2B
AP1_COMBINED_DISJOINT_REC_TJ	701	VDAC3
AP1_COMBINED_DISJOINT_REC_TJ	702	CYB5R3
AP1_COMBINED_DISJOINT_REC_TJ	703	C2CD4A
AP1_COMBINED_DISJOINT_REC_TJ	704	INO80C
AP1_COMBINED_DISJOINT_REC_TJ	705	TSPAN3
AP1_COMBINED_DISJOINT_REC_TJ	706	GNA12
AP1_COMBINED_DISJOINT_REC_TJ	707	NOXA1
AP1_COMBINED_DISJOINT_REC_TJ	708	SMAD7
AP1_COMBINED_DISJOINT_REC_TJ	709	TBC1D8
AP1_COMBINED_DISJOINT_REC_TJ	710	EHD4
AP1_COMBINED_DISJOINT_REC_TJ	711	MSMO1
AP1_COMBINED_DISJOINT_REC_TJ	712	ID1
AP1_COMBINED_DISJOINT_REC_TJ	713	GAK
AP1_COMBINED_DISJOINT_REC_TJ	714	UGCG
AP1_COMBINED_DISJOINT_REC_TJ	715	SMARCA1
AP1_COMBINED_DISJOINT_REC_TJ	716	DHCR7
AP1_COMBINED_DISJOINT_REC_TJ	717	ATP1A1
AP1_COMBINED_DISJOINT_REC_TJ	718	EIF3D
AP1_COMBINED_DISJOINT_REC_TJ	719	MALL
AP1_COMBINED_DISJOINT_REC_TJ	720	NEDD9
AP1_COMBINED_DISJOINT_REC_TJ	721	PSME1
AP1_COMBINED_DISJOINT_REC_TJ	722	SWAP70
AP1_COMBINED_DISJOINT_REC_TJ	723	BAIAP2
AP1_COMBINED_DISJOINT_REC_TJ	724	RNF19B
AP1_COMBINED_DISJOINT_REC_TJ	725	SLCO4A1
AP1_COMBINED_DISJOINT_REC_TJ	726	ETHE1
AP1_COMBINED_DISJOINT_REC_TJ	727	TSHZ1
AP1_COMBINED_DISJOINT_REC_TJ	728	AOAH
AP1_COMBINED_DISJOINT_REC_TJ	729	IGFBP1
AP1_COMBINED_DISJOINT_REC_TJ	730	CHP1
AP1_COMBINED_DISJOINT_REC_TJ	731	SHC3
AP1_COMBINED_DISJOINT_REC_TJ	732	CPA6
AP1_COMBINED_DISJOINT_REC_TJ	733	S100A16
AP1_COMBINED_DISJOINT_REC_TJ	734	IQCJ-SCHIP1
AP1_COMBINED_DISJOINT_REC_TJ	735	PLK3
AP1_COMBINED_DISJOINT_REC_TJ	736	B3GNT3
AP1_COMBINED_DISJOINT_REC_TJ	737	PDCD4
AP1_COMBINED_DISJOINT_REC_TJ	738	INSIG1
AP1_COMBINED_DISJOINT_REC_TJ	739	PICALM
AP1_COMBINED_DISJOINT_REC_TJ	740	TPM1
AP1_COMBINED_DISJOINT_REC_TJ	741	VENTX
AP1_COMBINED_DISJOINT_REC_TJ	742	RFX2
AP1_COMBINED_DISJOINT_REC_TJ	743	MBP
AP1_COMBINED_DISJOINT_REC_TJ	744	TCF25
AP1_COMBINED_DISJOINT_REC_TJ	745	LPCAT4
AP1_COMBINED_DISJOINT_REC_TJ	746	GTPBP1
AP1_COMBINED_DISJOINT_REC_TJ	747	FAM102A
AP1_COMBINED_DISJOINT_REC_TJ	748	SOX6
AP1_COMBINED_DISJOINT_REC_TJ	749	KLF5
AP1_COMBINED_DISJOINT_REC_TJ	750	CTSE
AP1_COMBINED_DISJOINT_REC_TJ	751	ZFAND5
AP1_COMBINED_DISJOINT_REC_TJ	752	TG
AP1_COMBINED_DISJOINT_REC_TJ	753	TM4SF1
AP1_COMBINED_DISJOINT_REC_TJ	754	PER1
AP1_COMBINED_DISJOINT_REC_TJ	755	PIK3IP1
AP1_COMBINED_DISJOINT_REC_TJ	756	CDKN2AIP
AP1_COMBINED_DISJOINT_REC_TJ	757	PLEK2
AP1_COMBINED_DISJOINT_REC_TJ	758	CAPZA1
AP1_COMBINED_DISJOINT_REC_TJ	759	PCBP2
AP1_COMBINED_DISJOINT_REC_TJ	760	TXLNA
AP1_COMBINED_DISJOINT_REC_TJ	761	PDLIM3
AP1_COMBINED_DISJOINT_REC_TJ	762	GAS2L3
AP1_COMBINED_DISJOINT_REC_TJ	763	FAM160A2
AP1_COMBINED_DISJOINT_REC_TJ	764	LRRC26
AP1_COMBINED_DISJOINT_REC_TJ	765	RFX1
AP1_COMBINED_DISJOINT_REC_TJ	766	FRAS1
AP1_COMBINED_DISJOINT_REC_TJ	767	MX1
AP1_COMBINED_DISJOINT_REC_TJ	768	GNPNAT1
AP1_COMBINED_DISJOINT_REC_TJ	769	SLC2A1
AP1_COMBINED_DISJOINT_REC_TJ	770	SQLE
AP1_COMBINED_DISJOINT_REC_TJ	771	B4GALNT3
AP1_COMBINED_DISJOINT_REC_TJ	772	PEG10
AP1_COMBINED_DISJOINT_REC_TJ	773	CSRP1
AP1_COMBINED_DISJOINT_REC_TJ	774	NET1
AP1_COMBINED_DISJOINT_REC_TJ	775	EEF1B2
AP1_COMBINED_DISJOINT_REC_TJ	776	TNFRSF10B
AP1_COMBINED_DISJOINT_REC_TJ	777	PPL
AP1_COMBINED_DISJOINT_REC_TJ	778	JUND
AP1_COMBINED_DISJOINT_REC_TJ	779	MISP
AP1_COMBINED_DISJOINT_REC_TJ	780	SMG5
AP1_COMBINED_DISJOINT_REC_TJ	781	CAPZB
AP1_COMBINED_DISJOINT_REC_TJ	782	SRP14
AP1_COMBINED_DISJOINT_REC_TJ	783	LRATD2
AP1_COMBINED_DISJOINT_REC_TJ	784	CAP1
AP1_COMBINED_DISJOINT_REC_TJ	785	SIM2
AP1_COMBINED_DISJOINT_REC_TJ	786	HIP1R
AP1_COMBINED_DISJOINT_REC_TJ	787	AHNAK
AP1_COMBINED_DISJOINT_REC_TJ	788	CLIC1
AP1_COMBINED_DISJOINT_REC_TJ	789	CDC42
AP1_COMBINED_DISJOINT_REC_TJ	790	RASAL1
AP1_COMBINED_DISJOINT_REC_TJ	791	SLC40A1
AP1_COMBINED_DISJOINT_REC_TJ	792	SPEN
AP1_COMBINED_DISJOINT_REC_TJ	793	RBM8A
AP1_COMBINED_DISJOINT_REC_TJ	794	ARMCX3
AP1_COMBINED_DISJOINT_REC_TJ	795	CDKN1A
AP1_COMBINED_DISJOINT_REC_TJ	796	ITGA5
AP1_COMBINED_DISJOINT_REC_TJ	797	TLE5
AP1_COMBINED_DISJOINT_REC_TJ	798	OASL
AP1_COMBINED_DISJOINT_REC_TJ	799	LIF
AP1_COMBINED_DISJOINT_REC_TJ	800	MARK3
AP1_COMBINED_DISJOINT_REC_TJ	801	RAB35
AP1_COMBINED_DISJOINT_REC_TJ	802	SF3B4
AP1_COMBINED_DISJOINT_REC_TJ	803	TNFRSF1A
AP1_COMBINED_DISJOINT_REC_TJ	804	GRB7
AP1_COMBINED_DISJOINT_REC_TJ	805	TFF1
AP1_COMBINED_DISJOINT_REC_TJ	806	FOSL2
AP1_COMBINED_DISJOINT_REC_TJ	807	SLC25A29
AP1_COMBINED_DISJOINT_REC_TJ	808	PLD1
AP1_COMBINED_DISJOINT_REC_TJ	809	ERBB3
AP1_COMBINED_DISJOINT_REC_TJ	810	CSNK1E
AP1_COMBINED_DISJOINT_REC_TJ	811	SNX9
AP1_COMBINED_DISJOINT_REC_TJ	812	TNFRSF19
AP1_COMBINED_DISJOINT_REC_TJ	813	PIM3
AP1_COMBINED_DISJOINT_REC_TJ	814	B3GNT5
AP1_COMBINED_DISJOINT_REC_TJ	815	TPM4
AP1_COMBINED_DISJOINT_REC_TJ	816	ELOVL5
AP1_COMBINED_DISJOINT_REC_TJ	817	HGSNAT
AP1_COMBINED_DISJOINT_REC_TJ	818	CCSER1
AP1_COMBINED_DISJOINT_REC_TJ	819	MBOAT7
AP1_COMBINED_DISJOINT_REC_TJ	820	ABR
AP1_COMBINED_DISJOINT_REC_TJ	821	SNAPC3
AP1_COMBINED_DISJOINT_REC_TJ	822	ECPAS
AP1_COMBINED_DISJOINT_REC_TJ	823	LIMK2
AP1_COMBINED_DISJOINT_REC_TJ	824	GEM
AP1_COMBINED_DISJOINT_REC_TJ	825	RAB5B
AP1_COMBINED_DISJOINT_REC_TJ	826	EPAS1
AP1_COMBINED_DISJOINT_REC_TJ	827	NFATC1
AP1_COMBINED_DISJOINT_REC_TJ	828	RAP1B
AP1_COMBINED_DISJOINT_REC_TJ	829	GRSF1
AP1_COMBINED_DISJOINT_REC_TJ	830	CLMN
AP1_COMBINED_DISJOINT_REC_TJ	831	LRP8
AP1_COMBINED_DISJOINT_REC_TJ	832	HAVCR1
AP1_COMBINED_DISJOINT_REC_TJ	833	NECTIN2
AP1_COMBINED_DISJOINT_REC_TJ	834	F3
AP1_COMBINED_DISJOINT_REC_TJ	835	TPT1
AP1_COMBINED_DISJOINT_REC_TJ	836	ACHE
AP1_COMBINED_DISJOINT_REC_TJ	837	PMEPA1
AP1_COMBINED_DISJOINT_REC_TJ	838	MRPS18C
AP1_COMBINED_DISJOINT_REC_TJ	839	AP3M2
AP1_COMBINED_DISJOINT_REC_TJ	840	FUCA1
AP1_COMBINED_DISJOINT_REC_TJ	841	SMARCA4
AP1_COMBINED_DISJOINT_REC_TJ	842	LIPH
AP1_COMBINED_DISJOINT_REC_TJ	843	DUSP6
AP1_COMBINED_DISJOINT_REC_TJ	844	CKAP4
AP1_COMBINED_DISJOINT_REC_TJ	845	FAM241A
AP1_COMBINED_DISJOINT_REC_TJ	846	LAD1
AP1_COMBINED_DISJOINT_REC_TJ	847	CRIP1
AP1_COMBINED_DISJOINT_REC_TJ	848	EML2
AP1_COMBINED_DISJOINT_REC_TJ	849	FOXN2
AP1_COMBINED_DISJOINT_REC_TJ	850	ANKRD9
AP1_COMBINED_DISJOINT_REC_TJ	851	ITGB1
AP1_COMBINED_DISJOINT_REC_TJ	852	CXCL16
AP1_COMBINED_DISJOINT_REC_TJ	853	MIDN
AP1_COMBINED_DISJOINT_REC_TJ	854	S100A11
AP1_COMBINED_DISJOINT_REC_TJ	855	GTF2IRD1
AP1_COMBINED_DISJOINT_REC_TJ	856	CYP2S1
AP1_COMBINED_DISJOINT_REC_TJ	857	CTSD
AP1_COMBINED_DISJOINT_REC_TJ	858	H1F0
AP1_COMBINED_DISJOINT_REC_TJ	859	ARPC4
AP1_COMBINED_DISJOINT_REC_TJ	860	WTAP
AP1_COMBINED_DISJOINT_REC_TJ	861	S100A6
AP1_COMBINED_DISJOINT_REC_TJ	862	FASN
AP1_COMBINED_DISJOINT_REC_TJ	863	HNRNPUL1
AP1_COMBINED_DISJOINT_REC_TJ	864	CHMP4C
AP1_COMBINED_DISJOINT_REC_TJ	865	TRIM15
AP1_COMBINED_DISJOINT_REC_TJ	866	MYL12A
AP1_COMBINED_DISJOINT_REC_TJ	867	TC2N
AP1_COMBINED_DISJOINT_REC_TJ	868	FAM50A
AP1_COMBINED_DISJOINT_REC_TJ	869	PSMC3
AP1_COMBINED_DISJOINT_REC_TJ	870	TMEM184A
AP1_COMBINED_DISJOINT_REC_TJ	871	MYH9
AP1_COMBINED_DISJOINT_REC_TJ	872	KIFC2
AP1_COMBINED_DISJOINT_REC_TJ	873	NR2F6
AP1_COMBINED_DISJOINT_REC_TJ	874	TOB1
AP1_COMBINED_DISJOINT_REC_TJ	875	AVPI1
AP1_COMBINED_DISJOINT_REC_TJ	876	SLITRK6
AP1_COMBINED_DISJOINT_REC_TJ	877	ARL4A
AP1_COMBINED_DISJOINT_REC_TJ	878	ZHX1
AP1_COMBINED_DISJOINT_REC_TJ	879	FSTL3
AP1_COMBINED_DISJOINT_REC_TJ	880	SLC25A33
AP1_COMBINED_DISJOINT_REC_TJ	881	LRRC8A
AP1_COMBINED_DISJOINT_REC_TJ	882	TRAM1
AP1_COMBINED_DISJOINT_REC_TJ	883	AGPAT2
AP1_COMBINED_DISJOINT_REC_TJ	884	FA2H
AP1_COMBINED_DISJOINT_REC_TJ	885	CARD11
AP1_COMBINED_DISJOINT_REC_TJ	886	ATG101
AP1_COMBINED_DISJOINT_REC_TJ	887	PRDM16
AP1_COMBINED_DISJOINT_REC_TJ	888	CTBP1
AP1_COMBINED_DISJOINT_REC_TJ	889	ANXA4
AP1_COMBINED_DISJOINT_REC_TJ	890	MZT2B
AP1_COMBINED_DISJOINT_REC_TJ	891	MYADM
AP1_COMBINED_DISJOINT_REC_TJ	892	PER2
AP1_COMBINED_DISJOINT_REC_TJ	893	RELB
AP1_COMBINED_DISJOINT_REC_TJ	894	VAPA
AP1_COMBINED_DISJOINT_REC_TJ	895	CAPG
AP1_COMBINED_DISJOINT_REC_TJ	896	HDAC1
AP1_COMBINED_DISJOINT_REC_TJ	897	SPRED1
AP1_COMBINED_DISJOINT_REC_TJ	898	RMC1
AP1_COMBINED_DISJOINT_REC_TJ	899	SPNS2
AP1_COMBINED_DISJOINT_REC_TJ	900	HSPG2
AP1_COMBINED_DISJOINT_REC_TJ	901	PSMD2
AP1_COMBINED_DISJOINT_REC_TJ	902	FAM20C
AP1_COMBINED_DISJOINT_REC_TJ	903	KLF10
AP1_COMBINED_DISJOINT_REC_TJ	904	ARPC2
AP1_COMBINED_DISJOINT_REC_TJ	905	SUN1
AP1_COMBINED_DISJOINT_REC_TJ	906	KDM5B
AP1_COMBINED_DISJOINT_REC_TJ	907	TMEM123
AP1_COMBINED_DISJOINT_REC_TJ	908	ABTB2
AP1_COMBINED_DISJOINT_REC_TJ	909	IGF2BP3
AP1_COMBINED_DISJOINT_REC_TJ	910	ATF4
AP1_COMBINED_DISJOINT_REC_TJ	911	HORMAD1
AP1_COMBINED_DISJOINT_REC_TJ	912	CNN2
AP1_COMBINED_DISJOINT_REC_TJ	913	FLRT3
AP1_COMBINED_DISJOINT_REC_TJ	914	STAT6
AP1_COMBINED_DISJOINT_REC_TJ	915	PLEKHB2
AP1_COMBINED_DISJOINT_REC_TJ	916	RAB11A
AP1_COMBINED_DISJOINT_REC_TJ	917	RAB3D
AP1_COMBINED_DISJOINT_REC_TJ	918	SEC61A1
AP1_COMBINED_DISJOINT_REC_TJ	919	ARHGAP42
AP1_COMBINED_DISJOINT_REC_TJ	920	SIGIRR
AP1_COMBINED_DISJOINT_REC_TJ	921	SQSTM1
AP1_COMBINED_DISJOINT_REC_TJ	922	TSPAN6
AP1_COMBINED_DISJOINT_REC_TJ	923	TUBA1A
AP1_COMBINED_DISJOINT_REC_TJ	924	MYO1E
AP1_COMBINED_DISJOINT_REC_TJ	925	PKP3
AP1_COMBINED_DISJOINT_REC_TJ	926	PUM1
AP1_COMBINED_DISJOINT_REC_TJ	927	KIAA1522
AP1_COMBINED_DISJOINT_REC_TJ	928	UBC
AP1_COMBINED_DISJOINT_REC_TJ	929	ZNF516
AP1_COMBINED_DISJOINT_REC_TJ	930	MAGED2
AP1_COMBINED_DISJOINT_REC_TJ	931	NIBAN2
AP1_COMBINED_DISJOINT_REC_TJ	932	AGRN
AP1_COMBINED_DISJOINT_REC_TJ	933	CAMK2N1
AP1_COMBINED_DISJOINT_REC_TJ	934	SPSB1
AP1_COMBINED_DISJOINT_REC_TJ	935	THRAP3
AP1_COMBINED_DISJOINT_REC_TJ	936	TRIB3
AP1_COMBINED_DISJOINT_REC_TJ	937	ITGB6
AP1_COMBINED_DISJOINT_REC_TJ	938	NEDD4
AP1_COMBINED_DISJOINT_REC_TJ	939	ARHGAP27
AP1_COMBINED_DISJOINT_REC_TJ	940	TGM2
AP1_COMBINED_DISJOINT_REC_TJ	941	YTHDC1
AP1_COMBINED_DISJOINT_REC_TJ	942	EPB41L4B
AP1_COMBINED_DISJOINT_REC_TJ	943	LDLR
AP1_COMBINED_DISJOINT_REC_TJ	944	S100A10
AP1_COMBINED_DISJOINT_REC_TJ	945	LRRC59
AP1_COMBINED_DISJOINT_REC_TJ	946	PBX4
AP1_COMBINED_DISJOINT_REC_TJ	947	ITPRID2
AP1_COMBINED_DISJOINT_REC_TJ	948	FAM91A1
AP1_COMBINED_DISJOINT_REC_TJ	949	TMA16
AP1_COMBINED_DISJOINT_REC_TJ	950	PIAS1
AP1_COMBINED_DISJOINT_REC_TJ	951	PSME2
AP1_COMBINED_DISJOINT_REC_TJ	952	ILRUN
AP1_COMBINED_DISJOINT_REC_TJ	953	MUC1
AP1_COMBINED_DISJOINT_REC_TJ	954	BTBD19
AP1_COMBINED_DISJOINT_REC_TJ	955	HSPA1A
AP1_COMBINED_DISJOINT_REC_TJ	956	PLIN2
AP1_COMBINED_DISJOINT_REC_TJ	957	CTBP2
AP1_COMBINED_DISJOINT_REC_TJ	958	RASSF6
AP1_COMBINED_DISJOINT_REC_TJ	959	ITPR3
AP1_COMBINED_DISJOINT_REC_TJ	960	KRT7
AP1_COMBINED_DISJOINT_REC_TJ	961	EVPL
AP1_COMBINED_DISJOINT_REC_TJ	962	BNIP5
AP1_COMBINED_DISJOINT_REC_TJ	963	CX3CL1
AP1_COMBINED_DISJOINT_REC_TJ	964	TRIM47
AP1_COMBINED_DISJOINT_REC_TJ	965	GRK2
AP1_COMBINED_DISJOINT_REC_TJ	966	ARL8A
AP1_COMBINED_DISJOINT_REC_TJ	967	LTBR
AP1_COMBINED_DISJOINT_REC_TJ	968	PPP2R5C
AP1_COMBINED_DISJOINT_REC_TJ	969	KRT17
AP1_COMBINED_DISJOINT_REC_TJ	970	S100A13
AP1_COMBINED_DISJOINT_REC_TJ	971	DLGAP4
AP1_COMBINED_DISJOINT_REC_TJ	972	CELF1
AP1_COMBINED_DISJOINT_REC_TJ	973	ITGA3
AP1_COMBINED_DISJOINT_REC_TJ	974	DDIT4
AP1_COMBINED_DISJOINT_REC_TJ	975	HRH1
AP1_COMBINED_DISJOINT_REC_TJ	976	TAX1BP3
AP1_COMBINED_DISJOINT_REC_TJ	977	KDM6B
AP1_COMBINED_DISJOINT_REC_TJ	978	SERINC2
AP1_COMBINED_DISJOINT_REC_TJ	979	FRMD4B
AP1_COMBINED_DISJOINT_REC_TJ	980	STXBP3
AP1_COMBINED_DISJOINT_REC_TJ	981	FLII
AP1_COMBINED_DISJOINT_REC_TJ	982	GTPBP2
AP1_COMBINED_DISJOINT_REC_TJ	983	JDP2
AP1_COMBINED_DISJOINT_REC_TJ	984	TGIF1
AP1_COMBINED_DISJOINT_REC_TJ	985	ZEB1
AP1_COMBINED_DISJOINT_REC_TJ	986	ODC1
AP1_COMBINED_DISJOINT_REC_TJ	987	HSH2D
AP1_COMBINED_DISJOINT_REC_TJ	988	SIK3
AP1_COMBINED_DISJOINT_REC_TJ	989	RAB14
AP1_COMBINED_DISJOINT_REC_TJ	990	ARHGAP23
AP1_COMBINED_DISJOINT_REC_TJ	991	CD63
AP1_COMBINED_DISJOINT_REC_TJ	992	KRT18
AP1_COMBINED_DISJOINT_REC_TJ	993	FCGBP
AP1_COMBINED_DISJOINT_REC_TJ	994	ITGB4
AP1_COMBINED_DISJOINT_REC_TJ	995	CSNK2A1
AP1_COMBINED_DISJOINT_REC_TJ	996	SAMD4A
AP1_COMBINED_DISJOINT_REC_TJ	997	MAL2
AP1_COMBINED_DISJOINT_REC_TJ	998	MCF2L2
AP1_COMBINED_DISJOINT_REC_TJ	999	SCNN1A
AP1_COMBINED_DISJOINT_REC_TJ	1000	PRAP1
AP1_COMBINED_DISJOINT_REC_TJ	1001	LRMDA
AP1_COMBINED_DISJOINT_REC_TJ	1002	REL
AP1_COMBINED_DISJOINT_REC_TJ	1003	TMEM144
AP1_COMBINED_DISJOINT_REC_TJ	1004	ZNF69
AP1_COMBINED_DISJOINT_REC_TJ	1005	SLC25A25
AP1_COMBINED_DISJOINT_REC_TJ	1006	C12ORF75
AP1_COMBINED_DISJOINT_REC_TJ	1007	HSD11B2
AP1_COMBINED_DISJOINT_REC_TJ	1008	ELMSAN1
AP1_COMBINED_DISJOINT_REC_TJ	1009	PTPRD
AP1_COMBINED_DISJOINT_REC_TJ	1010	CPEB4
AP1_COMBINED_DISJOINT_REC_TJ	1011	PTPN12
AP1_COMBINED_DISJOINT_REC_TJ	1012	GPRC5C
AP1_COMBINED_DISJOINT_REC_TJ	1013	AGO2
AP1_COMBINED_DISJOINT_REC_TJ	1014	CDHR2
AP1_COMBINED_DISJOINT_REC_TJ	1015	CDKN1C
AP1_COMBINED_DISJOINT_REC_TJ	1016	HSPH1
AP1_COMBINED_DISJOINT_REC_TJ	1017	FEM1C
AP1_COMBINED_DISJOINT_REC_TJ	1018	LASP1
AP1_COMBINED_DISJOINT_REC_TJ	1019	NELFB
AP1_COMBINED_DISJOINT_REC_TJ	1020	INPP1
AP1_COMBINED_DISJOINT_REC_TJ	1021	KCNK5
AP1_COMBINED_DISJOINT_REC_TJ	1022	PIM1
AP1_COMBINED_DISJOINT_REC_TJ	1023	PNPLA2
AP1_COMBINED_DISJOINT_REC_TJ	1024	MTMR11
AP1_COMBINED_DISJOINT_REC_TJ	1025	ZFP36
AP1_COMBINED_DISJOINT_REC_TJ	1026	KIAA0232
AP1_COMBINED_DISJOINT_REC_TJ	1027	NRARP
AP1_COMBINED_DISJOINT_REC_TJ	1028	TSPAN8
AP1_COMBINED_DISJOINT_REC_TJ	1029	ABCC3
AP1_COMBINED_DISJOINT_REC_TJ	1030	SELENOW
AP1_COMBINED_DISJOINT_REC_TJ	1031	LRP4
AP1_COMBINED_DISJOINT_REC_TJ	1032	ANXA13
AP1_COMBINED_DISJOINT_REC_TJ	1033	CD200R1L
AP1_COMBINED_DISJOINT_REC_TJ	1034	TMEM30B
AP1_COMBINED_DISJOINT_REC_TJ	1035	CCN1
AP1_COMBINED_DISJOINT_REC_TJ	1036	GPA33
AP1_COMBINED_DISJOINT_REC_TJ	1037	MGLL
AP1_COMBINED_DISJOINT_REC_TJ	1038	PCBP1
AP1_COMBINED_DISJOINT_REC_TJ	1039	KLC1
AP1_COMBINED_DISJOINT_REC_TJ	1040	EIF1
AP1_COMBINED_DISJOINT_REC_TJ	1041	MAP3K14
AP1_COMBINED_DISJOINT_REC_TJ	1042	AZIN1
AP1_COMBINED_DISJOINT_REC_TJ	1043	TRA2A
AP1_COMBINED_DISJOINT_REC_TJ	1044	LNPK
AP1_COMBINED_DISJOINT_REC_TJ	1045	HLA-C
AP1_COMBINED_DISJOINT_REC_TJ	1046	FOXA3
AP1_COMBINED_DISJOINT_REC_TJ	1047	CLCN3
AP1_COMBINED_DISJOINT_REC_TJ	1048	CEBPG
AP1_COMBINED_DISJOINT_REC_TJ	1049	ADGRE5
AP1_COMBINED_DISJOINT_REC_TJ	1050	WDR1
AP1_COMBINED_DISJOINT_REC_TJ	1051	WSB1
AP1_COMBINED_DISJOINT_REC_TJ	1052	RRAGA
AP1_COMBINED_DISJOINT_REC_TJ	1053	CALU
AP1_COMBINED_DISJOINT_REC_TJ	1054	BTG2
AP1_COMBINED_DISJOINT_REC_TJ	1055	AKIRIN1
AP1_COMBINED_DISJOINT_REC_TJ	1056	ADAP1
AP1_COMBINED_DISJOINT_REC_TJ	1057	PITPNB
AP1_COMBINED_DISJOINT_REC_TJ	1058	ALB
AP1_COMBINED_DISJOINT_REC_TJ	1059	GATA6
AP1_COMBINED_DISJOINT_REC_TJ	1060	CABLES1
AP1_COMBINED_DISJOINT_REC_TJ	1061	YWHAG
AP1_COMBINED_DISJOINT_REC_TJ	1062	ATP2B4
AP1_COMBINED_DISJOINT_REC_TJ	1063	HK2
AP1_COMBINED_DISJOINT_REC_TJ	1064	MUC20
AP1_COMBINED_DISJOINT_REC_TJ	1065	RASGEF1B
AP1_COMBINED_DISJOINT_REC_TJ	1066	CRY1
AP1_COMBINED_DISJOINT_REC_TJ	1067	CBX4
AP1_COMBINED_DISJOINT_REC_TJ	1068	ID2
AP1_COMBINED_DISJOINT_REC_TJ	1069	SLC9A1
AP1_COMBINED_DISJOINT_REC_TJ	1070	HELZ2
AP1_COMBINED_DISJOINT_REC_TJ	1071	BCL2L1
AP1_COMBINED_DISJOINT_REC_TJ	1072	SCD
AP1_COMBINED_DISJOINT_REC_TJ	1073	VWA5B1
AP1_COMBINED_DISJOINT_REC_TJ	1074	SOCS6
AP1_COMBINED_DISJOINT_REC_TJ	1075	IFNGR2
AP1_COMBINED_DISJOINT_REC_TJ	1076	CD55
AP1_COMBINED_DISJOINT_REC_TJ	1077	CARS
AP1_COMBINED_DISJOINT_REC_TJ	1078	CCPG1
AP1_COMBINED_DISJOINT_REC_TJ	1079	B3GNT6
AP1_COMBINED_DISJOINT_REC_TJ	1080	GANAB
AP1_COMBINED_DISJOINT_REC_TJ	1081	RBM38
AP1_COMBINED_DISJOINT_REC_TJ	1082	SMURF1
AP1_COMBINED_DISJOINT_REC_TJ	1083	TP53I11
AP1_COMBINED_DISJOINT_REC_TJ	1084	PRKAR1A
AP1_COMBINED_DISJOINT_REC_TJ	1085	TNRC18
AP1_COMBINED_DISJOINT_REC_TJ	1086	SAMD12
AP1_COMBINED_DISJOINT_REC_TJ	1087	CORO1C
AP1_COMBINED_DISJOINT_REC_TJ	1088	KPNA4
AP1_COMBINED_DISJOINT_REC_TJ	1089	FZD7
AP1_COMBINED_DISJOINT_REC_TJ	1090	AMN
AP1_COMBINED_DISJOINT_REC_TJ	1091	HBEGF
AP1_COMBINED_DISJOINT_REC_TJ	1092	GOLM1
AP1_COMBINED_DISJOINT_REC_TJ	1093	MALT1
AP1_COMBINED_DISJOINT_REC_TJ	1094	PPIE
AP1_COMBINED_DISJOINT_REC_TJ	1095	BCL10
AP1_COMBINED_DISJOINT_REC_TJ	1096	KDELR1
AP1_COMBINED_DISJOINT_REC_TJ	1097	MAP3K9
AP1_COMBINED_DISJOINT_REC_TJ	1098	CNDP2
AP1_COMBINED_DISJOINT_REC_TJ	1099	EFNB1
AP1_COMBINED_DISJOINT_REC_TJ	1100	GABRE
AP1_COMBINED_DISJOINT_REC_TJ	1101	HEXIM1
AP1_COMBINED_DISJOINT_REC_TJ	1102	TMEM241
AP1_COMBINED_DISJOINT_REC_TJ	1103	KRAS
AP1_COMBINED_DISJOINT_REC_TJ	1104	TXNIP
AP1_COMBINED_DISJOINT_REC_TJ	1105	MELTF
AP1_COMBINED_DISJOINT_REC_TJ	1106	ARID3A
AP1_COMBINED_DISJOINT_REC_TJ	1107	PIGR
AP1_COMBINED_DISJOINT_REC_TJ	1108	SLC22A31
AP1_COMBINED_DISJOINT_REC_TJ	1109	C20ORF194
AP1_COMBINED_DISJOINT_REC_TJ	1110	TRA2B
AP1_COMBINED_DISJOINT_REC_TJ	1111	TOB2
AP1_COMBINED_DISJOINT_REC_TJ	1112	B3GALT5
AP1_COMBINED_DISJOINT_REC_TJ	1113	RNF114
AP1_COMBINED_DISJOINT_REC_TJ	1114	MAFK
HNF4A_REGULON_DISJOINT_REC_TJ	1	AATF
HNF4A_REGULON_DISJOINT_REC_TJ	2	ABAT
HNF4A_REGULON_DISJOINT_REC_TJ	3	ABHD12
HNF4A_REGULON_DISJOINT_REC_TJ	4	ABL1
HNF4A_REGULON_DISJOINT_REC_TJ	5	ACBD6
HNF4A_REGULON_DISJOINT_REC_TJ	6	ACOT8
HNF4A_REGULON_DISJOINT_REC_TJ	7	ACSS1
HNF4A_REGULON_DISJOINT_REC_TJ	8	ACSS2
HNF4A_REGULON_DISJOINT_REC_TJ	9	ACTR3C
HNF4A_REGULON_DISJOINT_REC_TJ	10	ADCY9
HNF4A_REGULON_DISJOINT_REC_TJ	11	ADNP
HNF4A_REGULON_DISJOINT_REC_TJ	12	AFG1L
HNF4A_REGULON_DISJOINT_REC_TJ	13	AGAP3
HNF4A_REGULON_DISJOINT_REC_TJ	14	AGPAT3
HNF4A_REGULON_DISJOINT_REC_TJ	15	ALDH5A1
HNF4A_REGULON_DISJOINT_REC_TJ	16	ANKRD27
HNF4A_REGULON_DISJOINT_REC_TJ	17	ANO10
HNF4A_REGULON_DISJOINT_REC_TJ	18	ANO9
HNF4A_REGULON_DISJOINT_REC_TJ	19	ANXA4
HNF4A_REGULON_DISJOINT_REC_TJ	20	AOAH
HNF4A_REGULON_DISJOINT_REC_TJ	21	AP002495.1
HNF4A_REGULON_DISJOINT_REC_TJ	22	ARFGEF1
HNF4A_REGULON_DISJOINT_REC_TJ	23	ARFGEF2
HNF4A_REGULON_DISJOINT_REC_TJ	24	ARGLU1
HNF4A_REGULON_DISJOINT_REC_TJ	25	ARHGAP39
HNF4A_REGULON_DISJOINT_REC_TJ	26	ARHGEF10L
HNF4A_REGULON_DISJOINT_REC_TJ	27	ARMC2
HNF4A_REGULON_DISJOINT_REC_TJ	28	ASAP1
HNF4A_REGULON_DISJOINT_REC_TJ	29	ASL
HNF4A_REGULON_DISJOINT_REC_TJ	30	ASXL1
HNF4A_REGULON_DISJOINT_REC_TJ	31	ATAT1
HNF4A_REGULON_DISJOINT_REC_TJ	32	ATP11A
HNF4A_REGULON_DISJOINT_REC_TJ	33	ATP2C2
HNF4A_REGULON_DISJOINT_REC_TJ	34	ATP7B
HNF4A_REGULON_DISJOINT_REC_TJ	35	ATP9A
HNF4A_REGULON_DISJOINT_REC_TJ	36	B4GALNT3
HNF4A_REGULON_DISJOINT_REC_TJ	37	BABAM2
HNF4A_REGULON_DISJOINT_REC_TJ	38	BAIAP2
HNF4A_REGULON_DISJOINT_REC_TJ	39	BCL11A
HNF4A_REGULON_DISJOINT_REC_TJ	40	BCL2L1
HNF4A_REGULON_DISJOINT_REC_TJ	41	BICDL2
HNF4A_REGULON_DISJOINT_REC_TJ	42	BICRAL
HNF4A_REGULON_DISJOINT_REC_TJ	43	BLCAP
HNF4A_REGULON_DISJOINT_REC_TJ	44	BNIP5
HNF4A_REGULON_DISJOINT_REC_TJ	45	C16ORF70
HNF4A_REGULON_DISJOINT_REC_TJ	46	CA1
HNF4A_REGULON_DISJOINT_REC_TJ	47	CA3
HNF4A_REGULON_DISJOINT_REC_TJ	48	CACNA1D
HNF4A_REGULON_DISJOINT_REC_TJ	49	CAMTA1
HNF4A_REGULON_DISJOINT_REC_TJ	50	CARS2
HNF4A_REGULON_DISJOINT_REC_TJ	51	CBFA2T2
HNF4A_REGULON_DISJOINT_REC_TJ	52	CCDC122
HNF4A_REGULON_DISJOINT_REC_TJ	53	CCND3
HNF4A_REGULON_DISJOINT_REC_TJ	54	CD9
HNF4A_REGULON_DISJOINT_REC_TJ	55	CDC16
HNF4A_REGULON_DISJOINT_REC_TJ	56	CDH1
HNF4A_REGULON_DISJOINT_REC_TJ	57	CDH17
HNF4A_REGULON_DISJOINT_REC_TJ	58	CDK10
HNF4A_REGULON_DISJOINT_REC_TJ	59	CDK5RAP1
HNF4A_REGULON_DISJOINT_REC_TJ	60	CDKAL1
HNF4A_REGULON_DISJOINT_REC_TJ	61	CDR2
HNF4A_REGULON_DISJOINT_REC_TJ	62	CEP250
HNF4A_REGULON_DISJOINT_REC_TJ	63	CES2
HNF4A_REGULON_DISJOINT_REC_TJ	64	CFAP44
HNF4A_REGULON_DISJOINT_REC_TJ	65	CGREF1
HNF4A_REGULON_DISJOINT_REC_TJ	66	CHD6
HNF4A_REGULON_DISJOINT_REC_TJ	67	CHD7
HNF4A_REGULON_DISJOINT_REC_TJ	68	CHMP4B
HNF4A_REGULON_DISJOINT_REC_TJ	69	CLYBL
HNF4A_REGULON_DISJOINT_REC_TJ	70	CNBD2
HNF4A_REGULON_DISJOINT_REC_TJ	71	CNKSR1
HNF4A_REGULON_DISJOINT_REC_TJ	72	CNNM4
HNF4A_REGULON_DISJOINT_REC_TJ	73	COG4
HNF4A_REGULON_DISJOINT_REC_TJ	74	COMMD6
HNF4A_REGULON_DISJOINT_REC_TJ	75	COMMD7
HNF4A_REGULON_DISJOINT_REC_TJ	76	COQ8A
HNF4A_REGULON_DISJOINT_REC_TJ	77	CORO1C
HNF4A_REGULON_DISJOINT_REC_TJ	78	CPNE1
HNF4A_REGULON_DISJOINT_REC_TJ	79	CPNE7
HNF4A_REGULON_DISJOINT_REC_TJ	80	CPQ
HNF4A_REGULON_DISJOINT_REC_TJ	81	CRIM1
HNF4A_REGULON_DISJOINT_REC_TJ	82	CRLF3
HNF4A_REGULON_DISJOINT_REC_TJ	83	CRPPA
HNF4A_REGULON_DISJOINT_REC_TJ	84	CRYL1
HNF4A_REGULON_DISJOINT_REC_TJ	85	CSE1L
HNF4A_REGULON_DISJOINT_REC_TJ	86	CTNNBL1
HNF4A_REGULON_DISJOINT_REC_TJ	87	CTSA
HNF4A_REGULON_DISJOINT_REC_TJ	88	CTXND1
HNF4A_REGULON_DISJOINT_REC_TJ	89	CXADR
HNF4A_REGULON_DISJOINT_REC_TJ	90	CYB5B
HNF4A_REGULON_DISJOINT_REC_TJ	91	DCAF6
HNF4A_REGULON_DISJOINT_REC_TJ	92	DDAH1
HNF4A_REGULON_DISJOINT_REC_TJ	93	DDI2
HNF4A_REGULON_DISJOINT_REC_TJ	94	DENND2C
HNF4A_REGULON_DISJOINT_REC_TJ	95	DGAT1
HNF4A_REGULON_DISJOINT_REC_TJ	96	DGKD
HNF4A_REGULON_DISJOINT_REC_TJ	97	DGKH
HNF4A_REGULON_DISJOINT_REC_TJ	98	DGUOK
HNF4A_REGULON_DISJOINT_REC_TJ	99	DHX35
HNF4A_REGULON_DISJOINT_REC_TJ	100	DIDO1
HNF4A_REGULON_DISJOINT_REC_TJ	101	DIPK1A
HNF4A_REGULON_DISJOINT_REC_TJ	102	DLGAP4
HNF4A_REGULON_DISJOINT_REC_TJ	103	DNAH6
HNF4A_REGULON_DISJOINT_REC_TJ	104	DNAJC5
HNF4A_REGULON_DISJOINT_REC_TJ	105	DNASE1
HNF4A_REGULON_DISJOINT_REC_TJ	106	DPM1
HNF4A_REGULON_DISJOINT_REC_TJ	107	DTNBP1
HNF4A_REGULON_DISJOINT_REC_TJ	108	EEF2K
HNF4A_REGULON_DISJOINT_REC_TJ	109	EFHC1
HNF4A_REGULON_DISJOINT_REC_TJ	110	EFNA3
HNF4A_REGULON_DISJOINT_REC_TJ	111	ELF1
HNF4A_REGULON_DISJOINT_REC_TJ	112	ELF3
HNF4A_REGULON_DISJOINT_REC_TJ	113	ELMO2
HNF4A_REGULON_DISJOINT_REC_TJ	114	EML4
HNF4A_REGULON_DISJOINT_REC_TJ	115	ENTPD6
HNF4A_REGULON_DISJOINT_REC_TJ	116	EPB41
HNF4A_REGULON_DISJOINT_REC_TJ	117	EPB41L1
HNF4A_REGULON_DISJOINT_REC_TJ	118	EPB41L5
HNF4A_REGULON_DISJOINT_REC_TJ	119	ESRP1
HNF4A_REGULON_DISJOINT_REC_TJ	120	EVPL
HNF4A_REGULON_DISJOINT_REC_TJ	121	FADS6
HNF4A_REGULON_DISJOINT_REC_TJ	122	FAM192A
HNF4A_REGULON_DISJOINT_REC_TJ	123	FAM234A
HNF4A_REGULON_DISJOINT_REC_TJ	124	FARS2
HNF4A_REGULON_DISJOINT_REC_TJ	125	FBXO31
HNF4A_REGULON_DISJOINT_REC_TJ	126	FCGRT
HNF4A_REGULON_DISJOINT_REC_TJ	127	FGGY
HNF4A_REGULON_DISJOINT_REC_TJ	128	FITM2
HNF4A_REGULON_DISJOINT_REC_TJ	129	FOXO1
HNF4A_REGULON_DISJOINT_REC_TJ	130	FOXO3
HNF4A_REGULON_DISJOINT_REC_TJ	131	FOXP4
HNF4A_REGULON_DISJOINT_REC_TJ	132	FREM1
HNF4A_REGULON_DISJOINT_REC_TJ	133	FRMD1
HNF4A_REGULON_DISJOINT_REC_TJ	134	GABPB2
HNF4A_REGULON_DISJOINT_REC_TJ	135	GAS2
HNF4A_REGULON_DISJOINT_REC_TJ	136	GDAP1L1
HNF4A_REGULON_DISJOINT_REC_TJ	137	GDPD5
HNF4A_REGULON_DISJOINT_REC_TJ	138	GGT7
HNF4A_REGULON_DISJOINT_REC_TJ	139	GID8
HNF4A_REGULON_DISJOINT_REC_TJ	140	GMEB2
HNF4A_REGULON_DISJOINT_REC_TJ	141	GNG4
HNF4A_REGULON_DISJOINT_REC_TJ	142	GON4L
HNF4A_REGULON_DISJOINT_REC_TJ	143	GPALPP1
HNF4A_REGULON_DISJOINT_REC_TJ	144	GPR157
HNF4A_REGULON_DISJOINT_REC_TJ	145	GPR160
HNF4A_REGULON_DISJOINT_REC_TJ	146	GRAMD1A
HNF4A_REGULON_DISJOINT_REC_TJ	147	GRB7
HNF4A_REGULON_DISJOINT_REC_TJ	148	GREB1L
HNF4A_REGULON_DISJOINT_REC_TJ	149	GSE1
HNF4A_REGULON_DISJOINT_REC_TJ	150	GSS
HNF4A_REGULON_DISJOINT_REC_TJ	151	GTF2F2
HNF4A_REGULON_DISJOINT_REC_TJ	152	GTF2IRD1
HNF4A_REGULON_DISJOINT_REC_TJ	153	GTF3A
HNF4A_REGULON_DISJOINT_REC_TJ	154	HELZ2
HNF4A_REGULON_DISJOINT_REC_TJ	155	HIBCH
HNF4A_REGULON_DISJOINT_REC_TJ	156	HM13
HNF4A_REGULON_DISJOINT_REC_TJ	157	HNF4A
HNF4A_REGULON_DISJOINT_REC_TJ	158	HNMT
HNF4A_REGULON_DISJOINT_REC_TJ	159	HOXA3
HNF4A_REGULON_DISJOINT_REC_TJ	160	HP1BP3
HNF4A_REGULON_DISJOINT_REC_TJ	161	HSPA1B
HNF4A_REGULON_DISJOINT_REC_TJ	162	HSPH1
HNF4A_REGULON_DISJOINT_REC_TJ	163	IFNLR1
HNF4A_REGULON_DISJOINT_REC_TJ	164	IFT52
HNF4A_REGULON_DISJOINT_REC_TJ	165	IFT88
HNF4A_REGULON_DISJOINT_REC_TJ	166	IGF2R
HNF4A_REGULON_DISJOINT_REC_TJ	167	IL22RA1
HNF4A_REGULON_DISJOINT_REC_TJ	168	IRS2
HNF4A_REGULON_DISJOINT_REC_TJ	169	ITCH
HNF4A_REGULON_DISJOINT_REC_TJ	170	ITGA9
HNF4A_REGULON_DISJOINT_REC_TJ	171	ITPK1
HNF4A_REGULON_DISJOINT_REC_TJ	172	JAG2
HNF4A_REGULON_DISJOINT_REC_TJ	173	KANSL1
HNF4A_REGULON_DISJOINT_REC_TJ	174	KAT2A
HNF4A_REGULON_DISJOINT_REC_TJ	175	KAZN
HNF4A_REGULON_DISJOINT_REC_TJ	176	KCNK5
HNF4A_REGULON_DISJOINT_REC_TJ	177	KCNQ1
HNF4A_REGULON_DISJOINT_REC_TJ	178	KCP
HNF4A_REGULON_DISJOINT_REC_TJ	179	KHDC4
HNF4A_REGULON_DISJOINT_REC_TJ	180	KHDRBS3
HNF4A_REGULON_DISJOINT_REC_TJ	181	KIF3B
HNF4A_REGULON_DISJOINT_REC_TJ	182	KLC4
HNF4A_REGULON_DISJOINT_REC_TJ	183	KLRG2
HNF4A_REGULON_DISJOINT_REC_TJ	184	KMT5B
HNF4A_REGULON_DISJOINT_REC_TJ	185	LAMA5
HNF4A_REGULON_DISJOINT_REC_TJ	186	LAPTM4B
HNF4A_REGULON_DISJOINT_REC_TJ	187	LGR6
HNF4A_REGULON_DISJOINT_REC_TJ	188	LLGL2
HNF4A_REGULON_DISJOINT_REC_TJ	189	LNX2
HNF4A_REGULON_DISJOINT_REC_TJ	190	LPAR5
HNF4A_REGULON_DISJOINT_REC_TJ	191	LPCAT2
HNF4A_REGULON_DISJOINT_REC_TJ	192	LPIN3
HNF4A_REGULON_DISJOINT_REC_TJ	193	LRCH1
HNF4A_REGULON_DISJOINT_REC_TJ	194	LRRC69
HNF4A_REGULON_DISJOINT_REC_TJ	195	LSM14B
HNF4A_REGULON_DISJOINT_REC_TJ	196	LUC7L
HNF4A_REGULON_DISJOINT_REC_TJ	197	LUC7L3
HNF4A_REGULON_DISJOINT_REC_TJ	198	LY6G6D
HNF4A_REGULON_DISJOINT_REC_TJ	199	MACROD1
HNF4A_REGULON_DISJOINT_REC_TJ	200	MAP1LC3A
HNF4A_REGULON_DISJOINT_REC_TJ	201	MAP7D2
HNF4A_REGULON_DISJOINT_REC_TJ	202	MAPK8IP3
HNF4A_REGULON_DISJOINT_REC_TJ	203	MCF2L
HNF4A_REGULON_DISJOINT_REC_TJ	204	MED4
HNF4A_REGULON_DISJOINT_REC_TJ	205	MEF2D
HNF4A_REGULON_DISJOINT_REC_TJ	206	METTL27
HNF4A_REGULON_DISJOINT_REC_TJ	207	MGRN1
HNF4A_REGULON_DISJOINT_REC_TJ	208	MLXIPL
HNF4A_REGULON_DISJOINT_REC_TJ	209	MMP24OS
HNF4A_REGULON_DISJOINT_REC_TJ	210	MNX1
HNF4A_REGULON_DISJOINT_REC_TJ	211	MOGAT3
HNF4A_REGULON_DISJOINT_REC_TJ	212	MPZL1
HNF4A_REGULON_DISJOINT_REC_TJ	213	MRLN
HNF4A_REGULON_DISJOINT_REC_TJ	214	MROH1
HNF4A_REGULON_DISJOINT_REC_TJ	215	MRPS28
HNF4A_REGULON_DISJOINT_REC_TJ	216	MRPS31
HNF4A_REGULON_DISJOINT_REC_TJ	217	MRPS6
HNF4A_REGULON_DISJOINT_REC_TJ	218	MTDH
HNF4A_REGULON_DISJOINT_REC_TJ	219	MTG2
HNF4A_REGULON_DISJOINT_REC_TJ	220	MTMR8
HNF4A_REGULON_DISJOINT_REC_TJ	221	MTRF1
HNF4A_REGULON_DISJOINT_REC_TJ	222	MVP
HNF4A_REGULON_DISJOINT_REC_TJ	223	MYH14
HNF4A_REGULON_DISJOINT_REC_TJ	224	MYL9
HNF4A_REGULON_DISJOINT_REC_TJ	225	MYO1D
HNF4A_REGULON_DISJOINT_REC_TJ	226	N4BP2L2
HNF4A_REGULON_DISJOINT_REC_TJ	227	NAMPT
HNF4A_REGULON_DISJOINT_REC_TJ	228	NAPB
HNF4A_REGULON_DISJOINT_REC_TJ	229	NCOA3
HNF4A_REGULON_DISJOINT_REC_TJ	230	NCOA5
HNF4A_REGULON_DISJOINT_REC_TJ	231	NCOA6
HNF4A_REGULON_DISJOINT_REC_TJ	232	NDFIP2
HNF4A_REGULON_DISJOINT_REC_TJ	233	NDRG3
HNF4A_REGULON_DISJOINT_REC_TJ	234	NEDD4L
HNF4A_REGULON_DISJOINT_REC_TJ	235	NEK3
HNF4A_REGULON_DISJOINT_REC_TJ	236	NELFCD
HNF4A_REGULON_DISJOINT_REC_TJ	237	NEO1
HNF4A_REGULON_DISJOINT_REC_TJ	238	NFIX
HNF4A_REGULON_DISJOINT_REC_TJ	239	NFYA
HNF4A_REGULON_DISJOINT_REC_TJ	240	NHLRC3
HNF4A_REGULON_DISJOINT_REC_TJ	241	NIPAL3
HNF4A_REGULON_DISJOINT_REC_TJ	242	NOL4L
HNF4A_REGULON_DISJOINT_REC_TJ	243	NR5A2
HNF4A_REGULON_DISJOINT_REC_TJ	244	NUFIP2
HNF4A_REGULON_DISJOINT_REC_TJ	245	OAF
HNF4A_REGULON_DISJOINT_REC_TJ	246	OGFR
HNF4A_REGULON_DISJOINT_REC_TJ	247	OSBPL2
HNF4A_REGULON_DISJOINT_REC_TJ	248	OSER1
HNF4A_REGULON_DISJOINT_REC_TJ	249	OTULINL
HNF4A_REGULON_DISJOINT_REC_TJ	250	OVOL2
HNF4A_REGULON_DISJOINT_REC_TJ	251	OXR1
HNF4A_REGULON_DISJOINT_REC_TJ	252	PABPC1L
HNF4A_REGULON_DISJOINT_REC_TJ	253	PACSIN2
HNF4A_REGULON_DISJOINT_REC_TJ	254	PAN3
HNF4A_REGULON_DISJOINT_REC_TJ	255	PAQR5
HNF4A_REGULON_DISJOINT_REC_TJ	256	PARP4
HNF4A_REGULON_DISJOINT_REC_TJ	257	PARVB
HNF4A_REGULON_DISJOINT_REC_TJ	258	PCK1
HNF4A_REGULON_DISJOINT_REC_TJ	259	PCMTD2
HNF4A_REGULON_DISJOINT_REC_TJ	260	PDLIM3
HNF4A_REGULON_DISJOINT_REC_TJ	261	PHF20
HNF4A_REGULON_DISJOINT_REC_TJ	262	PHLPP2
HNF4A_REGULON_DISJOINT_REC_TJ	263	PHYKPL
HNF4A_REGULON_DISJOINT_REC_TJ	264	PIBF1
HNF4A_REGULON_DISJOINT_REC_TJ	265	PIGU
HNF4A_REGULON_DISJOINT_REC_TJ	266	PKIG
HNF4A_REGULON_DISJOINT_REC_TJ	267	PLAG1
HNF4A_REGULON_DISJOINT_REC_TJ	268	PLCL1
HNF4A_REGULON_DISJOINT_REC_TJ	269	PLEKHA6
HNF4A_REGULON_DISJOINT_REC_TJ	270	PLTP
HNF4A_REGULON_DISJOINT_REC_TJ	271	PLXNA2
HNF4A_REGULON_DISJOINT_REC_TJ	272	PMM2
HNF4A_REGULON_DISJOINT_REC_TJ	273	POFUT1
HNF4A_REGULON_DISJOINT_REC_TJ	274	POLR3E
HNF4A_REGULON_DISJOINT_REC_TJ	275	PON2
HNF4A_REGULON_DISJOINT_REC_TJ	276	POU6F2
HNF4A_REGULON_DISJOINT_REC_TJ	277	PPARGC1B
HNF4A_REGULON_DISJOINT_REC_TJ	278	PPIP5K2
HNF4A_REGULON_DISJOINT_REC_TJ	279	PPP1R13B
HNF4A_REGULON_DISJOINT_REC_TJ	280	PRELID2
HNF4A_REGULON_DISJOINT_REC_TJ	281	PRKDC
HNF4A_REGULON_DISJOINT_REC_TJ	282	PRKG1
HNF4A_REGULON_DISJOINT_REC_TJ	283	PROCR
HNF4A_REGULON_DISJOINT_REC_TJ	284	PROS1
HNF4A_REGULON_DISJOINT_REC_TJ	285	PROSER1
HNF4A_REGULON_DISJOINT_REC_TJ	286	PRPF40B
HNF4A_REGULON_DISJOINT_REC_TJ	287	PRPF6
HNF4A_REGULON_DISJOINT_REC_TJ	288	PRR5
HNF4A_REGULON_DISJOINT_REC_TJ	289	PRSS3
HNF4A_REGULON_DISJOINT_REC_TJ	290	PTPN1
HNF4A_REGULON_DISJOINT_REC_TJ	291	PTPRS
HNF4A_REGULON_DISJOINT_REC_TJ	292	PUDP
HNF4A_REGULON_DISJOINT_REC_TJ	293	PUM1
HNF4A_REGULON_DISJOINT_REC_TJ	294	PWWP3A
HNF4A_REGULON_DISJOINT_REC_TJ	295	PXYLP1
HNF4A_REGULON_DISJOINT_REC_TJ	296	PYGB
HNF4A_REGULON_DISJOINT_REC_TJ	297	R3HDML
HNF4A_REGULON_DISJOINT_REC_TJ	298	RAB11FIP1
HNF4A_REGULON_DISJOINT_REC_TJ	299	RAB22A
HNF4A_REGULON_DISJOINT_REC_TJ	300	RAB2A
HNF4A_REGULON_DISJOINT_REC_TJ	301	RAB40B
HNF4A_REGULON_DISJOINT_REC_TJ	302	RAB40C
HNF4A_REGULON_DISJOINT_REC_TJ	303	RABGEF1
HNF4A_REGULON_DISJOINT_REC_TJ	304	RAD51B
HNF4A_REGULON_DISJOINT_REC_TJ	305	RAE1
HNF4A_REGULON_DISJOINT_REC_TJ	306	RALGAPA2
HNF4A_REGULON_DISJOINT_REC_TJ	307	RALGAPB
HNF4A_REGULON_DISJOINT_REC_TJ	308	RALY
HNF4A_REGULON_DISJOINT_REC_TJ	309	RAPGEF5
HNF4A_REGULON_DISJOINT_REC_TJ	310	RAPGEFL1
HNF4A_REGULON_DISJOINT_REC_TJ	311	RASSF3
HNF4A_REGULON_DISJOINT_REC_TJ	312	RB1
HNF4A_REGULON_DISJOINT_REC_TJ	313	RBFOX3
HNF4A_REGULON_DISJOINT_REC_TJ	314	RBM12
HNF4A_REGULON_DISJOINT_REC_TJ	315	RBM12B
HNF4A_REGULON_DISJOINT_REC_TJ	316	RBM26
HNF4A_REGULON_DISJOINT_REC_TJ	317	RBM39
HNF4A_REGULON_DISJOINT_REC_TJ	318	RERE
HNF4A_REGULON_DISJOINT_REC_TJ	319	RMDN2
HNF4A_REGULON_DISJOINT_REC_TJ	320	RNASEH2B
HNF4A_REGULON_DISJOINT_REC_TJ	321	RNF114
HNF4A_REGULON_DISJOINT_REC_TJ	322	RNF217
HNF4A_REGULON_DISJOINT_REC_TJ	323	RNF43
HNF4A_REGULON_DISJOINT_REC_TJ	324	ROCK2
HNF4A_REGULON_DISJOINT_REC_TJ	325	RPIA
HNF4A_REGULON_DISJOINT_REC_TJ	326	RPN2
HNF4A_REGULON_DISJOINT_REC_TJ	327	RPRD1A
HNF4A_REGULON_DISJOINT_REC_TJ	328	RPRD1B
HNF4A_REGULON_DISJOINT_REC_TJ	329	RRBP1
HNF4A_REGULON_DISJOINT_REC_TJ	330	RRP1B
HNF4A_REGULON_DISJOINT_REC_TJ	331	RTF2
HNF4A_REGULON_DISJOINT_REC_TJ	332	RTKN
HNF4A_REGULON_DISJOINT_REC_TJ	333	SATB2
HNF4A_REGULON_DISJOINT_REC_TJ	334	SCAP
HNF4A_REGULON_DISJOINT_REC_TJ	335	SDC4
HNF4A_REGULON_DISJOINT_REC_TJ	336	SERINC3
HNF4A_REGULON_DISJOINT_REC_TJ	337	SFXN5
HNF4A_REGULON_DISJOINT_REC_TJ	338	SGK3
HNF4A_REGULON_DISJOINT_REC_TJ	339	SHROOM4
HNF4A_REGULON_DISJOINT_REC_TJ	340	SLC13A3
HNF4A_REGULON_DISJOINT_REC_TJ	341	SLC17A9
HNF4A_REGULON_DISJOINT_REC_TJ	342	SLC22A3
HNF4A_REGULON_DISJOINT_REC_TJ	343	SLC2A9
HNF4A_REGULON_DISJOINT_REC_TJ	344	SLC38A9
HNF4A_REGULON_DISJOINT_REC_TJ	345	SLC39A11
HNF4A_REGULON_DISJOINT_REC_TJ	346	SLC45A4
HNF4A_REGULON_DISJOINT_REC_TJ	347	SLC9A8
HNF4A_REGULON_DISJOINT_REC_TJ	348	SLCO4A1
HNF4A_REGULON_DISJOINT_REC_TJ	349	SLPI
HNF4A_REGULON_DISJOINT_REC_TJ	350	SMYD3
HNF4A_REGULON_DISJOINT_REC_TJ	351	SOGA1
HNF4A_REGULON_DISJOINT_REC_TJ	352	SORBS1
HNF4A_REGULON_DISJOINT_REC_TJ	353	SPIDR
HNF4A_REGULON_DISJOINT_REC_TJ	354	SPIRE2
HNF4A_REGULON_DISJOINT_REC_TJ	355	SPRED2
HNF4A_REGULON_DISJOINT_REC_TJ	356	SPSB1
HNF4A_REGULON_DISJOINT_REC_TJ	357	SRRM2
HNF4A_REGULON_DISJOINT_REC_TJ	358	SRSF6
HNF4A_REGULON_DISJOINT_REC_TJ	359	SS18L1
HNF4A_REGULON_DISJOINT_REC_TJ	360	SSBP3
HNF4A_REGULON_DISJOINT_REC_TJ	361	ST6GALNAC3
HNF4A_REGULON_DISJOINT_REC_TJ	362	STARD13
HNF4A_REGULON_DISJOINT_REC_TJ	363	STAT5B
HNF4A_REGULON_DISJOINT_REC_TJ	364	STAU1
HNF4A_REGULON_DISJOINT_REC_TJ	365	STAU2
HNF4A_REGULON_DISJOINT_REC_TJ	366	STK24
HNF4A_REGULON_DISJOINT_REC_TJ	367	STK38
HNF4A_REGULON_DISJOINT_REC_TJ	368	STK4
HNF4A_REGULON_DISJOINT_REC_TJ	369	STX16
HNF4A_REGULON_DISJOINT_REC_TJ	370	STYXL1
HNF4A_REGULON_DISJOINT_REC_TJ	371	SUCLA2
HNF4A_REGULON_DISJOINT_REC_TJ	372	SUGCT
HNF4A_REGULON_DISJOINT_REC_TJ	373	SUGT1
HNF4A_REGULON_DISJOINT_REC_TJ	374	SULF2
HNF4A_REGULON_DISJOINT_REC_TJ	375	SULT1C2
HNF4A_REGULON_DISJOINT_REC_TJ	376	SYCP2
HNF4A_REGULON_DISJOINT_REC_TJ	377	SYN3
HNF4A_REGULON_DISJOINT_REC_TJ	378	SYNJ2
HNF4A_REGULON_DISJOINT_REC_TJ	379	SYT7
HNF4A_REGULON_DISJOINT_REC_TJ	380	TAF4
HNF4A_REGULON_DISJOINT_REC_TJ	381	TARBP1
HNF4A_REGULON_DISJOINT_REC_TJ	382	TCFL5
HNF4A_REGULON_DISJOINT_REC_TJ	383	TDRD3
HNF4A_REGULON_DISJOINT_REC_TJ	384	TEFM
HNF4A_REGULON_DISJOINT_REC_TJ	385	TGIF2
HNF4A_REGULON_DISJOINT_REC_TJ	386	THADA
HNF4A_REGULON_DISJOINT_REC_TJ	387	TLCD1
HNF4A_REGULON_DISJOINT_REC_TJ	388	TLDC2
HNF4A_REGULON_DISJOINT_REC_TJ	389	TLN2
HNF4A_REGULON_DISJOINT_REC_TJ	390	TM9SF2
HNF4A_REGULON_DISJOINT_REC_TJ	391	TM9SF4
HNF4A_REGULON_DISJOINT_REC_TJ	392	TMC7
HNF4A_REGULON_DISJOINT_REC_TJ	393	TMEM236
HNF4A_REGULON_DISJOINT_REC_TJ	394	TMEM255B
HNF4A_REGULON_DISJOINT_REC_TJ	395	TMEM45B
HNF4A_REGULON_DISJOINT_REC_TJ	396	TMEM63A
HNF4A_REGULON_DISJOINT_REC_TJ	397	TMPRSS4
HNF4A_REGULON_DISJOINT_REC_TJ	398	TNRC6A
HNF4A_REGULON_DISJOINT_REC_TJ	399	TNS3
HNF4A_REGULON_DISJOINT_REC_TJ	400	TOP1
HNF4A_REGULON_DISJOINT_REC_TJ	401	TOP1MT
HNF4A_REGULON_DISJOINT_REC_TJ	402	TPD52L2
HNF4A_REGULON_DISJOINT_REC_TJ	403	TRAPPC9
HNF4A_REGULON_DISJOINT_REC_TJ	404	TRPC4AP
HNF4A_REGULON_DISJOINT_REC_TJ	405	TSGA10
HNF4A_REGULON_DISJOINT_REC_TJ	406	TSNARE1
HNF4A_REGULON_DISJOINT_REC_TJ	407	TSPAN12
HNF4A_REGULON_DISJOINT_REC_TJ	408	TTC27
HNF4A_REGULON_DISJOINT_REC_TJ	409	TTI1
HNF4A_REGULON_DISJOINT_REC_TJ	410	TUFT1
HNF4A_REGULON_DISJOINT_REC_TJ	411	UBAC2
HNF4A_REGULON_DISJOINT_REC_TJ	412	UBE2V1
HNF4A_REGULON_DISJOINT_REC_TJ	413	UBE2V2
HNF4A_REGULON_DISJOINT_REC_TJ	414	UBE2W
HNF4A_REGULON_DISJOINT_REC_TJ	415	UBL3
HNF4A_REGULON_DISJOINT_REC_TJ	416	UBR5
HNF4A_REGULON_DISJOINT_REC_TJ	417	UPF3A
HNF4A_REGULON_DISJOINT_REC_TJ	418	UQCC1
HNF4A_REGULON_DISJOINT_REC_TJ	419	URGCP
HNF4A_REGULON_DISJOINT_REC_TJ	420	USP12
HNF4A_REGULON_DISJOINT_REC_TJ	421	USP7
HNF4A_REGULON_DISJOINT_REC_TJ	422	USPL1
HNF4A_REGULON_DISJOINT_REC_TJ	423	VAPB
HNF4A_REGULON_DISJOINT_REC_TJ	424	VDR
HNF4A_REGULON_DISJOINT_REC_TJ	425	VOPP1
HNF4A_REGULON_DISJOINT_REC_TJ	426	VPS13B
HNF4A_REGULON_DISJOINT_REC_TJ	427	VPS36
HNF4A_REGULON_DISJOINT_REC_TJ	428	VWA8
HNF4A_REGULON_DISJOINT_REC_TJ	429	WASF2
HNF4A_REGULON_DISJOINT_REC_TJ	430	WDR35
HNF4A_REGULON_DISJOINT_REC_TJ	431	WDR70
HNF4A_REGULON_DISJOINT_REC_TJ	432	WIPF1
HNF4A_REGULON_DISJOINT_REC_TJ	433	WNK2
HNF4A_REGULON_DISJOINT_REC_TJ	434	WWOX
HNF4A_REGULON_DISJOINT_REC_TJ	435	YAE1
HNF4A_REGULON_DISJOINT_REC_TJ	436	YTHDF3
HNF4A_REGULON_DISJOINT_REC_TJ	437	ZBTB10
HNF4A_REGULON_DISJOINT_REC_TJ	438	ZBTB38
HNF4A_REGULON_DISJOINT_REC_TJ	439	ZC3H13
HNF4A_REGULON_DISJOINT_REC_TJ	440	ZC3H3
HNF4A_REGULON_DISJOINT_REC_TJ	441	ZCCHC24
HNF4A_REGULON_DISJOINT_REC_TJ	442	ZFP36L2
HNF4A_REGULON_DISJOINT_REC_TJ	443	ZFP64
HNF4A_REGULON_DISJOINT_REC_TJ	444	ZHX3
HNF4A_REGULON_DISJOINT_REC_TJ	445	ZNF251
HNF4A_REGULON_DISJOINT_REC_TJ	446	ZNF335
HNF4A_REGULON_DISJOINT_REC_TJ	447	ZNF704
HNF4A_REGULON_DISJOINT_REC_TJ	448	ZSWIM3
CDX2_REGULON_DISJOINT_REC_TJ	1	ACOT13
CDX2_REGULON_DISJOINT_REC_TJ	2	ACOT8
CDX2_REGULON_DISJOINT_REC_TJ	3	ACSS2
CDX2_REGULON_DISJOINT_REC_TJ	4	ADD3
CDX2_REGULON_DISJOINT_REC_TJ	5	ADH1C
CDX2_REGULON_DISJOINT_REC_TJ	6	ADRA2A
CDX2_REGULON_DISJOINT_REC_TJ	7	AIP
CDX2_REGULON_DISJOINT_REC_TJ	8	AJM1
CDX2_REGULON_DISJOINT_REC_TJ	9	ALDH2
CDX2_REGULON_DISJOINT_REC_TJ	10	AMACR
CDX2_REGULON_DISJOINT_REC_TJ	11	AOC1
CDX2_REGULON_DISJOINT_REC_TJ	12	ASCL2
CDX2_REGULON_DISJOINT_REC_TJ	13	ATP5PO
CDX2_REGULON_DISJOINT_REC_TJ	14	BANF1
CDX2_REGULON_DISJOINT_REC_TJ	15	BLCAP
CDX2_REGULON_DISJOINT_REC_TJ	16	BRI3
CDX2_REGULON_DISJOINT_REC_TJ	17	C10ORF99
CDX2_REGULON_DISJOINT_REC_TJ	18	C15ORF48
CDX2_REGULON_DISJOINT_REC_TJ	19	CAPZA2
CDX2_REGULON_DISJOINT_REC_TJ	20	CCDC71L
CDX2_REGULON_DISJOINT_REC_TJ	21	CD9
CDX2_REGULON_DISJOINT_REC_TJ	22	CDH17
CDX2_REGULON_DISJOINT_REC_TJ	23	CDX2
CDX2_REGULON_DISJOINT_REC_TJ	24	CES2
CDX2_REGULON_DISJOINT_REC_TJ	25	CFL1
CDX2_REGULON_DISJOINT_REC_TJ	26	CIAO2B
CDX2_REGULON_DISJOINT_REC_TJ	27	CLN3
CDX2_REGULON_DISJOINT_REC_TJ	28	CLNS1A
CDX2_REGULON_DISJOINT_REC_TJ	29	CLYBL
CDX2_REGULON_DISJOINT_REC_TJ	30	CMAS
CDX2_REGULON_DISJOINT_REC_TJ	31	CNBD2
CDX2_REGULON_DISJOINT_REC_TJ	32	CNKSR3
CDX2_REGULON_DISJOINT_REC_TJ	33	COA3
CDX2_REGULON_DISJOINT_REC_TJ	34	COQ8A
CDX2_REGULON_DISJOINT_REC_TJ	35	COX5A
CDX2_REGULON_DISJOINT_REC_TJ	36	COX5B
CDX2_REGULON_DISJOINT_REC_TJ	37	CPNE1
CDX2_REGULON_DISJOINT_REC_TJ	38	CPPED1
CDX2_REGULON_DISJOINT_REC_TJ	39	CSNK2B
CDX2_REGULON_DISJOINT_REC_TJ	40	CTSA
CDX2_REGULON_DISJOINT_REC_TJ	41	CYHR1
CDX2_REGULON_DISJOINT_REC_TJ	42	CYP2S1
CDX2_REGULON_DISJOINT_REC_TJ	43	CYREN
CDX2_REGULON_DISJOINT_REC_TJ	44	DBNDD2
CDX2_REGULON_DISJOINT_REC_TJ	45	DHX35
CDX2_REGULON_DISJOINT_REC_TJ	46	DMAC1
CDX2_REGULON_DISJOINT_REC_TJ	47	DNPH1
CDX2_REGULON_DISJOINT_REC_TJ	48	DNTTIP1
CDX2_REGULON_DISJOINT_REC_TJ	49	DPM1
CDX2_REGULON_DISJOINT_REC_TJ	50	DYNLRB1
CDX2_REGULON_DISJOINT_REC_TJ	51	EFNA1
CDX2_REGULON_DISJOINT_REC_TJ	52	EFNA3
CDX2_REGULON_DISJOINT_REC_TJ	53	EIF6
CDX2_REGULON_DISJOINT_REC_TJ	54	ELF3
CDX2_REGULON_DISJOINT_REC_TJ	55	ELOB
CDX2_REGULON_DISJOINT_REC_TJ	56	ENPP1
CDX2_REGULON_DISJOINT_REC_TJ	57	ENTPD6
CDX2_REGULON_DISJOINT_REC_TJ	58	EPB41L4B
CDX2_REGULON_DISJOINT_REC_TJ	59	EPCAM
CDX2_REGULON_DISJOINT_REC_TJ	60	ERBB2
CDX2_REGULON_DISJOINT_REC_TJ	61	ERGIC3
CDX2_REGULON_DISJOINT_REC_TJ	62	ERLIN2
CDX2_REGULON_DISJOINT_REC_TJ	63	ESPN
CDX2_REGULON_DISJOINT_REC_TJ	64	EXOSC5
CDX2_REGULON_DISJOINT_REC_TJ	65	FABP1
CDX2_REGULON_DISJOINT_REC_TJ	66	FAM110C
CDX2_REGULON_DISJOINT_REC_TJ	67	FAM3D
CDX2_REGULON_DISJOINT_REC_TJ	68	FUCA2
CDX2_REGULON_DISJOINT_REC_TJ	69	GGT6
CDX2_REGULON_DISJOINT_REC_TJ	70	GIPC2
CDX2_REGULON_DISJOINT_REC_TJ	71	GLB1
CDX2_REGULON_DISJOINT_REC_TJ	72	GLCE
CDX2_REGULON_DISJOINT_REC_TJ	73	GNB2
CDX2_REGULON_DISJOINT_REC_TJ	74	GPR160
CDX2_REGULON_DISJOINT_REC_TJ	75	GSS
CDX2_REGULON_DISJOINT_REC_TJ	76	GSTK1
CDX2_REGULON_DISJOINT_REC_TJ	77	GTF3A
CDX2_REGULON_DISJOINT_REC_TJ	78	H3F3A
CDX2_REGULON_DISJOINT_REC_TJ	79	HDHD3
CDX2_REGULON_DISJOINT_REC_TJ	80	HILPDA
CDX2_REGULON_DISJOINT_REC_TJ	81	HINT3
CDX2_REGULON_DISJOINT_REC_TJ	82	HMGCS2
CDX2_REGULON_DISJOINT_REC_TJ	83	HNMT
CDX2_REGULON_DISJOINT_REC_TJ	84	HOXA10
CDX2_REGULON_DISJOINT_REC_TJ	85	HPGD
CDX2_REGULON_DISJOINT_REC_TJ	86	HSPA1B
CDX2_REGULON_DISJOINT_REC_TJ	87	HSPB1
CDX2_REGULON_DISJOINT_REC_TJ	88	HSPH1
CDX2_REGULON_DISJOINT_REC_TJ	89	IARS2
CDX2_REGULON_DISJOINT_REC_TJ	90	IGSF8
CDX2_REGULON_DISJOINT_REC_TJ	91	IRF2BP2
CDX2_REGULON_DISJOINT_REC_TJ	92	IRF8
CDX2_REGULON_DISJOINT_REC_TJ	93	ITGA9
CDX2_REGULON_DISJOINT_REC_TJ	94	ITM2C
CDX2_REGULON_DISJOINT_REC_TJ	95	KAT14
CDX2_REGULON_DISJOINT_REC_TJ	96	KAZN
CDX2_REGULON_DISJOINT_REC_TJ	97	KLC4
CDX2_REGULON_DISJOINT_REC_TJ	98	KLF5
CDX2_REGULON_DISJOINT_REC_TJ	99	KNOP1
CDX2_REGULON_DISJOINT_REC_TJ	100	KRT10
CDX2_REGULON_DISJOINT_REC_TJ	101	LAMP1
CDX2_REGULON_DISJOINT_REC_TJ	102	LAMTOR4
CDX2_REGULON_DISJOINT_REC_TJ	103	LAPTM4A
CDX2_REGULON_DISJOINT_REC_TJ	104	LDLRAD4
CDX2_REGULON_DISJOINT_REC_TJ	105	LNX2
CDX2_REGULON_DISJOINT_REC_TJ	106	LRATD1
CDX2_REGULON_DISJOINT_REC_TJ	107	LRP11
CDX2_REGULON_DISJOINT_REC_TJ	108	LSM6
CDX2_REGULON_DISJOINT_REC_TJ	109	LY6G6D
CDX2_REGULON_DISJOINT_REC_TJ	110	MAOA
CDX2_REGULON_DISJOINT_REC_TJ	111	MAP1LC3B
CDX2_REGULON_DISJOINT_REC_TJ	112	MARVELD2
CDX2_REGULON_DISJOINT_REC_TJ	113	MATN2
CDX2_REGULON_DISJOINT_REC_TJ	114	MAVS
CDX2_REGULON_DISJOINT_REC_TJ	115	MCOLN2
CDX2_REGULON_DISJOINT_REC_TJ	116	MCRIP2
CDX2_REGULON_DISJOINT_REC_TJ	117	METTL26
CDX2_REGULON_DISJOINT_REC_TJ	118	MMP24OS
CDX2_REGULON_DISJOINT_REC_TJ	119	MOGAT3
CDX2_REGULON_DISJOINT_REC_TJ	120	MPHOSPH8
CDX2_REGULON_DISJOINT_REC_TJ	121	MRPL57
CDX2_REGULON_DISJOINT_REC_TJ	122	MTIF3
CDX2_REGULON_DISJOINT_REC_TJ	123	MVP
CDX2_REGULON_DISJOINT_REC_TJ	124	MXI1
CDX2_REGULON_DISJOINT_REC_TJ	125	MYB
CDX2_REGULON_DISJOINT_REC_TJ	126	MYLIP
CDX2_REGULON_DISJOINT_REC_TJ	127	NAA20
CDX2_REGULON_DISJOINT_REC_TJ	128	NBR1
CDX2_REGULON_DISJOINT_REC_TJ	129	NDUFAB1
CDX2_REGULON_DISJOINT_REC_TJ	130	NDUFC2
CDX2_REGULON_DISJOINT_REC_TJ	131	NEU1
CDX2_REGULON_DISJOINT_REC_TJ	132	NUDT4
CDX2_REGULON_DISJOINT_REC_TJ	133	OGFR
CDX2_REGULON_DISJOINT_REC_TJ	134	OSER1
CDX2_REGULON_DISJOINT_REC_TJ	135	PAQR5
CDX2_REGULON_DISJOINT_REC_TJ	136	PCK1
CDX2_REGULON_DISJOINT_REC_TJ	137	PDIA6
CDX2_REGULON_DISJOINT_REC_TJ	138	PDZK1IP1
CDX2_REGULON_DISJOINT_REC_TJ	139	PFDN4
CDX2_REGULON_DISJOINT_REC_TJ	140	PHACTR2
CDX2_REGULON_DISJOINT_REC_TJ	141	PHYKPL
CDX2_REGULON_DISJOINT_REC_TJ	142	PIGT
CDX2_REGULON_DISJOINT_REC_TJ	143	PLAGL2
CDX2_REGULON_DISJOINT_REC_TJ	144	PLCL1
CDX2_REGULON_DISJOINT_REC_TJ	145	PLEKHF2
CDX2_REGULON_DISJOINT_REC_TJ	146	PPDPF
CDX2_REGULON_DISJOINT_REC_TJ	147	PRDX5
CDX2_REGULON_DISJOINT_REC_TJ	148	PROSER1
CDX2_REGULON_DISJOINT_REC_TJ	149	PRR15
CDX2_REGULON_DISJOINT_REC_TJ	150	PRR15L
CDX2_REGULON_DISJOINT_REC_TJ	151	PRSS8
CDX2_REGULON_DISJOINT_REC_TJ	152	PSMA5
CDX2_REGULON_DISJOINT_REC_TJ	153	PSMG4
CDX2_REGULON_DISJOINT_REC_TJ	154	PTCD1
CDX2_REGULON_DISJOINT_REC_TJ	155	PYCARD
CDX2_REGULON_DISJOINT_REC_TJ	156	R3HDML
CDX2_REGULON_DISJOINT_REC_TJ	157	RAB5IF
CDX2_REGULON_DISJOINT_REC_TJ	158	RASL11A
CDX2_REGULON_DISJOINT_REC_TJ	159	REEP1
CDX2_REGULON_DISJOINT_REC_TJ	160	REXO2
CDX2_REGULON_DISJOINT_REC_TJ	161	RIN2
CDX2_REGULON_DISJOINT_REC_TJ	162	RNLS
CDX2_REGULON_DISJOINT_REC_TJ	163	RRBP1
CDX2_REGULON_DISJOINT_REC_TJ	164	RTF2
CDX2_REGULON_DISJOINT_REC_TJ	165	SAP18
CDX2_REGULON_DISJOINT_REC_TJ	166	SATB2
CDX2_REGULON_DISJOINT_REC_TJ	167	SCAND1
CDX2_REGULON_DISJOINT_REC_TJ	168	SDC4
CDX2_REGULON_DISJOINT_REC_TJ	169	SDHD
CDX2_REGULON_DISJOINT_REC_TJ	170	SELENBP1
CDX2_REGULON_DISJOINT_REC_TJ	171	SEM1
CDX2_REGULON_DISJOINT_REC_TJ	172	SERINC3
CDX2_REGULON_DISJOINT_REC_TJ	173	SERP1
CDX2_REGULON_DISJOINT_REC_TJ	174	SESN3
CDX2_REGULON_DISJOINT_REC_TJ	175	SHISA9
CDX2_REGULON_DISJOINT_REC_TJ	176	SLC26A2
CDX2_REGULON_DISJOINT_REC_TJ	177	SLC26A3
CDX2_REGULON_DISJOINT_REC_TJ	178	SLC39A4
CDX2_REGULON_DISJOINT_REC_TJ	179	SLC39A5
CDX2_REGULON_DISJOINT_REC_TJ	180	SLC3A1
CDX2_REGULON_DISJOINT_REC_TJ	181	SLC44A1
CDX2_REGULON_DISJOINT_REC_TJ	182	SLPI
CDX2_REGULON_DISJOINT_REC_TJ	183	SORL1
CDX2_REGULON_DISJOINT_REC_TJ	184	SORT1
CDX2_REGULON_DISJOINT_REC_TJ	185	SPRYD7
CDX2_REGULON_DISJOINT_REC_TJ	186	SRI
CDX2_REGULON_DISJOINT_REC_TJ	187	SUCLG1
CDX2_REGULON_DISJOINT_REC_TJ	188	TDGF1
CDX2_REGULON_DISJOINT_REC_TJ	189	TDP2
CDX2_REGULON_DISJOINT_REC_TJ	190	TFF3
CDX2_REGULON_DISJOINT_REC_TJ	191	THBS1
CDX2_REGULON_DISJOINT_REC_TJ	192	TLCD4
CDX2_REGULON_DISJOINT_REC_TJ	193	TM9SF2
CDX2_REGULON_DISJOINT_REC_TJ	194	TMEM106C
CDX2_REGULON_DISJOINT_REC_TJ	195	TMEM126A
CDX2_REGULON_DISJOINT_REC_TJ	196	TMEM176A
CDX2_REGULON_DISJOINT_REC_TJ	197	TMEM238L
CDX2_REGULON_DISJOINT_REC_TJ	198	TMEM60
CDX2_REGULON_DISJOINT_REC_TJ	199	TMEM97
CDX2_REGULON_DISJOINT_REC_TJ	200	TMEM98
CDX2_REGULON_DISJOINT_REC_TJ	201	TNFSF10
CDX2_REGULON_DISJOINT_REC_TJ	202	TOB1
CDX2_REGULON_DISJOINT_REC_TJ	203	TRIM56
CDX2_REGULON_DISJOINT_REC_TJ	204	TRMT112
CDX2_REGULON_DISJOINT_REC_TJ	205	TRPM6
CDX2_REGULON_DISJOINT_REC_TJ	206	TSPAN12
CDX2_REGULON_DISJOINT_REC_TJ	207	TSPAN6
CDX2_REGULON_DISJOINT_REC_TJ	208	USP12
CDX2_REGULON_DISJOINT_REC_TJ	209	VAPB
CDX2_REGULON_DISJOINT_REC_TJ	210	VAV3
CDX2_REGULON_DISJOINT_REC_TJ	211	YAE1
CDX2_REGULON_DISJOINT_REC_TJ	212	YPEL3
CDX2_REGULON_DISJOINT_REC_TJ	213	ZFP36L2
CDX2_REGULON_DISJOINT_REC_TJ	214	ZNF217
CDX2_REGULON_DISJOINT_REC_TJ	215	ZNF704
ASCL2_REGULON_DISJOINT_REC_TJ	1	ABAT
ASCL2_REGULON_DISJOINT_REC_TJ	2	ABHD14B
ASCL2_REGULON_DISJOINT_REC_TJ	3	ABHD16A
ASCL2_REGULON_DISJOINT_REC_TJ	4	ACOT8
ASCL2_REGULON_DISJOINT_REC_TJ	5	ACSS1
ASCL2_REGULON_DISJOINT_REC_TJ	6	ADAT2
ASCL2_REGULON_DISJOINT_REC_TJ	7	ADGRG1
ASCL2_REGULON_DISJOINT_REC_TJ	8	ADH1C
ASCL2_REGULON_DISJOINT_REC_TJ	9	ADH5
ASCL2_REGULON_DISJOINT_REC_TJ	10	AKAP1
ASCL2_REGULON_DISJOINT_REC_TJ	11	ALDH3A2
ASCL2_REGULON_DISJOINT_REC_TJ	12	ALDH5A1
ASCL2_REGULON_DISJOINT_REC_TJ	13	ALG1
ASCL2_REGULON_DISJOINT_REC_TJ	14	ALG5
ASCL2_REGULON_DISJOINT_REC_TJ	15	AMACR
ASCL2_REGULON_DISJOINT_REC_TJ	16	APMAP
ASCL2_REGULON_DISJOINT_REC_TJ	17	AQP1
ASCL2_REGULON_DISJOINT_REC_TJ	18	ARL11
ASCL2_REGULON_DISJOINT_REC_TJ	19	ARL6IP4
ASCL2_REGULON_DISJOINT_REC_TJ	20	ASCL2
ASCL2_REGULON_DISJOINT_REC_TJ	21	ATG3
ASCL2_REGULON_DISJOINT_REC_TJ	22	ATP5IF1
ASCL2_REGULON_DISJOINT_REC_TJ	23	ATP5MG
ASCL2_REGULON_DISJOINT_REC_TJ	24	ATP5PB
ASCL2_REGULON_DISJOINT_REC_TJ	25	ATP5PD
ASCL2_REGULON_DISJOINT_REC_TJ	26	ATP6AP2
ASCL2_REGULON_DISJOINT_REC_TJ	27	BANF1
ASCL2_REGULON_DISJOINT_REC_TJ	28	BCL11A
ASCL2_REGULON_DISJOINT_REC_TJ	29	BCL2L12
ASCL2_REGULON_DISJOINT_REC_TJ	30	BRD7
ASCL2_REGULON_DISJOINT_REC_TJ	31	BRI3
ASCL2_REGULON_DISJOINT_REC_TJ	32	BTG2
ASCL2_REGULON_DISJOINT_REC_TJ	33	C12ORF45
ASCL2_REGULON_DISJOINT_REC_TJ	34	C12ORF66
ASCL2_REGULON_DISJOINT_REC_TJ	35	C1ORF131
ASCL2_REGULON_DISJOINT_REC_TJ	36	C2CD2
ASCL2_REGULON_DISJOINT_REC_TJ	37	C2ORF69
ASCL2_REGULON_DISJOINT_REC_TJ	38	C9ORF152
ASCL2_REGULON_DISJOINT_REC_TJ	39	CAB39L
ASCL2_REGULON_DISJOINT_REC_TJ	40	CACYBP
ASCL2_REGULON_DISJOINT_REC_TJ	41	CALR
ASCL2_REGULON_DISJOINT_REC_TJ	42	CANX
ASCL2_REGULON_DISJOINT_REC_TJ	43	CBX1
ASCL2_REGULON_DISJOINT_REC_TJ	44	CCDC112
ASCL2_REGULON_DISJOINT_REC_TJ	45	CCDC34
ASCL2_REGULON_DISJOINT_REC_TJ	46	CCDC71L
ASCL2_REGULON_DISJOINT_REC_TJ	47	CCDC85B
ASCL2_REGULON_DISJOINT_REC_TJ	48	CCT6A
ASCL2_REGULON_DISJOINT_REC_TJ	49	CCT7
ASCL2_REGULON_DISJOINT_REC_TJ	50	CD320
ASCL2_REGULON_DISJOINT_REC_TJ	51	CD38
ASCL2_REGULON_DISJOINT_REC_TJ	52	CD46
ASCL2_REGULON_DISJOINT_REC_TJ	53	CD81
ASCL2_REGULON_DISJOINT_REC_TJ	54	CD9
ASCL2_REGULON_DISJOINT_REC_TJ	55	CDCA7
ASCL2_REGULON_DISJOINT_REC_TJ	56	CDK4
ASCL2_REGULON_DISJOINT_REC_TJ	57	CDKN1B
ASCL2_REGULON_DISJOINT_REC_TJ	58	CEL
ASCL2_REGULON_DISJOINT_REC_TJ	59	CEP68
ASCL2_REGULON_DISJOINT_REC_TJ	60	CFDP1
ASCL2_REGULON_DISJOINT_REC_TJ	61	CFTR
ASCL2_REGULON_DISJOINT_REC_TJ	62	CHCHD2
ASCL2_REGULON_DISJOINT_REC_TJ	63	CISD3
ASCL2_REGULON_DISJOINT_REC_TJ	64	CLNS1A
ASCL2_REGULON_DISJOINT_REC_TJ	65	CMTR2
ASCL2_REGULON_DISJOINT_REC_TJ	66	CNBD2
ASCL2_REGULON_DISJOINT_REC_TJ	67	COA3
ASCL2_REGULON_DISJOINT_REC_TJ	68	COA5
ASCL2_REGULON_DISJOINT_REC_TJ	69	COASY
ASCL2_REGULON_DISJOINT_REC_TJ	70	COG2
ASCL2_REGULON_DISJOINT_REC_TJ	71	COIL
ASCL2_REGULON_DISJOINT_REC_TJ	72	COL9A3
ASCL2_REGULON_DISJOINT_REC_TJ	73	COQ8A
ASCL2_REGULON_DISJOINT_REC_TJ	74	CORO1B
ASCL2_REGULON_DISJOINT_REC_TJ	75	COX4I1
ASCL2_REGULON_DISJOINT_REC_TJ	76	COX5B
ASCL2_REGULON_DISJOINT_REC_TJ	77	CREBZF
ASCL2_REGULON_DISJOINT_REC_TJ	78	CSNK2B
ASCL2_REGULON_DISJOINT_REC_TJ	79	CTSA
ASCL2_REGULON_DISJOINT_REC_TJ	80	CTTNBP2
ASCL2_REGULON_DISJOINT_REC_TJ	81	CYB561
ASCL2_REGULON_DISJOINT_REC_TJ	82	CYB5B
ASCL2_REGULON_DISJOINT_REC_TJ	83	CYHR1
ASCL2_REGULON_DISJOINT_REC_TJ	84	DBT
ASCL2_REGULON_DISJOINT_REC_TJ	85	DDX27
ASCL2_REGULON_DISJOINT_REC_TJ	86	DDX52
ASCL2_REGULON_DISJOINT_REC_TJ	87	DLEU7
ASCL2_REGULON_DISJOINT_REC_TJ	88	DNAJC15
ASCL2_REGULON_DISJOINT_REC_TJ	89	DNAJC7
ASCL2_REGULON_DISJOINT_REC_TJ	90	DNPH1
ASCL2_REGULON_DISJOINT_REC_TJ	91	DNTTIP1
ASCL2_REGULON_DISJOINT_REC_TJ	92	DSTN
ASCL2_REGULON_DISJOINT_REC_TJ	93	DUSP23
ASCL2_REGULON_DISJOINT_REC_TJ	94	DYNLL2
ASCL2_REGULON_DISJOINT_REC_TJ	95	DYNLRB1
ASCL2_REGULON_DISJOINT_REC_TJ	96	EBPL
ASCL2_REGULON_DISJOINT_REC_TJ	97	EEF1AKMT1
ASCL2_REGULON_DISJOINT_REC_TJ	98	EEF1G
ASCL2_REGULON_DISJOINT_REC_TJ	99	EFNA3
ASCL2_REGULON_DISJOINT_REC_TJ	100	EFNA4
ASCL2_REGULON_DISJOINT_REC_TJ	101	EFTUD2
ASCL2_REGULON_DISJOINT_REC_TJ	102	EIF6
ASCL2_REGULON_DISJOINT_REC_TJ	103	ELOB
ASCL2_REGULON_DISJOINT_REC_TJ	104	ENTPD6
ASCL2_REGULON_DISJOINT_REC_TJ	105	ERLIN2
ASCL2_REGULON_DISJOINT_REC_TJ	106	ESD
ASCL2_REGULON_DISJOINT_REC_TJ	107	ETS2
ASCL2_REGULON_DISJOINT_REC_TJ	108	EZH1
ASCL2_REGULON_DISJOINT_REC_TJ	109	FAM217B
ASCL2_REGULON_DISJOINT_REC_TJ	110	FAU
ASCL2_REGULON_DISJOINT_REC_TJ	111	FBXL6
ASCL2_REGULON_DISJOINT_REC_TJ	112	FCGRT
ASCL2_REGULON_DISJOINT_REC_TJ	113	FGGY
ASCL2_REGULON_DISJOINT_REC_TJ	114	FITM2
ASCL2_REGULON_DISJOINT_REC_TJ	115	FOXO3
ASCL2_REGULON_DISJOINT_REC_TJ	116	FTH1
ASCL2_REGULON_DISJOINT_REC_TJ	117	FTL
ASCL2_REGULON_DISJOINT_REC_TJ	118	FUCA2
ASCL2_REGULON_DISJOINT_REC_TJ	119	GAA
ASCL2_REGULON_DISJOINT_REC_TJ	120	GDAP1L1
ASCL2_REGULON_DISJOINT_REC_TJ	121	GDPD5
ASCL2_REGULON_DISJOINT_REC_TJ	122	GHDC
ASCL2_REGULON_DISJOINT_REC_TJ	123	GNB2
ASCL2_REGULON_DISJOINT_REC_TJ	124	GPX2
ASCL2_REGULON_DISJOINT_REC_TJ	125	GRINA
ASCL2_REGULON_DISJOINT_REC_TJ	126	GRPR
ASCL2_REGULON_DISJOINT_REC_TJ	127	GSTK1
ASCL2_REGULON_DISJOINT_REC_TJ	128	GTF3A
ASCL2_REGULON_DISJOINT_REC_TJ	129	GVQW3
ASCL2_REGULON_DISJOINT_REC_TJ	130	H3F3A
ASCL2_REGULON_DISJOINT_REC_TJ	131	HAAO
ASCL2_REGULON_DISJOINT_REC_TJ	132	HAGH
ASCL2_REGULON_DISJOINT_REC_TJ	133	HIST1H2AC
ASCL2_REGULON_DISJOINT_REC_TJ	134	HMGB1
ASCL2_REGULON_DISJOINT_REC_TJ	135	HNF1B
ASCL2_REGULON_DISJOINT_REC_TJ	136	HSPB1
ASCL2_REGULON_DISJOINT_REC_TJ	137	HYAL2
ASCL2_REGULON_DISJOINT_REC_TJ	138	ID3
ASCL2_REGULON_DISJOINT_REC_TJ	139	IFITM3
ASCL2_REGULON_DISJOINT_REC_TJ	140	ILF2
ASCL2_REGULON_DISJOINT_REC_TJ	141	IPO8
ASCL2_REGULON_DISJOINT_REC_TJ	142	IRF2BP2
ASCL2_REGULON_DISJOINT_REC_TJ	143	ITGA9
ASCL2_REGULON_DISJOINT_REC_TJ	144	KANTR
ASCL2_REGULON_DISJOINT_REC_TJ	145	KAT2A
ASCL2_REGULON_DISJOINT_REC_TJ	146	KBTBD7
ASCL2_REGULON_DISJOINT_REC_TJ	147	KCNE3
ASCL2_REGULON_DISJOINT_REC_TJ	148	KLC4
ASCL2_REGULON_DISJOINT_REC_TJ	149	KLHDC3
ASCL2_REGULON_DISJOINT_REC_TJ	150	LAMTOR4
ASCL2_REGULON_DISJOINT_REC_TJ	151	LAPTM4A
ASCL2_REGULON_DISJOINT_REC_TJ	152	LEFTY1
ASCL2_REGULON_DISJOINT_REC_TJ	153	LFNG
ASCL2_REGULON_DISJOINT_REC_TJ	154	LGR5
ASCL2_REGULON_DISJOINT_REC_TJ	155	LRP11
ASCL2_REGULON_DISJOINT_REC_TJ	156	LRRC2
ASCL2_REGULON_DISJOINT_REC_TJ	157	LSM2
ASCL2_REGULON_DISJOINT_REC_TJ	158	LSM7
ASCL2_REGULON_DISJOINT_REC_TJ	159	LSM8
ASCL2_REGULON_DISJOINT_REC_TJ	160	LY6G6D
ASCL2_REGULON_DISJOINT_REC_TJ	161	LYRM4
ASCL2_REGULON_DISJOINT_REC_TJ	162	MACROD1
ASCL2_REGULON_DISJOINT_REC_TJ	163	MAGEB17
ASCL2_REGULON_DISJOINT_REC_TJ	164	MANBAL
ASCL2_REGULON_DISJOINT_REC_TJ	165	MBTPS1
ASCL2_REGULON_DISJOINT_REC_TJ	166	METAP2
ASCL2_REGULON_DISJOINT_REC_TJ	167	METRN
ASCL2_REGULON_DISJOINT_REC_TJ	168	METTL23
ASCL2_REGULON_DISJOINT_REC_TJ	169	METTL26
ASCL2_REGULON_DISJOINT_REC_TJ	170	METTL27
ASCL2_REGULON_DISJOINT_REC_TJ	171	MMP24
ASCL2_REGULON_DISJOINT_REC_TJ	172	MMP24OS
ASCL2_REGULON_DISJOINT_REC_TJ	173	MPC2
ASCL2_REGULON_DISJOINT_REC_TJ	174	MRGBP
ASCL2_REGULON_DISJOINT_REC_TJ	175	MRPL10
ASCL2_REGULON_DISJOINT_REC_TJ	176	MRPL16
ASCL2_REGULON_DISJOINT_REC_TJ	177	MRPL33
ASCL2_REGULON_DISJOINT_REC_TJ	178	MRPL36
ASCL2_REGULON_DISJOINT_REC_TJ	179	MRPL45
ASCL2_REGULON_DISJOINT_REC_TJ	180	MRPL48
ASCL2_REGULON_DISJOINT_REC_TJ	181	MRPL57
ASCL2_REGULON_DISJOINT_REC_TJ	182	MRPL58
ASCL2_REGULON_DISJOINT_REC_TJ	183	MRPL9
ASCL2_REGULON_DISJOINT_REC_TJ	184	MRPS14
ASCL2_REGULON_DISJOINT_REC_TJ	185	MRPS17
ASCL2_REGULON_DISJOINT_REC_TJ	186	MRPS18B
ASCL2_REGULON_DISJOINT_REC_TJ	187	MRPS34
ASCL2_REGULON_DISJOINT_REC_TJ	188	MTDH
ASCL2_REGULON_DISJOINT_REC_TJ	189	MTIF3
ASCL2_REGULON_DISJOINT_REC_TJ	190	MYB
ASCL2_REGULON_DISJOINT_REC_TJ	191	MYLIP
ASCL2_REGULON_DISJOINT_REC_TJ	192	MYRIP
ASCL2_REGULON_DISJOINT_REC_TJ	193	NDUFAF8
ASCL2_REGULON_DISJOINT_REC_TJ	194	NDUFB10
ASCL2_REGULON_DISJOINT_REC_TJ	195	NDUFC2
ASCL2_REGULON_DISJOINT_REC_TJ	196	NDUFS6
ASCL2_REGULON_DISJOINT_REC_TJ	197	NDUFV1
ASCL2_REGULON_DISJOINT_REC_TJ	198	NEU1
ASCL2_REGULON_DISJOINT_REC_TJ	199	NFIX
ASCL2_REGULON_DISJOINT_REC_TJ	200	NHLRC3
ASCL2_REGULON_DISJOINT_REC_TJ	201	NIFK
ASCL2_REGULON_DISJOINT_REC_TJ	202	NME1
ASCL2_REGULON_DISJOINT_REC_TJ	203	NME2
ASCL2_REGULON_DISJOINT_REC_TJ	204	NME3
ASCL2_REGULON_DISJOINT_REC_TJ	205	NOSIP
ASCL2_REGULON_DISJOINT_REC_TJ	206	NOTCH1
ASCL2_REGULON_DISJOINT_REC_TJ	207	NTHL1
ASCL2_REGULON_DISJOINT_REC_TJ	208	NUAK2
ASCL2_REGULON_DISJOINT_REC_TJ	209	NUFIP1
ASCL2_REGULON_DISJOINT_REC_TJ	210	OAF
ASCL2_REGULON_DISJOINT_REC_TJ	211	OSER1
ASCL2_REGULON_DISJOINT_REC_TJ	212	PAIP2
ASCL2_REGULON_DISJOINT_REC_TJ	213	PCBD1
ASCL2_REGULON_DISJOINT_REC_TJ	214	PCMTD2
ASCL2_REGULON_DISJOINT_REC_TJ	215	PDK2
ASCL2_REGULON_DISJOINT_REC_TJ	216	PEBP1
ASCL2_REGULON_DISJOINT_REC_TJ	217	PEMT
ASCL2_REGULON_DISJOINT_REC_TJ	218	PERP
ASCL2_REGULON_DISJOINT_REC_TJ	219	PEX7
ASCL2_REGULON_DISJOINT_REC_TJ	220	PIGC
ASCL2_REGULON_DISJOINT_REC_TJ	221	PIGT
ASCL2_REGULON_DISJOINT_REC_TJ	222	PIGU
ASCL2_REGULON_DISJOINT_REC_TJ	223	PKIG
ASCL2_REGULON_DISJOINT_REC_TJ	224	PLCL1
ASCL2_REGULON_DISJOINT_REC_TJ	225	PLPP3
ASCL2_REGULON_DISJOINT_REC_TJ	226	PLTP
ASCL2_REGULON_DISJOINT_REC_TJ	227	PM20D2
ASCL2_REGULON_DISJOINT_REC_TJ	228	PMF1
ASCL2_REGULON_DISJOINT_REC_TJ	229	PMPCB
ASCL2_REGULON_DISJOINT_REC_TJ	230	POLR1D
ASCL2_REGULON_DISJOINT_REC_TJ	231	POLR2L
ASCL2_REGULON_DISJOINT_REC_TJ	232	PPDPF
ASCL2_REGULON_DISJOINT_REC_TJ	233	PPP1CA
ASCL2_REGULON_DISJOINT_REC_TJ	234	PPP1R14B
ASCL2_REGULON_DISJOINT_REC_TJ	235	PPP1R35
ASCL2_REGULON_DISJOINT_REC_TJ	236	PRDX5
ASCL2_REGULON_DISJOINT_REC_TJ	237	PRMT7
ASCL2_REGULON_DISJOINT_REC_TJ	238	PROCR
ASCL2_REGULON_DISJOINT_REC_TJ	239	PROSER1
ASCL2_REGULON_DISJOINT_REC_TJ	240	PROX1
ASCL2_REGULON_DISJOINT_REC_TJ	241	PRPF4B
ASCL2_REGULON_DISJOINT_REC_TJ	242	PRR15
ASCL2_REGULON_DISJOINT_REC_TJ	243	PRR15L
ASCL2_REGULON_DISJOINT_REC_TJ	244	PSMB3
ASCL2_REGULON_DISJOINT_REC_TJ	245	PSMG1
ASCL2_REGULON_DISJOINT_REC_TJ	246	PTP4A3
ASCL2_REGULON_DISJOINT_REC_TJ	247	PWP1
ASCL2_REGULON_DISJOINT_REC_TJ	248	PYCR2
ASCL2_REGULON_DISJOINT_REC_TJ	249	PYGB
ASCL2_REGULON_DISJOINT_REC_TJ	250	QPRT
ASCL2_REGULON_DISJOINT_REC_TJ	251	QTRT1
ASCL2_REGULON_DISJOINT_REC_TJ	252	R3HDML
ASCL2_REGULON_DISJOINT_REC_TJ	253	RBFOX3
ASCL2_REGULON_DISJOINT_REC_TJ	254	RBM38
ASCL2_REGULON_DISJOINT_REC_TJ	255	REEP1
ASCL2_REGULON_DISJOINT_REC_TJ	256	REPIN1
ASCL2_REGULON_DISJOINT_REC_TJ	257	RFXAP
ASCL2_REGULON_DISJOINT_REC_TJ	258	RNASEH2C
ASCL2_REGULON_DISJOINT_REC_TJ	259	RNF32
ASCL2_REGULON_DISJOINT_REC_TJ	260	RNF43
ASCL2_REGULON_DISJOINT_REC_TJ	261	RPIA
ASCL2_REGULON_DISJOINT_REC_TJ	262	RRP36
ASCL2_REGULON_DISJOINT_REC_TJ	263	SAP18
ASCL2_REGULON_DISJOINT_REC_TJ	264	SCAND1
ASCL2_REGULON_DISJOINT_REC_TJ	265	SCPEP1
ASCL2_REGULON_DISJOINT_REC_TJ	266	SCRN2
ASCL2_REGULON_DISJOINT_REC_TJ	267	SDHD
ASCL2_REGULON_DISJOINT_REC_TJ	268	SELENOF
ASCL2_REGULON_DISJOINT_REC_TJ	269	SELENOW
ASCL2_REGULON_DISJOINT_REC_TJ	270	SEMA3C
ASCL2_REGULON_DISJOINT_REC_TJ	271	SERINC3
ASCL2_REGULON_DISJOINT_REC_TJ	272	SERINC5
ASCL2_REGULON_DISJOINT_REC_TJ	273	SESN1
ASCL2_REGULON_DISJOINT_REC_TJ	274	SHISA9
ASCL2_REGULON_DISJOINT_REC_TJ	275	SLC12A9
ASCL2_REGULON_DISJOINT_REC_TJ	276	SLC2A12
ASCL2_REGULON_DISJOINT_REC_TJ	277	SLC35C2
ASCL2_REGULON_DISJOINT_REC_TJ	278	SLC39A10
ASCL2_REGULON_DISJOINT_REC_TJ	279	SLC39A4
ASCL2_REGULON_DISJOINT_REC_TJ	280	SLC7A8
ASCL2_REGULON_DISJOINT_REC_TJ	281	SLPI
ASCL2_REGULON_DISJOINT_REC_TJ	282	SMARCE1
ASCL2_REGULON_DISJOINT_REC_TJ	283	SORT1
ASCL2_REGULON_DISJOINT_REC_TJ	284	SOX4
ASCL2_REGULON_DISJOINT_REC_TJ	285	SPNS1
ASCL2_REGULON_DISJOINT_REC_TJ	286	SRI
ASCL2_REGULON_DISJOINT_REC_TJ	287	SRRM2
ASCL2_REGULON_DISJOINT_REC_TJ	288	SRSF1
ASCL2_REGULON_DISJOINT_REC_TJ	289	SRSF3
ASCL2_REGULON_DISJOINT_REC_TJ	290	SSBP1
ASCL2_REGULON_DISJOINT_REC_TJ	291	SSR2
ASCL2_REGULON_DISJOINT_REC_TJ	292	ST6GAL1
ASCL2_REGULON_DISJOINT_REC_TJ	293	STARD10
ASCL2_REGULON_DISJOINT_REC_TJ	294	STX16
ASCL2_REGULON_DISJOINT_REC_TJ	295	STXBP4
ASCL2_REGULON_DISJOINT_REC_TJ	296	TDGF1
ASCL2_REGULON_DISJOINT_REC_TJ	297	TEFM
ASCL2_REGULON_DISJOINT_REC_TJ	298	TERF2
ASCL2_REGULON_DISJOINT_REC_TJ	299	THAP12
ASCL2_REGULON_DISJOINT_REC_TJ	300	TIMM13
ASCL2_REGULON_DISJOINT_REC_TJ	301	TM9SF2
ASCL2_REGULON_DISJOINT_REC_TJ	302	TMA7
ASCL2_REGULON_DISJOINT_REC_TJ	303	TMEM126B
ASCL2_REGULON_DISJOINT_REC_TJ	304	TMEM14B
ASCL2_REGULON_DISJOINT_REC_TJ	305	TMEM176A
ASCL2_REGULON_DISJOINT_REC_TJ	306	TMEM177
ASCL2_REGULON_DISJOINT_REC_TJ	307	TMEM9
ASCL2_REGULON_DISJOINT_REC_TJ	308	TMEM98
ASCL2_REGULON_DISJOINT_REC_TJ	309	TNNC2
ASCL2_REGULON_DISJOINT_REC_TJ	310	TOMM34
ASCL2_REGULON_DISJOINT_REC_TJ	311	TOMM7
ASCL2_REGULON_DISJOINT_REC_TJ	312	TPP1
ASCL2_REGULON_DISJOINT_REC_TJ	313	TRAP1
ASCL2_REGULON_DISJOINT_REC_TJ	314	TRAPPC6A
ASCL2_REGULON_DISJOINT_REC_TJ	315	TRMT112
ASCL2_REGULON_DISJOINT_REC_TJ	316	TSHZ2
ASCL2_REGULON_DISJOINT_REC_TJ	317	TSPAN12
ASCL2_REGULON_DISJOINT_REC_TJ	318	TSPAN31
ASCL2_REGULON_DISJOINT_REC_TJ	319	TTC1
ASCL2_REGULON_DISJOINT_REC_TJ	320	TTPAL
ASCL2_REGULON_DISJOINT_REC_TJ	321	TUBG1
ASCL2_REGULON_DISJOINT_REC_TJ	322	TUFM
ASCL2_REGULON_DISJOINT_REC_TJ	323	TXN
ASCL2_REGULON_DISJOINT_REC_TJ	324	UNC50
ASCL2_REGULON_DISJOINT_REC_TJ	325	UQCC1
ASCL2_REGULON_DISJOINT_REC_TJ	326	UQCC2
ASCL2_REGULON_DISJOINT_REC_TJ	327	UQCC3
ASCL2_REGULON_DISJOINT_REC_TJ	328	UQCRB
ASCL2_REGULON_DISJOINT_REC_TJ	329	USP7
ASCL2_REGULON_DISJOINT_REC_TJ	330	VAPB
ASCL2_REGULON_DISJOINT_REC_TJ	331	VAV3
ASCL2_REGULON_DISJOINT_REC_TJ	332	VEGFB
ASCL2_REGULON_DISJOINT_REC_TJ	333	VPS28
ASCL2_REGULON_DISJOINT_REC_TJ	334	VPS51
ASCL2_REGULON_DISJOINT_REC_TJ	335	YEATS4
ASCL2_REGULON_DISJOINT_REC_TJ	336	YTHDF1
ASCL2_REGULON_DISJOINT_REC_TJ	337	YWHAB
ASCL2_REGULON_DISJOINT_REC_TJ	338	ZBTB38
ASCL2_REGULON_DISJOINT_REC_TJ	339	ZFP36L2
ASCL2_REGULON_DISJOINT_REC_TJ	340	ZKSCAN1
ASCL2_REGULON_DISJOINT_REC_TJ	341	ZNF514
ASCL2_REGULON_DISJOINT_REC_TJ	342	ZNF703
ASCL2_REGULON_DISJOINT_REC_TJ	343	ZNF704
ASCL2_REGULON_DISJOINT_REC_TJ	344	ZNF862
ASCL2_REGULON_DISJOINT_REC_TJ	345	ZNRF3
TEAD1_REGULON_DISJOINT_REC_TJ	1	AAGAB
TEAD1_REGULON_DISJOINT_REC_TJ	2	ABCD3
TEAD1_REGULON_DISJOINT_REC_TJ	3	ABHD2
TEAD1_REGULON_DISJOINT_REC_TJ	4	ABHD3
TEAD1_REGULON_DISJOINT_REC_TJ	5	ABLIM1
TEAD1_REGULON_DISJOINT_REC_TJ	6	ABTB2
TEAD1_REGULON_DISJOINT_REC_TJ	7	AFDN
TEAD1_REGULON_DISJOINT_REC_TJ	8	ANXA3
TEAD1_REGULON_DISJOINT_REC_TJ	9	ARHGAP29
TEAD1_REGULON_DISJOINT_REC_TJ	10	ARID3B
TEAD1_REGULON_DISJOINT_REC_TJ	11	ASAP2
TEAD1_REGULON_DISJOINT_REC_TJ	12	BAZ2B
TEAD1_REGULON_DISJOINT_REC_TJ	13	BCAR3
TEAD1_REGULON_DISJOINT_REC_TJ	14	BCL2L1
TEAD1_REGULON_DISJOINT_REC_TJ	15	C11ORF49
TEAD1_REGULON_DISJOINT_REC_TJ	16	C11ORF80
TEAD1_REGULON_DISJOINT_REC_TJ	17	C2CD3
TEAD1_REGULON_DISJOINT_REC_TJ	18	CACUL1
TEAD1_REGULON_DISJOINT_REC_TJ	19	CDK8
TEAD1_REGULON_DISJOINT_REC_TJ	20	CELF2
TEAD1_REGULON_DISJOINT_REC_TJ	21	CLIC4
TEAD1_REGULON_DISJOINT_REC_TJ	22	CLMN
TEAD1_REGULON_DISJOINT_REC_TJ	23	CMTM7
TEAD1_REGULON_DISJOINT_REC_TJ	24	COBL
TEAD1_REGULON_DISJOINT_REC_TJ	25	CREB5
TEAD1_REGULON_DISJOINT_REC_TJ	26	CTIF
TEAD1_REGULON_DISJOINT_REC_TJ	27	CTTN
TEAD1_REGULON_DISJOINT_REC_TJ	28	DENND3
TEAD1_REGULON_DISJOINT_REC_TJ	29	DPYSL2
TEAD1_REGULON_DISJOINT_REC_TJ	30	DYM
TEAD1_REGULON_DISJOINT_REC_TJ	31	ECT2
TEAD1_REGULON_DISJOINT_REC_TJ	32	EEPD1
TEAD1_REGULON_DISJOINT_REC_TJ	33	EHMT1
TEAD1_REGULON_DISJOINT_REC_TJ	34	EMP1
TEAD1_REGULON_DISJOINT_REC_TJ	35	EMSY
TEAD1_REGULON_DISJOINT_REC_TJ	36	EPHA2
TEAD1_REGULON_DISJOINT_REC_TJ	37	ETS1
TEAD1_REGULON_DISJOINT_REC_TJ	38	EXT1
TEAD1_REGULON_DISJOINT_REC_TJ	39	FAM91A1
TEAD1_REGULON_DISJOINT_REC_TJ	40	FLNB
TEAD1_REGULON_DISJOINT_REC_TJ	41	FRAS1
TEAD1_REGULON_DISJOINT_REC_TJ	42	GIGYF2
TEAD1_REGULON_DISJOINT_REC_TJ	43	HIVEP1
TEAD1_REGULON_DISJOINT_REC_TJ	44	IFT81
TEAD1_REGULON_DISJOINT_REC_TJ	45	IGF2BP2
TEAD1_REGULON_DISJOINT_REC_TJ	46	ITGAV
TEAD1_REGULON_DISJOINT_REC_TJ	47	ITGB1
TEAD1_REGULON_DISJOINT_REC_TJ	48	KAT6A
TEAD1_REGULON_DISJOINT_REC_TJ	49	KDM2A
TEAD1_REGULON_DISJOINT_REC_TJ	50	KHDRBS1
TEAD1_REGULON_DISJOINT_REC_TJ	51	KTN1
TEAD1_REGULON_DISJOINT_REC_TJ	52	LATS2
TEAD1_REGULON_DISJOINT_REC_TJ	53	LRRC1
TEAD1_REGULON_DISJOINT_REC_TJ	54	LRRFIP1
TEAD1_REGULON_DISJOINT_REC_TJ	55	LSM14A
TEAD1_REGULON_DISJOINT_REC_TJ	56	MAML2
TEAD1_REGULON_DISJOINT_REC_TJ	57	MAP4K3
TEAD1_REGULON_DISJOINT_REC_TJ	58	MAP4K4
TEAD1_REGULON_DISJOINT_REC_TJ	59	MAPK1IP1L
TEAD1_REGULON_DISJOINT_REC_TJ	60	MIB1
TEAD1_REGULON_DISJOINT_REC_TJ	61	MICAL2
TEAD1_REGULON_DISJOINT_REC_TJ	62	MIOS
TEAD1_REGULON_DISJOINT_REC_TJ	63	MTCL1
TEAD1_REGULON_DISJOINT_REC_TJ	64	MYOF
TEAD1_REGULON_DISJOINT_REC_TJ	65	NCEH1
TEAD1_REGULON_DISJOINT_REC_TJ	66	NFYA
TEAD1_REGULON_DISJOINT_REC_TJ	67	NPC1
TEAD1_REGULON_DISJOINT_REC_TJ	68	NUP160
TEAD1_REGULON_DISJOINT_REC_TJ	69	OSBPL3
TEAD1_REGULON_DISJOINT_REC_TJ	70	PBX4
TEAD1_REGULON_DISJOINT_REC_TJ	71	PHACTR4
TEAD1_REGULON_DISJOINT_REC_TJ	72	PLAU
TEAD1_REGULON_DISJOINT_REC_TJ	73	PMEPA1
TEAD1_REGULON_DISJOINT_REC_TJ	74	POLB
TEAD1_REGULON_DISJOINT_REC_TJ	75	PRAG1
TEAD1_REGULON_DISJOINT_REC_TJ	76	PTPN14
TEAD1_REGULON_DISJOINT_REC_TJ	77	PTPRJ
TEAD1_REGULON_DISJOINT_REC_TJ	78	RALA
TEAD1_REGULON_DISJOINT_REC_TJ	79	RHOBTB3
TEAD1_REGULON_DISJOINT_REC_TJ	80	RUNX2
TEAD1_REGULON_DISJOINT_REC_TJ	81	SESTD1
TEAD1_REGULON_DISJOINT_REC_TJ	82	SH3BP4
TEAD1_REGULON_DISJOINT_REC_TJ	83	SLC20A2
TEAD1_REGULON_DISJOINT_REC_TJ	84	SLMAP
TEAD1_REGULON_DISJOINT_REC_TJ	85	SMAD2
TEAD1_REGULON_DISJOINT_REC_TJ	86	SMAD3
TEAD1_REGULON_DISJOINT_REC_TJ	87	SMAD7
TEAD1_REGULON_DISJOINT_REC_TJ	88	SMG7
TEAD1_REGULON_DISJOINT_REC_TJ	89	SNX9
TEAD1_REGULON_DISJOINT_REC_TJ	90	SPATS2L
TEAD1_REGULON_DISJOINT_REC_TJ	91	SUCO
TEAD1_REGULON_DISJOINT_REC_TJ	92	SVIL
TEAD1_REGULON_DISJOINT_REC_TJ	93	TEAD1
TEAD1_REGULON_DISJOINT_REC_TJ	94	TGFA
TEAD1_REGULON_DISJOINT_REC_TJ	95	TNFRSF11B
TEAD1_REGULON_DISJOINT_REC_TJ	96	TOM1L2
TEAD1_REGULON_DISJOINT_REC_TJ	97	TRA2B
TEAD1_REGULON_DISJOINT_REC_TJ	98	TTLL5
TEAD1_REGULON_DISJOINT_REC_TJ	99	USP47
TEAD1_REGULON_DISJOINT_REC_TJ	100	USP6NL
TEAD1_REGULON_DISJOINT_REC_TJ	101	WAPL
TEAD1_REGULON_DISJOINT_REC_TJ	102	WWC1
TEAD1_REGULON_DISJOINT_REC_TJ	103	ZBED5
TEAD1_REGULON_DISJOINT_REC_TJ	104	ZNF407
TEAD1_REGULON_DISJOINT_REC_TJ	105	ZNF410
