figure_id	panel_id	old_panel	source_family	patient_set	score_version	gene_set	normalization	model	contrast	estimand	unit_of_inference	ci_method	multiplicity_family	source_result_paths	source_hashes	panel_source_data	rows	output_path	notes	legend	source_scope	fitted_or_rescored_in_this_release	panel_data_sha256	output_sha256	svg_output	png_output	identifiers_in_panel_data	supplementary_panel_files	illustration_artifact	illustration_sha256	connections	source_counts
Figure_5	A	Main 5a	see source study/patient columns	11 pairs	current count-eligible programmes and disjoint source-expression proxies	88 count-eligible HRC genes	TMM	display only; inference in frozen paired count tests	mean gene-standardized logCPM	mean gene-standardized logCPM	patient	frozen nominal 95% intervals where applicable	No new tests; existing families in Methods and exact q columns retained. Descriptive panels have no newly assigned q values.	"[""analysis_results/rec_junction_context_2026-09-16/definitions.tsv"", ""analysis_results/rec_q2_integration_2026-09-19/regional/patient_region_display_scores.tsv"", ""analysis_results/rec_q2_integration_2026-09-19/regional/patient_region_proxy_scores.tsv"", ""analysis_results/rec_q2_integration_2026-09-19/regional/genome_results.tsv.gz"", ""analysis_results/rec_q2_integration_2026-09-19/regional/programme_tests.tsv"", ""analysis_results/rec_q2_integration_2026-09-19/regional/all30_member_results.tsv""]"	"{""analysis_results/rec_junction_context_2026-09-16/definitions.tsv"": ""66167bd3d9127f970e2887597b5e0e3417a3eecb611256f7f1abfb11a84db523"", ""analysis_results/rec_q2_integration_2026-09-19/regional/all30_member_results.tsv"": ""345b0549a422c8c70bac150af862681ab40675fe83104e462c77e957d0ca92db"", ""analysis_results/rec_q2_integration_2026-09-19/regional/genome_results.tsv.gz"": ""7c269cdfb6dfe42b43863c4eeb6654058f7386c596877116505b4c04b09d28a7"", ""analysis_results/rec_q2_integration_2026-09-19/regional/patient_region_display_scores.tsv"": ""41063457abef81fbefab7d2e274ecde5ebc2ea0ae34ee2929c7e0257ba515c34"", ""analysis_results/rec_q2_integration_2026-09-19/regional/patient_region_proxy_scores.tsv"": ""f7f71091e90a634c342a49a92464968b632596c46c64c027890fbbb0ac9df1a9"", ""analysis_results/rec_q2_integration_2026-09-19/regional/programme_tests.tsv"": ""2121d33dc94de11bccca33ee9d208b778abd96a4c44b0268b0bd7d4b61dbfc6c""}"	source_data/panels/Figure_5_A.tsv	22	figures/Figure_5.pdf		a, Mean gene-standardized TMM logCPM for 88 count-eligible HRC genes in eleven paired micro-/macrotumour regions. Lines connect patients; inference uses paired count models. b, Patient macro-minus-micro differences in three expression proxies; diamonds show means. Proxy markers exclude all HRC and junction targets. c, All 88 paired HRC gene coefficients before and after adding the proxies to patient + region models. Axes share limits and scale; the dashed diagonal indicates equality. The medians (0.559 and 0.137) are descriptive; displayed directional q values come from the original patient-based programme tests. No regression or test across genes is added. d, Six representative junction members under TMM. Grey open circles denote baseline coefficients; dark squares denote source-adjusted coefficients. Bars retain complete approximate QL-Wald 95% intervals; P values derive from QL tests. Full membership, normalization and same-section results are in Supplementary Fig. 6 and Supplementary Table 8. Proxies represent expression rather than cell fractions.	Inputs read for this figure up to panel export; source tables can support multiple panels.	False	2a59291081ebb064fd79c3aeeec0c48c63160fa228662b17cb4b5a73f0834ed2	d61602e9a6c35d6e56273e71db6f7e6fc5e52b8cfc657d093c5ddddaab957978	editable_figures/Figure_5.svg	review/Figure_5.png	"{""patient"": [""PAT1"", ""PAT10"", ""PAT11"", ""PAT2"", ""PAT3"", ""PAT4"", ""PAT5"", ""PAT6"", ""PAT7"", ""PAT8"", ""PAT9""], ""sample"": []}"	[]				
Figure_5	B	Main 5b	see source study/patient columns	11 pairs	current count-eligible programmes and disjoint source-expression proxies	disjoint epithelial/liver/endothelial proxies	TMM	patient + region with/without three proxies	within-patient source-proxy score change	within-patient source-proxy score change	patient	frozen nominal 95% intervals where applicable	No new tests; existing families in Methods and exact q columns retained. Descriptive panels have no newly assigned q values.	"[""analysis_results/rec_junction_context_2026-09-16/definitions.tsv"", ""analysis_results/rec_q2_integration_2026-09-19/regional/patient_region_display_scores.tsv"", ""analysis_results/rec_q2_integration_2026-09-19/regional/patient_region_proxy_scores.tsv"", ""analysis_results/rec_q2_integration_2026-09-19/regional/genome_results.tsv.gz"", ""analysis_results/rec_q2_integration_2026-09-19/regional/programme_tests.tsv"", ""analysis_results/rec_q2_integration_2026-09-19/regional/all30_member_results.tsv""]"	"{""analysis_results/rec_junction_context_2026-09-16/definitions.tsv"": ""66167bd3d9127f970e2887597b5e0e3417a3eecb611256f7f1abfb11a84db523"", ""analysis_results/rec_q2_integration_2026-09-19/regional/all30_member_results.tsv"": ""345b0549a422c8c70bac150af862681ab40675fe83104e462c77e957d0ca92db"", ""analysis_results/rec_q2_integration_2026-09-19/regional/genome_results.tsv.gz"": ""7c269cdfb6dfe42b43863c4eeb6654058f7386c596877116505b4c04b09d28a7"", ""analysis_results/rec_q2_integration_2026-09-19/regional/patient_region_display_scores.tsv"": ""41063457abef81fbefab7d2e274ecde5ebc2ea0ae34ee2929c7e0257ba515c34"", ""analysis_results/rec_q2_integration_2026-09-19/regional/patient_region_proxy_scores.tsv"": ""f7f71091e90a634c342a49a92464968b632596c46c64c027890fbbb0ac9df1a9"", ""analysis_results/rec_q2_integration_2026-09-19/regional/programme_tests.tsv"": ""2121d33dc94de11bccca33ee9d208b778abd96a4c44b0268b0bd7d4b61dbfc6c""}"	source_data/panels/Figure_5_B.tsv	33	figures/Figure_5.pdf		a, Mean gene-standardized TMM logCPM for 88 count-eligible HRC genes in eleven paired micro-/macrotumour regions. Lines connect patients; inference uses paired count models. b, Patient macro-minus-micro differences in three expression proxies; diamonds show means. Proxy markers exclude all HRC and junction targets. c, All 88 paired HRC gene coefficients before and after adding the proxies to patient + region models. Axes share limits and scale; the dashed diagonal indicates equality. The medians (0.559 and 0.137) are descriptive; displayed directional q values come from the original patient-based programme tests. No regression or test across genes is added. d, Six representative junction members under TMM. Grey open circles denote baseline coefficients; dark squares denote source-adjusted coefficients. Bars retain complete approximate QL-Wald 95% intervals; P values derive from QL tests. Full membership, normalization and same-section results are in Supplementary Fig. 6 and Supplementary Table 8. Proxies represent expression rather than cell fractions.	Inputs read for this figure up to panel export; source tables can support multiple panels.	False	d1301e34940962927124df65e7965526f03d0bcc1a4c9aa8a2cd1284b6ce1498	d61602e9a6c35d6e56273e71db6f7e6fc5e52b8cfc657d093c5ddddaab957978	editable_figures/Figure_5.svg	review/Figure_5.png	"{""patient"": [""PAT1"", ""PAT10"", ""PAT11"", ""PAT2"", ""PAT3"", ""PAT4"", ""PAT5"", ""PAT6"", ""PAT7"", ""PAT8"", ""PAT9""]}"	[]				
Figure_5	C	new encoding of frozen results	see source study/patient columns	11 pairs	current count-eligible programmes and disjoint source-expression proxies	88 count-eligible HRC genes	TMM	patient + region, with/without three source proxies	paired gene coefficients, descriptive	paired gene coefficients, descriptive	patient	not displayed; no test across genes	No new tests; existing families in Methods and exact q columns retained. Descriptive panels have no newly assigned q values.	"[""analysis_results/rec_junction_context_2026-09-16/definitions.tsv"", ""analysis_results/rec_q2_integration_2026-09-19/regional/patient_region_display_scores.tsv"", ""analysis_results/rec_q2_integration_2026-09-19/regional/patient_region_proxy_scores.tsv"", ""analysis_results/rec_q2_integration_2026-09-19/regional/genome_results.tsv.gz"", ""analysis_results/rec_q2_integration_2026-09-19/regional/programme_tests.tsv"", ""analysis_results/rec_q2_integration_2026-09-19/regional/all30_member_results.tsv""]"	"{""analysis_results/rec_junction_context_2026-09-16/definitions.tsv"": ""66167bd3d9127f970e2887597b5e0e3417a3eecb611256f7f1abfb11a84db523"", ""analysis_results/rec_q2_integration_2026-09-19/regional/all30_member_results.tsv"": ""345b0549a422c8c70bac150af862681ab40675fe83104e462c77e957d0ca92db"", ""analysis_results/rec_q2_integration_2026-09-19/regional/genome_results.tsv.gz"": ""7c269cdfb6dfe42b43863c4eeb6654058f7386c596877116505b4c04b09d28a7"", ""analysis_results/rec_q2_integration_2026-09-19/regional/patient_region_display_scores.tsv"": ""41063457abef81fbefab7d2e274ecde5ebc2ea0ae34ee2929c7e0257ba515c34"", ""analysis_results/rec_q2_integration_2026-09-19/regional/patient_region_proxy_scores.tsv"": ""f7f71091e90a634c342a49a92464968b632596c46c64c027890fbbb0ac9df1a9"", ""analysis_results/rec_q2_integration_2026-09-19/regional/programme_tests.tsv"": ""2121d33dc94de11bccca33ee9d208b778abd96a4c44b0268b0bd7d4b61dbfc6c""}"	source_data/panels/Figure_5_C.tsv	88	figures/Figure_5.pdf	Programme tests retained in separate panel source file; genes are not independent biological replicates.	a, Mean gene-standardized TMM logCPM for 88 count-eligible HRC genes in eleven paired micro-/macrotumour regions. Lines connect patients; inference uses paired count models. b, Patient macro-minus-micro differences in three expression proxies; diamonds show means. Proxy markers exclude all HRC and junction targets. c, All 88 paired HRC gene coefficients before and after adding the proxies to patient + region models. Axes share limits and scale; the dashed diagonal indicates equality. The medians (0.559 and 0.137) are descriptive; displayed directional q values come from the original patient-based programme tests. No regression or test across genes is added. d, Six representative junction members under TMM. Grey open circles denote baseline coefficients; dark squares denote source-adjusted coefficients. Bars retain complete approximate QL-Wald 95% intervals; P values derive from QL tests. Full membership, normalization and same-section results are in Supplementary Fig. 6 and Supplementary Table 8. Proxies represent expression rather than cell fractions.	Inputs read for this figure up to panel export; source tables can support multiple panels.	False	3e5716a4dbee33cb2b29de678744013761cfa7fd6665f358d978d0d59dc79034	d61602e9a6c35d6e56273e71db6f7e6fc5e52b8cfc657d093c5ddddaab957978	editable_figures/Figure_5.svg	review/Figure_5.png	{}	"[""source_data/panels/Figure_5_C_programme_tests.tsv""]"				
Figure_5	D	Main 5c	see source study/patient columns	11 pairs	current count-eligible programmes and disjoint source-expression proxies	HRC88; six named junction genes; epithelial/liver/endothelial proxies	TMM	baseline and source_adjusted	gene macro-minus-micro log2FC	gene macro-minus-micro log2FC	patient	approximate QL-Wald; QL test P values in source table	No new tests; existing families in Methods and exact q columns retained. Descriptive panels have no newly assigned q values.	"[""analysis_results/rec_junction_context_2026-09-16/definitions.tsv"", ""analysis_results/rec_q2_integration_2026-09-19/regional/patient_region_display_scores.tsv"", ""analysis_results/rec_q2_integration_2026-09-19/regional/patient_region_proxy_scores.tsv"", ""analysis_results/rec_q2_integration_2026-09-19/regional/genome_results.tsv.gz"", ""analysis_results/rec_q2_integration_2026-09-19/regional/programme_tests.tsv"", ""analysis_results/rec_q2_integration_2026-09-19/regional/all30_member_results.tsv""]"	"{""analysis_results/rec_junction_context_2026-09-16/definitions.tsv"": ""66167bd3d9127f970e2887597b5e0e3417a3eecb611256f7f1abfb11a84db523"", ""analysis_results/rec_q2_integration_2026-09-19/regional/all30_member_results.tsv"": ""345b0549a422c8c70bac150af862681ab40675fe83104e462c77e957d0ca92db"", ""analysis_results/rec_q2_integration_2026-09-19/regional/genome_results.tsv.gz"": ""7c269cdfb6dfe42b43863c4eeb6654058f7386c596877116505b4c04b09d28a7"", ""analysis_results/rec_q2_integration_2026-09-19/regional/patient_region_display_scores.tsv"": ""41063457abef81fbefab7d2e274ecde5ebc2ea0ae34ee2929c7e0257ba515c34"", ""analysis_results/rec_q2_integration_2026-09-19/regional/patient_region_proxy_scores.tsv"": ""f7f71091e90a634c342a49a92464968b632596c46c64c027890fbbb0ac9df1a9"", ""analysis_results/rec_q2_integration_2026-09-19/regional/programme_tests.tsv"": ""2121d33dc94de11bccca33ee9d208b778abd96a4c44b0268b0bd7d4b61dbfc6c""}"	source_data/panels/Figure_5_D.tsv	12	figures/Figure_5.pdf		a, Mean gene-standardized TMM logCPM for 88 count-eligible HRC genes in eleven paired micro-/macrotumour regions. Lines connect patients; inference uses paired count models. b, Patient macro-minus-micro differences in three expression proxies; diamonds show means. Proxy markers exclude all HRC and junction targets. c, All 88 paired HRC gene coefficients before and after adding the proxies to patient + region models. Axes share limits and scale; the dashed diagonal indicates equality. The medians (0.559 and 0.137) are descriptive; displayed directional q values come from the original patient-based programme tests. No regression or test across genes is added. d, Six representative junction members under TMM. Grey open circles denote baseline coefficients; dark squares denote source-adjusted coefficients. Bars retain complete approximate QL-Wald 95% intervals; P values derive from QL tests. Full membership, normalization and same-section results are in Supplementary Fig. 6 and Supplementary Table 8. Proxies represent expression rather than cell fractions.	Inputs read for this figure up to panel export; source tables can support multiple panels.	False	d06773208aa2cfa28657197f654cca81dcca795bf2b8c37b9ac7c5258456053d	d61602e9a6c35d6e56273e71db6f7e6fc5e52b8cfc657d093c5ddddaab957978	editable_figures/Figure_5.svg	review/Figure_5.png	{}	[]				
Figure_2	A	Main 2a	Ogden 2025	14 patients	harmonized fixed background	common HRC 93, Claudin 20, Polarity 8; D fixed original matching memberships	log1p(CP10k), fixed control backgrounds	common	partial Spearman rho	partial Spearman rho	patient	frozen nominal 95% intervals where applicable	No new tests; existing families in Methods and exact q columns retained. Descriptive panels have no newly assigned q values.	"[""analysis_results/rec_q2_integration_2026-09-19/external/patient_component_effects.tsv"", ""analysis_results/rec_q2_integration_2026-09-19/external/study_component_effects.tsv"", ""analysis_results/rec_q2_integration_2026-09-19/external/random_effects_meta.tsv"", ""analysis_results/rec_manuscript_reinforcement_2026-09-17/cells/comparison_summary.tsv""]"	"{""analysis_results/rec_manuscript_reinforcement_2026-09-17/cells/comparison_summary.tsv"": ""a97bed4d9ca68626fb0e95a90e15b8908a78adce911b83a37c3f27377c84bba9"", ""analysis_results/rec_q2_integration_2026-09-19/external/patient_component_effects.tsv"": ""f04e33f18752a8d2e5e28780b1ee86e5a9ea43dc2c6cc58bf21a4edfdc9a7690"", ""analysis_results/rec_q2_integration_2026-09-19/external/random_effects_meta.tsv"": ""b825107ad563846cfb81b87318ce69614696ceeae01d7e93c304305702915743"", ""analysis_results/rec_q2_integration_2026-09-19/external/study_component_effects.tsv"": ""cd61de2c973ac370dd3dcdd080eb1abc61be421b5fbc9989026ac806a1ab0a5d""}"	source_data/panels/Figure_2_A.tsv	14	figures/Figure_2.pdf		a,b, Within-patient claudin–HRC and polarity–HRC partial Spearman correlations in fourteen Ogden and 28 external patients, on a shared axis. Lines connect each patient; paired endpoints share a fixed horizontal display offset. Harmonized fixed-background scores use the common technical, RSC, iCMS and E2F covariates, with specimen indicators where applicable. c, Five original-study means and the random-effects summary of patient Fisher-z differences. Study intervals are patient-bootstrap percentiles; the pooled interval uses Hartung–Knapp inference. Numbers in parentheses are patients. d, Discovery measurement checks retain the original scoring and state-adjusted model: full 20:8 membership, 500 size-matched 8:8 subsets, and seven expression/detection-matched pairs. Circles subtract fixed backgrounds; squares change component targets to means while retaining HRC and covariates. Intervals resample patients; subset effects are first averaged within patient. The common-model difference in a is 0.112, harmonized state-adjusted difference 0.093, and original discovery difference in d 0.096. Study omissions and alternative external scoring are in Supplementary Fig. 3; matching details are in Supplementary Fig. 2 and Supplementary Table 3.	Inputs read for this figure up to panel export; source tables can support multiple panels.	False	c3a253b118251bf4419457b86adbf753d56f56e8a6b4491ce47f4c03181c58ba	75dd678414012021a3b383e2d07d3d174024e052ceffb305bd735b3a0992cc64	editable_figures/Figure_2.svg	review/Figure_2.png	"{""patient"": [""CRC01"", ""CRC02"", ""CRC03"", ""CRC04"", ""CRC05"", ""CRC06"", ""CRC07"", ""CRC08"", ""CRC09"", ""CRC10"", ""CRC11"", ""CRC12"", ""CRC14"", ""CRC15""], ""study"": [""Ogden_2025""]}"	[]				
Figure_2	B	Main 2b	five original studies; Atlas container not counted	28 patients	harmonized fixed background	common HRC 93, Claudin 20, Polarity 8; D fixed original matching memberships	log1p(CP10k), fixed control backgrounds	common	partial Spearman rho	partial Spearman rho	patient	frozen nominal 95% intervals where applicable	No new tests; existing families in Methods and exact q columns retained. Descriptive panels have no newly assigned q values.	"[""analysis_results/rec_q2_integration_2026-09-19/external/patient_component_effects.tsv"", ""analysis_results/rec_q2_integration_2026-09-19/external/study_component_effects.tsv"", ""analysis_results/rec_q2_integration_2026-09-19/external/random_effects_meta.tsv"", ""analysis_results/rec_manuscript_reinforcement_2026-09-17/cells/comparison_summary.tsv""]"	"{""analysis_results/rec_manuscript_reinforcement_2026-09-17/cells/comparison_summary.tsv"": ""a97bed4d9ca68626fb0e95a90e15b8908a78adce911b83a37c3f27377c84bba9"", ""analysis_results/rec_q2_integration_2026-09-19/external/patient_component_effects.tsv"": ""f04e33f18752a8d2e5e28780b1ee86e5a9ea43dc2c6cc58bf21a4edfdc9a7690"", ""analysis_results/rec_q2_integration_2026-09-19/external/random_effects_meta.tsv"": ""b825107ad563846cfb81b87318ce69614696ceeae01d7e93c304305702915743"", ""analysis_results/rec_q2_integration_2026-09-19/external/study_component_effects.tsv"": ""cd61de2c973ac370dd3dcdd080eb1abc61be421b5fbc9989026ac806a1ab0a5d""}"	source_data/panels/Figure_2_B.tsv	28	figures/Figure_2.pdf		a,b, Within-patient claudin–HRC and polarity–HRC partial Spearman correlations in fourteen Ogden and 28 external patients, on a shared axis. Lines connect each patient; paired endpoints share a fixed horizontal display offset. Harmonized fixed-background scores use the common technical, RSC, iCMS and E2F covariates, with specimen indicators where applicable. c, Five original-study means and the random-effects summary of patient Fisher-z differences. Study intervals are patient-bootstrap percentiles; the pooled interval uses Hartung–Knapp inference. Numbers in parentheses are patients. d, Discovery measurement checks retain the original scoring and state-adjusted model: full 20:8 membership, 500 size-matched 8:8 subsets, and seven expression/detection-matched pairs. Circles subtract fixed backgrounds; squares change component targets to means while retaining HRC and covariates. Intervals resample patients; subset effects are first averaged within patient. The common-model difference in a is 0.112, harmonized state-adjusted difference 0.093, and original discovery difference in d 0.096. Study omissions and alternative external scoring are in Supplementary Fig. 3; matching details are in Supplementary Fig. 2 and Supplementary Table 3.	Inputs read for this figure up to panel export; source tables can support multiple panels.	False	ec64aca7284c231c92acb63618234e412320ca580e975759939ec9ee45fe54df	75dd678414012021a3b383e2d07d3d174024e052ceffb305bd735b3a0992cc64	editable_figures/Figure_2.svg	review/Figure_2.png	"{""patient"": [""Che_2021_Cell_Discov.COL07"", ""Che_2021_Cell_Discov.COL12"", ""Che_2021_Cell_Discov.COL15"", ""Che_2021_Cell_Discov.COL16"", ""Che_2021_Cell_Discov.COL18"", ""Giguelay_2022_Theranostics.P1"", ""Giguelay_2022_Theranostics.P2"", ""Giguelay_2022_Theranostics.P3"", ""Giguelay_2022_Theranostics.P4"", ""Liu_2024_Cancer_Res.Pt01"", ""Liu_2024_Cancer_Res.Pt02"", ""Liu_2024_Cancer_Res.Pt03"", ""Liu_2024_Cancer_Res.Pt04"", ""Liu_2024_Cancer_Res.Pt05"", ""Liu_2024_Cancer_Res.Pt06"", ""Liu_2024_Cancer_Res.Pt07"", ""Liu_2024_Cancer_Res.Pt08"", ""Liu_2024_Cancer_Res.Pt11"", ""Liu_2024_Cancer_Res.Pt15"", ""Liu_2024_Cancer_Res.Pt17"", ""Liu_2024_Cancer_Res.Pt18"", ""Sathe_2023_Clin_Cancer_Res.P5915"", ""Sathe_2023_Clin_Cancer_Res.P6198"", ""Sathe_2023_Clin_Cancer_Res.P6335"", ""Wang_2023_Sci_Adv.P0107"", ""Wang_2023_Sci_Adv.P0813"", ""Wang_2023_Sci_Adv.P0920"", ""Wang_2023_Sci_Adv.P1231""], ""study"": [""Che_2021_Cell_Discov"", ""Giguelay_2022_Theranostics"", ""Liu_2024_Cancer_Res"", ""Sathe_2023_Clin_Cancer_Res"", ""Wang_2023_Sci_Adv""]}"	[]				
Figure_2	C	Main 2c	see source study/patient columns	28 patients / 5 studies	harmonized fixed-background primary; original discovery only in D	common HRC 93, Claudin 20, Polarity 8; D fixed original matching memberships	log1p(CP10k), fixed control backgrounds	common; study-wise random effects	Claudin minus Polarity Fisher-z difference	Claudin minus Polarity Fisher-z difference	patient	study patient bootstrap; pooled Hartung–Knapp	No new tests; existing families in Methods and exact q columns retained. Descriptive panels have no newly assigned q values.	"[""analysis_results/rec_q2_integration_2026-09-19/external/patient_component_effects.tsv"", ""analysis_results/rec_q2_integration_2026-09-19/external/study_component_effects.tsv"", ""analysis_results/rec_q2_integration_2026-09-19/external/random_effects_meta.tsv"", ""analysis_results/rec_manuscript_reinforcement_2026-09-17/cells/comparison_summary.tsv""]"	"{""analysis_results/rec_manuscript_reinforcement_2026-09-17/cells/comparison_summary.tsv"": ""a97bed4d9ca68626fb0e95a90e15b8908a78adce911b83a37c3f27377c84bba9"", ""analysis_results/rec_q2_integration_2026-09-19/external/patient_component_effects.tsv"": ""f04e33f18752a8d2e5e28780b1ee86e5a9ea43dc2c6cc58bf21a4edfdc9a7690"", ""analysis_results/rec_q2_integration_2026-09-19/external/random_effects_meta.tsv"": ""b825107ad563846cfb81b87318ce69614696ceeae01d7e93c304305702915743"", ""analysis_results/rec_q2_integration_2026-09-19/external/study_component_effects.tsv"": ""cd61de2c973ac370dd3dcdd080eb1abc61be421b5fbc9989026ac806a1ab0a5d""}"	source_data/panels/Figure_2_C.tsv	6	figures/Figure_2.pdf		a,b, Within-patient claudin–HRC and polarity–HRC partial Spearman correlations in fourteen Ogden and 28 external patients, on a shared axis. Lines connect each patient; paired endpoints share a fixed horizontal display offset. Harmonized fixed-background scores use the common technical, RSC, iCMS and E2F covariates, with specimen indicators where applicable. c, Five original-study means and the random-effects summary of patient Fisher-z differences. Study intervals are patient-bootstrap percentiles; the pooled interval uses Hartung–Knapp inference. Numbers in parentheses are patients. d, Discovery measurement checks retain the original scoring and state-adjusted model: full 20:8 membership, 500 size-matched 8:8 subsets, and seven expression/detection-matched pairs. Circles subtract fixed backgrounds; squares change component targets to means while retaining HRC and covariates. Intervals resample patients; subset effects are first averaged within patient. The common-model difference in a is 0.112, harmonized state-adjusted difference 0.093, and original discovery difference in d 0.096. Study omissions and alternative external scoring are in Supplementary Fig. 3; matching details are in Supplementary Fig. 2 and Supplementary Table 3.	Inputs read for this figure up to panel export; source tables can support multiple panels.	False	af9320b8b9d377db06592ce0e16014cb2ac6b533517e2d4b162ecc50804a7567	75dd678414012021a3b383e2d07d3d174024e052ceffb305bd735b3a0992cc64	editable_figures/Figure_2.svg	review/Figure_2.png	"{""study"": [""Che_2021_Cell_Discov"", ""Giguelay_2022_Theranostics"", ""Liu_2024_Cancer_Res"", ""Random effects"", ""Sathe_2023_Clin_Cancer_Res"", ""Wang_2023_Sci_Adv""]}"	[]				
Figure_2	D	S13b	Ogden 2025	14 patients	original discovery; HRC/covariates fixed	full 20:8; 500 size-matched 8:8 subsets; 7 matched pairs	log1p(CP10k), fixed control backgrounds	original state-adjusted conditioning	paired Fisher-z difference	paired Fisher-z difference	patient	frozen nominal 95% intervals where applicable	four secondary matching tests; unchanged	"[""analysis_results/rec_q2_integration_2026-09-19/external/patient_component_effects.tsv"", ""analysis_results/rec_q2_integration_2026-09-19/external/study_component_effects.tsv"", ""analysis_results/rec_q2_integration_2026-09-19/external/random_effects_meta.tsv"", ""analysis_results/rec_manuscript_reinforcement_2026-09-17/cells/comparison_summary.tsv""]"	"{""analysis_results/rec_manuscript_reinforcement_2026-09-17/cells/comparison_summary.tsv"": ""a97bed4d9ca68626fb0e95a90e15b8908a78adce911b83a37c3f27377c84bba9"", ""analysis_results/rec_q2_integration_2026-09-19/external/patient_component_effects.tsv"": ""f04e33f18752a8d2e5e28780b1ee86e5a9ea43dc2c6cc58bf21a4edfdc9a7690"", ""analysis_results/rec_q2_integration_2026-09-19/external/random_effects_meta.tsv"": ""b825107ad563846cfb81b87318ce69614696ceeae01d7e93c304305702915743"", ""analysis_results/rec_q2_integration_2026-09-19/external/study_component_effects.tsv"": ""cd61de2c973ac370dd3dcdd080eb1abc61be421b5fbc9989026ac806a1ab0a5d""}"	source_data/panels/Figure_2_D.tsv	6	figures/Figure_2.pdf		a,b, Within-patient claudin–HRC and polarity–HRC partial Spearman correlations in fourteen Ogden and 28 external patients, on a shared axis. Lines connect each patient; paired endpoints share a fixed horizontal display offset. Harmonized fixed-background scores use the common technical, RSC, iCMS and E2F covariates, with specimen indicators where applicable. c, Five original-study means and the random-effects summary of patient Fisher-z differences. Study intervals are patient-bootstrap percentiles; the pooled interval uses Hartung–Knapp inference. Numbers in parentheses are patients. d, Discovery measurement checks retain the original scoring and state-adjusted model: full 20:8 membership, 500 size-matched 8:8 subsets, and seven expression/detection-matched pairs. Circles subtract fixed backgrounds; squares change component targets to means while retaining HRC and covariates. Intervals resample patients; subset effects are first averaged within patient. The common-model difference in a is 0.112, harmonized state-adjusted difference 0.093, and original discovery difference in d 0.096. Study omissions and alternative external scoring are in Supplementary Fig. 3; matching details are in Supplementary Fig. 2 and Supplementary Table 3.	Inputs read for this figure up to panel export; source tables can support multiple panels.	False	87476af6e290c4d566b6ee3cbbd4fbd5a4c2834b9c936c4064d62fc2607f4c80	75dd678414012021a3b383e2d07d3d174024e052ceffb305bd735b3a0992cc64	editable_figures/Figure_2.svg	review/Figure_2.png	{}	[]				
Supplementary_Figure_1	A	S17b	see source study/patient columns	15 pure-HGP patients	source-defined spatial states; fixed reference mapping	four ISS states; 94 informative shared genes for mapping	proportions; Pearson centroid similarity for mapping	saved conditional label exchange and patient/bootstrap summaries	state proportions with equal ROI weighting	state proportions with equal ROI weighting	patient	descriptive	No new tests; existing families in Methods and exact q columns retained. Descriptive panels have no newly assigned q values.	"[""manuscript/rec_discovery_reinforced_2026-09-17/source_data/preserved_figure_inputs/Figure_1/figure1b.tsv"", ""manuscript/rec_discovery_reinforced_2026-09-17/source_data/preserved_figure_inputs/supplementary_figure_1/figureS1a.tsv"", ""analysis_results/cross_platform_state_anchor/leave_one_patient_out_mapping.tsv"", ""analysis_results/deep_biology_upgrade_2026-08-31/phase2_mechanistic_specificity/iss_cohesive_dual_interface/iss_cohesive_dual_interface_group_summary.tsv""]"	"{""analysis_results/cross_platform_state_anchor/leave_one_patient_out_mapping.tsv"": ""181bc6894e5b18b67135f29a8cc12966c9a118de823de51f5eb66e5ff27c9c3f"", ""analysis_results/deep_biology_upgrade_2026-08-31/phase2_mechanistic_specificity/iss_cohesive_dual_interface/iss_cohesive_dual_interface_group_summary.tsv"": ""4d739e443960d72045f6d90e23615882071f3b82b64ed4d243668c79ee02841b"", ""manuscript/rec_discovery_reinforced_2026-09-17/source_data/preserved_figure_inputs/Figure_1/figure1b.tsv"": ""bb1497b1c81a9eaa201b74f6fee0728761de7472faa0c77feaad1a77bebf7bd1"", ""manuscript/rec_discovery_reinforced_2026-09-17/source_data/preserved_figure_inputs/supplementary_figure_1/figureS1a.tsv"": ""8f29e8fefbe0b1a84e8d4b49bd9eb260e72060521d544c716112fe32c1aac51e""}"	source_data/panels/Supplementary_Figure_1_A.tsv	60	figures/Supplementary_Figure_1.pdf		a, Complete neoplastic-state composition for fifteen pure-HGP patients, with equal ROI weighting. The first seven patients are dHGP and the remaining eight rHGP; patients are ordered by NC3 abundance within HGP. b, Four-state rHGP-minus-dHGP liver-adjacency differences and patient-bootstrap 95% intervals. c, NC3 similarity to REC minus its next-closest reference after patient omission. All seventeen ISS and ten evaluable Ogden omissions retain REC as the closest reference; five further Ogden omissions changed reference coverage and remain in the source table. d, Conditional NC3 homotypic and NC3/damaged-hepatocyte adjacency at five, ten and twenty neighbours. Line styles identify scale; blue circles and orange squares identify dHGP and rHGP. Effects and intervals are saved patient-bootstrap results. Zero lines distinguish excess adjacency from the conditional expectation. pp, percentage points. Full mapping metrics, omission records and neighbourhood results are in Supplementary Table 2.	Inputs read for this figure up to panel export; source tables can support multiple panels.	False	ac173e0d937b56b7fde9f6c765b11da2a7a75308af1cb64d598d935f23d1f604	58e51b00bfd6d6895fd31df0188ed7707a31d0eaf129e12edf85e4084b4e11a0	editable_figures/Supplementary_Figure_1.svg	review/Supplementary_Figure_1.png	"{""canonical_patient"": [""P01"", ""P02"", ""P04"", ""P06"", ""P07"", ""P08"", ""P10"", ""P11"", ""P12"", ""P13"", ""P14"", ""P15"", ""P16"", ""P17"", ""P18""]}"	[]				
Supplementary_Figure_1	B	S1a	see source study/patient columns	7 dHGP / 8 rHGP	source-defined spatial states; fixed reference mapping	four ISS states; 94 informative shared genes for mapping	proportions; Pearson centroid similarity for mapping	saved conditional label exchange and patient/bootstrap summaries	state-specific liver-adjacency difference	state-specific liver-adjacency difference	patient	patient bootstrap	No new tests; existing families in Methods and exact q columns retained. Descriptive panels have no newly assigned q values.	"[""manuscript/rec_discovery_reinforced_2026-09-17/source_data/preserved_figure_inputs/Figure_1/figure1b.tsv"", ""manuscript/rec_discovery_reinforced_2026-09-17/source_data/preserved_figure_inputs/supplementary_figure_1/figureS1a.tsv"", ""analysis_results/cross_platform_state_anchor/leave_one_patient_out_mapping.tsv"", ""analysis_results/deep_biology_upgrade_2026-08-31/phase2_mechanistic_specificity/iss_cohesive_dual_interface/iss_cohesive_dual_interface_group_summary.tsv""]"	"{""analysis_results/cross_platform_state_anchor/leave_one_patient_out_mapping.tsv"": ""181bc6894e5b18b67135f29a8cc12966c9a118de823de51f5eb66e5ff27c9c3f"", ""analysis_results/deep_biology_upgrade_2026-08-31/phase2_mechanistic_specificity/iss_cohesive_dual_interface/iss_cohesive_dual_interface_group_summary.tsv"": ""4d739e443960d72045f6d90e23615882071f3b82b64ed4d243668c79ee02841b"", ""manuscript/rec_discovery_reinforced_2026-09-17/source_data/preserved_figure_inputs/Figure_1/figure1b.tsv"": ""bb1497b1c81a9eaa201b74f6fee0728761de7472faa0c77feaad1a77bebf7bd1"", ""manuscript/rec_discovery_reinforced_2026-09-17/source_data/preserved_figure_inputs/supplementary_figure_1/figureS1a.tsv"": ""8f29e8fefbe0b1a84e8d4b49bd9eb260e72060521d544c716112fe32c1aac51e""}"	source_data/panels/Supplementary_Figure_1_B.tsv	4	figures/Supplementary_Figure_1.pdf		a, Complete neoplastic-state composition for fifteen pure-HGP patients, with equal ROI weighting. The first seven patients are dHGP and the remaining eight rHGP; patients are ordered by NC3 abundance within HGP. b, Four-state rHGP-minus-dHGP liver-adjacency differences and patient-bootstrap 95% intervals. c, NC3 similarity to REC minus its next-closest reference after patient omission. All seventeen ISS and ten evaluable Ogden omissions retain REC as the closest reference; five further Ogden omissions changed reference coverage and remain in the source table. d, Conditional NC3 homotypic and NC3/damaged-hepatocyte adjacency at five, ten and twenty neighbours. Line styles identify scale; blue circles and orange squares identify dHGP and rHGP. Effects and intervals are saved patient-bootstrap results. Zero lines distinguish excess adjacency from the conditional expectation. pp, percentage points. Full mapping metrics, omission records and neighbourhood results are in Supplementary Table 2.	Inputs read for this figure up to panel export; source tables can support multiple panels.	False	251482a6497972be62d51e0d2671e29e9188ed413e0bed13a8708ac535706a80	58e51b00bfd6d6895fd31df0188ed7707a31d0eaf129e12edf85e4084b4e11a0	editable_figures/Supplementary_Figure_1.svg	review/Supplementary_Figure_1.png	{}	[]				
Supplementary_Figure_1	C	S9b	see source study/patient columns	ISS pure-HGP 15 for A/B/D; mapping 17 ISS and 10 evaluable Ogden omissions in C	source-defined spatial states; fixed reference mapping	four ISS states; 94 informative shared genes for mapping	proportions; Pearson centroid similarity for mapping	saved conditional label exchange and patient/bootstrap summaries	NC3 REC-leading Pearson similarity margin	NC3 REC-leading Pearson similarity margin	patient	omission sensitivity	No new tests; existing families in Methods and exact q columns retained. Descriptive panels have no newly assigned q values.	"[""manuscript/rec_discovery_reinforced_2026-09-17/source_data/preserved_figure_inputs/Figure_1/figure1b.tsv"", ""manuscript/rec_discovery_reinforced_2026-09-17/source_data/preserved_figure_inputs/supplementary_figure_1/figureS1a.tsv"", ""analysis_results/cross_platform_state_anchor/leave_one_patient_out_mapping.tsv"", ""analysis_results/deep_biology_upgrade_2026-08-31/phase2_mechanistic_specificity/iss_cohesive_dual_interface/iss_cohesive_dual_interface_group_summary.tsv""]"	"{""analysis_results/cross_platform_state_anchor/leave_one_patient_out_mapping.tsv"": ""181bc6894e5b18b67135f29a8cc12966c9a118de823de51f5eb66e5ff27c9c3f"", ""analysis_results/deep_biology_upgrade_2026-08-31/phase2_mechanistic_specificity/iss_cohesive_dual_interface/iss_cohesive_dual_interface_group_summary.tsv"": ""4d739e443960d72045f6d90e23615882071f3b82b64ed4d243668c79ee02841b"", ""manuscript/rec_discovery_reinforced_2026-09-17/source_data/preserved_figure_inputs/Figure_1/figure1b.tsv"": ""bb1497b1c81a9eaa201b74f6fee0728761de7472faa0c77feaad1a77bebf7bd1"", ""manuscript/rec_discovery_reinforced_2026-09-17/source_data/preserved_figure_inputs/supplementary_figure_1/figureS1a.tsv"": ""8f29e8fefbe0b1a84e8d4b49bd9eb260e72060521d544c716112fe32c1aac51e""}"	source_data/panels/Supplementary_Figure_1_C.tsv	32	figures/Supplementary_Figure_1.pdf	Coverage-changing omissions retained in source; displayed evaluable REC-leading omissions.	a, Complete neoplastic-state composition for fifteen pure-HGP patients, with equal ROI weighting. The first seven patients are dHGP and the remaining eight rHGP; patients are ordered by NC3 abundance within HGP. b, Four-state rHGP-minus-dHGP liver-adjacency differences and patient-bootstrap 95% intervals. c, NC3 similarity to REC minus its next-closest reference after patient omission. All seventeen ISS and ten evaluable Ogden omissions retain REC as the closest reference; five further Ogden omissions changed reference coverage and remain in the source table. d, Conditional NC3 homotypic and NC3/damaged-hepatocyte adjacency at five, ten and twenty neighbours. Line styles identify scale; blue circles and orange squares identify dHGP and rHGP. Effects and intervals are saved patient-bootstrap results. Zero lines distinguish excess adjacency from the conditional expectation. pp, percentage points. Full mapping metrics, omission records and neighbourhood results are in Supplementary Table 2.	Inputs read for this figure up to panel export; source tables can support multiple panels.	False	18a8b5c0593f615c241277798f77b39d8e7a788f5b05b6bfb5fd47380aba1fda	58e51b00bfd6d6895fd31df0188ed7707a31d0eaf129e12edf85e4084b4e11a0	editable_figures/Supplementary_Figure_1.svg	review/Supplementary_Figure_1.png	{}	[]				
Supplementary_Figure_1	D	new encoding of frozen results	ISS	7 dHGP / 8 rHGP	source-defined spatial states; fixed reference mapping	four ISS states; 94 informative shared genes for mapping	proportions; Pearson centroid similarity for mapping	conditional null at k=5/10/20	observed minus conditional expectation	observed minus conditional expectation	patient	frozen patient bootstrap	No new tests; existing families in Methods and exact q columns retained. Descriptive panels have no newly assigned q values.	"[""manuscript/rec_discovery_reinforced_2026-09-17/source_data/preserved_figure_inputs/Figure_1/figure1b.tsv"", ""manuscript/rec_discovery_reinforced_2026-09-17/source_data/preserved_figure_inputs/supplementary_figure_1/figureS1a.tsv"", ""analysis_results/cross_platform_state_anchor/leave_one_patient_out_mapping.tsv"", ""analysis_results/deep_biology_upgrade_2026-08-31/phase2_mechanistic_specificity/iss_cohesive_dual_interface/iss_cohesive_dual_interface_group_summary.tsv""]"	"{""analysis_results/cross_platform_state_anchor/leave_one_patient_out_mapping.tsv"": ""181bc6894e5b18b67135f29a8cc12966c9a118de823de51f5eb66e5ff27c9c3f"", ""analysis_results/deep_biology_upgrade_2026-08-31/phase2_mechanistic_specificity/iss_cohesive_dual_interface/iss_cohesive_dual_interface_group_summary.tsv"": ""4d739e443960d72045f6d90e23615882071f3b82b64ed4d243668c79ee02841b"", ""manuscript/rec_discovery_reinforced_2026-09-17/source_data/preserved_figure_inputs/Figure_1/figure1b.tsv"": ""bb1497b1c81a9eaa201b74f6fee0728761de7472faa0c77feaad1a77bebf7bd1"", ""manuscript/rec_discovery_reinforced_2026-09-17/source_data/preserved_figure_inputs/supplementary_figure_1/figureS1a.tsv"": ""8f29e8fefbe0b1a84e8d4b49bd9eb260e72060521d544c716112fe32c1aac51e""}"	source_data/panels/Supplementary_Figure_1_D.tsv	12	figures/Supplementary_Figure_1.pdf		a, Complete neoplastic-state composition for fifteen pure-HGP patients, with equal ROI weighting. The first seven patients are dHGP and the remaining eight rHGP; patients are ordered by NC3 abundance within HGP. b, Four-state rHGP-minus-dHGP liver-adjacency differences and patient-bootstrap 95% intervals. c, NC3 similarity to REC minus its next-closest reference after patient omission. All seventeen ISS and ten evaluable Ogden omissions retain REC as the closest reference; five further Ogden omissions changed reference coverage and remain in the source table. d, Conditional NC3 homotypic and NC3/damaged-hepatocyte adjacency at five, ten and twenty neighbours. Line styles identify scale; blue circles and orange squares identify dHGP and rHGP. Effects and intervals are saved patient-bootstrap results. Zero lines distinguish excess adjacency from the conditional expectation. pp, percentage points. Full mapping metrics, omission records and neighbourhood results are in Supplementary Table 2.	Inputs read for this figure up to panel export; source tables can support multiple panels.	False	7330e315c1079d5dc58c17d45aa8061c4746e5d9ca2f5f75e43eeee003f6bc35	58e51b00bfd6d6895fd31df0188ed7707a31d0eaf129e12edf85e4084b4e11a0	editable_figures/Supplementary_Figure_1.svg	review/Supplementary_Figure_1.png	{}	[]				
Supplementary_Figure_2	A	S12a	see source study/patient columns	paired REC vs Hypoxia/UPR/iREC	original discovery state/programme/matching scores	8 GSEA programmes; original HRC/junction; 20/8 or 7/7 matching	TMM-voom ranks for A; original log1p(CP10k) matched/target-mean scoring for B–F	patient-paired state contrasts or original conditional rank residuals	GSEA NES	GSEA NES	patient	frozen nominal 95% intervals where applicable	original within-run GSEA FDR	"[""manuscript/rec_reviewer_revision_2026-09-07/source_data/Figure_3/table_phase2_direct_program_gsea.tsv"", ""analysis_results/rec_public_upgrade_2026-09-07/within_cell/conditional_summary.tsv"", ""analysis_results/rec_public_upgrade_2026-09-07/within_cell/patient_conditional_correlations.tsv"", ""analysis_results/rec_hgp_focused_revision_2026-09-07/paired_states/paired_state_contrasts.tsv"", ""analysis_results/rec_manuscript_reinforcement_2026-09-17/cells/subset_mean_differences.tsv"", ""analysis_results/rec_manuscript_reinforcement_2026-09-17/cells/matching_features.tsv"", ""analysis_results/rec_manuscript_reinforcement_2026-09-17/cells/measurement_matching_pairs.tsv"", ""analysis_results/rec_junction_context_2026-09-16/cells/component_summary.tsv""]"	"{""analysis_results/rec_hgp_focused_revision_2026-09-07/paired_states/paired_state_contrasts.tsv"": ""bd86123f28f9712fe2da54e65bd5f52ac0c778417cbd30afe7746dff91ddccce"", ""analysis_results/rec_junction_context_2026-09-16/cells/component_summary.tsv"": ""a4190a1a94383c7c7f40d5509eda11c362501b9787c5aef77c909e7c5668bec5"", ""analysis_results/rec_manuscript_reinforcement_2026-09-17/cells/matching_features.tsv"": ""c6e290e4c190c8bea920f956e13b6c54f5f5d9b3ac4c9a3ee65ca41c1af3fa64"", ""analysis_results/rec_manuscript_reinforcement_2026-09-17/cells/measurement_matching_pairs.tsv"": ""7b0720af60385bca40b8a05475cfcbba4614589497976e37b8c480b4e8719849"", ""analysis_results/rec_manuscript_reinforcement_2026-09-17/cells/subset_mean_differences.tsv"": ""9d9364b6cc9d10cab3f1b69e624fee4828c2826e49ca59b1a747e31954806141"", ""analysis_results/rec_public_upgrade_2026-09-07/within_cell/conditional_summary.tsv"": ""ef1df6b62fe2510fc8c33cfce91e424124cc56911db5710bbb1180e574f9fc81"", ""analysis_results/rec_public_upgrade_2026-09-07/within_cell/patient_conditional_correlations.tsv"": ""f27ca054dae1970893204b2d034e8efcac2d030735592535105d55340423430a"", ""manuscript/rec_reviewer_revision_2026-09-07/source_data/Figure_3/table_phase2_direct_program_gsea.tsv"": ""369a0817d8085020123718028ea8ce5d82b2ce4f44ba6b26e90d0b3407142464""}"	source_data/panels/Supplementary_Figure_2_A.tsv	24	figures/Supplementary_Figure_2.pdf		a, Fixed GSEA normalized enrichment scores for REC versus Hypoxia, UPR and iREC, based on nine, six and five paired patients. Dots mark within-run FDR < 0.05. b, Within-REC HRC–junction correlations after removing shared conditioning genes, under technical-only or additional RSC/iCMS adjustment. Open grey points are individual patients; dark points and bars are Fisher-z summaries back-transformed to correlations and patient-bootstrap 95% intervals. c, Six paired REC-minus-other-state Fisher-z differences and 95% bootstrap intervals; labels give paired patient counts. d, Distributions over 500 eight-claudin subsets, under fixed-background and component-target-mean scoring. These describe membership variation, not patient uncertainty. e, Expression/detection matching features: teal circles denote claudins, purple squares polarity genes; lines connect seven selected pairs and open symbols identify unmatched genes. f, Original state-conditioned claudin-minus-polarity differences in fourteen epithelial and nine REC patients, with bootstrap intervals. All-raw scoring changes HRC and covariate scores as well as components; Fig. 2d changes only component targets. Definitions and separate multiplicity families are in Supplementary Table 3.	Inputs read for this figure up to panel export; source tables can support multiple panels.	False	26aefa03b06c55c1b24185e6b6487039998d060d85ae356eeb42505e8d9382c9	0d6793a83b691d852b2434c8e8d8772abfbc91e7172a7d1b360103bc1578e84b	editable_figures/Supplementary_Figure_2.svg	review/Supplementary_Figure_2.png	{}	[]				
Supplementary_Figure_2	B	S12d	see source study/patient columns	nine REC patients	original disjoint matched scores	8 GSEA programmes; original HRC/junction; 20/8 or 7/7 matching	TMM-voom ranks for A; original log1p(CP10k) matched/target-mean scoring for B–F	patient-paired state contrasts or original conditional rank residuals	conditional partial correlation	conditional partial correlation	patient	patient bootstrap	No new tests; existing families in Methods and exact q columns retained. Descriptive panels have no newly assigned q values.	"[""manuscript/rec_reviewer_revision_2026-09-07/source_data/Figure_3/table_phase2_direct_program_gsea.tsv"", ""analysis_results/rec_public_upgrade_2026-09-07/within_cell/conditional_summary.tsv"", ""analysis_results/rec_public_upgrade_2026-09-07/within_cell/patient_conditional_correlations.tsv"", ""analysis_results/rec_hgp_focused_revision_2026-09-07/paired_states/paired_state_contrasts.tsv"", ""analysis_results/rec_manuscript_reinforcement_2026-09-17/cells/subset_mean_differences.tsv"", ""analysis_results/rec_manuscript_reinforcement_2026-09-17/cells/matching_features.tsv"", ""analysis_results/rec_manuscript_reinforcement_2026-09-17/cells/measurement_matching_pairs.tsv"", ""analysis_results/rec_junction_context_2026-09-16/cells/component_summary.tsv""]"	"{""analysis_results/rec_hgp_focused_revision_2026-09-07/paired_states/paired_state_contrasts.tsv"": ""bd86123f28f9712fe2da54e65bd5f52ac0c778417cbd30afe7746dff91ddccce"", ""analysis_results/rec_junction_context_2026-09-16/cells/component_summary.tsv"": ""a4190a1a94383c7c7f40d5509eda11c362501b9787c5aef77c909e7c5668bec5"", ""analysis_results/rec_manuscript_reinforcement_2026-09-17/cells/matching_features.tsv"": ""c6e290e4c190c8bea920f956e13b6c54f5f5d9b3ac4c9a3ee65ca41c1af3fa64"", ""analysis_results/rec_manuscript_reinforcement_2026-09-17/cells/measurement_matching_pairs.tsv"": ""7b0720af60385bca40b8a05475cfcbba4614589497976e37b8c480b4e8719849"", ""analysis_results/rec_manuscript_reinforcement_2026-09-17/cells/subset_mean_differences.tsv"": ""9d9364b6cc9d10cab3f1b69e624fee4828c2826e49ca59b1a747e31954806141"", ""analysis_results/rec_public_upgrade_2026-09-07/within_cell/conditional_summary.tsv"": ""ef1df6b62fe2510fc8c33cfce91e424124cc56911db5710bbb1180e574f9fc81"", ""analysis_results/rec_public_upgrade_2026-09-07/within_cell/patient_conditional_correlations.tsv"": ""f27ca054dae1970893204b2d034e8efcac2d030735592535105d55340423430a"", ""manuscript/rec_reviewer_revision_2026-09-07/source_data/Figure_3/table_phase2_direct_program_gsea.tsv"": ""369a0817d8085020123718028ea8ce5d82b2ce4f44ba6b26e90d0b3407142464""}"	source_data/panels/Supplementary_Figure_2_B.tsv	4	figures/Supplementary_Figure_2.pdf		a, Fixed GSEA normalized enrichment scores for REC versus Hypoxia, UPR and iREC, based on nine, six and five paired patients. Dots mark within-run FDR < 0.05. b, Within-REC HRC–junction correlations after removing shared conditioning genes, under technical-only or additional RSC/iCMS adjustment. Open grey points are individual patients; dark points and bars are Fisher-z summaries back-transformed to correlations and patient-bootstrap 95% intervals. c, Six paired REC-minus-other-state Fisher-z differences and 95% bootstrap intervals; labels give paired patient counts. d, Distributions over 500 eight-claudin subsets, under fixed-background and component-target-mean scoring. These describe membership variation, not patient uncertainty. e, Expression/detection matching features: teal circles denote claudins, purple squares polarity genes; lines connect seven selected pairs and open symbols identify unmatched genes. f, Original state-conditioned claudin-minus-polarity differences in fourteen epithelial and nine REC patients, with bootstrap intervals. All-raw scoring changes HRC and covariate scores as well as components; Fig. 2d changes only component targets. Definitions and separate multiplicity families are in Supplementary Table 3.	Inputs read for this figure up to panel export; source tables can support multiple panels.	False	76323d38f769e5a43cddf6f18194d671ba225f88c18e57332f4a7db6ce5ff7a8	0d6793a83b691d852b2434c8e8d8772abfbc91e7172a7d1b360103bc1578e84b	editable_figures/Supplementary_Figure_2.svg	review/Supplementary_Figure_2.png	{}	"[""source_data/panels/Supplementary_Figure_2_B_patient_values.tsv""]"				
Supplementary_Figure_2	C	S2a	see source study/patient columns	nine/six/five paired patients	original discovery state/programme/matching scores	8 GSEA programmes; original HRC/junction; 20/8 or 7/7 matching	TMM-voom ranks for A; original log1p(CP10k) matched/target-mean scoring for B–F	patient-paired state contrasts or original conditional rank residuals	paired REC-minus-state Fisher-z difference	paired REC-minus-state Fisher-z difference	patient	frozen nominal 95% intervals where applicable	six paired comparisons	"[""manuscript/rec_reviewer_revision_2026-09-07/source_data/Figure_3/table_phase2_direct_program_gsea.tsv"", ""analysis_results/rec_public_upgrade_2026-09-07/within_cell/conditional_summary.tsv"", ""analysis_results/rec_public_upgrade_2026-09-07/within_cell/patient_conditional_correlations.tsv"", ""analysis_results/rec_hgp_focused_revision_2026-09-07/paired_states/paired_state_contrasts.tsv"", ""analysis_results/rec_manuscript_reinforcement_2026-09-17/cells/subset_mean_differences.tsv"", ""analysis_results/rec_manuscript_reinforcement_2026-09-17/cells/matching_features.tsv"", ""analysis_results/rec_manuscript_reinforcement_2026-09-17/cells/measurement_matching_pairs.tsv"", ""analysis_results/rec_junction_context_2026-09-16/cells/component_summary.tsv""]"	"{""analysis_results/rec_hgp_focused_revision_2026-09-07/paired_states/paired_state_contrasts.tsv"": ""bd86123f28f9712fe2da54e65bd5f52ac0c778417cbd30afe7746dff91ddccce"", ""analysis_results/rec_junction_context_2026-09-16/cells/component_summary.tsv"": ""a4190a1a94383c7c7f40d5509eda11c362501b9787c5aef77c909e7c5668bec5"", ""analysis_results/rec_manuscript_reinforcement_2026-09-17/cells/matching_features.tsv"": ""c6e290e4c190c8bea920f956e13b6c54f5f5d9b3ac4c9a3ee65ca41c1af3fa64"", ""analysis_results/rec_manuscript_reinforcement_2026-09-17/cells/measurement_matching_pairs.tsv"": ""7b0720af60385bca40b8a05475cfcbba4614589497976e37b8c480b4e8719849"", ""analysis_results/rec_manuscript_reinforcement_2026-09-17/cells/subset_mean_differences.tsv"": ""9d9364b6cc9d10cab3f1b69e624fee4828c2826e49ca59b1a747e31954806141"", ""analysis_results/rec_public_upgrade_2026-09-07/within_cell/conditional_summary.tsv"": ""ef1df6b62fe2510fc8c33cfce91e424124cc56911db5710bbb1180e574f9fc81"", ""analysis_results/rec_public_upgrade_2026-09-07/within_cell/patient_conditional_correlations.tsv"": ""f27ca054dae1970893204b2d034e8efcac2d030735592535105d55340423430a"", ""manuscript/rec_reviewer_revision_2026-09-07/source_data/Figure_3/table_phase2_direct_program_gsea.tsv"": ""369a0817d8085020123718028ea8ce5d82b2ce4f44ba6b26e90d0b3407142464""}"	source_data/panels/Supplementary_Figure_2_C.tsv	6	figures/Supplementary_Figure_2.pdf		a, Fixed GSEA normalized enrichment scores for REC versus Hypoxia, UPR and iREC, based on nine, six and five paired patients. Dots mark within-run FDR < 0.05. b, Within-REC HRC–junction correlations after removing shared conditioning genes, under technical-only or additional RSC/iCMS adjustment. Open grey points are individual patients; dark points and bars are Fisher-z summaries back-transformed to correlations and patient-bootstrap 95% intervals. c, Six paired REC-minus-other-state Fisher-z differences and 95% bootstrap intervals; labels give paired patient counts. d, Distributions over 500 eight-claudin subsets, under fixed-background and component-target-mean scoring. These describe membership variation, not patient uncertainty. e, Expression/detection matching features: teal circles denote claudins, purple squares polarity genes; lines connect seven selected pairs and open symbols identify unmatched genes. f, Original state-conditioned claudin-minus-polarity differences in fourteen epithelial and nine REC patients, with bootstrap intervals. All-raw scoring changes HRC and covariate scores as well as components; Fig. 2d changes only component targets. Definitions and separate multiplicity families are in Supplementary Table 3.	Inputs read for this figure up to panel export; source tables can support multiple panels.	False	2b77f7e207029ac4ad81ff01269d2292dd6fe55dc4931cfee89651fd6105596c	0d6793a83b691d852b2434c8e8d8772abfbc91e7172a7d1b360103bc1578e84b	editable_figures/Supplementary_Figure_2.svg	review/Supplementary_Figure_2.png	{}	[]				
Supplementary_Figure_2	D	S13c	see source study/patient columns	14 patients	original discovery	8 GSEA programmes; original HRC/junction; 20/8 or 7/7 matching	TMM-voom ranks for A; original log1p(CP10k) matched/target-mean scoring for B–F	patient-paired state contrasts or original conditional rank residuals	subset mean-patient Fisher-z difference	subset mean-patient Fisher-z difference	patient	membership perturbation distribution, not patient CI	No new tests; existing families in Methods and exact q columns retained. Descriptive panels have no newly assigned q values.	"[""manuscript/rec_reviewer_revision_2026-09-07/source_data/Figure_3/table_phase2_direct_program_gsea.tsv"", ""analysis_results/rec_public_upgrade_2026-09-07/within_cell/conditional_summary.tsv"", ""analysis_results/rec_public_upgrade_2026-09-07/within_cell/patient_conditional_correlations.tsv"", ""analysis_results/rec_hgp_focused_revision_2026-09-07/paired_states/paired_state_contrasts.tsv"", ""analysis_results/rec_manuscript_reinforcement_2026-09-17/cells/subset_mean_differences.tsv"", ""analysis_results/rec_manuscript_reinforcement_2026-09-17/cells/matching_features.tsv"", ""analysis_results/rec_manuscript_reinforcement_2026-09-17/cells/measurement_matching_pairs.tsv"", ""analysis_results/rec_junction_context_2026-09-16/cells/component_summary.tsv""]"	"{""analysis_results/rec_hgp_focused_revision_2026-09-07/paired_states/paired_state_contrasts.tsv"": ""bd86123f28f9712fe2da54e65bd5f52ac0c778417cbd30afe7746dff91ddccce"", ""analysis_results/rec_junction_context_2026-09-16/cells/component_summary.tsv"": ""a4190a1a94383c7c7f40d5509eda11c362501b9787c5aef77c909e7c5668bec5"", ""analysis_results/rec_manuscript_reinforcement_2026-09-17/cells/matching_features.tsv"": ""c6e290e4c190c8bea920f956e13b6c54f5f5d9b3ac4c9a3ee65ca41c1af3fa64"", ""analysis_results/rec_manuscript_reinforcement_2026-09-17/cells/measurement_matching_pairs.tsv"": ""7b0720af60385bca40b8a05475cfcbba4614589497976e37b8c480b4e8719849"", ""analysis_results/rec_manuscript_reinforcement_2026-09-17/cells/subset_mean_differences.tsv"": ""9d9364b6cc9d10cab3f1b69e624fee4828c2826e49ca59b1a747e31954806141"", ""analysis_results/rec_public_upgrade_2026-09-07/within_cell/conditional_summary.tsv"": ""ef1df6b62fe2510fc8c33cfce91e424124cc56911db5710bbb1180e574f9fc81"", ""analysis_results/rec_public_upgrade_2026-09-07/within_cell/patient_conditional_correlations.tsv"": ""f27ca054dae1970893204b2d034e8efcac2d030735592535105d55340423430a"", ""manuscript/rec_reviewer_revision_2026-09-07/source_data/Figure_3/table_phase2_direct_program_gsea.tsv"": ""369a0817d8085020123718028ea8ce5d82b2ce4f44ba6b26e90d0b3407142464""}"	source_data/panels/Supplementary_Figure_2_D.tsv	1000	figures/Supplementary_Figure_2.pdf		a, Fixed GSEA normalized enrichment scores for REC versus Hypoxia, UPR and iREC, based on nine, six and five paired patients. Dots mark within-run FDR < 0.05. b, Within-REC HRC–junction correlations after removing shared conditioning genes, under technical-only or additional RSC/iCMS adjustment. Open grey points are individual patients; dark points and bars are Fisher-z summaries back-transformed to correlations and patient-bootstrap 95% intervals. c, Six paired REC-minus-other-state Fisher-z differences and 95% bootstrap intervals; labels give paired patient counts. d, Distributions over 500 eight-claudin subsets, under fixed-background and component-target-mean scoring. These describe membership variation, not patient uncertainty. e, Expression/detection matching features: teal circles denote claudins, purple squares polarity genes; lines connect seven selected pairs and open symbols identify unmatched genes. f, Original state-conditioned claudin-minus-polarity differences in fourteen epithelial and nine REC patients, with bootstrap intervals. All-raw scoring changes HRC and covariate scores as well as components; Fig. 2d changes only component targets. Definitions and separate multiplicity families are in Supplementary Table 3.	Inputs read for this figure up to panel export; source tables can support multiple panels.	False	0204de3350300e4637257d39937f182c8cc57897620ae01e3910d394cbd6719b	0d6793a83b691d852b2434c8e8d8772abfbc91e7172a7d1b360103bc1578e84b	editable_figures/Supplementary_Figure_2.svg	review/Supplementary_Figure_2.png	{}	[]				
Supplementary_Figure_2	E	S13d	Ogden	REC/Hypoxia 9, REC/UPR 6, REC/iREC 5; components 14 all-epithelial or 9 REC	original discovery state/programme/matching scores	8 GSEA programmes; original HRC/junction; 20/8 or 7/7 matching	TMM-voom ranks for A; original log1p(CP10k) matched/target-mean scoring for B–F	patient-paired state contrasts or original conditional rank residuals	expression/detection matching features	expression/detection matching features	patient	none; fixed seven-pair selection	No new tests; existing families in Methods and exact q columns retained. Descriptive panels have no newly assigned q values.	"[""manuscript/rec_reviewer_revision_2026-09-07/source_data/Figure_3/table_phase2_direct_program_gsea.tsv"", ""analysis_results/rec_public_upgrade_2026-09-07/within_cell/conditional_summary.tsv"", ""analysis_results/rec_public_upgrade_2026-09-07/within_cell/patient_conditional_correlations.tsv"", ""analysis_results/rec_hgp_focused_revision_2026-09-07/paired_states/paired_state_contrasts.tsv"", ""analysis_results/rec_manuscript_reinforcement_2026-09-17/cells/subset_mean_differences.tsv"", ""analysis_results/rec_manuscript_reinforcement_2026-09-17/cells/matching_features.tsv"", ""analysis_results/rec_manuscript_reinforcement_2026-09-17/cells/measurement_matching_pairs.tsv"", ""analysis_results/rec_junction_context_2026-09-16/cells/component_summary.tsv""]"	"{""analysis_results/rec_hgp_focused_revision_2026-09-07/paired_states/paired_state_contrasts.tsv"": ""bd86123f28f9712fe2da54e65bd5f52ac0c778417cbd30afe7746dff91ddccce"", ""analysis_results/rec_junction_context_2026-09-16/cells/component_summary.tsv"": ""a4190a1a94383c7c7f40d5509eda11c362501b9787c5aef77c909e7c5668bec5"", ""analysis_results/rec_manuscript_reinforcement_2026-09-17/cells/matching_features.tsv"": ""c6e290e4c190c8bea920f956e13b6c54f5f5d9b3ac4c9a3ee65ca41c1af3fa64"", ""analysis_results/rec_manuscript_reinforcement_2026-09-17/cells/measurement_matching_pairs.tsv"": ""7b0720af60385bca40b8a05475cfcbba4614589497976e37b8c480b4e8719849"", ""analysis_results/rec_manuscript_reinforcement_2026-09-17/cells/subset_mean_differences.tsv"": ""9d9364b6cc9d10cab3f1b69e624fee4828c2826e49ca59b1a747e31954806141"", ""analysis_results/rec_public_upgrade_2026-09-07/within_cell/conditional_summary.tsv"": ""ef1df6b62fe2510fc8c33cfce91e424124cc56911db5710bbb1180e574f9fc81"", ""analysis_results/rec_public_upgrade_2026-09-07/within_cell/patient_conditional_correlations.tsv"": ""f27ca054dae1970893204b2d034e8efcac2d030735592535105d55340423430a"", ""manuscript/rec_reviewer_revision_2026-09-07/source_data/Figure_3/table_phase2_direct_program_gsea.tsv"": ""369a0817d8085020123718028ea8ce5d82b2ce4f44ba6b26e90d0b3407142464""}"	source_data/panels/Supplementary_Figure_2_E.tsv	28	figures/Supplementary_Figure_2.pdf		a, Fixed GSEA normalized enrichment scores for REC versus Hypoxia, UPR and iREC, based on nine, six and five paired patients. Dots mark within-run FDR < 0.05. b, Within-REC HRC–junction correlations after removing shared conditioning genes, under technical-only or additional RSC/iCMS adjustment. Open grey points are individual patients; dark points and bars are Fisher-z summaries back-transformed to correlations and patient-bootstrap 95% intervals. c, Six paired REC-minus-other-state Fisher-z differences and 95% bootstrap intervals; labels give paired patient counts. d, Distributions over 500 eight-claudin subsets, under fixed-background and component-target-mean scoring. These describe membership variation, not patient uncertainty. e, Expression/detection matching features: teal circles denote claudins, purple squares polarity genes; lines connect seven selected pairs and open symbols identify unmatched genes. f, Original state-conditioned claudin-minus-polarity differences in fourteen epithelial and nine REC patients, with bootstrap intervals. All-raw scoring changes HRC and covariate scores as well as components; Fig. 2d changes only component targets. Definitions and separate multiplicity families are in Supplementary Table 3.	Inputs read for this figure up to panel export; source tables can support multiple panels.	False	c80537a45a58d9de34ce5752e8b0356a72ea0591853ddf62954ac175adfd0633	0d6793a83b691d852b2434c8e8d8772abfbc91e7172a7d1b360103bc1578e84b	editable_figures/Supplementary_Figure_2.svg	review/Supplementary_Figure_2.png	{}	"[""source_data/panels/Supplementary_Figure_2_E_pairs.tsv""]"				
Supplementary_Figure_2	F	S10b	see source study/patient columns	REC/Hypoxia 9, REC/UPR 6, REC/iREC 5; components 14 all-epithelial or 9 REC	original matched versus all-raw scoring	8 GSEA programmes; original HRC/junction; 20/8 or 7/7 matching	TMM-voom ranks for A; original log1p(CP10k) matched/target-mean scoring for B–F	patient-paired state contrasts or original conditional rank residuals	Claudin minus Polarity Fisher-z difference	Claudin minus Polarity Fisher-z difference	patient	frozen nominal 95% intervals where applicable	No new tests; existing families in Methods and exact q columns retained. Descriptive panels have no newly assigned q values.	"[""manuscript/rec_reviewer_revision_2026-09-07/source_data/Figure_3/table_phase2_direct_program_gsea.tsv"", ""analysis_results/rec_public_upgrade_2026-09-07/within_cell/conditional_summary.tsv"", ""analysis_results/rec_public_upgrade_2026-09-07/within_cell/patient_conditional_correlations.tsv"", ""analysis_results/rec_hgp_focused_revision_2026-09-07/paired_states/paired_state_contrasts.tsv"", ""analysis_results/rec_manuscript_reinforcement_2026-09-17/cells/subset_mean_differences.tsv"", ""analysis_results/rec_manuscript_reinforcement_2026-09-17/cells/matching_features.tsv"", ""analysis_results/rec_manuscript_reinforcement_2026-09-17/cells/measurement_matching_pairs.tsv"", ""analysis_results/rec_junction_context_2026-09-16/cells/component_summary.tsv""]"	"{""analysis_results/rec_hgp_focused_revision_2026-09-07/paired_states/paired_state_contrasts.tsv"": ""bd86123f28f9712fe2da54e65bd5f52ac0c778417cbd30afe7746dff91ddccce"", ""analysis_results/rec_junction_context_2026-09-16/cells/component_summary.tsv"": ""a4190a1a94383c7c7f40d5509eda11c362501b9787c5aef77c909e7c5668bec5"", ""analysis_results/rec_manuscript_reinforcement_2026-09-17/cells/matching_features.tsv"": ""c6e290e4c190c8bea920f956e13b6c54f5f5d9b3ac4c9a3ee65ca41c1af3fa64"", ""analysis_results/rec_manuscript_reinforcement_2026-09-17/cells/measurement_matching_pairs.tsv"": ""7b0720af60385bca40b8a05475cfcbba4614589497976e37b8c480b4e8719849"", ""analysis_results/rec_manuscript_reinforcement_2026-09-17/cells/subset_mean_differences.tsv"": ""9d9364b6cc9d10cab3f1b69e624fee4828c2826e49ca59b1a747e31954806141"", ""analysis_results/rec_public_upgrade_2026-09-07/within_cell/conditional_summary.tsv"": ""ef1df6b62fe2510fc8c33cfce91e424124cc56911db5710bbb1180e574f9fc81"", ""analysis_results/rec_public_upgrade_2026-09-07/within_cell/patient_conditional_correlations.tsv"": ""f27ca054dae1970893204b2d034e8efcac2d030735592535105d55340423430a"", ""manuscript/rec_reviewer_revision_2026-09-07/source_data/Figure_3/table_phase2_direct_program_gsea.tsv"": ""369a0817d8085020123718028ea8ce5d82b2ce4f44ba6b26e90d0b3407142464""}"	source_data/panels/Supplementary_Figure_2_F.tsv	4	figures/Supplementary_Figure_2.pdf	All-raw scoring changes HRC and covariates; differs from Figure 2D target-only sensitivity.	a, Fixed GSEA normalized enrichment scores for REC versus Hypoxia, UPR and iREC, based on nine, six and five paired patients. Dots mark within-run FDR < 0.05. b, Within-REC HRC–junction correlations after removing shared conditioning genes, under technical-only or additional RSC/iCMS adjustment. Open grey points are individual patients; dark points and bars are Fisher-z summaries back-transformed to correlations and patient-bootstrap 95% intervals. c, Six paired REC-minus-other-state Fisher-z differences and 95% bootstrap intervals; labels give paired patient counts. d, Distributions over 500 eight-claudin subsets, under fixed-background and component-target-mean scoring. These describe membership variation, not patient uncertainty. e, Expression/detection matching features: teal circles denote claudins, purple squares polarity genes; lines connect seven selected pairs and open symbols identify unmatched genes. f, Original state-conditioned claudin-minus-polarity differences in fourteen epithelial and nine REC patients, with bootstrap intervals. All-raw scoring changes HRC and covariate scores as well as components; Fig. 2d changes only component targets. Definitions and separate multiplicity families are in Supplementary Table 3.	Inputs read for this figure up to panel export; source tables can support multiple panels.	False	43fad40996ba7c8fa21b73a11a677e7b5b5147387d92396fc5e7b2251b6e2d4e	0d6793a83b691d852b2434c8e8d8772abfbc91e7172a7d1b360103bc1578e84b	editable_figures/Supplementary_Figure_2.svg	review/Supplementary_Figure_2.png	{}	[]				
Supplementary_Figure_3	A	new encoding of frozen results	five external original studies	all 28 eligible patients	harmonized fixed-background or all-target means	HRC93/Claudin20/Polarity8 and complete 30 members	log1p(CP10k)	harmonized common	patient Claudin-minus-Polarity Fisher-z difference	patient Claudin-minus-Polarity Fisher-z difference	patient	individual patient estimates	No new tests; existing families in Methods and exact q columns retained. Descriptive panels have no newly assigned q values.	"[""analysis_results/rec_junction_context_2026-09-16/definitions.tsv"", ""analysis_results/rec_q2_integration_2026-09-19/external/patient_component_effects.tsv"", ""analysis_results/rec_q2_integration_2026-09-19/external/leave_one_study.tsv"", ""analysis_results/rec_q2_integration_2026-09-19/external/random_effects_meta.tsv""]"	"{""analysis_results/rec_junction_context_2026-09-16/definitions.tsv"": ""66167bd3d9127f970e2887597b5e0e3417a3eecb611256f7f1abfb11a84db523"", ""analysis_results/rec_q2_integration_2026-09-19/external/leave_one_study.tsv"": ""0a543b9c7579f236af691f5833880b341787496c65becebf04827d453c904640"", ""analysis_results/rec_q2_integration_2026-09-19/external/patient_component_effects.tsv"": ""f04e33f18752a8d2e5e28780b1ee86e5a9ea43dc2c6cc58bf21a4edfdc9a7690"", ""analysis_results/rec_q2_integration_2026-09-19/external/random_effects_meta.tsv"": ""b825107ad563846cfb81b87318ce69614696ceeae01d7e93c304305702915743""}"	source_data/panels/Supplementary_Figure_3_A.tsv	28	figures/Supplementary_Figure_3.pdf		a, All 28 patient component differences, grouped by the five original studies. Patient labels are study-local identifiers; qualified identities remain in the source data. b, All five study-omission random-effects estimates with Hartung–Knapp 95% intervals. c, Pooled component differences under harmonized fixed-background and all-target-mean scoring, with Hartung–Knapp intervals. b and c share an axis range. d, I² for all thirty members in the fixed row order of Fig. 3; a separate aligned row gives contributing study counts k. Grey cells indicate I² unavailable with fewer than two eligible studies, distinct from valid zero heterogeneity. Estimates are retained regardless of direction or member-level correction. Complete patient, study, scoring and omission results are in Supplementary Table 7.	Inputs read for this figure up to panel export; source tables can support multiple panels.	False	ef5bcd1bdc59a4c7e0469de2cb01d4668cc36ad724064adc92e8d1231960849d	f95823670ff684912df93604d56fba9453c7da565074a6db65971a712f196159	editable_figures/Supplementary_Figure_3.svg	review/Supplementary_Figure_3.png	"{""patient"": [""Che_2021_Cell_Discov.COL07"", ""Che_2021_Cell_Discov.COL12"", ""Che_2021_Cell_Discov.COL15"", ""Che_2021_Cell_Discov.COL16"", ""Che_2021_Cell_Discov.COL18"", ""Giguelay_2022_Theranostics.P1"", ""Giguelay_2022_Theranostics.P2"", ""Giguelay_2022_Theranostics.P3"", ""Giguelay_2022_Theranostics.P4"", ""Liu_2024_Cancer_Res.Pt01"", ""Liu_2024_Cancer_Res.Pt02"", ""Liu_2024_Cancer_Res.Pt03"", ""Liu_2024_Cancer_Res.Pt04"", ""Liu_2024_Cancer_Res.Pt05"", ""Liu_2024_Cancer_Res.Pt06"", ""Liu_2024_Cancer_Res.Pt07"", ""Liu_2024_Cancer_Res.Pt08"", ""Liu_2024_Cancer_Res.Pt11"", ""Liu_2024_Cancer_Res.Pt15"", ""Liu_2024_Cancer_Res.Pt17"", ""Liu_2024_Cancer_Res.Pt18"", ""Sathe_2023_Clin_Cancer_Res.P5915"", ""Sathe_2023_Clin_Cancer_Res.P6198"", ""Sathe_2023_Clin_Cancer_Res.P6335"", ""Wang_2023_Sci_Adv.P0107"", ""Wang_2023_Sci_Adv.P0813"", ""Wang_2023_Sci_Adv.P0920"", ""Wang_2023_Sci_Adv.P1231""], ""study"": [""Che_2021_Cell_Discov"", ""Giguelay_2022_Theranostics"", ""Liu_2024_Cancer_Res"", ""Sathe_2023_Clin_Cancer_Res"", ""Wang_2023_Sci_Adv""]}"	[]				
Supplementary_Figure_3	B	Main 2d	see source study/patient columns	five external original studies, 28 total eligible patients	harmonized fixed-background or all-target means	HRC93/Claudin20/Polarity8 and complete 30 members	log1p(CP10k)	random effects with study omission	pooled component difference	pooled component difference	patient	Hartung–Knapp	No new tests; existing families in Methods and exact q columns retained. Descriptive panels have no newly assigned q values.	"[""analysis_results/rec_junction_context_2026-09-16/definitions.tsv"", ""analysis_results/rec_q2_integration_2026-09-19/external/patient_component_effects.tsv"", ""analysis_results/rec_q2_integration_2026-09-19/external/leave_one_study.tsv"", ""analysis_results/rec_q2_integration_2026-09-19/external/random_effects_meta.tsv""]"	"{""analysis_results/rec_junction_context_2026-09-16/definitions.tsv"": ""66167bd3d9127f970e2887597b5e0e3417a3eecb611256f7f1abfb11a84db523"", ""analysis_results/rec_q2_integration_2026-09-19/external/leave_one_study.tsv"": ""0a543b9c7579f236af691f5833880b341787496c65becebf04827d453c904640"", ""analysis_results/rec_q2_integration_2026-09-19/external/patient_component_effects.tsv"": ""f04e33f18752a8d2e5e28780b1ee86e5a9ea43dc2c6cc58bf21a4edfdc9a7690"", ""analysis_results/rec_q2_integration_2026-09-19/external/random_effects_meta.tsv"": ""b825107ad563846cfb81b87318ce69614696ceeae01d7e93c304305702915743""}"	source_data/panels/Supplementary_Figure_3_B.tsv	5	figures/Supplementary_Figure_3.pdf		a, All 28 patient component differences, grouped by the five original studies. Patient labels are study-local identifiers; qualified identities remain in the source data. b, All five study-omission random-effects estimates with Hartung–Knapp 95% intervals. c, Pooled component differences under harmonized fixed-background and all-target-mean scoring, with Hartung–Knapp intervals. b and c share an axis range. d, I² for all thirty members in the fixed row order of Fig. 3; a separate aligned row gives contributing study counts k. Grey cells indicate I² unavailable with fewer than two eligible studies, distinct from valid zero heterogeneity. Estimates are retained regardless of direction or member-level correction. Complete patient, study, scoring and omission results are in Supplementary Table 7.	Inputs read for this figure up to panel export; source tables can support multiple panels.	False	94728f190dbfb18b5d3ff97f6da39d239b938a14b0dd5dd323e5eb913397e4cb	f95823670ff684912df93604d56fba9453c7da565074a6db65971a712f196159	editable_figures/Supplementary_Figure_3.svg	review/Supplementary_Figure_3.png	{}	[]				
Supplementary_Figure_3	C	new encoding of frozen results	see source study/patient columns	five external original studies, 28 total eligible patients	fixed background versus all target means	HRC93/Claudin20/Polarity8 and complete 30 members	log1p(CP10k)	common / random effects	pooled component difference	pooled component difference	patient	Hartung–Knapp	No new tests; existing families in Methods and exact q columns retained. Descriptive panels have no newly assigned q values.	"[""analysis_results/rec_junction_context_2026-09-16/definitions.tsv"", ""analysis_results/rec_q2_integration_2026-09-19/external/patient_component_effects.tsv"", ""analysis_results/rec_q2_integration_2026-09-19/external/leave_one_study.tsv"", ""analysis_results/rec_q2_integration_2026-09-19/external/random_effects_meta.tsv""]"	"{""analysis_results/rec_junction_context_2026-09-16/definitions.tsv"": ""66167bd3d9127f970e2887597b5e0e3417a3eecb611256f7f1abfb11a84db523"", ""analysis_results/rec_q2_integration_2026-09-19/external/leave_one_study.tsv"": ""0a543b9c7579f236af691f5833880b341787496c65becebf04827d453c904640"", ""analysis_results/rec_q2_integration_2026-09-19/external/patient_component_effects.tsv"": ""f04e33f18752a8d2e5e28780b1ee86e5a9ea43dc2c6cc58bf21a4edfdc9a7690"", ""analysis_results/rec_q2_integration_2026-09-19/external/random_effects_meta.tsv"": ""b825107ad563846cfb81b87318ce69614696ceeae01d7e93c304305702915743""}"	source_data/panels/Supplementary_Figure_3_C.tsv	2	figures/Supplementary_Figure_3.pdf		a, All 28 patient component differences, grouped by the five original studies. Patient labels are study-local identifiers; qualified identities remain in the source data. b, All five study-omission random-effects estimates with Hartung–Knapp 95% intervals. c, Pooled component differences under harmonized fixed-background and all-target-mean scoring, with Hartung–Knapp intervals. b and c share an axis range. d, I² for all thirty members in the fixed row order of Fig. 3; a separate aligned row gives contributing study counts k. Grey cells indicate I² unavailable with fewer than two eligible studies, distinct from valid zero heterogeneity. Estimates are retained regardless of direction or member-level correction. Complete patient, study, scoring and omission results are in Supplementary Table 7.	Inputs read for this figure up to panel export; source tables can support multiple panels.	False	a8dc08befdba8584972d83cad779fde7cd8ba22060f2d38787423d8bf652fc0f	f95823670ff684912df93604d56fba9453c7da565074a6db65971a712f196159	editable_figures/Supplementary_Figure_3.svg	review/Supplementary_Figure_3.png	{}	[]				
Supplementary_Figure_3	D	new encoding of frozen results	see source study/patient columns	five external original studies, 28 total eligible patients	harmonized fixed-background or all-target means	all 30 junction members	log1p(CP10k)	common covariate model, REML random effects, Hartung–Knapp	I-squared with evaluable study count	I-squared with evaluable study count	patient	descriptive; no heterogeneity-derived classification	No new tests; existing families in Methods and exact q columns retained. Descriptive panels have no newly assigned q values.	"[""analysis_results/rec_junction_context_2026-09-16/definitions.tsv"", ""analysis_results/rec_q2_integration_2026-09-19/external/patient_component_effects.tsv"", ""analysis_results/rec_q2_integration_2026-09-19/external/leave_one_study.tsv"", ""analysis_results/rec_q2_integration_2026-09-19/external/random_effects_meta.tsv""]"	"{""analysis_results/rec_junction_context_2026-09-16/definitions.tsv"": ""66167bd3d9127f970e2887597b5e0e3417a3eecb611256f7f1abfb11a84db523"", ""analysis_results/rec_q2_integration_2026-09-19/external/leave_one_study.tsv"": ""0a543b9c7579f236af691f5833880b341787496c65becebf04827d453c904640"", ""analysis_results/rec_q2_integration_2026-09-19/external/patient_component_effects.tsv"": ""f04e33f18752a8d2e5e28780b1ee86e5a9ea43dc2c6cc58bf21a4edfdc9a7690"", ""analysis_results/rec_q2_integration_2026-09-19/external/random_effects_meta.tsv"": ""b825107ad563846cfb81b87318ce69614696ceeae01d7e93c304305702915743""}"	source_data/panels/Supplementary_Figure_3_D.tsv	30	figures/Supplementary_Figure_3.pdf		a, All 28 patient component differences, grouped by the five original studies. Patient labels are study-local identifiers; qualified identities remain in the source data. b, All five study-omission random-effects estimates with Hartung–Knapp 95% intervals. c, Pooled component differences under harmonized fixed-background and all-target-mean scoring, with Hartung–Knapp intervals. b and c share an axis range. d, I² for all thirty members in the fixed row order of Fig. 3; a separate aligned row gives contributing study counts k. Grey cells indicate I² unavailable with fewer than two eligible studies, distinct from valid zero heterogeneity. Estimates are retained regardless of direction or member-level correction. Complete patient, study, scoring and omission results are in Supplementary Table 7.	Inputs read for this figure up to panel export; source tables can support multiple panels.	False	9a0b8f02ccb719b53d8fa352a45e62b5d06dd5b8a556ffef3d40295325b21d0e	f95823670ff684912df93604d56fba9453c7da565074a6db65971a712f196159	editable_figures/Supplementary_Figure_3.svg	review/Supplementary_Figure_3.png	{}	[]				
Supplementary_Figure_5	A	S14c first three columns	see source study/patient columns	15 independent bulk patients; 6 spatial patients	full/disjoint bulk scores and frozen HGP/localization definitions	complete30; near claudins21/13; bulk HRC97/Junction28 and disjoint95/26	TMM	saved HGP contrasts, separate bulk source models and descriptive normalization diagnostics	gene rHGP-minus-dHGP log2FC	gene rHGP-minus-dHGP log2FC	patient	frozen nominal 95% intervals where applicable	No new tests; existing families in Methods and exact q columns retained. Descriptive panels have no newly assigned q values.	"[""analysis_results/rec_junction_context_2026-09-16/definitions.tsv"", ""analysis_results/rec_manuscript_reinforcement_2026-09-17/integration/all_junction_members.tsv"", ""analysis_results/rec_evidence_bridge_2026-09-16/integration/coverage_only_claudin_HGP.tsv"", ""analysis_results/rec_manuscript_reinforcement_2026-09-17/bulk/score_effects.tsv"", ""analysis_results/rec_manuscript_reinforcement_2026-09-17/bulk/composition_models.tsv"", ""analysis_results/rec_evidence_bridge_2026-09-16/spatial/region_scores.tsv"", ""analysis_results/rec_manuscript_reinforcement_2026-09-17/diagnostics/patient_normalization_diagnostics.tsv"", ""analysis_results/rec_manuscript_reinforcement_2026-09-17/integration/member_measurement_status.tsv""]"	"{""analysis_results/rec_evidence_bridge_2026-09-16/integration/coverage_only_claudin_HGP.tsv"": ""91c5e6aae1ed9eefe4c805cb9e85e50add8b2991940d0754497a7e29477a4f9b"", ""analysis_results/rec_evidence_bridge_2026-09-16/spatial/region_scores.tsv"": ""7d8d6cf9f99e1f10c4ebfa36802c1283f43b1a1ab9f54d985776344cf83a88cf"", ""analysis_results/rec_junction_context_2026-09-16/definitions.tsv"": ""66167bd3d9127f970e2887597b5e0e3417a3eecb611256f7f1abfb11a84db523"", ""analysis_results/rec_manuscript_reinforcement_2026-09-17/bulk/composition_models.tsv"": ""525216e780a5cfdb16bb9fba07913d71ec682f0295df65353809d63b66808cc2"", ""analysis_results/rec_manuscript_reinforcement_2026-09-17/bulk/score_effects.tsv"": ""c08d62b0b1f29b474e18841df4a71b93f4855610517cea06d0a88d38d8f904ab"", ""analysis_results/rec_manuscript_reinforcement_2026-09-17/diagnostics/patient_normalization_diagnostics.tsv"": ""ea634d57051aee2a1918153007dac3b20636f2c454fa3118d8aa6d654ebaff01"", ""analysis_results/rec_manuscript_reinforcement_2026-09-17/integration/all_junction_members.tsv"": ""cd9fb45f05eb67c13bcc3e6ef7fd3703d90a58be343140480970b6369792c9b6"", ""analysis_results/rec_manuscript_reinforcement_2026-09-17/integration/member_measurement_status.tsv"": ""fc39f5fc43b2c4f5259b083fa90a9395cba7bd0c74bba367dbb4300203d3f224""}"	source_data/panels/Supplementary_Figure_5_A.tsv	30	figures/Supplementary_Figure_5.pdf	Full range shown; count-ineligible entries distinguished from valid zero.	a, All thirty junction members across bulk, whole tumour-side and near-region rHGP-minus-dHGP TMM contrasts. Rows match Fig. 3 and the full range is shown. Grey entries distinguish source absence (×) and abundance ineligibility (/), separately from valid zero. b, Near-region claudin score differences and patient-bootstrap 95% intervals for all 21 assayed or thirteen eligible members under TMM or library normalization. c, Bulk full/disjoint HRC and whole-junction scores and separate epithelial- or liver-adjusted coefficients, with nominal bootstrap intervals. d, Each of six patients’ near-minus-deep expression for claudin, polarity and HRC, using the full-membership, library-normalized localization scores of Fig. 4e. e, Top-ten transcript fractions versus log2 TMM factors in fifteen bulk and six spatial patients per context. Blue circles/orange squares indicate dHGP/rHGP. These diagnostics describe sensitivity without selecting normalization by outcome. Full expression matrices, REC50 projections, M–A data and interval estimates remain in Supplementary Table 4 and source data.	Inputs read for this figure up to panel export; source tables can support multiple panels.	False	c8561bf93a838a296f47c4cd1094485111b4295f72d77fc6a6c45b1c84375e65	2c099c19808d052769a73cc5e7dd5b912aee5185fd931a528c7bac1edbd9d5a7	editable_figures/Supplementary_Figure_5.svg	review/Supplementary_Figure_5.png	{}	"[""source_data/panels/Supplementary_Figure_5_A_measurement_status.tsv""]"				
Supplementary_Figure_5	B	Main 4c	see source study/patient columns	15 independent bulk patients; 6 spatial patients	full/disjoint bulk scores and frozen HGP/localization definitions	21 assayed or 13 eligible claudins	TMM/library only	saved HGP contrasts, separate bulk source models and descriptive normalization diagnostics	near-region mean-logCPM HGP difference	near-region mean-logCPM HGP difference	patient	within-HGP patient bootstrap	No new tests; existing families in Methods and exact q columns retained. Descriptive panels have no newly assigned q values.	"[""analysis_results/rec_junction_context_2026-09-16/definitions.tsv"", ""analysis_results/rec_manuscript_reinforcement_2026-09-17/integration/all_junction_members.tsv"", ""analysis_results/rec_evidence_bridge_2026-09-16/integration/coverage_only_claudin_HGP.tsv"", ""analysis_results/rec_manuscript_reinforcement_2026-09-17/bulk/score_effects.tsv"", ""analysis_results/rec_manuscript_reinforcement_2026-09-17/bulk/composition_models.tsv"", ""analysis_results/rec_evidence_bridge_2026-09-16/spatial/region_scores.tsv"", ""analysis_results/rec_manuscript_reinforcement_2026-09-17/diagnostics/patient_normalization_diagnostics.tsv"", ""analysis_results/rec_manuscript_reinforcement_2026-09-17/integration/member_measurement_status.tsv""]"	"{""analysis_results/rec_evidence_bridge_2026-09-16/integration/coverage_only_claudin_HGP.tsv"": ""91c5e6aae1ed9eefe4c805cb9e85e50add8b2991940d0754497a7e29477a4f9b"", ""analysis_results/rec_evidence_bridge_2026-09-16/spatial/region_scores.tsv"": ""7d8d6cf9f99e1f10c4ebfa36802c1283f43b1a1ab9f54d985776344cf83a88cf"", ""analysis_results/rec_junction_context_2026-09-16/definitions.tsv"": ""66167bd3d9127f970e2887597b5e0e3417a3eecb611256f7f1abfb11a84db523"", ""analysis_results/rec_manuscript_reinforcement_2026-09-17/bulk/composition_models.tsv"": ""525216e780a5cfdb16bb9fba07913d71ec682f0295df65353809d63b66808cc2"", ""analysis_results/rec_manuscript_reinforcement_2026-09-17/bulk/score_effects.tsv"": ""c08d62b0b1f29b474e18841df4a71b93f4855610517cea06d0a88d38d8f904ab"", ""analysis_results/rec_manuscript_reinforcement_2026-09-17/diagnostics/patient_normalization_diagnostics.tsv"": ""ea634d57051aee2a1918153007dac3b20636f2c454fa3118d8aa6d654ebaff01"", ""analysis_results/rec_manuscript_reinforcement_2026-09-17/integration/all_junction_members.tsv"": ""cd9fb45f05eb67c13bcc3e6ef7fd3703d90a58be343140480970b6369792c9b6"", ""analysis_results/rec_manuscript_reinforcement_2026-09-17/integration/member_measurement_status.tsv"": ""fc39f5fc43b2c4f5259b083fa90a9395cba7bd0c74bba367dbb4300203d3f224""}"	source_data/panels/Supplementary_Figure_5_B.tsv	4	figures/Supplementary_Figure_5.pdf		a, All thirty junction members across bulk, whole tumour-side and near-region rHGP-minus-dHGP TMM contrasts. Rows match Fig. 3 and the full range is shown. Grey entries distinguish source absence (×) and abundance ineligibility (/), separately from valid zero. b, Near-region claudin score differences and patient-bootstrap 95% intervals for all 21 assayed or thirteen eligible members under TMM or library normalization. c, Bulk full/disjoint HRC and whole-junction scores and separate epithelial- or liver-adjusted coefficients, with nominal bootstrap intervals. d, Each of six patients’ near-minus-deep expression for claudin, polarity and HRC, using the full-membership, library-normalized localization scores of Fig. 4e. e, Top-ten transcript fractions versus log2 TMM factors in fifteen bulk and six spatial patients per context. Blue circles/orange squares indicate dHGP/rHGP. These diagnostics describe sensitivity without selecting normalization by outcome. Full expression matrices, REC50 projections, M–A data and interval estimates remain in Supplementary Table 4 and source data.	Inputs read for this figure up to panel export; source tables can support multiple panels.	False	2d19247fe6547ec8678321df5d7604ce12b8b7279156ee173deb3ce418e4b696	2c099c19808d052769a73cc5e7dd5b912aee5185fd931a528c7bac1edbd9d5a7	editable_figures/Supplementary_Figure_5.svg	review/Supplementary_Figure_5.png	{}	[]				
Supplementary_Figure_5	C	S3b/S7d	GSE151165	15 independent bulk patients; 6 spatial patients	full/disjoint bulk scores and frozen HGP/localization definitions	complete30; near claudins21/13; bulk HRC97/Junction28 and disjoint95/26	TMM primary; explicit library-only sensitivities; D full-membership library-only scores	saved HGP contrasts, separate bulk source models and descriptive normalization diagnostics	full/disjoint scores and separate source-adjusted HGP coefficients	full/disjoint scores and separate source-adjusted HGP coefficients	patient	patient bootstrap	No new tests; existing families in Methods and exact q columns retained. Descriptive panels have no newly assigned q values.	"[""analysis_results/rec_junction_context_2026-09-16/definitions.tsv"", ""analysis_results/rec_manuscript_reinforcement_2026-09-17/integration/all_junction_members.tsv"", ""analysis_results/rec_evidence_bridge_2026-09-16/integration/coverage_only_claudin_HGP.tsv"", ""analysis_results/rec_manuscript_reinforcement_2026-09-17/bulk/score_effects.tsv"", ""analysis_results/rec_manuscript_reinforcement_2026-09-17/bulk/composition_models.tsv"", ""analysis_results/rec_evidence_bridge_2026-09-16/spatial/region_scores.tsv"", ""analysis_results/rec_manuscript_reinforcement_2026-09-17/diagnostics/patient_normalization_diagnostics.tsv"", ""analysis_results/rec_manuscript_reinforcement_2026-09-17/integration/member_measurement_status.tsv""]"	"{""analysis_results/rec_evidence_bridge_2026-09-16/integration/coverage_only_claudin_HGP.tsv"": ""91c5e6aae1ed9eefe4c805cb9e85e50add8b2991940d0754497a7e29477a4f9b"", ""analysis_results/rec_evidence_bridge_2026-09-16/spatial/region_scores.tsv"": ""7d8d6cf9f99e1f10c4ebfa36802c1283f43b1a1ab9f54d985776344cf83a88cf"", ""analysis_results/rec_junction_context_2026-09-16/definitions.tsv"": ""66167bd3d9127f970e2887597b5e0e3417a3eecb611256f7f1abfb11a84db523"", ""analysis_results/rec_manuscript_reinforcement_2026-09-17/bulk/composition_models.tsv"": ""525216e780a5cfdb16bb9fba07913d71ec682f0295df65353809d63b66808cc2"", ""analysis_results/rec_manuscript_reinforcement_2026-09-17/bulk/score_effects.tsv"": ""c08d62b0b1f29b474e18841df4a71b93f4855610517cea06d0a88d38d8f904ab"", ""analysis_results/rec_manuscript_reinforcement_2026-09-17/diagnostics/patient_normalization_diagnostics.tsv"": ""ea634d57051aee2a1918153007dac3b20636f2c454fa3118d8aa6d654ebaff01"", ""analysis_results/rec_manuscript_reinforcement_2026-09-17/integration/all_junction_members.tsv"": ""cd9fb45f05eb67c13bcc3e6ef7fd3703d90a58be343140480970b6369792c9b6"", ""analysis_results/rec_manuscript_reinforcement_2026-09-17/integration/member_measurement_status.tsv"": ""fc39f5fc43b2c4f5259b083fa90a9395cba7bd0c74bba367dbb4300203d3f224""}"	source_data/panels/Supplementary_Figure_5_C.tsv	8	figures/Supplementary_Figure_5.pdf		a, All thirty junction members across bulk, whole tumour-side and near-region rHGP-minus-dHGP TMM contrasts. Rows match Fig. 3 and the full range is shown. Grey entries distinguish source absence (×) and abundance ineligibility (/), separately from valid zero. b, Near-region claudin score differences and patient-bootstrap 95% intervals for all 21 assayed or thirteen eligible members under TMM or library normalization. c, Bulk full/disjoint HRC and whole-junction scores and separate epithelial- or liver-adjusted coefficients, with nominal bootstrap intervals. d, Each of six patients’ near-minus-deep expression for claudin, polarity and HRC, using the full-membership, library-normalized localization scores of Fig. 4e. e, Top-ten transcript fractions versus log2 TMM factors in fifteen bulk and six spatial patients per context. Blue circles/orange squares indicate dHGP/rHGP. These diagnostics describe sensitivity without selecting normalization by outcome. Full expression matrices, REC50 projections, M–A data and interval estimates remain in Supplementary Table 4 and source data.	Inputs read for this figure up to panel export; source tables can support multiple panels.	False	05b2556056fa2383fde2c2ee128ab95fd8ee773ae24688127f590aaceda94213	2c099c19808d052769a73cc5e7dd5b912aee5185fd931a528c7bac1edbd9d5a7	editable_figures/Supplementary_Figure_5.svg	review/Supplementary_Figure_5.png	{}	[]				
Supplementary_Figure_5	D	Main 4e	see source study/patient columns	15 independent bulk patients; 6 spatial patients	full/disjoint bulk scores and frozen HGP/localization definitions	complete30; near claudins21/13; bulk HRC97/Junction28 and disjoint95/26	library-only full-library log2CPM; prior=0.5*library/mean(library), full measured memberships	saved HGP contrasts, separate bulk source models and descriptive normalization diagnostics	patient near-minus-deep mean logCPM	patient near-minus-deep mean logCPM	patient	frozen nominal 95% intervals where applicable	No new tests; existing families in Methods and exact q columns retained. Descriptive panels have no newly assigned q values.	"[""analysis_results/rec_junction_context_2026-09-16/definitions.tsv"", ""analysis_results/rec_manuscript_reinforcement_2026-09-17/integration/all_junction_members.tsv"", ""analysis_results/rec_evidence_bridge_2026-09-16/integration/coverage_only_claudin_HGP.tsv"", ""analysis_results/rec_manuscript_reinforcement_2026-09-17/bulk/score_effects.tsv"", ""analysis_results/rec_manuscript_reinforcement_2026-09-17/bulk/composition_models.tsv"", ""analysis_results/rec_evidence_bridge_2026-09-16/spatial/region_scores.tsv"", ""analysis_results/rec_manuscript_reinforcement_2026-09-17/diagnostics/patient_normalization_diagnostics.tsv"", ""analysis_results/rec_manuscript_reinforcement_2026-09-17/integration/member_measurement_status.tsv""]"	"{""analysis_results/rec_evidence_bridge_2026-09-16/integration/coverage_only_claudin_HGP.tsv"": ""91c5e6aae1ed9eefe4c805cb9e85e50add8b2991940d0754497a7e29477a4f9b"", ""analysis_results/rec_evidence_bridge_2026-09-16/spatial/region_scores.tsv"": ""7d8d6cf9f99e1f10c4ebfa36802c1283f43b1a1ab9f54d985776344cf83a88cf"", ""analysis_results/rec_junction_context_2026-09-16/definitions.tsv"": ""66167bd3d9127f970e2887597b5e0e3417a3eecb611256f7f1abfb11a84db523"", ""analysis_results/rec_manuscript_reinforcement_2026-09-17/bulk/composition_models.tsv"": ""525216e780a5cfdb16bb9fba07913d71ec682f0295df65353809d63b66808cc2"", ""analysis_results/rec_manuscript_reinforcement_2026-09-17/bulk/score_effects.tsv"": ""c08d62b0b1f29b474e18841df4a71b93f4855610517cea06d0a88d38d8f904ab"", ""analysis_results/rec_manuscript_reinforcement_2026-09-17/diagnostics/patient_normalization_diagnostics.tsv"": ""ea634d57051aee2a1918153007dac3b20636f2c454fa3118d8aa6d654ebaff01"", ""analysis_results/rec_manuscript_reinforcement_2026-09-17/integration/all_junction_members.tsv"": ""cd9fb45f05eb67c13bcc3e6ef7fd3703d90a58be343140480970b6369792c9b6"", ""analysis_results/rec_manuscript_reinforcement_2026-09-17/integration/member_measurement_status.tsv"": ""fc39f5fc43b2c4f5259b083fa90a9395cba7bd0c74bba367dbb4300203d3f224""}"	source_data/panels/Supplementary_Figure_5_D.tsv	18	figures/Supplementary_Figure_5.pdf		a, All thirty junction members across bulk, whole tumour-side and near-region rHGP-minus-dHGP TMM contrasts. Rows match Fig. 3 and the full range is shown. Grey entries distinguish source absence (×) and abundance ineligibility (/), separately from valid zero. b, Near-region claudin score differences and patient-bootstrap 95% intervals for all 21 assayed or thirteen eligible members under TMM or library normalization. c, Bulk full/disjoint HRC and whole-junction scores and separate epithelial- or liver-adjusted coefficients, with nominal bootstrap intervals. d, Each of six patients’ near-minus-deep expression for claudin, polarity and HRC, using the full-membership, library-normalized localization scores of Fig. 4e. e, Top-ten transcript fractions versus log2 TMM factors in fifteen bulk and six spatial patients per context. Blue circles/orange squares indicate dHGP/rHGP. These diagnostics describe sensitivity without selecting normalization by outcome. Full expression matrices, REC50 projections, M–A data and interval estimates remain in Supplementary Table 4 and source data.	Inputs read for this figure up to panel export; source tables can support multiple panels.	False	a0d01b8d55ff5da9b1b82aa27f87bdcce105b14c3cef212f246d749c34d5b1e4	2c099c19808d052769a73cc5e7dd5b912aee5185fd931a528c7bac1edbd9d5a7	editable_figures/Supplementary_Figure_5.svg	review/Supplementary_Figure_5.png	"{""patient"": [""PT36"", ""PT44"", ""PT54"", ""PT55"", ""PT61"", ""PT68""]}"	[]				
Supplementary_Figure_5	E	S11b/d/f	see source study/patient columns	15 independent bulk patients; 6 spatial patients	full/disjoint bulk scores and frozen HGP/localization definitions	complete30; near claudins21/13; bulk HRC97/Junction28 and disjoint95/26	TMM primary; explicit library-only sensitivities; D full-membership library-only scores	saved HGP contrasts, separate bulk source models and descriptive normalization diagnostics	top-ten transcript fraction and TMM factor	top-ten transcript fraction and TMM factor	patient	descriptive; no normalization selection	No new tests; existing families in Methods and exact q columns retained. Descriptive panels have no newly assigned q values.	"[""analysis_results/rec_junction_context_2026-09-16/definitions.tsv"", ""analysis_results/rec_manuscript_reinforcement_2026-09-17/integration/all_junction_members.tsv"", ""analysis_results/rec_evidence_bridge_2026-09-16/integration/coverage_only_claudin_HGP.tsv"", ""analysis_results/rec_manuscript_reinforcement_2026-09-17/bulk/score_effects.tsv"", ""analysis_results/rec_manuscript_reinforcement_2026-09-17/bulk/composition_models.tsv"", ""analysis_results/rec_evidence_bridge_2026-09-16/spatial/region_scores.tsv"", ""analysis_results/rec_manuscript_reinforcement_2026-09-17/diagnostics/patient_normalization_diagnostics.tsv"", ""analysis_results/rec_manuscript_reinforcement_2026-09-17/integration/member_measurement_status.tsv""]"	"{""analysis_results/rec_evidence_bridge_2026-09-16/integration/coverage_only_claudin_HGP.tsv"": ""91c5e6aae1ed9eefe4c805cb9e85e50add8b2991940d0754497a7e29477a4f9b"", ""analysis_results/rec_evidence_bridge_2026-09-16/spatial/region_scores.tsv"": ""7d8d6cf9f99e1f10c4ebfa36802c1283f43b1a1ab9f54d985776344cf83a88cf"", ""analysis_results/rec_junction_context_2026-09-16/definitions.tsv"": ""66167bd3d9127f970e2887597b5e0e3417a3eecb611256f7f1abfb11a84db523"", ""analysis_results/rec_manuscript_reinforcement_2026-09-17/bulk/composition_models.tsv"": ""525216e780a5cfdb16bb9fba07913d71ec682f0295df65353809d63b66808cc2"", ""analysis_results/rec_manuscript_reinforcement_2026-09-17/bulk/score_effects.tsv"": ""c08d62b0b1f29b474e18841df4a71b93f4855610517cea06d0a88d38d8f904ab"", ""analysis_results/rec_manuscript_reinforcement_2026-09-17/diagnostics/patient_normalization_diagnostics.tsv"": ""ea634d57051aee2a1918153007dac3b20636f2c454fa3118d8aa6d654ebaff01"", ""analysis_results/rec_manuscript_reinforcement_2026-09-17/integration/all_junction_members.tsv"": ""cd9fb45f05eb67c13bcc3e6ef7fd3703d90a58be343140480970b6369792c9b6"", ""analysis_results/rec_manuscript_reinforcement_2026-09-17/integration/member_measurement_status.tsv"": ""fc39f5fc43b2c4f5259b083fa90a9395cba7bd0c74bba367dbb4300203d3f224""}"	source_data/panels/Supplementary_Figure_5_E.tsv	27	figures/Supplementary_Figure_5.pdf		a, All thirty junction members across bulk, whole tumour-side and near-region rHGP-minus-dHGP TMM contrasts. Rows match Fig. 3 and the full range is shown. Grey entries distinguish source absence (×) and abundance ineligibility (/), separately from valid zero. b, Near-region claudin score differences and patient-bootstrap 95% intervals for all 21 assayed or thirteen eligible members under TMM or library normalization. c, Bulk full/disjoint HRC and whole-junction scores and separate epithelial- or liver-adjusted coefficients, with nominal bootstrap intervals. d, Each of six patients’ near-minus-deep expression for claudin, polarity and HRC, using the full-membership, library-normalized localization scores of Fig. 4e. e, Top-ten transcript fractions versus log2 TMM factors in fifteen bulk and six spatial patients per context. Blue circles/orange squares indicate dHGP/rHGP. These diagnostics describe sensitivity without selecting normalization by outcome. Full expression matrices, REC50 projections, M–A data and interval estimates remain in Supplementary Table 4 and source data.	Inputs read for this figure up to panel export; source tables can support multiple panels.	False	dfcb721600aaf6c68cd4307382c085b3103995a9029f089f3ee24096ceadb0ef	2c099c19808d052769a73cc5e7dd5b912aee5185fd931a528c7bac1edbd9d5a7	editable_figures/Supplementary_Figure_5.svg	review/Supplementary_Figure_5.png	"{""patient"": [""KR-003"", ""KR-005"", ""KR-007"", ""KR-009"", ""KR-011"", ""KR-013"", ""KR-015"", ""KR-017"", ""KR-019"", ""KR-021"", ""KR-025"", ""KR-027"", ""KR-031"", ""KR-064"", ""KR-066"", ""PT36"", ""PT44"", ""PT54"", ""PT55"", ""PT61"", ""PT68""], ""sample"": [""Sample1"", ""Sample3"", ""Sample4"", ""Sample5"", ""Sample6"", ""Sample7""]}"	[]				
Supplementary_Figure_6	A	S15a–d	see source study/patient columns	11 pairs / 10 same-section subset	fixed count-eligible sets and disjoint source proxies	complete30 inventory; eligible HRC88/Claudin15/Polarity8/Junction24	TMM and library_only	baseline and source_adjusted	all 30 member log2FC across eight specifications	all 30 member log2FC across eight specifications	patient	frozen nominal 95% intervals where applicable	frozen measured-member BH; q_junction	"[""analysis_results/rec_junction_context_2026-09-16/definitions.tsv"", ""analysis_results/rec_q2_integration_2026-09-19/regional/all30_member_results.tsv"", ""analysis_results/rec_q2_integration_2026-09-19/regional/programme_tests.tsv"", ""analysis_results/rec_q2_integration_2026-09-19/regional/within_patient_VIF.tsv"", ""analysis_results/rec_q2_integration_2026-09-19/regional/model_diagnostics.tsv""]"	"{""analysis_results/rec_junction_context_2026-09-16/definitions.tsv"": ""66167bd3d9127f970e2887597b5e0e3417a3eecb611256f7f1abfb11a84db523"", ""analysis_results/rec_q2_integration_2026-09-19/regional/all30_member_results.tsv"": ""345b0549a422c8c70bac150af862681ab40675fe83104e462c77e957d0ca92db"", ""analysis_results/rec_q2_integration_2026-09-19/regional/model_diagnostics.tsv"": ""3a9dab7778f6d1de4082394f572fbfd803d9f7a57f9c6484fe769b6564097d91"", ""analysis_results/rec_q2_integration_2026-09-19/regional/programme_tests.tsv"": ""2121d33dc94de11bccca33ee9d208b778abd96a4c44b0268b0bd7d4b61dbfc6c"", ""analysis_results/rec_q2_integration_2026-09-19/regional/within_patient_VIF.tsv"": ""3fa4288991a68e33c1d24b0d0bcc717cd9630cdfc58fb29969f53e1ab0cc0378""}"	source_data/panels/Supplementary_Figure_6_A.tsv	240	figures/Supplementary_Figure_6.pdf	Complete intervals retained in Table 8; no clipping of heatmap limits.	a, All thirty members across eight specifications: eleven pairs or ten same-section pairs, TMM or library-only normalization, and baseline (B) or source-adjusted (A) models. Dots mark measured-member BH q < 0.05; slashes mark count ineligibility. The full range and fixed order are retained. b, Complete adjusted TMM estimates and approximate QL-Wald 95% intervals for both datasets, aligned with a. Identical axes contain every interval; NA denotes ineligible members. c, Directional and mixed-direction programme q values for baseline/adjusted TMM models, with separate four-programme BH families. Bold values are below 0.05; rounded display values do not replace full-precision results. d, Within-patient variance inflation factors for region and source proxies, with residual model degrees of freedom. Column groups identify the paired datasets and TMM/library normalization. Adjustment leaves seven residual degrees of freedom in eleven pairs and six in the same-section subset. The interval and diagnostic displays retain the loss of precision alongside coefficient changes. All eight specifications and complete intervals are in Supplementary Table 8.	Inputs read for this figure up to panel export; source tables can support multiple panels.	False	95868b69045b560db46256e163887ab67ab63c4d8f6a078cab80ceafa10c03d1	890b4295e4beb00734b80968da815b39c806b550fe91dc5986ff5559f6d71bce	editable_figures/Supplementary_Figure_6.svg	review/Supplementary_Figure_6.png	{}	[]				
Supplementary_Figure_6	B	new encoding of frozen results	see source study/patient columns	11 pairs / 10 same-section subset	fixed count-eligible sets and disjoint source proxies	complete30 inventory; eligible HRC88/Claudin15/Polarity8/Junction24	TMM	source_adjusted	all 30 member log2FC	all 30 member log2FC	patient	approximate QL-Wald; identical full-range axes	No new tests; existing families in Methods and exact q columns retained. Descriptive panels have no newly assigned q values.	"[""analysis_results/rec_junction_context_2026-09-16/definitions.tsv"", ""analysis_results/rec_q2_integration_2026-09-19/regional/all30_member_results.tsv"", ""analysis_results/rec_q2_integration_2026-09-19/regional/programme_tests.tsv"", ""analysis_results/rec_q2_integration_2026-09-19/regional/within_patient_VIF.tsv"", ""analysis_results/rec_q2_integration_2026-09-19/regional/model_diagnostics.tsv""]"	"{""analysis_results/rec_junction_context_2026-09-16/definitions.tsv"": ""66167bd3d9127f970e2887597b5e0e3417a3eecb611256f7f1abfb11a84db523"", ""analysis_results/rec_q2_integration_2026-09-19/regional/all30_member_results.tsv"": ""345b0549a422c8c70bac150af862681ab40675fe83104e462c77e957d0ca92db"", ""analysis_results/rec_q2_integration_2026-09-19/regional/model_diagnostics.tsv"": ""3a9dab7778f6d1de4082394f572fbfd803d9f7a57f9c6484fe769b6564097d91"", ""analysis_results/rec_q2_integration_2026-09-19/regional/programme_tests.tsv"": ""2121d33dc94de11bccca33ee9d208b778abd96a4c44b0268b0bd7d4b61dbfc6c"", ""analysis_results/rec_q2_integration_2026-09-19/regional/within_patient_VIF.tsv"": ""3fa4288991a68e33c1d24b0d0bcc717cd9630cdfc58fb29969f53e1ab0cc0378""}"	source_data/panels/Supplementary_Figure_6_B.tsv	60	figures/Supplementary_Figure_6.pdf		a, All thirty members across eight specifications: eleven pairs or ten same-section pairs, TMM or library-only normalization, and baseline (B) or source-adjusted (A) models. Dots mark measured-member BH q < 0.05; slashes mark count ineligibility. The full range and fixed order are retained. b, Complete adjusted TMM estimates and approximate QL-Wald 95% intervals for both datasets, aligned with a. Identical axes contain every interval; NA denotes ineligible members. c, Directional and mixed-direction programme q values for baseline/adjusted TMM models, with separate four-programme BH families. Bold values are below 0.05; rounded display values do not replace full-precision results. d, Within-patient variance inflation factors for region and source proxies, with residual model degrees of freedom. Column groups identify the paired datasets and TMM/library normalization. Adjustment leaves seven residual degrees of freedom in eleven pairs and six in the same-section subset. The interval and diagnostic displays retain the loss of precision alongside coefficient changes. All eight specifications and complete intervals are in Supplementary Table 8.	Inputs read for this figure up to panel export; source tables can support multiple panels.	False	98fe70a6049d54854e004d9fe80bacda5c7feb9dc442020ec19a325ce988d4d9	890b4295e4beb00734b80968da815b39c806b550fe91dc5986ff5559f6d71bce	editable_figures/Supplementary_Figure_6.svg	review/Supplementary_Figure_6.png	{}	[]				
Supplementary_Figure_6	C	new encoding of frozen results	see source study/patient columns	11 pairs / 10 same-section subset	fixed count-eligible sets and disjoint source proxies	complete30 inventory; eligible HRC88/Claudin15/Polarity8/Junction24	TMM	baseline and source_adjusted	directional and mixed-direction programme tests	directional and mixed-direction programme tests	patient	frozen nominal 95% intervals where applicable	separate four-programme families for each test/specification	"[""analysis_results/rec_junction_context_2026-09-16/definitions.tsv"", ""analysis_results/rec_q2_integration_2026-09-19/regional/all30_member_results.tsv"", ""analysis_results/rec_q2_integration_2026-09-19/regional/programme_tests.tsv"", ""analysis_results/rec_q2_integration_2026-09-19/regional/within_patient_VIF.tsv"", ""analysis_results/rec_q2_integration_2026-09-19/regional/model_diagnostics.tsv""]"	"{""analysis_results/rec_junction_context_2026-09-16/definitions.tsv"": ""66167bd3d9127f970e2887597b5e0e3417a3eecb611256f7f1abfb11a84db523"", ""analysis_results/rec_q2_integration_2026-09-19/regional/all30_member_results.tsv"": ""345b0549a422c8c70bac150af862681ab40675fe83104e462c77e957d0ca92db"", ""analysis_results/rec_q2_integration_2026-09-19/regional/model_diagnostics.tsv"": ""3a9dab7778f6d1de4082394f572fbfd803d9f7a57f9c6484fe769b6564097d91"", ""analysis_results/rec_q2_integration_2026-09-19/regional/programme_tests.tsv"": ""2121d33dc94de11bccca33ee9d208b778abd96a4c44b0268b0bd7d4b61dbfc6c"", ""analysis_results/rec_q2_integration_2026-09-19/regional/within_patient_VIF.tsv"": ""3fa4288991a68e33c1d24b0d0bcc717cd9630cdfc58fb29969f53e1ab0cc0378""}"	source_data/panels/Supplementary_Figure_6_C.tsv	16	figures/Supplementary_Figure_6.pdf		a, All thirty members across eight specifications: eleven pairs or ten same-section pairs, TMM or library-only normalization, and baseline (B) or source-adjusted (A) models. Dots mark measured-member BH q < 0.05; slashes mark count ineligibility. The full range and fixed order are retained. b, Complete adjusted TMM estimates and approximate QL-Wald 95% intervals for both datasets, aligned with a. Identical axes contain every interval; NA denotes ineligible members. c, Directional and mixed-direction programme q values for baseline/adjusted TMM models, with separate four-programme BH families. Bold values are below 0.05; rounded display values do not replace full-precision results. d, Within-patient variance inflation factors for region and source proxies, with residual model degrees of freedom. Column groups identify the paired datasets and TMM/library normalization. Adjustment leaves seven residual degrees of freedom in eleven pairs and six in the same-section subset. The interval and diagnostic displays retain the loss of precision alongside coefficient changes. All eight specifications and complete intervals are in Supplementary Table 8.	Inputs read for this figure up to panel export; source tables can support multiple panels.	False	5f1d4403b80c92dd9cba1d3ee1a7b5e020f36439254f48cc655e899a1a68d231	890b4295e4beb00734b80968da815b39c806b550fe91dc5986ff5559f6d71bce	editable_figures/Supplementary_Figure_6.svg	review/Supplementary_Figure_6.png	{}	[]				
Supplementary_Figure_6	D	new encoding of frozen results	see source study/patient columns	11 paired patients; included same-section subset of10	fixed count-eligible sets and disjoint source proxies	complete30 inventory; eligible HRC88/Claudin15/Polarity8/Junction24	TMM and library-only as labelled	source_adjusted	within-patient VIF and residual model df	within-patient VIF and residual model df	patient	descriptive diagnostics	No new tests; existing families in Methods and exact q columns retained. Descriptive panels have no newly assigned q values.	"[""analysis_results/rec_junction_context_2026-09-16/definitions.tsv"", ""analysis_results/rec_q2_integration_2026-09-19/regional/all30_member_results.tsv"", ""analysis_results/rec_q2_integration_2026-09-19/regional/programme_tests.tsv"", ""analysis_results/rec_q2_integration_2026-09-19/regional/within_patient_VIF.tsv"", ""analysis_results/rec_q2_integration_2026-09-19/regional/model_diagnostics.tsv""]"	"{""analysis_results/rec_junction_context_2026-09-16/definitions.tsv"": ""66167bd3d9127f970e2887597b5e0e3417a3eecb611256f7f1abfb11a84db523"", ""analysis_results/rec_q2_integration_2026-09-19/regional/all30_member_results.tsv"": ""345b0549a422c8c70bac150af862681ab40675fe83104e462c77e957d0ca92db"", ""analysis_results/rec_q2_integration_2026-09-19/regional/model_diagnostics.tsv"": ""3a9dab7778f6d1de4082394f572fbfd803d9f7a57f9c6484fe769b6564097d91"", ""analysis_results/rec_q2_integration_2026-09-19/regional/programme_tests.tsv"": ""2121d33dc94de11bccca33ee9d208b778abd96a4c44b0268b0bd7d4b61dbfc6c"", ""analysis_results/rec_q2_integration_2026-09-19/regional/within_patient_VIF.tsv"": ""3fa4288991a68e33c1d24b0d0bcc717cd9630cdfc58fb29969f53e1ab0cc0378""}"	source_data/panels/Supplementary_Figure_6_D.tsv	16	figures/Supplementary_Figure_6.pdf		a, All thirty members across eight specifications: eleven pairs or ten same-section pairs, TMM or library-only normalization, and baseline (B) or source-adjusted (A) models. Dots mark measured-member BH q < 0.05; slashes mark count ineligibility. The full range and fixed order are retained. b, Complete adjusted TMM estimates and approximate QL-Wald 95% intervals for both datasets, aligned with a. Identical axes contain every interval; NA denotes ineligible members. c, Directional and mixed-direction programme q values for baseline/adjusted TMM models, with separate four-programme BH families. Bold values are below 0.05; rounded display values do not replace full-precision results. d, Within-patient variance inflation factors for region and source proxies, with residual model degrees of freedom. Column groups identify the paired datasets and TMM/library normalization. Adjustment leaves seven residual degrees of freedom in eleven pairs and six in the same-section subset. The interval and diagnostic displays retain the loss of precision alongside coefficient changes. All eight specifications and complete intervals are in Supplementary Table 8.	Inputs read for this figure up to panel export; source tables can support multiple panels.	False	3fa4288991a68e33c1d24b0d0bcc717cd9630cdfc58fb29969f53e1ab0cc0378	890b4295e4beb00734b80968da815b39c806b550fe91dc5986ff5559f6d71bce	editable_figures/Supplementary_Figure_6.svg	review/Supplementary_Figure_6.png	{}	"[""source_data/panels/Supplementary_Figure_6_D_model_diagnostics.tsv""]"				
Figure_1	A	new encoding of frozen results	see source study/patient columns	ISS 17-patient resource; primary HGP 7 d/8 r; Ogden reference	ISS source states and Ogden reference centroids	NC3 / REC / HRC / REC50 roles distinct	source centroids; proportions for spatial endpoints	descriptive patient summaries or frozen conditional spatial null	as labelled	as labelled	no statistical inference in this schematic/coordinate panel	schematic	No new tests; existing families in Methods and exact q columns retained. Descriptive panels have no newly assigned q values.	"[""manuscript/rec_discovery_reinforced_2026-09-17/source_data/preserved_figure_inputs/Figure_1/figure1a.tsv"", ""manuscript/rec_discovery_reinforced_2026-09-17/source_data/preserved_figure_inputs/Figure_1/figure1c.tsv"", ""manuscript/rec_discovery_reinforced_2026-09-17/source_data/preserved_figure_inputs/Figure_1/figure1d.tsv"", ""manuscript/rec_discovery_reinforced_2026-09-17/source_data/preserved_figure_inputs/Figure_1/figure_phase2_topology_residual_summary_source_data.tsv"", ""manuscript/rec_discovery_reinforced_2026-09-17/source_data/preserved_figure_inputs/Figure_2/figure2a.tsv"", ""manuscript/rec_figure1_matched_frames_2026-09-10/review/crop_definition.json"", ""manuscript/rec_author_finalization_2026-09-20/Biology_Direct_Main_Manuscript.md""]"	"{""manuscript/rec_author_finalization_2026-09-20/Biology_Direct_Main_Manuscript.md"": ""075b547266b2ae7157a3bbf7fe783a484dc4a0e90cd2ae4e6dce375290ef5f04"", ""manuscript/rec_discovery_reinforced_2026-09-17/source_data/preserved_figure_inputs/Figure_1/figure1a.tsv"": ""c1baf0f30bbb4ebc4ed78476f0e4ed0a0656a7c9b2bc85c3566bedd885408d34"", ""manuscript/rec_discovery_reinforced_2026-09-17/source_data/preserved_figure_inputs/Figure_1/figure1c.tsv"": ""e9faf3d6690c37368d8e57587802424af622cfcac8f3a753ff51a4bc858b7a49"", ""manuscript/rec_discovery_reinforced_2026-09-17/source_data/preserved_figure_inputs/Figure_1/figure1d.tsv"": ""f15a65c98e048458c2642f4f71b17cefc0d0f0891a84c2974acee1a43b4235ba"", ""manuscript/rec_discovery_reinforced_2026-09-17/source_data/preserved_figure_inputs/Figure_1/figure_phase2_topology_residual_summary_source_data.tsv"": ""b26d2d47cb4d168c48a114cd9ebbb9e9c6e4919d0dddc50e0b110e30caebd817"", ""manuscript/rec_discovery_reinforced_2026-09-17/source_data/preserved_figure_inputs/Figure_2/figure2a.tsv"": ""ab9b2d88cc184ef0295264c7901c1ad23bd11bf4422842e7b52d5ad18b02de66"", ""manuscript/rec_figure1_matched_frames_2026-09-10/review/crop_definition.json"": ""bee4be8d35f61946608241a2cd348c886c48c46e2f6d787b744babadf7c3721a""}"	source_data/panels/Figure_1_A.tsv	6	figures/Figure_1.pdf	Three resource groups; separate Ogden reference input. Biomedical icon views are raster; all labels, grouping and arrows are vector.	a, Arrows link resources to analyses; the dashed Ogden link supplies the state reference. AI-generated schematic icons: OpenAI imagegen. Patient counts refer to analysis-specific subsets. Ogden’s 14 denotes component discovery. Atlas is an acquisition container; E-MTAB-12022/12043 share four patients; ten same-section patients are among eleven with paired regions. NC3, source population; REC, reference state; HRC, primary regenerative readout; REC50, auxiliary projection. b, P02 (dHGP) and P18 (rHGP) ISS fields share a coordinate scale; the overview locates the P18 crop. Analyses use complete fields. c,d, NC3 fraction and the fraction with ≥1 liver epithelial neighbour (ten-neighbour graph), both among neoplastic cells. Points: 7 dHGP, 8 rHGP patients; bars: means, with equal within-patient ROI weights. e, Observed-minus-conditional-null adjacency and patient-bootstrap 95% intervals. Homotypic adjacency requires another NC3 neighbour; dual adjacency requires both NC3 and damaged-hepatocyte (DHC) neighbours around an NC3 cell. The null preserves local abundance, anatomical strata and coordinates. pp, percentage points. f, ISS × Ogden centroid Pearson correlations across 94 genes. NC3–REC (r = 0.387) is outlined. Colono., Colonocyte; Interm., Intermediate; Stem-N., Stem NOTUM. Robustness: Supplementary Fig. 1 and Table 2.	Inputs read for this figure up to panel export; source tables can support multiple panels.	False	eb406271f1f72fc3265c199f3027c83f213c71055e85bad6f346c6c9823076d4	1ccbbbe303d8101f9033a81fb32bccc0735b03655e86485060751d01cec802ce	editable_figures/Figure_1.svg	review/Figure_1.png	{}	[]	assets/medical_icons.png	9853821b1a767a420d63c1ec4c38d244c0300b642d38262845c29099a99b042f	Study_design_connections.tsv	Study_design_sources.tsv
Figure_1	B	S17a	ISS original cell coordinates	representative P02/P18; inference uses complete fields	ISS source states and Ogden reference centroids	NC1/NC2/NC3/NCγ and 94 shared mapping genes	source centroids; proportions for spatial endpoints	descriptive patient summaries or frozen conditional spatial null	coordinate display	coordinate display	no statistical inference in this schematic/coordinate panel	none	No new tests; existing families in Methods and exact q columns retained. Descriptive panels have no newly assigned q values.	"[""manuscript/rec_discovery_reinforced_2026-09-17/source_data/preserved_figure_inputs/Figure_1/figure1a.tsv"", ""manuscript/rec_discovery_reinforced_2026-09-17/source_data/preserved_figure_inputs/Figure_1/figure1c.tsv"", ""manuscript/rec_discovery_reinforced_2026-09-17/source_data/preserved_figure_inputs/Figure_1/figure1d.tsv"", ""manuscript/rec_discovery_reinforced_2026-09-17/source_data/preserved_figure_inputs/Figure_1/figure_phase2_topology_residual_summary_source_data.tsv"", ""manuscript/rec_discovery_reinforced_2026-09-17/source_data/preserved_figure_inputs/Figure_2/figure2a.tsv"", ""manuscript/rec_figure1_matched_frames_2026-09-10/review/crop_definition.json"", ""manuscript/rec_author_finalization_2026-09-20/Biology_Direct_Main_Manuscript.md""]"	"{""manuscript/rec_author_finalization_2026-09-20/Biology_Direct_Main_Manuscript.md"": ""075b547266b2ae7157a3bbf7fe783a484dc4a0e90cd2ae4e6dce375290ef5f04"", ""manuscript/rec_discovery_reinforced_2026-09-17/source_data/preserved_figure_inputs/Figure_1/figure1a.tsv"": ""c1baf0f30bbb4ebc4ed78476f0e4ed0a0656a7c9b2bc85c3566bedd885408d34"", ""manuscript/rec_discovery_reinforced_2026-09-17/source_data/preserved_figure_inputs/Figure_1/figure1c.tsv"": ""e9faf3d6690c37368d8e57587802424af622cfcac8f3a753ff51a4bc858b7a49"", ""manuscript/rec_discovery_reinforced_2026-09-17/source_data/preserved_figure_inputs/Figure_1/figure1d.tsv"": ""f15a65c98e048458c2642f4f71b17cefc0d0f0891a84c2974acee1a43b4235ba"", ""manuscript/rec_discovery_reinforced_2026-09-17/source_data/preserved_figure_inputs/Figure_1/figure_phase2_topology_residual_summary_source_data.tsv"": ""b26d2d47cb4d168c48a114cd9ebbb9e9c6e4919d0dddc50e0b110e30caebd817"", ""manuscript/rec_discovery_reinforced_2026-09-17/source_data/preserved_figure_inputs/Figure_2/figure2a.tsv"": ""ab9b2d88cc184ef0295264c7901c1ad23bd11bf4422842e7b52d5ad18b02de66"", ""manuscript/rec_figure1_matched_frames_2026-09-10/review/crop_definition.json"": ""bee4be8d35f61946608241a2cd348c886c48c46e2f6d787b744babadf7c3721a""}"	source_data/panels/Figure_1_B.tsv	22507	figures/Figure_1.pdf	"{""selection"": ""central coordinate window; no cell-state selection"", ""y_min"": 7962.848215, ""y_max"": 21167.151785000002, ""displayed_cells"": 8380, ""full_cells"": 14985, ""enlargement"": 2.1824996255613582, ""analyses_changed"": false}"	a, Arrows link resources to analyses; the dashed Ogden link supplies the state reference. AI-generated schematic icons: OpenAI imagegen. Patient counts refer to analysis-specific subsets. Ogden’s 14 denotes component discovery. Atlas is an acquisition container; E-MTAB-12022/12043 share four patients; ten same-section patients are among eleven with paired regions. NC3, source population; REC, reference state; HRC, primary regenerative readout; REC50, auxiliary projection. b, P02 (dHGP) and P18 (rHGP) ISS fields share a coordinate scale; the overview locates the P18 crop. Analyses use complete fields. c,d, NC3 fraction and the fraction with ≥1 liver epithelial neighbour (ten-neighbour graph), both among neoplastic cells. Points: 7 dHGP, 8 rHGP patients; bars: means, with equal within-patient ROI weights. e, Observed-minus-conditional-null adjacency and patient-bootstrap 95% intervals. Homotypic adjacency requires another NC3 neighbour; dual adjacency requires both NC3 and damaged-hepatocyte (DHC) neighbours around an NC3 cell. The null preserves local abundance, anatomical strata and coordinates. pp, percentage points. f, ISS × Ogden centroid Pearson correlations across 94 genes. NC3–REC (r = 0.387) is outlined. Colono., Colonocyte; Interm., Intermediate; Stem-N., Stem NOTUM. Robustness: Supplementary Fig. 1 and Table 2.	Inputs read for this figure up to panel export; source tables can support multiple panels.	False	f9ca36aa00f0b3bcbf265daa430f7a9b13b03fda1e0f8654d40929c172bcd37b	1ccbbbe303d8101f9033a81fb32bccc0735b03655e86485060751d01cec802ce	editable_figures/Figure_1.svg	review/Figure_1.png	{}	[]				
Figure_1	C	Main 1a	see source study/patient columns	7 dHGP / 8 rHGP	ISS source states and Ogden reference centroids	NC1/NC2/NC3/NCγ and 94 shared mapping genes	source centroids; proportions for spatial endpoints	descriptive patient summaries or frozen conditional spatial null	NC3 fraction, equal ROI weighting	NC3 fraction, equal ROI weighting	patient	frozen nominal 95% intervals where applicable	No new tests; existing families in Methods and exact q columns retained. Descriptive panels have no newly assigned q values.	"[""manuscript/rec_discovery_reinforced_2026-09-17/source_data/preserved_figure_inputs/Figure_1/figure1a.tsv"", ""manuscript/rec_discovery_reinforced_2026-09-17/source_data/preserved_figure_inputs/Figure_1/figure1c.tsv"", ""manuscript/rec_discovery_reinforced_2026-09-17/source_data/preserved_figure_inputs/Figure_1/figure1d.tsv"", ""manuscript/rec_discovery_reinforced_2026-09-17/source_data/preserved_figure_inputs/Figure_1/figure_phase2_topology_residual_summary_source_data.tsv"", ""manuscript/rec_discovery_reinforced_2026-09-17/source_data/preserved_figure_inputs/Figure_2/figure2a.tsv"", ""manuscript/rec_figure1_matched_frames_2026-09-10/review/crop_definition.json"", ""manuscript/rec_author_finalization_2026-09-20/Biology_Direct_Main_Manuscript.md""]"	"{""manuscript/rec_author_finalization_2026-09-20/Biology_Direct_Main_Manuscript.md"": ""075b547266b2ae7157a3bbf7fe783a484dc4a0e90cd2ae4e6dce375290ef5f04"", ""manuscript/rec_discovery_reinforced_2026-09-17/source_data/preserved_figure_inputs/Figure_1/figure1a.tsv"": ""c1baf0f30bbb4ebc4ed78476f0e4ed0a0656a7c9b2bc85c3566bedd885408d34"", ""manuscript/rec_discovery_reinforced_2026-09-17/source_data/preserved_figure_inputs/Figure_1/figure1c.tsv"": ""e9faf3d6690c37368d8e57587802424af622cfcac8f3a753ff51a4bc858b7a49"", ""manuscript/rec_discovery_reinforced_2026-09-17/source_data/preserved_figure_inputs/Figure_1/figure1d.tsv"": ""f15a65c98e048458c2642f4f71b17cefc0d0f0891a84c2974acee1a43b4235ba"", ""manuscript/rec_discovery_reinforced_2026-09-17/source_data/preserved_figure_inputs/Figure_1/figure_phase2_topology_residual_summary_source_data.tsv"": ""b26d2d47cb4d168c48a114cd9ebbb9e9c6e4919d0dddc50e0b110e30caebd817"", ""manuscript/rec_discovery_reinforced_2026-09-17/source_data/preserved_figure_inputs/Figure_2/figure2a.tsv"": ""ab9b2d88cc184ef0295264c7901c1ad23bd11bf4422842e7b52d5ad18b02de66"", ""manuscript/rec_figure1_matched_frames_2026-09-10/review/crop_definition.json"": ""bee4be8d35f61946608241a2cd348c886c48c46e2f6d787b744babadf7c3721a""}"	source_data/panels/Figure_1_C.tsv	15	figures/Figure_1.pdf		a, Arrows link resources to analyses; the dashed Ogden link supplies the state reference. AI-generated schematic icons: OpenAI imagegen. Patient counts refer to analysis-specific subsets. Ogden’s 14 denotes component discovery. Atlas is an acquisition container; E-MTAB-12022/12043 share four patients; ten same-section patients are among eleven with paired regions. NC3, source population; REC, reference state; HRC, primary regenerative readout; REC50, auxiliary projection. b, P02 (dHGP) and P18 (rHGP) ISS fields share a coordinate scale; the overview locates the P18 crop. Analyses use complete fields. c,d, NC3 fraction and the fraction with ≥1 liver epithelial neighbour (ten-neighbour graph), both among neoplastic cells. Points: 7 dHGP, 8 rHGP patients; bars: means, with equal within-patient ROI weights. e, Observed-minus-conditional-null adjacency and patient-bootstrap 95% intervals. Homotypic adjacency requires another NC3 neighbour; dual adjacency requires both NC3 and damaged-hepatocyte (DHC) neighbours around an NC3 cell. The null preserves local abundance, anatomical strata and coordinates. pp, percentage points. f, ISS × Ogden centroid Pearson correlations across 94 genes. NC3–REC (r = 0.387) is outlined. Colono., Colonocyte; Interm., Intermediate; Stem-N., Stem NOTUM. Robustness: Supplementary Fig. 1 and Table 2.	Inputs read for this figure up to panel export; source tables can support multiple panels.	False	e9faf3d6690c37368d8e57587802424af622cfcac8f3a753ff51a4bc858b7a49	1ccbbbe303d8101f9033a81fb32bccc0735b03655e86485060751d01cec802ce	editable_figures/Figure_1.svg	review/Figure_1.png	"{""canonical_patient"": [""P01"", ""P02"", ""P04"", ""P06"", ""P07"", ""P08"", ""P10"", ""P11"", ""P12"", ""P13"", ""P14"", ""P15"", ""P16"", ""P17"", ""P18""]}"	[]				
Figure_1	D	Main 1b	see source study/patient columns	7 dHGP / 8 rHGP	ISS source states and Ogden reference centroids	NC1/NC2/NC3/NCγ and 94 shared mapping genes	source centroids; proportions for spatial endpoints	descriptive patient summaries or frozen conditional spatial null	ten-nearest-neighbour liver contact frequency	ten-nearest-neighbour liver contact frequency	patient	frozen nominal 95% intervals where applicable	No new tests; existing families in Methods and exact q columns retained. Descriptive panels have no newly assigned q values.	"[""manuscript/rec_discovery_reinforced_2026-09-17/source_data/preserved_figure_inputs/Figure_1/figure1a.tsv"", ""manuscript/rec_discovery_reinforced_2026-09-17/source_data/preserved_figure_inputs/Figure_1/figure1c.tsv"", ""manuscript/rec_discovery_reinforced_2026-09-17/source_data/preserved_figure_inputs/Figure_1/figure1d.tsv"", ""manuscript/rec_discovery_reinforced_2026-09-17/source_data/preserved_figure_inputs/Figure_1/figure_phase2_topology_residual_summary_source_data.tsv"", ""manuscript/rec_discovery_reinforced_2026-09-17/source_data/preserved_figure_inputs/Figure_2/figure2a.tsv"", ""manuscript/rec_figure1_matched_frames_2026-09-10/review/crop_definition.json"", ""manuscript/rec_author_finalization_2026-09-20/Biology_Direct_Main_Manuscript.md""]"	"{""manuscript/rec_author_finalization_2026-09-20/Biology_Direct_Main_Manuscript.md"": ""075b547266b2ae7157a3bbf7fe783a484dc4a0e90cd2ae4e6dce375290ef5f04"", ""manuscript/rec_discovery_reinforced_2026-09-17/source_data/preserved_figure_inputs/Figure_1/figure1a.tsv"": ""c1baf0f30bbb4ebc4ed78476f0e4ed0a0656a7c9b2bc85c3566bedd885408d34"", ""manuscript/rec_discovery_reinforced_2026-09-17/source_data/preserved_figure_inputs/Figure_1/figure1c.tsv"": ""e9faf3d6690c37368d8e57587802424af622cfcac8f3a753ff51a4bc858b7a49"", ""manuscript/rec_discovery_reinforced_2026-09-17/source_data/preserved_figure_inputs/Figure_1/figure1d.tsv"": ""f15a65c98e048458c2642f4f71b17cefc0d0f0891a84c2974acee1a43b4235ba"", ""manuscript/rec_discovery_reinforced_2026-09-17/source_data/preserved_figure_inputs/Figure_1/figure_phase2_topology_residual_summary_source_data.tsv"": ""b26d2d47cb4d168c48a114cd9ebbb9e9c6e4919d0dddc50e0b110e30caebd817"", ""manuscript/rec_discovery_reinforced_2026-09-17/source_data/preserved_figure_inputs/Figure_2/figure2a.tsv"": ""ab9b2d88cc184ef0295264c7901c1ad23bd11bf4422842e7b52d5ad18b02de66"", ""manuscript/rec_figure1_matched_frames_2026-09-10/review/crop_definition.json"": ""bee4be8d35f61946608241a2cd348c886c48c46e2f6d787b744babadf7c3721a""}"	source_data/panels/Figure_1_D.tsv	15	figures/Figure_1.pdf		a, Arrows link resources to analyses; the dashed Ogden link supplies the state reference. AI-generated schematic icons: OpenAI imagegen. Patient counts refer to analysis-specific subsets. Ogden’s 14 denotes component discovery. Atlas is an acquisition container; E-MTAB-12022/12043 share four patients; ten same-section patients are among eleven with paired regions. NC3, source population; REC, reference state; HRC, primary regenerative readout; REC50, auxiliary projection. b, P02 (dHGP) and P18 (rHGP) ISS fields share a coordinate scale; the overview locates the P18 crop. Analyses use complete fields. c,d, NC3 fraction and the fraction with ≥1 liver epithelial neighbour (ten-neighbour graph), both among neoplastic cells. Points: 7 dHGP, 8 rHGP patients; bars: means, with equal within-patient ROI weights. e, Observed-minus-conditional-null adjacency and patient-bootstrap 95% intervals. Homotypic adjacency requires another NC3 neighbour; dual adjacency requires both NC3 and damaged-hepatocyte (DHC) neighbours around an NC3 cell. The null preserves local abundance, anatomical strata and coordinates. pp, percentage points. f, ISS × Ogden centroid Pearson correlations across 94 genes. NC3–REC (r = 0.387) is outlined. Colono., Colonocyte; Interm., Intermediate; Stem-N., Stem NOTUM. Robustness: Supplementary Fig. 1 and Table 2.	Inputs read for this figure up to panel export; source tables can support multiple panels.	False	de5340e4af6b32419784c74f989fcd697eadcc77a561ee89681f5ce96354f9e1	1ccbbbe303d8101f9033a81fb32bccc0735b03655e86485060751d01cec802ce	editable_figures/Figure_1.svg	review/Figure_1.png	"{""canonical_patient"": [""P01"", ""P02"", ""P04"", ""P06"", ""P07"", ""P08"", ""P10"", ""P11"", ""P12"", ""P13"", ""P14"", ""P15"", ""P16"", ""P17"", ""P18""]}"	[]				
Figure_1	E	Main 1c	see source study/patient columns	ISS 17-patient resource; primary HGP 7 d/8 r; Ogden reference	ISS source states and Ogden reference centroids	NC1/NC2/NC3/NCγ and 94 shared mapping genes	source centroids; proportions for spatial endpoints	conditional null, k=10	observed minus conditional expectation	observed minus conditional expectation	patient	patient bootstrap	No new tests; existing families in Methods and exact q columns retained. Descriptive panels have no newly assigned q values.	"[""manuscript/rec_discovery_reinforced_2026-09-17/source_data/preserved_figure_inputs/Figure_1/figure1a.tsv"", ""manuscript/rec_discovery_reinforced_2026-09-17/source_data/preserved_figure_inputs/Figure_1/figure1c.tsv"", ""manuscript/rec_discovery_reinforced_2026-09-17/source_data/preserved_figure_inputs/Figure_1/figure1d.tsv"", ""manuscript/rec_discovery_reinforced_2026-09-17/source_data/preserved_figure_inputs/Figure_1/figure_phase2_topology_residual_summary_source_data.tsv"", ""manuscript/rec_discovery_reinforced_2026-09-17/source_data/preserved_figure_inputs/Figure_2/figure2a.tsv"", ""manuscript/rec_figure1_matched_frames_2026-09-10/review/crop_definition.json"", ""manuscript/rec_author_finalization_2026-09-20/Biology_Direct_Main_Manuscript.md""]"	"{""manuscript/rec_author_finalization_2026-09-20/Biology_Direct_Main_Manuscript.md"": ""075b547266b2ae7157a3bbf7fe783a484dc4a0e90cd2ae4e6dce375290ef5f04"", ""manuscript/rec_discovery_reinforced_2026-09-17/source_data/preserved_figure_inputs/Figure_1/figure1a.tsv"": ""c1baf0f30bbb4ebc4ed78476f0e4ed0a0656a7c9b2bc85c3566bedd885408d34"", ""manuscript/rec_discovery_reinforced_2026-09-17/source_data/preserved_figure_inputs/Figure_1/figure1c.tsv"": ""e9faf3d6690c37368d8e57587802424af622cfcac8f3a753ff51a4bc858b7a49"", ""manuscript/rec_discovery_reinforced_2026-09-17/source_data/preserved_figure_inputs/Figure_1/figure1d.tsv"": ""f15a65c98e048458c2642f4f71b17cefc0d0f0891a84c2974acee1a43b4235ba"", ""manuscript/rec_discovery_reinforced_2026-09-17/source_data/preserved_figure_inputs/Figure_1/figure_phase2_topology_residual_summary_source_data.tsv"": ""b26d2d47cb4d168c48a114cd9ebbb9e9c6e4919d0dddc50e0b110e30caebd817"", ""manuscript/rec_discovery_reinforced_2026-09-17/source_data/preserved_figure_inputs/Figure_2/figure2a.tsv"": ""ab9b2d88cc184ef0295264c7901c1ad23bd11bf4422842e7b52d5ad18b02de66"", ""manuscript/rec_figure1_matched_frames_2026-09-10/review/crop_definition.json"": ""bee4be8d35f61946608241a2cd348c886c48c46e2f6d787b744babadf7c3721a""}"	source_data/panels/Figure_1_E.tsv	4	figures/Figure_1.pdf		a, Arrows link resources to analyses; the dashed Ogden link supplies the state reference. AI-generated schematic icons: OpenAI imagegen. Patient counts refer to analysis-specific subsets. Ogden’s 14 denotes component discovery. Atlas is an acquisition container; E-MTAB-12022/12043 share four patients; ten same-section patients are among eleven with paired regions. NC3, source population; REC, reference state; HRC, primary regenerative readout; REC50, auxiliary projection. b, P02 (dHGP) and P18 (rHGP) ISS fields share a coordinate scale; the overview locates the P18 crop. Analyses use complete fields. c,d, NC3 fraction and the fraction with ≥1 liver epithelial neighbour (ten-neighbour graph), both among neoplastic cells. Points: 7 dHGP, 8 rHGP patients; bars: means, with equal within-patient ROI weights. e, Observed-minus-conditional-null adjacency and patient-bootstrap 95% intervals. Homotypic adjacency requires another NC3 neighbour; dual adjacency requires both NC3 and damaged-hepatocyte (DHC) neighbours around an NC3 cell. The null preserves local abundance, anatomical strata and coordinates. pp, percentage points. f, ISS × Ogden centroid Pearson correlations across 94 genes. NC3–REC (r = 0.387) is outlined. Colono., Colonocyte; Interm., Intermediate; Stem-N., Stem NOTUM. Robustness: Supplementary Fig. 1 and Table 2.	Inputs read for this figure up to panel export; source tables can support multiple panels.	False	890fc8e7859e984189cfa69871dc1fad326bde5b028d99448243d57a3c2fd451	1ccbbbe303d8101f9033a81fb32bccc0735b03655e86485060751d01cec802ce	editable_figures/Figure_1.svg	review/Figure_1.png	{}	[]				
Figure_1	F	S9a	see source study/patient columns	ISS 17-patient resource; primary HGP 7 d/8 r; Ogden reference	ISS source states and Ogden reference centroids	NC1/NC2/NC3/NCγ and 94 shared mapping genes	source centroids; proportions for spatial endpoints	descriptive patient summaries or frozen conditional spatial null	centroid Pearson correlation across 94 shared genes	centroid Pearson correlation across 94 shared genes	patient	descriptive; full mapping sensitivity in S1	No new tests; existing families in Methods and exact q columns retained. Descriptive panels have no newly assigned q values.	"[""manuscript/rec_discovery_reinforced_2026-09-17/source_data/preserved_figure_inputs/Figure_1/figure1a.tsv"", ""manuscript/rec_discovery_reinforced_2026-09-17/source_data/preserved_figure_inputs/Figure_1/figure1c.tsv"", ""manuscript/rec_discovery_reinforced_2026-09-17/source_data/preserved_figure_inputs/Figure_1/figure1d.tsv"", ""manuscript/rec_discovery_reinforced_2026-09-17/source_data/preserved_figure_inputs/Figure_1/figure_phase2_topology_residual_summary_source_data.tsv"", ""manuscript/rec_discovery_reinforced_2026-09-17/source_data/preserved_figure_inputs/Figure_2/figure2a.tsv"", ""manuscript/rec_figure1_matched_frames_2026-09-10/review/crop_definition.json"", ""manuscript/rec_author_finalization_2026-09-20/Biology_Direct_Main_Manuscript.md""]"	"{""manuscript/rec_author_finalization_2026-09-20/Biology_Direct_Main_Manuscript.md"": ""075b547266b2ae7157a3bbf7fe783a484dc4a0e90cd2ae4e6dce375290ef5f04"", ""manuscript/rec_discovery_reinforced_2026-09-17/source_data/preserved_figure_inputs/Figure_1/figure1a.tsv"": ""c1baf0f30bbb4ebc4ed78476f0e4ed0a0656a7c9b2bc85c3566bedd885408d34"", ""manuscript/rec_discovery_reinforced_2026-09-17/source_data/preserved_figure_inputs/Figure_1/figure1c.tsv"": ""e9faf3d6690c37368d8e57587802424af622cfcac8f3a753ff51a4bc858b7a49"", ""manuscript/rec_discovery_reinforced_2026-09-17/source_data/preserved_figure_inputs/Figure_1/figure1d.tsv"": ""f15a65c98e048458c2642f4f71b17cefc0d0f0891a84c2974acee1a43b4235ba"", ""manuscript/rec_discovery_reinforced_2026-09-17/source_data/preserved_figure_inputs/Figure_1/figure_phase2_topology_residual_summary_source_data.tsv"": ""b26d2d47cb4d168c48a114cd9ebbb9e9c6e4919d0dddc50e0b110e30caebd817"", ""manuscript/rec_discovery_reinforced_2026-09-17/source_data/preserved_figure_inputs/Figure_2/figure2a.tsv"": ""ab9b2d88cc184ef0295264c7901c1ad23bd11bf4422842e7b52d5ad18b02de66"", ""manuscript/rec_figure1_matched_frames_2026-09-10/review/crop_definition.json"": ""bee4be8d35f61946608241a2cd348c886c48c46e2f6d787b744babadf7c3721a""}"	source_data/panels/Figure_1_F.tsv	40	figures/Figure_1.pdf	Fixed source/reference ordering; no clustering or probability interpretation.	a, Arrows link resources to analyses; the dashed Ogden link supplies the state reference. AI-generated schematic icons: OpenAI imagegen. Patient counts refer to analysis-specific subsets. Ogden’s 14 denotes component discovery. Atlas is an acquisition container; E-MTAB-12022/12043 share four patients; ten same-section patients are among eleven with paired regions. NC3, source population; REC, reference state; HRC, primary regenerative readout; REC50, auxiliary projection. b, P02 (dHGP) and P18 (rHGP) ISS fields share a coordinate scale; the overview locates the P18 crop. Analyses use complete fields. c,d, NC3 fraction and the fraction with ≥1 liver epithelial neighbour (ten-neighbour graph), both among neoplastic cells. Points: 7 dHGP, 8 rHGP patients; bars: means, with equal within-patient ROI weights. e, Observed-minus-conditional-null adjacency and patient-bootstrap 95% intervals. Homotypic adjacency requires another NC3 neighbour; dual adjacency requires both NC3 and damaged-hepatocyte (DHC) neighbours around an NC3 cell. The null preserves local abundance, anatomical strata and coordinates. pp, percentage points. f, ISS × Ogden centroid Pearson correlations across 94 genes. NC3–REC (r = 0.387) is outlined. Colono., Colonocyte; Interm., Intermediate; Stem-N., Stem NOTUM. Robustness: Supplementary Fig. 1 and Table 2.	Inputs read for this figure up to panel export; source tables can support multiple panels.	False	79c39816eb1fe6cc71740ae9e2d337db853343147d559c6c87cf33ccde93f69e	1ccbbbe303d8101f9033a81fb32bccc0735b03655e86485060751d01cec802ce	editable_figures/Figure_1.svg	review/Figure_1.png	{}	[]				
Supplementary_Figure_4	A	S8 PT55	E-MTAB-12043	PT55	frozen epithelial-minus-liver ternary mask and five-hop regional division	epithelial EPCAM/KRT8/KRT18/KRT19/CEACAM5; liver ALB/APOA1/APOA2/ASGR1/CPS1/TTR	source coordinates; mask originally derived from section-wise gene-z log1p(CP10k)	frozen epithelial-minus-liver expression mask, five hops	spot coordinates and region labels	spot coordinates and region labels	no statistical inference in this schematic/coordinate panel	descriptive	No new tests; existing families in Methods and exact q columns retained. Descriptive panels have no newly assigned q values.	"[""analysis_results/rec_evidence_bridge_2026-09-16/spatial/spot_scores.tsv.gz"", ""analysis_results/rec_evidence_bridge_2026-09-16/spatial/sample_qc.tsv""]"	"{""analysis_results/rec_evidence_bridge_2026-09-16/spatial/sample_qc.tsv"": ""71e1b9ff6c7ab94536b2effff3f1a139748047d3726093d6279ddb19ef58739f"", ""analysis_results/rec_evidence_bridge_2026-09-16/spatial/spot_scores.tsv.gz"": ""2299d8947bcf2c6f4ed9a85275af7ff1eeb0c3f5acd43683e91eeb116d7685de""}"	source_data/panels/Supplementary_Figure_4_A.tsv	4801	figures/Supplementary_Figure_4.pdf	Source orientation and aspect preserved; no mask smoothing or manual pathology boundary.	a–c, Desmoplastic PT55, PT61 and PT68; d–f, replacement PT36, PT44 and PT54. Every retained spot is shown with its original coordinate orientation and aspect ratio. The upper/lower tertiles of the epithelial-minus-hepatocyte expression contrast define tumour-side/liver-like masks. Near tumour-side spots lie one to five hexagonal-grid hops from liver-like spots; connected deep spots lie at least six hops away. Other retained spots include the intermediate tertile and tumour-side spots without a finite connection to the liver-like mask. Two-line labels give total, near and deep spot counts. Complete counts, including liver-like and other spots, are in Supplementary Table 4 and source data; coordinates and masks are frozen. These masks represent expression-defined proximity rather than independently annotated pathological tumour boundaries. All six sections enter inference. Coordinate tables and three/seven-hop sensitivity results accompany Supplementary Tables 2 and 4. Spatial coordinates and source data originate from Fleischer et al. [4], E-MTAB-12043; expression-defined masks were computed for this study.	Inputs read for this figure up to panel export; source tables can support multiple panels.	False	71422721180fcb1df232f14bc2959b1ef145f815531baa8ca88442d8f5ff0f17	51411d7fb4e9a756d1ed943ecf9aa58208c1847041a870ccb77133347d3514be	editable_figures/Supplementary_Figure_4.svg	review/Supplementary_Figure_4.png	"{""patient"": [""PT55""], ""sample"": [""Sample3""]}"	[]				
Supplementary_Figure_4	B	S8 PT61	E-MTAB-12043	PT61	frozen epithelial-minus-liver ternary mask and five-hop regional division	epithelial EPCAM/KRT8/KRT18/KRT19/CEACAM5; liver ALB/APOA1/APOA2/ASGR1/CPS1/TTR	source coordinates; mask originally derived from section-wise gene-z log1p(CP10k)	frozen epithelial-minus-liver expression mask, five hops	spot coordinates and region labels	spot coordinates and region labels	no statistical inference in this schematic/coordinate panel	descriptive	No new tests; existing families in Methods and exact q columns retained. Descriptive panels have no newly assigned q values.	"[""analysis_results/rec_evidence_bridge_2026-09-16/spatial/spot_scores.tsv.gz"", ""analysis_results/rec_evidence_bridge_2026-09-16/spatial/sample_qc.tsv""]"	"{""analysis_results/rec_evidence_bridge_2026-09-16/spatial/sample_qc.tsv"": ""71e1b9ff6c7ab94536b2effff3f1a139748047d3726093d6279ddb19ef58739f"", ""analysis_results/rec_evidence_bridge_2026-09-16/spatial/spot_scores.tsv.gz"": ""2299d8947bcf2c6f4ed9a85275af7ff1eeb0c3f5acd43683e91eeb116d7685de""}"	source_data/panels/Supplementary_Figure_4_B.tsv	3437	figures/Supplementary_Figure_4.pdf	Source orientation and aspect preserved; no mask smoothing or manual pathology boundary.	a–c, Desmoplastic PT55, PT61 and PT68; d–f, replacement PT36, PT44 and PT54. Every retained spot is shown with its original coordinate orientation and aspect ratio. The upper/lower tertiles of the epithelial-minus-hepatocyte expression contrast define tumour-side/liver-like masks. Near tumour-side spots lie one to five hexagonal-grid hops from liver-like spots; connected deep spots lie at least six hops away. Other retained spots include the intermediate tertile and tumour-side spots without a finite connection to the liver-like mask. Two-line labels give total, near and deep spot counts. Complete counts, including liver-like and other spots, are in Supplementary Table 4 and source data; coordinates and masks are frozen. These masks represent expression-defined proximity rather than independently annotated pathological tumour boundaries. All six sections enter inference. Coordinate tables and three/seven-hop sensitivity results accompany Supplementary Tables 2 and 4. Spatial coordinates and source data originate from Fleischer et al. [4], E-MTAB-12043; expression-defined masks were computed for this study.	Inputs read for this figure up to panel export; source tables can support multiple panels.	False	f9feee090435cad7dd300c93f080289096d409451fc9a0898acdb5d6f374b4aa	51411d7fb4e9a756d1ed943ecf9aa58208c1847041a870ccb77133347d3514be	editable_figures/Supplementary_Figure_4.svg	review/Supplementary_Figure_4.png	"{""patient"": [""PT61""], ""sample"": [""Sample7""]}"	[]				
Supplementary_Figure_4	C	S8 PT68	E-MTAB-12043	PT68	frozen epithelial-minus-liver ternary mask and five-hop regional division	epithelial EPCAM/KRT8/KRT18/KRT19/CEACAM5; liver ALB/APOA1/APOA2/ASGR1/CPS1/TTR	source coordinates; mask originally derived from section-wise gene-z log1p(CP10k)	frozen epithelial-minus-liver expression mask, five hops	spot coordinates and region labels	spot coordinates and region labels	no statistical inference in this schematic/coordinate panel	descriptive	No new tests; existing families in Methods and exact q columns retained. Descriptive panels have no newly assigned q values.	"[""analysis_results/rec_evidence_bridge_2026-09-16/spatial/spot_scores.tsv.gz"", ""analysis_results/rec_evidence_bridge_2026-09-16/spatial/sample_qc.tsv""]"	"{""analysis_results/rec_evidence_bridge_2026-09-16/spatial/sample_qc.tsv"": ""71e1b9ff6c7ab94536b2effff3f1a139748047d3726093d6279ddb19ef58739f"", ""analysis_results/rec_evidence_bridge_2026-09-16/spatial/spot_scores.tsv.gz"": ""2299d8947bcf2c6f4ed9a85275af7ff1eeb0c3f5acd43683e91eeb116d7685de""}"	source_data/panels/Supplementary_Figure_4_C.tsv	4476	figures/Supplementary_Figure_4.pdf	Source orientation and aspect preserved; no mask smoothing or manual pathology boundary.	a–c, Desmoplastic PT55, PT61 and PT68; d–f, replacement PT36, PT44 and PT54. Every retained spot is shown with its original coordinate orientation and aspect ratio. The upper/lower tertiles of the epithelial-minus-hepatocyte expression contrast define tumour-side/liver-like masks. Near tumour-side spots lie one to five hexagonal-grid hops from liver-like spots; connected deep spots lie at least six hops away. Other retained spots include the intermediate tertile and tumour-side spots without a finite connection to the liver-like mask. Two-line labels give total, near and deep spot counts. Complete counts, including liver-like and other spots, are in Supplementary Table 4 and source data; coordinates and masks are frozen. These masks represent expression-defined proximity rather than independently annotated pathological tumour boundaries. All six sections enter inference. Coordinate tables and three/seven-hop sensitivity results accompany Supplementary Tables 2 and 4. Spatial coordinates and source data originate from Fleischer et al. [4], E-MTAB-12043; expression-defined masks were computed for this study.	Inputs read for this figure up to panel export; source tables can support multiple panels.	False	31e992e8c705950167e28ae4331d001f680774f3c29fa17d6e9d241773a6ce1e	51411d7fb4e9a756d1ed943ecf9aa58208c1847041a870ccb77133347d3514be	editable_figures/Supplementary_Figure_4.svg	review/Supplementary_Figure_4.png	"{""patient"": [""PT68""], ""sample"": [""Sample4""]}"	[]				
Supplementary_Figure_4	D	S8 PT36	E-MTAB-12043	PT36	frozen epithelial-minus-liver ternary mask and five-hop regional division	epithelial EPCAM/KRT8/KRT18/KRT19/CEACAM5; liver ALB/APOA1/APOA2/ASGR1/CPS1/TTR	source coordinates; mask originally derived from section-wise gene-z log1p(CP10k)	frozen epithelial-minus-liver expression mask, five hops	spot coordinates and region labels	spot coordinates and region labels	no statistical inference in this schematic/coordinate panel	descriptive	No new tests; existing families in Methods and exact q columns retained. Descriptive panels have no newly assigned q values.	"[""analysis_results/rec_evidence_bridge_2026-09-16/spatial/spot_scores.tsv.gz"", ""analysis_results/rec_evidence_bridge_2026-09-16/spatial/sample_qc.tsv""]"	"{""analysis_results/rec_evidence_bridge_2026-09-16/spatial/sample_qc.tsv"": ""71e1b9ff6c7ab94536b2effff3f1a139748047d3726093d6279ddb19ef58739f"", ""analysis_results/rec_evidence_bridge_2026-09-16/spatial/spot_scores.tsv.gz"": ""2299d8947bcf2c6f4ed9a85275af7ff1eeb0c3f5acd43683e91eeb116d7685de""}"	source_data/panels/Supplementary_Figure_4_D.tsv	3827	figures/Supplementary_Figure_4.pdf	Source orientation and aspect preserved; no mask smoothing or manual pathology boundary.	a–c, Desmoplastic PT55, PT61 and PT68; d–f, replacement PT36, PT44 and PT54. Every retained spot is shown with its original coordinate orientation and aspect ratio. The upper/lower tertiles of the epithelial-minus-hepatocyte expression contrast define tumour-side/liver-like masks. Near tumour-side spots lie one to five hexagonal-grid hops from liver-like spots; connected deep spots lie at least six hops away. Other retained spots include the intermediate tertile and tumour-side spots without a finite connection to the liver-like mask. Two-line labels give total, near and deep spot counts. Complete counts, including liver-like and other spots, are in Supplementary Table 4 and source data; coordinates and masks are frozen. These masks represent expression-defined proximity rather than independently annotated pathological tumour boundaries. All six sections enter inference. Coordinate tables and three/seven-hop sensitivity results accompany Supplementary Tables 2 and 4. Spatial coordinates and source data originate from Fleischer et al. [4], E-MTAB-12043; expression-defined masks were computed for this study.	Inputs read for this figure up to panel export; source tables can support multiple panels.	False	cad19bf531dcb9c62bc539e0e79583c9e0ab408ce366d429bb671350c7c99039	51411d7fb4e9a756d1ed943ecf9aa58208c1847041a870ccb77133347d3514be	editable_figures/Supplementary_Figure_4.svg	review/Supplementary_Figure_4.png	"{""patient"": [""PT36""], ""sample"": [""Sample1""]}"	[]				
Supplementary_Figure_4	E	S8 PT44	E-MTAB-12043	PT44	frozen epithelial-minus-liver ternary mask and five-hop regional division	epithelial EPCAM/KRT8/KRT18/KRT19/CEACAM5; liver ALB/APOA1/APOA2/ASGR1/CPS1/TTR	source coordinates; mask originally derived from section-wise gene-z log1p(CP10k)	frozen epithelial-minus-liver expression mask, five hops	spot coordinates and region labels	spot coordinates and region labels	no statistical inference in this schematic/coordinate panel	descriptive	No new tests; existing families in Methods and exact q columns retained. Descriptive panels have no newly assigned q values.	"[""analysis_results/rec_evidence_bridge_2026-09-16/spatial/spot_scores.tsv.gz"", ""analysis_results/rec_evidence_bridge_2026-09-16/spatial/sample_qc.tsv""]"	"{""analysis_results/rec_evidence_bridge_2026-09-16/spatial/sample_qc.tsv"": ""71e1b9ff6c7ab94536b2effff3f1a139748047d3726093d6279ddb19ef58739f"", ""analysis_results/rec_evidence_bridge_2026-09-16/spatial/spot_scores.tsv.gz"": ""2299d8947bcf2c6f4ed9a85275af7ff1eeb0c3f5acd43683e91eeb116d7685de""}"	source_data/panels/Supplementary_Figure_4_E.tsv	2484	figures/Supplementary_Figure_4.pdf	Source orientation and aspect preserved; no mask smoothing or manual pathology boundary.	a–c, Desmoplastic PT55, PT61 and PT68; d–f, replacement PT36, PT44 and PT54. Every retained spot is shown with its original coordinate orientation and aspect ratio. The upper/lower tertiles of the epithelial-minus-hepatocyte expression contrast define tumour-side/liver-like masks. Near tumour-side spots lie one to five hexagonal-grid hops from liver-like spots; connected deep spots lie at least six hops away. Other retained spots include the intermediate tertile and tumour-side spots without a finite connection to the liver-like mask. Two-line labels give total, near and deep spot counts. Complete counts, including liver-like and other spots, are in Supplementary Table 4 and source data; coordinates and masks are frozen. These masks represent expression-defined proximity rather than independently annotated pathological tumour boundaries. All six sections enter inference. Coordinate tables and three/seven-hop sensitivity results accompany Supplementary Tables 2 and 4. Spatial coordinates and source data originate from Fleischer et al. [4], E-MTAB-12043; expression-defined masks were computed for this study.	Inputs read for this figure up to panel export; source tables can support multiple panels.	False	779d6bcdbe0d4f51fa51c6029e141fc6dab9986c71d12ebb3367296eab2d28bf	51411d7fb4e9a756d1ed943ecf9aa58208c1847041a870ccb77133347d3514be	editable_figures/Supplementary_Figure_4.svg	review/Supplementary_Figure_4.png	"{""patient"": [""PT44""], ""sample"": [""Sample5""]}"	[]				
Supplementary_Figure_4	F	S8 PT54	E-MTAB-12043	PT54	frozen epithelial-minus-liver ternary mask and five-hop regional division	epithelial EPCAM/KRT8/KRT18/KRT19/CEACAM5; liver ALB/APOA1/APOA2/ASGR1/CPS1/TTR	source coordinates; mask originally derived from section-wise gene-z log1p(CP10k)	frozen epithelial-minus-liver expression mask, five hops	spot coordinates and region labels	spot coordinates and region labels	no statistical inference in this schematic/coordinate panel	descriptive	No new tests; existing families in Methods and exact q columns retained. Descriptive panels have no newly assigned q values.	"[""analysis_results/rec_evidence_bridge_2026-09-16/spatial/spot_scores.tsv.gz"", ""analysis_results/rec_evidence_bridge_2026-09-16/spatial/sample_qc.tsv""]"	"{""analysis_results/rec_evidence_bridge_2026-09-16/spatial/sample_qc.tsv"": ""71e1b9ff6c7ab94536b2effff3f1a139748047d3726093d6279ddb19ef58739f"", ""analysis_results/rec_evidence_bridge_2026-09-16/spatial/spot_scores.tsv.gz"": ""2299d8947bcf2c6f4ed9a85275af7ff1eeb0c3f5acd43683e91eeb116d7685de""}"	source_data/panels/Supplementary_Figure_4_F.tsv	2604	figures/Supplementary_Figure_4.pdf	Source orientation and aspect preserved; no mask smoothing or manual pathology boundary.	a–c, Desmoplastic PT55, PT61 and PT68; d–f, replacement PT36, PT44 and PT54. Every retained spot is shown with its original coordinate orientation and aspect ratio. The upper/lower tertiles of the epithelial-minus-hepatocyte expression contrast define tumour-side/liver-like masks. Near tumour-side spots lie one to five hexagonal-grid hops from liver-like spots; connected deep spots lie at least six hops away. Other retained spots include the intermediate tertile and tumour-side spots without a finite connection to the liver-like mask. Two-line labels give total, near and deep spot counts. Complete counts, including liver-like and other spots, are in Supplementary Table 4 and source data; coordinates and masks are frozen. These masks represent expression-defined proximity rather than independently annotated pathological tumour boundaries. All six sections enter inference. Coordinate tables and three/seven-hop sensitivity results accompany Supplementary Tables 2 and 4. Spatial coordinates and source data originate from Fleischer et al. [4], E-MTAB-12043; expression-defined masks were computed for this study.	Inputs read for this figure up to panel export; source tables can support multiple panels.	False	87aa17154a25a2cfce8ac9f130b120322b072b7b73fc6e0a608635d210c8cef7	51411d7fb4e9a756d1ed943ecf9aa58208c1847041a870ccb77133347d3514be	editable_figures/Supplementary_Figure_4.svg	review/Supplementary_Figure_4.png	"{""patient"": [""PT54""], ""sample"": [""Sample6""]}"	[]				
Figure_4	A	S1e/f with current frozen masks	E-MTAB-12043	PT55/PT54; all six shown in S4	spatial disjoint HRC; full bulk programmes; frozen full-membership localization	Claudin/Polarity; C 13 eligible claudins; D HRC97/Junction28	C TMM; D full-programme TMM gene-z; E library-only scaled-prior logCPM	frozen technical/source-adjusted correlations or HGP score contrasts	original H&E plus expression-defined masks	original H&E plus expression-defined masks	no statistical inference in this schematic/coordinate panel	none	No new tests; existing families in Methods and exact q columns retained. Descriptive panels have no newly assigned q values.	"[""analysis_results/rec_evidence_bridge_2026-09-16/spatial/spot_scores.tsv.gz"", ""analysis_results/rec_evidence_bridge_2026-09-16/spatial/sample_qc.tsv"", ""manuscript/rec_discovery_reinforced_2026-09-17/source_data/preserved_figure_inputs/supplementary_figure_3/representative_spatial_summary.tsv"", ""analysis_results/rec_evidence_bridge_2026-09-16/spatial/patient_correlations.tsv"", ""analysis_results/rec_evidence_bridge_2026-09-16/integration/matched_gene_patient_HGP_scores.tsv"", ""analysis_results/rec_manuscript_reinforcement_2026-09-17/bulk/patient_scores.tsv"", ""analysis_results/rec_evidence_bridge_2026-09-16/spatial/region_effects.tsv"", ""manuscript/rec_discovery_reinforced_2026-09-17/source_data/preserved_figure_inputs/supplementary_figure_3/Sample3_tissue_hires_image.png"", ""manuscript/rec_discovery_reinforced_2026-09-17/source_data/preserved_figure_inputs/supplementary_figure_3/representative_spatial_spots.tsv.gz"", ""manuscript/rec_discovery_reinforced_2026-09-17/source_data/preserved_figure_inputs/supplementary_figure_3/Sample6_tissue_hires_image.png""]"	"{""analysis_results/rec_evidence_bridge_2026-09-16/integration/matched_gene_patient_HGP_scores.tsv"": ""3efc609e6fb5a0c403b0a0d8a1b1191b20bf4767d083c35ef6cf92ad336606c7"", ""analysis_results/rec_evidence_bridge_2026-09-16/spatial/patient_correlations.tsv"": ""ae453d291727921d4e54a37a712cfe6964783ff50be544bdbc3b71e3cc047ef8"", ""analysis_results/rec_evidence_bridge_2026-09-16/spatial/region_effects.tsv"": ""615939e730bb707b733fafd92475002c1c56c6544c3f1594b116ea4b4b04677a"", ""analysis_results/rec_evidence_bridge_2026-09-16/spatial/sample_qc.tsv"": ""71e1b9ff6c7ab94536b2effff3f1a139748047d3726093d6279ddb19ef58739f"", ""analysis_results/rec_evidence_bridge_2026-09-16/spatial/spot_scores.tsv.gz"": ""2299d8947bcf2c6f4ed9a85275af7ff1eeb0c3f5acd43683e91eeb116d7685de"", ""analysis_results/rec_manuscript_reinforcement_2026-09-17/bulk/patient_scores.tsv"": ""98902fac5cd13c20960a657aca9115a4ae8e2e9e4a79469213417122cad2e90f"", ""manuscript/rec_discovery_reinforced_2026-09-17/source_data/preserved_figure_inputs/supplementary_figure_3/Sample3_tissue_hires_image.png"": ""05b7e5567ffd0ab24a0d80d71c4af8a747503e063b525a4e5c52ded35aae91ac"", ""manuscript/rec_discovery_reinforced_2026-09-17/source_data/preserved_figure_inputs/supplementary_figure_3/Sample6_tissue_hires_image.png"": ""5b97d6d2aad91f1a0a8229369f808ec1d0c12df680d9110387d5757924b4def4"", ""manuscript/rec_discovery_reinforced_2026-09-17/source_data/preserved_figure_inputs/supplementary_figure_3/representative_spatial_spots.tsv.gz"": ""6b2d5fa506c819bb5e0581663c872a9f8304395edafc23b02415d8135fae3375"", ""manuscript/rec_discovery_reinforced_2026-09-17/source_data/preserved_figure_inputs/supplementary_figure_3/representative_spatial_summary.tsv"": ""cf23210fdf1734779d62b8a0c8e0b7be755f1272f9d1b3f60d7545b959d6cb03""}"	source_data/panels/Figure_4_A.tsv	7405	figures/Figure_4.pdf		a, H&E images from Fleischer et al. [4] (E-MTAB-12043) and computed region overlays for PT55 (dHGP) and PT54 (rHGP), using source registration metadata. Scale bars, 500 μm. Near/deep masks derive from proximity to liver-like expression; all six patients appear in Supplementary Fig. 4. b, Adjusted tumour-side component–HRC correlations in six spatial patients; lines connect components within patient. Blue circles indicate dHGP and orange squares rHGP throughout the patient plots. c, Mean TMM log2 CPM of thirteen count-eligible claudins, from 21 assayed members, in near regions. Points are patients; horizontal lines indicate HGP means. The exact two-sided patient-allocation P is 0.10. d, Independent bulk full-programme HRC (97 genes) and whole-junction (28 genes) scores in nine dHGP and six rHGP tumours. These are gene-z projections, not claudin-specific scores. e, rHGP-minus-dHGP differences in patient near-minus-deep expression, with nominal patient-bootstrap 95% intervals. These mean-log2CPM localization contrasts use full measured memberships and library-normalized, scaled-prior values, distinct from c. Normalization, membership and patient localization sensitivities are in Supplementary Fig. 5 and Supplementary Table 4.	Inputs read for this figure up to panel export; source tables can support multiple panels.	False	5738b637702ce586ed3e68a607b4ae02e88a1ef25256d4d16f0cea59a7f92792	ea51cf59d79c69aabbc0f81bdc796bb11237bc80ed58aa74e7b3475f66bbc04d	editable_figures/Figure_4.svg	review/Figure_4.png	"{""patient"": [""PT54"", ""PT55""], ""sample"": [""Sample3"", ""Sample6""]}"	[]				
Figure_4	B	Main 4a	see source study/patient columns	six patients, three per HGP	spatial disjoint HRC; full bulk programmes; frozen full-membership localization	Claudin/Polarity; C 13 eligible claudins; D HRC97/Junction28	C TMM; D full-programme TMM gene-z; E library-only scaled-prior logCPM	technical and source-score adjusted	spatial tumour-side HRC partial rho	spatial tumour-side HRC partial rho	patient	frozen nominal 95% intervals where applicable	No new tests; existing families in Methods and exact q columns retained. Descriptive panels have no newly assigned q values.	"[""analysis_results/rec_evidence_bridge_2026-09-16/spatial/spot_scores.tsv.gz"", ""analysis_results/rec_evidence_bridge_2026-09-16/spatial/sample_qc.tsv"", ""manuscript/rec_discovery_reinforced_2026-09-17/source_data/preserved_figure_inputs/supplementary_figure_3/representative_spatial_summary.tsv"", ""analysis_results/rec_evidence_bridge_2026-09-16/spatial/patient_correlations.tsv"", ""analysis_results/rec_evidence_bridge_2026-09-16/integration/matched_gene_patient_HGP_scores.tsv"", ""analysis_results/rec_manuscript_reinforcement_2026-09-17/bulk/patient_scores.tsv"", ""analysis_results/rec_evidence_bridge_2026-09-16/spatial/region_effects.tsv"", ""manuscript/rec_discovery_reinforced_2026-09-17/source_data/preserved_figure_inputs/supplementary_figure_3/Sample3_tissue_hires_image.png"", ""manuscript/rec_discovery_reinforced_2026-09-17/source_data/preserved_figure_inputs/supplementary_figure_3/representative_spatial_spots.tsv.gz"", ""manuscript/rec_discovery_reinforced_2026-09-17/source_data/preserved_figure_inputs/supplementary_figure_3/Sample6_tissue_hires_image.png""]"	"{""analysis_results/rec_evidence_bridge_2026-09-16/integration/matched_gene_patient_HGP_scores.tsv"": ""3efc609e6fb5a0c403b0a0d8a1b1191b20bf4767d083c35ef6cf92ad336606c7"", ""analysis_results/rec_evidence_bridge_2026-09-16/spatial/patient_correlations.tsv"": ""ae453d291727921d4e54a37a712cfe6964783ff50be544bdbc3b71e3cc047ef8"", ""analysis_results/rec_evidence_bridge_2026-09-16/spatial/region_effects.tsv"": ""615939e730bb707b733fafd92475002c1c56c6544c3f1594b116ea4b4b04677a"", ""analysis_results/rec_evidence_bridge_2026-09-16/spatial/sample_qc.tsv"": ""71e1b9ff6c7ab94536b2effff3f1a139748047d3726093d6279ddb19ef58739f"", ""analysis_results/rec_evidence_bridge_2026-09-16/spatial/spot_scores.tsv.gz"": ""2299d8947bcf2c6f4ed9a85275af7ff1eeb0c3f5acd43683e91eeb116d7685de"", ""analysis_results/rec_manuscript_reinforcement_2026-09-17/bulk/patient_scores.tsv"": ""98902fac5cd13c20960a657aca9115a4ae8e2e9e4a79469213417122cad2e90f"", ""manuscript/rec_discovery_reinforced_2026-09-17/source_data/preserved_figure_inputs/supplementary_figure_3/Sample3_tissue_hires_image.png"": ""05b7e5567ffd0ab24a0d80d71c4af8a747503e063b525a4e5c52ded35aae91ac"", ""manuscript/rec_discovery_reinforced_2026-09-17/source_data/preserved_figure_inputs/supplementary_figure_3/Sample6_tissue_hires_image.png"": ""5b97d6d2aad91f1a0a8229369f808ec1d0c12df680d9110387d5757924b4def4"", ""manuscript/rec_discovery_reinforced_2026-09-17/source_data/preserved_figure_inputs/supplementary_figure_3/representative_spatial_spots.tsv.gz"": ""6b2d5fa506c819bb5e0581663c872a9f8304395edafc23b02415d8135fae3375"", ""manuscript/rec_discovery_reinforced_2026-09-17/source_data/preserved_figure_inputs/supplementary_figure_3/representative_spatial_summary.tsv"": ""cf23210fdf1734779d62b8a0c8e0b7be755f1272f9d1b3f60d7545b959d6cb03""}"	source_data/panels/Figure_4_B.tsv	12	figures/Figure_4.pdf		a, H&E images from Fleischer et al. [4] (E-MTAB-12043) and computed region overlays for PT55 (dHGP) and PT54 (rHGP), using source registration metadata. Scale bars, 500 μm. Near/deep masks derive from proximity to liver-like expression; all six patients appear in Supplementary Fig. 4. b, Adjusted tumour-side component–HRC correlations in six spatial patients; lines connect components within patient. Blue circles indicate dHGP and orange squares rHGP throughout the patient plots. c, Mean TMM log2 CPM of thirteen count-eligible claudins, from 21 assayed members, in near regions. Points are patients; horizontal lines indicate HGP means. The exact two-sided patient-allocation P is 0.10. d, Independent bulk full-programme HRC (97 genes) and whole-junction (28 genes) scores in nine dHGP and six rHGP tumours. These are gene-z projections, not claudin-specific scores. e, rHGP-minus-dHGP differences in patient near-minus-deep expression, with nominal patient-bootstrap 95% intervals. These mean-log2CPM localization contrasts use full measured memberships and library-normalized, scaled-prior values, distinct from c. Normalization, membership and patient localization sensitivities are in Supplementary Fig. 5 and Supplementary Table 4.	Inputs read for this figure up to panel export; source tables can support multiple panels.	False	4c6d15f433410053d218b1ccef999ef423c98efcf11be689e935bdf698130878	ea51cf59d79c69aabbc0f81bdc796bb11237bc80ed58aa74e7b3475f66bbc04d	editable_figures/Figure_4.svg	review/Figure_4.png	"{""patient"": [""PT36"", ""PT44"", ""PT54"", ""PT55"", ""PT61"", ""PT68""]}"	[]				
Figure_4	C	Main 4b	see source study/patient columns	three dHGP / three rHGP	spatial disjoint HRC; full bulk programmes; frozen full-membership localization	13 count-eligible claudins	TMM	frozen technical/source-adjusted correlations or HGP score contrasts	mean log2CPM	mean log2CPM	patient	group points/means; exact patient allocation P=0.10	No new tests; existing families in Methods and exact q columns retained. Descriptive panels have no newly assigned q values.	"[""analysis_results/rec_evidence_bridge_2026-09-16/spatial/spot_scores.tsv.gz"", ""analysis_results/rec_evidence_bridge_2026-09-16/spatial/sample_qc.tsv"", ""manuscript/rec_discovery_reinforced_2026-09-17/source_data/preserved_figure_inputs/supplementary_figure_3/representative_spatial_summary.tsv"", ""analysis_results/rec_evidence_bridge_2026-09-16/spatial/patient_correlations.tsv"", ""analysis_results/rec_evidence_bridge_2026-09-16/integration/matched_gene_patient_HGP_scores.tsv"", ""analysis_results/rec_manuscript_reinforcement_2026-09-17/bulk/patient_scores.tsv"", ""analysis_results/rec_evidence_bridge_2026-09-16/spatial/region_effects.tsv"", ""manuscript/rec_discovery_reinforced_2026-09-17/source_data/preserved_figure_inputs/supplementary_figure_3/Sample3_tissue_hires_image.png"", ""manuscript/rec_discovery_reinforced_2026-09-17/source_data/preserved_figure_inputs/supplementary_figure_3/representative_spatial_spots.tsv.gz"", ""manuscript/rec_discovery_reinforced_2026-09-17/source_data/preserved_figure_inputs/supplementary_figure_3/Sample6_tissue_hires_image.png""]"	"{""analysis_results/rec_evidence_bridge_2026-09-16/integration/matched_gene_patient_HGP_scores.tsv"": ""3efc609e6fb5a0c403b0a0d8a1b1191b20bf4767d083c35ef6cf92ad336606c7"", ""analysis_results/rec_evidence_bridge_2026-09-16/spatial/patient_correlations.tsv"": ""ae453d291727921d4e54a37a712cfe6964783ff50be544bdbc3b71e3cc047ef8"", ""analysis_results/rec_evidence_bridge_2026-09-16/spatial/region_effects.tsv"": ""615939e730bb707b733fafd92475002c1c56c6544c3f1594b116ea4b4b04677a"", ""analysis_results/rec_evidence_bridge_2026-09-16/spatial/sample_qc.tsv"": ""71e1b9ff6c7ab94536b2effff3f1a139748047d3726093d6279ddb19ef58739f"", ""analysis_results/rec_evidence_bridge_2026-09-16/spatial/spot_scores.tsv.gz"": ""2299d8947bcf2c6f4ed9a85275af7ff1eeb0c3f5acd43683e91eeb116d7685de"", ""analysis_results/rec_manuscript_reinforcement_2026-09-17/bulk/patient_scores.tsv"": ""98902fac5cd13c20960a657aca9115a4ae8e2e9e4a79469213417122cad2e90f"", ""manuscript/rec_discovery_reinforced_2026-09-17/source_data/preserved_figure_inputs/supplementary_figure_3/Sample3_tissue_hires_image.png"": ""05b7e5567ffd0ab24a0d80d71c4af8a747503e063b525a4e5c52ded35aae91ac"", ""manuscript/rec_discovery_reinforced_2026-09-17/source_data/preserved_figure_inputs/supplementary_figure_3/Sample6_tissue_hires_image.png"": ""5b97d6d2aad91f1a0a8229369f808ec1d0c12df680d9110387d5757924b4def4"", ""manuscript/rec_discovery_reinforced_2026-09-17/source_data/preserved_figure_inputs/supplementary_figure_3/representative_spatial_spots.tsv.gz"": ""6b2d5fa506c819bb5e0581663c872a9f8304395edafc23b02415d8135fae3375"", ""manuscript/rec_discovery_reinforced_2026-09-17/source_data/preserved_figure_inputs/supplementary_figure_3/representative_spatial_summary.tsv"": ""cf23210fdf1734779d62b8a0c8e0b7be755f1272f9d1b3f60d7545b959d6cb03""}"	source_data/panels/Figure_4_C.tsv	6	figures/Figure_4.pdf		a, H&E images from Fleischer et al. [4] (E-MTAB-12043) and computed region overlays for PT55 (dHGP) and PT54 (rHGP), using source registration metadata. Scale bars, 500 μm. Near/deep masks derive from proximity to liver-like expression; all six patients appear in Supplementary Fig. 4. b, Adjusted tumour-side component–HRC correlations in six spatial patients; lines connect components within patient. Blue circles indicate dHGP and orange squares rHGP throughout the patient plots. c, Mean TMM log2 CPM of thirteen count-eligible claudins, from 21 assayed members, in near regions. Points are patients; horizontal lines indicate HGP means. The exact two-sided patient-allocation P is 0.10. d, Independent bulk full-programme HRC (97 genes) and whole-junction (28 genes) scores in nine dHGP and six rHGP tumours. These are gene-z projections, not claudin-specific scores. e, rHGP-minus-dHGP differences in patient near-minus-deep expression, with nominal patient-bootstrap 95% intervals. These mean-log2CPM localization contrasts use full measured memberships and library-normalized, scaled-prior values, distinct from c. Normalization, membership and patient localization sensitivities are in Supplementary Fig. 5 and Supplementary Table 4.	Inputs read for this figure up to panel export; source tables can support multiple panels.	False	0ad782c864c368652d3821f45acdd6d6b11221e3213dca115159c8d83640c11e	ea51cf59d79c69aabbc0f81bdc796bb11237bc80ed58aa74e7b3475f66bbc04d	editable_figures/Figure_4.svg	review/Figure_4.png	"{""patient"": [""PT36"", ""PT44"", ""PT54"", ""PT55"", ""PT61"", ""PT68""], ""sample"": [""Sample1"", ""Sample3"", ""Sample4"", ""Sample5"", ""Sample6"", ""Sample7""]}"	[]				
Figure_4	D	Main 4d	GSE151165	9 dHGP / 6 rHGP	spatial disjoint HRC; full bulk programmes; frozen full-membership localization	full HRC 97; junction 28	frozen full-programme bulk projection	frozen technical/source-adjusted correlations or HGP score contrasts	full-programme gene-z score	full-programme gene-z score	patient	frozen nominal 95% intervals where applicable	No new tests; existing families in Methods and exact q columns retained. Descriptive panels have no newly assigned q values.	"[""analysis_results/rec_evidence_bridge_2026-09-16/spatial/spot_scores.tsv.gz"", ""analysis_results/rec_evidence_bridge_2026-09-16/spatial/sample_qc.tsv"", ""manuscript/rec_discovery_reinforced_2026-09-17/source_data/preserved_figure_inputs/supplementary_figure_3/representative_spatial_summary.tsv"", ""analysis_results/rec_evidence_bridge_2026-09-16/spatial/patient_correlations.tsv"", ""analysis_results/rec_evidence_bridge_2026-09-16/integration/matched_gene_patient_HGP_scores.tsv"", ""analysis_results/rec_manuscript_reinforcement_2026-09-17/bulk/patient_scores.tsv"", ""analysis_results/rec_evidence_bridge_2026-09-16/spatial/region_effects.tsv"", ""manuscript/rec_discovery_reinforced_2026-09-17/source_data/preserved_figure_inputs/supplementary_figure_3/Sample3_tissue_hires_image.png"", ""manuscript/rec_discovery_reinforced_2026-09-17/source_data/preserved_figure_inputs/supplementary_figure_3/representative_spatial_spots.tsv.gz"", ""manuscript/rec_discovery_reinforced_2026-09-17/source_data/preserved_figure_inputs/supplementary_figure_3/Sample6_tissue_hires_image.png""]"	"{""analysis_results/rec_evidence_bridge_2026-09-16/integration/matched_gene_patient_HGP_scores.tsv"": ""3efc609e6fb5a0c403b0a0d8a1b1191b20bf4767d083c35ef6cf92ad336606c7"", ""analysis_results/rec_evidence_bridge_2026-09-16/spatial/patient_correlations.tsv"": ""ae453d291727921d4e54a37a712cfe6964783ff50be544bdbc3b71e3cc047ef8"", ""analysis_results/rec_evidence_bridge_2026-09-16/spatial/region_effects.tsv"": ""615939e730bb707b733fafd92475002c1c56c6544c3f1594b116ea4b4b04677a"", ""analysis_results/rec_evidence_bridge_2026-09-16/spatial/sample_qc.tsv"": ""71e1b9ff6c7ab94536b2effff3f1a139748047d3726093d6279ddb19ef58739f"", ""analysis_results/rec_evidence_bridge_2026-09-16/spatial/spot_scores.tsv.gz"": ""2299d8947bcf2c6f4ed9a85275af7ff1eeb0c3f5acd43683e91eeb116d7685de"", ""analysis_results/rec_manuscript_reinforcement_2026-09-17/bulk/patient_scores.tsv"": ""98902fac5cd13c20960a657aca9115a4ae8e2e9e4a79469213417122cad2e90f"", ""manuscript/rec_discovery_reinforced_2026-09-17/source_data/preserved_figure_inputs/supplementary_figure_3/Sample3_tissue_hires_image.png"": ""05b7e5567ffd0ab24a0d80d71c4af8a747503e063b525a4e5c52ded35aae91ac"", ""manuscript/rec_discovery_reinforced_2026-09-17/source_data/preserved_figure_inputs/supplementary_figure_3/Sample6_tissue_hires_image.png"": ""5b97d6d2aad91f1a0a8229369f808ec1d0c12df680d9110387d5757924b4def4"", ""manuscript/rec_discovery_reinforced_2026-09-17/source_data/preserved_figure_inputs/supplementary_figure_3/representative_spatial_spots.tsv.gz"": ""6b2d5fa506c819bb5e0581663c872a9f8304395edafc23b02415d8135fae3375"", ""manuscript/rec_discovery_reinforced_2026-09-17/source_data/preserved_figure_inputs/supplementary_figure_3/representative_spatial_summary.tsv"": ""cf23210fdf1734779d62b8a0c8e0b7be755f1272f9d1b3f60d7545b959d6cb03""}"	source_data/panels/Figure_4_D.tsv	15	figures/Figure_4.pdf		a, H&E images from Fleischer et al. [4] (E-MTAB-12043) and computed region overlays for PT55 (dHGP) and PT54 (rHGP), using source registration metadata. Scale bars, 500 μm. Near/deep masks derive from proximity to liver-like expression; all six patients appear in Supplementary Fig. 4. b, Adjusted tumour-side component–HRC correlations in six spatial patients; lines connect components within patient. Blue circles indicate dHGP and orange squares rHGP throughout the patient plots. c, Mean TMM log2 CPM of thirteen count-eligible claudins, from 21 assayed members, in near regions. Points are patients; horizontal lines indicate HGP means. The exact two-sided patient-allocation P is 0.10. d, Independent bulk full-programme HRC (97 genes) and whole-junction (28 genes) scores in nine dHGP and six rHGP tumours. These are gene-z projections, not claudin-specific scores. e, rHGP-minus-dHGP differences in patient near-minus-deep expression, with nominal patient-bootstrap 95% intervals. These mean-log2CPM localization contrasts use full measured memberships and library-normalized, scaled-prior values, distinct from c. Normalization, membership and patient localization sensitivities are in Supplementary Fig. 5 and Supplementary Table 4.	Inputs read for this figure up to panel export; source tables can support multiple panels.	False	14088e886859661c466b0bf22987e30ce451753afe551c5f97186d99df20bd7a	ea51cf59d79c69aabbc0f81bdc796bb11237bc80ed58aa74e7b3475f66bbc04d	editable_figures/Figure_4.svg	review/Figure_4.png	{}	[]				
Figure_4	E	Main 4f	E-MTAB-12043	six paired near/deep profiles, three per HGP	spatial disjoint HRC; full bulk programmes; frozen full-membership localization	Claudin/Polarity; C 13 eligible claudins; D HRC97/Junction28	library-only full-library log2CPM; prior=0.5*library/mean(library), full measured memberships	five-hop all tumour-side localization contrast	rHGP minus dHGP in patient near-minus-deep expression	rHGP minus dHGP in patient near-minus-deep expression	patient	patient bootstrap; exact allocation tests	No new tests; existing families in Methods and exact q columns retained. Descriptive panels have no newly assigned q values.	"[""analysis_results/rec_evidence_bridge_2026-09-16/spatial/spot_scores.tsv.gz"", ""analysis_results/rec_evidence_bridge_2026-09-16/spatial/sample_qc.tsv"", ""manuscript/rec_discovery_reinforced_2026-09-17/source_data/preserved_figure_inputs/supplementary_figure_3/representative_spatial_summary.tsv"", ""analysis_results/rec_evidence_bridge_2026-09-16/spatial/patient_correlations.tsv"", ""analysis_results/rec_evidence_bridge_2026-09-16/integration/matched_gene_patient_HGP_scores.tsv"", ""analysis_results/rec_manuscript_reinforcement_2026-09-17/bulk/patient_scores.tsv"", ""analysis_results/rec_evidence_bridge_2026-09-16/spatial/region_effects.tsv"", ""manuscript/rec_discovery_reinforced_2026-09-17/source_data/preserved_figure_inputs/supplementary_figure_3/Sample3_tissue_hires_image.png"", ""manuscript/rec_discovery_reinforced_2026-09-17/source_data/preserved_figure_inputs/supplementary_figure_3/representative_spatial_spots.tsv.gz"", ""manuscript/rec_discovery_reinforced_2026-09-17/source_data/preserved_figure_inputs/supplementary_figure_3/Sample6_tissue_hires_image.png""]"	"{""analysis_results/rec_evidence_bridge_2026-09-16/integration/matched_gene_patient_HGP_scores.tsv"": ""3efc609e6fb5a0c403b0a0d8a1b1191b20bf4767d083c35ef6cf92ad336606c7"", ""analysis_results/rec_evidence_bridge_2026-09-16/spatial/patient_correlations.tsv"": ""ae453d291727921d4e54a37a712cfe6964783ff50be544bdbc3b71e3cc047ef8"", ""analysis_results/rec_evidence_bridge_2026-09-16/spatial/region_effects.tsv"": ""615939e730bb707b733fafd92475002c1c56c6544c3f1594b116ea4b4b04677a"", ""analysis_results/rec_evidence_bridge_2026-09-16/spatial/sample_qc.tsv"": ""71e1b9ff6c7ab94536b2effff3f1a139748047d3726093d6279ddb19ef58739f"", ""analysis_results/rec_evidence_bridge_2026-09-16/spatial/spot_scores.tsv.gz"": ""2299d8947bcf2c6f4ed9a85275af7ff1eeb0c3f5acd43683e91eeb116d7685de"", ""analysis_results/rec_manuscript_reinforcement_2026-09-17/bulk/patient_scores.tsv"": ""98902fac5cd13c20960a657aca9115a4ae8e2e9e4a79469213417122cad2e90f"", ""manuscript/rec_discovery_reinforced_2026-09-17/source_data/preserved_figure_inputs/supplementary_figure_3/Sample3_tissue_hires_image.png"": ""05b7e5567ffd0ab24a0d80d71c4af8a747503e063b525a4e5c52ded35aae91ac"", ""manuscript/rec_discovery_reinforced_2026-09-17/source_data/preserved_figure_inputs/supplementary_figure_3/Sample6_tissue_hires_image.png"": ""5b97d6d2aad91f1a0a8229369f808ec1d0c12df680d9110387d5757924b4def4"", ""manuscript/rec_discovery_reinforced_2026-09-17/source_data/preserved_figure_inputs/supplementary_figure_3/representative_spatial_spots.tsv.gz"": ""6b2d5fa506c819bb5e0581663c872a9f8304395edafc23b02415d8135fae3375"", ""manuscript/rec_discovery_reinforced_2026-09-17/source_data/preserved_figure_inputs/supplementary_figure_3/representative_spatial_summary.tsv"": ""cf23210fdf1734779d62b8a0c8e0b7be755f1272f9d1b3f60d7545b959d6cb03""}"	source_data/panels/Figure_4_E.tsv	4	figures/Figure_4.pdf		a, H&E images from Fleischer et al. [4] (E-MTAB-12043) and computed region overlays for PT55 (dHGP) and PT54 (rHGP), using source registration metadata. Scale bars, 500 μm. Near/deep masks derive from proximity to liver-like expression; all six patients appear in Supplementary Fig. 4. b, Adjusted tumour-side component–HRC correlations in six spatial patients; lines connect components within patient. Blue circles indicate dHGP and orange squares rHGP throughout the patient plots. c, Mean TMM log2 CPM of thirteen count-eligible claudins, from 21 assayed members, in near regions. Points are patients; horizontal lines indicate HGP means. The exact two-sided patient-allocation P is 0.10. d, Independent bulk full-programme HRC (97 genes) and whole-junction (28 genes) scores in nine dHGP and six rHGP tumours. These are gene-z projections, not claudin-specific scores. e, rHGP-minus-dHGP differences in patient near-minus-deep expression, with nominal patient-bootstrap 95% intervals. These mean-log2CPM localization contrasts use full measured memberships and library-normalized, scaled-prior values, distinct from c. Normalization, membership and patient localization sensitivities are in Supplementary Fig. 5 and Supplementary Table 4.	Inputs read for this figure up to panel export; source tables can support multiple panels.	False	f3d678d36a8131e2f12313504d8469559de3c2b4e3a9638d828da85eb3fa8292	ea51cf59d79c69aabbc0f81bdc796bb11237bc80ed58aa74e7b3475f66bbc04d	editable_figures/Figure_4.svg	review/Figure_4.png	{}	[]				
Figure_3	A	Main 3a	Ogden broad compartments	Epithelial 15; hepatocyte 6; endothelial 8; stromal 10	harmonized single-gene expression and junction-disjoint HRC	complete 30-member inventory	log1p(CP10k); detection fraction in A	Ogden state_enhanced; external common model; saved study/member summaries	equal-patient mean detection fraction	equal-patient mean detection fraction	patient	descriptive	No new tests; existing families in Methods and exact q columns retained. Descriptive panels have no newly assigned q values.	"[""analysis_results/rec_junction_context_2026-09-16/definitions.tsv"", ""analysis_results/rec_junction_context_2026-09-16/cells/compartment_detection_summary.tsv"", ""analysis_results/rec_q2_integration_2026-09-19/external/study_member_effects.tsv"", ""analysis_results/rec_q2_integration_2026-09-19/external/random_effects_meta.tsv""]"	"{""analysis_results/rec_junction_context_2026-09-16/cells/compartment_detection_summary.tsv"": ""71f1ebe2f97da34c49328d00d32a4b80e6d66c557b4f399b7b024dbdd561cfe9"", ""analysis_results/rec_junction_context_2026-09-16/definitions.tsv"": ""66167bd3d9127f970e2887597b5e0e3417a3eecb611256f7f1abfb11a84db523"", ""analysis_results/rec_q2_integration_2026-09-19/external/random_effects_meta.tsv"": ""b825107ad563846cfb81b87318ce69614696ceeae01d7e93c304305702915743"", ""analysis_results/rec_q2_integration_2026-09-19/external/study_member_effects.tsv"": ""c8bd2796ae17523ab7c1fd3e495c9c1423c04e83a3e412d751abed0bab66d1fb""}"	source_data/panels/Figure_3_A.tsv	240	figures/Figure_3.pdf		All thirty predefined members share a fixed row order. a, Equal-patient mean detection fractions in epithelial, hepatocyte, endothelial and stromal compartments; the aligned n row gives contributing patient counts. b, Harmonized state-adjusted Ogden gene–HRC correlations and nominal patient-bootstrap 95% intervals; n denotes evaluable patients. Single-patient estimates are shown without confidence intervals. Filled points in b do not encode significance. c, External random-effects correlations with Hartung–Knapp 95% intervals; k denotes contributing studies. Filled/open markers in c indicate thirty-member BH q < 0.05/≥0.05. d, Individual original-study estimates, calculated by back-transforming the saved study Fisher-z means. All 150 study–member combinations are retained: 125 estimable and 25 unavailable. Dots indicate insufficient measurable variation; NA marks unavailable summary estimates. Valid zero and unavailable estimates remain distinct. Detection and correlation use separate colour scales, and the full study-effect range is shown. Bold labels identify discussed members; colour strips distinguish claudins, polarity genes and F11R. Complete estimates, coverage and heterogeneity are in Supplementary Fig. 3 and Supplementary Table 7.	Inputs read for this figure up to panel export; source tables can support multiple panels.	False	b20bf385f6086ffb212645e98927c36b960750994190135c5ad25f76e778a3a3	032d7de0d5b152a40f13bf71bd2232aa517afda5d526a87be4e0726c123f4449	editable_figures/Figure_3.svg	review/Figure_3.png	{}	[]				
Figure_3	B	Main 3b	Ogden	14 eligible patients; gene-specific availability	harmonized single-gene expression and junction-disjoint HRC	complete 30-member inventory	log1p(CP10k); detection fraction in A	harmonized state_enhanced	Fisher-z mean back-transformed to rho	Fisher-z mean back-transformed to rho	patient	patient bootstrap, back-transformed	No new tests; existing families in Methods and exact q columns retained. Descriptive panels have no newly assigned q values.	"[""analysis_results/rec_junction_context_2026-09-16/definitions.tsv"", ""analysis_results/rec_junction_context_2026-09-16/cells/compartment_detection_summary.tsv"", ""analysis_results/rec_q2_integration_2026-09-19/external/study_member_effects.tsv"", ""analysis_results/rec_q2_integration_2026-09-19/external/random_effects_meta.tsv""]"	"{""analysis_results/rec_junction_context_2026-09-16/cells/compartment_detection_summary.tsv"": ""71f1ebe2f97da34c49328d00d32a4b80e6d66c557b4f399b7b024dbdd561cfe9"", ""analysis_results/rec_junction_context_2026-09-16/definitions.tsv"": ""66167bd3d9127f970e2887597b5e0e3417a3eecb611256f7f1abfb11a84db523"", ""analysis_results/rec_q2_integration_2026-09-19/external/random_effects_meta.tsv"": ""b825107ad563846cfb81b87318ce69614696ceeae01d7e93c304305702915743"", ""analysis_results/rec_q2_integration_2026-09-19/external/study_member_effects.tsv"": ""c8bd2796ae17523ab7c1fd3e495c9c1423c04e83a3e412d751abed0bab66d1fb""}"	source_data/panels/Figure_3_B.tsv	30	figures/Figure_3.pdf		All thirty predefined members share a fixed row order. a, Equal-patient mean detection fractions in epithelial, hepatocyte, endothelial and stromal compartments; the aligned n row gives contributing patient counts. b, Harmonized state-adjusted Ogden gene–HRC correlations and nominal patient-bootstrap 95% intervals; n denotes evaluable patients. Single-patient estimates are shown without confidence intervals. Filled points in b do not encode significance. c, External random-effects correlations with Hartung–Knapp 95% intervals; k denotes contributing studies. Filled/open markers in c indicate thirty-member BH q < 0.05/≥0.05. d, Individual original-study estimates, calculated by back-transforming the saved study Fisher-z means. All 150 study–member combinations are retained: 125 estimable and 25 unavailable. Dots indicate insufficient measurable variation; NA marks unavailable summary estimates. Valid zero and unavailable estimates remain distinct. Detection and correlation use separate colour scales, and the full study-effect range is shown. Bold labels identify discussed members; colour strips distinguish claudins, polarity genes and F11R. Complete estimates, coverage and heterogeneity are in Supplementary Fig. 3 and Supplementary Table 7.	Inputs read for this figure up to panel export; source tables can support multiple panels.	False	22486f598e1d6a7d06ebbd3411d14b35428d97830d4f8d9acb113eedfe5382fe	032d7de0d5b152a40f13bf71bd2232aa517afda5d526a87be4e0726c123f4449	editable_figures/Figure_3.svg	review/Figure_3.png	"{""study"": [""Ogden_2025""]}"	[]				
Figure_3	C	Main 3c	five external original studies	Ogden 14 eligible; external 28 candidate contributors; broad source compartments as shown	harmonized single-gene expression and junction-disjoint HRC	complete 30-member inventory	log1p(CP10k); detection fraction in A	common / random effects	Fisher-z pooled mean back-transformed to rho	Fisher-z pooled mean back-transformed to rho	patient	Hartung–Knapp, back-transformed	30-member BH family	"[""analysis_results/rec_junction_context_2026-09-16/definitions.tsv"", ""analysis_results/rec_junction_context_2026-09-16/cells/compartment_detection_summary.tsv"", ""analysis_results/rec_q2_integration_2026-09-19/external/study_member_effects.tsv"", ""analysis_results/rec_q2_integration_2026-09-19/external/random_effects_meta.tsv""]"	"{""analysis_results/rec_junction_context_2026-09-16/cells/compartment_detection_summary.tsv"": ""71f1ebe2f97da34c49328d00d32a4b80e6d66c557b4f399b7b024dbdd561cfe9"", ""analysis_results/rec_junction_context_2026-09-16/definitions.tsv"": ""66167bd3d9127f970e2887597b5e0e3417a3eecb611256f7f1abfb11a84db523"", ""analysis_results/rec_q2_integration_2026-09-19/external/random_effects_meta.tsv"": ""b825107ad563846cfb81b87318ce69614696ceeae01d7e93c304305702915743"", ""analysis_results/rec_q2_integration_2026-09-19/external/study_member_effects.tsv"": ""c8bd2796ae17523ab7c1fd3e495c9c1423c04e83a3e412d751abed0bab66d1fb""}"	source_data/panels/Figure_3_C.tsv	30	figures/Figure_3.pdf		All thirty predefined members share a fixed row order. a, Equal-patient mean detection fractions in epithelial, hepatocyte, endothelial and stromal compartments; the aligned n row gives contributing patient counts. b, Harmonized state-adjusted Ogden gene–HRC correlations and nominal patient-bootstrap 95% intervals; n denotes evaluable patients. Single-patient estimates are shown without confidence intervals. Filled points in b do not encode significance. c, External random-effects correlations with Hartung–Knapp 95% intervals; k denotes contributing studies. Filled/open markers in c indicate thirty-member BH q < 0.05/≥0.05. d, Individual original-study estimates, calculated by back-transforming the saved study Fisher-z means. All 150 study–member combinations are retained: 125 estimable and 25 unavailable. Dots indicate insufficient measurable variation; NA marks unavailable summary estimates. Valid zero and unavailable estimates remain distinct. Detection and correlation use separate colour scales, and the full study-effect range is shown. Bold labels identify discussed members; colour strips distinguish claudins, polarity genes and F11R. Complete estimates, coverage and heterogeneity are in Supplementary Fig. 3 and Supplementary Table 7.	Inputs read for this figure up to panel export; source tables can support multiple panels.	False	be10f3cb9912b4ca5c2efa379a49fc402791644bb4b4eca01568f4ba26a9a300	032d7de0d5b152a40f13bf71bd2232aa517afda5d526a87be4e0726c123f4449	editable_figures/Figure_3.svg	review/Figure_3.png	{}	[]				
Figure_3	D	new encoding of frozen results	five external original studies	Ogden 14 eligible; external 28 candidate contributors; broad source compartments as shown	harmonized single-gene expression and junction-disjoint HRC	complete 30-member inventory	log1p(CP10k); detection fraction in A	common; equal-patient study means	study Fisher-z mean back-transformed to rho	study Fisher-z mean back-transformed to rho	patient	heatmap descriptive; study intervals supplied	No new tests; existing families in Methods and exact q columns retained. Descriptive panels have no newly assigned q values.	"[""analysis_results/rec_junction_context_2026-09-16/definitions.tsv"", ""analysis_results/rec_junction_context_2026-09-16/cells/compartment_detection_summary.tsv"", ""analysis_results/rec_q2_integration_2026-09-19/external/study_member_effects.tsv"", ""analysis_results/rec_q2_integration_2026-09-19/external/random_effects_meta.tsv""]"	"{""analysis_results/rec_junction_context_2026-09-16/cells/compartment_detection_summary.tsv"": ""71f1ebe2f97da34c49328d00d32a4b80e6d66c557b4f399b7b024dbdd561cfe9"", ""analysis_results/rec_junction_context_2026-09-16/definitions.tsv"": ""66167bd3d9127f970e2887597b5e0e3417a3eecb611256f7f1abfb11a84db523"", ""analysis_results/rec_q2_integration_2026-09-19/external/random_effects_meta.tsv"": ""b825107ad563846cfb81b87318ce69614696ceeae01d7e93c304305702915743"", ""analysis_results/rec_q2_integration_2026-09-19/external/study_member_effects.tsv"": ""c8bd2796ae17523ab7c1fd3e495c9c1423c04e83a3e412d751abed0bab66d1fb""}"	source_data/panels/Figure_3_D.tsv	150	figures/Figure_3.pdf	All 150 study–member combinations: 125 finite, 25 unavailable; no new heterogeneity tests.	All thirty predefined members share a fixed row order. a, Equal-patient mean detection fractions in epithelial, hepatocyte, endothelial and stromal compartments; the aligned n row gives contributing patient counts. b, Harmonized state-adjusted Ogden gene–HRC correlations and nominal patient-bootstrap 95% intervals; n denotes evaluable patients. Single-patient estimates are shown without confidence intervals. Filled points in b do not encode significance. c, External random-effects correlations with Hartung–Knapp 95% intervals; k denotes contributing studies. Filled/open markers in c indicate thirty-member BH q < 0.05/≥0.05. d, Individual original-study estimates, calculated by back-transforming the saved study Fisher-z means. All 150 study–member combinations are retained: 125 estimable and 25 unavailable. Dots indicate insufficient measurable variation; NA marks unavailable summary estimates. Valid zero and unavailable estimates remain distinct. Detection and correlation use separate colour scales, and the full study-effect range is shown. Bold labels identify discussed members; colour strips distinguish claudins, polarity genes and F11R. Complete estimates, coverage and heterogeneity are in Supplementary Fig. 3 and Supplementary Table 7.	Inputs read for this figure up to panel export; source tables can support multiple panels.	False	a6771cfba2986710cecef2b134c9845c23c046638ca59b86bcb3221f0cd5d2c5	032d7de0d5b152a40f13bf71bd2232aa517afda5d526a87be4e0726c123f4449	editable_figures/Figure_3.svg	review/Figure_3.png	"{""study"": [""Che_2021_Cell_Discov"", ""Giguelay_2022_Theranostics"", ""Liu_2024_Cancer_Res"", ""Sathe_2023_Clin_Cancer_Res"", ""Wang_2023_Sci_Adv""]}"	[]				
