component	gene	role	source_gene	measured	common_feature	retained
HRC	ABHD11-AS1	target	NA	False	False	False
HRC	AC009133.12	target	NA	False	False	False
HRC	ADAM9	target	ADAM9	True	True	True
HRC	AHNAK	target	AHNAK	True	True	True
HRC	AHNAK2	target	AHNAK2	True	True	True
HRC	ANXA11	target	ANXA11	True	True	True
HRC	ARFGAP3	target	ARFGAP3	True	True	True
HRC	B4GALNT3	target	B4GALNT3	True	True	True
HRC	B4GALT1	target	B4GALT1	True	True	True
HRC	BAIAP2L1	target	BAIAP2L1	True	True	True
HRC	BMP2	target	BMP2	True	True	True
HRC	C19ORF33	target	C19orf33	True	True	True
HRC	C1ORF106	target	NA	False	False	False
HRC	CAMK2N1	target	CAMK2N1	True	True	True
HRC	CD55	target	CD55	True	True	True
HRC	CD59	target	CD59	True	True	True
HRC	CD68	target	CD68	True	True	True
HRC	CDA	target	CDA	True	True	True
HRC	CDCP1	target	CDCP1	True	True	True
HRC	CDKN2B	target	CDKN2B	True	True	True
HRC	CEACAM1	target	CEACAM1	True	True	True
HRC	CEACAM5	target	CEACAM5	True	True	True
HRC	CGN	target	CGN	True	True	True
HRC	CLIC3	target	CLIC3	True	True	True
HRC	COL17A1	target	COL17A1	True	True	True
HRC	CXCL16	target	CXCL16	True	True	True
HRC	CYP3A5	target	CYP3A5	True	True	True
HRC	CYSTM1	target	CYSTM1	True	True	True
HRC	DDR1	target	DDR1	True	True	True
HRC	DSG2	target	DSG2	True	True	True
HRC	DUSP5	target	DUSP5	True	True	True
HRC	EFNB1	target	EFNB1	True	True	True
HRC	EMP1	target	EMP1	True	True	True
HRC	EPS8L1	target	EPS8L1	True	True	True
HRC	ERO1L	target	NA	False	False	False
HRC	EZR	target	EZR	True	True	True
HRC	FA2H	target	FA2H	True	True	True
HRC	FLNB	target	FLNB	True	True	True
HRC	GBP3	target	GBP3	True	True	True
HRC	GJB3	target	GJB3	True	True	True
HRC	GPRC5A	target	GPRC5A	True	True	True
HRC	HEBP2	target	HEBP2	True	True	True
HRC	ITGA2	target	ITGA2	True	True	True
HRC	ITGA3	target	ITGA3	True	True	True
HRC	ITGB1	target	ITGB1	True	True	True
HRC	ITGB4	target	ITGB4	True	True	True
HRC	JUP	target	JUP	True	True	True
HRC	KLK10	target	KLK10	True	True	True
HRC	KRT80	target	KRT80	True	True	True
HRC	LAMA3	target	LAMA3	True	True	True
HRC	LAMB3	target	LAMB3	True	True	True
HRC	LAMC2	target	LAMC2	True	True	True
HRC	LIPH	target	LIPH	True	True	True
HRC	LMO7	target	LMO7	True	True	True
HRC	LRP10	target	LRP10	True	True	True
HRC	MISP	target	MISP	True	True	True
HRC	MUC13	target	MUC13	True	True	True
HRC	MXD1	target	MXD1	True	True	True
HRC	MYH14	target	MYH14	True	True	True
HRC	MYOF	target	MYOF	True	True	True
HRC	PCDH1	target	PCDH1	True	True	True
HRC	PDZK1IP1	target	PDZK1IP1	True	True	True
HRC	PINK1	target	PINK1	True	True	True
HRC	PLAUR	target	PLAUR	True	True	True
HRC	PLEC	target	PLEC	True	True	True
HRC	PPARD	target	PPARD	True	True	True
HRC	PPP2CB	target	PPP2CB	True	True	True
HRC	PRSS22	target	PRSS22	True	True	True
HRC	PTK6	target	PTK6	True	True	True
HRC	PTPRH	target	PTPRH	True	True	True
HRC	RHOF	target	RHOF	True	True	True
HRC	RIOK3	target	RIOK3	True	True	True
HRC	RNF103	target	RNF103	True	True	True
HRC	RRAS	target	RRAS	True	True	True
HRC	SDCBP2	target	SDCBP2	True	True	True
HRC	SEMA3B	target	SEMA3B	True	True	True
HRC	SERINC2	target	SERINC2	True	True	True
HRC	SLC2A1	target	SLC2A1	True	True	True
HRC	SLC44A4	target	SLC44A4	True	True	True
HRC	SLC6A8	target	SLC6A8	True	True	True
HRC	SLPI	target	SLPI	True	True	True
HRC	SMAD3	target	SMAD3	True	True	True
HRC	SNX9	target	SNX9	True	True	True
HRC	SPINT1	target	SPINT1	True	True	True
HRC	SSFA2	target	NA	False	False	False
HRC	STK24	target	STK24	True	True	True
HRC	TIMP2	target	TIMP2	True	True	True
HRC	TINAGL1	target	TINAGL1	True	True	True
HRC	TJP3	target	TJP3	True	True	True
HRC	TM4SF1	target	TM4SF1	True	True	True
HRC	TMBIM1	target	TMBIM1	True	True	True
HRC	TMPRSS2	target	TMPRSS2	True	True	True
HRC	TMPRSS4	target	TMPRSS4	True	True	True
HRC	TNFRSF21	target	TNFRSF21	True	True	True
HRC	TSPAN1	target	TSPAN1	True	True	True
HRC	TSPAN3	target	TSPAN3	True	True	True
HRC	UGCG	target	UGCG	True	True	True
HRC	USP53	target	USP53	True	True	True
HRC	ZNF497	control	ZNF497	True	True	True
HRC	KCNMA1	control	KCNMA1	True	True	True
HRC	GPR19	control	GPR19	True	True	True
HRC	C2CD4A	control	C2CD4A	True	True	True
HRC	EPHA1-AS1	control	EPHA1-AS1	True	True	True
HRC	SPTBN5	control	SPTBN5	True	True	True
HRC	CPTP	control	CPTP	True	True	True
HRC	AL035693.1	control	AL035693.1	True	False	False
HRC	CDC42-IT1	control	CDC42-IT1	True	False	False
HRC	E2F2	control	E2F2	True	True	True
HRC	MSH4	control	MSH4	True	True	True
HRC	CFL2	control	CFL2	True	True	True
HRC	FAM183A	control	FAM183A	True	False	False
HRC	AC006547.1	control	AC006547.1	True	False	False
HRC	HAUS7	control	HAUS7	True	True	True
HRC	ZNF2	control	ZNF2	True	True	True
HRC	NALCN-AS1	control	NALCN-AS1	True	True	True
HRC	AL132780.1	control	AL132780.1	True	False	False
HRC	OVGP1	control	OVGP1	True	True	True
HRC	CDH8	control	CDH8	True	True	True
HRC	AC007780.1	control	AC007780.1	True	False	False
HRC	FOLR1	control	FOLR1	True	True	True
HRC	LINC02175	control	LINC02175	True	True	True
HRC	AL161668.3	control	AL161668.3	True	False	False
HRC	ID4	control	ID4	True	True	True
HRC	AC069272.1	control	AC069272.1	True	False	False
HRC	CACNA1A	control	CACNA1A	True	True	True
HRC	ASB9	control	ASB9	True	True	True
HRC	TSACC	control	TSACC	True	True	True
HRC	AC005632.3	control	AC005632.3	True	False	False
HRC	AC007009.1	control	AC007009.1	True	False	False
HRC	AC120193.1	control	AC120193.1	True	False	False
HRC	AC034139.1	control	AC034139.1	True	False	False
HRC	SLC43A3	control	SLC43A3	True	True	True
HRC	BRPF1	control	BRPF1	True	True	True
HRC	VIPR1-AS1	control	VIPR1-AS1	True	True	True
HRC	LINC00578	control	LINC00578	True	True	True
HRC	AC092142.1	control	AC092142.1	True	False	False
HRC	ZNF749	control	ZNF749	True	True	True
HRC	AC073333.1	control	AC073333.1	True	False	False
HRC	FADS3	control	FADS3	True	True	True
HRC	CASP1	control	CASP1	True	True	True
HRC	SNX32	control	SNX32	True	True	True
HRC	ICA1L	control	ICA1L	True	True	True
HRC	STAT4	control	STAT4	True	True	True
HRC	GEMIN2	control	GEMIN2	True	True	True
HRC	ABHD14A	control	ABHD14A	True	True	True
HRC	AMOTL2	control	AMOTL2	True	True	True
HRC	SURF2	control	SURF2	True	True	True
HRC	IFT27	control	IFT27	True	True	True
HRC	STARD7-AS1	control	STARD7-AS1	True	False	False
HRC	APOL2	control	APOL2	True	True	True
HRC	HDDC3	control	HDDC3	True	True	True
HRC	CCDC26	control	CCDC26	True	True	True
HRC	CPNE4	control	CPNE4	True	True	True
HRC	AC007099.1	control	AC007099.1	True	False	False
HRC	C16ORF46	control	C16orf46	True	True	True
HRC	NEMP2	control	NEMP2	True	True	True
HRC	FGFRL1	control	FGFRL1	True	True	True
HRC	ACOX2	control	ACOX2	True	True	True
HRC	CHN1	control	CHN1	True	True	True
HRC	AL450998.2	control	AL450998.2	True	False	False
HRC	PTCD2	control	PTCD2	True	True	True
HRC	AL513188.1	control	AL513188.1	True	False	False
HRC	DRG2	control	DRG2	True	True	True
HRC	SNX10	control	SNX10	True	True	True
HRC	IFI35	control	IFI35	True	True	True
HRC	HEXIM1	control	HEXIM1	True	True	True
HRC	MFSD4A	control	MFSD4A	True	True	True
HRC	LINC02591	control	LINC02591	True	True	True
HRC	AC025211.1	control	AC025211.1	True	False	False
HRC	LAMB2	control	LAMB2	True	True	True
HRC	KCNC4	control	KCNC4	True	True	True
HRC	MAGEF1	control	MAGEF1	True	True	True
HRC	GTF2E1	control	GTF2E1	True	True	True
HRC	BRMS1	control	BRMS1	True	True	True
HRC	PGAP3	control	PGAP3	True	True	True
HRC	HEATR4	control	HEATR4	True	True	True
HRC	NUBP2	control	NUBP2	True	True	True
HRC	TRIM5	control	TRIM5	True	True	True
HRC	AIP	control	AIP	True	True	True
HRC	IKZF5	control	IKZF5	True	True	True
HRC	SLC2A10	control	SLC2A10	True	True	True
HRC	ZNF19	control	ZNF19	True	True	True
HRC	AC007130.1	control	AC007130.1	True	False	False
HRC	PARP6	control	PARP6	True	True	True
HRC	ATP13A1	control	ATP13A1	True	True	True
HRC	SF3A1	control	SF3A1	True	True	True
HRC	AC004158.1	control	AC004158.1	True	False	False
HRC	ERG28	control	ERG28	True	True	True
HRC	AP1S2	control	AP1S2	True	True	True
HRC	CAPN13	control	CAPN13	True	True	True
HRC	NCK1-DT	control	NCK1-DT	True	True	True
HRC	LINC00685	control	LINC00685	True	True	True
HRC	BOD1	control	BOD1	True	True	True
HRC	SMOC1	control	SMOC1	True	True	True
HRC	BCAS4	control	BCAS4	True	True	True
HRC	CTBS	control	CTBS	True	True	True
HRC	AC090517.5	control	AC090517.5	True	False	False
HRC	PAQR3	control	PAQR3	True	True	True
HRC	HSPB11	control	HSPB11	True	False	False
HRC	OTUD6B-AS1	control	OTUD6B-AS1	True	True	True
HRC	F2RL1	control	F2RL1	True	True	True
HRC	ELF3-AS1	control	ELF3-AS1	True	True	True
HRC	MAP2K7	control	MAP2K7	True	True	True
HRC	GEMIN8	control	GEMIN8	True	True	True
HRC	ZKSCAN7-AS1	control	ZKSCAN7-AS1	True	True	True
HRC	MANSC1	control	MANSC1	True	True	True
HRC	IQCM	control	IQCM	True	True	True
HRC	GNPNAT1	control	GNPNAT1	True	True	True
HRC	TMEM94	control	TMEM94	True	True	True
HRC	PDE6D	control	PDE6D	True	True	True
HRC	FAM3B	control	FAM3B	True	True	True
HRC	RMDN3	control	RMDN3	True	True	True
HRC	CRKL	control	CRKL	True	True	True
HRC	NMI	control	NMI	True	True	True
HRC	NOP10	control	NOP10	True	True	True
HRC	INTS14	control	INTS14	True	True	True
HRC	ENO4	control	ENO4	True	True	True
HRC	SPAG16	control	SPAG16	True	True	True
HRC	TTC23	control	TTC23	True	True	True
HRC	TTBK2	control	TTBK2	True	True	True
HRC	PPIP5K1	control	PPIP5K1	True	True	True
HRC	SHISA5	control	SHISA5	True	True	True
HRC	AKIRIN2	control	AKIRIN2	True	True	True
HRC	POLR2H	control	POLR2H	True	True	True
HRC	PPP1R7	control	PPP1R7	True	True	True
HRC	DESI1	control	DESI1	True	True	True
HRC	LINC00623	control	LINC00623	True	True	True
HRC	C1ORF131	control	C1orf131	True	True	True
HRC	POC1B-AS1	control	POC1B-AS1	True	True	True
HRC	BUD31	control	BUD31	True	True	True
HRC	IFRD2	control	IFRD2	True	True	True
HRC	RABEP2	control	RABEP2	True	True	True
HRC	DHCR24	control	DHCR24	True	True	True
HRC	TTC28	control	TTC28	True	True	True
HRC	AGGF1	control	AGGF1	True	True	True
HRC	NSMCE1	control	NSMCE1	True	True	True
HRC	RSL24D1	control	RSL24D1	True	True	True
HRC	IGFBP4	control	IGFBP4	True	True	True
HRC	LTA4H	control	LTA4H	True	True	True
HRC	BCAR3	control	BCAR3	True	True	True
HRC	BICDL2	control	BICDL2	True	True	True
HRC	FAM234A	control	FAM234A	True	True	True
HRC	C5ORF56	control	C5orf56	True	False	False
HRC	ZNF720	control	ZNF720	True	False	False
HRC	PFDN2	control	PFDN2	True	True	True
HRC	CCNT1	control	CCNT1	True	True	True
HRC	TADA2A	control	TADA2A	True	True	True
HRC	TTLL3	control	TTLL3	True	True	True
HRC	ENGASE	control	ENGASE	True	True	True
HRC	STARD7	control	STARD7	True	True	True
HRC	SIRT5	control	SIRT5	True	True	True
HRC	EIF3G	control	EIF3G	True	True	True
HRC	PRKD2	control	PRKD2	True	True	True
HRC	ZMPSTE24	control	ZMPSTE24	True	True	True
HRC	WDR7	control	WDR7	True	True	True
HRC	PANK2	control	PANK2	True	True	True
HRC	B3GNT3	control	B3GNT3	True	True	True
HRC	Z93403.1	control	Z93403.1	True	False	False
HRC	TPRG1	control	TPRG1	True	True	True
HRC	ESD	control	ESD	True	True	True
HRC	MTG2	control	MTG2	True	True	True
HRC	RESF1	control	RESF1	True	True	True
HRC	STAT5B	control	STAT5B	True	True	True
HRC	COL27A1	control	COL27A1	True	True	True
HRC	TCP1	control	TCP1	True	True	True
HRC	SAMD4A	control	SAMD4A	True	True	True
HRC	ERICH1	control	ERICH1	True	True	True
HRC	VPS51	control	VPS51	True	True	True
HRC	TUBB4B	control	TUBB4B	True	True	True
HRC	ZNF503-AS1	control	ZNF503-AS1	True	True	True
HRC	ZNF37A	control	ZNF37A	True	True	True
HRC	GPR107	control	GPR107	True	True	True
HRC	GGT7	control	GGT7	True	True	True
HRC	KIAA1324L	control	KIAA1324L	True	False	False
HRC	WDR11	control	WDR11	True	True	True
HRC	APRT	control	APRT	True	True	True
HRC	PEX7	control	PEX7	True	True	True
HRC	DENND5A	control	DENND5A	True	True	True
HRC	DDX3X	control	DDX3X	True	True	True
HRC	RARS	control	RARS	True	False	False
HRC	LARP4	control	LARP4	True	True	True
HRC	CUL1	control	CUL1	True	True	True
HRC	CAND1	control	CAND1	True	True	True
HRC	VDAC1	control	VDAC1	True	True	True
HRC	MBTPS1	control	MBTPS1	True	True	True
HRC	TAGLN2	control	TAGLN2	True	True	True
HRC	KCNMB2-AS1	control	KCNMB2-AS1	True	True	True
HRC	POM121	control	POM121	True	True	True
HRC	SPAG1	control	SPAG1	True	True	True
HRC	BAZ1B	control	BAZ1B	True	True	True
HRC	MMP24OS	control	MMP24OS	True	True	True
HRC	TTC39B	control	TTC39B	True	True	True
HRC	VSNL1	control	VSNL1	True	True	True
HRC	ZNF451	control	ZNF451	True	True	True
HRC	LINC00278	control	LINC00278	True	True	True
HRC	PALM2-AKAP2	control	PALM2-AKAP2	True	False	False
HRC	EMSY	control	EMSY	True	True	True
HRC	ATXN7	control	ATXN7	True	True	True
HRC	ABLIM1	control	ABLIM1	True	True	True
HRC	TMEM117	control	TMEM117	True	True	True
HRC	BCL11A	control	BCL11A	True	True	True
HRC	HUWE1	control	HUWE1	True	True	True
HRC	RABGEF1	control	RABGEF1	True	True	True
HRC	TM9SF4	control	TM9SF4	True	True	True
HRC	HNRNPDL	control	HNRNPDL	True	True	True
HRC	SBF2	control	SBF2	True	True	True
HRC	LARP4B	control	LARP4B	True	True	True
HRC	RAC1	control	RAC1	True	True	True
HRC	UTRN	control	UTRN	True	True	True
HRC	TCF25	control	TCF25	True	True	True
HRC	LINC01876	control	LINC01876	True	True	True
HRC	ITGA9	control	ITGA9	True	True	True
HRC	CNOT1	control	CNOT1	True	True	True
HRC	SCFD1	control	SCFD1	True	True	True
HRC	MAN1A2	control	MAN1A2	True	True	True
HRC	SREBF2	control	SREBF2	True	True	True
HRC	PPA1	control	PPA1	True	True	True
HRC	GNAS	control	GNAS	True	True	True
Claudin	CLDN1	target	CLDN1	True	True	True
Claudin	CLDN10	target	CLDN10	True	True	True
Claudin	CLDN11	target	CLDN11	True	True	True
Claudin	CLDN12	target	CLDN12	True	True	True
Claudin	CLDN14	target	CLDN14	True	True	True
Claudin	CLDN15	target	CLDN15	True	True	True
Claudin	CLDN16	target	CLDN16	True	True	True
Claudin	CLDN17	target	CLDN17	False	True	False
Claudin	CLDN18	target	CLDN18	True	True	True
Claudin	CLDN19	target	CLDN19	True	True	True
Claudin	CLDN2	target	CLDN2	True	True	True
Claudin	CLDN20	target	CLDN20	True	True	True
Claudin	CLDN22	target	CLDN22	True	True	True
Claudin	CLDN23	target	CLDN23	True	True	True
Claudin	CLDN3	target	CLDN3	True	True	True
Claudin	CLDN4	target	CLDN4	True	True	True
Claudin	CLDN5	target	CLDN5	True	True	True
Claudin	CLDN6	target	CLDN6	True	True	True
Claudin	CLDN7	target	CLDN7	True	True	True
Claudin	CLDN8	target	CLDN8	True	True	True
Claudin	CLDN9	target	CLDN9	True	True	True
Claudin	AP001255.1	control	AP001255.1	True	False	False
Claudin	KRTAP10-6	control	KRTAP10-6	True	True	True
Claudin	AC134508.1	control	AC134508.1	True	False	False
Claudin	AC121161.2	control	AC121161.2	True	False	False
Claudin	AC105094.1	control	AC105094.1	True	False	False
Claudin	IGHV3-33	control	IGHV3-33	True	True	True
Claudin	AC025754.1	control	AC025754.1	True	False	False
Claudin	TRGJP	control	TRGJP	True	True	True
Claudin	AL355981.1	control	AL355981.1	True	False	False
Claudin	AL357793.1	control	AL357793.1	True	False	False
Claudin	IGLV1-44	control	IGLV1-44	True	True	True
Claudin	AC005625.1	control	AC005625.1	True	False	False
Claudin	LINC02619	control	LINC02619	True	False	False
Claudin	AC079851.1	control	AC079851.1	True	False	False
Claudin	CFC1	control	CFC1	True	True	True
Claudin	AC051635.1	control	AC051635.1	True	False	False
Claudin	AL133415.1	control	AL133415.1	True	False	False
Claudin	AC109349.1	control	AC109349.1	True	False	False
Claudin	SPART	control	SPART	True	True	True
Claudin	HSFX4	control	HSFX4	True	True	True
Claudin	AC104232.1	control	AC104232.1	True	False	False
Claudin	FAM66E	control	FAM66E	True	False	False
Claudin	USH1G	control	USH1G	True	True	True
Claudin	CFAP97D1	control	CFAP97D1	True	True	True
Claudin	LINC01345	control	LINC01345	True	True	True
Claudin	IGFL3	control	IGFL3	True	True	True
Claudin	NT5C1A	control	NT5C1A	True	True	True
Claudin	SLC5A7	control	SLC5A7	True	True	True
Claudin	AL158069.1	control	AL158069.1	True	False	False
Claudin	AL645634.2	control	AL645634.2	True	False	False
Claudin	AC108752.1	control	AC108752.1	True	False	False
Claudin	OMP	control	OMP	True	True	True
Claudin	RFPL4B	control	RFPL4B	True	True	True
Claudin	AC118755.1	control	AC118755.1	True	False	False
Claudin	AC103809.1	control	AC103809.1	True	False	False
Claudin	AC073848.1	control	AC073848.1	True	False	False
Claudin	AC019209.3	control	AC019209.3	True	False	False
Claudin	AC120036.4	control	AC120036.4	True	False	False
Claudin	NKX2-8	control	NKX2-8	True	True	True
Claudin	AC090618.1	control	AC090618.1	True	False	False
Claudin	AC007728.2	control	AC007728.2	True	False	False
Claudin	AP001885.3	control	AP001885.3	True	False	False
Claudin	AC131159.1	control	AC131159.1	True	False	False
Claudin	AC107081.4	control	AC107081.4	True	False	False
Claudin	AC009090.1	control	AC009090.1	True	False	False
Claudin	CIB3	control	CIB3	True	True	True
Claudin	ALPP	control	ALPP	True	True	True
Claudin	GAS2L2	control	GAS2L2	True	True	True
Claudin	AL589794.2	control	AL589794.2	True	False	False
Claudin	AC019155.2	control	AC019155.2	True	False	False
Claudin	AC130371.2	control	AC130371.2	True	False	False
Claudin	C11ORF72	control	C11orf72	True	False	False
Claudin	SPEF1	control	SPEF1	True	True	True
Claudin	AC130456.4	control	AC130456.4	True	False	False
Claudin	C1QTNF8	control	C1QTNF8	True	True	True
Claudin	AL589642.1	control	AL589642.1	True	False	False
Claudin	AC005264.1	control	AC005264.1	True	False	False
Claudin	AC068787.2	control	AC068787.2	True	False	False
Claudin	AL590138.1	control	AL590138.1	True	False	False
Claudin	AC078942.1	control	AC078942.1	True	False	False
Claudin	GALNTL5	control	GALNTL5	True	True	True
Claudin	ASH1L-IT1	control	ASH1L-IT1	True	False	False
Claudin	AC074286.1	control	AC074286.1	True	False	False
Claudin	NKAIN3-IT1	control	NKAIN3-IT1	True	False	False
Claudin	AL035420.3	control	AL035420.3	True	False	False
Claudin	SLC22A16	control	SLC22A16	True	True	True
Claudin	HCG14	control	HCG14	True	True	True
Claudin	AC087276.1	control	AC087276.1	True	False	False
Claudin	AC090572.3	control	AC090572.3	True	False	False
Claudin	AC008972.2	control	AC008972.2	True	False	False
Claudin	PPM1K-DT	control	PPM1K-DT	True	True	True
Claudin	ASB15	control	ASB15	True	True	True
Claudin	AC087672.2	control	AC087672.2	True	False	False
Claudin	TCERG1L	control	TCERG1L	True	True	True
Claudin	MMP10	control	MMP10	True	True	True
Claudin	LINC02678	control	LINC02678	True	False	False
Claudin	AC006273.1	control	AC006273.1	True	False	False
Claudin	AC013267.2	control	AC013267.2	True	False	False
Claudin	LINC00410	control	LINC00410	True	False	False
Claudin	LINC02080	control	LINC02080	True	True	True
Claudin	DACT3	control	DACT3	True	True	True
Claudin	LINC01270	control	LINC01270	True	True	True
Claudin	AL162394.1	control	AL162394.1	True	False	False
Claudin	CLEC2A	control	CLEC2A	True	True	True
Claudin	AC025165.5	control	AC025165.5	True	False	False
Claudin	LINC00971	control	LINC00971	True	True	True
Claudin	AC007497.1	control	AC007497.1	True	False	False
Claudin	VCAN-AS1	control	VCAN-AS1	True	True	True
Claudin	AL031123.5	control	AL031123.5	True	False	False
Claudin	AC066613.1	control	AC066613.1	True	False	False
Claudin	SOWAHD	control	SOWAHD	True	True	True
Claudin	AC005842.1	control	AC005842.1	True	False	False
Claudin	LINC01238.1	control	LINC01238.1	True	False	False
Claudin	AL136988.1	control	AL136988.1	True	False	False
Claudin	AP002815.1	control	AP002815.1	True	False	False
Claudin	ADGRE1	control	ADGRE1	True	True	True
Claudin	AL390964.1	control	AL390964.1	True	False	False
Claudin	LINC01492	control	LINC01492	True	True	True
Claudin	AC005909.2	control	AC005909.2	True	False	False
Claudin	CHTF8	control	CHTF8	True	True	True
Claudin	LINC00558	control	LINC00558	True	False	False
Claudin	AC232271.2	control	AC232271.2	True	False	False
Claudin	AC006364.1	control	AC006364.1	True	False	False
Claudin	AC091588.3	control	AC091588.3	True	False	False
Claudin	KCNT2	control	KCNT2	True	True	True
Claudin	FAM131C	control	FAM131C	True	True	True
Claudin	AL136980.1	control	AL136980.1	True	False	False
Claudin	AC018413.1	control	AC018413.1	True	False	False
Claudin	AC016542.1	control	AC016542.1	True	False	False
Claudin	AL391834.3	control	AL391834.3	True	False	False
Claudin	FXYD4	control	FXYD4	True	True	True
Claudin	AF196972.1	control	AF196972.1	True	False	False
Claudin	SH2D4B	control	SH2D4B	True	True	True
Claudin	AC139795.3	control	AC139795.3	True	False	False
Claudin	UTS2	control	UTS2	True	True	True
Claudin	AC020978.2	control	AC020978.2	True	False	False
Claudin	AC008676.1	control	AC008676.1	True	False	False
Claudin	OAZ3	control	OAZ3	True	True	True
Claudin	HCG15	control	HCG15	True	True	True
Claudin	Z93930.3	control	Z93930.3	True	False	False
Claudin	C19ORF38	control	C19orf38	True	True	True
Claudin	DMRTA2	control	DMRTA2	True	True	True
Claudin	AC215522.2	control	AC215522.2	True	False	False
Claudin	AL928654.1	control	AL928654.1	True	False	False
Claudin	MEP1B	control	MEP1B	True	True	True
Claudin	AC074124.1	control	AC074124.1	True	False	False
Claudin	KRT40	control	KRT40	True	True	True
Claudin	AC104411.1	control	AC104411.1	True	False	False
Claudin	ITGA6-AS1	control	ITGA6-AS1	True	True	True
Claudin	AL162274.1	control	AL162274.1	True	False	False
Claudin	FAM167B	control	FAM167B	True	True	True
Claudin	S1PR2	control	S1PR2	True	True	True
Claudin	C10ORF82	control	C10orf82	True	False	False
Claudin	AC073091.3	control	AC073091.3	True	False	False
Claudin	AC010442.1	control	AC010442.1	True	False	False
Claudin	ADH4	control	ADH4	True	True	True
Claudin	OR6A2	control	OR6A2	True	True	True
Claudin	AL591848.2	control	AL591848.2	True	False	False
Claudin	SULT4A1	control	SULT4A1	True	True	True
Claudin	LINC00638	control	LINC00638	True	False	False
Claudin	LINC00824	control	LINC00824	True	False	False
Claudin	TTC21B-AS1	control	TTC21B-AS1	True	False	False
Claudin	MYBPC1	control	MYBPC1	True	True	True
Claudin	AC004080.2	control	AC004080.2	True	False	False
Claudin	DNAH17	control	DNAH17	True	True	True
Claudin	RERG	control	RERG	True	True	True
Claudin	DLL4	control	DLL4	True	True	True
Claudin	AP005329.3	control	AP005329.3	True	False	False
Claudin	LINC01234	control	LINC01234	True	True	True
Claudin	AC104370.1	control	AC104370.1	True	False	False
Claudin	SULT1C4	control	SULT1C4	True	True	True
Claudin	AP001830.1	control	AP001830.1	True	False	False
Claudin	CLEC19A	control	CLEC19A	True	True	True
Claudin	KCTD17	control	KCTD17	True	True	True
Claudin	TRIM17	control	TRIM17	True	True	True
Claudin	PRORY	control	PRORY	True	True	True
Claudin	CDK5	control	CDK5	True	True	True
Claudin	NDST3	control	NDST3	True	True	True
Claudin	ZNF257	control	ZNF257	True	True	True
Claudin	AC022613.3	control	AC022613.3	True	False	False
Claudin	BNC2	control	BNC2	True	True	True
Claudin	IL20RB	control	IL20RB	True	True	True
Claudin	CRISPLD2	control	CRISPLD2	True	True	True
Claudin	TCEAL3	control	TCEAL3	True	True	True
Claudin	NPIPB15	control	NPIPB15	True	True	True
Claudin	LINC00944	control	LINC00944	True	True	True
Claudin	WDR81	control	WDR81	True	True	True
Claudin	AC005165.1	control	AC005165.1	True	False	False
Claudin	AL359220.1	control	AL359220.1	True	False	False
Claudin	ZNF865	control	ZNF865	True	True	True
Claudin	AC024060.2	control	AC024060.2	True	False	False
Claudin	PDZK1	control	PDZK1	True	True	True
Claudin	COMMD8	control	COMMD8	True	True	True
Claudin	GADD45G	control	GADD45G	True	True	True
Claudin	ZNF85	control	ZNF85	True	True	True
Claudin	AC005753.2	control	AC005753.2	True	False	False
Claudin	PHOSPHO2	control	PHOSPHO2	True	True	True
Claudin	SLC7A14-AS1	control	SLC7A14-AS1	True	False	False
Claudin	EMILIN2	control	EMILIN2	True	True	True
Claudin	AL354743.2	control	AL354743.2	True	False	False
Claudin	EIF3C	control	EIF3C	True	True	True
Claudin	AC124798.1	control	AC124798.1	True	False	False
Claudin	SEC14L2	control	SEC14L2	True	True	True
Claudin	RNF144A	control	RNF144A	True	True	True
Claudin	FAM89B	control	FAM89B	True	True	True
Claudin	ETFRF1	control	ETFRF1	True	True	True
Claudin	NAIP	control	NAIP	True	True	True
Claudin	WBP1	control	WBP1	True	True	True
Claudin	RTL10	control	RTL10	True	True	True
Claudin	ZCCHC3	control	ZCCHC3	True	True	True
Claudin	AC005480.1	control	AC005480.1	True	False	False
Claudin	CDKN2AIPNL	control	CDKN2AIPNL	True	True	True
Claudin	NUDT13	control	NUDT13	True	True	True
Claudin	RNF5	control	RNF5	True	True	True
Claudin	CBR3	control	CBR3	True	True	True
Claudin	GDPD1	control	GDPD1	True	True	True
Claudin	FAM76A	control	FAM76A	True	True	True
Claudin	MTX3	control	MTX3	True	True	True
Claudin	SMIM24	control	SMIM24	True	True	True
Claudin	F11-AS1	control	F11-AS1	True	True	True
Claudin	TAZ	control	TAZ	True	False	False
Claudin	RUSC2	control	RUSC2	True	True	True
Claudin	ACAD11	control	ACAD11	True	True	True
Claudin	AC132807.2	control	AC132807.2	True	False	False
Claudin	FBXO3	control	FBXO3	True	True	True
Claudin	GRIPAP1	control	GRIPAP1	True	True	True
Claudin	PTPN6	control	PTPN6	True	True	True
Claudin	PUS1	control	PUS1	True	True	True
Claudin	PODXL2	control	PODXL2	True	True	True
Claudin	TRIM38	control	TRIM38	True	True	True
Claudin	ZNF532	control	ZNF532	True	True	True
Claudin	COQ9	control	COQ9	True	True	True
Claudin	IFNLR1	control	IFNLR1	True	True	True
Claudin	AC027097.2	control	AC027097.2	True	False	False
Claudin	LTV1	control	LTV1	True	True	True
Claudin	OSTM1	control	OSTM1	True	True	True
Claudin	PRDM5	control	PRDM5	True	True	True
Claudin	AC021851.1	control	AC021851.1	True	False	False
Claudin	TUFT1	control	TUFT1	True	True	True
Claudin	FUT10	control	FUT10	True	True	True
Claudin	MAP2K2	control	MAP2K2	True	True	True
Claudin	REXO2	control	REXO2	True	True	True
Claudin	DYNC1LI1	control	DYNC1LI1	True	True	True
Claudin	AC008825.1	control	AC008825.1	True	False	False
Claudin	KIF20B	control	KIF20B	True	True	True
Claudin	CEP162	control	CEP162	True	True	True
Claudin	PSMD12	control	PSMD12	True	True	True
Claudin	PFDN1	control	PFDN1	True	True	True
Claudin	PMPCB	control	PMPCB	True	True	True
Claudin	RABGGTB	control	RABGGTB	True	True	True
Claudin	SLC25A33	control	SLC25A33	True	True	True
Claudin	LSG1	control	LSG1	True	True	True
Claudin	SH3BGRL	control	SH3BGRL	True	True	True
Claudin	HAT1	control	HAT1	True	True	True
Claudin	WIPI2	control	WIPI2	True	True	True
Claudin	ATG4B	control	ATG4B	True	True	True
Claudin	SAMHD1	control	SAMHD1	True	True	True
Claudin	NBDY	control	NBDY	True	True	True
Claudin	LSAMP	control	LSAMP	True	True	True
Claudin	ADCY3	control	ADCY3	True	True	True
Claudin	OVOL2	control	OVOL2	True	True	True
Claudin	AFG3L2	control	AFG3L2	True	True	True
Claudin	TMEM106B	control	TMEM106B	True	True	True
Claudin	ITPA	control	ITPA	True	True	True
Claudin	RNMT	control	RNMT	True	True	True
Claudin	AP002495.1	control	AP002495.1	True	False	False
Claudin	BORCS5	control	BORCS5	True	True	True
Claudin	RNASEK	control	RNASEK	True	True	True
Claudin	SLC39A9	control	SLC39A9	True	True	True
Claudin	COPE	control	COPE	True	True	True
Claudin	RBL1	control	RBL1	True	True	True
Claudin	FAM168B	control	FAM168B	True	True	True
Claudin	ABCC4	control	ABCC4	True	True	True
Claudin	ATXN3	control	ATXN3	True	True	True
Claudin	MTMR1	control	MTMR1	True	True	True
Claudin	ZNF44	control	ZNF44	True	True	True
Claudin	DENR	control	DENR	True	True	True
Claudin	C7ORF50	control	C7orf50	True	True	True
Claudin	MGRN1	control	MGRN1	True	True	True
Claudin	SNRPF	control	SNRPF	True	True	True
Claudin	TNPO3	control	TNPO3	True	True	True
Claudin	EIF1	control	EIF1	True	True	True
Claudin	PLEKHA7	control	PLEKHA7	True	True	True
Claudin	KIF13A	control	KIF13A	True	True	True
Claudin	TAOK1	control	TAOK1	True	True	True
Claudin	NCL	control	NCL	True	True	True
Claudin	ATP11A	control	ATP11A	True	True	True
Claudin	CALR	control	CALR	True	True	True
Claudin	NUDCD3	control	NUDCD3	True	True	True
Claudin	TM9SF2	control	TM9SF2	True	True	True
Claudin	MED13L	control	MED13L	True	True	True
Claudin	EPB41	control	EPB41	True	True	True
Claudin	LRRFIP2	control	LRRFIP2	True	True	True
Claudin	PYGB	control	PYGB	True	True	True
Claudin	KMT2E	control	KMT2E	True	True	True
Claudin	MYO1E	control	MYO1E	True	True	True
Claudin	TXN	control	TXN	True	True	True
Claudin	SRPK1	control	SRPK1	True	True	True
Claudin	TJP1	control	TJP1	True	True	True
Claudin	LRRFIP1	control	LRRFIP1	True	True	True
Polarity	CRB3	target	CRB3	True	True	True
Polarity	PALS1	target	MPP5	True	True	True
Polarity	PARD3	target	PARD3	True	True	True
Polarity	PARD6A	target	PARD6A	True	True	True
Polarity	PARD6B	target	PARD6B	True	True	True
Polarity	PARD6G	target	PARD6G	True	True	True
Polarity	PATJ	target	PATJ	True	True	True
Polarity	PRKCI	target	PRKCI	True	True	True
Polarity	PRRX2	control	PRRX2	True	True	True
Polarity	FLNC	control	FLNC	True	True	True
Polarity	TNR	control	TNR	True	True	True
Polarity	AC010422.2	control	AC010422.2	True	False	False
Polarity	AC002072.1	control	AC002072.1	True	False	False
Polarity	SCN5A	control	SCN5A	True	True	True
Polarity	EGFL7	control	EGFL7	True	True	True
Polarity	AL391840.1	control	AL391840.1	True	False	False
Polarity	AC100830.1	control	AC100830.1	True	False	False
Polarity	AC068389.3	control	AC068389.3	True	False	False
Polarity	KCNIP3	control	KCNIP3	True	True	True
Polarity	AC110772.1	control	AC110772.1	True	False	False
Polarity	AC090772.1	control	AC090772.1	True	False	False
Polarity	B3GALT2	control	B3GALT2	True	True	True
Polarity	CLTRN	control	CLTRN	True	True	True
Polarity	LINC01443	control	LINC01443	True	True	True
Polarity	HMGN3-AS1	control	HMGN3-AS1	True	True	True
Polarity	AC137579.2	control	AC137579.2	True	False	False
Polarity	VAX2	control	VAX2	True	True	True
Polarity	MEF2C-AS2	control	MEF2C-AS2	True	True	True
Polarity	SPDYE21P	control	SPDYE21P	True	False	False
Polarity	TIGD6	control	TIGD6	True	True	True
Polarity	AC007736.1	control	AC007736.1	True	False	False
Polarity	CCDC73	control	CCDC73	True	True	True
Polarity	AL589740.1	control	AL589740.1	True	False	False
Polarity	MPIG6B	control	MPIG6B	True	True	True
Polarity	PDZD7	control	PDZD7	True	True	True
Polarity	ARHGAP30	control	ARHGAP30	True	True	True
Polarity	TMEM132B	control	TMEM132B	True	True	True
Polarity	AL121772.3	control	AL121772.3	True	False	False
Polarity	KCNIP2-AS1	control	KCNIP2-AS1	True	True	True
Polarity	AC239868.1	control	AC239868.1	True	False	False
Polarity	HOXA4	control	HOXA4	True	True	True
Polarity	AC005306.1	control	AC005306.1	True	False	False
Polarity	LINC02240	control	LINC02240	True	True	True
Polarity	KCNH4	control	KCNH4	True	True	True
Polarity	AL118505.1	control	AL118505.1	True	False	False
Polarity	FP565260.1	control	FP565260.1	True	False	False
Polarity	AC011322.1	control	AC011322.1	True	False	False
Polarity	TSC22D1-AS1	control	TSC22D1-AS1	True	True	True
Polarity	NACC1	control	NACC1	True	True	True
Polarity	AC156455.1	control	AC156455.1	True	False	False
Polarity	KCNJ14	control	KCNJ14	True	True	True
Polarity	NOTUM	control	NOTUM	True	True	True
Polarity	AL110292.1	control	AL110292.1	True	False	False
Polarity	LANCL3	control	LANCL3	True	True	True
Polarity	HSDL1	control	HSDL1	True	True	True
Polarity	GPR155	control	GPR155	True	True	True
Polarity	ACE2	control	ACE2	True	True	True
Polarity	PHF7	control	PHF7	True	True	True
Polarity	IRF7	control	IRF7	True	True	True
Polarity	DUSP27	control	DUSP27	True	False	False
Polarity	HAS2	control	HAS2	True	True	True
Polarity	MEX3C	control	MEX3C	True	True	True
Polarity	AP005262.2	control	AP005262.2	True	False	False
Polarity	FAM169A	control	FAM169A	True	True	True
Polarity	ZNF830	control	ZNF830	True	True	True
Polarity	TIMM29	control	TIMM29	True	True	True
Polarity	ZNF486	control	ZNF486	True	True	True
Polarity	ANKS4B	control	ANKS4B	True	True	True
Polarity	AKAP8L	control	AKAP8L	True	True	True
Polarity	ATP5MC1	control	ATP5MC1	True	True	True
Polarity	FBXO22	control	FBXO22	True	True	True
Polarity	MALT1	control	MALT1	True	True	True
Polarity	B3GNT5	control	B3GNT5	True	True	True
Polarity	AQR	control	AQR	True	True	True
Polarity	AP3D1	control	AP3D1	True	True	True
Polarity	HACD2	control	HACD2	True	True	True
Polarity	CRYL1	control	CRYL1	True	True	True
Polarity	NCK1	control	NCK1	True	True	True
Polarity	ALDH7A1	control	ALDH7A1	True	True	True
Polarity	AIMP1	control	AIMP1	True	True	True
Polarity	AC083837.1	control	AC083837.1	True	False	False
Polarity	STX17	control	STX17	True	True	True
Polarity	APEX1	control	APEX1	True	True	True
Polarity	SLIRP	control	SLIRP	True	True	True
Polarity	TRIM13	control	TRIM13	True	True	True
Polarity	HUNK	control	HUNK	True	True	True
Polarity	CD151	control	CD151	True	True	True
Polarity	ESCO1	control	ESCO1	True	True	True
Polarity	OSBPL3	control	OSBPL3	True	True	True
Polarity	DAPK2	control	DAPK2	True	True	True
Polarity	GNG4	control	GNG4	True	True	True
Polarity	RALA	control	RALA	True	True	True
Polarity	RBIS	control	RBIS	True	True	True
Polarity	MDM4	control	MDM4	True	True	True
Polarity	HERC1	control	HERC1	True	True	True
Polarity	PPP1R14B	control	PPP1R14B	True	True	True
Polarity	AGPS	control	AGPS	True	True	True
Polarity	HOXB7	control	HOXB7	True	True	True
Polarity	ZNF280D	control	ZNF280D	True	True	True
Polarity	EIF2AK2	control	EIF2AK2	True	True	True
Polarity	PDE7A	control	PDE7A	True	True	True
Polarity	PUS7	control	PUS7	True	True	True
Polarity	ARHGEF3	control	ARHGEF3	True	True	True
Polarity	WAPL	control	WAPL	True	True	True
Polarity	CCNL2	control	CCNL2	True	True	True
Polarity	ZMIZ1	control	ZMIZ1	True	True	True
Polarity	HSPA1B	control	HSPA1B	True	True	True
Polarity	DYNC1H1	control	DYNC1H1	True	True	True
Polarity	FAM120A	control	FAM120A	True	True	True
Polarity	PACS1	control	PACS1	True	True	True
Polarity	RAB3GAP2	control	RAB3GAP2	True	True	True
Polarity	TSC22D2	control	TSC22D2	True	True	True
Polarity	SIPA1L3	control	SIPA1L3	True	True	True
Polarity	MYO6	control	MYO6	True	True	True
Polarity	CMTM8	control	CMTM8	True	True	True
Polarity	TPM4	control	TPM4	True	True	True
Polarity	SLC25A13	control	SLC25A13	True	True	True
Polarity	TMSB4X	control	TMSB4X	True	True	True
Polarity	WNK2	control	WNK2	True	True	True
Polarity	RYK	control	RYK	True	True	True
Polarity	CHD2	control	CHD2	True	True	True
Polarity	REEP3	control	REEP3	True	True	True
Polarity	MAGI3	control	MAGI3	True	True	True
Polarity	C1GALT1	control	C1GALT1	True	True	True
Polarity	DHRSX	control	DHRSX	True	True	True
Polarity	SRRM2	control	SRRM2	True	True	True
Polarity	SYTL2	control	SYTL2	True	True	True
Polarity	EXOC4	control	EXOC4	True	True	True
RSC	ABI3	target	ABI3	True	True	True
RSC	ACSM3	target	ACSM3	True	True	True
RSC	AKR1B1	target	AKR1B1	True	True	True
RSC	ALCAM	target	ALCAM	True	True	True
RSC	ANXA1	target	ANXA1	True	True	True
RSC	ANXA3	target	ANXA3	True	True	True
RSC	ANXA5	target	ANXA5	True	True	True
RSC	AP1S3	target	AP1S3	True	True	True
RSC	ARHGAP44	target	ARHGAP44	True	True	True
RSC	ARL14	target	ARL14	True	True	True
RSC	ARL4C	target	ARL4C	True	True	True
RSC	AVPI1	target	AVPI1	True	True	True
RSC	BAIAP2L2	target	BAIAP2L2	True	True	True
RSC	BASP1	target	BASP1	True	True	True
RSC	BOK	target	BOK	True	True	True
RSC	C6ORF141	target	C6orf141	True	True	True
RSC	CA12	target	CA12	True	True	True
RSC	CA2	target	CA2	True	True	True
RSC	CAMKK1	target	CAMKK1	True	True	True
RSC	CAMSAP2	target	CAMSAP2	True	True	True
RSC	CAP2	target	CAP2	True	True	True
RSC	CAPN5	target	CAPN5	True	True	True
RSC	CAVIN3	target	CAVIN3	True	True	True
RSC	CCDC92	target	CCDC92	True	True	True
RSC	CCL2	target	CCL2	True	True	True
RSC	CCN2	target	CCN2	True	True	True
RSC	CD14	target	CD14	True	True	True
RSC	CD44	target	CD44	True	True	True
RSC	CD68	target	CD68	True	True	True
RSC	CELF2	target	CELF2	True	True	True
RSC	CGNL1	target	CGNL1	True	True	True
RSC	CKAP2	target	CKAP2	True	True	True
RSC	CKB	target	CKB	True	True	True
RSC	CLIC3	target	CLIC3	True	True	True
RSC	CLU	target	CLU	True	True	True
RSC	CNN2	target	CNN2	True	True	True
RSC	CRYBG1	target	CRYBG1	True	True	True
RSC	CTSH	target	CTSH	True	True	True
RSC	CWH43	target	CWH43	True	True	True
RSC	CXCL10	target	CXCL10	True	True	True
RSC	CXCL16	target	CXCL16	True	True	True
RSC	CXCL6	target	CXCL6	True	True	True
RSC	CXCL9	target	CXCL9	True	True	True
RSC	DAPK1	target	DAPK1	True	True	True
RSC	DDAH1	target	DDAH1	True	True	True
RSC	DYRK3	target	DYRK3	True	True	True
RSC	EMP1	target	EMP1	True	True	True
RSC	EMP2	target	EMP2	True	True	True
RSC	ENAH	target	ENAH	True	True	True
RSC	ENDOD1	target	ENDOD1	True	True	True
RSC	EPHA2	target	EPHA2	True	True	True
RSC	EPHA4	target	EPHA4	True	True	True
RSC	EPN3	target	EPN3	True	True	True
RSC	EPOP	target	EPOP	True	True	True
RSC	EPS8L1	target	EPS8L1	True	True	True
RSC	EREG	target	EREG	True	True	True
RSC	ETV5	target	ETV5	True	True	True
RSC	EYA2	target	EYA2	True	True	True
RSC	FABP5	target	FABP5	True	True	True
RSC	FFAR4	target	FFAR4	True	True	True
RSC	FHL2	target	FHL2	True	True	True
RSC	FKBP9	target	FKBP9	True	True	True
RSC	FLNA	target	FLNA	True	True	True
RSC	FMNL2	target	FMNL2	True	True	True
RSC	FOSL1	target	FOSL1	True	True	True
RSC	FXYD3	target	FXYD3	True	True	True
RSC	GADD45B	target	GADD45B	True	True	True
RSC	GASK1B	target	GASK1B	True	True	True
RSC	GATM	target	GATM	True	True	True
RSC	GCNT1	target	GCNT1	True	True	True
RSC	GCNT3	target	GCNT3	True	True	True
RSC	GJB3	target	GJB3	True	True	True
RSC	GLIPR1	target	GLIPR1	True	True	True
RSC	GPNMB	target	GPNMB	True	True	True
RSC	GPR137B	target	GPR137B	True	True	True
RSC	GPX2	target	GPX2	True	True	True
RSC	GTSE1	target	GTSE1	True	True	True
RSC	HMOX1	target	HMOX1	True	True	True
RSC	HSPA2	target	HSPA2	True	True	True
RSC	HSPB1	target	HSPB1	True	True	True
RSC	HSPH1	target	HSPH1	True	True	True
RSC	HYAL1	target	HYAL1	True	True	True
RSC	ICA1	target	ICA1	True	True	True
RSC	ICAM1	target	ICAM1	True	True	True
RSC	ID2	target	ID2	True	True	True
RSC	IL17RE	target	IL17RE	True	True	True
RSC	IL1RN	target	IL1RN	True	True	True
RSC	IL33	target	IL33	True	True	True
RSC	ILDR1	target	ILDR1	True	True	True
RSC	INKA2	target	INKA2	True	True	True
RSC	IRF1	target	IRF1	True	True	True
RSC	ITGA2	target	ITGA2	True	True	True
RSC	ITGAV	target	ITGAV	True	True	True
RSC	ITGB4	target	ITGB4	True	True	True
RSC	ITPRIPL2	target	ITPRIPL2	True	True	True
RSC	KCNN4	target	KCNN4	True	True	True
RSC	KIFC3	target	KIFC3	True	True	True
RSC	KLF7	target	KLF7	True	True	True
RSC	KRT15	target	KRT15	True	True	True
RSC	KRT18	target	KRT18	True	True	True
RSC	KRT23	target	KRT23	True	True	True
RSC	LAMA3	target	LAMA3	True	True	True
RSC	LAPTM5	target	LAPTM5	True	True	True
RSC	LCN2	target	LCN2	True	True	True
RSC	LDLR	target	LDLR	True	True	True
RSC	LGALS1	target	LGALS1	True	True	True
RSC	LPCAT4	target	LPCAT4	True	True	True
RSC	LRG1	target	LRG1	True	True	True
RSC	MDM2	target	MDM2	True	True	True
RSC	MISP3	target	MISP3	True	True	True
RSC	MRAS	target	MRAS	True	True	True
RSC	MSANTD3	target	MSANTD3	True	True	True
RSC	MSLN	target	MSLN	True	True	True
RSC	MSN	target	MSN	True	True	True
RSC	MST1R	target	MST1R	True	True	True
RSC	MTCL1	target	MTCL1	True	True	True
RSC	MUC3A	target	MUC3A	True	True	True
RSC	MYH9	target	MYH9	True	True	True
RSC	NFE2L3	target	NFE2L3	True	True	True
RSC	NFKBIA	target	NFKBIA	True	True	True
RSC	NFKBIZ	target	NFKBIZ	True	True	True
RSC	NOS2	target	NOS2	True	True	True
RSC	NOXO1	target	NOXO1	True	True	True
RSC	OSBPL5	target	OSBPL5	True	True	True
RSC	P2RY2	target	P2RY2	True	True	True
RSC	P2RY6	target	P2RY6	True	True	True
RSC	PAQR8	target	PAQR8	True	True	True
RSC	PDZK1IP1	target	PDZK1IP1	True	True	True
RSC	PHLDA1	target	PHLDA1	True	True	True
RSC	PHLDA2	target	PHLDA2	True	True	True
RSC	PIERCE1	target	NA	False	False	False
RSC	PIMREG	target	PIMREG	True	True	True
RSC	PLAU	target	PLAU	True	True	True
RSC	PLAUR	target	PLAUR	True	True	True
RSC	PLCD3	target	PLCD3	True	True	True
RSC	PLEKHS1	target	PLEKHS1	True	True	True
RSC	PLK2	target	PLK2	True	True	True
RSC	PMEPA1	target	PMEPA1	True	True	True
RSC	PPIC	target	PPIC	True	True	True
RSC	PPL	target	PPL	True	True	True
RSC	PSRC1	target	PSRC1	True	True	True
RSC	PTGS2	target	PTGS2	True	True	True
RSC	RAB11FIP5	target	RAB11FIP5	True	True	True
RSC	RAB15	target	RAB15	True	True	True
RSC	RACK1	target	RACK1	True	True	True
RSC	RALGAPA2	target	RALGAPA2	True	True	True
RSC	RBMS1	target	RBMS1	True	True	True
RSC	RGS19	target	RGS19	True	True	True
RSC	RHOD	target	RHOD	True	True	True
RSC	RIPK2	target	RIPK2	True	True	True
RSC	RUNX1	target	RUNX1	True	True	True
RSC	S100A14	target	S100A14	True	True	True
RSC	S100A4	target	S100A4	True	True	True
RSC	S100A6	target	S100A6	True	True	True
RSC	SAMD5	target	SAMD5	True	True	True
RSC	SCEL	target	SCEL	True	True	True
RSC	SEMA7A	target	SEMA7A	True	True	True
RSC	SH3BGRL2	target	SH3BGRL2	True	True	True
RSC	SLC19A2	target	SLC19A2	True	True	True
RSC	SLC39A10	target	SLC39A10	True	True	True
RSC	SLC44A2	target	SLC44A2	True	True	True
RSC	SLC60A1	target	NA	False	False	False
RSC	SLC7A5	target	SLC7A5	True	True	True
RSC	SLCO4A1	target	SLCO4A1	True	True	True
RSC	SLPI	target	SLPI	True	True	True
RSC	SMIM33	target	SMIM33	True	True	True
RSC	SNORA20	target	NA	False	False	False
RSC	SNORD104	target	NA	False	False	False
RSC	SNORD47	target	NA	False	False	False
RSC	SNORD92	target	NA	False	False	False
RSC	SOCS3	target	SOCS3	True	True	True
RSC	SORL1	target	SORL1	True	True	True
RSC	SPATA6	target	SPATA6	True	True	True
RSC	SPP1	target	SPP1	True	True	True
RSC	STX11	target	STX11	True	True	True
RSC	SULF2	target	SULF2	True	True	True
RSC	SYT8	target	SYT8	True	True	True
RSC	TCIM	target	TCIM	True	True	True
RSC	TCIRG1	target	TCIRG1	True	True	True
RSC	TGFBI	target	TGFBI	True	True	True
RSC	TGM2	target	TGM2	True	True	True
RSC	TIMP2	target	TIMP2	True	True	True
RSC	TINAGL1	target	TINAGL1	True	True	True
RSC	TLR4	target	TLR4	True	True	True
RSC	TMEM184C	target	TMEM184C	True	True	True
RSC	TMEM43	target	TMEM43	True	True	True
RSC	TNF	target	TNF	True	True	True
RSC	TNFAIP3	target	TNFAIP3	True	True	True
RSC	TNFAIP8	target	TNFAIP8	True	True	True
RSC	TNFRSF1B	target	TNFRSF1B	True	True	True
RSC	TNFSF9	target	TNFSF9	True	True	True
RSC	TNIP3	target	TNIP3	True	True	True
RSC	TNNI2	target	TNNI2	True	True	True
RSC	TNNT2	target	TNNT2	True	True	True
RSC	TNS4	target	TNS4	True	True	True
RSC	TRAM2	target	TRAM2	True	True	True
RSC	TRIM15	target	TRIM15	True	True	True
RSC	TRIM40	target	TRIM40	True	True	True
RSC	TSPAN4	target	TSPAN4	True	True	True
RSC	TSPAN6	target	TSPAN6	True	True	True
RSC	TUBA1A	target	TUBA1A	True	True	True
RSC	VAMP5	target	VAMP5	True	True	True
RSC	VIM	target	VIM	True	True	True
RSC	VNN1	target	VNN1	True	True	True
RSC	WFDC2	target	WFDC2	True	True	True
RSC	WWTR1	target	WWTR1	True	True	True
RSC	ZMAT3	target	ZMAT3	True	True	True
RSC	ZNF296	target	ZNF296	True	True	True
RSC	ZNF703	target	ZNF703	True	True	True
RSC	AC007391.2	control	AC007391.2	True	False	False
RSC	C16ORF54	control	C16orf54	True	True	True
RSC	LINC01878	control	LINC01878	True	False	False
RSC	LINC00334	control	LINC00334	True	True	True
RSC	LINC02710	control	LINC02710	True	True	True
RSC	ROPN1B	control	ROPN1B	True	True	True
RSC	AC073314.1	control	AC073314.1	True	False	False
RSC	AC074029.3	control	AC074029.3	True	False	False
RSC	PLCH1-AS2	control	PLCH1-AS2	True	False	False
RSC	STX18-IT1	control	STX18-IT1	True	False	False
RSC	PCDHA7	control	PCDHA7	True	True	True
RSC	AL355075.2	control	AL355075.2	True	False	False
RSC	AC022868.2	control	AC022868.2	True	False	False
RSC	AL031595.2	control	AL031595.2	True	False	False
RSC	AC087893.2	control	AC087893.2	True	False	False
RSC	AL512303.1	control	AL512303.1	True	False	False
RSC	AC106894.1	control	AC106894.1	True	False	False
RSC	AL662791.2	control	AL662791.2	True	False	False
RSC	AC010999.1	control	AC010999.1	True	False	False
RSC	AL592431.1	control	AL592431.1	True	False	False
RSC	AC002551.1	control	AC002551.1	True	False	False
RSC	AC009754.2	control	AC009754.2	True	False	False
RSC	FCGR3B	control	FCGR3B	True	True	True
RSC	AMBN	control	AMBN	True	True	True
RSC	AC083805.3	control	AC083805.3	True	False	False
RSC	AC005696.2	control	AC005696.2	True	False	False
RSC	AC011816.2	control	AC011816.2	True	False	False
RSC	LINC02759	control	LINC02759	True	False	False
RSC	AC068446.2	control	AC068446.2	True	False	False
RSC	DNM3OS	control	DNM3OS	True	True	True
RSC	CYP26B1	control	CYP26B1	True	True	True
RSC	ERICH4	control	ERICH4	True	True	True
RSC	AC139491.8	control	AC139491.8	True	False	False
RSC	AC037450.1	control	AC037450.1	True	False	False
RSC	AL137002.2	control	AL137002.2	True	False	False
RSC	AC254633.1	control	AC254633.1	True	False	False
RSC	CA6	control	CA6	True	True	True
RSC	PLXNB3	control	PLXNB3	True	True	True
RSC	SARDH	control	SARDH	True	True	True
RSC	AC117522.2	control	AC117522.2	True	False	False
RSC	PLG	control	PLG	True	True	True
RSC	ZDHHC19	control	ZDHHC19	True	True	True
RSC	AC073842.1	control	AC073842.1	True	False	False
RSC	AC074008.1	control	AC074008.1	True	False	False
RSC	ATCAY	control	ATCAY	True	True	True
RSC	OXT	control	OXT	True	True	True
RSC	AC133919.2	control	AC133919.2	True	False	False
RSC	AC074050.4	control	AC074050.4	True	False	False
RSC	AC092718.1	control	AC092718.1	True	False	False
RSC	AC009812.3	control	AC009812.3	True	False	False
RSC	AC046168.2	control	AC046168.2	True	False	False
RSC	LINC01692	control	LINC01692	True	False	False
RSC	AC104653.1	control	AC104653.1	True	False	False
RSC	TSNAXIP1	control	TSNAXIP1	True	True	True
RSC	AL365259.1	control	AL365259.1	True	False	False
RSC	AL445255.1	control	AL445255.1	True	False	False
RSC	AC104187.1	control	AC104187.1	True	False	False
RSC	AC079352.1	control	AC079352.1	True	False	False
RSC	TBX1	control	TBX1	True	True	True
RSC	AC005785.1	control	AC005785.1	True	False	False
RSC	LINC00324	control	LINC00324	True	True	True
RSC	AC135782.3	control	AC135782.3	True	False	False
RSC	AC080013.6	control	AC080013.6	True	False	False
RSC	BMP6	control	BMP6	True	True	True
RSC	AC006427.2	control	AC006427.2	True	False	False
RSC	CPB2	control	CPB2	True	True	True
RSC	AC005487.1	control	AC005487.1	True	False	False
RSC	AC016766.1	control	AC016766.1	True	False	False
RSC	AC006064.4	control	AC006064.4	True	False	False
RSC	PKHD1L1	control	PKHD1L1	True	True	True
RSC	PWWP3B	control	PWWP3B	True	True	True
RSC	AL355516.1	control	AL355516.1	True	False	False
RSC	HASPIN	control	HASPIN	True	True	True
RSC	AC007613.1	control	AC007613.1	True	False	False
RSC	TMEM213	control	TMEM213	True	True	True
RSC	SLC22A9	control	SLC22A9	True	True	True
RSC	AC021066.1	control	AC021066.1	True	False	False
RSC	PRRT1B	control	PRRT1B	True	True	True
RSC	ZDHHC15	control	ZDHHC15	True	True	True
RSC	CLRN1	control	CLRN1	True	True	True
RSC	AC004691.1	control	AC004691.1	True	False	False
RSC	MIR302CHG	control	MIR302CHG	True	True	True
RSC	AL139099.2	control	AL139099.2	True	False	False
RSC	LINC01970	control	LINC01970	True	True	True
RSC	CEP83-DT	control	CEP83-DT	True	True	True
RSC	AC007431.1	control	AC007431.1	True	False	False
RSC	AC022601.1	control	AC022601.1	True	False	False
RSC	AC092747.1	control	AC092747.1	True	False	False
RSC	AC027373.1	control	AC027373.1	True	False	False
RSC	LRRC46	control	LRRC46	True	True	True
RSC	AL049795.1	control	AL049795.1	True	False	False
RSC	AC139722.1	control	AC139722.1	True	False	False
RSC	TMEM81	control	TMEM81	True	True	True
RSC	AC026254.2	control	AC026254.2	True	False	False
RSC	AJ009632.2	control	AJ009632.2	True	False	False
RSC	LINC00378	control	LINC00378	True	False	False
RSC	AL590399.3	control	AL590399.3	True	False	False
RSC	AC104170.2	control	AC104170.2	True	False	False
RSC	AC079203.2	control	AC079203.2	True	False	False
RSC	AC090907.2	control	AC090907.2	True	False	False
RSC	AL360270.1	control	AL360270.1	True	False	False
RSC	CCNB3	control	CCNB3	True	True	True
RSC	HLA-DQA1	control	HLA-DQA1	True	True	True
RSC	FAM229B	control	FAM229B	True	True	True
RSC	AL132656.2	control	AL132656.2	True	False	False
RSC	PLEKHF1	control	PLEKHF1	True	True	True
RSC	AC018845.3	control	AC018845.3	True	False	False
RSC	AC005632.6	control	AC005632.6	True	False	False
RSC	GSEC	control	GSEC	True	True	True
RSC	PPP1R42	control	PPP1R42	True	True	True
RSC	LINC01603	control	LINC01603	True	True	True
RSC	AC091646.1	control	AC091646.1	True	False	False
RSC	AC099343.2	control	AC099343.2	True	False	False
RSC	AL731537.1	control	AL731537.1	True	False	False
RSC	AL512422.1	control	AL512422.1	True	False	False
RSC	MPDZ	control	MPDZ	True	True	True
RSC	SERPINE3	control	SERPINE3	True	True	True
RSC	LNCTAM34A	control	LNCTAM34A	True	True	True
RSC	IL4I1	control	IL4I1	True	True	True
RSC	PRICKLE1	control	PRICKLE1	True	True	True
RSC	AC130814.1	control	AC130814.1	True	False	False
RSC	AC097460.1	control	AC097460.1	True	False	False
RSC	LRCH2	control	LRCH2	True	True	True
RSC	AC138696.2	control	AC138696.2	True	False	False
RSC	AC034102.4	control	AC034102.4	True	False	False
RSC	RAB9B	control	RAB9B	True	True	True
RSC	AC106707.1	control	AC106707.1	True	False	False
RSC	AP001505.1	control	AP001505.1	True	False	False
RSC	AC012313.6	control	AC012313.6	True	False	False
RSC	AC087501.1	control	AC087501.1	True	False	False
RSC	AL731563.3	control	AL731563.3	True	False	False
RSC	AC096772.1	control	AC096772.1	True	False	False
RSC	NCDN	control	NCDN	True	True	True
RSC	AC004034.1	control	AC004034.1	True	False	False
RSC	ZNF556	control	ZNF556	True	True	True
RSC	ZNF70	control	ZNF70	True	True	True
RSC	LIPT2	control	LIPT2	True	True	True
RSC	AL353768.1	control	AL353768.1	True	False	False
RSC	AL049780.1	control	AL049780.1	True	False	False
RSC	AC097717.1	control	AC097717.1	True	False	False
RSC	AC090921.1	control	AC090921.1	True	False	False
RSC	AC008079.1	control	AC008079.1	True	False	False
RSC	IQCN	control	IQCN	True	True	True
RSC	ENPP2	control	ENPP2	True	True	True
RSC	CMTM2	control	CMTM2	True	True	True
RSC	PARS2	control	PARS2	True	True	True
RSC	CFTR-AS1	control	CFTR-AS1	True	False	False
RSC	LGI4	control	LGI4	True	True	True
RSC	AC025181.2	control	AC025181.2	True	False	False
RSC	AL158198.1	control	AL158198.1	True	False	False
RSC	FO393418.1	control	FO393418.1	True	False	False
RSC	SYCP2L	control	SYCP2L	True	True	True
RSC	LINC01764	control	LINC01764	True	False	False
RSC	PRSS21	control	PRSS21	True	True	True
RSC	XG	control	XG	True	True	True
RSC	IL1RAPL2	control	IL1RAPL2	True	True	True
RSC	ANKRD31	control	ANKRD31	True	True	True
RSC	AP002498.1	control	AP002498.1	True	False	False
RSC	AC104667.2	control	AC104667.2	True	False	False
RSC	AL391840.3	control	AL391840.3	True	False	False
RSC	CHRNG	control	CHRNG	True	True	True
RSC	SAXO1	control	SAXO1	True	True	True
RSC	AL596223.1	control	AL596223.1	True	False	False
RSC	MAMDC4	control	MAMDC4	True	True	True
RSC	COL6A1	control	COL6A1	True	True	True
RSC	DARS-AS1	control	DARS-AS1	True	False	False
RSC	AC079140.6	control	AC079140.6	True	False	False
RSC	U2AF1L4	control	U2AF1L4	True	True	True
RSC	AL512625.1	control	AL512625.1	True	False	False
RSC	AC012184.4	control	AC012184.4	True	False	False
RSC	NPIPB13	control	NPIPB13	True	True	True
RSC	KLK7	control	KLK7	True	True	True
RSC	AC012447.1	control	AC012447.1	True	False	False
RSC	AL139353.2	control	AL139353.2	True	False	False
RSC	CBLN1	control	CBLN1	True	True	True
RSC	SDK2	control	SDK2	True	True	True
RSC	AL356805.1	control	AL356805.1	True	False	False
RSC	AC018359.1	control	AC018359.1	True	False	False
RSC	PSMB8-AS1	control	PSMB8-AS1	True	True	True
RSC	NT5M	control	NT5M	True	True	True
RSC	OCA2	control	OCA2	True	True	True
RSC	CDK3	control	CDK3	True	True	True
RSC	AC061708.1	control	AC061708.1	True	False	False
RSC	SYCE1L	control	SYCE1L	True	True	True
RSC	AL359915.1	control	AL359915.1	True	False	False
RSC	AC016644.1	control	AC016644.1	True	False	False
RSC	AL161891.1	control	AL161891.1	True	False	False
RSC	TMEM147-AS1	control	TMEM147-AS1	True	True	True
RSC	ARRDC1-AS1	control	ARRDC1-AS1	True	True	True
RSC	AL353138.1	control	AL353138.1	True	False	False
RSC	AC233296.1	control	AC233296.1	True	False	False
RSC	HACD1	control	HACD1	True	True	True
RSC	OBSL1	control	OBSL1	True	True	True
RSC	GEMIN6	control	GEMIN6	True	True	True
RSC	APOBEC3C	control	APOBEC3C	True	True	True
RSC	SLC26A7	control	SLC26A7	True	True	True
RSC	SCN3B	control	SCN3B	True	True	True
RSC	IGHA1	control	IGHA1	True	True	True
RSC	PIK3AP1	control	PIK3AP1	True	True	True
RSC	AC020891.2	control	AC020891.2	True	False	False
RSC	SLC2A1-AS1	control	SLC2A1-AS1	True	False	False
RSC	AC246817.2	control	AC246817.2	True	False	False
RSC	DDIAS	control	DDIAS	True	True	True
RSC	ZNF845	control	ZNF845	True	True	True
RSC	RDH10-AS1	control	RDH10-AS1	True	True	True
RSC	AC012360.3	control	AC012360.3	True	False	False
RSC	MAGEB17	control	MAGEB17	True	True	True
RSC	CPLX1	control	CPLX1	True	True	True
RSC	LRP2BP	control	LRP2BP	True	True	True
RSC	KBTBD3	control	KBTBD3	True	True	True
RSC	TTC21A	control	TTC21A	True	True	True
RSC	AL512343.2	control	AL512343.2	True	False	False
RSC	SEC24B-AS1	control	SEC24B-AS1	True	True	True
RSC	ZNF674	control	ZNF674	True	True	True
RSC	DVL2	control	DVL2	True	True	True
RSC	CMTM1	control	CMTM1	True	True	True
RSC	ZNF354A	control	ZNF354A	True	True	True
RSC	WDR53	control	WDR53	True	True	True
RSC	AC009961.1	control	AC009961.1	True	False	False
RSC	SHC2	control	SHC2	True	True	True
RSC	EAF2	control	EAF2	True	True	True
RSC	RANBP6	control	RANBP6	True	True	True
RSC	ZNF558	control	ZNF558	True	True	True
RSC	SLC25A48	control	SLC25A48	True	True	True
RSC	FER1L6	control	FER1L6	True	True	True
RSC	AP1M1	control	AP1M1	True	True	True
RSC	SLC43A1	control	SLC43A1	True	True	True
RSC	GATB	control	GATB	True	True	True
RSC	SEMA4C	control	SEMA4C	True	True	True
RSC	BCL2L12	control	BCL2L12	True	True	True
RSC	SNAP25-AS1	control	SNAP25-AS1	True	True	True
RSC	CNPPD1	control	CNPPD1	True	True	True
RSC	MATR3.1	control	MATR3.1	True	False	False
RSC	DCDC2	control	DCDC2	True	True	True
RSC	OSBPL7	control	OSBPL7	True	True	True
RSC	IMP3	control	IMP3	True	True	True
RSC	AC023389.1	control	AC023389.1	True	False	False
RSC	CACNB4	control	CACNB4	True	True	True
RSC	CAPN12	control	CAPN12	True	True	True
RSC	DNASE1L1	control	DNASE1L1	True	True	True
RSC	TICAM1	control	TICAM1	True	True	True
RSC	VPS52	control	VPS52	True	True	True
RSC	MRPL36	control	MRPL36	True	True	True
RSC	KIAA0930	control	KIAA0930	True	True	True
RSC	PNO1	control	PNO1	True	True	True
RSC	TTLL12	control	TTLL12	True	True	True
RSC	C1ORF122	control	C1orf122	True	True	True
RSC	KLHDC3	control	KLHDC3	True	True	True
RSC	BBS4	control	BBS4	True	True	True
RSC	ZNF692	control	ZNF692	True	True	True
RSC	FAM98B	control	FAM98B	True	True	True
RSC	AC026202.2	control	AC026202.2	True	False	False
RSC	ARHGAP6	control	ARHGAP6	True	True	True
RSC	AC021054.1	control	AC021054.1	True	False	False
RSC	PGD	control	PGD	True	True	True
RSC	UBLCP1	control	UBLCP1	True	True	True
RSC	CPVL	control	CPVL	True	True	True
RSC	MLKL	control	MLKL	True	True	True
RSC	HCFC1	control	HCFC1	True	True	True
RSC	METTL4	control	METTL4	True	True	True
RSC	GTF2H3	control	GTF2H3	True	True	True
RSC	RFT1	control	RFT1	True	True	True
RSC	SLC39A7	control	SLC39A7	True	True	True
RSC	ZFAT	control	ZFAT	True	True	True
RSC	ING4	control	ING4	True	True	True
RSC	VRK3	control	VRK3	True	True	True
RSC	HDAC7	control	HDAC7	True	True	True
RSC	TMUB1	control	TMUB1	True	True	True
RSC	ALG9	control	ALG9	True	True	True
RSC	AC087286.2	control	AC087286.2	True	False	False
RSC	BRIX1	control	BRIX1	True	True	True
RSC	PSAT1	control	PSAT1	True	True	True
RSC	SMIM4	control	SMIM4	True	False	False
RSC	AP2M1	control	AP2M1	True	True	True
RSC	GAS6-AS1	control	GAS6-AS1	True	True	True
RSC	AL450384.2	control	AL450384.2	True	False	False
RSC	AC002460.2	control	AC002460.2	True	False	False
RSC	ATPSCKMT	control	ATPSCKMT	True	True	True
RSC	CCDC174	control	CCDC174	True	True	True
RSC	ZNF384	control	ZNF384	True	True	True
RSC	CMTM7	control	CMTM7	True	True	True
RSC	AL590006.1	control	AL590006.1	True	False	False
RSC	DRG1	control	DRG1	True	True	True
RSC	ECI1	control	ECI1	True	True	True
RSC	ZNF621	control	ZNF621	True	True	True
RSC	LSM3	control	LSM3	True	True	True
RSC	SRGAP3	control	SRGAP3	True	True	True
RSC	TIMM17A	control	TIMM17A	True	True	True
RSC	MTRR	control	MTRR	True	True	True
RSC	ZNF410	control	ZNF410	True	True	True
RSC	RCHY1	control	RCHY1	True	True	True
RSC	NR1D2	control	NR1D2	True	True	True
RSC	STK26	control	STK26	True	True	True
RSC	ZGPAT	control	ZGPAT	True	True	True
RSC	MRPS18B	control	MRPS18B	True	True	True
RSC	ZFY	control	ZFY	True	True	True
RSC	SPG21	control	SPG21	True	True	True
RSC	SLC15A4	control	SLC15A4	True	True	True
RSC	MPC1	control	MPC1	True	True	True
RSC	TSHZ1	control	TSHZ1	True	True	True
RSC	CCNK	control	CCNK	True	True	True
RSC	UBE2Z	control	UBE2Z	True	True	True
RSC	NDUFB5	control	NDUFB5	True	True	True
RSC	SNHG17	control	SNHG17	True	False	False
RSC	TAB3	control	TAB3	True	True	True
RSC	EBP	control	EBP	True	True	True
RSC	ITFG2	control	ITFG2	True	True	True
RSC	SMARCC2	control	SMARCC2	True	True	True
RSC	CBR3-AS1	control	CBR3-AS1	True	False	False
RSC	UBN1	control	UBN1	True	True	True
RSC	UHRF1BP1L	control	UHRF1BP1L	True	False	False
RSC	RNF44	control	RNF44	True	True	True
RSC	SEC16A	control	SEC16A	True	True	True
RSC	UQCR10	control	UQCR10	True	True	True
RSC	NSA2	control	NSA2	True	True	True
RSC	TIMM13	control	TIMM13	True	True	True
RSC	SNRPA	control	SNRPA	True	True	True
RSC	ARMH4	control	ARMH4	True	True	True
RSC	SAR1A	control	SAR1A	True	True	True
RSC	AL158152.1	control	AL158152.1	True	False	False
RSC	ZNF195	control	ZNF195	True	True	True
RSC	CIR1	control	CIR1	True	True	True
RSC	GRSF1	control	GRSF1	True	True	True
RSC	TALDO1	control	TALDO1	True	True	True
RSC	SAFB	control	SAFB	True	True	True
RSC	ANKAR	control	ANKAR	True	True	True
RSC	HBP1	control	HBP1	True	True	True
RSC	TBC1D12	control	TBC1D12	True	True	True
RSC	RCN2	control	RCN2	True	True	True
RSC	KLHDC2	control	KLHDC2	True	True	True
RSC	KDELR1	control	KDELR1	True	True	True
RSC	PRDX2	control	PRDX2	True	True	True
RSC	G3BP2	control	G3BP2	True	True	True
RSC	MLXIPL	control	MLXIPL	True	True	True
RSC	XKR6	control	XKR6	True	True	True
RSC	DOCK6	control	DOCK6	True	True	True
RSC	PSMA3-AS1	control	PSMA3-AS1	True	True	True
RSC	NOL7	control	NOL7	True	True	True
RSC	FAM3C	control	FAM3C	True	True	True
RSC	TMEM68	control	TMEM68	True	True	True
RSC	GTDC1	control	GTDC1	True	True	True
RSC	GSTK1	control	GSTK1	True	True	True
RSC	GNL3	control	GNL3	True	True	True
RSC	RCOR3	control	RCOR3	True	True	True
RSC	FASTKD1	control	FASTKD1	True	True	True
RSC	LRCH3	control	LRCH3	True	True	True
RSC	AC245297.3	control	AC245297.3	True	False	False
RSC	UBR1	control	UBR1	True	True	True
RSC	TTC37	control	TTC37	True	False	False
RSC	SPG7	control	SPG7	True	True	True
RSC	PRDX1	control	PRDX1	True	True	True
RSC	SHOC2	control	SHOC2	True	True	True
RSC	PRKN	control	PRKN	True	True	True
RSC	ZC3H15	control	ZC3H15	True	True	True
RSC	FUBP3	control	FUBP3	True	True	True
RSC	LINC00513	control	LINC00513	True	True	True
RSC	ARFGEF3	control	ARFGEF3	True	True	True
RSC	RAPH1	control	RAPH1	True	True	True
RSC	HPCAL1	control	HPCAL1	True	True	True
RSC	SPTAN1	control	SPTAN1	True	True	True
RSC	OGDH	control	OGDH	True	True	True
RSC	XPO4	control	XPO4	True	True	True
RSC	PCCA	control	PCCA	True	True	True
RSC	GRM8	control	GRM8	True	True	True
RSC	FBXW11	control	FBXW11	True	True	True
RSC	AKAP9	control	AKAP9	True	True	True
RSC	PTEN	control	PTEN	True	True	True
RSC	KIF13B	control	KIF13B	True	True	True
RSC	ADGRA3	control	ADGRA3	True	True	True
RSC	H3F3B	control	H3F3B	True	False	False
RSC	SETX	control	SETX	True	True	True
RSC	PRPF40A	control	PRPF40A	True	True	True
RSC	RABL6	control	RABL6	True	True	True
RSC	CASK	control	CASK	True	True	True
RSC	SLC4A10	control	SLC4A10	True	True	True
RSC	ARHGAP42	control	ARHGAP42	True	True	True
RSC	NR6A1	control	NR6A1	True	True	True
RSC	OXSR1	control	OXSR1	True	True	True
RSC	CD63	control	CD63	True	True	True
RSC	ITCH	control	ITCH	True	True	True
iCMS2	A1CF	target	A1CF	True	True	True
iCMS2	ABHD12	target	ABHD12	True	True	True
iCMS2	ABRACL	target	ABRACL	True	True	True
iCMS2	ACOT8	target	ACOT8	True	True	True
iCMS2	ADIRF	target	ADIRF	True	True	True
iCMS2	ADRM1	target	ADRM1	True	True	True
iCMS2	AHCY	target	AHCY	True	True	True
iCMS2	AIFM3	target	AIFM3	True	True	True
iCMS2	AKAP1	target	AKAP1	True	True	True
iCMS2	ALKBH3	target	ALKBH3	True	True	True
iCMS2	ANO9	target	ANO9	True	True	True
iCMS2	AQP8	target	AQP8	True	True	True
iCMS2	AREG	target	AREG	True	True	True
iCMS2	ARFGAP1	target	ARFGAP1	True	True	True
iCMS2	ARFRP1	target	ARFRP1	True	True	True
iCMS2	ARHGAP45	target	ARHGAP45	True	True	True
iCMS2	ARID3A	target	ARID3A	True	True	True
iCMS2	ARL4A	target	ARL4A	True	True	True
iCMS2	ARMC1	target	ARMC1	True	True	True
iCMS2	ARSE	target	ARSE	True	False	False
iCMS2	ASCL2	target	ASCL2	True	True	True
iCMS2	ASPSCR1	target	ASPSCR1	True	True	True
iCMS2	ASXL1	target	ASXL1	True	True	True
iCMS2	ATP10B	target	ATP10B	True	True	True
iCMS2	ATP6V1H	target	ATP6V1H	True	True	True
iCMS2	ATP9A	target	ATP9A	True	True	True
iCMS2	AURKA	target	AURKA	True	True	True
iCMS2	AVL9	target	AVL9	True	True	True
iCMS2	AXIN2	target	AXIN2	True	True	True
iCMS2	BCAP31	target	BCAP31	True	True	True
iCMS2	BCL2L1	target	BCL2L1	True	True	True
iCMS2	BLCAP	target	BLCAP	True	True	True
iCMS2	BOP1	target	BOP1	True	True	True
iCMS2	C10ORF99	target	C10orf99	True	False	False
iCMS2	C1GALT1C1	target	C1GALT1C1	True	True	True
iCMS2	C2	target	C2	True	True	True
iCMS2	C20ORF27	target	C20orf27	True	False	False
iCMS2	C6ORF222	target	NA	False	False	False
iCMS2	C6ORF48	target	NA	False	False	False
iCMS2	C8ORF33	target	C8orf33	True	True	True
iCMS2	C8ORF59	target	NA	False	False	False
iCMS2	CA4	target	CA4	True	True	True
iCMS2	CAPZA2	target	CAPZA2	True	True	True
iCMS2	CARS2	target	CARS2	True	True	True
iCMS2	CCDC34	target	CCDC34	True	True	True
iCMS2	CCDC85B	target	CCDC85B	True	True	True
iCMS2	CCL20	target	CCL20	True	True	True
iCMS2	CCT6A	target	CCT6A	True	True	True
iCMS2	CDC16	target	CDC16	True	True	True
iCMS2	CDC25B	target	CDC25B	True	True	True
iCMS2	CDHR1	target	CDHR1	True	True	True
iCMS2	CDK4	target	CDK4	True	True	True
iCMS2	CDK5RAP1	target	CDK5RAP1	True	True	True
iCMS2	CDK8	target	CDK8	True	True	True
iCMS2	CDX2	target	CDX2	True	True	True
iCMS2	CEBPA	target	CEBPA	True	True	True
iCMS2	CEBPB	target	CEBPB	True	True	True
iCMS2	CFTR	target	CFTR	True	True	True
iCMS2	CHCHD7	target	CHCHD7	True	True	True
iCMS2	CHD6	target	CHD6	True	True	True
iCMS2	CHMP4C	target	CHMP4C	True	True	True
iCMS2	CHP2	target	CHP2	True	True	True
iCMS2	CKB	target	CKB	True	True	True
iCMS2	COMMD6	target	COMMD6	True	True	True
iCMS2	COMMD7	target	COMMD7	True	True	True
iCMS2	COPS5	target	COPS5	True	True	True
iCMS2	COX19	target	COX19	True	True	True
iCMS2	CPNE1	target	CPNE1	True	True	True
iCMS2	CSE1L	target	CSE1L	True	True	True
iCMS2	CSNK2A2	target	CSNK2A2	True	True	True
iCMS2	CTNNBL1	target	CTNNBL1	True	True	True
iCMS2	CTSA	target	CTSA	True	True	True
iCMS2	CTSH	target	CTSH	True	True	True
iCMS2	CXCL14	target	CXCL14	True	True	True
iCMS2	CYB5B	target	CYB5B	True	True	True
iCMS2	CYP2S1	target	CYP2S1	True	True	True
iCMS2	CYP2W1	target	CYP2W1	True	True	True
iCMS2	DAB2	target	DAB2	True	True	True
iCMS2	DARS	target	DARS	True	False	False
iCMS2	DCAF13	target	DCAF13	True	True	True
iCMS2	DDAH2	target	DDAH2	True	True	True
iCMS2	DDC	target	DDC	True	True	True
iCMS2	DDX27	target	DDX27	True	True	True
iCMS2	DIDO1	target	DIDO1	True	True	True
iCMS2	DKC1	target	DKC1	True	True	True
iCMS2	DNAJC15	target	DNAJC15	True	True	True
iCMS2	DNAJC5	target	DNAJC5	True	True	True
iCMS2	DNTTIP1	target	DNTTIP1	True	True	True
iCMS2	DPEP1	target	DPEP1	True	True	True
iCMS2	DPM1	target	DPM1	True	True	True
iCMS2	DYNLRB1	target	DYNLRB1	True	True	True
iCMS2	EDEM2	target	EDEM2	True	True	True
iCMS2	EDN1	target	EDN1	True	True	True
iCMS2	EEPD1	target	EEPD1	True	True	True
iCMS2	EIF2S2	target	EIF2S2	True	True	True
iCMS2	EIF3E	target	EIF3E	True	True	True
iCMS2	EIF3H	target	EIF3H	True	True	True
iCMS2	EIF6	target	EIF6	True	True	True
iCMS2	EMD	target	EMD	True	True	True
iCMS2	EPB41L1	target	EPB41L1	True	True	True
iCMS2	EPB41L5	target	EPB41L5	True	True	True
iCMS2	EREG	target	EREG	True	True	True
iCMS2	ERGIC3	target	ERGIC3	True	True	True
iCMS2	ESF1	target	ESF1	True	True	True
iCMS2	ESPN	target	ESPN	True	True	True
iCMS2	EXOSC5	target	EXOSC5	True	True	True
iCMS2	FABP1	target	FABP1	True	True	True
iCMS2	FARP1	target	FARP1	True	True	True
iCMS2	FBL	target	FBL	True	True	True
iCMS2	FCGRT	target	FCGRT	True	True	True
iCMS2	FERMT1	target	FERMT1	True	True	True
iCMS2	FGGY	target	FGGY	True	True	True
iCMS2	FMR1	target	FMR1	True	True	True
iCMS2	FN1	target	FN1	True	True	True
iCMS2	FNTA	target	FNTA	True	True	True
iCMS2	FTL	target	FTL	True	True	True
iCMS2	FTX	target	FTX	True	True	True
iCMS2	FUNDC2	target	FUNDC2	True	True	True
iCMS2	GABRE	target	GABRE	True	True	True
iCMS2	GAL	target	GAL	True	True	True
iCMS2	GGH	target	GGH	True	True	True
iCMS2	GID8	target	GID8	True	True	True
iCMS2	GJB1	target	GJB1	True	True	True
iCMS2	GLA	target	GLA	True	True	True
iCMS2	GNPDA1	target	GNPDA1	True	True	True
iCMS2	GOLGA7	target	GOLGA7	True	True	True
iCMS2	GPALPP1	target	GPALPP1	True	True	True
iCMS2	GPCPD1	target	GPCPD1	True	True	True
iCMS2	GPSM2	target	GPSM2	True	True	True
iCMS2	GTF2F2	target	GTF2F2	True	True	True
iCMS2	GTF2IRD1	target	GTF2IRD1	True	True	True
iCMS2	GTF3A	target	GTF3A	True	True	True
iCMS2	HELZ2	target	HELZ2	True	True	True
iCMS2	HIBADH	target	HIBADH	True	True	True
iCMS2	HM13	target	HM13	True	True	True
iCMS2	HNF4A	target	HNF4A	True	True	True
iCMS2	HSD17B10	target	HSD17B10	True	True	True
iCMS2	HUS1	target	HUS1	True	True	True
iCMS2	ID1	target	ID1	True	True	True
iCMS2	IFITM1	target	IFITM1	True	True	True
iCMS2	IFT52	target	IFT52	True	True	True
iCMS2	IGBP1	target	IGBP1	True	True	True
iCMS2	IMMP2L	target	IMMP2L	True	True	True
iCMS2	IPO5	target	IPO5	True	True	True
iCMS2	IRS2	target	IRS2	True	True	True
iCMS2	KLC4	target	KLC4	True	True	True
iCMS2	KPNA3	target	KPNA3	True	True	True
iCMS2	KRT23	target	KRT23	True	True	True
iCMS2	LAGE3	target	LAGE3	True	True	True
iCMS2	LAMP2	target	LAMP2	True	True	True
iCMS2	LAPTM4B	target	LAPTM4B	True	True	True
iCMS2	LAS1L	target	LAS1L	True	True	True
iCMS2	LDHB	target	LDHB	True	True	True
iCMS2	LY6G6F-LY6G6D	target	NA	False	False	False
iCMS2	LYPLA1	target	LYPLA1	True	True	True
iCMS2	MALSU1	target	MALSU1	True	True	True
iCMS2	MAPK13	target	MAPK13	True	True	True
iCMS2	MAPRE1	target	MAPRE1	True	True	True
iCMS2	MAVS	target	MAVS	True	True	True
iCMS2	MCTS1	target	MCTS1	True	True	True
iCMS2	MED30	target	MED30	True	True	True
iCMS2	MED4	target	MED4	True	True	True
iCMS2	MEP1A	target	MEP1A	True	True	True
iCMS2	MICU2	target	MICU2	True	True	True
iCMS2	MOGAT3	target	MOGAT3	True	True	True
iCMS2	MPLKIP	target	MPLKIP	True	True	True
iCMS2	MRGBP	target	MRGBP	True	True	True
iCMS2	MRPL13	target	MRPL13	True	True	True
iCMS2	MRPS17	target	MRPS17	True	True	True
iCMS2	MRPS24	target	MRPS24	True	True	True
iCMS2	MRPS31	target	MRPS31	True	True	True
iCMS2	MYC	target	MYC	True	True	True
iCMS2	NAA10	target	NAA10	True	True	True
iCMS2	NAA20	target	NAA20	True	True	True
iCMS2	NAE1	target	NAE1	True	True	True
iCMS2	NCBP2	target	NCBP2	True	True	True
iCMS2	NCOA3	target	NCOA3	True	True	True
iCMS2	NDFIP2	target	NDFIP2	True	True	True
iCMS2	NDRG3	target	NDRG3	True	True	True
iCMS2	NEK3	target	NEK3	True	True	True
iCMS2	NELFCD	target	NELFCD	True	True	True
iCMS2	NEU1	target	NEU1	True	True	True
iCMS2	NEU4	target	NEU4	True	True	True
iCMS2	NFS1	target	NFS1	True	True	True
iCMS2	NHLRC3	target	NHLRC3	True	True	True
iCMS2	NIP7	target	NIP7	True	True	True
iCMS2	NIT2	target	NIT2	True	True	True
iCMS2	NKAP	target	NKAP	True	True	True
iCMS2	NKD1	target	NKD1	True	True	True
iCMS2	NORAD	target	NORAD	True	True	True
iCMS2	NOX1	target	NOX1	True	True	True
iCMS2	NSDHL	target	NSDHL	True	True	True
iCMS2	NUAK2	target	NUAK2	True	True	True
iCMS2	NUDT4	target	NUDT4	True	True	True
iCMS2	NUPL2	target	NA	False	False	False
iCMS2	NXPE4	target	NXPE4	True	True	True
iCMS2	NXT1	target	NXT1	True	True	True
iCMS2	OGFR	target	OGFR	True	True	True
iCMS2	OSBPL2	target	OSBPL2	True	True	True
iCMS2	OSER1	target	OSER1	True	True	True
iCMS2	PAK1IP1	target	PAK1IP1	True	True	True
iCMS2	PAN3	target	PAN3	True	True	True
iCMS2	PCID2	target	PCID2	True	True	True
iCMS2	PCIF1	target	PCIF1	True	True	True
iCMS2	PCMTD2	target	PCMTD2	True	True	True
iCMS2	PCSK1N	target	PCSK1N	True	True	True
iCMS2	PDP1	target	PDP1	True	True	True
iCMS2	PDPK1	target	PDPK1	True	True	True
iCMS2	PDRG1	target	PDRG1	True	True	True
iCMS2	PEPD	target	PEPD	True	True	True
iCMS2	PET117	target	PET117	True	True	True
iCMS2	PEX16	target	PEX16	True	True	True
iCMS2	PFDN4	target	PFDN4	True	True	True
iCMS2	PGRMC1	target	PGRMC1	True	True	True
iCMS2	PHF20	target	PHF20	True	True	True
iCMS2	PHYH	target	PHYH	True	True	True
iCMS2	PID1	target	PID1	True	True	True
iCMS2	PIGU	target	PIGU	True	True	True
iCMS2	PKIG	target	PKIG	True	True	True
iCMS2	PLAGL2	target	PLAGL2	True	True	True
iCMS2	PLCB4	target	PLCB4	True	True	True
iCMS2	PLIN2	target	PLIN2	True	True	True
iCMS2	PLTP	target	PLTP	True	True	True
iCMS2	PM20D2	target	PM20D2	True	True	True
iCMS2	PMEPA1	target	PMEPA1	True	True	True
iCMS2	POFUT1	target	POFUT1	True	True	True
iCMS2	PPP1R14D	target	PPP1R14D	True	True	True
iCMS2	PQBP1	target	PQBP1	True	True	True
iCMS2	PRAP1	target	PRAP1	True	True	True
iCMS2	PRELID3B	target	PRELID3B	True	True	True
iCMS2	PRKDC	target	PRKDC	True	True	True
iCMS2	PROSER1	target	PROSER1	True	True	True
iCMS2	PROX1	target	PROX1	True	True	True
iCMS2	PRPF6	target	PRPF6	True	True	True
iCMS2	PRR15	target	PRR15	True	True	True
iCMS2	PRSS23	target	PRSS23	True	True	True
iCMS2	PSMA7	target	PSMA7	True	True	True
iCMS2	PSPH	target	PSPH	True	True	True
iCMS2	PTPRO	target	PTPRO	True	True	True
iCMS2	QPRT	target	QPRT	True	True	True
iCMS2	RAB15	target	RAB15	True	True	True
iCMS2	RAB20	target	RAB20	True	True	True
iCMS2	RAB22A	target	RAB22A	True	True	True
iCMS2	RAE1	target	RAE1	True	True	True
iCMS2	RALGAPB	target	RALGAPB	True	True	True
iCMS2	RALY	target	RALY	True	True	True
iCMS2	RASL11A	target	RASL11A	True	True	True
iCMS2	RB1CC1	target	RB1CC1	True	True	True
iCMS2	RBM39	target	RBM39	True	True	True
iCMS2	RBMX2	target	RBMX2	True	True	True
iCMS2	RETREG1	target	RETREG1	True	True	True
iCMS2	RGMB	target	RGMB	True	True	True
iCMS2	RIDA	target	RIDA	True	True	True
iCMS2	RNASEH2B	target	RNASEH2B	True	True	True
iCMS2	RNF113A	target	RNF113A	True	True	True
iCMS2	RNF114	target	RNF114	True	True	True
iCMS2	RNF170	target	RNF170	True	True	True
iCMS2	RNF43	target	RNF43	True	True	True
iCMS2	RNF6	target	RNF6	True	True	True
iCMS2	RP9	target	RP9	True	True	True
iCMS2	RPIA	target	RPIA	True	True	True
iCMS2	RPN2	target	RPN2	True	True	True
iCMS2	RPRD1B	target	RPRD1B	True	True	True
iCMS2	RPUSD1	target	RPUSD1	True	True	True
iCMS2	RRP9	target	RRP9	True	True	True
iCMS2	RRS1	target	RRS1	True	True	True
iCMS2	RUBCNL	target	RUBCNL	True	True	True
iCMS2	SATB2	target	SATB2	True	True	True
iCMS2	SCAND1	target	SCAND1	True	True	True
iCMS2	SCARB1	target	SCARB1	True	True	True
iCMS2	SCML1	target	SCML1	True	True	True
iCMS2	SELENOP	target	SELENOP	True	True	True
iCMS2	SEMA5A	target	SEMA5A	True	True	True
iCMS2	SERINC3	target	SERINC3	True	True	True
iCMS2	SERPINE2	target	SERPINE2	True	True	True
iCMS2	SHD	target	SHD	True	True	True
iCMS2	SINHCAF	target	SINHCAF	True	True	True
iCMS2	SLC20A2	target	SLC20A2	True	True	True
iCMS2	SLC26A2	target	SLC26A2	True	True	True
iCMS2	SLC26A3	target	SLC26A3	True	True	True
iCMS2	SLC29A1	target	SLC29A1	True	True	True
iCMS2	SLC2A8	target	SLC2A8	True	True	True
iCMS2	SLC35C2	target	SLC35C2	True	True	True
iCMS2	SLC38A5	target	SLC38A5	True	True	True
iCMS2	SLC39A5	target	SLC39A5	True	True	True
iCMS2	SLC3A2	target	SLC3A2	True	True	True
iCMS2	SLC52A2	target	SLC52A2	True	True	True
iCMS2	SLC5A6	target	SLC5A6	True	True	True
iCMS2	SLC7A6	target	SLC7A6	True	True	True
iCMS2	SMAP1	target	SMAP1	True	True	True
iCMS2	SMIM26	target	SMIM26	True	True	True
iCMS2	SNRPB	target	SNRPB	True	True	True
iCMS2	SNRPB2	target	SNRPB2	True	True	True
iCMS2	SOX4	target	SOX4	True	True	True
iCMS2	SPATA13	target	SPATA13	True	True	True
iCMS2	SPINK1	target	SPINK1	True	True	True
iCMS2	SPRYD7	target	SPRYD7	True	True	True
iCMS2	ST6GAL1	target	ST6GAL1	True	True	True
iCMS2	STAU1	target	STAU1	True	True	True
iCMS2	STK4	target	STK4	True	True	True
iCMS2	STRAP	target	STRAP	True	True	True
iCMS2	STX16	target	STX16	True	True	True
iCMS2	SUCLA2	target	SUCLA2	True	True	True
iCMS2	SUPT20H	target	SUPT20H	True	True	True
iCMS2	SYS1	target	SYS1	True	True	True
iCMS2	TBC1D4	target	TBC1D4	True	True	True
iCMS2	TBRG4	target	TBRG4	True	True	True
iCMS2	TCF7	target	TCF7	True	True	True
iCMS2	TDGF1	target	TDGF1	True	False	False
iCMS2	TFCP2L1	target	TFCP2L1	True	True	True
iCMS2	THBS1	target	THBS1	True	True	True
iCMS2	TIMM17B	target	TIMM17B	True	True	True
iCMS2	TIMM8A	target	TIMM8A	True	True	True
iCMS2	TIMP3	target	TIMP3	True	True	True
iCMS2	TLE2	target	TLE2	True	True	True
iCMS2	TNNC2	target	TNNC2	True	True	True
iCMS2	TOMM34	target	TOMM34	True	True	True
iCMS2	TOP1MT	target	TOP1MT	True	True	True
iCMS2	TP53RK	target	TP53RK	True	True	True
iCMS2	TPD52L2	target	TPD52L2	True	True	True
iCMS2	TPX2	target	TPX2	True	True	True
iCMS2	TRAP1	target	TRAP1	True	True	True
iCMS2	TRIB3	target	TRIB3	True	True	True
iCMS2	TRPC4AP	target	TRPC4AP	True	True	True
iCMS2	TSC22D1	target	TSC22D1	True	True	True
iCMS2	TSPAN6	target	TSPAN6	True	True	True
iCMS2	TWISTNB	target	TWISTNB	True	False	False
iCMS2	TXLNG	target	TXLNG	True	True	True
iCMS2	TXNDC9	target	TXNDC9	True	True	True
iCMS2	UBA2	target	UBA2	True	True	True
iCMS2	UBAC2	target	UBAC2	True	True	True
iCMS2	UBE2C	target	UBE2C	True	True	True
iCMS2	UCA1	target	UCA1	True	True	True
iCMS2	UCHL3	target	UCHL3	True	True	True
iCMS2	UCKL1	target	UCKL1	True	True	True
iCMS2	UGT2A3	target	UGT2A3	True	True	True
iCMS2	UPF3A	target	UPF3A	True	True	True
iCMS2	UTP14A	target	UTP14A	True	True	True
iCMS2	UTP23	target	UTP23	True	True	True
iCMS2	UTP4	target	UTP4	True	True	True
iCMS2	VAPB	target	VAPB	True	True	True
iCMS2	VAV3	target	VAV3	True	True	True
iCMS2	VBP1	target	VBP1	True	True	True
iCMS2	VMA21	target	VMA21	True	True	True
iCMS2	XRN2	target	XRN2	True	True	True
iCMS2	YAE1D1	target	NA	False	False	False
iCMS2	YTHDF1	target	YTHDF1	True	True	True
iCMS2	YWHAB	target	YWHAB	True	True	True
iCMS2	ZBTB10	target	ZBTB10	True	True	True
iCMS2	ZC3H13	target	ZC3H13	True	True	True
iCMS2	ZDHHC9	target	ZDHHC9	True	True	True
iCMS2	ZFAND1	target	ZFAND1	True	True	True
iCMS2	ZFAS1	target	ZFAS1	True	True	True
iCMS2	ZMYND8	target	ZMYND8	True	True	True
iCMS2	ZNF503	target	ZNF503	True	True	True
iCMS2	AC135166.1	control	AC135166.1	True	False	False
iCMS2	AC247036.1	control	AC247036.1	True	False	False
iCMS2	AC145207.2	control	AC145207.2	True	False	False
iCMS2	CALY	control	CALY	True	True	True
iCMS2	AC090001.1	control	AC090001.1	True	False	False
iCMS2	LINC02740	control	LINC02740	True	False	False
iCMS2	ZIC1	control	ZIC1	True	True	True
iCMS2	AC147651.4	control	AC147651.4	True	False	False
iCMS2	SPATA45	control	SPATA45	True	True	True
iCMS2	AL606537.1	control	AL606537.1	True	False	False
iCMS2	GPR75	control	GPR75	True	True	True
iCMS2	AC005540.1	control	AC005540.1	True	False	False
iCMS2	LINC01484	control	LINC01484	True	True	True
iCMS2	AL132765.2	control	AL132765.2	True	False	False
iCMS2	AC012358.1	control	AC012358.1	True	False	False
iCMS2	SIX3	control	SIX3	True	True	True
iCMS2	AC113386.1	control	AC113386.1	True	False	False
iCMS2	AC018904.1	control	AC018904.1	True	False	False
iCMS2	BHMT2	control	BHMT2	True	True	True
iCMS2	AC148476.1	control	AC148476.1	True	False	False
iCMS2	AC003958.2	control	AC003958.2	True	False	False
iCMS2	AC092338.1	control	AC092338.1	True	False	False
iCMS2	AC116345.4	control	AC116345.4	True	False	False
iCMS2	AC092112.1	control	AC092112.1	True	False	False
iCMS2	CELA2B	control	CELA2B	True	True	True
iCMS2	CD37	control	CD37	True	True	True
iCMS2	DIAPH3-AS2	control	DIAPH3-AS2	True	False	False
iCMS2	ACBD7	control	ACBD7	True	True	True
iCMS2	OR51E1	control	OR51E1	True	True	True
iCMS2	LINC01521	control	LINC01521	True	True	True
iCMS2	AC016957.2	control	AC016957.2	True	False	False
iCMS2	LINC00880	control	LINC00880	True	True	True
iCMS2	LINC01271	control	LINC01271	True	True	True
iCMS2	PTF1A	control	PTF1A	True	True	True
iCMS2	AL137077.2	control	AL137077.2	True	False	False
iCMS2	PDGFD	control	PDGFD	True	True	True
iCMS2	AC135457.1	control	AC135457.1	True	False	False
iCMS2	TMEM72	control	TMEM72	True	True	True
iCMS2	AC006511.4	control	AC006511.4	True	False	False
iCMS2	LMNB1-DT	control	LMNB1-DT	True	True	True
iCMS2	AMH	control	AMH	True	True	True
iCMS2	MAB21L4	control	MAB21L4	True	True	True
iCMS2	AC109446.3	control	AC109446.3	True	False	False
iCMS2	LINC01116	control	LINC01116	True	True	True
iCMS2	LRFN3	control	LRFN3	True	True	True
iCMS2	AL162258.2	control	AL162258.2	True	False	False
iCMS2	AC011306.1	control	AC011306.1	True	False	False
iCMS2	KCNS3	control	KCNS3	True	True	True
iCMS2	AC011939.2	control	AC011939.2	True	False	False
iCMS2	TMEM52	control	TMEM52	True	True	True
iCMS2	AC096642.1	control	AC096642.1	True	False	False
iCMS2	UFSP1	control	UFSP1	True	True	True
iCMS2	LINC01508	control	LINC01508	True	True	True
iCMS2	PTAFR	control	PTAFR	True	True	True
iCMS2	AC026356.2	control	AC026356.2	True	False	False
iCMS2	MMEL1	control	MMEL1	True	True	True
iCMS2	AC027601.1	control	AC027601.1	True	False	False
iCMS2	ZFP2	control	ZFP2	True	True	True
iCMS2	C1QTNF7	control	C1QTNF7	True	True	True
iCMS2	AC004083.1	control	AC004083.1	True	False	False
iCMS2	HIRIP3	control	HIRIP3	True	True	True
iCMS2	P3H3	control	P3H3	True	True	True
iCMS2	AC124067.2	control	AC124067.2	True	False	False
iCMS2	URB1-AS1	control	URB1-AS1	True	True	True
iCMS2	APOBEC1	control	APOBEC1	True	True	True
iCMS2	AL158195.1	control	AL158195.1	True	False	False
iCMS2	AL355499.1	control	AL355499.1	True	False	False
iCMS2	SNX18	control	SNX18	True	True	True
iCMS2	EMP3	control	EMP3	True	True	True
iCMS2	AC107398.3	control	AC107398.3	True	False	False
iCMS2	AC105942.1	control	AC105942.1	True	False	False
iCMS2	PDE1C	control	PDE1C	True	True	True
iCMS2	AL080317.2	control	AL080317.2	True	False	False
iCMS2	NKILA	control	NKILA	True	True	True
iCMS2	ZNF624	control	ZNF624	True	True	True
iCMS2	AC092338.2	control	AC092338.2	True	False	False
iCMS2	DOK6	control	DOK6	True	True	True
iCMS2	AL590807.1	control	AL590807.1	True	False	False
iCMS2	AC093627.5	control	AC093627.5	True	False	False
iCMS2	IRX2	control	IRX2	True	True	True
iCMS2	ZNF214	control	ZNF214	True	True	True
iCMS2	WAKMAR2	control	WAKMAR2	True	True	True
iCMS2	MYPOP	control	MYPOP	True	True	True
iCMS2	NAALADL2-AS2	control	NAALADL2-AS2	True	True	True
iCMS2	DNAH2	control	DNAH2	True	True	True
iCMS2	AC015912.3	control	AC015912.3	True	False	False
iCMS2	AC005838.2	control	AC005838.2	True	False	False
iCMS2	ZSCAN16-AS1	control	ZSCAN16-AS1	True	True	True
iCMS2	ARHGEF26-AS1	control	ARHGEF26-AS1	True	False	False
iCMS2	RAG1	control	RAG1	True	True	True
iCMS2	TMEM72-AS1	control	TMEM72-AS1	True	True	True
iCMS2	EYA1	control	EYA1	True	True	True
iCMS2	ZNF778	control	ZNF778	True	True	True
iCMS2	TBL3	control	TBL3	True	True	True
iCMS2	TEX30	control	TEX30	True	True	True
iCMS2	CHST11	control	CHST11	True	True	True
iCMS2	KBTBD7	control	KBTBD7	True	True	True
iCMS2	DAPP1	control	DAPP1	True	True	True
iCMS2	ABHD12B	control	ABHD12B	True	True	True
iCMS2	TRIM21	control	TRIM21	True	True	True
iCMS2	FAM110A	control	FAM110A	True	True	True
iCMS2	DEF6	control	DEF6	True	True	True
iCMS2	BORCS8	control	BORCS8	True	True	True
iCMS2	PRKCQ	control	PRKCQ	True	True	True
iCMS2	MIR4458HG	control	MIR4458HG	True	True	True
iCMS2	TMEM104	control	TMEM104	True	True	True
iCMS2	MRPL30	control	MRPL30	True	True	True
iCMS2	CU638689.5	control	CU638689.5	True	False	False
iCMS2	ALKBH2	control	ALKBH2	True	True	True
iCMS2	C11ORF95	control	C11orf95	True	False	False
iCMS2	TAC3	control	TAC3	True	True	True
iCMS2	AL354809.1	control	AL354809.1	True	False	False
iCMS2	AP000446.1	control	AP000446.1	True	False	False
iCMS2	IGIP	control	IGIP	True	True	True
iCMS2	MTERF2	control	MTERF2	True	True	True
iCMS2	AKT1S1	control	AKT1S1	True	True	True
iCMS2	GCHFR	control	GCHFR	True	True	True
iCMS2	PPOX	control	PPOX	True	True	True
iCMS2	AC004551.1	control	AC004551.1	True	False	False
iCMS2	POC1A	control	POC1A	True	True	True
iCMS2	P4HA3	control	P4HA3	True	True	True
iCMS2	DCLK2	control	DCLK2	True	True	True
iCMS2	IFT20	control	IFT20	True	True	True
iCMS2	DDA1	control	DDA1	True	True	True
iCMS2	CENPW	control	CENPW	True	True	True
iCMS2	ZNF595	control	ZNF595	True	True	True
iCMS2	ABCC2	control	ABCC2	True	True	True
iCMS2	RBFA	control	RBFA	True	True	True
iCMS2	AC092821.3	control	AC092821.3	True	False	False
iCMS2	ACSL1	control	ACSL1	True	True	True
iCMS2	RFC5	control	RFC5	True	True	True
iCMS2	UPK3BL1	control	UPK3BL1	True	True	True
iCMS2	SLC25A4	control	SLC25A4	True	True	True
iCMS2	TXNDC15	control	TXNDC15	True	True	True
iCMS2	PRUNE1	control	PRUNE1	True	True	True
iCMS2	SLC52A3	control	SLC52A3	True	True	True
iCMS2	TAF9	control	TAF9	True	True	True
iCMS2	TMEM109	control	TMEM109	True	True	True
iCMS2	YBEY	control	YBEY	True	True	True
iCMS2	RASGRF2	control	RASGRF2	True	True	True
iCMS2	BLM	control	BLM	True	True	True
iCMS2	ZNF746	control	ZNF746	True	True	True
iCMS2	ZNF260	control	ZNF260	True	True	True
iCMS2	SLC35B2	control	SLC35B2	True	True	True
iCMS2	ZNF787	control	ZNF787	True	True	True
iCMS2	METTL27	control	METTL27	True	True	True
iCMS2	LINC01414	control	LINC01414	True	True	True
iCMS2	VAMP4	control	VAMP4	True	True	True
iCMS2	AC022031.2	control	AC022031.2	True	False	False
iCMS2	PBDC1	control	PBDC1	True	True	True
iCMS2	SMPD3	control	SMPD3	True	True	True
iCMS2	WDR74	control	WDR74	True	True	True
iCMS2	PIGP	control	PIGP	True	True	True
iCMS2	PYM1	control	PYM1	True	True	True
iCMS2	TPCN2	control	TPCN2	True	True	True
iCMS2	SLC2A4RG	control	SLC2A4RG	True	True	True
iCMS2	ACVR1C	control	ACVR1C	True	True	True
iCMS2	VPS26B	control	VPS26B	True	True	True
iCMS2	AC027601.6	control	AC027601.6	True	False	False
iCMS2	STX4	control	STX4	True	True	True
iCMS2	RBBP5	control	RBBP5	True	True	True
iCMS2	SBF2-AS1	control	SBF2-AS1	True	True	True
iCMS2	KIZ-AS1	control	KIZ-AS1	True	True	True
iCMS2	TLDC2	control	TLDC2	True	True	True
iCMS2	CREBL2	control	CREBL2	True	True	True
iCMS2	RBSN	control	RBSN	True	True	True
iCMS2	WHRN	control	WHRN	True	True	True
iCMS2	TRIP6	control	TRIP6	True	True	True
iCMS2	MIEN1	control	MIEN1	True	True	True
iCMS2	PLEKHA4	control	PLEKHA4	True	True	True
iCMS2	MEAK7	control	MEAK7	True	True	True
iCMS2	SLC26A6	control	SLC26A6	True	True	True
iCMS2	PRDX3	control	PRDX3	True	True	True
iCMS2	AL390719.2	control	AL390719.2	True	False	False
iCMS2	ANKRD37	control	ANKRD37	True	True	True
iCMS2	MAP3K20-AS1	control	MAP3K20-AS1	True	True	True
iCMS2	ARHGAP11B	control	ARHGAP11B	True	True	True
iCMS2	CISD2	control	CISD2	True	True	True
iCMS2	SLC27A4	control	SLC27A4	True	True	True
iCMS2	SCRN3	control	SCRN3	True	True	True
iCMS2	LINC02320	control	LINC02320	True	True	True
iCMS2	NUCB1	control	NUCB1	True	True	True
iCMS2	CTSC	control	CTSC	True	True	True
iCMS2	METTL3	control	METTL3	True	True	True
iCMS2	VPS37C	control	VPS37C	True	True	True
iCMS2	DNAJA2	control	DNAJA2	True	True	True
iCMS2	PAXX	control	PAXX	True	True	True
iCMS2	SLC23A2	control	SLC23A2	True	True	True
iCMS2	ITGA1	control	ITGA1	True	True	True
iCMS2	GNAI1	control	GNAI1	True	True	True
iCMS2	WASHC2A	control	WASHC2A	True	True	True
iCMS2	AC074032.1	control	AC074032.1	True	False	False
iCMS2	ACTL6A	control	ACTL6A	True	True	True
iCMS2	TMEM67	control	TMEM67	True	True	True
iCMS2	DCBLD1	control	DCBLD1	True	True	True
iCMS2	GABRB1	control	GABRB1	True	True	True
iCMS2	TMEM9B	control	TMEM9B	True	True	True
iCMS2	DEPDC5	control	DEPDC5	True	True	True
iCMS2	DNAH7	control	DNAH7	True	True	True
iCMS2	NELFB	control	NELFB	True	True	True
iCMS2	FAM174B	control	FAM174B	True	True	True
iCMS2	ATAD5	control	ATAD5	True	True	True
iCMS2	CMC2	control	CMC2	True	True	True
iCMS2	RND3	control	RND3	True	True	True
iCMS2	CRTC3	control	CRTC3	True	True	True
iCMS2	LY6G6D	control	LY6G6D	True	True	True
iCMS2	ARRDC1	control	ARRDC1	True	True	True
iCMS2	SLC1A5	control	SLC1A5	True	True	True
iCMS2	CRBN	control	CRBN	True	True	True
iCMS2	CDK5RAP3	control	CDK5RAP3	True	True	True
iCMS2	GFOD1	control	GFOD1	True	True	True
iCMS2	SMG5	control	SMG5	True	True	True
iCMS2	UEVLD	control	UEVLD	True	True	True
iCMS2	COPS6	control	COPS6	True	True	True
iCMS2	PURB	control	PURB	True	True	True
iCMS2	DESI2	control	DESI2	True	True	True
iCMS2	CASC3	control	CASC3	True	True	True
iCMS2	PSMB8	control	PSMB8	True	True	True
iCMS2	TXNL4A	control	TXNL4A	True	True	True
iCMS2	PSMD5	control	PSMD5	True	True	True
iCMS2	H2AFJ	control	H2AFJ	True	False	False
iCMS2	PIK3C2B	control	PIK3C2B	True	True	True
iCMS2	CDS1	control	CDS1	True	True	True
iCMS2	YARS	control	YARS	True	False	False
iCMS2	PLOD3	control	PLOD3	True	True	True
iCMS2	YY1AP1	control	YY1AP1	True	True	True
iCMS2	IFNGR1	control	IFNGR1	True	True	True
iCMS2	CCDC57	control	CCDC57	True	True	True
iCMS2	NDUFA1	control	NDUFA1	True	True	True
iCMS2	POLR2B	control	POLR2B	True	True	True
iCMS2	AP3S2	control	AP3S2	True	True	True
iCMS2	CEP128	control	CEP128	True	True	True
iCMS2	AC010086.3	control	AC010086.3	True	False	False
iCMS2	TENT4B	control	TENT4B	True	True	True
iCMS2	IRF2	control	IRF2	True	True	True
iCMS2	LIMD1	control	LIMD1	True	True	True
iCMS2	HEXB	control	HEXB	True	True	True
iCMS2	PEX14	control	PEX14	True	True	True
iCMS2	PRKACB	control	PRKACB	True	True	True
iCMS2	RAB11FIP2	control	RAB11FIP2	True	True	True
iCMS2	EIF2S3	control	EIF2S3	True	True	True
iCMS2	LAMP1	control	LAMP1	True	True	True
iCMS2	NRXN3	control	NRXN3	True	True	True
iCMS2	VDAC2	control	VDAC2	True	True	True
iCMS2	SH3YL1	control	SH3YL1	True	True	True
iCMS2	EIF4G2	control	EIF4G2	True	True	True
iCMS2	CEP290	control	CEP290	True	True	True
iCMS2	DDX18	control	DDX18	True	True	True
iCMS2	RANBP2	control	RANBP2	True	True	True
iCMS2	EP300	control	EP300	True	True	True
iCMS2	FDFT1	control	FDFT1	True	True	True
iCMS2	MAP3K5	control	MAP3K5	True	True	True
iCMS2	TMEM245	control	TMEM245	True	True	True
iCMS2	AGO3	control	AGO3	True	True	True
iCMS2	TOMM20	control	TOMM20	True	True	True
iCMS2	ATL2	control	ATL2	True	True	True
iCMS2	TMEM260	control	TMEM260	True	True	True
iCMS2	LSR	control	LSR	True	True	True
iCMS2	RAF1	control	RAF1	True	True	True
iCMS2	KDM5A	control	KDM5A	True	True	True
iCMS2	CAPZB	control	CAPZB	True	True	True
iCMS2	TASP1	control	TASP1	True	True	True
iCMS2	MYO5B	control	MYO5B	True	True	True
iCMS2	CEMIP	control	CEMIP	True	True	True
iCMS2	CNOT2	control	CNOT2	True	True	True
iCMS2	TNRC6B	control	TNRC6B	True	True	True
iCMS2	IGF2R	control	IGF2R	True	True	True
iCMS2	ACSL5	control	ACSL5	True	True	True
iCMS2	TMEM168	control	TMEM168	True	True	True
iCMS2	GPATCH8	control	GPATCH8	True	True	True
iCMS2	OXR1	control	OXR1	True	True	True
iCMS2	SLC44A1	control	SLC44A1	True	True	True
iCMS2	SAT1	control	SAT1	True	True	True
iCMS2	RNF145	control	RNF145	True	True	True
iCMS2	UPF2	control	UPF2	True	True	True
iCMS2	EEF1D	control	EEF1D	True	True	True
iCMS2	MGST1	control	MGST1	True	True	True
iCMS2	TDRD3	control	TDRD3	True	True	True
iCMS2	CACNA1D	control	CACNA1D	True	True	True
iCMS2	ELF1	control	ELF1	True	True	True
iCMS3	ABHD3	target	ABHD3	True	True	True
iCMS3	ABO	target	ABO	True	True	True
iCMS3	ACADS	target	ACADS	True	True	True
iCMS3	ACER3	target	ACER3	True	True	True
iCMS3	ADAM9	target	ADAM9	True	True	True
iCMS3	AGR2	target	AGR2	True	True	True
iCMS3	AGR3	target	AGR3	True	True	True
iCMS3	AGRN	target	AGRN	True	True	True
iCMS3	AHNAK	target	AHNAK	True	True	True
iCMS3	AKAP13	target	AKAP13	True	True	True
iCMS3	AKR7A3	target	AKR7A3	True	True	True
iCMS3	AKT1	target	AKT1	True	True	True
iCMS3	ALDH6A1	target	ALDH6A1	True	True	True
iCMS3	ALDOB	target	ALDOB	True	True	True
iCMS3	AMN	target	AMN	True	True	True
iCMS3	ANG	target	ANG	True	True	True
iCMS3	ANKRD36C	target	ANKRD36C	True	True	True
iCMS3	ANPEP	target	ANPEP	True	True	True
iCMS3	ANXA1	target	ANXA1	True	True	True
iCMS3	ANXA13	target	ANXA13	True	True	True
iCMS3	AQP3	target	AQP3	True	True	True
iCMS3	ARSA	target	ARSA	True	True	True
iCMS3	ASAP2	target	ASAP2	True	True	True
iCMS3	ASRGL1	target	ASRGL1	True	True	True
iCMS3	ATL3	target	ATL3	True	True	True
iCMS3	ATP1B1	target	ATP1B1	True	True	True
iCMS3	ATP2A3	target	ATP2A3	True	True	True
iCMS3	ATP8A1	target	ATP8A1	True	True	True
iCMS3	ATP8B1	target	ATP8B1	True	True	True
iCMS3	B3GALT5	target	B3GALT5	True	True	True
iCMS3	B3GNT7	target	B3GNT7	True	True	True
iCMS3	BAIAP2L2	target	BAIAP2L2	True	True	True
iCMS3	BCAS1	target	BCAS1	True	True	True
iCMS3	BNIP3L	target	BNIP3L	True	True	True
iCMS3	BTBD6	target	BTBD6	True	True	True
iCMS3	C12ORF57	target	C12orf57	True	True	True
iCMS3	C18ORF32	target	C18orf32	True	True	True
iCMS3	C2ORF88	target	C2orf88	True	True	True
iCMS3	C4BPB	target	C4BPB	True	True	True
iCMS3	C9ORF3	target	NA	False	False	False
iCMS3	CA12	target	CA12	True	True	True
iCMS3	CA2	target	CA2	True	True	True
iCMS3	CA7	target	CA7	True	True	True
iCMS3	CA9	target	CA9	True	True	True
iCMS3	CAMK2D	target	CAMK2D	True	True	True
iCMS3	CANT1	target	CANT1	True	True	True
iCMS3	CARD16	target	CARD16	True	True	True
iCMS3	CASC4	target	CASC4	True	False	False
iCMS3	CASZ1	target	CASZ1	True	True	True
iCMS3	CCAR2	target	CCAR2	True	True	True
iCMS3	CCDC68	target	CCDC68	True	True	True
iCMS3	CCNG2	target	CCNG2	True	True	True
iCMS3	CD55	target	CD55	True	True	True
iCMS3	CDC42EP1	target	CDC42EP1	True	True	True
iCMS3	CDC42EP5	target	CDC42EP5	True	True	True
iCMS3	CDKN2A	target	CDKN2A	True	True	True
iCMS3	CDKN2B	target	CDKN2B	True	True	True
iCMS3	CEACAM7	target	CEACAM7	True	True	True
iCMS3	CEP70	target	CEP70	True	True	True
iCMS3	CFD	target	CFD	True	True	True
iCMS3	CHCHD10	target	CHCHD10	True	True	True
iCMS3	CHD3	target	CHD3	True	True	True
iCMS3	CKAP4	target	CKAP4	True	True	True
iCMS3	CLCA1	target	CLCA1	True	True	True
iCMS3	CLCA4	target	CLCA4	True	True	True
iCMS3	CLSTN1	target	CLSTN1	True	True	True
iCMS3	CLU	target	CLU	True	True	True
iCMS3	COL16A1	target	COL16A1	True	True	True
iCMS3	COPG1	target	COPG1	True	True	True
iCMS3	CRACR2B	target	CRACR2B	True	True	True
iCMS3	CREB3L1	target	CREB3L1	True	True	True
iCMS3	CRELD2	target	CRELD2	True	True	True
iCMS3	CRIP1	target	CRIP1	True	True	True
iCMS3	CTNNBIP1	target	CTNNBIP1	True	True	True
iCMS3	CTSE	target	CTSE	True	True	True
iCMS3	CXCL3	target	CXCL3	True	True	True
iCMS3	CXXC1	target	CXXC1	True	True	True
iCMS3	CYR61	target	NA	False	False	False
iCMS3	CYSTM1	target	CYSTM1	True	True	True
iCMS3	DEFA6	target	DEFA6	True	True	True
iCMS3	DEGS2	target	DEGS2	True	True	True
iCMS3	DENND2A	target	DENND2A	True	True	True
iCMS3	DEPP1	target	DEPP1	True	True	True
iCMS3	DGLUCY	target	DGLUCY	True	True	True
iCMS3	DHRS1	target	DHRS1	True	True	True
iCMS3	DIP2A	target	DIP2A	True	True	True
iCMS3	DMBT1	target	DMBT1	True	True	True
iCMS3	DNAJC10	target	DNAJC10	True	True	True
iCMS3	DOCK5	target	DOCK5	True	True	True
iCMS3	DPYSL2	target	DPYSL2	True	True	True
iCMS3	DUSP4	target	DUSP4	True	True	True
iCMS3	EDEM3	target	EDEM3	True	True	True
iCMS3	EGLN3	target	EGLN3	True	True	True
iCMS3	ENOSF1	target	ENOSF1	True	True	True
iCMS3	ENTPD8	target	ENTPD8	True	True	True
iCMS3	EPS8L1	target	EPS8L1	True	True	True
iCMS3	ERGIC1	target	ERGIC1	True	True	True
iCMS3	ERN2	target	ERN2	True	True	True
iCMS3	F3	target	F3	True	True	True
iCMS3	FA2H	target	FA2H	True	True	True
iCMS3	FABP2	target	FABP2	True	True	True
iCMS3	FAM107B	target	FAM107B	True	True	True
iCMS3	FAM114A1	target	FAM114A1	True	True	True
iCMS3	FBXW5	target	FBXW5	True	True	True
iCMS3	FCGBP	target	FCGBP	True	True	True
iCMS3	FFAR4	target	FFAR4	True	True	True
iCMS3	FGFBP1	target	FGFBP1	True	True	True
iCMS3	FLII	target	FLII	True	True	True
iCMS3	FOXA1	target	FOXA1	True	True	True
iCMS3	FOXA3	target	FOXA3	True	True	True
iCMS3	FOXP1	target	FOXP1	True	True	True
iCMS3	FRMD4B	target	FRMD4B	True	True	True
iCMS3	FUT8	target	FUT8	True	True	True
iCMS3	GALNT1	target	GALNT1	True	True	True
iCMS3	GALNT12	target	GALNT12	True	True	True
iCMS3	GALNT5	target	GALNT5	True	True	True
iCMS3	GALNT7	target	GALNT7	True	True	True
iCMS3	GBA2	target	GBA2	True	True	True
iCMS3	GBP3	target	GBP3	True	True	True
iCMS3	GCNT3	target	GCNT3	True	True	True
iCMS3	GNAQ	target	GNAQ	True	True	True
iCMS3	GOLM1	target	GOLM1	True	True	True
iCMS3	GPRIN3	target	GPRIN3	True	True	True
iCMS3	GPT	target	GPT	True	True	True
iCMS3	GSDMB	target	GSDMB	True	True	True
iCMS3	GSKIP	target	GSKIP	True	True	True
iCMS3	GSN	target	GSN	True	True	True
iCMS3	GSR	target	GSR	True	True	True
iCMS3	GSTZ1	target	GSTZ1	True	True	True
iCMS3	HEPACAM2	target	HEPACAM2	True	True	True
iCMS3	HES4	target	HES4	True	True	True
iCMS3	HID1	target	HID1	True	True	True
iCMS3	HIF1A	target	HIF1A	True	True	True
iCMS3	HIPK1	target	HIPK1	True	True	True
iCMS3	HIPK2	target	HIPK2	True	True	True
iCMS3	HSD17B2	target	HSD17B2	True	True	True
iCMS3	IER3IP1	target	IER3IP1	True	True	True
iCMS3	IFI16	target	IFI16	True	True	True
iCMS3	IFI27L1	target	IFI27L1	True	True	True
iCMS3	IFI6	target	IFI6	True	True	True
iCMS3	IGFBP2	target	IGFBP2	True	True	True
iCMS3	IL18	target	IL18	True	True	True
iCMS3	IL1R2	target	IL1R2	True	True	True
iCMS3	IMPA2	target	IMPA2	True	True	True
iCMS3	IMPACT	target	IMPACT	True	True	True
iCMS3	IQGAP2	target	IQGAP2	True	True	True
iCMS3	ITLN1	target	ITLN1	True	True	True
iCMS3	KCNK1	target	KCNK1	True	True	True
iCMS3	KCTD12	target	KCTD12	True	True	True
iCMS3	KDELR3	target	KDELR3	True	True	True
iCMS3	KIAA1324	target	KIAA1324	True	False	False
iCMS3	KIAA1468	target	NA	False	False	False
iCMS3	KIAA1522	target	KIAA1522	True	False	False
iCMS3	KLF2	target	KLF2	True	True	True
iCMS3	KLF9	target	KLF9	True	True	True
iCMS3	KLK1	target	KLK1	True	True	True
iCMS3	KLK11	target	KLK11	True	True	True
iCMS3	KRT7	target	KRT7	True	True	True
iCMS3	L1TD1	target	L1TD1	True	True	True
iCMS3	LAMA3	target	LAMA3	True	True	True
iCMS3	LCN15	target	LCN15	True	True	True
iCMS3	LGALS2	target	LGALS2	True	True	True
iCMS3	LGR4	target	LGR4	True	True	True
iCMS3	LIMA1	target	LIMA1	True	True	True
iCMS3	LINC00467	target	LINC00467	True	True	True
iCMS3	LIPG	target	LIPG	True	True	True
iCMS3	LMAN1	target	LMAN1	True	True	True
iCMS3	LMF2	target	LMF2	True	True	True
iCMS3	LMNA	target	LMNA	True	True	True
iCMS3	LMO4	target	LMO4	True	True	True
iCMS3	LPCAT4	target	LPCAT4	True	True	True
iCMS3	LPIN1	target	LPIN1	True	True	True
iCMS3	LRP10	target	LRP10	True	True	True
iCMS3	LRRC26	target	LRRC26	True	True	True
iCMS3	LXN	target	LXN	True	True	True
iCMS3	LYZ	target	LYZ	True	True	True
iCMS3	MAPRE2	target	MAPRE2	True	True	True
iCMS3	MATN2	target	MATN2	True	True	True
iCMS3	MBP	target	MBP	True	True	True
iCMS3	MCU	target	MCU	True	True	True
iCMS3	ME1	target	ME1	True	True	True
iCMS3	MFHAS1	target	MFHAS1	True	True	True
iCMS3	MIA2	target	MIA2	True	True	True
iCMS3	MIA3	target	MIA3	True	True	True
iCMS3	MLPH	target	MLPH	True	True	True
iCMS3	MMP28	target	MMP28	True	True	True
iCMS3	MMP7	target	MMP7	True	True	True
iCMS3	MPDU1	target	MPDU1	True	True	True
iCMS3	MPPE1	target	MPPE1	True	True	True
iCMS3	MS4A12	target	MS4A12	True	True	True
iCMS3	MUC1	target	MUC1	True	True	True
iCMS3	MUC17	target	MUC17	True	True	True
iCMS3	MUC2	target	MUC2	True	True	True
iCMS3	MUC4	target	MUC4	True	True	True
iCMS3	MUC5AC	target	MUC5AC	True	True	True
iCMS3	MUC5B	target	MUC5B	True	True	True
iCMS3	MYO5C	target	MYO5C	True	True	True
iCMS3	MYOF	target	MYOF	True	True	True
iCMS3	NAA38	target	NAA38	True	True	True
iCMS3	NBL1	target	NBL1	True	True	True
iCMS3	NDRG2	target	NDRG2	True	True	True
iCMS3	NDUFA4L2	target	NDUFA4L2	True	True	True
iCMS3	NDUFV2	target	NDUFV2	True	True	True
iCMS3	NEO1	target	NEO1	True	True	True
iCMS3	NFIC	target	NFIC	True	True	True
iCMS3	NPDC1	target	NPDC1	True	True	True
iCMS3	NPTN	target	NPTN	True	True	True
iCMS3	NR3C2	target	NR3C2	True	True	True
iCMS3	NR4A2	target	NR4A2	True	True	True
iCMS3	NUCB2	target	NUCB2	True	True	True
iCMS3	NUDT8	target	NUDT8	True	True	True
iCMS3	NUMB	target	NUMB	True	True	True
iCMS3	P2RX4	target	P2RX4	True	True	True
iCMS3	PADI2	target	PADI2	True	True	True
iCMS3	PALLD	target	PALLD	True	True	True
iCMS3	PAPSS2	target	PAPSS2	True	True	True
iCMS3	PCM1	target	PCM1	True	True	True
iCMS3	PDE4DIP	target	PDE4DIP	True	True	True
iCMS3	PDLIM5	target	PDLIM5	True	True	True
iCMS3	PFKP	target	PFKP	True	True	True
iCMS3	PIAS2	target	PIAS2	True	True	True
iCMS3	PIGR	target	PIGR	True	True	True
iCMS3	PLA2G10	target	PLA2G10	True	True	True
iCMS3	PLA2G2A	target	PLA2G2A	True	True	True
iCMS3	PLAC8	target	PLAC8	True	True	True
iCMS3	PLLP	target	PLLP	True	True	True
iCMS3	PMP22	target	PMP22	True	True	True
iCMS3	POLD3	target	POLD3	True	True	True
iCMS3	PPP1R12B	target	PPP1R12B	True	True	True
iCMS3	PPP2CB	target	PPP2CB	True	True	True
iCMS3	PPP3CA	target	PPP3CA	True	True	True
iCMS3	PPP4R1	target	PPP4R1	True	True	True
iCMS3	PPP6R1	target	PPP6R1	True	True	True
iCMS3	PQLC1	target	NA	False	False	False
iCMS3	PRSS2	target	PRSS2	True	True	True
iCMS3	PTAR1	target	PTAR1	True	True	True
iCMS3	PTGFRN	target	PTGFRN	True	True	True
iCMS3	PTPN18	target	PTPN18	True	True	True
iCMS3	PTPRF	target	PTPRF	True	True	True
iCMS3	PTPRH	target	PTPRH	True	True	True
iCMS3	PYY	target	PYY	True	True	True
iCMS3	QSOX1	target	QSOX1	True	True	True
iCMS3	RAMP1	target	RAMP1	True	True	True
iCMS3	RAP1GAP	target	RAP1GAP	True	True	True
iCMS3	RARRES1	target	RARRES1	True	True	True
iCMS3	RARRES3	target	NA	False	False	False
iCMS3	RASD1	target	RASD1	True	True	True
iCMS3	RASSF6	target	RASSF6	True	True	True
iCMS3	RCOR1	target	RCOR1	True	True	True
iCMS3	REG1A	target	REG1A	True	True	True
iCMS3	REG1B	target	REG1B	True	True	True
iCMS3	REG3A	target	REG3A	True	True	True
iCMS3	REG4	target	REG4	True	True	True
iCMS3	REP15	target	REP15	True	True	True
iCMS3	RETNLB	target	RETNLB	True	True	True
iCMS3	RGS10	target	RGS10	True	True	True
iCMS3	RGS2	target	RGS2	True	True	True
iCMS3	RHBDL2	target	RHBDL2	True	True	True
iCMS3	RHOBTB3	target	RHOBTB3	True	True	True
iCMS3	RIOK3	target	RIOK3	True	True	True
iCMS3	RNASE1	target	RNASE1	True	True	True
iCMS3	RNF11	target	RNF11	True	True	True
iCMS3	RNF138	target	RNF138	True	True	True
iCMS3	RNF19B	target	RNF19B	True	True	True
iCMS3	S100A13	target	S100A13	True	True	True
iCMS3	S100A14	target	S100A14	True	True	True
iCMS3	S100P	target	S100P	True	True	True
iCMS3	SAMD5	target	SAMD5	True	True	True
iCMS3	SCNN1A	target	SCNN1A	True	True	True
iCMS3	SCP2	target	SCP2	True	True	True
iCMS3	SDR16C5	target	SDR16C5	True	True	True
iCMS3	SEC24D	target	SEC24D	True	True	True
iCMS3	SERPINA1	target	SERPINA1	True	True	True
iCMS3	SERPINB5	target	SERPINB5	True	True	True
iCMS3	SEZ6L2	target	SEZ6L2	True	True	True
iCMS3	SGMS2	target	SGMS2	True	True	True
iCMS3	SH3BGRL3	target	SH3BGRL3	True	True	True
iCMS3	SHROOM3	target	SHROOM3	True	True	True
iCMS3	SIPA1L2	target	SIPA1L2	True	True	True
iCMS3	SLC22A23	target	SLC22A23	True	True	True
iCMS3	SLC25A37	target	SLC25A37	True	True	True
iCMS3	SLC28A2	target	SLC28A2	True	True	True
iCMS3	SLC35A1	target	SLC35A1	True	True	True
iCMS3	SLC37A1	target	SLC37A1	True	True	True
iCMS3	SLC4A4	target	SLC4A4	True	True	True
iCMS3	SLC6A14	target	SLC6A14	True	True	True
iCMS3	SLC9A1	target	SLC9A1	True	True	True
iCMS3	SLC9A2	target	SLC9A2	True	True	True
iCMS3	SMAD2	target	SMAD2	True	True	True
iCMS3	SMAD4	target	SMAD4	True	True	True
iCMS3	SMCHD1	target	SMCHD1	True	True	True
iCMS3	SMCO4	target	SMCO4	True	True	True
iCMS3	SMIM14	target	SMIM14	True	True	True
iCMS3	SMIM31	target	SMIM31	True	True	True
iCMS3	SMPDL3A	target	SMPDL3A	True	True	True
iCMS3	SOCS6	target	SOCS6	True	True	True
iCMS3	SPDEF	target	SPDEF	True	True	True
iCMS3	SPINK4	target	SPINK4	True	True	True
iCMS3	SPON1	target	SPON1	True	True	True
iCMS3	SPRED1	target	SPRED1	True	True	True
iCMS3	ST3GAL4	target	ST3GAL4	True	True	True
iCMS3	ST6GALNAC1	target	ST6GALNAC1	True	True	True
iCMS3	STIM2	target	STIM2	True	True	True
iCMS3	STXBP5	target	STXBP5	True	True	True
iCMS3	STXBP6	target	STXBP6	True	True	True
iCMS3	SYT13	target	SYT13	True	True	True
iCMS3	SYTL1	target	SYTL1	True	True	True
iCMS3	TC2N	target	TC2N	True	True	True
iCMS3	TCEA3	target	TCEA3	True	True	True
iCMS3	TCIRG1	target	TCIRG1	True	True	True
iCMS3	TFF1	target	TFF1	True	True	True
iCMS3	TFF2	target	TFF2	True	True	True
iCMS3	TFF3	target	TFF3	True	True	True
iCMS3	TLN2	target	TLN2	True	True	True
iCMS3	TM4SF4	target	TM4SF4	True	True	True
iCMS3	TMED10	target	TMED10	True	True	True
iCMS3	TMED7	target	TMED7	True	True	True
iCMS3	TMEM173	target	TMEM173	True	False	False
iCMS3	TMEM263	target	TMEM263	True	True	True
iCMS3	TMEM30B	target	TMEM30B	True	True	True
iCMS3	TMEM92	target	TMEM92	True	True	True
iCMS3	TNFRSF10B	target	TNFRSF10B	True	True	True
iCMS3	TNFRSF11A	target	TNFRSF11A	True	True	True
iCMS3	TNIK	target	TNIK	True	True	True
iCMS3	TOR4A	target	TOR4A	True	True	True
iCMS3	TP53I3	target	TP53I3	True	True	True
iCMS3	TPGS1	target	TPGS1	True	True	True
iCMS3	TPSG1	target	TPSG1	True	True	True
iCMS3	TRIM29	target	TRIM29	True	True	True
iCMS3	TRIP11	target	TRIP11	True	True	True
iCMS3	TSPAN1	target	TSPAN1	True	True	True
iCMS3	TSPAN13	target	TSPAN13	True	True	True
iCMS3	TSTA3	target	TSTA3	True	False	False
iCMS3	TUBB2A	target	TUBB2A	True	True	True
iCMS3	TVP23B	target	TVP23B	True	True	True
iCMS3	TYMP	target	TYMP	True	True	True
iCMS3	TYMS	target	TYMS	True	True	True
iCMS3	UGDH	target	UGDH	True	True	True
iCMS3	UGT2B17	target	UGT2B17	True	True	True
iCMS3	UGT8	target	UGT8	True	True	True
iCMS3	UNC13B	target	UNC13B	True	True	True
iCMS3	VAMP2	target	VAMP2	True	True	True
iCMS3	VAPA	target	VAPA	True	True	True
iCMS3	VILL	target	VILL	True	True	True
iCMS3	VSIG2	target	VSIG2	True	True	True
iCMS3	WARS	target	WARS	True	False	False
iCMS3	ZNF24	target	ZNF24	True	True	True
iCMS3	AC007610.2	control	AC007610.2	True	False	False
iCMS3	AC104435.2	control	AC104435.2	True	False	False
iCMS3	AC034213.1	control	AC034213.1	True	False	False
iCMS3	AC010894.2	control	AC010894.2	True	False	False
iCMS3	CYP26A1	control	CYP26A1	True	True	True
iCMS3	AC093849.3	control	AC093849.3	True	False	False
iCMS3	AC011303.1	control	AC011303.1	True	False	False
iCMS3	AC084809.2	control	AC084809.2	True	False	False
iCMS3	AC127537.1	control	AC127537.1	True	False	False
iCMS3	LINC01392	control	LINC01392	True	False	False
iCMS3	AC067930.2	control	AC067930.2	True	False	False
iCMS3	RASL10B	control	RASL10B	True	True	True
iCMS3	RFPL2	control	RFPL2	True	True	True
iCMS3	AC005224.2	control	AC005224.2	True	False	False
iCMS3	AP001020.3	control	AP001020.3	True	False	False
iCMS3	LINC01465	control	LINC01465	True	True	True
iCMS3	VWC2L	control	VWC2L	True	True	True
iCMS3	AL353804.1	control	AL353804.1	True	False	False
iCMS3	AC108063.1	control	AC108063.1	True	False	False
iCMS3	AL592114.3	control	AL592114.3	True	False	False
iCMS3	AC026367.2	control	AC026367.2	True	False	False
iCMS3	AC026689.1	control	AC026689.1	True	False	False
iCMS3	LINC01752	control	LINC01752	True	True	True
iCMS3	AC011468.5	control	AC011468.5	True	False	False
iCMS3	AL365214.2	control	AL365214.2	True	False	False
iCMS3	ADGRG3	control	ADGRG3	True	True	True
iCMS3	NEXMIF	control	NEXMIF	True	True	True
iCMS3	AC092422.1	control	AC092422.1	True	False	False
iCMS3	SCARF2	control	SCARF2	True	True	True
iCMS3	PCDHGB2	control	PCDHGB2	True	True	True
iCMS3	CYP4F26P	control	CYP4F26P	True	False	False
iCMS3	CU633906.2	control	CU633906.2	True	False	False
iCMS3	PABPC3	control	PABPC3	True	True	True
iCMS3	AL121759.1	control	AL121759.1	True	False	False
iCMS3	AL391988.1	control	AL391988.1	True	False	False
iCMS3	AC048344.4	control	AC048344.4	True	False	False
iCMS3	LINC02166	control	LINC02166	True	True	True
iCMS3	AP001453.2	control	AP001453.2	True	False	False
iCMS3	AC009171.2	control	AC009171.2	True	False	False
iCMS3	AC093512.1	control	AC093512.1	True	False	False
iCMS3	LY86	control	LY86	True	True	True
iCMS3	AL121790.2	control	AL121790.2	True	False	False
iCMS3	AC108749.1	control	AC108749.1	True	False	False
iCMS3	ANKRD20A4	control	ANKRD20A4	True	False	False
iCMS3	ALX4	control	ALX4	True	True	True
iCMS3	MIR3659HG	control	MIR3659HG	True	True	True
iCMS3	AC015631.1	control	AC015631.1	True	False	False
iCMS3	AC104655.1	control	AC104655.1	True	False	False
iCMS3	CSPG5	control	CSPG5	True	True	True
iCMS3	AL158071.5	control	AL158071.5	True	False	False
iCMS3	TMPRSS11D	control	TMPRSS11D	True	True	True
iCMS3	ZBED6	control	ZBED6	True	True	True
iCMS3	TNFRSF13C	control	TNFRSF13C	True	True	True
iCMS3	APOB	control	APOB	True	True	True
iCMS3	PLIN1	control	PLIN1	True	True	True
iCMS3	AL034422.1	control	AL034422.1	True	False	False
iCMS3	MLLT11	control	MLLT11	True	True	True
iCMS3	ABCB5	control	ABCB5	True	True	True
iCMS3	LINC01503	control	LINC01503	True	True	True
iCMS3	CCDC38	control	CCDC38	True	True	True
iCMS3	PPP2R2C	control	PPP2R2C	True	True	True
iCMS3	TENM4	control	TENM4	True	True	True
iCMS3	AC010595.1	control	AC010595.1	True	False	False
iCMS3	PRICKLE4	control	PRICKLE4	True	True	True
iCMS3	SV2A	control	SV2A	True	True	True
iCMS3	IMPG2	control	IMPG2	True	True	True
iCMS3	SYT12	control	SYT12	True	True	True
iCMS3	A4GALT	control	A4GALT	True	True	True
iCMS3	AC024575.1	control	AC024575.1	True	False	False
iCMS3	MAJIN	control	MAJIN	True	True	True
iCMS3	KIAA1614	control	KIAA1614	True	True	True
iCMS3	C16ORF71	control	C16orf71	True	False	False
iCMS3	AC010761.2	control	AC010761.2	True	False	False
iCMS3	AC011462.5	control	AC011462.5	True	False	False
iCMS3	AC011443.1	control	AC011443.1	True	False	False
iCMS3	AC116428.1	control	AC116428.1	True	False	False
iCMS3	PLA1A	control	PLA1A	True	True	True
iCMS3	PPY	control	PPY	True	True	True
iCMS3	SERPINA6	control	SERPINA6	True	True	True
iCMS3	AC026356.1	control	AC026356.1	True	False	False
iCMS3	LINC01645	control	LINC01645	True	True	True
iCMS3	C1ORF74	control	C1orf74	True	True	True
iCMS3	AC009884.1	control	AC009884.1	True	False	False
iCMS3	LINC01943	control	LINC01943	True	True	True
iCMS3	AC007494.2	control	AC007494.2	True	False	False
iCMS3	AL049869.2	control	AL049869.2	True	False	False
iCMS3	AJ011931.2	control	AJ011931.2	True	False	False
iCMS3	LINC00896	control	LINC00896	True	True	True
iCMS3	AL049840.3	control	AL049840.3	True	False	False
iCMS3	SCN11A	control	SCN11A	True	True	True
iCMS3	FYB2	control	FYB2	True	True	True
iCMS3	TMEM211	control	TMEM211	True	False	False
iCMS3	AL023584.2	control	AL023584.2	True	False	False
iCMS3	AC100793.3	control	AC100793.3	True	False	False
iCMS3	AF241728.2	control	AF241728.2	True	False	False
iCMS3	PRAME	control	PRAME	True	True	True
iCMS3	AL021578.1	control	AL021578.1	True	False	False
iCMS3	TIMD4	control	TIMD4	True	True	True
iCMS3	CR1L	control	CR1L	True	True	True
iCMS3	AC107980.1	control	AC107980.1	True	False	False
iCMS3	CCL24	control	CCL24	True	True	True
iCMS3	AC005532.1	control	AC005532.1	True	False	False
iCMS3	EVI2A	control	EVI2A	True	True	True
iCMS3	AC108863.2	control	AC108863.2	True	False	False
iCMS3	AC009996.1	control	AC009996.1	True	False	False
iCMS3	PANCR	control	PANCR	True	True	True
iCMS3	AL139095.4	control	AL139095.4	True	False	False
iCMS3	NPTN-IT1	control	NPTN-IT1	True	False	False
iCMS3	AC009137.1	control	AC009137.1	True	False	False
iCMS3	LINC01291	control	LINC01291	True	True	True
iCMS3	AL592156.2	control	AL592156.2	True	False	False
iCMS3	PI15	control	PI15	True	True	True
iCMS3	LINC00997	control	LINC00997	True	True	True
iCMS3	LINC02097	control	LINC02097	True	False	False
iCMS3	LINC02068	control	LINC02068	True	True	True
iCMS3	NODAL	control	NODAL	True	True	True
iCMS3	C1ORF147	control	C1orf147	True	False	False
iCMS3	AC023481.1	control	AC023481.1	True	False	False
iCMS3	FZD10	control	FZD10	True	True	True
iCMS3	FAM229A	control	FAM229A	True	True	True
iCMS3	SLC39A2	control	SLC39A2	True	True	True
iCMS3	CYP1B1-AS1	control	CYP1B1-AS1	True	True	True
iCMS3	C2CD4B	control	C2CD4B	True	True	True
iCMS3	ZNF517	control	ZNF517	True	True	True
iCMS3	LINC02328	control	LINC02328	True	True	True
iCMS3	NPIPB3	control	NPIPB3	True	True	True
iCMS3	C1QA	control	C1QA	True	True	True
iCMS3	AP005233.2	control	AP005233.2	True	False	False
iCMS3	SLCO6A1	control	SLCO6A1	True	True	True
iCMS3	AC007336.1	control	AC007336.1	True	False	False
iCMS3	LRRC17	control	LRRC17	True	True	True
iCMS3	AL157369.1	control	AL157369.1	True	False	False
iCMS3	AC006378.1	control	AC006378.1	True	False	False
iCMS3	TNXB	control	TNXB	True	True	True
iCMS3	LCA5L	control	LCA5L	True	True	True
iCMS3	GLDC	control	GLDC	True	True	True
iCMS3	SLC16A14	control	SLC16A14	True	True	True
iCMS3	GPC6	control	GPC6	True	True	True
iCMS3	HRCT1	control	HRCT1	True	True	True
iCMS3	ERCC6L	control	ERCC6L	True	True	True
iCMS3	AP006621.4	control	AP006621.4	True	False	False
iCMS3	FABP6	control	FABP6	True	True	True
iCMS3	IFIT1	control	IFIT1	True	True	True
iCMS3	DEC1	control	DEC1	True	False	False
iCMS3	ATG4A	control	ATG4A	True	True	True
iCMS3	MAP7D3	control	MAP7D3	True	True	True
iCMS3	DBNDD1	control	DBNDD1	True	True	True
iCMS3	BCO2	control	BCO2	True	True	True
iCMS3	AC110772.2	control	AC110772.2	True	False	False
iCMS3	ZFP1	control	ZFP1	True	True	True
iCMS3	MYH11	control	MYH11	True	True	True
iCMS3	AC100763.1	control	AC100763.1	True	False	False
iCMS3	TMPRSS3	control	TMPRSS3	True	True	True
iCMS3	CTXND1	control	CTXND1	True	True	True
iCMS3	MFAP3L	control	MFAP3L	True	True	True
iCMS3	BLACAT1	control	BLACAT1	True	True	True
iCMS3	CHRNA7	control	CHRNA7	True	True	True
iCMS3	SPATA12	control	SPATA12	True	True	True
iCMS3	CITED4	control	CITED4	True	True	True
iCMS3	CYTIP	control	CYTIP	True	True	True
iCMS3	ALDH1L2	control	ALDH1L2	True	True	True
iCMS3	AC098588.3	control	AC098588.3	True	False	False
iCMS3	ARHGAP25	control	ARHGAP25	True	True	True
iCMS3	SPDYE5	control	SPDYE5	True	True	True
iCMS3	DNAH11	control	DNAH11	True	True	True
iCMS3	TBCC	control	TBCC	True	True	True
iCMS3	AC108134.3	control	AC108134.3	True	False	False
iCMS3	C17ORF75	control	C17orf75	True	True	True
iCMS3	AC009505.1	control	AC009505.1	True	False	False
iCMS3	POU2F2	control	POU2F2	True	True	True
iCMS3	SNX15	control	SNX15	True	True	True
iCMS3	C7ORF26	control	C7orf26	True	False	False
iCMS3	NFKB2	control	NFKB2	True	True	True
iCMS3	ZBTB33	control	ZBTB33	True	True	True
iCMS3	POLR3D	control	POLR3D	True	True	True
iCMS3	ETV1	control	ETV1	True	True	True
iCMS3	PAIP2B	control	PAIP2B	True	True	True
iCMS3	PDZD11	control	PDZD11	True	True	True
iCMS3	ARMC6	control	ARMC6	True	True	True
iCMS3	HIST1H4E	control	HIST1H4E	True	False	False
iCMS3	NUDT15	control	NUDT15	True	True	True
iCMS3	PRKCA-AS1	control	PRKCA-AS1	True	True	True
iCMS3	CDKN2B-AS1	control	CDKN2B-AS1	True	True	True
iCMS3	ZNF428	control	ZNF428	True	True	True
iCMS3	C1ORF109	control	C1orf109	True	False	False
iCMS3	AP000331.1	control	AP000331.1	True	False	False
iCMS3	ATP13A2	control	ATP13A2	True	True	True
iCMS3	AC025171.1	control	AC025171.1	True	False	False
iCMS3	NUDT12	control	NUDT12	True	True	True
iCMS3	MAST3	control	MAST3	True	True	True
iCMS3	AC104389.5	control	AC104389.5	True	False	False
iCMS3	STEAP1	control	STEAP1	True	True	True
iCMS3	G6PC3	control	G6PC3	True	True	True
iCMS3	HS6ST1	control	HS6ST1	True	True	True
iCMS3	CHAMP1	control	CHAMP1	True	True	True
iCMS3	TSPAN17	control	TSPAN17	True	True	True
iCMS3	AC005726.1	control	AC005726.1	True	False	False
iCMS3	ZFHX2-AS1	control	ZFHX2-AS1	True	False	False
iCMS3	ZNF484	control	ZNF484	True	True	True
iCMS3	UHRF1	control	UHRF1	True	True	True
iCMS3	POLDIP2	control	POLDIP2	True	True	True
iCMS3	WDR19	control	WDR19	True	True	True
iCMS3	ZDHHC8	control	ZDHHC8	True	True	True
iCMS3	PIN1	control	PIN1	True	True	True
iCMS3	STOX1	control	STOX1	True	True	True
iCMS3	SLC9A3-AS1	control	SLC9A3-AS1	True	False	False
iCMS3	MRPL23	control	MRPL23	True	True	True
iCMS3	KRI1	control	KRI1	True	True	True
iCMS3	MRPL24	control	MRPL24	True	True	True
iCMS3	CCNDBP1	control	CCNDBP1	True	True	True
iCMS3	DPM2	control	DPM2	True	True	True
iCMS3	AL096854.1	control	AL096854.1	True	False	False
iCMS3	FAM98A	control	FAM98A	True	True	True
iCMS3	MCRS1	control	MCRS1	True	True	True
iCMS3	ALDH5A1	control	ALDH5A1	True	True	True
iCMS3	AC017074.1	control	AC017074.1	True	False	False
iCMS3	AC092910.3	control	AC092910.3	True	False	False
iCMS3	FAM32A	control	FAM32A	True	True	True
iCMS3	HEBP1	control	HEBP1	True	True	True
iCMS3	TP53I13	control	TP53I13	True	True	True
iCMS3	ZNF701	control	ZNF701	True	True	True
iCMS3	FZD3	control	FZD3	True	True	True
iCMS3	PDE10A	control	PDE10A	True	True	True
iCMS3	AL357873.1	control	AL357873.1	True	False	False
iCMS3	RAP2A	control	RAP2A	True	True	True
iCMS3	DLAT	control	DLAT	True	True	True
iCMS3	ERV3-1	control	ERV3-1	True	True	True
iCMS3	PAXIP1-AS1	control	PAXIP1-AS1	True	False	False
iCMS3	FAM111A	control	FAM111A	True	True	True
iCMS3	NAT9	control	NAT9	True	True	True
iCMS3	SMIM12	control	SMIM12	True	True	True
iCMS3	PPIE	control	PPIE	True	True	True
iCMS3	CCDC126	control	CCDC126	True	True	True
iCMS3	RHOQ	control	RHOQ	True	True	True
iCMS3	AC009226.1	control	AC009226.1	True	False	False
iCMS3	FANCM	control	FANCM	True	True	True
iCMS3	AC009554.1	control	AC009554.1	True	False	False
iCMS3	C1D	control	C1D	True	True	True
iCMS3	PCED1A	control	PCED1A	True	True	True
iCMS3	CAPG	control	CAPG	True	True	True
iCMS3	ALDH1A1	control	ALDH1A1	True	True	True
iCMS3	FBXO33	control	FBXO33	True	True	True
iCMS3	COQ4	control	COQ4	True	True	True
iCMS3	DDX55	control	DDX55	True	True	True
iCMS3	UBE2J1	control	UBE2J1	True	True	True
iCMS3	UFC1	control	UFC1	True	True	True
iCMS3	EIF3I	control	EIF3I	True	True	True
iCMS3	UTP18	control	UTP18	True	True	True
iCMS3	MCM8	control	MCM8	True	True	True
iCMS3	TRAF3IP1	control	TRAF3IP1	True	True	True
iCMS3	P3H2	control	P3H2	True	True	True
iCMS3	STK10	control	STK10	True	True	True
iCMS3	CEP44	control	CEP44	True	True	True
iCMS3	HOXA9	control	HOXA9	True	True	True
iCMS3	MTMR10	control	MTMR10	True	True	True
iCMS3	FHOD3	control	FHOD3	True	True	True
iCMS3	FAM118B	control	FAM118B	True	True	True
iCMS3	AL157786.1	control	AL157786.1	True	False	False
iCMS3	CDK11B	control	CDK11B	True	True	True
iCMS3	DPP9	control	DPP9	True	True	True
iCMS3	C5ORF66	control	C5orf66	True	False	False
iCMS3	HAUS6	control	HAUS6	True	True	True
iCMS3	FGFR2	control	FGFR2	True	True	True
iCMS3	HIF1A-AS3	control	HIF1A-AS3	True	True	True
iCMS3	LACTB2	control	LACTB2	True	True	True
iCMS3	RLIM	control	RLIM	True	True	True
iCMS3	DENND3	control	DENND3	True	True	True
iCMS3	NLN	control	NLN	True	True	True
iCMS3	ZNF100	control	ZNF100	True	True	True
iCMS3	HIVEP3	control	HIVEP3	True	True	True
iCMS3	ATG12	control	ATG12	True	True	True
iCMS3	RFX3-AS1	control	RFX3-AS1	True	False	False
iCMS3	HIP1R	control	HIP1R	True	True	True
iCMS3	PER2	control	PER2	True	True	True
iCMS3	DANCR	control	DANCR	True	False	False
iCMS3	CARS	control	CARS	True	False	False
iCMS3	OTULIN	control	OTULIN	True	True	True
iCMS3	SMIM7	control	SMIM7	True	True	True
iCMS3	SLC39A14	control	SLC39A14	True	True	True
iCMS3	PRMT2	control	PRMT2	True	True	True
iCMS3	RAB40C	control	RAB40C	True	True	True
iCMS3	FAM118A	control	FAM118A	True	True	True
iCMS3	DENND11	control	DENND11	True	True	True
iCMS3	JUNB	control	JUNB	True	True	True
iCMS3	CIAO1	control	CIAO1	True	True	True
iCMS3	PIP4K2A	control	PIP4K2A	True	True	True
iCMS3	IMPDH2	control	IMPDH2	True	True	True
iCMS3	AGO4	control	AGO4	True	True	True
iCMS3	SYAP1	control	SYAP1	True	True	True
iCMS3	DEPTOR	control	DEPTOR	True	True	True
iCMS3	SLC35B3	control	SLC35B3	True	True	True
iCMS3	RBM41	control	RBM41	True	True	True
iCMS3	KLHL28	control	KLHL28	True	True	True
iCMS3	PDSS1	control	PDSS1	True	True	True
iCMS3	AC060765.2	control	AC060765.2	True	False	False
iCMS3	HNF4A-AS1	control	HNF4A-AS1	True	True	True
iCMS3	SMIM22	control	SMIM22	True	True	True
iCMS3	LRP1	control	LRP1	True	True	True
iCMS3	SDHA	control	SDHA	True	True	True
iCMS3	PPM1L	control	PPM1L	True	True	True
iCMS3	CARNMT1	control	CARNMT1	True	True	True
iCMS3	AP1G1	control	AP1G1	True	True	True
iCMS3	NOS1AP	control	NOS1AP	True	True	True
iCMS3	CPT1A	control	CPT1A	True	True	True
iCMS3	RNF169	control	RNF169	True	True	True
iCMS3	COX6B1	control	COX6B1	True	True	True
iCMS3	NR2C2	control	NR2C2	True	True	True
iCMS3	BRI3	control	BRI3	True	True	True
iCMS3	NOP53	control	NOP53	True	True	True
iCMS3	SLC44A5	control	SLC44A5	True	True	True
iCMS3	DSC2	control	DSC2	True	True	True
iCMS3	LRMDA	control	LRMDA	True	True	True
iCMS3	CSNK1G3	control	CSNK1G3	True	True	True
iCMS3	B3GALNT2	control	B3GALNT2	True	True	True
iCMS3	SSBP3	control	SSBP3	True	True	True
iCMS3	TIAM2	control	TIAM2	True	True	True
iCMS3	MFSD6	control	MFSD6	True	True	True
iCMS3	SLC45A4	control	SLC45A4	True	True	True
iCMS3	TMEM178B	control	TMEM178B	True	True	True
iCMS3	OCIAD2	control	OCIAD2	True	True	True
iCMS3	RBM6	control	RBM6	True	True	True
iCMS3	WDR70	control	WDR70	True	True	True
iCMS3	OGT	control	OGT	True	True	True
iCMS3	TRAPPC9	control	TRAPPC9	True	True	True
iCMS3	ERBB3	control	ERBB3	True	True	True
iCMS3	STARD13	control	STARD13	True	True	True
iCMS3	KAT6A	control	KAT6A	True	True	True
iCMS3	FAM135A	control	FAM135A	True	True	True
iCMS3	FOCAD	control	FOCAD	True	True	True
iCMS3	GIGYF2	control	GIGYF2	True	True	True
iCMS3	ZBTB20	control	ZBTB20	True	True	True
iCMS3	SF3B1	control	SF3B1	True	True	True
iCMS3	HERC4	control	HERC4	True	True	True
iCMS3	ANKHD1	control	ANKHD1	True	True	True
iCMS3	TNRC18	control	TNRC18	True	True	True
iCMS3	TMCC1	control	TMCC1	True	True	True
iCMS3	PTGES3	control	PTGES3	True	True	True
iCMS3	SLCO3A1	control	SLCO3A1	True	True	True
iCMS3	CDYL	control	CDYL	True	True	True
iCMS3	CMSS1	control	CMSS1	True	True	True
E2F	AK2	target	AK2	True	True	True
E2F	ANP32E	target	ANP32E	True	True	True
E2F	ASF1A	target	ASF1A	True	True	True
E2F	ASF1B	target	ASF1B	True	True	True
E2F	ATAD2	target	ATAD2	True	True	True
E2F	AURKA	target	AURKA	True	True	True
E2F	AURKB	target	AURKB	True	True	True
E2F	BARD1	target	BARD1	True	True	True
E2F	BIRC5	target	BIRC5	True	True	True
E2F	BRCA1	target	BRCA1	True	True	True
E2F	BRCA2	target	BRCA2	True	True	True
E2F	BRMS1L	target	BRMS1L	True	True	True
E2F	BUB1B	target	BUB1B	True	True	True
E2F	CBX5	target	CBX5	True	True	True
E2F	CCNB2	target	CCNB2	True	True	True
E2F	CCNE1	target	CCNE1	True	True	True
E2F	CCP110	target	CCP110	True	True	True
E2F	CDC20	target	CDC20	True	True	True
E2F	CDC25A	target	CDC25A	True	True	True
E2F	CDC25B	target	CDC25B	True	True	True
E2F	CDCA3	target	CDCA3	True	True	True
E2F	CDCA8	target	CDCA8	True	True	True
E2F	CDK1	target	CDK1	True	True	True
E2F	CDK4	target	CDK4	True	True	True
E2F	CDKN1A	target	CDKN1A	True	True	True
E2F	CDKN1B	target	CDKN1B	True	True	True
E2F	CDKN2A	target	CDKN2A	True	True	True
E2F	CDKN2C	target	CDKN2C	True	True	True
E2F	CDKN3	target	CDKN3	True	True	True
E2F	CENPE	target	CENPE	True	True	True
E2F	CENPM	target	CENPM	True	True	True
E2F	CHEK1	target	CHEK1	True	True	True
E2F	CHEK2	target	CHEK2	True	True	True
E2F	CIT	target	CIT	True	True	True
E2F	CKS1B	target	CKS1B	True	True	True
E2F	CKS2	target	CKS2	True	True	True
E2F	CNOT9	target	CNOT9	True	True	True
E2F	CSE1L	target	CSE1L	True	True	True
E2F	CTCF	target	CTCF	True	True	True
E2F	CTPS1	target	CTPS1	True	True	True
E2F	DCK	target	DCK	True	True	True
E2F	DCLRE1B	target	DCLRE1B	True	True	True
E2F	DCTPP1	target	DCTPP1	True	True	True
E2F	DDX39A	target	DDX39A	True	True	True
E2F	DEK	target	DEK	True	True	True
E2F	DEPDC1	target	DEPDC1	True	True	True
E2F	DIAPH3	target	DIAPH3	True	True	True
E2F	DLGAP5	target	DLGAP5	True	True	True
E2F	DNMT1	target	DNMT1	True	True	True
E2F	DONSON	target	DONSON	True	True	True
E2F	DSCC1	target	DSCC1	True	True	True
E2F	DUT	target	DUT	True	True	True
E2F	E2F8	target	E2F8	True	True	True
E2F	EED	target	EED	True	True	True
E2F	EIF2S1	target	EIF2S1	True	True	True
E2F	ESPL1	target	ESPL1	True	True	True
E2F	EXOSC8	target	EXOSC8	True	True	True
E2F	EZH2	target	EZH2	True	True	True
E2F	GINS1	target	GINS1	True	True	True
E2F	GINS3	target	GINS3	True	True	True
E2F	GINS4	target	GINS4	True	True	True
E2F	GSPT1	target	GSPT1	True	True	True
E2F	H2AX	target	NA	False	False	False
E2F	H2AZ1	target	NA	False	False	False
E2F	HELLS	target	HELLS	True	True	True
E2F	HMGA1	target	HMGA1	True	True	True
E2F	HMGB2	target	HMGB2	True	True	True
E2F	HMGB3	target	HMGB3	True	True	True
E2F	HMMR	target	HMMR	True	True	True
E2F	HNRNPD	target	HNRNPD	True	True	True
E2F	HUS1	target	HUS1	True	True	True
E2F	ILF3	target	ILF3	True	True	True
E2F	ING3	target	ING3	True	True	True
E2F	IPO7	target	IPO7	True	True	True
E2F	JPT1	target	JPT1	True	True	True
E2F	KIF18B	target	KIF18B	True	True	True
E2F	KIF22	target	KIF22	True	True	True
E2F	KIF2C	target	KIF2C	True	True	True
E2F	KIF4A	target	KIF4A	True	True	True
E2F	KPNA2	target	KPNA2	True	True	True
E2F	LBR	target	LBR	True	True	True
E2F	LIG1	target	LIG1	True	True	True
E2F	LMNB1	target	LMNB1	True	True	True
E2F	LUC7L3	target	LUC7L3	True	True	True
E2F	LYAR	target	LYAR	True	True	True
E2F	MAD2L1	target	MAD2L1	True	True	True
E2F	MCM2	target	MCM2	True	True	True
E2F	MCM3	target	MCM3	True	True	True
E2F	MCM4	target	MCM4	True	True	True
E2F	MCM5	target	MCM5	True	True	True
E2F	MCM6	target	MCM6	True	True	True
E2F	MCM7	target	MCM7	True	True	True
E2F	MELK	target	MELK	True	True	True
E2F	MKI67	target	MKI67	True	True	True
E2F	MLH1	target	MLH1	True	True	True
E2F	MMS22L	target	MMS22L	True	True	True
E2F	MRE11	target	MRE11	True	True	True
E2F	MSH2	target	MSH2	True	True	True
E2F	MTHFD2	target	MTHFD2	True	True	True
E2F	MXD3	target	MXD3	True	True	True
E2F	MYBL2	target	MYBL2	True	True	True
E2F	MYC	target	MYC	True	True	True
E2F	NAA38	target	NAA38	True	True	True
E2F	NAP1L1	target	NAP1L1	True	True	True
E2F	NASP	target	NASP	True	True	True
E2F	NBN	target	NBN	True	True	True
E2F	NCAPD2	target	NCAPD2	True	True	True
E2F	NME1	target	NME1	True	True	True
E2F	NOLC1	target	NOLC1	True	True	True
E2F	NOP56	target	NOP56	True	True	True
E2F	NUDT21	target	NUDT21	True	True	True
E2F	NUP107	target	NUP107	True	True	True
E2F	NUP153	target	NUP153	True	True	True
E2F	NUP205	target	NUP205	True	True	True
E2F	ORC2	target	ORC2	True	True	True
E2F	ORC6	target	ORC6	True	True	True
E2F	PA2G4	target	PA2G4	True	True	True
E2F	PAICS	target	PAICS	True	True	True
E2F	PAN2	target	PAN2	True	True	True
E2F	PCNA	target	PCNA	True	True	True
E2F	PDS5B	target	PDS5B	True	True	True
E2F	PHF5A	target	PHF5A	True	True	True
E2F	PLK1	target	PLK1	True	True	True
E2F	PLK4	target	PLK4	True	True	True
E2F	PMS2	target	PMS2	True	True	True
E2F	PNN	target	PNN	True	True	True
E2F	POLA2	target	POLA2	True	True	True
E2F	POLD1	target	POLD1	True	True	True
E2F	POLD2	target	POLD2	True	True	True
E2F	POLD3	target	POLD3	True	True	True
E2F	POLE	target	POLE	True	True	True
E2F	POLE4	target	POLE4	True	True	True
E2F	POP7	target	POP7	True	True	True
E2F	PPM1D	target	PPM1D	True	True	True
E2F	PPP1R8	target	PPP1R8	True	True	True
E2F	PRDX4	target	PRDX4	True	True	True
E2F	PRIM2	target	PRIM2	True	True	True
E2F	PRKDC	target	PRKDC	True	True	True
E2F	PRPS1	target	PRPS1	True	True	True
E2F	PSIP1	target	PSIP1	True	True	True
E2F	PSMC3IP	target	PSMC3IP	True	True	True
E2F	PTTG1	target	PTTG1	True	True	True
E2F	RACGAP1	target	RACGAP1	True	True	True
E2F	RAD1	target	RAD1	True	True	True
E2F	RAD21	target	RAD21	True	True	True
E2F	RAD50	target	RAD50	True	True	True
E2F	RAD51AP1	target	RAD51AP1	True	True	True
E2F	RAD51C	target	RAD51C	True	True	True
E2F	RAN	target	RAN	True	True	True
E2F	RANBP1	target	RANBP1	True	True	True
E2F	RBBP7	target	RBBP7	True	True	True
E2F	RFC1	target	RFC1	True	True	True
E2F	RFC2	target	RFC2	True	True	True
E2F	RFC3	target	RFC3	True	True	True
E2F	RNASEH2A	target	RNASEH2A	True	True	True
E2F	RPA1	target	RPA1	True	True	True
E2F	RPA2	target	RPA2	True	True	True
E2F	RPA3	target	RPA3	True	True	True
E2F	RRM2	target	RRM2	True	True	True
E2F	SHMT1	target	SHMT1	True	True	True
E2F	SLBP	target	SLBP	True	True	True
E2F	SMC1A	target	SMC1A	True	True	True
E2F	SMC3	target	SMC3	True	True	True
E2F	SMC4	target	SMC4	True	True	True
E2F	SMC6	target	SMC6	True	True	True
E2F	SNRPB	target	SNRPB	True	True	True
E2F	SPAG5	target	SPAG5	True	True	True
E2F	SPC24	target	SPC24	True	True	True
E2F	SPC25	target	SPC25	True	True	True
E2F	SRSF1	target	SRSF1	True	True	True
E2F	SRSF2	target	SRSF2	True	True	True
E2F	SSRP1	target	SSRP1	True	True	True
E2F	STAG1	target	STAG1	True	True	True
E2F	STMN1	target	STMN1	True	True	True
E2F	SUV39H1	target	SUV39H1	True	True	True
E2F	SYNCRIP	target	SYNCRIP	True	True	True
E2F	TACC3	target	TACC3	True	True	True
E2F	TBRG4	target	TBRG4	True	True	True
E2F	TCF19	target	TCF19	True	True	True
E2F	TFRC	target	TFRC	True	True	True
E2F	TIMELESS	target	TIMELESS	True	True	True
E2F	TIPIN	target	TIPIN	True	True	True
E2F	TK1	target	TK1	True	True	True
E2F	TMPO	target	TMPO	True	True	True
E2F	TOP2A	target	TOP2A	True	True	True
E2F	TP53	target	TP53	True	True	True
E2F	TRA2B	target	TRA2B	True	True	True
E2F	TRIP13	target	TRIP13	True	True	True
E2F	TUBB	target	TUBB	True	True	True
E2F	TUBG1	target	TUBG1	True	True	True
E2F	UBE2S	target	UBE2S	True	True	True
E2F	UBE2T	target	UBE2T	True	True	True
E2F	UBR7	target	UBR7	True	True	True
E2F	UNG	target	UNG	True	True	True
E2F	USP1	target	USP1	True	True	True
E2F	WDR90	target	WDR90	True	True	True
E2F	WEE1	target	WEE1	True	True	True
E2F	XPO1	target	XPO1	True	True	True
E2F	XRCC6	target	XRCC6	True	True	True
E2F	ZW10	target	ZW10	True	True	True
E2F	AL031963.1	control	AL031963.1	True	False	False
E2F	AP005271.1	control	AP005271.1	True	False	False
E2F	AL359546.1	control	AL359546.1	True	False	False
E2F	RAPSN	control	RAPSN	True	True	True
E2F	AP000763.3	control	AP000763.3	True	False	False
E2F	AXL	control	AXL	True	True	True
E2F	RGS17	control	RGS17	True	True	True
E2F	UNC13C	control	UNC13C	True	True	True
E2F	AC087239.1	control	AC087239.1	True	False	False
E2F	ADHFE1	control	ADHFE1	True	True	True
E2F	AC005052.2	control	AC005052.2	True	False	False
E2F	AC008764.6	control	AC008764.6	True	False	False
E2F	AL022322.2	control	AL022322.2	True	False	False
E2F	Z93943.1	control	Z93943.1	True	False	False
E2F	AL162171.3	control	AL162171.3	True	False	False
E2F	AC010327.5	control	AC010327.5	True	False	False
E2F	TMEM253	control	TMEM253	True	True	True
E2F	LINC01841	control	LINC01841	True	True	True
E2F	AL121832.3	control	AL121832.3	True	False	False
E2F	CSTF3-DT	control	CSTF3-DT	True	True	True
E2F	SYCE2	control	SYCE2	True	True	True
E2F	BX284668.5	control	BX284668.5	True	False	False
E2F	AC016394.2	control	AC016394.2	True	False	False
E2F	AC118555.1	control	AC118555.1	True	False	False
E2F	AC007848.1	control	AC007848.1	True	False	False
E2F	AC145207.5	control	AC145207.5	True	False	False
E2F	AC055855.1	control	AC055855.1	True	False	False
E2F	FAM234B	control	FAM234B	True	True	True
E2F	PTOV1-AS1	control	PTOV1-AS1	True	True	True
E2F	IL20RB-AS1	control	IL20RB-AS1	True	False	False
E2F	AC025442.2	control	AC025442.2	True	False	False
E2F	GPR22	control	GPR22	True	True	True
E2F	BCAR4	control	BCAR4	True	True	True
E2F	LINC01828	control	LINC01828	True	True	True
E2F	AC009264.1	control	AC009264.1	True	False	False
E2F	SULT1A2	control	SULT1A2	True	True	True
E2F	HTR2C	control	HTR2C	True	True	True
E2F	LINC00926	control	LINC00926	True	True	True
E2F	AC073957.1	control	AC073957.1	True	False	False
E2F	PART1	control	PART1	True	True	True
E2F	AL513327.2	control	AL513327.2	True	False	False
E2F	AL161457.2	control	AL161457.2	True	False	False
E2F	AC007342.4	control	AC007342.4	True	False	False
E2F	PAN3-AS1	control	PAN3-AS1	True	True	True
E2F	ZBTB39	control	ZBTB39	True	True	True
E2F	EDRF1-AS1	control	EDRF1-AS1	True	True	True
E2F	MAPK15	control	MAPK15	True	True	True
E2F	LINC01579	control	LINC01579	True	True	True
E2F	LRP1B	control	LRP1B	True	True	True
E2F	MGAM	control	MGAM	True	True	True
E2F	AC011298.1	control	AC011298.1	True	False	False
E2F	NID1	control	NID1	True	True	True
E2F	AC008267.5	control	AC008267.5	True	False	False
E2F	DDX28	control	DDX28	True	True	True
E2F	MYCL	control	MYCL	True	True	True
E2F	ZNF174	control	ZNF174	True	True	True
E2F	INPP5J	control	INPP5J	True	True	True
E2F	UGT1A8	control	UGT1A8	True	True	True
E2F	AQP7	control	AQP7	True	True	True
E2F	ADGRF3	control	ADGRF3	True	True	True
E2F	AL133227.1	control	AL133227.1	True	False	False
E2F	AC005280.1	control	AC005280.1	True	False	False
E2F	TH2LCRR	control	TH2LCRR	True	True	True
E2F	TIMM22	control	TIMM22	True	True	True
E2F	LINC01500	control	LINC01500	True	True	True
E2F	PJVK	control	PJVK	True	True	True
E2F	AL355472.2	control	AL355472.2	True	False	False
E2F	SLIT2	control	SLIT2	True	True	True
E2F	LINC00858	control	LINC00858	True	True	True
E2F	AC018816.1	control	AC018816.1	True	False	False
E2F	HS3ST4	control	HS3ST4	True	True	True
E2F	LINC01597	control	LINC01597	True	True	True
E2F	AC010320.4	control	AC010320.4	True	False	False
E2F	IL1RAPL1	control	IL1RAPL1	True	True	True
E2F	AC023886.1	control	AC023886.1	True	False	False
E2F	PROM2	control	PROM2	True	True	True
E2F	AC005089.1	control	AC005089.1	True	False	False
E2F	POU5F1B	control	POU5F1B	True	True	True
E2F	SLC9B1	control	SLC9B1	True	True	True
E2F	FAM86C1	control	FAM86C1	True	False	False
E2F	HLA-DQB1	control	HLA-DQB1	True	True	True
E2F	AL391839.1	control	AL391839.1	True	False	False
E2F	TTTY10	control	TTTY10	True	True	True
E2F	CCNT2-AS1	control	CCNT2-AS1	True	True	True
E2F	GABARAPL1	control	GABARAPL1	True	True	True
E2F	C7ORF31	control	C7orf31	True	False	False
E2F	POMK	control	POMK	True	True	True
E2F	GRWD1	control	GRWD1	True	True	True
E2F	AC025283.2	control	AC025283.2	True	False	False
E2F	HCFC1R1	control	HCFC1R1	True	True	True
E2F	CTSO	control	CTSO	True	True	True
E2F	RPP25	control	RPP25	True	True	True
E2F	MKLN1-AS	control	MKLN1-AS	True	False	False
E2F	CHTF18	control	CHTF18	True	True	True
E2F	PDE7B	control	PDE7B	True	True	True
E2F	KIAA0513	control	KIAA0513	True	True	True
E2F	DEPDC4	control	DEPDC4	True	True	True
E2F	AL158801.3	control	AL158801.3	True	False	False
E2F	MINDY1	control	MINDY1	True	True	True
E2F	AL096803.2	control	AL096803.2	True	False	False
E2F	XYLT2	control	XYLT2	True	True	True
E2F	TM7SF2	control	TM7SF2	True	True	True
E2F	TRDMT1	control	TRDMT1	True	True	True
E2F	LINC01819	control	LINC01819	True	True	True
E2F	PACRG	control	PACRG	True	True	True
E2F	PTPRS	control	PTPRS	True	True	True
E2F	ZNF215	control	ZNF215	True	True	True
E2F	SH2B3	control	SH2B3	True	True	True
E2F	ZNF358	control	ZNF358	True	True	True
E2F	CD302	control	CD302	True	True	True
E2F	OPN3	control	OPN3	True	True	True
E2F	EIF2B2	control	EIF2B2	True	True	True
E2F	GEM	control	GEM	True	True	True
E2F	BIK	control	BIK	True	True	True
E2F	HAUS5	control	HAUS5	True	True	True
E2F	LINS1	control	LINS1	True	True	True
E2F	TBCCD1	control	TBCCD1	True	True	True
E2F	SKA3	control	SKA3	True	True	True
E2F	FO393401.1	control	FO393401.1	True	False	False
E2F	ABITRAM	control	ABITRAM	True	True	True
E2F	JRK	control	JRK	True	True	True
E2F	AL354696.2	control	AL354696.2	True	False	False
E2F	ARHGEF5	control	ARHGEF5	True	True	True
E2F	EDAR	control	EDAR	True	True	True
E2F	CLTCL1	control	CLTCL1	True	True	True
E2F	ISOC2	control	ISOC2	True	True	True
E2F	TTPA	control	TTPA	True	True	True
E2F	LINC00992	control	LINC00992	True	True	True
E2F	MARCH9	control	MARCH9	True	False	False
E2F	SLC27A5	control	SLC27A5	True	True	True
E2F	ZNF808	control	ZNF808	True	True	True
E2F	AP002026.1	control	AP002026.1	True	False	False
E2F	NR1H3	control	NR1H3	True	True	True
E2F	LIME1	control	LIME1	True	True	True
E2F	AC007319.1	control	AC007319.1	True	False	False
E2F	PPFIA3	control	PPFIA3	True	True	True
E2F	EDC3	control	EDC3	True	True	True
E2F	PCAT7	control	PCAT7	True	True	True
E2F	C12ORF49	control	C12orf49	True	False	False
E2F	ARSJ	control	ARSJ	True	True	True
E2F	SNAPC4	control	SNAPC4	True	True	True
E2F	COX17	control	COX17	True	True	True
E2F	OTUB1	control	OTUB1	True	True	True
E2F	LINC02100	control	LINC02100	True	True	True
E2F	ACOT9	control	ACOT9	True	True	True
E2F	FRG1	control	FRG1	True	True	True
E2F	NUSAP1	control	NUSAP1	True	True	True
E2F	CRY2	control	CRY2	True	True	True
E2F	NEK4	control	NEK4	True	True	True
E2F	ERI2	control	ERI2	True	True	True
E2F	EIF2B5	control	EIF2B5	True	True	True
E2F	BAG4	control	BAG4	True	True	True
E2F	IL1RAP	control	IL1RAP	True	True	True
E2F	SYCP2	control	SYCP2	True	True	True
E2F	NAGLU	control	NAGLU	True	True	True
E2F	DPF2	control	DPF2	True	True	True
E2F	C1ORF112	control	C1orf112	True	False	False
E2F	CAD	control	CAD	True	True	True
E2F	NUP43	control	NUP43	True	True	True
E2F	TMEM41A	control	TMEM41A	True	True	True
E2F	PTGR1	control	PTGR1	True	True	True
E2F	WWC3	control	WWC3	True	True	True
E2F	IQCK	control	IQCK	True	True	True
E2F	LINC02506	control	LINC02506	True	True	True
E2F	ADD3-AS1	control	ADD3-AS1	True	False	False
E2F	AC087854.1	control	AC087854.1	True	False	False
E2F	CMTR2	control	CMTR2	True	True	True
E2F	NCSTN	control	NCSTN	True	True	True
E2F	RNLS	control	RNLS	True	True	True
E2F	PSD4	control	PSD4	True	True	True
E2F	PKP3	control	PKP3	True	True	True
E2F	FAM83E	control	FAM83E	True	True	True
E2F	CFAP298	control	CFAP298	True	True	True
E2F	RASSF7	control	RASSF7	True	True	True
E2F	MRPS26	control	MRPS26	True	True	True
E2F	CFAP97	control	CFAP97	True	True	True
E2F	ICK	control	ICK	True	False	False
E2F	MAEA	control	MAEA	True	True	True
E2F	AP003086.1	control	AP003086.1	True	False	False
E2F	AC016821.1	control	AC016821.1	True	False	False
E2F	TMEM38B	control	TMEM38B	True	True	True
E2F	GOLGA2	control	GOLGA2	True	True	True
E2F	U91319.1	control	U91319.1	True	False	False
E2F	EDA	control	EDA	True	True	True
E2F	RDH13	control	RDH13	True	True	True
E2F	TESK2	control	TESK2	True	True	True
E2F	IFT80	control	IFT80	True	True	True
E2F	TBC1D30	control	TBC1D30	True	True	True
E2F	DTWD1	control	DTWD1	True	True	True
E2F	NUP133	control	NUP133	True	True	True
E2F	AOC1	control	AOC1	True	True	True
E2F	PPP2R3C	control	PPP2R3C	True	True	True
E2F	FKBP14	control	FKBP14	True	True	True
E2F	TTYH3	control	TTYH3	True	True	True
E2F	TTC7A	control	TTC7A	True	True	True
E2F	MGAT4B	control	MGAT4B	True	True	True
E2F	HADHB	control	HADHB	True	True	True
E2F	NAT10	control	NAT10	True	True	True
E2F	HSBP1	control	HSBP1	True	True	True
E2F	TCTN3	control	TCTN3	True	True	True
E2F	XPOT	control	XPOT	True	True	True
E2F	ATXN2L	control	ATXN2L	True	True	True
E2F	LHFPL2	control	LHFPL2	True	True	True
E2F	KIAA0556	control	KIAA0556	True	False	False
E2F	DNMT3A	control	DNMT3A	True	True	True
E2F	REST	control	REST	True	True	True
E2F	DCTN4	control	DCTN4	True	True	True
E2F	AC009120.2	control	AC009120.2	True	False	False
E2F	ATRN	control	ATRN	True	True	True
E2F	MYDGF	control	MYDGF	True	True	True
E2F	C11ORF54	control	C11orf54	True	True	True
E2F	SELENOS	control	SELENOS	True	True	True
E2F	VRK1	control	VRK1	True	True	True
E2F	ATF7IP2	control	ATF7IP2	True	True	True
E2F	TLE1	control	TLE1	True	True	True
E2F	SLC39A4	control	SLC39A4	True	True	True
E2F	ZFYVE9	control	ZFYVE9	True	True	True
E2F	NDC1	control	NDC1	True	True	True
E2F	SNX7	control	SNX7	True	True	True
E2F	PCBD2	control	PCBD2	True	True	True
E2F	HOXB3	control	HOXB3	True	True	True
E2F	SUGT1	control	SUGT1	True	True	True
E2F	LAPTM4A	control	LAPTM4A	True	True	True
E2F	UFL1	control	UFL1	True	True	True
E2F	COBLL1	control	COBLL1	True	True	True
E2F	STX3	control	STX3	True	True	True
E2F	ENTPD6	control	ENTPD6	True	True	True
E2F	DAAM1	control	DAAM1	True	True	True
E2F	ATP6V0E1	control	ATP6V0E1	True	True	True
E2F	ELOB	control	ELOB	True	True	True
E2F	NAA25	control	NAA25	True	True	True
E2F	FAM83B	control	FAM83B	True	True	True
E2F	INTS8	control	INTS8	True	True	True
E2F	CFAP44	control	CFAP44	True	True	True
E2F	PIK3CA	control	PIK3CA	True	True	True
E2F	SP100	control	SP100	True	True	True
E2F	SLC44A3	control	SLC44A3	True	True	True
E2F	PSMB1	control	PSMB1	True	True	True
E2F	SRSF3	control	SRSF3	True	True	True
E2F	ZNF654	control	ZNF654	True	True	True
E2F	CDH17	control	CDH17	True	True	True
E2F	FAT1	control	FAT1	True	True	True
E2F	ZSWIM6	control	ZSWIM6	True	True	True
E2F	FAM133B	control	FAM133B	True	True	True
E2F	SRPK2	control	SRPK2	True	True	True
E2F	CALM1	control	CALM1	True	True	True
E2F	PPM1H	control	PPM1H	True	True	True
E2F	ARHGEF7	control	ARHGEF7	True	True	True
E2F	PHF21A	control	PHF21A	True	True	True
E2F	DLEU7	control	DLEU7	True	True	True
E2F	HECTD4	control	HECTD4	True	True	True
E2F	ADAM10	control	ADAM10	True	True	True
E2F	ATP1B3	control	ATP1B3	True	True	True
E2F	MROH1	control	MROH1	True	True	True
E2F	RERE	control	RERE	True	True	True
E2F	MACC1	control	MACC1	True	True	True
E2F	UQCRB	control	UQCRB	True	True	True
E2F	TBC1D22A	control	TBC1D22A	True	True	True
E2F	SRGAP1	control	SRGAP1	True	True	True
E2F	PPP6R3	control	PPP6R3	True	True	True
