study	patient	gene	n_cells	detection_fraction	mean_log_expression
Che_2021_Cell_Discov	Che_2021_Cell_Discov.COL07	CLDN1	1872	0.2638888888888889	0.19371071457862854
Che_2021_Cell_Discov	Che_2021_Cell_Discov.COL07	CLDN10	1872	0.0	0.0
Che_2021_Cell_Discov	Che_2021_Cell_Discov.COL07	CLDN11	1872	0.0	0.0
Che_2021_Cell_Discov	Che_2021_Cell_Discov.COL07	CLDN12	1872	0.1842948717948718	0.12662720680236816
Che_2021_Cell_Discov	Che_2021_Cell_Discov.COL07	CLDN14	1872	0.0	0.0
Che_2021_Cell_Discov	Che_2021_Cell_Discov.COL07	CLDN15	1872	0.19017094017094016	0.16091211140155792
Che_2021_Cell_Discov	Che_2021_Cell_Discov.COL07	CLDN16	1872	0.002136752136752137	0.0018804578576236963
Che_2021_Cell_Discov	Che_2021_Cell_Discov.COL07	CLDN17	1872	0.0	0.0
Che_2021_Cell_Discov	Che_2021_Cell_Discov.COL07	CLDN18	1872	0.0	0.0
Che_2021_Cell_Discov	Che_2021_Cell_Discov.COL07	CLDN19	1872	0.0	0.0
Che_2021_Cell_Discov	Che_2021_Cell_Discov.COL07	CLDN2	1872	0.17094017094017094	0.12021477520465851
Che_2021_Cell_Discov	Che_2021_Cell_Discov.COL07	CLDN20	1872	0.0	0.0
Che_2021_Cell_Discov	Che_2021_Cell_Discov.COL07	CLDN22	1872	0.0	0.0
Che_2021_Cell_Discov	Che_2021_Cell_Discov.COL07	CLDN23	1872	0.0	0.0
Che_2021_Cell_Discov	Che_2021_Cell_Discov.COL07	CLDN3	1872	0.9027777777777778	2.530941963195801
Che_2021_Cell_Discov	Che_2021_Cell_Discov.COL07	CLDN4	1872	0.907051282051282	2.7661099433898926
Che_2021_Cell_Discov	Che_2021_Cell_Discov.COL07	CLDN5	1872	0.0	0.0
Che_2021_Cell_Discov	Che_2021_Cell_Discov.COL07	CLDN6	1872	0.0	0.0
Che_2021_Cell_Discov	Che_2021_Cell_Discov.COL07	CLDN7	1872	0.6169871794871795	0.9011629819869995
Che_2021_Cell_Discov	Che_2021_Cell_Discov.COL07	CLDN8	1872	0.0	0.0
Che_2021_Cell_Discov	Che_2021_Cell_Discov.COL07	CLDN9	1872	0.0	0.0
Che_2021_Cell_Discov	Che_2021_Cell_Discov.COL07	CRB3	1872	0.3087606837606838	0.21117854118347168
Che_2021_Cell_Discov	Che_2021_Cell_Discov.COL07	F11R	1872	0.2745726495726496	0.19403910636901855
Che_2021_Cell_Discov	Che_2021_Cell_Discov.COL07	PALS1	1872	0.29914529914529914	0.23789982497692108
Che_2021_Cell_Discov	Che_2021_Cell_Discov.COL07	PARD3	1872	0.7136752136752137	1.0251644849777222
Che_2021_Cell_Discov	Che_2021_Cell_Discov.COL07	PARD6A	1872	0.08493589743589744	0.04465216398239136
Che_2021_Cell_Discov	Che_2021_Cell_Discov.COL07	PARD6B	1872	0.42948717948717946	0.3894892632961273
Che_2021_Cell_Discov	Che_2021_Cell_Discov.COL07	PARD6G	1872	0.0010683760683760685	0.0008887000731192529
Che_2021_Cell_Discov	Che_2021_Cell_Discov.COL07	PATJ	1872	0.4791666666666667	0.5055314302444458
Che_2021_Cell_Discov	Che_2021_Cell_Discov.COL07	PRKCI	1872	0.36645299145299143	0.30106320977211
Che_2021_Cell_Discov	Che_2021_Cell_Discov.COL12	CLDN1	294	0.6598639455782312	0.42530444264411926
Che_2021_Cell_Discov	Che_2021_Cell_Discov.COL12	CLDN10	294	0.0	0.0
Che_2021_Cell_Discov	Che_2021_Cell_Discov.COL12	CLDN11	294	0.0	0.0
Che_2021_Cell_Discov	Che_2021_Cell_Discov.COL12	CLDN12	294	0.43537414965986393	0.2069157212972641
Che_2021_Cell_Discov	Che_2021_Cell_Discov.COL12	CLDN14	294	0.0	0.0
Che_2021_Cell_Discov	Che_2021_Cell_Discov.COL12	CLDN15	294	0.6768707482993197	0.451174259185791
Che_2021_Cell_Discov	Che_2021_Cell_Discov.COL12	CLDN16	294	0.02040816326530612	0.01790611445903778
Che_2021_Cell_Discov	Che_2021_Cell_Discov.COL12	CLDN17	294	0.0	0.0
Che_2021_Cell_Discov	Che_2021_Cell_Discov.COL12	CLDN18	294	0.0	0.0
Che_2021_Cell_Discov	Che_2021_Cell_Discov.COL12	CLDN19	294	0.0	0.0
Che_2021_Cell_Discov	Che_2021_Cell_Discov.COL12	CLDN2	294	0.0	0.0
Che_2021_Cell_Discov	Che_2021_Cell_Discov.COL12	CLDN20	294	0.0	0.0
Che_2021_Cell_Discov	Che_2021_Cell_Discov.COL12	CLDN22	294	0.0	0.0
Che_2021_Cell_Discov	Che_2021_Cell_Discov.COL12	CLDN23	294	0.047619047619047616	0.028544608503580093
Che_2021_Cell_Discov	Che_2021_Cell_Discov.COL12	CLDN3	294	0.9081632653061225	2.3913283348083496
Che_2021_Cell_Discov	Che_2021_Cell_Discov.COL12	CLDN4	294	0.8843537414965986	2.1781628131866455
Che_2021_Cell_Discov	Che_2021_Cell_Discov.COL12	CLDN5	294	0.0	0.0
Che_2021_Cell_Discov	Che_2021_Cell_Discov.COL12	CLDN6	294	0.003401360544217687	0.0024729245342314243
Che_2021_Cell_Discov	Che_2021_Cell_Discov.COL12	CLDN7	294	0.8435374149659864	1.314031958580017
Che_2021_Cell_Discov	Che_2021_Cell_Discov.COL12	CLDN8	294	0.0	0.0
Che_2021_Cell_Discov	Che_2021_Cell_Discov.COL12	CLDN9	294	0.0	0.0
Che_2021_Cell_Discov	Che_2021_Cell_Discov.COL12	CRB3	294	0.47278911564625853	0.23667292296886444
Che_2021_Cell_Discov	Che_2021_Cell_Discov.COL12	F11R	294	0.5340136054421769	0.27945640683174133
Che_2021_Cell_Discov	Che_2021_Cell_Discov.COL12	PALS1	294	0.2857142857142857	0.15355589985847473
Che_2021_Cell_Discov	Che_2021_Cell_Discov.COL12	PARD3	294	0.8639455782312925	0.8802698850631714
Che_2021_Cell_Discov	Che_2021_Cell_Discov.COL12	PARD6A	294	0.0	0.0
Che_2021_Cell_Discov	Che_2021_Cell_Discov.COL12	PARD6B	294	0.782312925170068	0.5449731349945068
Che_2021_Cell_Discov	Che_2021_Cell_Discov.COL12	PARD6G	294	0.0	0.0
Che_2021_Cell_Discov	Che_2021_Cell_Discov.COL12	PATJ	294	0.7925170068027211	0.7185169458389282
Che_2021_Cell_Discov	Che_2021_Cell_Discov.COL12	PRKCI	294	0.36394557823129253	0.17664998769760132
Che_2021_Cell_Discov	Che_2021_Cell_Discov.COL15	CLDN1	1265	0.5501976284584981	0.47703441977500916
Che_2021_Cell_Discov	Che_2021_Cell_Discov.COL15	CLDN10	1265	0.005533596837944664	0.003972323145717382
Che_2021_Cell_Discov	Che_2021_Cell_Discov.COL15	CLDN11	1265	0.034782608695652174	0.01897335797548294
Che_2021_Cell_Discov	Che_2021_Cell_Discov.COL15	CLDN12	1265	0.15019762845849802	0.07928488403558731
Che_2021_Cell_Discov	Che_2021_Cell_Discov.COL15	CLDN14	1265	0.0015810276679841897	0.0024442917201668024
Che_2021_Cell_Discov	Che_2021_Cell_Discov.COL15	CLDN15	1265	0.18498023715415018	0.12758800387382507
Che_2021_Cell_Discov	Che_2021_Cell_Discov.COL15	CLDN16	1265	0.0308300395256917	0.020794639363884926
Che_2021_Cell_Discov	Che_2021_Cell_Discov.COL15	CLDN17	1265	0.0	0.0
Che_2021_Cell_Discov	Che_2021_Cell_Discov.COL15	CLDN18	1265	0.0	0.0
Che_2021_Cell_Discov	Che_2021_Cell_Discov.COL15	CLDN19	1265	0.0	0.0
Che_2021_Cell_Discov	Che_2021_Cell_Discov.COL15	CLDN2	1265	0.0	0.0
Che_2021_Cell_Discov	Che_2021_Cell_Discov.COL15	CLDN20	1265	0.0	0.0
Che_2021_Cell_Discov	Che_2021_Cell_Discov.COL15	CLDN22	1265	0.0	0.0
Che_2021_Cell_Discov	Che_2021_Cell_Discov.COL15	CLDN23	1265	0.19288537549407114	0.11067065596580505
Che_2021_Cell_Discov	Che_2021_Cell_Discov.COL15	CLDN3	1265	0.932806324110672	2.6820387840270996
Che_2021_Cell_Discov	Che_2021_Cell_Discov.COL15	CLDN4	1265	0.9375494071146245	3.1271989345550537
Che_2021_Cell_Discov	Che_2021_Cell_Discov.COL15	CLDN5	1265	0.0	0.0
Che_2021_Cell_Discov	Che_2021_Cell_Discov.COL15	CLDN6	1265	0.25138339920948616	0.18220408260822296
Che_2021_Cell_Discov	Che_2021_Cell_Discov.COL15	CLDN7	1265	0.6260869565217392	0.7689273357391357
Che_2021_Cell_Discov	Che_2021_Cell_Discov.COL15	CLDN8	1265	0.0	0.0
Che_2021_Cell_Discov	Che_2021_Cell_Discov.COL15	CLDN9	1265	0.42371541501976284	0.3191077709197998
Che_2021_Cell_Discov	Che_2021_Cell_Discov.COL15	CRB3	1265	0.2671936758893281	0.15327657759189606
Che_2021_Cell_Discov	Che_2021_Cell_Discov.COL15	F11R	1265	0.2964426877470356	0.18859979510307312
Che_2021_Cell_Discov	Che_2021_Cell_Discov.COL15	PALS1	1265	0.44664031620553357	0.33101528882980347
Che_2021_Cell_Discov	Che_2021_Cell_Discov.COL15	PARD3	1265	0.8316205533596838	0.9881788492202759
Che_2021_Cell_Discov	Che_2021_Cell_Discov.COL15	PARD6A	1265	0.007905138339920948	0.0044885664246976376
Che_2021_Cell_Discov	Che_2021_Cell_Discov.COL15	PARD6B	1265	0.7683794466403162	0.8754612803459167
Che_2021_Cell_Discov	Che_2021_Cell_Discov.COL15	PARD6G	1265	0.0	0.0
Che_2021_Cell_Discov	Che_2021_Cell_Discov.COL15	PATJ	1265	0.7976284584980237	0.8892334699630737
Che_2021_Cell_Discov	Che_2021_Cell_Discov.COL15	PRKCI	1265	0.6347826086956522	0.5213872790336609
Che_2021_Cell_Discov	Che_2021_Cell_Discov.COL16	CLDN1	251	0.12350597609561753	0.07944127172231674
Che_2021_Cell_Discov	Che_2021_Cell_Discov.COL16	CLDN10	251	0.0	0.0
Che_2021_Cell_Discov	Che_2021_Cell_Discov.COL16	CLDN11	251	0.0	0.0
Che_2021_Cell_Discov	Che_2021_Cell_Discov.COL16	CLDN12	251	0.05976095617529881	0.03333016857504845
Che_2021_Cell_Discov	Che_2021_Cell_Discov.COL16	CLDN14	251	0.0	0.0
Che_2021_Cell_Discov	Che_2021_Cell_Discov.COL16	CLDN15	251	0.250996015936255	0.2607983946800232
Che_2021_Cell_Discov	Che_2021_Cell_Discov.COL16	CLDN16	251	0.0	0.0
Che_2021_Cell_Discov	Che_2021_Cell_Discov.COL16	CLDN17	251	0.0	0.0
Che_2021_Cell_Discov	Che_2021_Cell_Discov.COL16	CLDN18	251	0.0	0.0
Che_2021_Cell_Discov	Che_2021_Cell_Discov.COL16	CLDN19	251	0.0	0.0
Che_2021_Cell_Discov	Che_2021_Cell_Discov.COL16	CLDN2	251	0.0	0.0
Che_2021_Cell_Discov	Che_2021_Cell_Discov.COL16	CLDN20	251	0.0	0.0
Che_2021_Cell_Discov	Che_2021_Cell_Discov.COL16	CLDN22	251	0.0	0.0
Che_2021_Cell_Discov	Che_2021_Cell_Discov.COL16	CLDN23	251	0.0	0.0
Che_2021_Cell_Discov	Che_2021_Cell_Discov.COL16	CLDN3	251	0.5577689243027888	1.2569222450256348
Che_2021_Cell_Discov	Che_2021_Cell_Discov.COL16	CLDN4	251	0.4302788844621514	1.0924652814865112
Che_2021_Cell_Discov	Che_2021_Cell_Discov.COL16	CLDN5	251	0.0	0.0
Che_2021_Cell_Discov	Che_2021_Cell_Discov.COL16	CLDN6	251	0.00796812749003984	0.015193558298051357
Che_2021_Cell_Discov	Che_2021_Cell_Discov.COL16	CLDN7	251	0.4103585657370518	0.5554268956184387
Che_2021_Cell_Discov	Che_2021_Cell_Discov.COL16	CLDN8	251	0.0	0.0
Che_2021_Cell_Discov	Che_2021_Cell_Discov.COL16	CLDN9	251	0.035856573705179286	0.0216319989413023
Che_2021_Cell_Discov	Che_2021_Cell_Discov.COL16	CRB3	251	0.11553784860557768	0.07586966454982758
Che_2021_Cell_Discov	Che_2021_Cell_Discov.COL16	F11R	251	0.09163346613545817	0.054097313433885574
Che_2021_Cell_Discov	Che_2021_Cell_Discov.COL16	PALS1	251	0.14342629482071714	0.08299580961465836
Che_2021_Cell_Discov	Che_2021_Cell_Discov.COL16	PARD3	251	0.24701195219123506	0.2724166214466095
Che_2021_Cell_Discov	Che_2021_Cell_Discov.COL16	PARD6A	251	0.0199203187250996	0.019499337300658226
Che_2021_Cell_Discov	Che_2021_Cell_Discov.COL16	PARD6B	251	0.20717131474103587	0.21706995368003845
Che_2021_Cell_Discov	Che_2021_Cell_Discov.COL16	PARD6G	251	0.0	0.0
Che_2021_Cell_Discov	Che_2021_Cell_Discov.COL16	PATJ	251	0.18725099601593626	0.16675971448421478
Che_2021_Cell_Discov	Che_2021_Cell_Discov.COL16	PRKCI	251	0.17928286852589642	0.142233207821846
Che_2021_Cell_Discov	Che_2021_Cell_Discov.COL18	CLDN1	262	0.11450381679389313	0.06986064463853836
Che_2021_Cell_Discov	Che_2021_Cell_Discov.COL18	CLDN10	262	0.04961832061068702	0.09938885271549225
Che_2021_Cell_Discov	Che_2021_Cell_Discov.COL18	CLDN11	262	0.0	0.0
Che_2021_Cell_Discov	Che_2021_Cell_Discov.COL18	CLDN12	262	0.14122137404580154	0.07475055009126663
Che_2021_Cell_Discov	Che_2021_Cell_Discov.COL18	CLDN14	262	0.0	0.0
Che_2021_Cell_Discov	Che_2021_Cell_Discov.COL18	CLDN15	262	0.24427480916030533	0.14349482953548431
Che_2021_Cell_Discov	Che_2021_Cell_Discov.COL18	CLDN16	262	0.0	0.0
Che_2021_Cell_Discov	Che_2021_Cell_Discov.COL18	CLDN17	262	0.0	0.0
Che_2021_Cell_Discov	Che_2021_Cell_Discov.COL18	CLDN18	262	0.0	0.0
Che_2021_Cell_Discov	Che_2021_Cell_Discov.COL18	CLDN19	262	0.0	0.0
Che_2021_Cell_Discov	Che_2021_Cell_Discov.COL18	CLDN2	262	0.007633587786259542	0.012456902302801609
Che_2021_Cell_Discov	Che_2021_Cell_Discov.COL18	CLDN20	262	0.0	0.0
Che_2021_Cell_Discov	Che_2021_Cell_Discov.COL18	CLDN22	262	0.0	0.0
Che_2021_Cell_Discov	Che_2021_Cell_Discov.COL18	CLDN23	262	0.08778625954198473	0.04567653313279152
Che_2021_Cell_Discov	Che_2021_Cell_Discov.COL18	CLDN3	262	0.8587786259541985	2.3086981773376465
Che_2021_Cell_Discov	Che_2021_Cell_Discov.COL18	CLDN4	262	0.816793893129771	2.660079002380371
Che_2021_Cell_Discov	Che_2021_Cell_Discov.COL18	CLDN5	262	0.0	0.0
Che_2021_Cell_Discov	Che_2021_Cell_Discov.COL18	CLDN6	262	0.08396946564885496	0.05459418520331383
Che_2021_Cell_Discov	Che_2021_Cell_Discov.COL18	CLDN7	262	0.6526717557251909	0.8984662890434265
Che_2021_Cell_Discov	Che_2021_Cell_Discov.COL18	CLDN8	262	0.0	0.0
Che_2021_Cell_Discov	Che_2021_Cell_Discov.COL18	CLDN9	262	0.05725190839694656	0.04146995022892952
Che_2021_Cell_Discov	Che_2021_Cell_Discov.COL18	CRB3	262	0.3931297709923664	0.31645166873931885
Che_2021_Cell_Discov	Che_2021_Cell_Discov.COL18	F11R	262	0.3969465648854962	0.31231215596199036
Che_2021_Cell_Discov	Che_2021_Cell_Discov.COL18	PALS1	262	0.37404580152671757	0.2655373811721802
Che_2021_Cell_Discov	Che_2021_Cell_Discov.COL18	PARD3	262	0.683206106870229	1.0073013305664062
Che_2021_Cell_Discov	Che_2021_Cell_Discov.COL18	PARD6A	262	0.04198473282442748	0.016456661745905876
Che_2021_Cell_Discov	Che_2021_Cell_Discov.COL18	PARD6B	262	0.5725190839694656	0.5763445496559143
Che_2021_Cell_Discov	Che_2021_Cell_Discov.COL18	PARD6G	262	0.0	0.0
Che_2021_Cell_Discov	Che_2021_Cell_Discov.COL18	PATJ	262	0.6984732824427481	0.8172643780708313
Che_2021_Cell_Discov	Che_2021_Cell_Discov.COL18	PRKCI	262	0.2824427480916031	0.1870514154434204
Giguelay_2022_Theranostics	Giguelay_2022_Theranostics.P1	CLDN1	806	0.36600496277915634	0.2372213900089264
Giguelay_2022_Theranostics	Giguelay_2022_Theranostics.P1	CLDN10	806	0.0012406947890818859	0.0003661440568976104
Giguelay_2022_Theranostics	Giguelay_2022_Theranostics.P1	CLDN11	806	0.0	0.0
Giguelay_2022_Theranostics	Giguelay_2022_Theranostics.P1	CLDN12	806	0.17369727047146402	0.09513366222381592
Giguelay_2022_Theranostics	Giguelay_2022_Theranostics.P1	CLDN14	806	0.0012406947890818859	0.0006215512985363603
Giguelay_2022_Theranostics	Giguelay_2022_Theranostics.P1	CLDN15	806	0.3225806451612903	0.21885524690151215
Giguelay_2022_Theranostics	Giguelay_2022_Theranostics.P1	CLDN16	806	0.01240694789081886	0.005949196871370077
Giguelay_2022_Theranostics	Giguelay_2022_Theranostics.P1	CLDN17	806	0.0	0.0
Giguelay_2022_Theranostics	Giguelay_2022_Theranostics.P1	CLDN18	806	0.0	0.0
Giguelay_2022_Theranostics	Giguelay_2022_Theranostics.P1	CLDN19	806	0.0024813895781637717	0.0009318850934505463
Giguelay_2022_Theranostics	Giguelay_2022_Theranostics.P1	CLDN2	806	0.37965260545905705	0.3341343402862549
Giguelay_2022_Theranostics	Giguelay_2022_Theranostics.P1	CLDN20	806	0.0	0.0
Giguelay_2022_Theranostics	Giguelay_2022_Theranostics.P1	CLDN22	806	0.0	0.0
Giguelay_2022_Theranostics	Giguelay_2022_Theranostics.P1	CLDN23	806	0.07444168734491315	0.03448698669672012
Giguelay_2022_Theranostics	Giguelay_2022_Theranostics.P1	CLDN3	806	0.9689826302729528	2.4063847064971924
Giguelay_2022_Theranostics	Giguelay_2022_Theranostics.P1	CLDN4	806	0.9491315136476427	2.0924875736236572
Giguelay_2022_Theranostics	Giguelay_2022_Theranostics.P1	CLDN5	806	0.0	0.0
Giguelay_2022_Theranostics	Giguelay_2022_Theranostics.P1	CLDN6	806	0.0	0.0
Giguelay_2022_Theranostics	Giguelay_2022_Theranostics.P1	CLDN7	806	0.9057071960297767	1.3500282764434814
Giguelay_2022_Theranostics	Giguelay_2022_Theranostics.P1	CLDN8	806	0.0	0.0
Giguelay_2022_Theranostics	Giguelay_2022_Theranostics.P1	CLDN9	806	0.034739454094292806	0.01762571930885315
Giguelay_2022_Theranostics	Giguelay_2022_Theranostics.P1	CRB3	806	0.41935483870967744	0.2740214169025421
Giguelay_2022_Theranostics	Giguelay_2022_Theranostics.P1	F11R	806	0.46153846153846156	0.32001960277557373
Giguelay_2022_Theranostics	Giguelay_2022_Theranostics.P1	PALS1	806	0.10918114143920596	0.053019843995571136
Giguelay_2022_Theranostics	Giguelay_2022_Theranostics.P1	PARD3	806	0.1488833746898263	0.07189029455184937
Giguelay_2022_Theranostics	Giguelay_2022_Theranostics.P1	PARD6A	806	0.028535980148883373	0.009096946567296982
Giguelay_2022_Theranostics	Giguelay_2022_Theranostics.P1	PARD6B	806	0.3759305210918114	0.23952491581439972
Giguelay_2022_Theranostics	Giguelay_2022_Theranostics.P1	PARD6G	806	0.011166253101736972	0.004492934327572584
Giguelay_2022_Theranostics	Giguelay_2022_Theranostics.P1	PATJ	806	0.21215880893300249	0.1099664643406868
Giguelay_2022_Theranostics	Giguelay_2022_Theranostics.P1	PRKCI	806	0.19727047146401985	0.10035690665245056
Giguelay_2022_Theranostics	Giguelay_2022_Theranostics.P2	CLDN1	530	0.30943396226415093	0.22077496349811554
Giguelay_2022_Theranostics	Giguelay_2022_Theranostics.P2	CLDN10	530	0.28679245283018867	0.20652462542057037
Giguelay_2022_Theranostics	Giguelay_2022_Theranostics.P2	CLDN11	530	0.0037735849056603774	0.0031875926069915295
Giguelay_2022_Theranostics	Giguelay_2022_Theranostics.P2	CLDN12	530	0.21509433962264152	0.12797188758850098
Giguelay_2022_Theranostics	Giguelay_2022_Theranostics.P2	CLDN14	530	0.0037735849056603774	0.002228908706456423
Giguelay_2022_Theranostics	Giguelay_2022_Theranostics.P2	CLDN15	530	0.3150943396226415	0.19006851315498352
Giguelay_2022_Theranostics	Giguelay_2022_Theranostics.P2	CLDN16	530	0.009433962264150943	0.0038778868038207293
Giguelay_2022_Theranostics	Giguelay_2022_Theranostics.P2	CLDN17	530	0.0	0.0
Giguelay_2022_Theranostics	Giguelay_2022_Theranostics.P2	CLDN18	530	0.0018867924528301887	0.0009010232170112431
Giguelay_2022_Theranostics	Giguelay_2022_Theranostics.P2	CLDN19	530	0.0018867924528301887	0.001152513432316482
Giguelay_2022_Theranostics	Giguelay_2022_Theranostics.P2	CLDN2	530	0.04339622641509434	0.02416594885289669
Giguelay_2022_Theranostics	Giguelay_2022_Theranostics.P2	CLDN20	530	0.0	0.0
Giguelay_2022_Theranostics	Giguelay_2022_Theranostics.P2	CLDN22	530	0.0	0.0
Giguelay_2022_Theranostics	Giguelay_2022_Theranostics.P2	CLDN23	530	0.1641509433962264	0.09757792949676514
Giguelay_2022_Theranostics	Giguelay_2022_Theranostics.P2	CLDN3	530	0.9490566037735849	2.3404781818389893
Giguelay_2022_Theranostics	Giguelay_2022_Theranostics.P2	CLDN4	530	0.9264150943396227	2.2966294288635254
Giguelay_2022_Theranostics	Giguelay_2022_Theranostics.P2	CLDN5	530	0.1509433962264151	0.1040952280163765
Giguelay_2022_Theranostics	Giguelay_2022_Theranostics.P2	CLDN6	530	0.0	0.0
Giguelay_2022_Theranostics	Giguelay_2022_Theranostics.P2	CLDN7	530	0.8584905660377359	1.231764316558838
Giguelay_2022_Theranostics	Giguelay_2022_Theranostics.P2	CLDN8	530	0.0	0.0
Giguelay_2022_Theranostics	Giguelay_2022_Theranostics.P2	CLDN9	530	0.04339622641509434	0.03435378149151802
Giguelay_2022_Theranostics	Giguelay_2022_Theranostics.P2	CRB3	530	0.5094339622641509	0.36829978227615356
Giguelay_2022_Theranostics	Giguelay_2022_Theranostics.P2	F11R	530	0.47547169811320755	0.34427857398986816
Giguelay_2022_Theranostics	Giguelay_2022_Theranostics.P2	PALS1	530	0.12264150943396226	0.07023793458938599
Giguelay_2022_Theranostics	Giguelay_2022_Theranostics.P2	PARD3	530	0.2	0.1215834692120552
Giguelay_2022_Theranostics	Giguelay_2022_Theranostics.P2	PARD6A	530	0.14528301886792452	0.08239226788282394
Giguelay_2022_Theranostics	Giguelay_2022_Theranostics.P2	PARD6B	530	0.4660377358490566	0.34928640723228455
Giguelay_2022_Theranostics	Giguelay_2022_Theranostics.P2	PARD6G	530	0.033962264150943396	0.019504068419337273
Giguelay_2022_Theranostics	Giguelay_2022_Theranostics.P2	PATJ	530	0.47924528301886793	0.3661511242389679
Giguelay_2022_Theranostics	Giguelay_2022_Theranostics.P2	PRKCI	530	0.3150943396226415	0.20398801565170288
Giguelay_2022_Theranostics	Giguelay_2022_Theranostics.P3	CLDN1	550	0.52	0.24635328352451324
Giguelay_2022_Theranostics	Giguelay_2022_Theranostics.P3	CLDN10	550	0.007272727272727273	0.00610777735710144
Giguelay_2022_Theranostics	Giguelay_2022_Theranostics.P3	CLDN11	550	0.007272727272727273	0.003033714834600687
Giguelay_2022_Theranostics	Giguelay_2022_Theranostics.P3	CLDN12	550	0.29818181818181816	0.1083655133843422
Giguelay_2022_Theranostics	Giguelay_2022_Theranostics.P3	CLDN14	550	0.02727272727272727	0.007318852934986353
Giguelay_2022_Theranostics	Giguelay_2022_Theranostics.P3	CLDN15	550	0.19818181818181818	0.07880841195583344
Giguelay_2022_Theranostics	Giguelay_2022_Theranostics.P3	CLDN16	550	0.02	0.006641044747084379
Giguelay_2022_Theranostics	Giguelay_2022_Theranostics.P3	CLDN17	550	0.0	0.0
Giguelay_2022_Theranostics	Giguelay_2022_Theranostics.P3	CLDN18	550	0.0	0.0
Giguelay_2022_Theranostics	Giguelay_2022_Theranostics.P3	CLDN19	550	0.0	0.0
Giguelay_2022_Theranostics	Giguelay_2022_Theranostics.P3	CLDN2	550	0.07818181818181819	0.037719059735536575
Giguelay_2022_Theranostics	Giguelay_2022_Theranostics.P3	CLDN20	550	0.0018181818181818182	0.0005336487083695829
Giguelay_2022_Theranostics	Giguelay_2022_Theranostics.P3	CLDN22	550	0.0	0.0
Giguelay_2022_Theranostics	Giguelay_2022_Theranostics.P3	CLDN23	550	0.05454545454545454	0.018223773688077927
Giguelay_2022_Theranostics	Giguelay_2022_Theranostics.P3	CLDN3	550	0.9927272727272727	1.7794629335403442
Giguelay_2022_Theranostics	Giguelay_2022_Theranostics.P3	CLDN4	550	0.9745454545454545	1.61624276638031
Giguelay_2022_Theranostics	Giguelay_2022_Theranostics.P3	CLDN5	550	0.0	0.0
Giguelay_2022_Theranostics	Giguelay_2022_Theranostics.P3	CLDN6	550	0.0036363636363636364	0.0008392149466089904
Giguelay_2022_Theranostics	Giguelay_2022_Theranostics.P3	CLDN7	550	0.9672727272727273	1.406838297843933
Giguelay_2022_Theranostics	Giguelay_2022_Theranostics.P3	CLDN8	550	0.0036363636363636364	0.0023734697606414557
Giguelay_2022_Theranostics	Giguelay_2022_Theranostics.P3	CLDN9	550	0.1	0.0364067479968071
Giguelay_2022_Theranostics	Giguelay_2022_Theranostics.P3	CRB3	550	0.5054545454545455	0.21193993091583252
Giguelay_2022_Theranostics	Giguelay_2022_Theranostics.P3	F11R	550	0.5472727272727272	0.2564195692539215
Giguelay_2022_Theranostics	Giguelay_2022_Theranostics.P3	PALS1	550	0.3290909090909091	0.13135650753974915
Giguelay_2022_Theranostics	Giguelay_2022_Theranostics.P3	PARD3	550	0.3509090909090909	0.13374437391757965
Giguelay_2022_Theranostics	Giguelay_2022_Theranostics.P3	PARD6A	550	0.08	0.024654854089021683
Giguelay_2022_Theranostics	Giguelay_2022_Theranostics.P3	PARD6B	550	0.4254545454545455	0.18411053717136383
Giguelay_2022_Theranostics	Giguelay_2022_Theranostics.P3	PARD6G	550	0.0018181818181818182	0.00036941550206393003
Giguelay_2022_Theranostics	Giguelay_2022_Theranostics.P3	PATJ	550	0.62	0.33740124106407166
Giguelay_2022_Theranostics	Giguelay_2022_Theranostics.P3	PRKCI	550	0.44	0.18458807468414307
Giguelay_2022_Theranostics	Giguelay_2022_Theranostics.P4	CLDN1	1519	0.5852534562211982	0.398857057094574
Giguelay_2022_Theranostics	Giguelay_2022_Theranostics.P4	CLDN10	1519	0.0013166556945358788	0.0017761255148798227
Giguelay_2022_Theranostics	Giguelay_2022_Theranostics.P4	CLDN11	1519	0.005266622778143515	0.002277146326377988
Giguelay_2022_Theranostics	Giguelay_2022_Theranostics.P4	CLDN12	1519	0.27518104015799866	0.12579767405986786
Giguelay_2022_Theranostics	Giguelay_2022_Theranostics.P4	CLDN14	1519	0.01053324555628703	0.0037000211887061596
Giguelay_2022_Theranostics	Giguelay_2022_Theranostics.P4	CLDN15	1519	0.22514812376563528	0.09803185611963272
Giguelay_2022_Theranostics	Giguelay_2022_Theranostics.P4	CLDN16	1519	0.016458196181698487	0.007384303957223892
Giguelay_2022_Theranostics	Giguelay_2022_Theranostics.P4	CLDN17	1519	0.0	0.0
Giguelay_2022_Theranostics	Giguelay_2022_Theranostics.P4	CLDN18	1519	0.0	0.0
Giguelay_2022_Theranostics	Giguelay_2022_Theranostics.P4	CLDN19	1519	0.007241606319947334	0.002628666115924716
Giguelay_2022_Theranostics	Giguelay_2022_Theranostics.P4	CLDN2	1519	0.007899934167215274	0.003430171636864543
Giguelay_2022_Theranostics	Giguelay_2022_Theranostics.P4	CLDN20	1519	0.0	0.0
Giguelay_2022_Theranostics	Giguelay_2022_Theranostics.P4	CLDN22	1519	0.0	0.0
Giguelay_2022_Theranostics	Giguelay_2022_Theranostics.P4	CLDN23	1519	0.26003949967083606	0.12868303060531616
Giguelay_2022_Theranostics	Giguelay_2022_Theranostics.P4	CLDN3	1519	0.9848584595128373	2.5400822162628174
Giguelay_2022_Theranostics	Giguelay_2022_Theranostics.P4	CLDN4	1519	0.9855167873601053	2.5218682289123535
Giguelay_2022_Theranostics	Giguelay_2022_Theranostics.P4	CLDN5	1519	0.0006583278472679394	0.00022760241699870676
Giguelay_2022_Theranostics	Giguelay_2022_Theranostics.P4	CLDN6	1519	0.0032916392363396972	0.0014452259056270123
Giguelay_2022_Theranostics	Giguelay_2022_Theranostics.P4	CLDN7	1519	0.956550362080316	1.6076562404632568
Giguelay_2022_Theranostics	Giguelay_2022_Theranostics.P4	CLDN8	1519	0.0006583278472679394	0.00047520233783870935
Giguelay_2022_Theranostics	Giguelay_2022_Theranostics.P4	CLDN9	1519	0.1421988150098749	0.06713499873876572
Giguelay_2022_Theranostics	Giguelay_2022_Theranostics.P4	CRB3	1519	0.5806451612903226	0.36570581793785095
Giguelay_2022_Theranostics	Giguelay_2022_Theranostics.P4	F11R	1519	0.5944700460829493	0.367011696100235
Giguelay_2022_Theranostics	Giguelay_2022_Theranostics.P4	PALS1	1519	0.2521395655036208	0.1106720045208931
Giguelay_2022_Theranostics	Giguelay_2022_Theranostics.P4	PARD3	1519	0.3969716919025675	0.2000022828578949
Giguelay_2022_Theranostics	Giguelay_2022_Theranostics.P4	PARD6A	1519	0.12113232389730086	0.04512716084718704
Giguelay_2022_Theranostics	Giguelay_2022_Theranostics.P4	PARD6B	1519	0.4930875576036866	0.2843944728374481
Giguelay_2022_Theranostics	Giguelay_2022_Theranostics.P4	PARD6G	1519	0.005924950625411455	0.0021753672044724226
Giguelay_2022_Theranostics	Giguelay_2022_Theranostics.P4	PATJ	1519	0.6425279789335089	0.42252618074417114
Giguelay_2022_Theranostics	Giguelay_2022_Theranostics.P4	PRKCI	1519	0.445687952600395	0.23126128315925598
Liu_2024_Cancer_Res	Liu_2024_Cancer_Res.Pt01	CLDN1	2830	0.5031802120141343	0.5681573748588562
Liu_2024_Cancer_Res	Liu_2024_Cancer_Res.Pt01	CLDN10	2830	0.0024734982332155478	0.0008342476794496179
Liu_2024_Cancer_Res	Liu_2024_Cancer_Res.Pt01	CLDN11	2830	0.004240282685512367	0.0029551624320447445
Liu_2024_Cancer_Res	Liu_2024_Cancer_Res.Pt01	CLDN12	2830	0.20459363957597174	0.11887679249048233
Liu_2024_Cancer_Res	Liu_2024_Cancer_Res.Pt01	CLDN14	2830	0.011307420494699646	0.007203618995845318
Liu_2024_Cancer_Res	Liu_2024_Cancer_Res.Pt01	CLDN15	2830	0.1215547703180212	0.08519933372735977
Liu_2024_Cancer_Res	Liu_2024_Cancer_Res.Pt01	CLDN16	2830	0.0024734982332155478	0.0009741541580297053
Liu_2024_Cancer_Res	Liu_2024_Cancer_Res.Pt01	CLDN17	2830	0.0	0.0
Liu_2024_Cancer_Res	Liu_2024_Cancer_Res.Pt01	CLDN18	2830	0.0	0.0
Liu_2024_Cancer_Res	Liu_2024_Cancer_Res.Pt01	CLDN19	2830	0.0	0.0
Liu_2024_Cancer_Res	Liu_2024_Cancer_Res.Pt01	CLDN2	2830	0.4950530035335689	0.7524824738502502
Liu_2024_Cancer_Res	Liu_2024_Cancer_Res.Pt01	CLDN20	2830	0.0	0.0
Liu_2024_Cancer_Res	Liu_2024_Cancer_Res.Pt01	CLDN22	2830	0.0	0.0
Liu_2024_Cancer_Res	Liu_2024_Cancer_Res.Pt01	CLDN23	2830	0.05335689045936396	0.026670493185520172
Liu_2024_Cancer_Res	Liu_2024_Cancer_Res.Pt01	CLDN3	2830	0.8597173144876326	2.033463954925537
Liu_2024_Cancer_Res	Liu_2024_Cancer_Res.Pt01	CLDN4	2830	0.9250883392226148	2.792253255844116
Liu_2024_Cancer_Res	Liu_2024_Cancer_Res.Pt01	CLDN5	2830	0.0	0.0
Liu_2024_Cancer_Res	Liu_2024_Cancer_Res.Pt01	CLDN6	2830	0.0024734982332155478	0.001707784365862608
Liu_2024_Cancer_Res	Liu_2024_Cancer_Res.Pt01	CLDN7	2830	0.7346289752650177	1.3687617778778076
Liu_2024_Cancer_Res	Liu_2024_Cancer_Res.Pt01	CLDN8	2830	0.0	0.0
Liu_2024_Cancer_Res	Liu_2024_Cancer_Res.Pt01	CLDN9	2830	0.011660777385159011	0.0073197633028030396
Liu_2024_Cancer_Res	Liu_2024_Cancer_Res.Pt01	CRB3	2830	0.4480565371024735	0.407863050699234
Liu_2024_Cancer_Res	Liu_2024_Cancer_Res.Pt01	F11R	2830	0.5943462897526501	0.7816780805587769
Liu_2024_Cancer_Res	Liu_2024_Cancer_Res.Pt01	PALS1	2830	0.22296819787985867	0.14460140466690063
Liu_2024_Cancer_Res	Liu_2024_Cancer_Res.Pt01	PARD3	2830	0.36325088339222616	0.3069922626018524
Liu_2024_Cancer_Res	Liu_2024_Cancer_Res.Pt01	PARD6A	2830	0.06431095406360424	0.03395213186740875
Liu_2024_Cancer_Res	Liu_2024_Cancer_Res.Pt01	PARD6B	2830	0.45441696113074204	0.43973690271377563
Liu_2024_Cancer_Res	Liu_2024_Cancer_Res.Pt01	PARD6G	2830	0.023321554770318022	0.014675204642117023
Liu_2024_Cancer_Res	Liu_2024_Cancer_Res.Pt01	PATJ	2830	0.49434628975265016	0.4928668737411499
Liu_2024_Cancer_Res	Liu_2024_Cancer_Res.Pt01	PRKCI	2830	0.3713780918727915	0.294376015663147
Liu_2024_Cancer_Res	Liu_2024_Cancer_Res.Pt02	CLDN1	2225	0.45078651685393256	0.31029462814331055
Liu_2024_Cancer_Res	Liu_2024_Cancer_Res.Pt02	CLDN10	2225	0.1689887640449438	0.10626460611820221
Liu_2024_Cancer_Res	Liu_2024_Cancer_Res.Pt02	CLDN11	2225	0.003146067415730337	0.0014412140008062124
Liu_2024_Cancer_Res	Liu_2024_Cancer_Res.Pt02	CLDN12	2225	0.4435955056179775	0.27452483773231506
Liu_2024_Cancer_Res	Liu_2024_Cancer_Res.Pt02	CLDN14	2225	0.001348314606741573	0.0005176360718905926
Liu_2024_Cancer_Res	Liu_2024_Cancer_Res.Pt02	CLDN15	2225	0.8	1.0040061473846436
Liu_2024_Cancer_Res	Liu_2024_Cancer_Res.Pt02	CLDN16	2225	0.01303370786516854	0.0059607867151498795
Liu_2024_Cancer_Res	Liu_2024_Cancer_Res.Pt02	CLDN17	2225	0.0	0.0
Liu_2024_Cancer_Res	Liu_2024_Cancer_Res.Pt02	CLDN18	2225	0.0	0.0
Liu_2024_Cancer_Res	Liu_2024_Cancer_Res.Pt02	CLDN19	2225	0.0	0.0
Liu_2024_Cancer_Res	Liu_2024_Cancer_Res.Pt02	CLDN2	2225	0.07910112359550561	0.040342140942811966
Liu_2024_Cancer_Res	Liu_2024_Cancer_Res.Pt02	CLDN20	2225	0.001348314606741573	0.0005609059007838368
Liu_2024_Cancer_Res	Liu_2024_Cancer_Res.Pt02	CLDN22	2225	0.0	0.0
Liu_2024_Cancer_Res	Liu_2024_Cancer_Res.Pt02	CLDN23	2225	0.29797752808988764	0.16774238646030426
Liu_2024_Cancer_Res	Liu_2024_Cancer_Res.Pt02	CLDN3	2225	0.9703370786516854	3.0166940689086914
Liu_2024_Cancer_Res	Liu_2024_Cancer_Res.Pt02	CLDN4	2225	0.9653932584269663	3.0547101497650146
Liu_2024_Cancer_Res	Liu_2024_Cancer_Res.Pt02	CLDN5	2225	0.00044943820224719103	0.000158573457156308
Liu_2024_Cancer_Res	Liu_2024_Cancer_Res.Pt02	CLDN6	2225	0.001348314606741573	0.000669445435050875
Liu_2024_Cancer_Res	Liu_2024_Cancer_Res.Pt02	CLDN7	2225	0.8750561797752809	1.4692471027374268
Liu_2024_Cancer_Res	Liu_2024_Cancer_Res.Pt02	CLDN8	2225	0.0	0.0
Liu_2024_Cancer_Res	Liu_2024_Cancer_Res.Pt02	CLDN9	2225	0.0071910112359550565	0.0030847929883748293
Liu_2024_Cancer_Res	Liu_2024_Cancer_Res.Pt02	CRB3	2225	0.6170786516853932	0.4620152711868286
Liu_2024_Cancer_Res	Liu_2024_Cancer_Res.Pt02	F11R	2225	0.7932584269662921	0.8489482998847961
Liu_2024_Cancer_Res	Liu_2024_Cancer_Res.Pt02	PALS1	2225	0.3550561797752809	0.20120619237422943
Liu_2024_Cancer_Res	Liu_2024_Cancer_Res.Pt02	PARD3	2225	0.5406741573033708	0.3709279000759125
Liu_2024_Cancer_Res	Liu_2024_Cancer_Res.Pt02	PARD6A	2225	0.20224719101123595	0.09566231071949005
Liu_2024_Cancer_Res	Liu_2024_Cancer_Res.Pt02	PARD6B	2225	0.6642696629213484	0.5723722577095032
Liu_2024_Cancer_Res	Liu_2024_Cancer_Res.Pt02	PARD6G	2225	0.019325842696629212	0.008375829085707664
Liu_2024_Cancer_Res	Liu_2024_Cancer_Res.Pt02	PATJ	2225	0.5204494382022472	0.3546864092350006
Liu_2024_Cancer_Res	Liu_2024_Cancer_Res.Pt02	PRKCI	2225	0.5851685393258427	0.4265795350074768
Liu_2024_Cancer_Res	Liu_2024_Cancer_Res.Pt03	CLDN1	2377	0.4211190576356752	0.37322893738746643
Liu_2024_Cancer_Res	Liu_2024_Cancer_Res.Pt03	CLDN10	2377	0.04291123264619268	0.027771497145295143
Liu_2024_Cancer_Res	Liu_2024_Cancer_Res.Pt03	CLDN11	2377	0.002524190155658393	0.002443878212943673
Liu_2024_Cancer_Res	Liu_2024_Cancer_Res.Pt03	CLDN12	2377	0.26882625157761886	0.20039814710617065
Liu_2024_Cancer_Res	Liu_2024_Cancer_Res.Pt03	CLDN14	2377	0.002103491796381994	0.0011593274539336562
Liu_2024_Cancer_Res	Liu_2024_Cancer_Res.Pt03	CLDN15	2377	0.3327724021876315	0.26705896854400635
Liu_2024_Cancer_Res	Liu_2024_Cancer_Res.Pt03	CLDN16	2377	0.011358855700462769	0.006150176748633385
Liu_2024_Cancer_Res	Liu_2024_Cancer_Res.Pt03	CLDN17	2377	0.0	0.0
Liu_2024_Cancer_Res	Liu_2024_Cancer_Res.Pt03	CLDN18	2377	0.0	0.0
Liu_2024_Cancer_Res	Liu_2024_Cancer_Res.Pt03	CLDN19	2377	0.0	0.0
Liu_2024_Cancer_Res	Liu_2024_Cancer_Res.Pt03	CLDN2	2377	0.05300799326882625	0.04991526901721954
Liu_2024_Cancer_Res	Liu_2024_Cancer_Res.Pt03	CLDN20	2377	0.0	0.0
Liu_2024_Cancer_Res	Liu_2024_Cancer_Res.Pt03	CLDN22	2377	0.0	0.0
Liu_2024_Cancer_Res	Liu_2024_Cancer_Res.Pt03	CLDN23	2377	0.13462347496844762	0.08544549345970154
Liu_2024_Cancer_Res	Liu_2024_Cancer_Res.Pt03	CLDN3	2377	0.9091291543962978	2.5134975910186768
Liu_2024_Cancer_Res	Liu_2024_Cancer_Res.Pt03	CLDN4	2377	0.8969289019772823	2.500340700149536
Liu_2024_Cancer_Res	Liu_2024_Cancer_Res.Pt03	CLDN5	2377	0.0	0.0
Liu_2024_Cancer_Res	Liu_2024_Cancer_Res.Pt03	CLDN6	2377	0.0	0.0
Liu_2024_Cancer_Res	Liu_2024_Cancer_Res.Pt03	CLDN7	2377	0.7517879680269247	1.2094368934631348
Liu_2024_Cancer_Res	Liu_2024_Cancer_Res.Pt03	CLDN8	2377	0.0	0.0
Liu_2024_Cancer_Res	Liu_2024_Cancer_Res.Pt03	CLDN9	2377	0.026924694993689526	0.019281720742583275
Liu_2024_Cancer_Res	Liu_2024_Cancer_Res.Pt03	CRB3	2377	0.4732856541859487	0.4073958694934845
Liu_2024_Cancer_Res	Liu_2024_Cancer_Res.Pt03	F11R	2377	0.5628944047118216	0.5798423290252686
Liu_2024_Cancer_Res	Liu_2024_Cancer_Res.Pt03	PALS1	2377	0.1754312158182583	0.10866137593984604
Liu_2024_Cancer_Res	Liu_2024_Cancer_Res.Pt03	PARD3	2377	0.31173748422381153	0.22549763321876526
Liu_2024_Cancer_Res	Liu_2024_Cancer_Res.Pt03	PARD6A	2377	0.13251998317206562	0.07261531054973602
Liu_2024_Cancer_Res	Liu_2024_Cancer_Res.Pt03	PARD6B	2377	0.5595288178376104	0.5935396552085876
Liu_2024_Cancer_Res	Liu_2024_Cancer_Res.Pt03	PARD6G	2377	0.016407236011779555	0.008518350310623646
Liu_2024_Cancer_Res	Liu_2024_Cancer_Res.Pt03	PATJ	2377	0.2873369793857804	0.2157934606075287
Liu_2024_Cancer_Res	Liu_2024_Cancer_Res.Pt03	PRKCI	2377	0.31426167437946995	0.21681895852088928
Liu_2024_Cancer_Res	Liu_2024_Cancer_Res.Pt04	CLDN1	3307	0.18596915633504688	0.19594484567642212
Liu_2024_Cancer_Res	Liu_2024_Cancer_Res.Pt04	CLDN10	3307	0.012397943755669792	0.010796903632581234
Liu_2024_Cancer_Res	Liu_2024_Cancer_Res.Pt04	CLDN11	3307	0.005140610825521621	0.004619435872882605
Liu_2024_Cancer_Res	Liu_2024_Cancer_Res.Pt04	CLDN12	3307	0.14242515875415784	0.13067591190338135
Liu_2024_Cancer_Res	Liu_2024_Cancer_Res.Pt04	CLDN14	3307	0.0018143332325370426	0.0018520159646868706
Liu_2024_Cancer_Res	Liu_2024_Cancer_Res.Pt04	CLDN15	3307	0.16631387964922892	0.168809175491333
Liu_2024_Cancer_Res	Liu_2024_Cancer_Res.Pt04	CLDN16	3307	0.008769277290595706	0.008467704057693481
Liu_2024_Cancer_Res	Liu_2024_Cancer_Res.Pt04	CLDN17	3307	0.0	0.0
Liu_2024_Cancer_Res	Liu_2024_Cancer_Res.Pt04	CLDN18	3307	0.0	0.0
Liu_2024_Cancer_Res	Liu_2024_Cancer_Res.Pt04	CLDN19	3307	0.0	0.0
Liu_2024_Cancer_Res	Liu_2024_Cancer_Res.Pt04	CLDN2	3307	0.003628666465074085	0.0032381899654865265
Liu_2024_Cancer_Res	Liu_2024_Cancer_Res.Pt04	CLDN20	3307	0.0	0.0
Liu_2024_Cancer_Res	Liu_2024_Cancer_Res.Pt04	CLDN22	3307	0.0	0.0
Liu_2024_Cancer_Res	Liu_2024_Cancer_Res.Pt04	CLDN23	3307	0.297550650136075	0.3786255419254303
Liu_2024_Cancer_Res	Liu_2024_Cancer_Res.Pt04	CLDN3	3307	0.9292410039310554	2.9444398880004883
Liu_2024_Cancer_Res	Liu_2024_Cancer_Res.Pt04	CLDN4	3307	0.9860901118838826	4.4144134521484375
Liu_2024_Cancer_Res	Liu_2024_Cancer_Res.Pt04	CLDN5	3307	0.0	0.0
Liu_2024_Cancer_Res	Liu_2024_Cancer_Res.Pt04	CLDN6	3307	0.0006047777441790142	0.0004492079315241426
Liu_2024_Cancer_Res	Liu_2024_Cancer_Res.Pt04	CLDN7	3307	0.7112186271545207	1.3840458393096924
Liu_2024_Cancer_Res	Liu_2024_Cancer_Res.Pt04	CLDN8	3307	0.0	0.0
Liu_2024_Cancer_Res	Liu_2024_Cancer_Res.Pt04	CLDN9	3307	0.019050498941638946	0.019721608608961105
Liu_2024_Cancer_Res	Liu_2024_Cancer_Res.Pt04	CRB3	3307	0.34321136982159056	0.38221532106399536
Liu_2024_Cancer_Res	Liu_2024_Cancer_Res.Pt04	F11R	3307	0.42636830964620503	0.5284439921379089
Liu_2024_Cancer_Res	Liu_2024_Cancer_Res.Pt04	PALS1	3307	0.10825521620804354	0.09804682433605194
Liu_2024_Cancer_Res	Liu_2024_Cancer_Res.Pt04	PARD3	3307	0.23707287571817356	0.2714088559150696
Liu_2024_Cancer_Res	Liu_2024_Cancer_Res.Pt04	PARD6A	3307	0.04959177502267917	0.043345268815755844
Liu_2024_Cancer_Res	Liu_2024_Cancer_Res.Pt04	PARD6B	3307	0.30390081644995465	0.3475651741027832
Liu_2024_Cancer_Res	Liu_2024_Cancer_Res.Pt04	PARD6G	3307	0.0012095554883580285	0.0007455560262314975
Liu_2024_Cancer_Res	Liu_2024_Cancer_Res.Pt04	PATJ	3307	0.3159963713335349	0.3832658529281616
Liu_2024_Cancer_Res	Liu_2024_Cancer_Res.Pt04	PRKCI	3307	0.2724523737526459	0.28780555725097656
Liu_2024_Cancer_Res	Liu_2024_Cancer_Res.Pt05	CLDN1	438	0.1552511415525114	0.15320409834384918
Liu_2024_Cancer_Res	Liu_2024_Cancer_Res.Pt05	CLDN10	438	0.0045662100456621	0.0018052523955702782
Liu_2024_Cancer_Res	Liu_2024_Cancer_Res.Pt05	CLDN11	438	0.0	0.0
Liu_2024_Cancer_Res	Liu_2024_Cancer_Res.Pt05	CLDN12	438	0.1689497716894977	0.15703696012496948
Liu_2024_Cancer_Res	Liu_2024_Cancer_Res.Pt05	CLDN14	438	0.00228310502283105	0.0010416039731353521
Liu_2024_Cancer_Res	Liu_2024_Cancer_Res.Pt05	CLDN15	438	0.02968036529680365	0.013859548605978489
Liu_2024_Cancer_Res	Liu_2024_Cancer_Res.Pt05	CLDN16	438	0.0045662100456621	0.001789701054804027
Liu_2024_Cancer_Res	Liu_2024_Cancer_Res.Pt05	CLDN17	438	0.0	0.0
Liu_2024_Cancer_Res	Liu_2024_Cancer_Res.Pt05	CLDN18	438	0.0	0.0
Liu_2024_Cancer_Res	Liu_2024_Cancer_Res.Pt05	CLDN19	438	0.0	0.0
Liu_2024_Cancer_Res	Liu_2024_Cancer_Res.Pt05	CLDN2	438	0.0045662100456621	0.001257269992493093
Liu_2024_Cancer_Res	Liu_2024_Cancer_Res.Pt05	CLDN20	438	0.0	0.0
Liu_2024_Cancer_Res	Liu_2024_Cancer_Res.Pt05	CLDN22	438	0.0	0.0
Liu_2024_Cancer_Res	Liu_2024_Cancer_Res.Pt05	CLDN23	438	0.0273972602739726	0.03421884775161743
Liu_2024_Cancer_Res	Liu_2024_Cancer_Res.Pt05	CLDN3	438	0.4908675799086758	1.236639142036438
Liu_2024_Cancer_Res	Liu_2024_Cancer_Res.Pt05	CLDN4	438	0.3310502283105023	0.7089414596557617
Liu_2024_Cancer_Res	Liu_2024_Cancer_Res.Pt05	CLDN5	438	0.0	0.0
Liu_2024_Cancer_Res	Liu_2024_Cancer_Res.Pt05	CLDN6	438	0.0	0.0
Liu_2024_Cancer_Res	Liu_2024_Cancer_Res.Pt05	CLDN7	438	0.3036529680365297	0.492354154586792
Liu_2024_Cancer_Res	Liu_2024_Cancer_Res.Pt05	CLDN8	438	0.0	0.0
Liu_2024_Cancer_Res	Liu_2024_Cancer_Res.Pt05	CLDN9	438	0.0	0.0
Liu_2024_Cancer_Res	Liu_2024_Cancer_Res.Pt05	CRB3	438	0.1780821917808219	0.16632582247257233
Liu_2024_Cancer_Res	Liu_2024_Cancer_Res.Pt05	F11R	438	0.21232876712328766	0.2028665393590927
Liu_2024_Cancer_Res	Liu_2024_Cancer_Res.Pt05	PALS1	438	0.15296803652968036	0.14067630469799042
Liu_2024_Cancer_Res	Liu_2024_Cancer_Res.Pt05	PARD3	438	0.23059360730593606	0.2671965956687927
Liu_2024_Cancer_Res	Liu_2024_Cancer_Res.Pt05	PARD6A	438	0.045662100456621	0.045377373695373535
Liu_2024_Cancer_Res	Liu_2024_Cancer_Res.Pt05	PARD6B	438	0.18949771689497716	0.20403288304805756
Liu_2024_Cancer_Res	Liu_2024_Cancer_Res.Pt05	PARD6G	438	0.0045662100456621	0.0009604206425137818
Liu_2024_Cancer_Res	Liu_2024_Cancer_Res.Pt05	PATJ	438	0.19863013698630136	0.21843594312667847
Liu_2024_Cancer_Res	Liu_2024_Cancer_Res.Pt05	PRKCI	438	0.1735159817351598	0.17682801187038422
Liu_2024_Cancer_Res	Liu_2024_Cancer_Res.Pt06	CLDN1	1169	0.2557741659538067	0.26082974672317505
Liu_2024_Cancer_Res	Liu_2024_Cancer_Res.Pt06	CLDN10	1169	0.0051325919589392645	0.009514995850622654
Liu_2024_Cancer_Res	Liu_2024_Cancer_Res.Pt06	CLDN11	1169	0.000855431993156544	0.0005401382804848254
Liu_2024_Cancer_Res	Liu_2024_Cancer_Res.Pt06	CLDN12	1169	0.1899059024807528	0.1607845574617386
Liu_2024_Cancer_Res	Liu_2024_Cancer_Res.Pt06	CLDN14	1169	0.001710863986313088	0.000733416760340333
Liu_2024_Cancer_Res	Liu_2024_Cancer_Res.Pt06	CLDN15	1169	0.12489307100085544	0.11918926239013672
Liu_2024_Cancer_Res	Liu_2024_Cancer_Res.Pt06	CLDN16	1169	0.003421727972626176	0.0018094389233738184
Liu_2024_Cancer_Res	Liu_2024_Cancer_Res.Pt06	CLDN17	1169	0.0	0.0
Liu_2024_Cancer_Res	Liu_2024_Cancer_Res.Pt06	CLDN18	1169	0.0	0.0
Liu_2024_Cancer_Res	Liu_2024_Cancer_Res.Pt06	CLDN19	1169	0.0	0.0
Liu_2024_Cancer_Res	Liu_2024_Cancer_Res.Pt06	CLDN2	1169	0.2549187339606501	0.28028857707977295
Liu_2024_Cancer_Res	Liu_2024_Cancer_Res.Pt06	CLDN20	1169	0.001710863986313088	0.0007758000283502042
Liu_2024_Cancer_Res	Liu_2024_Cancer_Res.Pt06	CLDN22	1169	0.000855431993156544	0.0005441167159006
Liu_2024_Cancer_Res	Liu_2024_Cancer_Res.Pt06	CLDN23	1169	0.06843455945252352	0.04719089716672897
Liu_2024_Cancer_Res	Liu_2024_Cancer_Res.Pt06	CLDN3	1169	0.7733105218135158	1.8071378469467163
Liu_2024_Cancer_Res	Liu_2024_Cancer_Res.Pt06	CLDN4	1169	0.8605645851154833	2.2581870555877686
Liu_2024_Cancer_Res	Liu_2024_Cancer_Res.Pt06	CLDN5	1169	0.000855431993156544	0.0005938828107900918
Liu_2024_Cancer_Res	Liu_2024_Cancer_Res.Pt06	CLDN6	1169	0.0025662959794696323	0.0021145851351320744
Liu_2024_Cancer_Res	Liu_2024_Cancer_Res.Pt06	CLDN7	1169	0.7784431137724551	1.6780059337615967
Liu_2024_Cancer_Res	Liu_2024_Cancer_Res.Pt06	CLDN8	1169	0.0	0.0
Liu_2024_Cancer_Res	Liu_2024_Cancer_Res.Pt06	CLDN9	1169	0.023096663815226688	0.02092874050140381
Liu_2024_Cancer_Res	Liu_2024_Cancer_Res.Pt06	CRB3	1169	0.41146278870829767	0.41213104128837585
Liu_2024_Cancer_Res	Liu_2024_Cancer_Res.Pt06	F11R	1169	0.46706586826347307	0.5385710597038269
Liu_2024_Cancer_Res	Liu_2024_Cancer_Res.Pt06	PALS1	1169	0.165098374679213	0.13588851690292358
Liu_2024_Cancer_Res	Liu_2024_Cancer_Res.Pt06	PARD3	1169	0.3421727972626176	0.36954978108406067
Liu_2024_Cancer_Res	Liu_2024_Cancer_Res.Pt06	PARD6A	1169	0.059880239520958084	0.04224956035614014
Liu_2024_Cancer_Res	Liu_2024_Cancer_Res.Pt06	PARD6B	1169	0.3857998289136014	0.4278295040130615
Liu_2024_Cancer_Res	Liu_2024_Cancer_Res.Pt06	PARD6G	1169	0.05218135158254919	0.037204112857580185
Liu_2024_Cancer_Res	Liu_2024_Cancer_Res.Pt06	PATJ	1169	0.4713430282292558	0.5770101547241211
Liu_2024_Cancer_Res	Liu_2024_Cancer_Res.Pt06	PRKCI	1169	0.22070145423438836	0.18241147696971893
Liu_2024_Cancer_Res	Liu_2024_Cancer_Res.Pt07	CLDN1	829	0.3896260554885404	0.3491118550300598
Liu_2024_Cancer_Res	Liu_2024_Cancer_Res.Pt07	CLDN10	829	0.218335343787696	0.18177534639835358
Liu_2024_Cancer_Res	Liu_2024_Cancer_Res.Pt07	CLDN11	829	0.010856453558504222	0.008101891726255417
Liu_2024_Cancer_Res	Liu_2024_Cancer_Res.Pt07	CLDN12	829	0.33896260554885405	0.22996124625205994
Liu_2024_Cancer_Res	Liu_2024_Cancer_Res.Pt07	CLDN14	829	0.007237635705669481	0.003598368028178811
Liu_2024_Cancer_Res	Liu_2024_Cancer_Res.Pt07	CLDN15	829	0.330518697225573	0.2654080390930176
Liu_2024_Cancer_Res	Liu_2024_Cancer_Res.Pt07	CLDN16	829	0.006031363088057901	0.004810090642422438
Liu_2024_Cancer_Res	Liu_2024_Cancer_Res.Pt07	CLDN17	829	0.0	0.0
Liu_2024_Cancer_Res	Liu_2024_Cancer_Res.Pt07	CLDN18	829	0.0	0.0
Liu_2024_Cancer_Res	Liu_2024_Cancer_Res.Pt07	CLDN19	829	0.0	0.0
Liu_2024_Cancer_Res	Liu_2024_Cancer_Res.Pt07	CLDN2	829	0.0048250904704463205	0.0027367006987333298
Liu_2024_Cancer_Res	Liu_2024_Cancer_Res.Pt07	CLDN20	829	0.0	0.0
Liu_2024_Cancer_Res	Liu_2024_Cancer_Res.Pt07	CLDN22	829	0.0	0.0
Liu_2024_Cancer_Res	Liu_2024_Cancer_Res.Pt07	CLDN23	829	0.08202653799758745	0.05153406783938408
Liu_2024_Cancer_Res	Liu_2024_Cancer_Res.Pt07	CLDN3	829	0.827503015681544	1.3715828657150269
Liu_2024_Cancer_Res	Liu_2024_Cancer_Res.Pt07	CLDN4	829	0.8299155609167672	1.5926975011825562
Liu_2024_Cancer_Res	Liu_2024_Cancer_Res.Pt07	CLDN5	829	0.027744270205066344	0.020052457228302956
Liu_2024_Cancer_Res	Liu_2024_Cancer_Res.Pt07	CLDN6	829	0.0	0.0
Liu_2024_Cancer_Res	Liu_2024_Cancer_Res.Pt07	CLDN7	829	0.7804583835946924	1.3982411623001099
Liu_2024_Cancer_Res	Liu_2024_Cancer_Res.Pt07	CLDN8	829	0.0	0.0
Liu_2024_Cancer_Res	Liu_2024_Cancer_Res.Pt07	CLDN9	829	0.019300361881785282	0.016208836808800697
Liu_2024_Cancer_Res	Liu_2024_Cancer_Res.Pt07	CRB3	829	0.3413751507840772	0.23326613008975983
Liu_2024_Cancer_Res	Liu_2024_Cancer_Res.Pt07	F11R	829	0.6574185765983113	0.731927752494812
Liu_2024_Cancer_Res	Liu_2024_Cancer_Res.Pt07	PALS1	829	0.25211097708082025	0.16314226388931274
Liu_2024_Cancer_Res	Liu_2024_Cancer_Res.Pt07	PARD3	829	0.2955367913148372	0.23702843487262726
Liu_2024_Cancer_Res	Liu_2024_Cancer_Res.Pt07	PARD6A	829	0.03739445114595899	0.01875261776149273
Liu_2024_Cancer_Res	Liu_2024_Cancer_Res.Pt07	PARD6B	829	0.46682750301568154	0.4062407910823822
Liu_2024_Cancer_Res	Liu_2024_Cancer_Res.Pt07	PARD6G	829	0.013268998793727383	0.004985147621482611
Liu_2024_Cancer_Res	Liu_2024_Cancer_Res.Pt07	PATJ	829	0.4957780458383595	0.44681867957115173
Liu_2024_Cancer_Res	Liu_2024_Cancer_Res.Pt07	PRKCI	829	0.3884197828709288	0.27353888750076294
Liu_2024_Cancer_Res	Liu_2024_Cancer_Res.Pt08	CLDN1	6787	0.2983645204066598	0.3355998694896698
Liu_2024_Cancer_Res	Liu_2024_Cancer_Res.Pt08	CLDN10	6787	0.00014734050390452334	0.0004292801022529602
Liu_2024_Cancer_Res	Liu_2024_Cancer_Res.Pt08	CLDN11	6787	0.0002946810078090467	0.000305613357340917
Liu_2024_Cancer_Res	Liu_2024_Cancer_Res.Pt08	CLDN12	6787	0.1293649624281715	0.11549651622772217
Liu_2024_Cancer_Res	Liu_2024_Cancer_Res.Pt08	CLDN14	6787	0.0032414910858995136	0.002513339277356863
Liu_2024_Cancer_Res	Liu_2024_Cancer_Res.Pt08	CLDN15	6787	0.2739059967585089	0.3272649645805359
Liu_2024_Cancer_Res	Liu_2024_Cancer_Res.Pt08	CLDN16	6787	0.0019154265507588036	0.0016492662252858281
Liu_2024_Cancer_Res	Liu_2024_Cancer_Res.Pt08	CLDN17	6787	0.0	0.0
Liu_2024_Cancer_Res	Liu_2024_Cancer_Res.Pt08	CLDN18	6787	0.0	0.0
Liu_2024_Cancer_Res	Liu_2024_Cancer_Res.Pt08	CLDN19	6787	0.0	0.0
Liu_2024_Cancer_Res	Liu_2024_Cancer_Res.Pt08	CLDN2	6787	0.11566229556505084	0.13614881038665771
Liu_2024_Cancer_Res	Liu_2024_Cancer_Res.Pt08	CLDN20	6787	0.0002946810078090467	0.0003393811930436641
Liu_2024_Cancer_Res	Liu_2024_Cancer_Res.Pt08	CLDN22	6787	0.0	0.0
Liu_2024_Cancer_Res	Liu_2024_Cancer_Res.Pt08	CLDN23	6787	0.0290260792691911	0.02423100173473358
Liu_2024_Cancer_Res	Liu_2024_Cancer_Res.Pt08	CLDN3	6787	0.592603506703993	1.1752201318740845
Liu_2024_Cancer_Res	Liu_2024_Cancer_Res.Pt08	CLDN4	6787	0.7455429497568882	1.7647088766098022
Liu_2024_Cancer_Res	Liu_2024_Cancer_Res.Pt08	CLDN5	6787	0.0004420215117135701	0.0003148127580061555
Liu_2024_Cancer_Res	Liu_2024_Cancer_Res.Pt08	CLDN6	6787	0.0016207455429497568	0.0015873684315010905
Liu_2024_Cancer_Res	Liu_2024_Cancer_Res.Pt08	CLDN7	6787	0.5936348902313245	1.1687939167022705
Liu_2024_Cancer_Res	Liu_2024_Cancer_Res.Pt08	CLDN8	6787	0.0	0.0
Liu_2024_Cancer_Res	Liu_2024_Cancer_Res.Pt08	CLDN9	6787	0.014586709886547812	0.01220653299242258
Liu_2024_Cancer_Res	Liu_2024_Cancer_Res.Pt08	CRB3	6787	0.23795491380580522	0.22123973071575165
Liu_2024_Cancer_Res	Liu_2024_Cancer_Res.Pt08	F11R	6787	0.4094592603506704	0.5295294523239136
Liu_2024_Cancer_Res	Liu_2024_Cancer_Res.Pt08	PALS1	6787	0.11433623102991013	0.09665094316005707
Liu_2024_Cancer_Res	Liu_2024_Cancer_Res.Pt08	PARD3	6787	0.22263150139973478	0.24147585034370422
Liu_2024_Cancer_Res	Liu_2024_Cancer_Res.Pt08	PARD6A	6787	0.059525563577427436	0.04623321816325188
Liu_2024_Cancer_Res	Liu_2024_Cancer_Res.Pt08	PARD6B	6787	0.22660969500515693	0.23675332963466644
Liu_2024_Cancer_Res	Liu_2024_Cancer_Res.Pt08	PARD6G	6787	0.00221010755856785	0.0015816866653040051
Liu_2024_Cancer_Res	Liu_2024_Cancer_Res.Pt08	PATJ	6787	0.41800500957713277	0.5866166949272156
Liu_2024_Cancer_Res	Liu_2024_Cancer_Res.Pt08	PRKCI	6787	0.2177692647708855	0.2095610797405243
Liu_2024_Cancer_Res	Liu_2024_Cancer_Res.Pt11	CLDN1	661	0.36459909228441756	0.3728444278240204
Liu_2024_Cancer_Res	Liu_2024_Cancer_Res.Pt11	CLDN10	661	0.007564296520423601	0.002809818834066391
Liu_2024_Cancer_Res	Liu_2024_Cancer_Res.Pt11	CLDN11	661	0.0045385779122541605	0.005832569673657417
Liu_2024_Cancer_Res	Liu_2024_Cancer_Res.Pt11	CLDN12	661	0.3101361573373676	0.26643291115760803
Liu_2024_Cancer_Res	Liu_2024_Cancer_Res.Pt11	CLDN14	661	0.030257186081694403	0.02128109149634838
Liu_2024_Cancer_Res	Liu_2024_Cancer_Res.Pt11	CLDN15	661	0.3177004538577912	0.3091743290424347
Liu_2024_Cancer_Res	Liu_2024_Cancer_Res.Pt11	CLDN16	661	0.0030257186081694403	0.002069990150630474
Liu_2024_Cancer_Res	Liu_2024_Cancer_Res.Pt11	CLDN17	661	0.0	0.0
Liu_2024_Cancer_Res	Liu_2024_Cancer_Res.Pt11	CLDN18	661	0.0	0.0
Liu_2024_Cancer_Res	Liu_2024_Cancer_Res.Pt11	CLDN19	661	0.0	0.0
Liu_2024_Cancer_Res	Liu_2024_Cancer_Res.Pt11	CLDN2	661	0.0	0.0
Liu_2024_Cancer_Res	Liu_2024_Cancer_Res.Pt11	CLDN20	661	0.0	0.0
Liu_2024_Cancer_Res	Liu_2024_Cancer_Res.Pt11	CLDN22	661	0.0	0.0
Liu_2024_Cancer_Res	Liu_2024_Cancer_Res.Pt11	CLDN23	661	0.06202723146747353	0.04052281752228737
Liu_2024_Cancer_Res	Liu_2024_Cancer_Res.Pt11	CLDN3	661	0.6565809379727685	1.1096147298812866
Liu_2024_Cancer_Res	Liu_2024_Cancer_Res.Pt11	CLDN4	661	0.8411497730711044	2.0226786136627197
Liu_2024_Cancer_Res	Liu_2024_Cancer_Res.Pt11	CLDN5	661	0.0	0.0
Liu_2024_Cancer_Res	Liu_2024_Cancer_Res.Pt11	CLDN6	661	0.0	0.0
Liu_2024_Cancer_Res	Liu_2024_Cancer_Res.Pt11	CLDN7	661	0.6898638426626323	1.1192141771316528
Liu_2024_Cancer_Res	Liu_2024_Cancer_Res.Pt11	CLDN8	661	0.0	0.0
Liu_2024_Cancer_Res	Liu_2024_Cancer_Res.Pt11	CLDN9	661	0.048411497730711045	0.03677909076213837
Liu_2024_Cancer_Res	Liu_2024_Cancer_Res.Pt11	CRB3	661	0.22995461422087746	0.16406196355819702
Liu_2024_Cancer_Res	Liu_2024_Cancer_Res.Pt11	F11R	661	0.5552193645990923	0.6957955360412598
Liu_2024_Cancer_Res	Liu_2024_Cancer_Res.Pt11	PALS1	661	0.2087745839636914	0.1495465487241745
Liu_2024_Cancer_Res	Liu_2024_Cancer_Res.Pt11	PARD3	661	0.2118003025718608	0.18614047765731812
Liu_2024_Cancer_Res	Liu_2024_Cancer_Res.Pt11	PARD6A	661	0.06656580937972768	0.042623404413461685
Liu_2024_Cancer_Res	Liu_2024_Cancer_Res.Pt11	PARD6B	661	0.37367624810892586	0.35949185490608215
Liu_2024_Cancer_Res	Liu_2024_Cancer_Res.Pt11	PARD6G	661	0.0	0.0
Liu_2024_Cancer_Res	Liu_2024_Cancer_Res.Pt11	PATJ	661	0.6217851739788199	0.8157274127006531
Liu_2024_Cancer_Res	Liu_2024_Cancer_Res.Pt11	PRKCI	661	0.29652042360060515	0.22872358560562134
Liu_2024_Cancer_Res	Liu_2024_Cancer_Res.Pt15	CLDN1	5121	0.1507518062878344	0.1490868777036667
Liu_2024_Cancer_Res	Liu_2024_Cancer_Res.Pt15	CLDN10	5121	0.0011716461628588166	0.0013262542197480798
Liu_2024_Cancer_Res	Liu_2024_Cancer_Res.Pt15	CLDN11	5121	0.00995899238429994	0.008412403054535389
Liu_2024_Cancer_Res	Liu_2024_Cancer_Res.Pt15	CLDN12	5121	0.2216363991407928	0.21615548431873322
Liu_2024_Cancer_Res	Liu_2024_Cancer_Res.Pt15	CLDN14	5121	0.0017574692442882249	0.0011051228502765298
Liu_2024_Cancer_Res	Liu_2024_Cancer_Res.Pt15	CLDN15	5121	0.408904510837727	0.46195659041404724
Liu_2024_Cancer_Res	Liu_2024_Cancer_Res.Pt15	CLDN16	5121	0.0005858230814294083	0.0004656573582906276
Liu_2024_Cancer_Res	Liu_2024_Cancer_Res.Pt15	CLDN17	5121	0.0	0.0
Liu_2024_Cancer_Res	Liu_2024_Cancer_Res.Pt15	CLDN18	5121	0.0	0.0
Liu_2024_Cancer_Res	Liu_2024_Cancer_Res.Pt15	CLDN19	5121	0.0	0.0
Liu_2024_Cancer_Res	Liu_2024_Cancer_Res.Pt15	CLDN2	5121	0.09822300331966413	0.0940367579460144
Liu_2024_Cancer_Res	Liu_2024_Cancer_Res.Pt15	CLDN20	5121	0.0	0.0
Liu_2024_Cancer_Res	Liu_2024_Cancer_Res.Pt15	CLDN22	5121	0.0	0.0
Liu_2024_Cancer_Res	Liu_2024_Cancer_Res.Pt15	CLDN23	5121	0.0613161491896114	0.041932109743356705
Liu_2024_Cancer_Res	Liu_2024_Cancer_Res.Pt15	CLDN3	5121	0.8476859988283538	2.493180274963379
Liu_2024_Cancer_Res	Liu_2024_Cancer_Res.Pt15	CLDN4	5121	0.8504198398750245	2.4225661754608154
Liu_2024_Cancer_Res	Liu_2024_Cancer_Res.Pt15	CLDN5	5121	0.0019527436047646943	0.002729689469560981
Liu_2024_Cancer_Res	Liu_2024_Cancer_Res.Pt15	CLDN6	5121	0.0009763718023823472	0.0009075282723642886
Liu_2024_Cancer_Res	Liu_2024_Cancer_Res.Pt15	CLDN7	5121	0.7951571958601835	1.984145998954773
Liu_2024_Cancer_Res	Liu_2024_Cancer_Res.Pt15	CLDN8	5121	0.0	0.0
Liu_2024_Cancer_Res	Liu_2024_Cancer_Res.Pt15	CLDN9	5121	0.19820347588361648	0.17609773576259613
Liu_2024_Cancer_Res	Liu_2024_Cancer_Res.Pt15	CRB3	5121	0.3182972075766452	0.2946850657463074
Liu_2024_Cancer_Res	Liu_2024_Cancer_Res.Pt15	F11R	5121	0.48486623706307364	0.5942041277885437
Liu_2024_Cancer_Res	Liu_2024_Cancer_Res.Pt15	PALS1	5121	0.18316735012692834	0.1625077724456787
Liu_2024_Cancer_Res	Liu_2024_Cancer_Res.Pt15	PARD3	5121	0.3872290568248389	0.4120849072933197
Liu_2024_Cancer_Res	Liu_2024_Cancer_Res.Pt15	PARD6A	5121	0.06697910564342902	0.04025961086153984
Liu_2024_Cancer_Res	Liu_2024_Cancer_Res.Pt15	PARD6B	5121	0.5955867994532318	0.8827654123306274
Liu_2024_Cancer_Res	Liu_2024_Cancer_Res.Pt15	PARD6G	5121	0.016598320640499903	0.012521617114543915
Liu_2024_Cancer_Res	Liu_2024_Cancer_Res.Pt15	PATJ	5121	0.26166764303846907	0.27076154947280884
Liu_2024_Cancer_Res	Liu_2024_Cancer_Res.Pt15	PRKCI	5121	0.344854520601445	0.34670618176460266
Liu_2024_Cancer_Res	Liu_2024_Cancer_Res.Pt17	CLDN1	187	0.6042780748663101	0.44319096207618713
Liu_2024_Cancer_Res	Liu_2024_Cancer_Res.Pt17	CLDN10	187	0.6524064171122995	0.5881218910217285
Liu_2024_Cancer_Res	Liu_2024_Cancer_Res.Pt17	CLDN11	187	0.0106951871657754	0.0039411489851772785
Liu_2024_Cancer_Res	Liu_2024_Cancer_Res.Pt17	CLDN12	187	0.44385026737967914	0.22576075792312622
Liu_2024_Cancer_Res	Liu_2024_Cancer_Res.Pt17	CLDN14	187	0.0	0.0
Liu_2024_Cancer_Res	Liu_2024_Cancer_Res.Pt17	CLDN15	187	0.46524064171123	0.26575544476509094
Liu_2024_Cancer_Res	Liu_2024_Cancer_Res.Pt17	CLDN16	187	0.0106951871657754	0.002362061757594347
Liu_2024_Cancer_Res	Liu_2024_Cancer_Res.Pt17	CLDN17	187	0.0	0.0
Liu_2024_Cancer_Res	Liu_2024_Cancer_Res.Pt17	CLDN18	187	0.0	0.0
Liu_2024_Cancer_Res	Liu_2024_Cancer_Res.Pt17	CLDN19	187	0.0	0.0
Liu_2024_Cancer_Res	Liu_2024_Cancer_Res.Pt17	CLDN2	187	0.10695187165775401	0.0732455849647522
Liu_2024_Cancer_Res	Liu_2024_Cancer_Res.Pt17	CLDN20	187	0.0	0.0
Liu_2024_Cancer_Res	Liu_2024_Cancer_Res.Pt17	CLDN22	187	0.0	0.0
Liu_2024_Cancer_Res	Liu_2024_Cancer_Res.Pt17	CLDN23	187	0.5187165775401069	0.32317227125167847
Liu_2024_Cancer_Res	Liu_2024_Cancer_Res.Pt17	CLDN3	187	0.9946524064171123	3.2965848445892334
Liu_2024_Cancer_Res	Liu_2024_Cancer_Res.Pt17	CLDN4	187	0.9679144385026738	3.568310499191284
Liu_2024_Cancer_Res	Liu_2024_Cancer_Res.Pt17	CLDN5	187	0.016042780748663103	0.005043089855462313
Liu_2024_Cancer_Res	Liu_2024_Cancer_Res.Pt17	CLDN6	187	0.026737967914438502	0.01815585419535637
Liu_2024_Cancer_Res	Liu_2024_Cancer_Res.Pt17	CLDN7	187	0.9518716577540107	1.7779338359832764
Liu_2024_Cancer_Res	Liu_2024_Cancer_Res.Pt17	CLDN8	187	0.0	0.0
Liu_2024_Cancer_Res	Liu_2024_Cancer_Res.Pt17	CLDN9	187	0.0374331550802139	0.012074708007276058
Liu_2024_Cancer_Res	Liu_2024_Cancer_Res.Pt17	CRB3	187	0.5775401069518716	0.32137009501457214
Liu_2024_Cancer_Res	Liu_2024_Cancer_Res.Pt17	F11R	187	0.8823529411764706	0.8864622116088867
Liu_2024_Cancer_Res	Liu_2024_Cancer_Res.Pt17	PALS1	187	0.37967914438502676	0.16329476237297058
Liu_2024_Cancer_Res	Liu_2024_Cancer_Res.Pt17	PARD3	187	0.7379679144385026	0.5174305438995361
Liu_2024_Cancer_Res	Liu_2024_Cancer_Res.Pt17	PARD6A	187	0.17647058823529413	0.06152729690074921
Liu_2024_Cancer_Res	Liu_2024_Cancer_Res.Pt17	PARD6B	187	0.6844919786096256	0.45436176657676697
Liu_2024_Cancer_Res	Liu_2024_Cancer_Res.Pt17	PARD6G	187	0.016042780748663103	0.003269562032073736
Liu_2024_Cancer_Res	Liu_2024_Cancer_Res.Pt17	PATJ	187	0.6844919786096256	0.39965876936912537
Liu_2024_Cancer_Res	Liu_2024_Cancer_Res.Pt17	PRKCI	187	0.6470588235294118	0.39611735939979553
Liu_2024_Cancer_Res	Liu_2024_Cancer_Res.Pt18	CLDN1	5609	0.2440720270993047	0.28366154432296753
Liu_2024_Cancer_Res	Liu_2024_Cancer_Res.Pt18	CLDN10	5609	0.02050276341593867	0.021572193130850792
Liu_2024_Cancer_Res	Liu_2024_Cancer_Res.Pt18	CLDN11	5609	0.002317703690497415	0.0018048647325485945
Liu_2024_Cancer_Res	Liu_2024_Cancer_Res.Pt18	CLDN12	5609	0.12337315029417008	0.12234779447317123
Liu_2024_Cancer_Res	Liu_2024_Cancer_Res.Pt18	CLDN14	5609	0.002139418791228383	0.0015374558279290795
Liu_2024_Cancer_Res	Liu_2024_Cancer_Res.Pt18	CLDN15	5609	0.21715100730968087	0.23388561606407166
Liu_2024_Cancer_Res	Liu_2024_Cancer_Res.Pt18	CLDN16	5609	0.00463540738099483	0.0036970162764191628
Liu_2024_Cancer_Res	Liu_2024_Cancer_Res.Pt18	CLDN17	5609	0.0	0.0
Liu_2024_Cancer_Res	Liu_2024_Cancer_Res.Pt18	CLDN18	5609	0.0	0.0
Liu_2024_Cancer_Res	Liu_2024_Cancer_Res.Pt18	CLDN19	5609	0.00035656979853806385	0.00018994230777025223
Liu_2024_Cancer_Res	Liu_2024_Cancer_Res.Pt18	CLDN2	5609	0.01765020502763416	0.017003390938043594
Liu_2024_Cancer_Res	Liu_2024_Cancer_Res.Pt18	CLDN20	5609	0.00017828489926903192	4.7335619456134737e-05
Liu_2024_Cancer_Res	Liu_2024_Cancer_Res.Pt18	CLDN22	5609	0.0	0.0
Liu_2024_Cancer_Res	Liu_2024_Cancer_Res.Pt18	CLDN23	5609	0.09859154929577464	0.09606363624334335
Liu_2024_Cancer_Res	Liu_2024_Cancer_Res.Pt18	CLDN3	5609	0.8580852201818506	2.5391764640808105
Liu_2024_Cancer_Res	Liu_2024_Cancer_Res.Pt18	CLDN4	5609	0.9006953111071492	2.898010492324829
Liu_2024_Cancer_Res	Liu_2024_Cancer_Res.Pt18	CLDN5	5609	0.0007131395970761277	0.0008959476836025715
Liu_2024_Cancer_Res	Liu_2024_Cancer_Res.Pt18	CLDN6	5609	0.0017828489926903191	0.001120785134844482
Liu_2024_Cancer_Res	Liu_2024_Cancer_Res.Pt18	CLDN7	5609	0.7029773578177928	1.5562008619308472
Liu_2024_Cancer_Res	Liu_2024_Cancer_Res.Pt18	CLDN8	5609	0.0035656979853806382	0.003124728100374341
Liu_2024_Cancer_Res	Liu_2024_Cancer_Res.Pt18	CLDN9	5609	0.01123194865394901	0.011592351831495762
Liu_2024_Cancer_Res	Liu_2024_Cancer_Res.Pt18	CRB3	5609	0.2547691210554466	0.26307907700538635
Liu_2024_Cancer_Res	Liu_2024_Cancer_Res.Pt18	F11R	5609	0.44107684079158493	0.5909886956214905
Liu_2024_Cancer_Res	Liu_2024_Cancer_Res.Pt18	PALS1	5609	0.1123194865394901	0.10090039670467377
Liu_2024_Cancer_Res	Liu_2024_Cancer_Res.Pt18	PARD3	5609	0.256730254947406	0.2785520553588867
Liu_2024_Cancer_Res	Liu_2024_Cancer_Res.Pt18	PARD6A	5609	0.0641825637368515	0.05129591003060341
Liu_2024_Cancer_Res	Liu_2024_Cancer_Res.Pt18	PARD6B	5609	0.3683366018898199	0.4619625508785248
Liu_2024_Cancer_Res	Liu_2024_Cancer_Res.Pt18	PARD6G	5609	0.0016045640934212871	0.0015295201446861029
Liu_2024_Cancer_Res	Liu_2024_Cancer_Res.Pt18	PATJ	5609	0.2943483686931717	0.33156728744506836
Liu_2024_Cancer_Res	Liu_2024_Cancer_Res.Pt18	PRKCI	5609	0.2447851666963808	0.2526843547821045
Sathe_2023_Clin_Cancer_Res	Sathe_2023_Clin_Cancer_Res.P5915	CLDN1	1138	0.005272407732864675	0.008030835539102554
Sathe_2023_Clin_Cancer_Res	Sathe_2023_Clin_Cancer_Res.P5915	CLDN10	1138	0.0	0.0
Sathe_2023_Clin_Cancer_Res	Sathe_2023_Clin_Cancer_Res.P5915	CLDN11	1138	0.0	0.0
Sathe_2023_Clin_Cancer_Res	Sathe_2023_Clin_Cancer_Res.P5915	CLDN12	1138	0.011423550087873463	0.02186034992337227
Sathe_2023_Clin_Cancer_Res	Sathe_2023_Clin_Cancer_Res.P5915	CLDN14	1138	0.0	0.0
Sathe_2023_Clin_Cancer_Res	Sathe_2023_Clin_Cancer_Res.P5915	CLDN15	1138	0.008787346221441126	0.016977379098534584
Sathe_2023_Clin_Cancer_Res	Sathe_2023_Clin_Cancer_Res.P5915	CLDN16	1138	0.0	0.0
Sathe_2023_Clin_Cancer_Res	Sathe_2023_Clin_Cancer_Res.P5915	CLDN17	1138	0.0	0.0
Sathe_2023_Clin_Cancer_Res	Sathe_2023_Clin_Cancer_Res.P5915	CLDN18	1138	0.0	0.0
Sathe_2023_Clin_Cancer_Res	Sathe_2023_Clin_Cancer_Res.P5915	CLDN19	1138	0.0	0.0
Sathe_2023_Clin_Cancer_Res	Sathe_2023_Clin_Cancer_Res.P5915	CLDN2	1138	0.0026362038664323375	0.0019402907928451896
Sathe_2023_Clin_Cancer_Res	Sathe_2023_Clin_Cancer_Res.P5915	CLDN20	1138	0.0	0.0
Sathe_2023_Clin_Cancer_Res	Sathe_2023_Clin_Cancer_Res.P5915	CLDN22	1138	0.0	0.0
Sathe_2023_Clin_Cancer_Res	Sathe_2023_Clin_Cancer_Res.P5915	CLDN23	1138	0.0	0.0
Sathe_2023_Clin_Cancer_Res	Sathe_2023_Clin_Cancer_Res.P5915	CLDN3	1138	0.1827768014059754	0.4567890465259552
Sathe_2023_Clin_Cancer_Res	Sathe_2023_Clin_Cancer_Res.P5915	CLDN4	1138	0.016695957820738138	0.02754347026348114
Sathe_2023_Clin_Cancer_Res	Sathe_2023_Clin_Cancer_Res.P5915	CLDN5	1138	0.0	0.0
Sathe_2023_Clin_Cancer_Res	Sathe_2023_Clin_Cancer_Res.P5915	CLDN6	1138	0.0	0.0
Sathe_2023_Clin_Cancer_Res	Sathe_2023_Clin_Cancer_Res.P5915	CLDN7	1138	0.13708260105448156	0.32856786251068115
Sathe_2023_Clin_Cancer_Res	Sathe_2023_Clin_Cancer_Res.P5915	CLDN8	1138	0.0	0.0
Sathe_2023_Clin_Cancer_Res	Sathe_2023_Clin_Cancer_Res.P5915	CLDN9	1138	0.0	0.0
Sathe_2023_Clin_Cancer_Res	Sathe_2023_Clin_Cancer_Res.P5915	CRB3	1138	0.019332161687170474	0.047170158475637436
Sathe_2023_Clin_Cancer_Res	Sathe_2023_Clin_Cancer_Res.P5915	F11R	1138	0.004393673110720563	0.0023427847772836685
Sathe_2023_Clin_Cancer_Res	Sathe_2023_Clin_Cancer_Res.P5915	PALS1	1138	0.0026362038664323375	0.001994433579966426
Sathe_2023_Clin_Cancer_Res	Sathe_2023_Clin_Cancer_Res.P5915	PARD3	1138	0.011423550087873463	0.024190785363316536
Sathe_2023_Clin_Cancer_Res	Sathe_2023_Clin_Cancer_Res.P5915	PARD6A	1138	0.0008787346221441124	0.00011743445065803826
Sathe_2023_Clin_Cancer_Res	Sathe_2023_Clin_Cancer_Res.P5915	PARD6B	1138	0.004393673110720563	0.002675112569704652
Sathe_2023_Clin_Cancer_Res	Sathe_2023_Clin_Cancer_Res.P5915	PARD6G	1138	0.0	0.0
Sathe_2023_Clin_Cancer_Res	Sathe_2023_Clin_Cancer_Res.P5915	PATJ	1138	0.011423550087873463	0.023030994459986687
Sathe_2023_Clin_Cancer_Res	Sathe_2023_Clin_Cancer_Res.P5915	PRKCI	1138	0.020210896309314587	0.0469323955476284
Sathe_2023_Clin_Cancer_Res	Sathe_2023_Clin_Cancer_Res.P6198	CLDN1	5333	0.005437839864991562	0.009149492718279362
Sathe_2023_Clin_Cancer_Res	Sathe_2023_Clin_Cancer_Res.P6198	CLDN10	5333	0.0	0.0
Sathe_2023_Clin_Cancer_Res	Sathe_2023_Clin_Cancer_Res.P6198	CLDN11	5333	0.00562535158447403	0.007198657840490341
Sathe_2023_Clin_Cancer_Res	Sathe_2023_Clin_Cancer_Res.P6198	CLDN12	5333	0.007125445340333771	0.010418747551739216
Sathe_2023_Clin_Cancer_Res	Sathe_2023_Clin_Cancer_Res.P6198	CLDN14	5333	0.0	0.0
Sathe_2023_Clin_Cancer_Res	Sathe_2023_Clin_Cancer_Res.P6198	CLDN15	5333	0.033189574348396776	0.05065049231052399
Sathe_2023_Clin_Cancer_Res	Sathe_2023_Clin_Cancer_Res.P6198	CLDN16	5333	0.0	0.0
Sathe_2023_Clin_Cancer_Res	Sathe_2023_Clin_Cancer_Res.P6198	CLDN17	5333	0.0	0.0
Sathe_2023_Clin_Cancer_Res	Sathe_2023_Clin_Cancer_Res.P6198	CLDN18	5333	0.0	0.0
Sathe_2023_Clin_Cancer_Res	Sathe_2023_Clin_Cancer_Res.P6198	CLDN19	5333	0.0	0.0
Sathe_2023_Clin_Cancer_Res	Sathe_2023_Clin_Cancer_Res.P6198	CLDN2	5333	0.0	0.0
Sathe_2023_Clin_Cancer_Res	Sathe_2023_Clin_Cancer_Res.P6198	CLDN20	5333	0.0	0.0
Sathe_2023_Clin_Cancer_Res	Sathe_2023_Clin_Cancer_Res.P6198	CLDN22	5333	0.0	0.0
Sathe_2023_Clin_Cancer_Res	Sathe_2023_Clin_Cancer_Res.P6198	CLDN23	5333	0.0	0.0
Sathe_2023_Clin_Cancer_Res	Sathe_2023_Clin_Cancer_Res.P6198	CLDN3	5333	0.1008813050815676	0.1576881855726242
Sathe_2023_Clin_Cancer_Res	Sathe_2023_Clin_Cancer_Res.P6198	CLDN4	5333	0.6109131820738796	1.5231306552886963
Sathe_2023_Clin_Cancer_Res	Sathe_2023_Clin_Cancer_Res.P6198	CLDN5	5333	0.0	0.0
Sathe_2023_Clin_Cancer_Res	Sathe_2023_Clin_Cancer_Res.P6198	CLDN6	5333	0.0	0.0
Sathe_2023_Clin_Cancer_Res	Sathe_2023_Clin_Cancer_Res.P6198	CLDN7	5333	0.2514532158259891	0.38618606328964233
Sathe_2023_Clin_Cancer_Res	Sathe_2023_Clin_Cancer_Res.P6198	CLDN8	5333	0.0	0.0
Sathe_2023_Clin_Cancer_Res	Sathe_2023_Clin_Cancer_Res.P6198	CLDN9	5333	0.02325145321582599	0.03482432663440704
Sathe_2023_Clin_Cancer_Res	Sathe_2023_Clin_Cancer_Res.P6198	CRB3	5333	0.03206450403150197	0.04971526935696602
Sathe_2023_Clin_Cancer_Res	Sathe_2023_Clin_Cancer_Res.P6198	F11R	5333	0.06600412525782862	0.0950966402888298
Sathe_2023_Clin_Cancer_Res	Sathe_2023_Clin_Cancer_Res.P6198	PALS1	5333	0.029626851678229888	0.042947810143232346
Sathe_2023_Clin_Cancer_Res	Sathe_2023_Clin_Cancer_Res.P6198	PARD3	5333	0.010125632852053253	0.014527461491525173
Sathe_2023_Clin_Cancer_Res	Sathe_2023_Clin_Cancer_Res.P6198	PARD6A	5333	0.038252390774423405	0.05160200968384743
Sathe_2023_Clin_Cancer_Res	Sathe_2023_Clin_Cancer_Res.P6198	PARD6B	5333	0.0007500468779298706	0.0008768408442847431
Sathe_2023_Clin_Cancer_Res	Sathe_2023_Clin_Cancer_Res.P6198	PARD6G	5333	0.02887680480030002	0.04015837982296944
Sathe_2023_Clin_Cancer_Res	Sathe_2023_Clin_Cancer_Res.P6198	PATJ	5333	0.05212825801612601	0.08002161979675293
Sathe_2023_Clin_Cancer_Res	Sathe_2023_Clin_Cancer_Res.P6198	PRKCI	5333	0.05119069941871367	0.07647096365690231
Sathe_2023_Clin_Cancer_Res	Sathe_2023_Clin_Cancer_Res.P6335	CLDN1	242	0.1115702479338843	0.12918508052825928
Sathe_2023_Clin_Cancer_Res	Sathe_2023_Clin_Cancer_Res.P6335	CLDN10	242	0.0	0.0
Sathe_2023_Clin_Cancer_Res	Sathe_2023_Clin_Cancer_Res.P6335	CLDN11	242	0.0	0.0
Sathe_2023_Clin_Cancer_Res	Sathe_2023_Clin_Cancer_Res.P6335	CLDN12	242	0.0743801652892562	0.07249099016189575
Sathe_2023_Clin_Cancer_Res	Sathe_2023_Clin_Cancer_Res.P6335	CLDN14	242	0.0	0.0
Sathe_2023_Clin_Cancer_Res	Sathe_2023_Clin_Cancer_Res.P6335	CLDN15	242	0.045454545454545456	0.07977667450904846
Sathe_2023_Clin_Cancer_Res	Sathe_2023_Clin_Cancer_Res.P6335	CLDN16	242	0.0	0.0
Sathe_2023_Clin_Cancer_Res	Sathe_2023_Clin_Cancer_Res.P6335	CLDN17	242	0.0	0.0
Sathe_2023_Clin_Cancer_Res	Sathe_2023_Clin_Cancer_Res.P6335	CLDN18	242	0.0	0.0
Sathe_2023_Clin_Cancer_Res	Sathe_2023_Clin_Cancer_Res.P6335	CLDN19	242	0.0	0.0
Sathe_2023_Clin_Cancer_Res	Sathe_2023_Clin_Cancer_Res.P6335	CLDN2	242	0.02066115702479339	0.01861531287431717
Sathe_2023_Clin_Cancer_Res	Sathe_2023_Clin_Cancer_Res.P6335	CLDN20	242	0.0	0.0
Sathe_2023_Clin_Cancer_Res	Sathe_2023_Clin_Cancer_Res.P6335	CLDN22	242	0.0	0.0
Sathe_2023_Clin_Cancer_Res	Sathe_2023_Clin_Cancer_Res.P6335	CLDN23	242	0.01652892561983471	0.016193566843867302
Sathe_2023_Clin_Cancer_Res	Sathe_2023_Clin_Cancer_Res.P6335	CLDN3	242	0.5082644628099173	1.068792462348938
Sathe_2023_Clin_Cancer_Res	Sathe_2023_Clin_Cancer_Res.P6335	CLDN4	242	0.45867768595041325	0.9639285802841187
Sathe_2023_Clin_Cancer_Res	Sathe_2023_Clin_Cancer_Res.P6335	CLDN5	242	0.0	0.0
Sathe_2023_Clin_Cancer_Res	Sathe_2023_Clin_Cancer_Res.P6335	CLDN6	242	0.0	0.0
Sathe_2023_Clin_Cancer_Res	Sathe_2023_Clin_Cancer_Res.P6335	CLDN7	242	0.3884297520661157	0.5724011659622192
Sathe_2023_Clin_Cancer_Res	Sathe_2023_Clin_Cancer_Res.P6335	CLDN8	242	0.0	0.0
Sathe_2023_Clin_Cancer_Res	Sathe_2023_Clin_Cancer_Res.P6335	CLDN9	242	0.0	0.0
Sathe_2023_Clin_Cancer_Res	Sathe_2023_Clin_Cancer_Res.P6335	CRB3	242	0.21487603305785125	0.2289906144142151
Sathe_2023_Clin_Cancer_Res	Sathe_2023_Clin_Cancer_Res.P6335	F11R	242	0.1487603305785124	0.16232910752296448
Sathe_2023_Clin_Cancer_Res	Sathe_2023_Clin_Cancer_Res.P6335	PALS1	242	0.04132231404958678	0.03678317740559578
Sathe_2023_Clin_Cancer_Res	Sathe_2023_Clin_Cancer_Res.P6335	PARD3	242	0.028925619834710745	0.02446519397199154
Sathe_2023_Clin_Cancer_Res	Sathe_2023_Clin_Cancer_Res.P6335	PARD6A	242	0.03305785123966942	0.024235248565673828
Sathe_2023_Clin_Cancer_Res	Sathe_2023_Clin_Cancer_Res.P6335	PARD6B	242	0.15289256198347106	0.17961110174655914
Sathe_2023_Clin_Cancer_Res	Sathe_2023_Clin_Cancer_Res.P6335	PARD6G	242	0.0	0.0
Sathe_2023_Clin_Cancer_Res	Sathe_2023_Clin_Cancer_Res.P6335	PATJ	242	0.09090909090909091	0.10067172348499298
Sathe_2023_Clin_Cancer_Res	Sathe_2023_Clin_Cancer_Res.P6335	PRKCI	242	0.09504132231404959	0.10007226467132568
Wang_2023_Sci_Adv	Wang_2023_Sci_Adv.P0107	CLDN1	121	0.2892561983471074	0.4900483191013336
Wang_2023_Sci_Adv	Wang_2023_Sci_Adv.P0107	CLDN10	121	0.08264462809917356	0.12362799793481827
Wang_2023_Sci_Adv	Wang_2023_Sci_Adv.P0107	CLDN11	121	0.008264462809917356	0.006280598230659962
Wang_2023_Sci_Adv	Wang_2023_Sci_Adv.P0107	CLDN12	121	0.1487603305785124	0.14631396532058716
Wang_2023_Sci_Adv	Wang_2023_Sci_Adv.P0107	CLDN14	121	0.024793388429752067	0.03282159939408302
Wang_2023_Sci_Adv	Wang_2023_Sci_Adv.P0107	CLDN15	121	0.1322314049586777	0.11562011390924454
Wang_2023_Sci_Adv	Wang_2023_Sci_Adv.P0107	CLDN16	121	0.01652892561983471	0.017366137355566025
Wang_2023_Sci_Adv	Wang_2023_Sci_Adv.P0107	CLDN17	121	0.0	0.0
Wang_2023_Sci_Adv	Wang_2023_Sci_Adv.P0107	CLDN18	121	0.01652892561983471	0.02508433163166046
Wang_2023_Sci_Adv	Wang_2023_Sci_Adv.P0107	CLDN19	121	0.0	0.0
Wang_2023_Sci_Adv	Wang_2023_Sci_Adv.P0107	CLDN2	121	0.024793388429752067	0.053815752267837524
Wang_2023_Sci_Adv	Wang_2023_Sci_Adv.P0107	CLDN20	121	0.0	0.0
Wang_2023_Sci_Adv	Wang_2023_Sci_Adv.P0107	CLDN22	121	0.0	0.0
Wang_2023_Sci_Adv	Wang_2023_Sci_Adv.P0107	CLDN23	121	0.1322314049586777	0.11048722267150879
Wang_2023_Sci_Adv	Wang_2023_Sci_Adv.P0107	CLDN3	121	0.5950413223140496	1.1081753969192505
Wang_2023_Sci_Adv	Wang_2023_Sci_Adv.P0107	CLDN4	121	0.8016528925619835	2.2402172088623047
Wang_2023_Sci_Adv	Wang_2023_Sci_Adv.P0107	CLDN5	121	0.008264462809917356	0.009129325859248638
Wang_2023_Sci_Adv	Wang_2023_Sci_Adv.P0107	CLDN6	121	0.0	0.0
Wang_2023_Sci_Adv	Wang_2023_Sci_Adv.P0107	CLDN7	121	0.6446280991735537	1.0712693929672241
Wang_2023_Sci_Adv	Wang_2023_Sci_Adv.P0107	CLDN8	121	0.10743801652892562	0.10588422417640686
Wang_2023_Sci_Adv	Wang_2023_Sci_Adv.P0107	CLDN9	121	0.09090909090909091	0.12069258838891983
Wang_2023_Sci_Adv	Wang_2023_Sci_Adv.P0107	CRB3	121	0.15702479338842976	0.15673209726810455
Wang_2023_Sci_Adv	Wang_2023_Sci_Adv.P0107	F11R	121	0.38016528925619836	0.4239327013492584
Wang_2023_Sci_Adv	Wang_2023_Sci_Adv.P0107	PALS1	121	0.23140495867768596	0.21004214882850647
Wang_2023_Sci_Adv	Wang_2023_Sci_Adv.P0107	PARD3	121	0.15702479338842976	0.16176192462444305
Wang_2023_Sci_Adv	Wang_2023_Sci_Adv.P0107	PARD6A	121	0.008264462809917356	0.007550899870693684
Wang_2023_Sci_Adv	Wang_2023_Sci_Adv.P0107	PARD6B	121	0.1487603305785124	0.17089411616325378
Wang_2023_Sci_Adv	Wang_2023_Sci_Adv.P0107	PARD6G	121	0.0	0.0
Wang_2023_Sci_Adv	Wang_2023_Sci_Adv.P0107	PATJ	121	0.23140495867768596	0.21352897584438324
Wang_2023_Sci_Adv	Wang_2023_Sci_Adv.P0107	PRKCI	121	0.2396694214876033	0.2591083347797394
Wang_2023_Sci_Adv	Wang_2023_Sci_Adv.P0813	CLDN1	3124	0.6139564660691421	0.6947774291038513
Wang_2023_Sci_Adv	Wang_2023_Sci_Adv.P0813	CLDN10	3124	0.0012804097311139564	0.0019457630114629865
Wang_2023_Sci_Adv	Wang_2023_Sci_Adv.P0813	CLDN11	3124	0.002880921895006402	0.0022778597194701433
Wang_2023_Sci_Adv	Wang_2023_Sci_Adv.P0813	CLDN12	3124	0.1290012804097311	0.09242551028728485
Wang_2023_Sci_Adv	Wang_2023_Sci_Adv.P0813	CLDN14	3124	0.04481434058898848	0.032939743250608444
Wang_2023_Sci_Adv	Wang_2023_Sci_Adv.P0813	CLDN15	3124	0.08450704225352113	0.06037130206823349
Wang_2023_Sci_Adv	Wang_2023_Sci_Adv.P0813	CLDN16	3124	0.008322663252240717	0.0052858199924230576
Wang_2023_Sci_Adv	Wang_2023_Sci_Adv.P0813	CLDN17	3124	0.0	0.0
Wang_2023_Sci_Adv	Wang_2023_Sci_Adv.P0813	CLDN18	3124	0.0006402048655569782	0.0003406991309020668
Wang_2023_Sci_Adv	Wang_2023_Sci_Adv.P0813	CLDN19	3124	0.0003201024327784891	0.0002746576501522213
Wang_2023_Sci_Adv	Wang_2023_Sci_Adv.P0813	CLDN2	3124	0.324583866837388	0.4918469190597534
Wang_2023_Sci_Adv	Wang_2023_Sci_Adv.P0813	CLDN20	3124	0.0	0.0
Wang_2023_Sci_Adv	Wang_2023_Sci_Adv.P0813	CLDN22	3124	0.0	0.0
Wang_2023_Sci_Adv	Wang_2023_Sci_Adv.P0813	CLDN23	3124	0.13188220230473752	0.10276579856872559
Wang_2023_Sci_Adv	Wang_2023_Sci_Adv.P0813	CLDN3	3124	0.9507042253521126	2.0510969161987305
Wang_2023_Sci_Adv	Wang_2023_Sci_Adv.P0813	CLDN4	3124	0.967989756722151	2.560807943344116
Wang_2023_Sci_Adv	Wang_2023_Sci_Adv.P0813	CLDN5	3124	0.0016005121638924455	0.0009326100116595626
Wang_2023_Sci_Adv	Wang_2023_Sci_Adv.P0813	CLDN6	3124	0.008642765685019206	0.005658159498125315
Wang_2023_Sci_Adv	Wang_2023_Sci_Adv.P0813	CLDN7	3124	0.8879641485275288	1.39639151096344
Wang_2023_Sci_Adv	Wang_2023_Sci_Adv.P0813	CLDN8	3124	0.0003201024327784891	0.0002080176491290331
Wang_2023_Sci_Adv	Wang_2023_Sci_Adv.P0813	CLDN9	3124	0.02496798975672215	0.016871871426701546
Wang_2023_Sci_Adv	Wang_2023_Sci_Adv.P0813	CRB3	3124	0.18469910371318823	0.13656875491142273
Wang_2023_Sci_Adv	Wang_2023_Sci_Adv.P0813	F11R	3124	0.6209987195902689	0.658015251159668
Wang_2023_Sci_Adv	Wang_2023_Sci_Adv.P0813	PALS1	3124	0.2442381562099872	0.18521739542484283
Wang_2023_Sci_Adv	Wang_2023_Sci_Adv.P0813	PARD3	3124	0.27496798975672215	0.2097456306219101
Wang_2023_Sci_Adv	Wang_2023_Sci_Adv.P0813	PARD6A	3124	0.01120358514724712	0.0074433195404708385
Wang_2023_Sci_Adv	Wang_2023_Sci_Adv.P0813	PARD6B	3124	0.22183098591549297	0.17215843498706818
Wang_2023_Sci_Adv	Wang_2023_Sci_Adv.P0813	PARD6G	3124	0.01056338028169014	0.006616252940148115
Wang_2023_Sci_Adv	Wang_2023_Sci_Adv.P0813	PATJ	3124	0.18341869398207428	0.13593830168247223
Wang_2023_Sci_Adv	Wang_2023_Sci_Adv.P0813	PRKCI	3124	0.31241997439180536	0.24177056550979614
Wang_2023_Sci_Adv	Wang_2023_Sci_Adv.P0920	CLDN1	9962	0.804456936358161	1.2639356851577759
Wang_2023_Sci_Adv	Wang_2023_Sci_Adv.P0920	CLDN10	9962	0.0004015257980325236	0.00037337373942136765
Wang_2023_Sci_Adv	Wang_2023_Sci_Adv.P0920	CLDN11	9962	0.0032122063842601888	0.002422800287604332
Wang_2023_Sci_Adv	Wang_2023_Sci_Adv.P0920	CLDN12	9962	0.15057217426219635	0.12138501554727554
Wang_2023_Sci_Adv	Wang_2023_Sci_Adv.P0920	CLDN14	9962	0.0005019072475406545	0.00042851531179621816
Wang_2023_Sci_Adv	Wang_2023_Sci_Adv.P0920	CLDN15	9962	0.06454527203372817	0.0529618002474308
Wang_2023_Sci_Adv	Wang_2023_Sci_Adv.P0920	CLDN16	9962	0.036036940373418994	0.028953179717063904
Wang_2023_Sci_Adv	Wang_2023_Sci_Adv.P0920	CLDN17	9962	0.0	0.0
Wang_2023_Sci_Adv	Wang_2023_Sci_Adv.P0920	CLDN18	9962	0.0002007628990162618	0.00014612694212701172
Wang_2023_Sci_Adv	Wang_2023_Sci_Adv.P0920	CLDN19	9962	0.00110419594458944	0.0009234519675374031
Wang_2023_Sci_Adv	Wang_2023_Sci_Adv.P0920	CLDN2	9962	0.00903433045573178	0.007114190608263016
Wang_2023_Sci_Adv	Wang_2023_Sci_Adv.P0920	CLDN20	9962	0.0	0.0
Wang_2023_Sci_Adv	Wang_2023_Sci_Adv.P0920	CLDN22	9962	0.0	0.0
Wang_2023_Sci_Adv	Wang_2023_Sci_Adv.P0920	CLDN23	9962	0.046376229672756474	0.03775012865662575
Wang_2023_Sci_Adv	Wang_2023_Sci_Adv.P0920	CLDN3	9962	0.655691628187111	0.7678229808807373
Wang_2023_Sci_Adv	Wang_2023_Sci_Adv.P0920	CLDN4	9962	0.962356956434451	2.1641159057617188
Wang_2023_Sci_Adv	Wang_2023_Sci_Adv.P0920	CLDN5	9962	0.0004015257980325236	0.00036574722616933286
Wang_2023_Sci_Adv	Wang_2023_Sci_Adv.P0920	CLDN6	9962	0.013049588436057016	0.010805035941302776
Wang_2023_Sci_Adv	Wang_2023_Sci_Adv.P0920	CLDN7	9962	0.7728367797630997	0.9900318384170532
Wang_2023_Sci_Adv	Wang_2023_Sci_Adv.P0920	CLDN8	9962	0.0001003814495081309	5.710142431780696e-05
Wang_2023_Sci_Adv	Wang_2023_Sci_Adv.P0920	CLDN9	9962	0.02790604296326039	0.023883793503046036
Wang_2023_Sci_Adv	Wang_2023_Sci_Adv.P0920	CRB3	9962	0.09054406745633407	0.07184802740812302
Wang_2023_Sci_Adv	Wang_2023_Sci_Adv.P0920	F11R	9962	0.6267817707287693	0.6835059523582458
Wang_2023_Sci_Adv	Wang_2023_Sci_Adv.P0920	PALS1	9962	0.2575787994378639	0.22098326683044434
Wang_2023_Sci_Adv	Wang_2023_Sci_Adv.P0920	PARD3	9962	0.058823529411764705	0.04635513946413994
Wang_2023_Sci_Adv	Wang_2023_Sci_Adv.P0920	PARD6A	9962	0.009737000602288697	0.007172748912125826
Wang_2023_Sci_Adv	Wang_2023_Sci_Adv.P0920	PARD6B	9962	0.1624171853041558	0.13662958145141602
Wang_2023_Sci_Adv	Wang_2023_Sci_Adv.P0920	PARD6G	9962	0.0014053402931138326	0.0011083685094490647
Wang_2023_Sci_Adv	Wang_2023_Sci_Adv.P0920	PATJ	9962	0.4615539048383859	0.4545557200908661
Wang_2023_Sci_Adv	Wang_2023_Sci_Adv.P0920	PRKCI	9962	0.4890584220036137	0.4815046191215515
Wang_2023_Sci_Adv	Wang_2023_Sci_Adv.P1231	CLDN1	286	0.6818181818181818	0.9547907710075378
Wang_2023_Sci_Adv	Wang_2023_Sci_Adv.P1231	CLDN10	286	0.0034965034965034965	0.0015987460501492023
Wang_2023_Sci_Adv	Wang_2023_Sci_Adv.P1231	CLDN11	286	0.017482517482517484	0.017989328131079674
Wang_2023_Sci_Adv	Wang_2023_Sci_Adv.P1231	CLDN12	286	0.17132867132867133	0.13335314393043518
Wang_2023_Sci_Adv	Wang_2023_Sci_Adv.P1231	CLDN14	286	0.0034965034965034965	0.00352321844547987
Wang_2023_Sci_Adv	Wang_2023_Sci_Adv.P1231	CLDN15	286	0.11888111888111888	0.09866584837436676
Wang_2023_Sci_Adv	Wang_2023_Sci_Adv.P1231	CLDN16	286	0.024475524475524476	0.01692165434360504
Wang_2023_Sci_Adv	Wang_2023_Sci_Adv.P1231	CLDN17	286	0.0	0.0
Wang_2023_Sci_Adv	Wang_2023_Sci_Adv.P1231	CLDN18	286	0.0	0.0
Wang_2023_Sci_Adv	Wang_2023_Sci_Adv.P1231	CLDN19	286	0.0	0.0
Wang_2023_Sci_Adv	Wang_2023_Sci_Adv.P1231	CLDN2	286	0.04895104895104895	0.08136879652738571
Wang_2023_Sci_Adv	Wang_2023_Sci_Adv.P1231	CLDN20	286	0.0	0.0
Wang_2023_Sci_Adv	Wang_2023_Sci_Adv.P1231	CLDN22	286	0.0	0.0
Wang_2023_Sci_Adv	Wang_2023_Sci_Adv.P1231	CLDN23	286	0.22727272727272727	0.18758992850780487
Wang_2023_Sci_Adv	Wang_2023_Sci_Adv.P1231	CLDN3	286	0.8426573426573427	1.9199048280715942
Wang_2023_Sci_Adv	Wang_2023_Sci_Adv.P1231	CLDN4	286	0.9195804195804196	3.2742202281951904
Wang_2023_Sci_Adv	Wang_2023_Sci_Adv.P1231	CLDN5	286	0.0034965034965034965	0.0036340164951980114
Wang_2023_Sci_Adv	Wang_2023_Sci_Adv.P1231	CLDN6	286	0.024475524475524476	0.019466839730739594
Wang_2023_Sci_Adv	Wang_2023_Sci_Adv.P1231	CLDN7	286	0.7517482517482518	1.1456352472305298
Wang_2023_Sci_Adv	Wang_2023_Sci_Adv.P1231	CLDN8	286	0.017482517482517484	0.014006983488798141
Wang_2023_Sci_Adv	Wang_2023_Sci_Adv.P1231	CLDN9	286	0.2202797202797203	0.1829259842634201
Wang_2023_Sci_Adv	Wang_2023_Sci_Adv.P1231	CRB3	286	0.2692307692307692	0.1895100474357605
Wang_2023_Sci_Adv	Wang_2023_Sci_Adv.P1231	F11R	286	0.7517482517482518	0.9177209734916687
Wang_2023_Sci_Adv	Wang_2023_Sci_Adv.P1231	PALS1	286	0.15734265734265734	0.10714787244796753
Wang_2023_Sci_Adv	Wang_2023_Sci_Adv.P1231	PARD3	286	0.24125874125874125	0.17573966085910797
Wang_2023_Sci_Adv	Wang_2023_Sci_Adv.P1231	PARD6A	286	0.03146853146853147	0.019170626997947693
Wang_2023_Sci_Adv	Wang_2023_Sci_Adv.P1231	PARD6B	286	0.34615384615384615	0.3232140839099884
Wang_2023_Sci_Adv	Wang_2023_Sci_Adv.P1231	PARD6G	286	0.0	0.0
Wang_2023_Sci_Adv	Wang_2023_Sci_Adv.P1231	PATJ	286	0.3881118881118881	0.32965990900993347
Wang_2023_Sci_Adv	Wang_2023_Sci_Adv.P1231	PRKCI	286	0.3006993006993007	0.22920018434524536
Ogden_2025	CRC01	CLDN1	342	0.12573099415204678	0.18023455142974854
Ogden_2025	CRC01	CLDN10	342	0.02631578947368421	0.02761221118271351
Ogden_2025	CRC01	CLDN11	342	0.023391812865497075	0.026014385744929314
Ogden_2025	CRC01	CLDN12	342	0.10818713450292397	0.11309975385665894
Ogden_2025	CRC01	CLDN14	342	0.011695906432748537	0.007449217140674591
Ogden_2025	CRC01	CLDN15	342	0.05263157894736842	0.05392071232199669
Ogden_2025	CRC01	CLDN16	342	0.029239766081871343	0.043002642691135406
Ogden_2025	CRC01	CLDN17	342	0.0	0.0
Ogden_2025	CRC01	CLDN18	342	0.0029239766081871343	0.005246353801339865
Ogden_2025	CRC01	CLDN19	342	0.0	0.0
Ogden_2025	CRC01	CLDN2	342	0.16666666666666666	0.20918434858322144
Ogden_2025	CRC01	CLDN20	342	0.008771929824561403	0.009803117252886295
Ogden_2025	CRC01	CLDN22	342	0.0	0.0
Ogden_2025	CRC01	CLDN23	342	0.0029239766081871343	0.005572864320129156
Ogden_2025	CRC01	CLDN3	342	0.4152046783625731	0.5980181097984314
Ogden_2025	CRC01	CLDN4	342	0.5730994152046783	0.9747902750968933
Ogden_2025	CRC01	CLDN5	342	0.0029239766081871343	4.305703721059819e-17
Ogden_2025	CRC01	CLDN6	342	0.0029239766081871343	0.0027278116904199123
Ogden_2025	CRC01	CLDN7	342	0.5555555555555556	0.9121689200401306
Ogden_2025	CRC01	CLDN8	342	0.0	0.0
Ogden_2025	CRC01	CLDN9	342	0.0029239766081871343	1.790858992134145e-13
Ogden_2025	CRC01	CRB3	342	0.02046783625730994	0.022571759298443794
Ogden_2025	CRC01	F11R	342	0.4678362573099415	0.6893206834793091
Ogden_2025	CRC01	PALS1	342	0.21637426900584794	0.24233026802539825
Ogden_2025	CRC01	PARD3	342	0.8801169590643275	2.2771246433258057
Ogden_2025	CRC01	PARD6A	342	0.008771929824561403	0.008865526877343655
Ogden_2025	CRC01	PARD6B	342	0.3216374269005848	0.421062171459198
Ogden_2025	CRC01	PARD6G	342	0.02631578947368421	0.0252390019595623
Ogden_2025	CRC01	PATJ	342	0.7105263157894737	1.3752940893173218
Ogden_2025	CRC01	PRKCI	342	0.3713450292397661	0.5057095289230347
Ogden_2025	CRC02	CLDN1	706	0.5354107648725213	0.6159220933914185
Ogden_2025	CRC02	CLDN10	706	0.012747875354107648	0.005997614003717899
Ogden_2025	CRC02	CLDN11	706	0.024079320113314446	0.012252464890480042
Ogden_2025	CRC02	CLDN12	706	0.22096317280453256	0.16679640114307404
Ogden_2025	CRC02	CLDN14	706	0.0056657223796034	0.003233214607462287
Ogden_2025	CRC02	CLDN15	706	0.0764872521246459	0.05427480861544609
Ogden_2025	CRC02	CLDN16	706	0.09206798866855524	0.07259141653776169
Ogden_2025	CRC02	CLDN17	706	0.0	0.0
Ogden_2025	CRC02	CLDN18	706	0.0	0.0
Ogden_2025	CRC02	CLDN19	706	0.0	0.0
Ogden_2025	CRC02	CLDN2	706	0.009915014164305949	0.005867769010365009
Ogden_2025	CRC02	CLDN20	706	0.0764872521246459	0.048464685678482056
Ogden_2025	CRC02	CLDN22	706	0.0	0.0
Ogden_2025	CRC02	CLDN23	706	0.032577903682719546	0.02266298606991768
Ogden_2025	CRC02	CLDN3	706	0.6161473087818697	0.9233947992324829
Ogden_2025	CRC02	CLDN4	706	0.9490084985835694	2.248751401901245
Ogden_2025	CRC02	CLDN5	706	0.00424929178470255	1.1324479780210273e-16
Ogden_2025	CRC02	CLDN6	706	0.0084985835694051	0.006133279297500849
Ogden_2025	CRC02	CLDN7	706	0.4631728045325779	0.47336429357528687
Ogden_2025	CRC02	CLDN8	706	0.0	0.0
Ogden_2025	CRC02	CLDN9	706	0.021246458923512748	0.011903916485607624
Ogden_2025	CRC02	CRB3	706	0.0764872521246459	0.04799176752567291
Ogden_2025	CRC02	F11R	706	0.49575070821529743	0.4732190668582916
Ogden_2025	CRC02	PALS1	706	0.45750708215297453	0.43746811151504517
Ogden_2025	CRC02	PARD3	706	0.9419263456090652	2.1194469928741455
Ogden_2025	CRC02	PARD6A	706	0.0028328611898017	0.0009929820662364364
Ogden_2025	CRC02	PARD6B	706	0.6005665722379604	0.6718636751174927
Ogden_2025	CRC02	PARD6G	706	0.009915014164305949	4.353768734421948e-11
Ogden_2025	CRC02	PATJ	706	0.9603399433427762	1.9947973489761353
Ogden_2025	CRC02	PRKCI	706	0.5212464589235127	0.5296688079833984
Ogden_2025	CRC03	CLDN1	452	0.5265486725663717	0.6220277547836304
Ogden_2025	CRC03	CLDN10	452	0.011061946902654867	7.408018642962588e-12
Ogden_2025	CRC03	CLDN11	452	0.004424778761061947	0.0018997403094545007
Ogden_2025	CRC03	CLDN12	452	0.41150442477876104	0.3689582347869873
Ogden_2025	CRC03	CLDN14	452	0.008849557522123894	0.0046827043406665325
Ogden_2025	CRC03	CLDN15	452	0.08628318584070796	0.05803680047392845
Ogden_2025	CRC03	CLDN16	452	0.12831858407079647	0.10127151757478714
Ogden_2025	CRC03	CLDN17	452	0.0	0.0
Ogden_2025	CRC03	CLDN18	452	0.25663716814159293	0.2285071462392807
Ogden_2025	CRC03	CLDN19	452	0.0	0.0
Ogden_2025	CRC03	CLDN2	452	0.29646017699115046	0.27538907527923584
Ogden_2025	CRC03	CLDN20	452	0.0420353982300885	0.024268951267004013
Ogden_2025	CRC03	CLDN22	452	0.0022123893805309734	0.0012209058040753007
Ogden_2025	CRC03	CLDN23	452	0.01327433628318584	0.008259172551333904
Ogden_2025	CRC03	CLDN3	452	0.39601769911504425	0.36242252588272095
Ogden_2025	CRC03	CLDN4	452	0.5	0.5120064616203308
Ogden_2025	CRC03	CLDN5	452	0.0	0.0
Ogden_2025	CRC03	CLDN6	452	0.0	0.0
Ogden_2025	CRC03	CLDN7	452	0.38495575221238937	0.339150071144104
Ogden_2025	CRC03	CLDN8	452	0.0	0.0
Ogden_2025	CRC03	CLDN9	452	0.0022123893805309734	0.0012209058040753007
Ogden_2025	CRC03	CRB3	452	0.046460176991150445	0.026241645216941833
Ogden_2025	CRC03	F11R	452	0.5066371681415929	0.49105435609817505
Ogden_2025	CRC03	PALS1	452	0.5221238938053098	0.4905875325202942
Ogden_2025	CRC03	PARD3	452	0.9336283185840708	2.406062126159668
Ogden_2025	CRC03	PARD6A	452	0.0022123893805309734	0.000874740828294307
Ogden_2025	CRC03	PARD6B	452	0.40707964601769914	0.39587536454200745
Ogden_2025	CRC03	PARD6G	452	0.04424778761061947	0.03188833221793175
Ogden_2025	CRC03	PATJ	452	0.9469026548672567	2.260948896408081
Ogden_2025	CRC03	PRKCI	452	0.7079646017699115	0.8397535681724548
Ogden_2025	CRC04	CLDN1	2678	0.45332337565347275	0.7067450881004333
Ogden_2025	CRC04	CLDN10	2678	0.012696041822255415	0.010489215143024921
Ogden_2025	CRC04	CLDN11	2678	0.0026138909634055266	0.0029427194967865944
Ogden_2025	CRC04	CLDN12	2678	0.2229275578790142	0.2520616054534912
Ogden_2025	CRC04	CLDN14	2678	0.0022404779686333084	8.416094969369847e-13
Ogden_2025	CRC04	CLDN15	2678	0.46415235250186704	0.6423230171203613
Ogden_2025	CRC04	CLDN16	2678	0.1486183719193428	0.18036559224128723
Ogden_2025	CRC04	CLDN17	2678	0.0	0.0
Ogden_2025	CRC04	CLDN18	2678	0.0	0.0
Ogden_2025	CRC04	CLDN19	2678	0.0003734129947722181	0.0002689053362701088
Ogden_2025	CRC04	CLDN2	2678	0.005601194921583271	0.0049578421749174595
Ogden_2025	CRC04	CLDN20	2678	0.043689320388349516	0.042514313012361526
Ogden_2025	CRC04	CLDN22	2678	0.0	0.0
Ogden_2025	CRC04	CLDN23	2678	0.04256908140403286	0.04414454102516174
Ogden_2025	CRC04	CLDN3	2678	0.7445855115758029	1.4273955821990967
Ogden_2025	CRC04	CLDN4	2678	0.7931292008961912	1.604923963546753
Ogden_2025	CRC04	CLDN5	2678	0.0003734129947722181	6.638884098412616e-17
Ogden_2025	CRC04	CLDN6	2678	0.0003734129947722181	0.0002644581254571676
Ogden_2025	CRC04	CLDN7	2678	0.5182972367438387	0.7839462161064148
Ogden_2025	CRC04	CLDN8	2678	0.0003734129947722181	0.00026914500631392
Ogden_2025	CRC04	CLDN9	2678	0.006721433905899925	0.008052599616348743
Ogden_2025	CRC04	CRB3	2678	0.0660941000746826	0.06848019361495972
Ogden_2025	CRC04	F11R	2678	0.28566094100074685	0.3411485552787781
Ogden_2025	CRC04	PALS1	2678	0.22890216579536968	0.26343512535095215
Ogden_2025	CRC04	PARD3	2678	0.7987303958177745	1.5783642530441284
Ogden_2025	CRC04	PARD6A	2678	0.01344286781179985	0.011605845764279366
Ogden_2025	CRC04	PARD6B	2678	0.421209858103062	0.5812564492225647
Ogden_2025	CRC04	PARD6G	2678	0.005227781926811053	0.004498975817114115
Ogden_2025	CRC04	PATJ	2678	0.871545929798357	1.8864456415176392
Ogden_2025	CRC04	PRKCI	2678	0.2871545929798357	0.350028932094574
Ogden_2025	CRC05	CLDN1	654	0.07033639143730887	0.09822051227092743
Ogden_2025	CRC05	CLDN10	654	0.01529051987767584	0.020685790106654167
Ogden_2025	CRC05	CLDN11	654	0.0	0.0
Ogden_2025	CRC05	CLDN12	654	0.39602446483180426	0.6223065853118896
Ogden_2025	CRC05	CLDN14	654	0.0030581039755351682	0.0021850289776921272
Ogden_2025	CRC05	CLDN15	654	0.24617737003058104	0.34634917974472046
Ogden_2025	CRC05	CLDN16	654	0.012232415902140673	0.01571417599916458
Ogden_2025	CRC05	CLDN17	654	0.0	0.0
Ogden_2025	CRC05	CLDN18	654	0.0	0.0
Ogden_2025	CRC05	CLDN19	654	0.0015290519877675841	0.001898195710964501
Ogden_2025	CRC05	CLDN2	654	0.0030581039755351682	0.0026595836970955133
Ogden_2025	CRC05	CLDN20	654	0.016819571865443424	0.01985817961394787
Ogden_2025	CRC05	CLDN22	654	0.0	0.0
Ogden_2025	CRC05	CLDN23	654	0.0045871559633027525	0.006830442231148481
Ogden_2025	CRC05	CLDN3	654	0.5779816513761468	1.0828330516815186
Ogden_2025	CRC05	CLDN4	654	0.7201834862385321	1.530164361000061
Ogden_2025	CRC05	CLDN5	654	0.0	0.0
Ogden_2025	CRC05	CLDN6	654	0.0030581039755351682	0.0037724615540355444
Ogden_2025	CRC05	CLDN7	654	0.3562691131498471	0.5305589437484741
Ogden_2025	CRC05	CLDN8	654	0.0	0.0
Ogden_2025	CRC05	CLDN9	654	0.0015290519877675841	0.0016553144669160247
Ogden_2025	CRC05	CRB3	654	0.013761467889908258	0.016549810767173767
Ogden_2025	CRC05	F11R	654	0.26452599388379205	0.3733890950679779
Ogden_2025	CRC05	PALS1	654	0.25535168195718655	0.3731652796268463
Ogden_2025	CRC05	PARD3	654	0.908256880733945	2.225889205932617
Ogden_2025	CRC05	PARD6A	654	0.0030581039755351682	0.003921978175640106
Ogden_2025	CRC05	PARD6B	654	0.1743119266055046	0.24663984775543213
Ogden_2025	CRC05	PARD6G	654	0.0015290519877675841	6.122804129007312e-17
Ogden_2025	CRC05	PATJ	654	0.8899082568807339	2.0456700325012207
Ogden_2025	CRC05	PRKCI	654	0.3944954128440367	0.5937846899032593
Ogden_2025	CRC06	CLDN1	997	0.2337011033099298	0.31568145751953125
Ogden_2025	CRC06	CLDN10	997	0.009027081243731194	0.0062442561611533165
Ogden_2025	CRC06	CLDN11	997	0.010030090270812437	0.007284820079803467
Ogden_2025	CRC06	CLDN12	997	0.11133400200601805	0.11835206300020218
Ogden_2025	CRC06	CLDN14	997	0.033099297893681046	0.031526852399110794
Ogden_2025	CRC06	CLDN15	997	0.048144433299899696	0.050542257726192474
Ogden_2025	CRC06	CLDN16	997	0.026078234704112337	0.02603382244706154
Ogden_2025	CRC06	CLDN17	997	0.0	0.0
Ogden_2025	CRC06	CLDN18	997	0.23069207622868607	0.3227071166038513
Ogden_2025	CRC06	CLDN19	997	0.0010030090270812437	0.0013382126344367862
Ogden_2025	CRC06	CLDN2	997	0.12537612838515547	0.1592341661453247
Ogden_2025	CRC06	CLDN20	997	0.02106318956870612	0.022990895435214043
Ogden_2025	CRC06	CLDN22	997	0.0	0.0
Ogden_2025	CRC06	CLDN23	997	0.020060180541624874	0.015903301537036896
Ogden_2025	CRC06	CLDN3	997	0.5205616850551655	0.8425045609474182
Ogden_2025	CRC06	CLDN4	997	0.5767301905717152	1.0553562641143799
Ogden_2025	CRC06	CLDN5	997	0.0020060180541624875	1.728638735390867e-18
Ogden_2025	CRC06	CLDN6	997	0.0020060180541624875	0.0025308479089289904
Ogden_2025	CRC06	CLDN7	997	0.4633901705115346	0.6815414428710938
Ogden_2025	CRC06	CLDN8	997	0.0	0.0
Ogden_2025	CRC06	CLDN9	997	0.013039117352056168	0.016030622646212578
Ogden_2025	CRC06	CRB3	997	0.12938816449348045	0.13644449412822723
Ogden_2025	CRC06	F11R	997	0.31293881644934807	0.4124733805656433
Ogden_2025	CRC06	PALS1	997	0.24172517552657974	0.3017536699771881
Ogden_2025	CRC06	PARD3	997	0.5757271815446339	0.9302360415458679
Ogden_2025	CRC06	PARD6A	997	0.017051153460381142	0.01472297590225935
Ogden_2025	CRC06	PARD6B	997	0.362086258776329	0.5277787446975708
Ogden_2025	CRC06	PARD6G	997	0.0160481444332999	0.016581138595938683
Ogden_2025	CRC06	PATJ	997	0.9348044132397192	2.3179116249084473
Ogden_2025	CRC06	PRKCI	997	0.3921765295887663	0.5390008091926575
Ogden_2025	CRC07	CLDN1	436	0.13761467889908258	0.3058454096317291
Ogden_2025	CRC07	CLDN10	436	0.006880733944954129	0.017461398616433144
Ogden_2025	CRC07	CLDN11	436	0.0	0.0
Ogden_2025	CRC07	CLDN12	436	0.06880733944954129	0.15049399435520172
Ogden_2025	CRC07	CLDN14	436	0.0	0.0
Ogden_2025	CRC07	CLDN15	436	0.016055045871559634	0.03353627026081085
Ogden_2025	CRC07	CLDN16	436	0.0045871559633027525	0.004307465627789497
Ogden_2025	CRC07	CLDN17	436	0.0	0.0
Ogden_2025	CRC07	CLDN18	436	0.0	0.0
Ogden_2025	CRC07	CLDN19	436	0.0	0.0
Ogden_2025	CRC07	CLDN2	436	0.020642201834862386	0.05427425354719162
Ogden_2025	CRC07	CLDN20	436	0.0	0.0
Ogden_2025	CRC07	CLDN22	436	0.0	0.0
Ogden_2025	CRC07	CLDN23	436	0.0	0.0
Ogden_2025	CRC07	CLDN3	436	0.03211009174311927	0.07962064445018768
Ogden_2025	CRC07	CLDN4	436	0.07568807339449542	0.17071561515331268
Ogden_2025	CRC07	CLDN5	436	0.0	0.0
Ogden_2025	CRC07	CLDN6	436	0.0045871559633027525	0.012342612259089947
Ogden_2025	CRC07	CLDN7	436	0.07339449541284404	0.17389419674873352
Ogden_2025	CRC07	CLDN8	436	0.0	0.0
Ogden_2025	CRC07	CLDN9	436	0.0	0.0
Ogden_2025	CRC07	CRB3	436	0.0	0.0
Ogden_2025	CRC07	F11R	436	0.08486238532110092	0.19420363008975983
Ogden_2025	CRC07	PALS1	436	0.12844036697247707	0.28376758098602295
Ogden_2025	CRC07	PARD3	436	0.518348623853211	1.371036171913147
Ogden_2025	CRC07	PARD6A	436	0.0	0.0
Ogden_2025	CRC07	PARD6B	436	0.06651376146788991	0.13564443588256836
Ogden_2025	CRC07	PARD6G	436	0.0045871559633027525	0.006689789239317179
Ogden_2025	CRC07	PATJ	436	0.5252293577981652	1.4719101190567017
Ogden_2025	CRC07	PRKCI	436	0.08944954128440367	0.19280755519866943
Ogden_2025	CRC08	CLDN1	3323	0.3177851339151369	0.37540677189826965
Ogden_2025	CRC08	CLDN10	3323	0.0003009328919650918	9.084198245545849e-05
Ogden_2025	CRC08	CLDN11	3323	0.15919349984953354	0.16518758237361908
Ogden_2025	CRC08	CLDN12	3323	0.19590731266927475	0.19654728472232819
Ogden_2025	CRC08	CLDN14	3323	0.0033102618116160097	0.002148170955479145
Ogden_2025	CRC08	CLDN15	3323	0.1023171832681312	0.09815946966409683
Ogden_2025	CRC08	CLDN16	3323	0.07071922961179657	0.07229480892419815
Ogden_2025	CRC08	CLDN17	3323	0.0	0.0
Ogden_2025	CRC08	CLDN18	3323	0.0	0.0
Ogden_2025	CRC08	CLDN19	3323	0.0006018657839301836	0.0005911841290071607
Ogden_2025	CRC08	CLDN2	3323	0.0045139933794763765	0.003653761465102434
Ogden_2025	CRC08	CLDN20	3323	0.04152873909118267	0.036089759320020676
Ogden_2025	CRC08	CLDN22	3323	0.0	0.0
Ogden_2025	CRC08	CLDN23	3323	0.040625940415287394	0.03621136024594307
Ogden_2025	CRC08	CLDN3	3323	0.721336142040325	1.2042971849441528
Ogden_2025	CRC08	CLDN4	3323	0.6855251278964791	1.1037026643753052
Ogden_2025	CRC08	CLDN5	3323	0.0006018657839301836	7.288624212533423e-18
Ogden_2025	CRC08	CLDN6	3323	0.004213060487511285	0.0033683236688375473
Ogden_2025	CRC08	CLDN7	3323	0.6193198916641589	0.8907017111778259
Ogden_2025	CRC08	CLDN8	3323	0.007824255191092387	0.006829919293522835
Ogden_2025	CRC08	CLDN9	3323	0.004814926271441469	0.004587617702782154
Ogden_2025	CRC08	CRB3	3323	0.04995486006620524	0.04572074115276337
Ogden_2025	CRC08	F11R	3323	0.33433644297321696	0.373411625623703
Ogden_2025	CRC08	PALS1	3323	0.32380379175443874	0.35775667428970337
Ogden_2025	CRC08	PARD3	3323	0.9750225699668974	2.9241085052490234
Ogden_2025	CRC08	PARD6A	3323	0.030996087872404453	0.026489969342947006
Ogden_2025	CRC08	PARD6B	3323	0.3307252482696359	0.3685619831085205
Ogden_2025	CRC08	PARD6G	3323	0.004213060487511285	0.0034012228716164827
Ogden_2025	CRC08	PATJ	3323	0.8892566957568462	1.7595294713974
Ogden_2025	CRC08	PRKCI	3323	0.5124887150165514	0.6491557359695435
Ogden_2025	CRC09	CLDN1	1323	0.07860922146636433	0.11317631602287292
Ogden_2025	CRC09	CLDN10	1323	0.0007558578987150416	0.0012676422484219074
Ogden_2025	CRC09	CLDN11	1323	0.007558578987150416	0.009872532449662685
Ogden_2025	CRC09	CLDN12	1323	0.10582010582010581	0.1404699683189392
Ogden_2025	CRC09	CLDN14	1323	0.0015117157974300832	1.0734740369873857e-16
Ogden_2025	CRC09	CLDN15	1323	0.0400604686318972	0.050197783857584
Ogden_2025	CRC09	CLDN16	1323	0.006046863189720333	0.006129152607172728
Ogden_2025	CRC09	CLDN17	1323	0.0	0.0
Ogden_2025	CRC09	CLDN18	1323	0.0007558578987150416	2.060600821918168e-12
Ogden_2025	CRC09	CLDN19	1323	0.0015117157974300832	0.0013656335650011897
Ogden_2025	CRC09	CLDN2	1323	0.005291005291005291	0.004780114628374577
Ogden_2025	CRC09	CLDN20	1323	0.018140589569160998	0.02267684042453766
Ogden_2025	CRC09	CLDN22	1323	0.0	0.0
Ogden_2025	CRC09	CLDN23	1323	0.02040816326530612	0.028135022148489952
Ogden_2025	CRC09	CLDN3	1323	0.4633408919123205	0.8072060346603394
Ogden_2025	CRC09	CLDN4	1323	0.3938019652305367	0.6559893488883972
Ogden_2025	CRC09	CLDN5	1323	0.0	0.0
Ogden_2025	CRC09	CLDN6	1323	0.0	0.0
Ogden_2025	CRC09	CLDN7	1323	0.23809523809523808	0.35272955894470215
Ogden_2025	CRC09	CLDN8	1323	0.0	0.0
Ogden_2025	CRC09	CLDN9	1323	0.0007558578987150416	0.0005711318226531148
Ogden_2025	CRC09	CRB3	1323	0.02947845804988662	0.03512302786111832
Ogden_2025	CRC09	F11R	1323	0.1693121693121693	0.2350279986858368
Ogden_2025	CRC09	PALS1	1323	0.23809523809523808	0.34202486276626587
Ogden_2025	CRC09	PARD3	1323	0.8102796674225246	1.8267567157745361
Ogden_2025	CRC09	PARD6A	1323	0.005291005291005291	0.008107691071927547
Ogden_2025	CRC09	PARD6B	1323	0.1564625850340136	0.2168593406677246
Ogden_2025	CRC09	PARD6G	1323	0.02040816326530612	0.02912580780684948
Ogden_2025	CRC09	PATJ	1323	0.8888888888888888	2.264655828475952
Ogden_2025	CRC09	PRKCI	1323	0.22071050642479215	0.3232294023036957
Ogden_2025	CRC10	CLDN1	1500	0.10733333333333334	0.10442407429218292
Ogden_2025	CRC10	CLDN10	1500	0.016666666666666666	0.017118118703365326
Ogden_2025	CRC10	CLDN11	1500	0.005333333333333333	0.0042568682692945
Ogden_2025	CRC10	CLDN12	1500	0.3006666666666667	0.3299805819988251
Ogden_2025	CRC10	CLDN14	1500	0.0033333333333333335	5.754530614804495e-16
Ogden_2025	CRC10	CLDN15	1500	0.021333333333333333	0.017679981887340546
Ogden_2025	CRC10	CLDN16	1500	0.009333333333333334	0.007877345196902752
Ogden_2025	CRC10	CLDN17	1500	0.0	0.0
Ogden_2025	CRC10	CLDN18	1500	0.004666666666666667	0.005276578478515148
Ogden_2025	CRC10	CLDN19	1500	0.0	0.0
Ogden_2025	CRC10	CLDN2	1500	0.068	0.061871618032455444
Ogden_2025	CRC10	CLDN20	1500	0.037333333333333336	0.03078930638730526
Ogden_2025	CRC10	CLDN22	1500	0.0	0.0
Ogden_2025	CRC10	CLDN23	1500	0.03666666666666667	0.032260727137327194
Ogden_2025	CRC10	CLDN3	1500	0.7386666666666667	1.2976429462432861
Ogden_2025	CRC10	CLDN4	1500	0.8026666666666666	1.4979569911956787
Ogden_2025	CRC10	CLDN5	1500	0.0033333333333333335	6.75375169222765e-17
Ogden_2025	CRC10	CLDN6	1500	0.0013333333333333333	0.0007365127676166594
Ogden_2025	CRC10	CLDN7	1500	0.732	1.2176152467727661
Ogden_2025	CRC10	CLDN8	1500	0.0	0.0
Ogden_2025	CRC10	CLDN9	1500	0.0013333333333333333	0.0019332915544509888
Ogden_2025	CRC10	CRB3	1500	0.10333333333333333	0.09777921438217163
Ogden_2025	CRC10	F11R	1500	0.40066666666666667	0.4941161274909973
Ogden_2025	CRC10	PALS1	1500	0.31933333333333336	0.3736214339733124
Ogden_2025	CRC10	PARD3	1500	0.9286666666666666	2.2454872131347656
Ogden_2025	CRC10	PARD6A	1500	0.004	0.0031259418465197086
Ogden_2025	CRC10	PARD6B	1500	0.464	0.6288500428199768
Ogden_2025	CRC10	PARD6G	1500	0.005333333333333333	0.0015987888909876347
Ogden_2025	CRC10	PATJ	1500	0.9086666666666666	2.063692331314087
Ogden_2025	CRC10	PRKCI	1500	0.344	0.39719605445861816
Ogden_2025	CRC11	CLDN1	952	0.4642857142857143	0.44902539253234863
Ogden_2025	CRC11	CLDN10	952	0.03046218487394958	0.022894667461514473
Ogden_2025	CRC11	CLDN11	952	0.007352941176470588	0.0022680764086544514
Ogden_2025	CRC11	CLDN12	952	0.4107142857142857	0.3296529948711395
Ogden_2025	CRC11	CLDN14	952	0.005252100840336135	0.002592658856883645
Ogden_2025	CRC11	CLDN15	952	0.19747899159663865	0.129756361246109
Ogden_2025	CRC11	CLDN16	952	0.09243697478991597	0.07148370891809464
Ogden_2025	CRC11	CLDN17	952	0.0	0.0
Ogden_2025	CRC11	CLDN18	952	0.0021008403361344537	0.0009789676405489445
Ogden_2025	CRC11	CLDN19	952	0.0	0.0
Ogden_2025	CRC11	CLDN2	952	0.10294117647058823	0.07995368540287018
Ogden_2025	CRC11	CLDN20	952	0.07247899159663866	0.038379229605197906
Ogden_2025	CRC11	CLDN22	952	0.0	0.0
Ogden_2025	CRC11	CLDN23	952	0.04096638655462185	0.021017972379922867
Ogden_2025	CRC11	CLDN3	952	0.5220588235294118	0.519450843334198
Ogden_2025	CRC11	CLDN4	952	0.6092436974789915	0.668370246887207
Ogden_2025	CRC11	CLDN5	952	0.0031512605042016808	0.0011682608164846897
Ogden_2025	CRC11	CLDN6	952	0.004201680672268907	0.0015711854211986065
Ogden_2025	CRC11	CLDN7	952	0.6827731092436975	0.7916903495788574
Ogden_2025	CRC11	CLDN8	952	0.0	0.0
Ogden_2025	CRC11	CLDN9	952	0.0021008403361344537	0.0015352166956290603
Ogden_2025	CRC11	CRB3	952	0.1407563025210084	0.08319343626499176
Ogden_2025	CRC11	F11R	952	0.5819327731092437	0.5615180730819702
Ogden_2025	CRC11	PALS1	952	0.5598739495798319	0.5370554327964783
Ogden_2025	CRC11	PARD3	952	0.9264705882352942	2.207456350326538
Ogden_2025	CRC11	PARD6A	952	0.022058823529411766	0.011879701167345047
Ogden_2025	CRC11	PARD6B	952	0.5147058823529411	0.4565536379814148
Ogden_2025	CRC11	PARD6G	952	0.03466386554621849	0.026338813826441765
Ogden_2025	CRC11	PATJ	952	0.8865546218487395	1.6237156391143799
Ogden_2025	CRC11	PRKCI	952	0.6512605042016807	0.6712200045585632
Ogden_2025	CRC12	CLDN1	341	0.5131964809384164	0.6759613752365112
Ogden_2025	CRC12	CLDN10	341	0.017595307917888565	0.016236301511526108
Ogden_2025	CRC12	CLDN11	341	0.008797653958944282	0.004895483143627644
Ogden_2025	CRC12	CLDN12	341	0.35777126099706746	0.37026751041412354
Ogden_2025	CRC12	CLDN14	341	0.005865102639296188	0.0004452168068382889
Ogden_2025	CRC12	CLDN15	341	0.06158357771260997	0.058949075639247894
Ogden_2025	CRC12	CLDN16	341	0.04105571847507331	0.03225436806678772
Ogden_2025	CRC12	CLDN17	341	0.0	0.0
Ogden_2025	CRC12	CLDN18	341	0.011730205278592375	0.010571537539362907
Ogden_2025	CRC12	CLDN19	341	0.002932551319648094	0.0021625556983053684
Ogden_2025	CRC12	CLDN2	341	0.04985337243401759	0.04429042339324951
Ogden_2025	CRC12	CLDN20	341	0.03519061583577713	0.025991924107074738
Ogden_2025	CRC12	CLDN22	341	0.0	0.0
Ogden_2025	CRC12	CLDN23	341	0.04985337243401759	0.02871442399919033
Ogden_2025	CRC12	CLDN3	341	0.6451612903225806	0.9439602494239807
Ogden_2025	CRC12	CLDN4	341	0.6158357771260997	0.9045493602752686
Ogden_2025	CRC12	CLDN5	341	0.0	0.0
Ogden_2025	CRC12	CLDN6	341	0.005865102639296188	0.0011265503708273172
Ogden_2025	CRC12	CLDN7	341	0.6392961876832844	0.8923026323318481
Ogden_2025	CRC12	CLDN8	341	0.0	0.0
Ogden_2025	CRC12	CLDN9	341	0.020527859237536656	0.013930748216807842
Ogden_2025	CRC12	CRB3	341	0.09970674486803519	0.0851215049624443
Ogden_2025	CRC12	F11R	341	0.3870967741935484	0.4357680082321167
Ogden_2025	CRC12	PALS1	341	0.44281524926686217	0.486910343170166
Ogden_2025	CRC12	PARD3	341	0.9413489736070382	2.0796468257904053
Ogden_2025	CRC12	PARD6A	341	0.002932551319648094	0.001165910391137004
Ogden_2025	CRC12	PARD6B	341	0.3225806451612903	0.36346131563186646
Ogden_2025	CRC12	PARD6G	341	0.026392961876832845	0.026226645335555077
Ogden_2025	CRC12	PATJ	341	0.9618768328445748	2.375737190246582
Ogden_2025	CRC12	PRKCI	341	0.4809384164222874	0.548445999622345
Ogden_2025	CRC14	CLDN1	1554	0.47361647361647363	0.51437908411026
Ogden_2025	CRC14	CLDN10	1554	0.2676962676962677	0.2433660626411438
Ogden_2025	CRC14	CLDN11	1554	0.018018018018018018	0.012000198476016521
Ogden_2025	CRC14	CLDN12	1554	0.22715572715572716	0.1840686798095703
Ogden_2025	CRC14	CLDN14	1554	0.006435006435006435	0.00341459340415895
Ogden_2025	CRC14	CLDN15	1554	0.036036036036036036	0.027553537860512733
Ogden_2025	CRC14	CLDN16	1554	0.02059202059202059	0.01661333069205284
Ogden_2025	CRC14	CLDN17	1554	0.0	0.0
Ogden_2025	CRC14	CLDN18	1554	0.0006435006435006435	0.0002492601051926613
Ogden_2025	CRC14	CLDN19	1554	0.0006435006435006435	0.0007439692271873355
Ogden_2025	CRC14	CLDN2	1554	0.2702702702702703	0.2609577775001526
Ogden_2025	CRC14	CLDN20	1554	0.09073359073359073	0.06615199893712997
Ogden_2025	CRC14	CLDN22	1554	0.0	0.0
Ogden_2025	CRC14	CLDN23	1554	0.009652509652509652	0.00503128208220005
Ogden_2025	CRC14	CLDN3	1554	0.8873873873873874	1.9182841777801514
Ogden_2025	CRC14	CLDN4	1554	0.8217503217503217	1.4573464393615723
Ogden_2025	CRC14	CLDN5	1554	0.0045045045045045045	2.9232840780309816e-17
Ogden_2025	CRC14	CLDN6	1554	0.001287001287001287	0.0004827252705581486
Ogden_2025	CRC14	CLDN7	1554	0.7413127413127413	1.1290541887283325
Ogden_2025	CRC14	CLDN8	1554	0.0	0.0
Ogden_2025	CRC14	CLDN9	1554	0.01287001287001287	0.008449924178421497
Ogden_2025	CRC14	CRB3	1554	0.1525096525096525	0.11532244086265564
Ogden_2025	CRC14	F11R	1554	0.4240669240669241	0.40084901452064514
Ogden_2025	CRC14	PALS1	1554	0.33204633204633205	0.3097314238548279
Ogden_2025	CRC14	PARD3	1554	0.7445302445302445	1.0711755752563477
Ogden_2025	CRC14	PARD6A	1554	0.02252252252252252	0.014953792095184326
Ogden_2025	CRC14	PARD6B	1554	0.6184041184041184	0.724615216255188
Ogden_2025	CRC14	PARD6G	1554	0.0019305019305019305	2.7465722838432294e-12
Ogden_2025	CRC14	PATJ	1554	0.8777348777348777	1.6719368696212769
Ogden_2025	CRC14	PRKCI	1554	0.3178893178893179	0.28737345337867737
Ogden_2025	CRC15	CLDN1	729	0.43621399176954734	0.5568408370018005
Ogden_2025	CRC15	CLDN10	729	0.0027434842249657062	0.0026288717053830624
Ogden_2025	CRC15	CLDN11	729	0.0013717421124828531	0.0013635719660669565
Ogden_2025	CRC15	CLDN12	729	0.48010973936899864	0.5943797826766968
Ogden_2025	CRC15	CLDN14	729	0.0027434842249657062	7.999454592741477e-17
Ogden_2025	CRC15	CLDN15	729	0.15089163237311384	0.15301688015460968
Ogden_2025	CRC15	CLDN16	729	0.03566529492455418	0.034602828323841095
Ogden_2025	CRC15	CLDN17	729	0.0	0.0
Ogden_2025	CRC15	CLDN18	729	0.0013717421124828531	0.001057557063177228
Ogden_2025	CRC15	CLDN19	729	0.0013717421124828531	0.00037454863195307553
Ogden_2025	CRC15	CLDN2	729	0.3374485596707819	0.43418022990226746
Ogden_2025	CRC15	CLDN20	729	0.023319615912208505	0.02132977731525898
Ogden_2025	CRC15	CLDN22	729	0.0	0.0
Ogden_2025	CRC15	CLDN23	729	0.02194787379972565	0.021762775257229805
Ogden_2025	CRC15	CLDN3	729	0.5816186556927297	0.8818049430847168
Ogden_2025	CRC15	CLDN4	729	0.6790123456790124	1.0999821424484253
Ogden_2025	CRC15	CLDN5	729	0.0027434842249657062	0.002588951028883457
Ogden_2025	CRC15	CLDN6	729	0.0027434842249657062	0.001574579393491149
Ogden_2025	CRC15	CLDN7	729	0.522633744855967	0.6695486307144165
Ogden_2025	CRC15	CLDN8	729	0.0	0.0
Ogden_2025	CRC15	CLDN9	729	0.00411522633744856	0.006012293975800276
Ogden_2025	CRC15	CRB3	729	0.09327846364883402	0.07958658039569855
Ogden_2025	CRC15	F11R	729	0.37585733882030176	0.40517640113830566
Ogden_2025	CRC15	PALS1	729	0.2935528120713306	0.30722513794898987
Ogden_2025	CRC15	PARD3	729	0.8641975308641975	1.6443758010864258
Ogden_2025	CRC15	PARD6A	729	0.0205761316872428	0.01655423827469349
Ogden_2025	CRC15	PARD6B	729	0.2606310013717421	0.2872020900249481
Ogden_2025	CRC15	PARD6G	729	0.04663923182441701	0.04046964645385742
Ogden_2025	CRC15	PATJ	729	0.9231824417009602	2.1300017833709717
Ogden_2025	CRC15	PRKCI	729	0.48010973936899864	0.5652093887329102
