study	patient	scoring	model	n_cells	n_samples	gene	rho	z
Che_2021_Cell_Discov	Che_2021_Cell_Discov.COL07	fixed_background	common	1872	1	CLDN1	0.016886493374545446	0.01688809873100662
Che_2021_Cell_Discov	Che_2021_Cell_Discov.COL07	fixed_background	common	1872	1	CLDN10	NA	NA
Che_2021_Cell_Discov	Che_2021_Cell_Discov.COL07	fixed_background	common	1872	1	CLDN11	NA	NA
Che_2021_Cell_Discov	Che_2021_Cell_Discov.COL07	fixed_background	common	1872	1	CLDN12	-0.03517387755687417	-0.035188394060899846
Che_2021_Cell_Discov	Che_2021_Cell_Discov.COL07	fixed_background	common	1872	1	CLDN14	NA	NA
Che_2021_Cell_Discov	Che_2021_Cell_Discov.COL07	fixed_background	common	1872	1	CLDN15	-0.0029944200969082946	-0.002994429046830665
Che_2021_Cell_Discov	Che_2021_Cell_Discov.COL07	fixed_background	common	1872	1	CLDN16	-0.011637341981675344	-0.011637867363963194
Che_2021_Cell_Discov	Che_2021_Cell_Discov.COL07	fixed_background	common	1872	1	CLDN17	NA	NA
Che_2021_Cell_Discov	Che_2021_Cell_Discov.COL07	fixed_background	common	1872	1	CLDN18	NA	NA
Che_2021_Cell_Discov	Che_2021_Cell_Discov.COL07	fixed_background	common	1872	1	CLDN19	NA	NA
Che_2021_Cell_Discov	Che_2021_Cell_Discov.COL07	fixed_background	common	1872	1	CLDN2	-0.14691879963780397	-0.14798979205650103
Che_2021_Cell_Discov	Che_2021_Cell_Discov.COL07	fixed_background	common	1872	1	CLDN20	NA	NA
Che_2021_Cell_Discov	Che_2021_Cell_Discov.COL07	fixed_background	common	1872	1	CLDN22	NA	NA
Che_2021_Cell_Discov	Che_2021_Cell_Discov.COL07	fixed_background	common	1872	1	CLDN23	NA	NA
Che_2021_Cell_Discov	Che_2021_Cell_Discov.COL07	fixed_background	common	1872	1	CLDN3	0.18357140682952944	0.1856761543157575
Che_2021_Cell_Discov	Che_2021_Cell_Discov.COL07	fixed_background	common	1872	1	CLDN4	0.4383518674737041	0.4701888227534971
Che_2021_Cell_Discov	Che_2021_Cell_Discov.COL07	fixed_background	common	1872	1	CLDN5	NA	NA
Che_2021_Cell_Discov	Che_2021_Cell_Discov.COL07	fixed_background	common	1872	1	CLDN6	NA	NA
Che_2021_Cell_Discov	Che_2021_Cell_Discov.COL07	fixed_background	common	1872	1	CLDN7	0.11135747392756826	0.11182122492763188
Che_2021_Cell_Discov	Che_2021_Cell_Discov.COL07	fixed_background	common	1872	1	CLDN8	NA	NA
Che_2021_Cell_Discov	Che_2021_Cell_Discov.COL07	fixed_background	common	1872	1	CLDN9	NA	NA
Che_2021_Cell_Discov	Che_2021_Cell_Discov.COL07	fixed_background	common	1872	1	CRB3	0.011023169004058997	0.011023615512637806
Che_2021_Cell_Discov	Che_2021_Cell_Discov.COL07	fixed_background	common	1872	1	F11R	-0.02257059167700777	-0.022574425573216164
Che_2021_Cell_Discov	Che_2021_Cell_Discov.COL07	fixed_background	common	1872	1	PALS1	0.07783629886706193	0.07799406288344624
Che_2021_Cell_Discov	Che_2021_Cell_Discov.COL07	fixed_background	common	1872	1	PARD3	0.19025514919044353	0.19260188758193963
Che_2021_Cell_Discov	Che_2021_Cell_Discov.COL07	fixed_background	common	1872	1	PARD6A	-0.04560555238619219	-0.04563720972022367
Che_2021_Cell_Discov	Che_2021_Cell_Discov.COL07	fixed_background	common	1872	1	PARD6B	0.17926110930307854	0.1812191610158681
Che_2021_Cell_Discov	Che_2021_Cell_Discov.COL07	fixed_background	common	1872	1	PARD6G	-0.0033039889558581603	-0.003304000978429165
Che_2021_Cell_Discov	Che_2021_Cell_Discov.COL07	fixed_background	common	1872	1	PATJ	0.009475509072742676	0.009475792675074557
Che_2021_Cell_Discov	Che_2021_Cell_Discov.COL07	fixed_background	common	1872	1	PRKCI	0.06997266636435853	0.07008720247716506
Che_2021_Cell_Discov	Che_2021_Cell_Discov.COL12	fixed_background	common	294	1	CLDN1	0.19608553229022355	0.19865828358600743
Che_2021_Cell_Discov	Che_2021_Cell_Discov.COL12	fixed_background	common	294	1	CLDN10	NA	NA
Che_2021_Cell_Discov	Che_2021_Cell_Discov.COL12	fixed_background	common	294	1	CLDN11	NA	NA
Che_2021_Cell_Discov	Che_2021_Cell_Discov.COL12	fixed_background	common	294	1	CLDN12	0.13466795232849407	0.13549101534296154
Che_2021_Cell_Discov	Che_2021_Cell_Discov.COL12	fixed_background	common	294	1	CLDN14	NA	NA
Che_2021_Cell_Discov	Che_2021_Cell_Discov.COL12	fixed_background	common	294	1	CLDN15	0.21782172096463617	0.2213681871900925
Che_2021_Cell_Discov	Che_2021_Cell_Discov.COL12	fixed_background	common	294	1	CLDN16	0.030267474483965093	0.030276722447536427
Che_2021_Cell_Discov	Che_2021_Cell_Discov.COL12	fixed_background	common	294	1	CLDN17	NA	NA
Che_2021_Cell_Discov	Che_2021_Cell_Discov.COL12	fixed_background	common	294	1	CLDN18	NA	NA
Che_2021_Cell_Discov	Che_2021_Cell_Discov.COL12	fixed_background	common	294	1	CLDN19	NA	NA
Che_2021_Cell_Discov	Che_2021_Cell_Discov.COL12	fixed_background	common	294	1	CLDN2	NA	NA
Che_2021_Cell_Discov	Che_2021_Cell_Discov.COL12	fixed_background	common	294	1	CLDN20	NA	NA
Che_2021_Cell_Discov	Che_2021_Cell_Discov.COL12	fixed_background	common	294	1	CLDN22	NA	NA
Che_2021_Cell_Discov	Che_2021_Cell_Discov.COL12	fixed_background	common	294	1	CLDN23	0.12404685061583277	0.12468905227976523
Che_2021_Cell_Discov	Che_2021_Cell_Discov.COL12	fixed_background	common	294	1	CLDN3	0.41081674358263276	0.4365933998700891
Che_2021_Cell_Discov	Che_2021_Cell_Discov.COL12	fixed_background	common	294	1	CLDN4	0.573237647234851	0.6523318316155833
Che_2021_Cell_Discov	Che_2021_Cell_Discov.COL12	fixed_background	common	294	1	CLDN5	NA	NA
Che_2021_Cell_Discov	Che_2021_Cell_Discov.COL12	fixed_background	common	294	1	CLDN6	0.012566361627712302	0.012567023156208713
Che_2021_Cell_Discov	Che_2021_Cell_Discov.COL12	fixed_background	common	294	1	CLDN7	0.5153952419641532	0.5700489714442403
Che_2021_Cell_Discov	Che_2021_Cell_Discov.COL12	fixed_background	common	294	1	CLDN8	NA	NA
Che_2021_Cell_Discov	Che_2021_Cell_Discov.COL12	fixed_background	common	294	1	CLDN9	NA	NA
Che_2021_Cell_Discov	Che_2021_Cell_Discov.COL12	fixed_background	common	294	1	CRB3	0.1898081308934407	0.192138121753219
Che_2021_Cell_Discov	Che_2021_Cell_Discov.COL12	fixed_background	common	294	1	F11R	0.07421053887712621	0.07434722166704097
Che_2021_Cell_Discov	Che_2021_Cell_Discov.COL12	fixed_background	common	294	1	PALS1	0.19103955549879456	0.19341587962942527
Che_2021_Cell_Discov	Che_2021_Cell_Discov.COL12	fixed_background	common	294	1	PARD3	-0.0021367478913882697	-0.0021367511433077763
Che_2021_Cell_Discov	Che_2021_Cell_Discov.COL12	fixed_background	common	294	1	PARD6A	NA	NA
Che_2021_Cell_Discov	Che_2021_Cell_Discov.COL12	fixed_background	common	294	1	PARD6B	0.28550675389190733	0.2936673679412362
Che_2021_Cell_Discov	Che_2021_Cell_Discov.COL12	fixed_background	common	294	1	PARD6G	NA	NA
Che_2021_Cell_Discov	Che_2021_Cell_Discov.COL12	fixed_background	common	294	1	PATJ	0.11810956721620268	0.1186634146842072
Che_2021_Cell_Discov	Che_2021_Cell_Discov.COL12	fixed_background	common	294	1	PRKCI	0.11483091343875222	0.11533967011728759
Che_2021_Cell_Discov	Che_2021_Cell_Discov.COL15	fixed_background	common	1265	1	CLDN1	0.06338425422475961	0.06346934285448513
Che_2021_Cell_Discov	Che_2021_Cell_Discov.COL15	fixed_background	common	1265	1	CLDN10	-0.032639157220362786	-0.03265075495780852
Che_2021_Cell_Discov	Che_2021_Cell_Discov.COL15	fixed_background	common	1265	1	CLDN11	-0.022797155474126304	-0.02280110601156663
Che_2021_Cell_Discov	Che_2021_Cell_Discov.COL15	fixed_background	common	1265	1	CLDN12	0.05609439925745996	0.05615334578763277
Che_2021_Cell_Discov	Che_2021_Cell_Discov.COL15	fixed_background	common	1265	1	CLDN14	0.0197058401393791	0.01970839145868102
Che_2021_Cell_Discov	Che_2021_Cell_Discov.COL15	fixed_background	common	1265	1	CLDN15	0.012780679522729422	0.012781375480915052
Che_2021_Cell_Discov	Che_2021_Cell_Discov.COL15	fixed_background	common	1265	1	CLDN16	-0.005039410728160413	-0.005039453388531751
Che_2021_Cell_Discov	Che_2021_Cell_Discov.COL15	fixed_background	common	1265	1	CLDN17	NA	NA
Che_2021_Cell_Discov	Che_2021_Cell_Discov.COL15	fixed_background	common	1265	1	CLDN18	NA	NA
Che_2021_Cell_Discov	Che_2021_Cell_Discov.COL15	fixed_background	common	1265	1	CLDN19	NA	NA
Che_2021_Cell_Discov	Che_2021_Cell_Discov.COL15	fixed_background	common	1265	1	CLDN2	NA	NA
Che_2021_Cell_Discov	Che_2021_Cell_Discov.COL15	fixed_background	common	1265	1	CLDN20	NA	NA
Che_2021_Cell_Discov	Che_2021_Cell_Discov.COL15	fixed_background	common	1265	1	CLDN22	NA	NA
Che_2021_Cell_Discov	Che_2021_Cell_Discov.COL15	fixed_background	common	1265	1	CLDN23	0.06636177002729138	0.06645944477039448
Che_2021_Cell_Discov	Che_2021_Cell_Discov.COL15	fixed_background	common	1265	1	CLDN3	0.2822452745761551	0.2901200191805416
Che_2021_Cell_Discov	Che_2021_Cell_Discov.COL15	fixed_background	common	1265	1	CLDN4	0.3206283437228876	0.33234729209577285
Che_2021_Cell_Discov	Che_2021_Cell_Discov.COL15	fixed_background	common	1265	1	CLDN5	NA	NA
Che_2021_Cell_Discov	Che_2021_Cell_Discov.COL15	fixed_background	common	1265	1	CLDN6	-0.024641314499318907	-0.02464630367297936
Che_2021_Cell_Discov	Che_2021_Cell_Discov.COL15	fixed_background	common	1265	1	CLDN7	0.2305445847974371	0.23476454530297225
Che_2021_Cell_Discov	Che_2021_Cell_Discov.COL15	fixed_background	common	1265	1	CLDN8	NA	NA
Che_2021_Cell_Discov	Che_2021_Cell_Discov.COL15	fixed_background	common	1265	1	CLDN9	0.15031375997480678	0.15146143347407318
Che_2021_Cell_Discov	Che_2021_Cell_Discov.COL15	fixed_background	common	1265	1	CRB3	0.015431758241359722	0.01543298338507806
Che_2021_Cell_Discov	Che_2021_Cell_Discov.COL15	fixed_background	common	1265	1	F11R	0.08835046185652876	0.08858142667785003
Che_2021_Cell_Discov	Che_2021_Cell_Discov.COL15	fixed_background	common	1265	1	PALS1	-0.005372475568133615	-0.005372527258500422
Che_2021_Cell_Discov	Che_2021_Cell_Discov.COL15	fixed_background	common	1265	1	PARD3	0.1497186046724761	0.1508525759007369
Che_2021_Cell_Discov	Che_2021_Cell_Discov.COL15	fixed_background	common	1265	1	PARD6A	-0.024161458932675618	-0.024166162207585176
Che_2021_Cell_Discov	Che_2021_Cell_Discov.COL15	fixed_background	common	1265	1	PARD6B	0.28740710536921527	0.2957375983459402
Che_2021_Cell_Discov	Che_2021_Cell_Discov.COL15	fixed_background	common	1265	1	PARD6G	NA	NA
Che_2021_Cell_Discov	Che_2021_Cell_Discov.COL15	fixed_background	common	1265	1	PATJ	0.08503702178771486	0.08524289168449685
Che_2021_Cell_Discov	Che_2021_Cell_Discov.COL15	fixed_background	common	1265	1	PRKCI	0.2302806947882904	0.23448585988743298
Che_2021_Cell_Discov	Che_2021_Cell_Discov.COL16	fixed_background	common	251	1	CLDN1	0.0938561933273441	0.09413325177099784
Che_2021_Cell_Discov	Che_2021_Cell_Discov.COL16	fixed_background	common	251	1	CLDN10	NA	NA
Che_2021_Cell_Discov	Che_2021_Cell_Discov.COL16	fixed_background	common	251	1	CLDN11	NA	NA
Che_2021_Cell_Discov	Che_2021_Cell_Discov.COL16	fixed_background	common	251	1	CLDN12	0.17871170679599008	0.18065157523843933
Che_2021_Cell_Discov	Che_2021_Cell_Discov.COL16	fixed_background	common	251	1	CLDN14	NA	NA
Che_2021_Cell_Discov	Che_2021_Cell_Discov.COL16	fixed_background	common	251	1	CLDN15	0.09518417696304518	0.09547320685709382
Che_2021_Cell_Discov	Che_2021_Cell_Discov.COL16	fixed_background	common	251	1	CLDN16	NA	NA
Che_2021_Cell_Discov	Che_2021_Cell_Discov.COL16	fixed_background	common	251	1	CLDN17	NA	NA
Che_2021_Cell_Discov	Che_2021_Cell_Discov.COL16	fixed_background	common	251	1	CLDN18	NA	NA
Che_2021_Cell_Discov	Che_2021_Cell_Discov.COL16	fixed_background	common	251	1	CLDN19	NA	NA
Che_2021_Cell_Discov	Che_2021_Cell_Discov.COL16	fixed_background	common	251	1	CLDN2	NA	NA
Che_2021_Cell_Discov	Che_2021_Cell_Discov.COL16	fixed_background	common	251	1	CLDN20	NA	NA
Che_2021_Cell_Discov	Che_2021_Cell_Discov.COL16	fixed_background	common	251	1	CLDN22	NA	NA
Che_2021_Cell_Discov	Che_2021_Cell_Discov.COL16	fixed_background	common	251	1	CLDN23	NA	NA
Che_2021_Cell_Discov	Che_2021_Cell_Discov.COL16	fixed_background	common	251	1	CLDN3	0.10865478341602779	0.10908542581106852
Che_2021_Cell_Discov	Che_2021_Cell_Discov.COL16	fixed_background	common	251	1	CLDN4	0.25061115705674253	0.2560648190969139
Che_2021_Cell_Discov	Che_2021_Cell_Discov.COL16	fixed_background	common	251	1	CLDN5	NA	NA
Che_2021_Cell_Discov	Che_2021_Cell_Discov.COL16	fixed_background	common	251	1	CLDN6	0.08060284191207157	0.08077807951445445
Che_2021_Cell_Discov	Che_2021_Cell_Discov.COL16	fixed_background	common	251	1	CLDN7	0.0037979077629250752	0.003797926023554506
Che_2021_Cell_Discov	Che_2021_Cell_Discov.COL16	fixed_background	common	251	1	CLDN8	NA	NA
Che_2021_Cell_Discov	Che_2021_Cell_Discov.COL16	fixed_background	common	251	1	CLDN9	0.04292945326176861	0.04295585456780615
Che_2021_Cell_Discov	Che_2021_Cell_Discov.COL16	fixed_background	common	251	1	CRB3	0.06106962328748891	0.0611457133242146
Che_2021_Cell_Discov	Che_2021_Cell_Discov.COL16	fixed_background	common	251	1	F11R	0.07685827944965654	0.07701015706770256
Che_2021_Cell_Discov	Che_2021_Cell_Discov.COL16	fixed_background	common	251	1	PALS1	0.12922094976303986	0.1299474889746418
Che_2021_Cell_Discov	Che_2021_Cell_Discov.COL16	fixed_background	common	251	1	PARD3	0.19389135422661288	0.1963773835175279
Che_2021_Cell_Discov	Che_2021_Cell_Discov.COL16	fixed_background	common	251	1	PARD6A	-0.02566572545252234	-0.025671363270816677
Che_2021_Cell_Discov	Che_2021_Cell_Discov.COL16	fixed_background	common	251	1	PARD6B	0.20876131447194268	0.21187586666566172
Che_2021_Cell_Discov	Che_2021_Cell_Discov.COL16	fixed_background	common	251	1	PARD6G	NA	NA
Che_2021_Cell_Discov	Che_2021_Cell_Discov.COL16	fixed_background	common	251	1	PATJ	0.17766168188668674	0.17956711816421755
Che_2021_Cell_Discov	Che_2021_Cell_Discov.COL16	fixed_background	common	251	1	PRKCI	0.21361537841431924	0.21695654325266098
Che_2021_Cell_Discov	Che_2021_Cell_Discov.COL18	fixed_background	common	262	1	CLDN1	0.056892256635127605	0.056953757719866556
Che_2021_Cell_Discov	Che_2021_Cell_Discov.COL18	fixed_background	common	262	1	CLDN10	-0.05360887382734266	-0.05366031828164082
Che_2021_Cell_Discov	Che_2021_Cell_Discov.COL18	fixed_background	common	262	1	CLDN11	NA	NA
Che_2021_Cell_Discov	Che_2021_Cell_Discov.COL18	fixed_background	common	262	1	CLDN12	0.14104433134788538	0.1419909448043878
Che_2021_Cell_Discov	Che_2021_Cell_Discov.COL18	fixed_background	common	262	1	CLDN14	NA	NA
Che_2021_Cell_Discov	Che_2021_Cell_Discov.COL18	fixed_background	common	262	1	CLDN15	-0.15209705171641327	-0.15328645126272977
Che_2021_Cell_Discov	Che_2021_Cell_Discov.COL18	fixed_background	common	262	1	CLDN16	NA	NA
Che_2021_Cell_Discov	Che_2021_Cell_Discov.COL18	fixed_background	common	262	1	CLDN17	NA	NA
Che_2021_Cell_Discov	Che_2021_Cell_Discov.COL18	fixed_background	common	262	1	CLDN18	NA	NA
Che_2021_Cell_Discov	Che_2021_Cell_Discov.COL18	fixed_background	common	262	1	CLDN19	NA	NA
Che_2021_Cell_Discov	Che_2021_Cell_Discov.COL18	fixed_background	common	262	1	CLDN2	0.00771696626391373	0.007717119455201995
Che_2021_Cell_Discov	Che_2021_Cell_Discov.COL18	fixed_background	common	262	1	CLDN20	NA	NA
Che_2021_Cell_Discov	Che_2021_Cell_Discov.COL18	fixed_background	common	262	1	CLDN22	NA	NA
Che_2021_Cell_Discov	Che_2021_Cell_Discov.COL18	fixed_background	common	262	1	CLDN23	0.12729572658365015	0.12799006513397698
Che_2021_Cell_Discov	Che_2021_Cell_Discov.COL18	fixed_background	common	262	1	CLDN3	0.27721475007005514	0.284662428933833
Che_2021_Cell_Discov	Che_2021_Cell_Discov.COL18	fixed_background	common	262	1	CLDN4	0.479320418865454	0.5221016198613415
Che_2021_Cell_Discov	Che_2021_Cell_Discov.COL18	fixed_background	common	262	1	CLDN5	NA	NA
Che_2021_Cell_Discov	Che_2021_Cell_Discov.COL18	fixed_background	common	262	1	CLDN6	-0.04165065847262883	-0.041674768445863625
Che_2021_Cell_Discov	Che_2021_Cell_Discov.COL18	fixed_background	common	262	1	CLDN7	0.20388762784340778	0.2067854711126871
Che_2021_Cell_Discov	Che_2021_Cell_Discov.COL18	fixed_background	common	262	1	CLDN8	NA	NA
Che_2021_Cell_Discov	Che_2021_Cell_Discov.COL18	fixed_background	common	262	1	CLDN9	0.078418018777731	0.07857935535017302
Che_2021_Cell_Discov	Che_2021_Cell_Discov.COL18	fixed_background	common	262	1	CRB3	0.04253988133464742	0.04256556987759908
Che_2021_Cell_Discov	Che_2021_Cell_Discov.COL18	fixed_background	common	262	1	F11R	0.565819377457895	0.6413519506698268
Che_2021_Cell_Discov	Che_2021_Cell_Discov.COL18	fixed_background	common	262	1	PALS1	0.16099492716818903	0.16240792979589716
Che_2021_Cell_Discov	Che_2021_Cell_Discov.COL18	fixed_background	common	262	1	PARD3	-0.01579099872429998	-0.015792311445574376
Che_2021_Cell_Discov	Che_2021_Cell_Discov.COL18	fixed_background	common	262	1	PARD6A	-0.14821778199251245	-0.1493176914842574
Che_2021_Cell_Discov	Che_2021_Cell_Discov.COL18	fixed_background	common	262	1	PARD6B	0.1570184044522735	0.15832825422007607
Che_2021_Cell_Discov	Che_2021_Cell_Discov.COL18	fixed_background	common	262	1	PARD6G	NA	NA
Che_2021_Cell_Discov	Che_2021_Cell_Discov.COL18	fixed_background	common	262	1	PATJ	0.21556655221510723	0.21900190528130656
Che_2021_Cell_Discov	Che_2021_Cell_Discov.COL18	fixed_background	common	262	1	PRKCI	0.10995915775685228	0.11040557349084151
Giguelay_2022_Theranostics	Giguelay_2022_Theranostics.P1	fixed_background	common	806	2	CLDN1	0.08949636200356485	0.08973646023669989
Giguelay_2022_Theranostics	Giguelay_2022_Theranostics.P1	fixed_background	common	806	2	CLDN10	-0.009336212471193268	-0.00933648374860888
Giguelay_2022_Theranostics	Giguelay_2022_Theranostics.P1	fixed_background	common	806	2	CLDN11	NA	NA
Giguelay_2022_Theranostics	Giguelay_2022_Theranostics.P1	fixed_background	common	806	2	CLDN12	0.06581021165828219	0.06590546696760306
Giguelay_2022_Theranostics	Giguelay_2022_Theranostics.P1	fixed_background	common	806	2	CLDN14	-0.06118699156512894	-0.06126352181343564
Giguelay_2022_Theranostics	Giguelay_2022_Theranostics.P1	fixed_background	common	806	2	CLDN15	-0.11287206311929433	-0.11335509474364087
Giguelay_2022_Theranostics	Giguelay_2022_Theranostics.P1	fixed_background	common	806	2	CLDN16	0.009803920327703778	0.009804234453145202
Giguelay_2022_Theranostics	Giguelay_2022_Theranostics.P1	fixed_background	common	806	2	CLDN17	NA	NA
Giguelay_2022_Theranostics	Giguelay_2022_Theranostics.P1	fixed_background	common	806	2	CLDN18	NA	NA
Giguelay_2022_Theranostics	Giguelay_2022_Theranostics.P1	fixed_background	common	806	2	CLDN19	-0.02284774395321717	-0.022851720854128343
Giguelay_2022_Theranostics	Giguelay_2022_Theranostics.P1	fixed_background	common	806	2	CLDN2	-0.09494044340746677	-0.09522725063251178
Giguelay_2022_Theranostics	Giguelay_2022_Theranostics.P1	fixed_background	common	806	2	CLDN20	NA	NA
Giguelay_2022_Theranostics	Giguelay_2022_Theranostics.P1	fixed_background	common	806	2	CLDN22	NA	NA
Giguelay_2022_Theranostics	Giguelay_2022_Theranostics.P1	fixed_background	common	806	2	CLDN23	0.019429449094063727	0.01943189454294778
Giguelay_2022_Theranostics	Giguelay_2022_Theranostics.P1	fixed_background	common	806	2	CLDN3	0.2995206902759036	0.30899297338703957
Giguelay_2022_Theranostics	Giguelay_2022_Theranostics.P1	fixed_background	common	806	2	CLDN4	0.23718205997642866	0.24178607405276517
Giguelay_2022_Theranostics	Giguelay_2022_Theranostics.P1	fixed_background	common	806	2	CLDN5	NA	NA
Giguelay_2022_Theranostics	Giguelay_2022_Theranostics.P1	fixed_background	common	806	2	CLDN6	NA	NA
Giguelay_2022_Theranostics	Giguelay_2022_Theranostics.P1	fixed_background	common	806	2	CLDN7	0.14246729695284766	0.14344309113509932
Giguelay_2022_Theranostics	Giguelay_2022_Theranostics.P1	fixed_background	common	806	2	CLDN8	NA	NA
Giguelay_2022_Theranostics	Giguelay_2022_Theranostics.P1	fixed_background	common	806	2	CLDN9	0.05929776601791935	0.059367414446991826
Giguelay_2022_Theranostics	Giguelay_2022_Theranostics.P1	fixed_background	common	806	2	CRB3	0.13771817632315958	0.13859888847190988
Giguelay_2022_Theranostics	Giguelay_2022_Theranostics.P1	fixed_background	common	806	2	F11R	0.1468000923728123	0.1478684681133235
Giguelay_2022_Theranostics	Giguelay_2022_Theranostics.P1	fixed_background	common	806	2	PALS1	0.029181347342354953	0.029189634712526856
Giguelay_2022_Theranostics	Giguelay_2022_Theranostics.P1	fixed_background	common	806	2	PARD3	0.013086635106930682	0.013087382256162758
Giguelay_2022_Theranostics	Giguelay_2022_Theranostics.P1	fixed_background	common	806	2	PARD6A	-0.011633352615584482	-0.011633877457713606
Giguelay_2022_Theranostics	Giguelay_2022_Theranostics.P1	fixed_background	common	806	2	PARD6B	0.018442492245693394	0.01844458359325888
Giguelay_2022_Theranostics	Giguelay_2022_Theranostics.P1	fixed_background	common	806	2	PARD6G	0.0010626834443872317	0.0010626838444155937
Giguelay_2022_Theranostics	Giguelay_2022_Theranostics.P1	fixed_background	common	806	2	PATJ	0.0759125952142217	0.07605892255839193
Giguelay_2022_Theranostics	Giguelay_2022_Theranostics.P1	fixed_background	common	806	2	PRKCI	0.0011231832971430845	0.0011231837694572634
Giguelay_2022_Theranostics	Giguelay_2022_Theranostics.P2	fixed_background	common	530	2	CLDN1	0.0998472853079315	0.10018109284463012
Giguelay_2022_Theranostics	Giguelay_2022_Theranostics.P2	fixed_background	common	530	2	CLDN10	-0.13157989644519513	-0.1323472429113113
Giguelay_2022_Theranostics	Giguelay_2022_Theranostics.P2	fixed_background	common	530	2	CLDN11	0.05414488642761353	0.05419789131797538
Giguelay_2022_Theranostics	Giguelay_2022_Theranostics.P2	fixed_background	common	530	2	CLDN12	0.13713483607999805	0.13800431914781314
Giguelay_2022_Theranostics	Giguelay_2022_Theranostics.P2	fixed_background	common	530	2	CLDN14	-0.055924209055272664	-0.05598262001107068
Giguelay_2022_Theranostics	Giguelay_2022_Theranostics.P2	fixed_background	common	530	2	CLDN15	0.051689134874696105	0.0517352425798652
Giguelay_2022_Theranostics	Giguelay_2022_Theranostics.P2	fixed_background	common	530	2	CLDN16	0.04940362047561692	0.04944387286949665
Giguelay_2022_Theranostics	Giguelay_2022_Theranostics.P2	fixed_background	common	530	2	CLDN17	NA	NA
Giguelay_2022_Theranostics	Giguelay_2022_Theranostics.P2	fixed_background	common	530	2	CLDN18	-0.05198410842942615	-0.052031010876630035
Giguelay_2022_Theranostics	Giguelay_2022_Theranostics.P2	fixed_background	common	530	2	CLDN19	-0.06600862195786476	-0.06610474293285153
Giguelay_2022_Theranostics	Giguelay_2022_Theranostics.P2	fixed_background	common	530	2	CLDN2	-0.0726794289360113	-0.07280780756397195
Giguelay_2022_Theranostics	Giguelay_2022_Theranostics.P2	fixed_background	common	530	2	CLDN20	NA	NA
Giguelay_2022_Theranostics	Giguelay_2022_Theranostics.P2	fixed_background	common	530	2	CLDN22	NA	NA
Giguelay_2022_Theranostics	Giguelay_2022_Theranostics.P2	fixed_background	common	530	2	CLDN23	0.03462022667895872	0.034634068108256484
Giguelay_2022_Theranostics	Giguelay_2022_Theranostics.P2	fixed_background	common	530	2	CLDN3	0.1377072513997807	0.13858775235438323
Giguelay_2022_Theranostics	Giguelay_2022_Theranostics.P2	fixed_background	common	530	2	CLDN4	0.04003753573551908	0.040058949782265436
Giguelay_2022_Theranostics	Giguelay_2022_Theranostics.P2	fixed_background	common	530	2	CLDN5	-0.10788450640714572	-0.10830601222951591
Giguelay_2022_Theranostics	Giguelay_2022_Theranostics.P2	fixed_background	common	530	2	CLDN6	NA	NA
Giguelay_2022_Theranostics	Giguelay_2022_Theranostics.P2	fixed_background	common	530	2	CLDN7	0.1976121508322185	0.20024644280865372
Giguelay_2022_Theranostics	Giguelay_2022_Theranostics.P2	fixed_background	common	530	2	CLDN8	NA	NA
Giguelay_2022_Theranostics	Giguelay_2022_Theranostics.P2	fixed_background	common	530	2	CLDN9	-0.038374228494249096	-0.03839308154651412
Giguelay_2022_Theranostics	Giguelay_2022_Theranostics.P2	fixed_background	common	530	2	CRB3	0.04842160416951882	0.04845950143033949
Giguelay_2022_Theranostics	Giguelay_2022_Theranostics.P2	fixed_background	common	530	2	F11R	0.1254216489356347	0.1260855788783497
Giguelay_2022_Theranostics	Giguelay_2022_Theranostics.P2	fixed_background	common	530	2	PALS1	0.08824857540516796	0.08847873959523947
Giguelay_2022_Theranostics	Giguelay_2022_Theranostics.P2	fixed_background	common	530	2	PARD3	0.06074567821452793	0.06082056202094773
Giguelay_2022_Theranostics	Giguelay_2022_Theranostics.P2	fixed_background	common	530	2	PARD6A	0.05859363036710195	0.05866082364948381
Giguelay_2022_Theranostics	Giguelay_2022_Theranostics.P2	fixed_background	common	530	2	PARD6B	0.00032864062136649406	0.0003286406331980675
Giguelay_2022_Theranostics	Giguelay_2022_Theranostics.P2	fixed_background	common	530	2	PARD6G	0.001975053151713846	0.0019750557198386456
Giguelay_2022_Theranostics	Giguelay_2022_Theranostics.P2	fixed_background	common	530	2	PATJ	-0.02712786862558374	-0.027134526223897303
Giguelay_2022_Theranostics	Giguelay_2022_Theranostics.P2	fixed_background	common	530	2	PRKCI	0.04446542581423313	0.04449476592439178
Giguelay_2022_Theranostics	Giguelay_2022_Theranostics.P3	fixed_background	common	550	1	CLDN1	-0.020984290255533878	-0.020987371146743556
Giguelay_2022_Theranostics	Giguelay_2022_Theranostics.P3	fixed_background	common	550	1	CLDN10	0.012256705310365506	0.012257319127668396
Giguelay_2022_Theranostics	Giguelay_2022_Theranostics.P3	fixed_background	common	550	1	CLDN11	-0.08782903981217866	-0.08805592684541345
Giguelay_2022_Theranostics	Giguelay_2022_Theranostics.P3	fixed_background	common	550	1	CLDN12	0.058806250280772035	0.05887417871789971
Giguelay_2022_Theranostics	Giguelay_2022_Theranostics.P3	fixed_background	common	550	1	CLDN14	0.040489173357899276	0.040511320768053194
Giguelay_2022_Theranostics	Giguelay_2022_Theranostics.P3	fixed_background	common	550	1	CLDN15	-0.07100426567436606	-0.07112395310483789
Giguelay_2022_Theranostics	Giguelay_2022_Theranostics.P3	fixed_background	common	550	1	CLDN16	-0.04058692784249141	-0.04060923616037273
Giguelay_2022_Theranostics	Giguelay_2022_Theranostics.P3	fixed_background	common	550	1	CLDN17	NA	NA
Giguelay_2022_Theranostics	Giguelay_2022_Theranostics.P3	fixed_background	common	550	1	CLDN18	NA	NA
Giguelay_2022_Theranostics	Giguelay_2022_Theranostics.P3	fixed_background	common	550	1	CLDN19	NA	NA
Giguelay_2022_Theranostics	Giguelay_2022_Theranostics.P3	fixed_background	common	550	1	CLDN2	-0.09631893786412551	-0.09661846805341476
Giguelay_2022_Theranostics	Giguelay_2022_Theranostics.P3	fixed_background	common	550	1	CLDN20	0.06148391312169113	0.061561564620501205
Giguelay_2022_Theranostics	Giguelay_2022_Theranostics.P3	fixed_background	common	550	1	CLDN22	NA	NA
Giguelay_2022_Theranostics	Giguelay_2022_Theranostics.P3	fixed_background	common	550	1	CLDN23	0.17448841919338207	0.17629232587404242
Giguelay_2022_Theranostics	Giguelay_2022_Theranostics.P3	fixed_background	common	550	1	CLDN3	0.23603025975221198	0.24056596917074952
Giguelay_2022_Theranostics	Giguelay_2022_Theranostics.P3	fixed_background	common	550	1	CLDN4	0.2158327884272452	0.2192811329385034
Giguelay_2022_Theranostics	Giguelay_2022_Theranostics.P3	fixed_background	common	550	1	CLDN5	NA	NA
Giguelay_2022_Theranostics	Giguelay_2022_Theranostics.P3	fixed_background	common	550	1	CLDN6	0.041176918407499846	0.04120021446337412
Giguelay_2022_Theranostics	Giguelay_2022_Theranostics.P3	fixed_background	common	550	1	CLDN7	0.23378607092327902	0.23819070780478407
Giguelay_2022_Theranostics	Giguelay_2022_Theranostics.P3	fixed_background	common	550	1	CLDN8	-0.010405470408471444	-0.010405845979527779
Giguelay_2022_Theranostics	Giguelay_2022_Theranostics.P3	fixed_background	common	550	1	CLDN9	0.05730277714016817	0.057365620956993824
Giguelay_2022_Theranostics	Giguelay_2022_Theranostics.P3	fixed_background	common	550	1	CRB3	0.03903185557762997	0.03905169520794713
Giguelay_2022_Theranostics	Giguelay_2022_Theranostics.P3	fixed_background	common	550	1	F11R	0.022770089367847853	0.022774025848151053
Giguelay_2022_Theranostics	Giguelay_2022_Theranostics.P3	fixed_background	common	550	1	PALS1	0.014232156343345355	0.014233117388179022
Giguelay_2022_Theranostics	Giguelay_2022_Theranostics.P3	fixed_background	common	550	1	PARD3	-0.03048531030834648	-0.030494759461033354
Giguelay_2022_Theranostics	Giguelay_2022_Theranostics.P3	fixed_background	common	550	1	PARD6A	-0.040921867643418534	-0.0409447331985116
Giguelay_2022_Theranostics	Giguelay_2022_Theranostics.P3	fixed_background	common	550	1	PARD6B	0.051491149144589236	0.05153672849538011
Giguelay_2022_Theranostics	Giguelay_2022_Theranostics.P3	fixed_background	common	550	1	PARD6G	0.026966521052562125	0.02697306053017525
Giguelay_2022_Theranostics	Giguelay_2022_Theranostics.P3	fixed_background	common	550	1	PATJ	0.03376072237377502	0.03377355782318081
Giguelay_2022_Theranostics	Giguelay_2022_Theranostics.P3	fixed_background	common	550	1	PRKCI	0.0019269248863461588	0.0019269272712675554
Giguelay_2022_Theranostics	Giguelay_2022_Theranostics.P4	fixed_background	common	1519	4	CLDN1	0.11374966261386085	0.1142441086605293
Giguelay_2022_Theranostics	Giguelay_2022_Theranostics.P4	fixed_background	common	1519	4	CLDN10	-0.045879986656856754	-0.04591221942319619
Giguelay_2022_Theranostics	Giguelay_2022_Theranostics.P4	fixed_background	common	1519	4	CLDN11	-0.02718953197632591	-0.027196235090810896
Giguelay_2022_Theranostics	Giguelay_2022_Theranostics.P4	fixed_background	common	1519	4	CLDN12	0.0484516493713606	0.04848961728720051
Giguelay_2022_Theranostics	Giguelay_2022_Theranostics.P4	fixed_background	common	1519	4	CLDN14	-0.030800092896518527	-0.03080983790264749
Giguelay_2022_Theranostics	Giguelay_2022_Theranostics.P4	fixed_background	common	1519	4	CLDN15	-0.0769628806587861	-0.07711538069968567
Giguelay_2022_Theranostics	Giguelay_2022_Theranostics.P4	fixed_background	common	1519	4	CLDN16	6.360604429406566e-05	6.360604437984327e-05
Giguelay_2022_Theranostics	Giguelay_2022_Theranostics.P4	fixed_background	common	1519	4	CLDN17	NA	NA
Giguelay_2022_Theranostics	Giguelay_2022_Theranostics.P4	fixed_background	common	1519	4	CLDN18	NA	NA
Giguelay_2022_Theranostics	Giguelay_2022_Theranostics.P4	fixed_background	common	1519	4	CLDN19	0.0026665583477159622	0.002666564667960344
Giguelay_2022_Theranostics	Giguelay_2022_Theranostics.P4	fixed_background	common	1519	4	CLDN2	-0.02869383363345776	-0.02870171241553894
Giguelay_2022_Theranostics	Giguelay_2022_Theranostics.P4	fixed_background	common	1519	4	CLDN20	NA	NA
Giguelay_2022_Theranostics	Giguelay_2022_Theranostics.P4	fixed_background	common	1519	4	CLDN22	NA	NA
Giguelay_2022_Theranostics	Giguelay_2022_Theranostics.P4	fixed_background	common	1519	4	CLDN23	0.019037287952070783	0.019039588273017344
Giguelay_2022_Theranostics	Giguelay_2022_Theranostics.P4	fixed_background	common	1519	4	CLDN3	0.16429005604446473	0.16579259520018727
Giguelay_2022_Theranostics	Giguelay_2022_Theranostics.P4	fixed_background	common	1519	4	CLDN4	0.20519426484434466	0.20814916103508252
Giguelay_2022_Theranostics	Giguelay_2022_Theranostics.P4	fixed_background	common	1519	4	CLDN5	-0.004279965344984335	-0.004279991478887417
Giguelay_2022_Theranostics	Giguelay_2022_Theranostics.P4	fixed_background	common	1519	4	CLDN6	-0.017749580115709467	-0.017751444455640645
Giguelay_2022_Theranostics	Giguelay_2022_Theranostics.P4	fixed_background	common	1519	4	CLDN7	0.23315849002146943	0.23752694566261268
Giguelay_2022_Theranostics	Giguelay_2022_Theranostics.P4	fixed_background	common	1519	4	CLDN8	-0.0715015361698512	-0.07162376112409585
Giguelay_2022_Theranostics	Giguelay_2022_Theranostics.P4	fixed_background	common	1519	4	CLDN9	0.025035358148587955	0.02504059057989079
Giguelay_2022_Theranostics	Giguelay_2022_Theranostics.P4	fixed_background	common	1519	4	CRB3	0.1361221337471379	0.13697235264753493
Giguelay_2022_Theranostics	Giguelay_2022_Theranostics.P4	fixed_background	common	1519	4	F11R	0.07595067298688082	0.07609722114589196
Giguelay_2022_Theranostics	Giguelay_2022_Theranostics.P4	fixed_background	common	1519	4	PALS1	0.013646697917640288	0.013647545164584766
Giguelay_2022_Theranostics	Giguelay_2022_Theranostics.P4	fixed_background	common	1519	4	PARD3	-0.02834562192844506	-0.028353217249782396
Giguelay_2022_Theranostics	Giguelay_2022_Theranostics.P4	fixed_background	common	1519	4	PARD6A	-0.03329345439955718	-0.03330576400945322
Giguelay_2022_Theranostics	Giguelay_2022_Theranostics.P4	fixed_background	common	1519	4	PARD6B	0.08318838832034778	0.0833810854913765
Giguelay_2022_Theranostics	Giguelay_2022_Theranostics.P4	fixed_background	common	1519	4	PARD6G	-0.05267581542197755	-0.052724617286213665
Giguelay_2022_Theranostics	Giguelay_2022_Theranostics.P4	fixed_background	common	1519	4	PATJ	-0.05945198907314499	-0.05952218312030796
Giguelay_2022_Theranostics	Giguelay_2022_Theranostics.P4	fixed_background	common	1519	4	PRKCI	0.06780700863236244	0.06791121706579092
Liu_2024_Cancer_Res	Liu_2024_Cancer_Res.Pt01	fixed_background	common	2830	1	CLDN1	0.11884558936285664	0.11940991545037505
Liu_2024_Cancer_Res	Liu_2024_Cancer_Res.Pt01	fixed_background	common	2830	1	CLDN10	-0.0027499272790542303	-0.002749934210827411
Liu_2024_Cancer_Res	Liu_2024_Cancer_Res.Pt01	fixed_background	common	2830	1	CLDN11	-0.020490197732428578	-0.020493066045916816
Liu_2024_Cancer_Res	Liu_2024_Cancer_Res.Pt01	fixed_background	common	2830	1	CLDN12	0.07434640591146839	0.0744838424784341
Liu_2024_Cancer_Res	Liu_2024_Cancer_Res.Pt01	fixed_background	common	2830	1	CLDN14	-0.0040836758145961155	-0.004083698515171479
Liu_2024_Cancer_Res	Liu_2024_Cancer_Res.Pt01	fixed_background	common	2830	1	CLDN15	0.012287030060506488	0.012287648445368627
Liu_2024_Cancer_Res	Liu_2024_Cancer_Res.Pt01	fixed_background	common	2830	1	CLDN16	-0.01637507172997526	-0.016376535585641307
Liu_2024_Cancer_Res	Liu_2024_Cancer_Res.Pt01	fixed_background	common	2830	1	CLDN17	NA	NA
Liu_2024_Cancer_Res	Liu_2024_Cancer_Res.Pt01	fixed_background	common	2830	1	CLDN18	NA	NA
Liu_2024_Cancer_Res	Liu_2024_Cancer_Res.Pt01	fixed_background	common	2830	1	CLDN19	NA	NA
Liu_2024_Cancer_Res	Liu_2024_Cancer_Res.Pt01	fixed_background	common	2830	1	CLDN2	-0.027152068661584264	-0.027158744098249997
Liu_2024_Cancer_Res	Liu_2024_Cancer_Res.Pt01	fixed_background	common	2830	1	CLDN20	NA	NA
Liu_2024_Cancer_Res	Liu_2024_Cancer_Res.Pt01	fixed_background	common	2830	1	CLDN22	NA	NA
Liu_2024_Cancer_Res	Liu_2024_Cancer_Res.Pt01	fixed_background	common	2830	1	CLDN23	-0.027725362799425397	-0.027732470200550648
Liu_2024_Cancer_Res	Liu_2024_Cancer_Res.Pt01	fixed_background	common	2830	1	CLDN3	-0.14180561200528868	-0.1427677626537425
Liu_2024_Cancer_Res	Liu_2024_Cancer_Res.Pt01	fixed_background	common	2830	1	CLDN4	-0.059597458076050644	-0.05966816938093008
Liu_2024_Cancer_Res	Liu_2024_Cancer_Res.Pt01	fixed_background	common	2830	1	CLDN5	NA	NA
Liu_2024_Cancer_Res	Liu_2024_Cancer_Res.Pt01	fixed_background	common	2830	1	CLDN6	-0.009174318118964023	-0.00917457552697803
Liu_2024_Cancer_Res	Liu_2024_Cancer_Res.Pt01	fixed_background	common	2830	1	CLDN7	0.06268624005330832	0.06276854407053667
Liu_2024_Cancer_Res	Liu_2024_Cancer_Res.Pt01	fixed_background	common	2830	1	CLDN8	NA	NA
Liu_2024_Cancer_Res	Liu_2024_Cancer_Res.Pt01	fixed_background	common	2830	1	CLDN9	0.01953334674078802	0.019535831636477086
Liu_2024_Cancer_Res	Liu_2024_Cancer_Res.Pt01	fixed_background	common	2830	1	CRB3	0.07909961617609951	0.07926520708066098
Liu_2024_Cancer_Res	Liu_2024_Cancer_Res.Pt01	fixed_background	common	2830	1	F11R	0.22744420496810083	0.23149258584613264
Liu_2024_Cancer_Res	Liu_2024_Cancer_Res.Pt01	fixed_background	common	2830	1	PALS1	0.002783874796416569	0.0027838819880884116
Liu_2024_Cancer_Res	Liu_2024_Cancer_Res.Pt01	fixed_background	common	2830	1	PARD3	0.04071390175910316	0.040736420243285824
Liu_2024_Cancer_Res	Liu_2024_Cancer_Res.Pt01	fixed_background	common	2830	1	PARD6A	-0.03996533526834414	-0.039986633600863686
Liu_2024_Cancer_Res	Liu_2024_Cancer_Res.Pt01	fixed_background	common	2830	1	PARD6B	0.11144331382992616	0.11190814349360041
Liu_2024_Cancer_Res	Liu_2024_Cancer_Res.Pt01	fixed_background	common	2830	1	PARD6G	-0.03657785901310301	-0.03659418511186863
Liu_2024_Cancer_Res	Liu_2024_Cancer_Res.Pt01	fixed_background	common	2830	1	PATJ	0.0040321434424982	0.004032165294483651
Liu_2024_Cancer_Res	Liu_2024_Cancer_Res.Pt01	fixed_background	common	2830	1	PRKCI	0.06836918623181876	0.06847601306846174
Liu_2024_Cancer_Res	Liu_2024_Cancer_Res.Pt02	fixed_background	common	2225	1	CLDN1	0.05777992542500586	0.057844354340670916
Liu_2024_Cancer_Res	Liu_2024_Cancer_Res.Pt02	fixed_background	common	2225	1	CLDN10	-0.07758664761895906	-0.0777428948116679
Liu_2024_Cancer_Res	Liu_2024_Cancer_Res.Pt02	fixed_background	common	2225	1	CLDN11	0.007593776574304025	0.007593922545517096
Liu_2024_Cancer_Res	Liu_2024_Cancer_Res.Pt02	fixed_background	common	2225	1	CLDN12	0.06922324388520484	0.06933413218344103
Liu_2024_Cancer_Res	Liu_2024_Cancer_Res.Pt02	fixed_background	common	2225	1	CLDN14	-0.00464190600397696	-0.004641939344575029
Liu_2024_Cancer_Res	Liu_2024_Cancer_Res.Pt02	fixed_background	common	2225	1	CLDN15	-0.04254457345196025	-0.04257027050229575
Liu_2024_Cancer_Res	Liu_2024_Cancer_Res.Pt02	fixed_background	common	2225	1	CLDN16	-0.012239971860685584	-0.012240583167229206
Liu_2024_Cancer_Res	Liu_2024_Cancer_Res.Pt02	fixed_background	common	2225	1	CLDN17	NA	NA
Liu_2024_Cancer_Res	Liu_2024_Cancer_Res.Pt02	fixed_background	common	2225	1	CLDN18	NA	NA
Liu_2024_Cancer_Res	Liu_2024_Cancer_Res.Pt02	fixed_background	common	2225	1	CLDN19	NA	NA
Liu_2024_Cancer_Res	Liu_2024_Cancer_Res.Pt02	fixed_background	common	2225	1	CLDN2	-0.05668424669419227	-0.056745074795452675
Liu_2024_Cancer_Res	Liu_2024_Cancer_Res.Pt02	fixed_background	common	2225	1	CLDN20	0.013910400531047768	0.01391129785255258
Liu_2024_Cancer_Res	Liu_2024_Cancer_Res.Pt02	fixed_background	common	2225	1	CLDN22	NA	NA
Liu_2024_Cancer_Res	Liu_2024_Cancer_Res.Pt02	fixed_background	common	2225	1	CLDN23	0.08632753237591936	0.08654294675112359
Liu_2024_Cancer_Res	Liu_2024_Cancer_Res.Pt02	fixed_background	common	2225	1	CLDN3	0.19929808822072229	0.20200150272323641
Liu_2024_Cancer_Res	Liu_2024_Cancer_Res.Pt02	fixed_background	common	2225	1	CLDN4	0.18085481206981727	0.18286626471143763
Liu_2024_Cancer_Res	Liu_2024_Cancer_Res.Pt02	fixed_background	common	2225	1	CLDN5	-0.013529394605159395	-0.013530220189672358
Liu_2024_Cancer_Res	Liu_2024_Cancer_Res.Pt02	fixed_background	common	2225	1	CLDN6	0.008726456302382895	0.008726677822077498
Liu_2024_Cancer_Res	Liu_2024_Cancer_Res.Pt02	fixed_background	common	2225	1	CLDN7	0.1528388181560718	0.15404587158311794
Liu_2024_Cancer_Res	Liu_2024_Cancer_Res.Pt02	fixed_background	common	2225	1	CLDN8	NA	NA
Liu_2024_Cancer_Res	Liu_2024_Cancer_Res.Pt02	fixed_background	common	2225	1	CLDN9	0.0057272167696413735	0.005727279390375647
Liu_2024_Cancer_Res	Liu_2024_Cancer_Res.Pt02	fixed_background	common	2225	1	CRB3	0.12642376730056387	0.12710384347550985
Liu_2024_Cancer_Res	Liu_2024_Cancer_Res.Pt02	fixed_background	common	2225	1	F11R	0.23077107251145973	0.23500375996397044
Liu_2024_Cancer_Res	Liu_2024_Cancer_Res.Pt02	fixed_background	common	2225	1	PALS1	0.039748007187709884	0.03976895973262058
Liu_2024_Cancer_Res	Liu_2024_Cancer_Res.Pt02	fixed_background	common	2225	1	PARD3	0.10818475127901936	0.10860980278953766
Liu_2024_Cancer_Res	Liu_2024_Cancer_Res.Pt02	fixed_background	common	2225	1	PARD6A	-0.024555957496017734	-0.024560894989438798
Liu_2024_Cancer_Res	Liu_2024_Cancer_Res.Pt02	fixed_background	common	2225	1	PARD6B	0.17361683801600442	0.17539351579471885
Liu_2024_Cancer_Res	Liu_2024_Cancer_Res.Pt02	fixed_background	common	2225	1	PARD6G	-0.02451659705220493	-0.024521510835221756
Liu_2024_Cancer_Res	Liu_2024_Cancer_Res.Pt02	fixed_background	common	2225	1	PATJ	0.09989485761113073	0.10022914442540119
Liu_2024_Cancer_Res	Liu_2024_Cancer_Res.Pt02	fixed_background	common	2225	1	PRKCI	0.08817387708616989	0.08840345547386153
Liu_2024_Cancer_Res	Liu_2024_Cancer_Res.Pt03	fixed_background	common	2377	1	CLDN1	0.0035286393363854066	0.0035286539818719285
Liu_2024_Cancer_Res	Liu_2024_Cancer_Res.Pt03	fixed_background	common	2377	1	CLDN10	-0.04745691711135092	-0.04749259217202393
Liu_2024_Cancer_Res	Liu_2024_Cancer_Res.Pt03	fixed_background	common	2377	1	CLDN11	-0.0228559226699544	-0.02285990384407441
Liu_2024_Cancer_Res	Liu_2024_Cancer_Res.Pt03	fixed_background	common	2377	1	CLDN12	0.022561344321533845	0.022565173506377757
Liu_2024_Cancer_Res	Liu_2024_Cancer_Res.Pt03	fixed_background	common	2377	1	CLDN14	0.003763712551275402	0.00376373032309019
Liu_2024_Cancer_Res	Liu_2024_Cancer_Res.Pt03	fixed_background	common	2377	1	CLDN15	-0.011510073725487235	-0.011510582057645592
Liu_2024_Cancer_Res	Liu_2024_Cancer_Res.Pt03	fixed_background	common	2377	1	CLDN16	-0.061308069660547485	-0.061385055814643014
Liu_2024_Cancer_Res	Liu_2024_Cancer_Res.Pt03	fixed_background	common	2377	1	CLDN17	NA	NA
Liu_2024_Cancer_Res	Liu_2024_Cancer_Res.Pt03	fixed_background	common	2377	1	CLDN18	NA	NA
Liu_2024_Cancer_Res	Liu_2024_Cancer_Res.Pt03	fixed_background	common	2377	1	CLDN19	NA	NA
Liu_2024_Cancer_Res	Liu_2024_Cancer_Res.Pt03	fixed_background	common	2377	1	CLDN2	0.023456753075320875	0.023461056615288783
Liu_2024_Cancer_Res	Liu_2024_Cancer_Res.Pt03	fixed_background	common	2377	1	CLDN20	NA	NA
Liu_2024_Cancer_Res	Liu_2024_Cancer_Res.Pt03	fixed_background	common	2377	1	CLDN22	NA	NA
Liu_2024_Cancer_Res	Liu_2024_Cancer_Res.Pt03	fixed_background	common	2377	1	CLDN23	0.1142133470269853	0.114713896463919
Liu_2024_Cancer_Res	Liu_2024_Cancer_Res.Pt03	fixed_background	common	2377	1	CLDN3	0.1639789802052904	0.165472906910866
Liu_2024_Cancer_Res	Liu_2024_Cancer_Res.Pt03	fixed_background	common	2377	1	CLDN4	0.18861624208754038	0.19090197725930802
Liu_2024_Cancer_Res	Liu_2024_Cancer_Res.Pt03	fixed_background	common	2377	1	CLDN5	NA	NA
Liu_2024_Cancer_Res	Liu_2024_Cancer_Res.Pt03	fixed_background	common	2377	1	CLDN6	NA	NA
Liu_2024_Cancer_Res	Liu_2024_Cancer_Res.Pt03	fixed_background	common	2377	1	CLDN7	0.16742033079024377	0.16901141601830327
Liu_2024_Cancer_Res	Liu_2024_Cancer_Res.Pt03	fixed_background	common	2377	1	CLDN8	NA	NA
Liu_2024_Cancer_Res	Liu_2024_Cancer_Res.Pt03	fixed_background	common	2377	1	CLDN9	0.03194629074817571	0.031957165168438655
Liu_2024_Cancer_Res	Liu_2024_Cancer_Res.Pt03	fixed_background	common	2377	1	CRB3	0.05465436127845501	0.05470887835368295
Liu_2024_Cancer_Res	Liu_2024_Cancer_Res.Pt03	fixed_background	common	2377	1	F11R	0.10095766383997931	0.10130277882817026
Liu_2024_Cancer_Res	Liu_2024_Cancer_Res.Pt03	fixed_background	common	2377	1	PALS1	0.03320625609808987	0.03321846919890166
Liu_2024_Cancer_Res	Liu_2024_Cancer_Res.Pt03	fixed_background	common	2377	1	PARD3	0.03487216412743216	0.03488631008933381
Liu_2024_Cancer_Res	Liu_2024_Cancer_Res.Pt03	fixed_background	common	2377	1	PARD6A	-0.03550857600428244	-0.03552351107337499
Liu_2024_Cancer_Res	Liu_2024_Cancer_Res.Pt03	fixed_background	common	2377	1	PARD6B	0.04283863553795939	0.04286486951867416
Liu_2024_Cancer_Res	Liu_2024_Cancer_Res.Pt03	fixed_background	common	2377	1	PARD6G	-0.032145909158962045	-0.03215698878926267
Liu_2024_Cancer_Res	Liu_2024_Cancer_Res.Pt03	fixed_background	common	2377	1	PATJ	0.07897285446181379	0.07913764854290288
Liu_2024_Cancer_Res	Liu_2024_Cancer_Res.Pt03	fixed_background	common	2377	1	PRKCI	0.006478764443311517	0.006478855092986879
Liu_2024_Cancer_Res	Liu_2024_Cancer_Res.Pt04	fixed_background	common	3307	1	CLDN1	0.055554999311509215	0.05561225958896535
Liu_2024_Cancer_Res	Liu_2024_Cancer_Res.Pt04	fixed_background	common	3307	1	CLDN10	-0.019525355647969592	-0.019527837494728462
Liu_2024_Cancer_Res	Liu_2024_Cancer_Res.Pt04	fixed_background	common	3307	1	CLDN11	-0.032492886333726566	-0.03250432877924518
Liu_2024_Cancer_Res	Liu_2024_Cancer_Res.Pt04	fixed_background	common	3307	1	CLDN12	0.02565400874456282	0.02565963884315643
Liu_2024_Cancer_Res	Liu_2024_Cancer_Res.Pt04	fixed_background	common	3307	1	CLDN14	-0.0015709152777794832	-0.0015709165700031136
Liu_2024_Cancer_Res	Liu_2024_Cancer_Res.Pt04	fixed_background	common	3307	1	CLDN15	-0.0340831409772229	-0.034096347863113226
Liu_2024_Cancer_Res	Liu_2024_Cancer_Res.Pt04	fixed_background	common	3307	1	CLDN16	0.020982826615541	0.02098590686201187
Liu_2024_Cancer_Res	Liu_2024_Cancer_Res.Pt04	fixed_background	common	3307	1	CLDN17	NA	NA
Liu_2024_Cancer_Res	Liu_2024_Cancer_Res.Pt04	fixed_background	common	3307	1	CLDN18	NA	NA
Liu_2024_Cancer_Res	Liu_2024_Cancer_Res.Pt04	fixed_background	common	3307	1	CLDN19	NA	NA
Liu_2024_Cancer_Res	Liu_2024_Cancer_Res.Pt04	fixed_background	common	3307	1	CLDN2	-0.03253570587476558	-0.03254719363613665
Liu_2024_Cancer_Res	Liu_2024_Cancer_Res.Pt04	fixed_background	common	3307	1	CLDN20	NA	NA
Liu_2024_Cancer_Res	Liu_2024_Cancer_Res.Pt04	fixed_background	common	3307	1	CLDN22	NA	NA
Liu_2024_Cancer_Res	Liu_2024_Cancer_Res.Pt04	fixed_background	common	3307	1	CLDN23	0.05370674667246333	0.053758473732146594
Liu_2024_Cancer_Res	Liu_2024_Cancer_Res.Pt04	fixed_background	common	3307	1	CLDN3	0.07578773391917022	0.07593333874843729
Liu_2024_Cancer_Res	Liu_2024_Cancer_Res.Pt04	fixed_background	common	3307	1	CLDN4	0.20109671895820674	0.20387523121520776
Liu_2024_Cancer_Res	Liu_2024_Cancer_Res.Pt04	fixed_background	common	3307	1	CLDN5	NA	NA
Liu_2024_Cancer_Res	Liu_2024_Cancer_Res.Pt04	fixed_background	common	3307	1	CLDN6	0.007600641203279643	0.007600787570725402
Liu_2024_Cancer_Res	Liu_2024_Cancer_Res.Pt04	fixed_background	common	3307	1	CLDN7	0.1263674922016158	0.1270466547375478
Liu_2024_Cancer_Res	Liu_2024_Cancer_Res.Pt04	fixed_background	common	3307	1	CLDN8	NA	NA
Liu_2024_Cancer_Res	Liu_2024_Cancer_Res.Pt04	fixed_background	common	3307	1	CLDN9	0.0020947750444147437	0.0020947781084380396
Liu_2024_Cancer_Res	Liu_2024_Cancer_Res.Pt04	fixed_background	common	3307	1	CRB3	0.024003345862890352	0.024007957384667395
Liu_2024_Cancer_Res	Liu_2024_Cancer_Res.Pt04	fixed_background	common	3307	1	F11R	0.0757985918188769	0.0759442593828592
Liu_2024_Cancer_Res	Liu_2024_Cancer_Res.Pt04	fixed_background	common	3307	1	PALS1	0.001322610615886249	0.0013226113871007976
Liu_2024_Cancer_Res	Liu_2024_Cancer_Res.Pt04	fixed_background	common	3307	1	PARD3	0.016623924171818075	0.016625455793172657
Liu_2024_Cancer_Res	Liu_2024_Cancer_Res.Pt04	fixed_background	common	3307	1	PARD6A	-0.01665370269721918	-0.01665524256504711
Liu_2024_Cancer_Res	Liu_2024_Cancer_Res.Pt04	fixed_background	common	3307	1	PARD6B	0.04980586067806985	0.0498471052833305
Liu_2024_Cancer_Res	Liu_2024_Cancer_Res.Pt04	fixed_background	common	3307	1	PARD6G	-0.02845771006834376	-0.028465395879209904
Liu_2024_Cancer_Res	Liu_2024_Cancer_Res.Pt04	fixed_background	common	3307	1	PATJ	0.009124891583933228	0.009125144853835072
Liu_2024_Cancer_Res	Liu_2024_Cancer_Res.Pt04	fixed_background	common	3307	1	PRKCI	0.0046914701703375935	0.004691504590376629
Liu_2024_Cancer_Res	Liu_2024_Cancer_Res.Pt05	fixed_background	common	438	2	CLDN1	0.0854506109424988	0.08565950819267822
Liu_2024_Cancer_Res	Liu_2024_Cancer_Res.Pt05	fixed_background	common	438	2	CLDN10	0.07338717893512146	0.07351935287899372
Liu_2024_Cancer_Res	Liu_2024_Cancer_Res.Pt05	fixed_background	common	438	2	CLDN11	NA	NA
Liu_2024_Cancer_Res	Liu_2024_Cancer_Res.Pt05	fixed_background	common	438	2	CLDN12	0.16351035464061486	0.1649913702225
Liu_2024_Cancer_Res	Liu_2024_Cancer_Res.Pt05	fixed_background	common	438	2	CLDN14	0.008521955833884784	0.008522162141617919
Liu_2024_Cancer_Res	Liu_2024_Cancer_Res.Pt05	fixed_background	common	438	2	CLDN15	0.11542790715020113	0.11594468316316564
Liu_2024_Cancer_Res	Liu_2024_Cancer_Res.Pt05	fixed_background	common	438	2	CLDN16	-1.5355741061901718e-05	-1.5355741063108672e-05
Liu_2024_Cancer_Res	Liu_2024_Cancer_Res.Pt05	fixed_background	common	438	2	CLDN17	NA	NA
Liu_2024_Cancer_Res	Liu_2024_Cancer_Res.Pt05	fixed_background	common	438	2	CLDN18	NA	NA
Liu_2024_Cancer_Res	Liu_2024_Cancer_Res.Pt05	fixed_background	common	438	2	CLDN19	NA	NA
Liu_2024_Cancer_Res	Liu_2024_Cancer_Res.Pt05	fixed_background	common	438	2	CLDN2	0.02025953429782786	0.02026230681401942
Liu_2024_Cancer_Res	Liu_2024_Cancer_Res.Pt05	fixed_background	common	438	2	CLDN20	NA	NA
Liu_2024_Cancer_Res	Liu_2024_Cancer_Res.Pt05	fixed_background	common	438	2	CLDN22	NA	NA
Liu_2024_Cancer_Res	Liu_2024_Cancer_Res.Pt05	fixed_background	common	438	2	CLDN23	-0.013364544241417925	-0.013365340011760771
Liu_2024_Cancer_Res	Liu_2024_Cancer_Res.Pt05	fixed_background	common	438	2	CLDN3	0.23187777430045695	0.23617303073447865
Liu_2024_Cancer_Res	Liu_2024_Cancer_Res.Pt05	fixed_background	common	438	2	CLDN4	0.2650862914963769	0.2715712622663318
Liu_2024_Cancer_Res	Liu_2024_Cancer_Res.Pt05	fixed_background	common	438	2	CLDN5	NA	NA
Liu_2024_Cancer_Res	Liu_2024_Cancer_Res.Pt05	fixed_background	common	438	2	CLDN6	NA	NA
Liu_2024_Cancer_Res	Liu_2024_Cancer_Res.Pt05	fixed_background	common	438	2	CLDN7	0.2990125400498141	0.3084348360844457
Liu_2024_Cancer_Res	Liu_2024_Cancer_Res.Pt05	fixed_background	common	438	2	CLDN8	NA	NA
Liu_2024_Cancer_Res	Liu_2024_Cancer_Res.Pt05	fixed_background	common	438	2	CLDN9	NA	NA
Liu_2024_Cancer_Res	Liu_2024_Cancer_Res.Pt05	fixed_background	common	438	2	CRB3	0.14792510223507613	0.14901845082762116
Liu_2024_Cancer_Res	Liu_2024_Cancer_Res.Pt05	fixed_background	common	438	2	F11R	0.23811984937217412	0.24277999837295103
Liu_2024_Cancer_Res	Liu_2024_Cancer_Res.Pt05	fixed_background	common	438	2	PALS1	0.14678354667850954	0.147851558043572
Liu_2024_Cancer_Res	Liu_2024_Cancer_Res.Pt05	fixed_background	common	438	2	PARD3	0.12832658231610808	0.1290380403651673
Liu_2024_Cancer_Res	Liu_2024_Cancer_Res.Pt05	fixed_background	common	438	2	PARD6A	0.08958743179496556	0.08982826610478431
Liu_2024_Cancer_Res	Liu_2024_Cancer_Res.Pt05	fixed_background	common	438	2	PARD6B	0.15963948675963216	0.1610167331629621
Liu_2024_Cancer_Res	Liu_2024_Cancer_Res.Pt05	fixed_background	common	438	2	PARD6G	0.00434675140065378	0.004346778777163411
Liu_2024_Cancer_Res	Liu_2024_Cancer_Res.Pt05	fixed_background	common	438	2	PATJ	0.08408875899799514	0.08428779906612154
Liu_2024_Cancer_Res	Liu_2024_Cancer_Res.Pt05	fixed_background	common	438	2	PRKCI	0.05646773575568696	0.056527868613247226
Liu_2024_Cancer_Res	Liu_2024_Cancer_Res.Pt06	fixed_background	common	1169	2	CLDN1	0.11773299457008832	0.11828153178802198
Liu_2024_Cancer_Res	Liu_2024_Cancer_Res.Pt06	fixed_background	common	1169	2	CLDN10	-0.026261147096817664	-0.02626718657726714
Liu_2024_Cancer_Res	Liu_2024_Cancer_Res.Pt06	fixed_background	common	1169	2	CLDN11	-0.009265372543820996	-0.009265637692687232
Liu_2024_Cancer_Res	Liu_2024_Cancer_Res.Pt06	fixed_background	common	1169	2	CLDN12	0.10713941752809993	0.10755221025109941
Liu_2024_Cancer_Res	Liu_2024_Cancer_Res.Pt06	fixed_background	common	1169	2	CLDN14	-0.023440249019830908	-0.023444543480345102
Liu_2024_Cancer_Res	Liu_2024_Cancer_Res.Pt06	fixed_background	common	1169	2	CLDN15	-0.04332088662683803	-0.04334801727438947
Liu_2024_Cancer_Res	Liu_2024_Cancer_Res.Pt06	fixed_background	common	1169	2	CLDN16	0.031064388981340504	0.031074387110631242
Liu_2024_Cancer_Res	Liu_2024_Cancer_Res.Pt06	fixed_background	common	1169	2	CLDN17	NA	NA
Liu_2024_Cancer_Res	Liu_2024_Cancer_Res.Pt06	fixed_background	common	1169	2	CLDN18	NA	NA
Liu_2024_Cancer_Res	Liu_2024_Cancer_Res.Pt06	fixed_background	common	1169	2	CLDN19	NA	NA
Liu_2024_Cancer_Res	Liu_2024_Cancer_Res.Pt06	fixed_background	common	1169	2	CLDN2	-0.15541199277799317	-0.15668166000768963
Liu_2024_Cancer_Res	Liu_2024_Cancer_Res.Pt06	fixed_background	common	1169	2	CLDN20	-0.00945589400120115	-0.009456175845874205
Liu_2024_Cancer_Res	Liu_2024_Cancer_Res.Pt06	fixed_background	common	1169	2	CLDN22	0.008436384996898761	0.00843658515190809
Liu_2024_Cancer_Res	Liu_2024_Cancer_Res.Pt06	fixed_background	common	1169	2	CLDN23	0.056651774380146916	0.056712497868310015
Liu_2024_Cancer_Res	Liu_2024_Cancer_Res.Pt06	fixed_background	common	1169	2	CLDN3	0.0016669851744435754	0.0016669867185409395
Liu_2024_Cancer_Res	Liu_2024_Cancer_Res.Pt06	fixed_background	common	1169	2	CLDN4	0.00011148881749525422	0.0001114888179571805
Liu_2024_Cancer_Res	Liu_2024_Cancer_Res.Pt06	fixed_background	common	1169	2	CLDN5	0.009270390815173037	0.009270656395113855
Liu_2024_Cancer_Res	Liu_2024_Cancer_Res.Pt06	fixed_background	common	1169	2	CLDN6	0.021228632468650758	0.02123182225982343
Liu_2024_Cancer_Res	Liu_2024_Cancer_Res.Pt06	fixed_background	common	1169	2	CLDN7	0.22656050143200326	0.2305608709014335
Liu_2024_Cancer_Res	Liu_2024_Cancer_Res.Pt06	fixed_background	common	1169	2	CLDN8	NA	NA
Liu_2024_Cancer_Res	Liu_2024_Cancer_Res.Pt06	fixed_background	common	1169	2	CLDN9	0.03293267354520525	0.032944587129745226
Liu_2024_Cancer_Res	Liu_2024_Cancer_Res.Pt06	fixed_background	common	1169	2	CRB3	0.04153776764486451	0.04156168196949017
Liu_2024_Cancer_Res	Liu_2024_Cancer_Res.Pt06	fixed_background	common	1169	2	F11R	0.07462000700355885	0.07475896990994924
Liu_2024_Cancer_Res	Liu_2024_Cancer_Res.Pt06	fixed_background	common	1169	2	PALS1	0.03225369163974465	0.03226488313793973
Liu_2024_Cancer_Res	Liu_2024_Cancer_Res.Pt06	fixed_background	common	1169	2	PARD3	0.03559421240782094	0.035609255849929
Liu_2024_Cancer_Res	Liu_2024_Cancer_Res.Pt06	fixed_background	common	1169	2	PARD6A	-0.07301706023722779	-0.07314724019220674
Liu_2024_Cancer_Res	Liu_2024_Cancer_Res.Pt06	fixed_background	common	1169	2	PARD6B	0.011014611504211088	0.011015056973646768
Liu_2024_Cancer_Res	Liu_2024_Cancer_Res.Pt06	fixed_background	common	1169	2	PARD6G	0.022364809352294825	0.022368539316894056
Liu_2024_Cancer_Res	Liu_2024_Cancer_Res.Pt06	fixed_background	common	1169	2	PATJ	0.0260003666879322	0.026006227980074296
Liu_2024_Cancer_Res	Liu_2024_Cancer_Res.Pt06	fixed_background	common	1169	2	PRKCI	-0.034431165131012076	-0.03444478092493892
Liu_2024_Cancer_Res	Liu_2024_Cancer_Res.Pt07	fixed_background	common	829	1	CLDN1	0.13129252988892656	0.13205482468827148
Liu_2024_Cancer_Res	Liu_2024_Cancer_Res.Pt07	fixed_background	common	829	1	CLDN10	-0.07395331777726422	-0.07408858111218881
Liu_2024_Cancer_Res	Liu_2024_Cancer_Res.Pt07	fixed_background	common	829	1	CLDN11	-0.025779712953534095	-0.02578542624266239
Liu_2024_Cancer_Res	Liu_2024_Cancer_Res.Pt07	fixed_background	common	829	1	CLDN12	0.01724847852867396	0.017250189365761164
Liu_2024_Cancer_Res	Liu_2024_Cancer_Res.Pt07	fixed_background	common	829	1	CLDN14	-0.02297543156059236	-0.022979475525323617
Liu_2024_Cancer_Res	Liu_2024_Cancer_Res.Pt07	fixed_background	common	829	1	CLDN15	-0.10024942456203335	-0.1005872980861986
Liu_2024_Cancer_Res	Liu_2024_Cancer_Res.Pt07	fixed_background	common	829	1	CLDN16	-0.006031513402850774	-0.00603158654489879
Liu_2024_Cancer_Res	Liu_2024_Cancer_Res.Pt07	fixed_background	common	829	1	CLDN17	NA	NA
Liu_2024_Cancer_Res	Liu_2024_Cancer_Res.Pt07	fixed_background	common	829	1	CLDN18	NA	NA
Liu_2024_Cancer_Res	Liu_2024_Cancer_Res.Pt07	fixed_background	common	829	1	CLDN19	NA	NA
Liu_2024_Cancer_Res	Liu_2024_Cancer_Res.Pt07	fixed_background	common	829	1	CLDN2	0.03722611170354109	0.03724332179127076
Liu_2024_Cancer_Res	Liu_2024_Cancer_Res.Pt07	fixed_background	common	829	1	CLDN20	NA	NA
Liu_2024_Cancer_Res	Liu_2024_Cancer_Res.Pt07	fixed_background	common	829	1	CLDN22	NA	NA
Liu_2024_Cancer_Res	Liu_2024_Cancer_Res.Pt07	fixed_background	common	829	1	CLDN23	-0.04773478783189498	-0.047771093802269876
Liu_2024_Cancer_Res	Liu_2024_Cancer_Res.Pt07	fixed_background	common	829	1	CLDN3	0.13099240447782515	0.13174944728831897
Liu_2024_Cancer_Res	Liu_2024_Cancer_Res.Pt07	fixed_background	common	829	1	CLDN4	0.10399934335024093	0.10437674310135935
Liu_2024_Cancer_Res	Liu_2024_Cancer_Res.Pt07	fixed_background	common	829	1	CLDN5	0.00019334518349056908	0.0001933451858998022
Liu_2024_Cancer_Res	Liu_2024_Cancer_Res.Pt07	fixed_background	common	829	1	CLDN6	NA	NA
Liu_2024_Cancer_Res	Liu_2024_Cancer_Res.Pt07	fixed_background	common	829	1	CLDN7	0.08024829840848026	0.08042122779290937
Liu_2024_Cancer_Res	Liu_2024_Cancer_Res.Pt07	fixed_background	common	829	1	CLDN8	NA	NA
Liu_2024_Cancer_Res	Liu_2024_Cancer_Res.Pt07	fixed_background	common	829	1	CLDN9	0.025074844737389263	0.025080101972294197
Liu_2024_Cancer_Res	Liu_2024_Cancer_Res.Pt07	fixed_background	common	829	1	CRB3	0.06645668743044275	0.0665547826312857
Liu_2024_Cancer_Res	Liu_2024_Cancer_Res.Pt07	fixed_background	common	829	1	F11R	0.20101813953745282	0.20379334147623823
Liu_2024_Cancer_Res	Liu_2024_Cancer_Res.Pt07	fixed_background	common	829	1	PALS1	0.032216266916661754	0.03222741948660128
Liu_2024_Cancer_Res	Liu_2024_Cancer_Res.Pt07	fixed_background	common	829	1	PARD3	-0.037930122163232716	-0.03794832782975763
Liu_2024_Cancer_Res	Liu_2024_Cancer_Res.Pt07	fixed_background	common	829	1	PARD6A	-0.007633758168372892	-0.007633906457436816
Liu_2024_Cancer_Res	Liu_2024_Cancer_Res.Pt07	fixed_background	common	829	1	PARD6B	0.0989951972221452	0.09932049808417076
Liu_2024_Cancer_Res	Liu_2024_Cancer_Res.Pt07	fixed_background	common	829	1	PARD6G	-0.02545141844959085	-0.02545691618151697
Liu_2024_Cancer_Res	Liu_2024_Cancer_Res.Pt07	fixed_background	common	829	1	PATJ	0.10573975074773162	0.10613650414944155
Liu_2024_Cancer_Res	Liu_2024_Cancer_Res.Pt07	fixed_background	common	829	1	PRKCI	0.023893809591423603	0.023898358254222013
Liu_2024_Cancer_Res	Liu_2024_Cancer_Res.Pt08	fixed_background	common	6787	2	CLDN1	0.02865214331834313	0.028659987796929118
Liu_2024_Cancer_Res	Liu_2024_Cancer_Res.Pt08	fixed_background	common	6787	2	CLDN10	-0.002570523491699123	-0.0025705291533775505
Liu_2024_Cancer_Res	Liu_2024_Cancer_Res.Pt08	fixed_background	common	6787	2	CLDN11	-0.009730039102402268	-0.00973034617932
Liu_2024_Cancer_Res	Liu_2024_Cancer_Res.Pt08	fixed_background	common	6787	2	CLDN12	0.011640368404775047	0.011640894197086643
Liu_2024_Cancer_Res	Liu_2024_Cancer_Res.Pt08	fixed_background	common	6787	2	CLDN14	0.009655174923208939	0.009655474966193478
Liu_2024_Cancer_Res	Liu_2024_Cancer_Res.Pt08	fixed_background	common	6787	2	CLDN15	0.013598883977049126	0.013599722349005658
Liu_2024_Cancer_Res	Liu_2024_Cancer_Res.Pt08	fixed_background	common	6787	2	CLDN16	-0.0038510072035740322	-0.003851026240884944
Liu_2024_Cancer_Res	Liu_2024_Cancer_Res.Pt08	fixed_background	common	6787	2	CLDN17	NA	NA
Liu_2024_Cancer_Res	Liu_2024_Cancer_Res.Pt08	fixed_background	common	6787	2	CLDN18	NA	NA
Liu_2024_Cancer_Res	Liu_2024_Cancer_Res.Pt08	fixed_background	common	6787	2	CLDN19	NA	NA
Liu_2024_Cancer_Res	Liu_2024_Cancer_Res.Pt08	fixed_background	common	6787	2	CLDN2	-0.0039228419004404295	-0.00392286202309034
Liu_2024_Cancer_Res	Liu_2024_Cancer_Res.Pt08	fixed_background	common	6787	2	CLDN20	-0.028704706128815417	-0.028712593873388696
Liu_2024_Cancer_Res	Liu_2024_Cancer_Res.Pt08	fixed_background	common	6787	2	CLDN22	NA	NA
Liu_2024_Cancer_Res	Liu_2024_Cancer_Res.Pt08	fixed_background	common	6787	2	CLDN23	0.009026113385847535	0.009026358519157729
Liu_2024_Cancer_Res	Liu_2024_Cancer_Res.Pt08	fixed_background	common	6787	2	CLDN3	0.06953753630241366	0.06964994481113258
Liu_2024_Cancer_Res	Liu_2024_Cancer_Res.Pt08	fixed_background	common	6787	2	CLDN4	0.08895431113442312	0.0891900593686406
Liu_2024_Cancer_Res	Liu_2024_Cancer_Res.Pt08	fixed_background	common	6787	2	CLDN5	-0.005767415183044703	-0.0057674791316478105
Liu_2024_Cancer_Res	Liu_2024_Cancer_Res.Pt08	fixed_background	common	6787	2	CLDN6	0.00045218230464183024	0.0004521823354608973
Liu_2024_Cancer_Res	Liu_2024_Cancer_Res.Pt08	fixed_background	common	6787	2	CLDN7	0.07202203881149627	0.07214695811366276
Liu_2024_Cancer_Res	Liu_2024_Cancer_Res.Pt08	fixed_background	common	6787	2	CLDN8	NA	NA
Liu_2024_Cancer_Res	Liu_2024_Cancer_Res.Pt08	fixed_background	common	6787	2	CLDN9	0.005683248883008922	0.005683310072548816
Liu_2024_Cancer_Res	Liu_2024_Cancer_Res.Pt08	fixed_background	common	6787	2	CRB3	0.022871101098027317	0.022875090210671557
Liu_2024_Cancer_Res	Liu_2024_Cancer_Res.Pt08	fixed_background	common	6787	2	F11R	0.052162783577748555	0.05221017184616268
Liu_2024_Cancer_Res	Liu_2024_Cancer_Res.Pt08	fixed_background	common	6787	2	PALS1	0.004810684009502735	0.0048107211207259444
Liu_2024_Cancer_Res	Liu_2024_Cancer_Res.Pt08	fixed_background	common	6787	2	PARD3	0.012663956065705806	0.012664633128148611
Liu_2024_Cancer_Res	Liu_2024_Cancer_Res.Pt08	fixed_background	common	6787	2	PARD6A	-0.02054167837988635	-0.020544568370905868
Liu_2024_Cancer_Res	Liu_2024_Cancer_Res.Pt08	fixed_background	common	6787	2	PARD6B	0.04255880504505804	0.04258452791051662
Liu_2024_Cancer_Res	Liu_2024_Cancer_Res.Pt08	fixed_background	common	6787	2	PARD6G	-0.016897025320036296	-0.016898633682451425
Liu_2024_Cancer_Res	Liu_2024_Cancer_Res.Pt08	fixed_background	common	6787	2	PATJ	-0.0046330992131591075	-0.0046331323643504126
Liu_2024_Cancer_Res	Liu_2024_Cancer_Res.Pt08	fixed_background	common	6787	2	PRKCI	0.014371371727886939	0.014372361253949275
Liu_2024_Cancer_Res	Liu_2024_Cancer_Res.Pt11	fixed_background	common	661	1	CLDN1	0.06753934275776588	0.06764231973154086
Liu_2024_Cancer_Res	Liu_2024_Cancer_Res.Pt11	fixed_background	common	661	1	CLDN10	-0.08603165646718716	-0.08624485695030454
Liu_2024_Cancer_Res	Liu_2024_Cancer_Res.Pt11	fixed_background	common	661	1	CLDN11	0.007670651809090621	0.007670802258638166
Liu_2024_Cancer_Res	Liu_2024_Cancer_Res.Pt11	fixed_background	common	661	1	CLDN12	-0.0007546868138718701	-0.0007546869571497609
Liu_2024_Cancer_Res	Liu_2024_Cancer_Res.Pt11	fixed_background	common	661	1	CLDN14	-0.14149495296267287	-0.14245074266489466
Liu_2024_Cancer_Res	Liu_2024_Cancer_Res.Pt11	fixed_background	common	661	1	CLDN15	-0.08566774042331984	-0.08587823886438757
Liu_2024_Cancer_Res	Liu_2024_Cancer_Res.Pt11	fixed_background	common	661	1	CLDN16	0.02404620884667753	0.024050845122831614
Liu_2024_Cancer_Res	Liu_2024_Cancer_Res.Pt11	fixed_background	common	661	1	CLDN17	NA	NA
Liu_2024_Cancer_Res	Liu_2024_Cancer_Res.Pt11	fixed_background	common	661	1	CLDN18	NA	NA
Liu_2024_Cancer_Res	Liu_2024_Cancer_Res.Pt11	fixed_background	common	661	1	CLDN19	NA	NA
Liu_2024_Cancer_Res	Liu_2024_Cancer_Res.Pt11	fixed_background	common	661	1	CLDN2	NA	NA
Liu_2024_Cancer_Res	Liu_2024_Cancer_Res.Pt11	fixed_background	common	661	1	CLDN20	NA	NA
Liu_2024_Cancer_Res	Liu_2024_Cancer_Res.Pt11	fixed_background	common	661	1	CLDN22	NA	NA
Liu_2024_Cancer_Res	Liu_2024_Cancer_Res.Pt11	fixed_background	common	661	1	CLDN23	0.017257535550490376	0.017259249084350118
Liu_2024_Cancer_Res	Liu_2024_Cancer_Res.Pt11	fixed_background	common	661	1	CLDN3	0.0761605850943424	0.07630835454658519
Liu_2024_Cancer_Res	Liu_2024_Cancer_Res.Pt11	fixed_background	common	661	1	CLDN4	0.18075563529550276	0.18276373622663095
Liu_2024_Cancer_Res	Liu_2024_Cancer_Res.Pt11	fixed_background	common	661	1	CLDN5	NA	NA
Liu_2024_Cancer_Res	Liu_2024_Cancer_Res.Pt11	fixed_background	common	661	1	CLDN6	NA	NA
Liu_2024_Cancer_Res	Liu_2024_Cancer_Res.Pt11	fixed_background	common	661	1	CLDN7	0.09744232050705912	0.09775249463063608
Liu_2024_Cancer_Res	Liu_2024_Cancer_Res.Pt11	fixed_background	common	661	1	CLDN8	NA	NA
Liu_2024_Cancer_Res	Liu_2024_Cancer_Res.Pt11	fixed_background	common	661	1	CLDN9	0.03642818434229684	0.036444310737585
Liu_2024_Cancer_Res	Liu_2024_Cancer_Res.Pt11	fixed_background	common	661	1	CRB3	-0.07467924317053501	-0.0748185380242228
Liu_2024_Cancer_Res	Liu_2024_Cancer_Res.Pt11	fixed_background	common	661	1	F11R	0.10918742754695408	0.10962446501252075
Liu_2024_Cancer_Res	Liu_2024_Cancer_Res.Pt11	fixed_background	common	661	1	PALS1	0.0019902084162304774	0.0019902110439284915
Liu_2024_Cancer_Res	Liu_2024_Cancer_Res.Pt11	fixed_background	common	661	1	PARD3	-0.09278121879001636	-0.09304883359907731
Liu_2024_Cancer_Res	Liu_2024_Cancer_Res.Pt11	fixed_background	common	661	1	PARD6A	-0.0298447838041305	-0.02985364956965385
Liu_2024_Cancer_Res	Liu_2024_Cancer_Res.Pt11	fixed_background	common	661	1	PARD6B	0.14075175628849163	0.1416924438239917
Liu_2024_Cancer_Res	Liu_2024_Cancer_Res.Pt11	fixed_background	common	661	1	PARD6G	NA	NA
Liu_2024_Cancer_Res	Liu_2024_Cancer_Res.Pt11	fixed_background	common	661	1	PATJ	0.09319763301439656	0.09346887998483663
Liu_2024_Cancer_Res	Liu_2024_Cancer_Res.Pt11	fixed_background	common	661	1	PRKCI	0.053348546886606556	0.0533992446760911
Liu_2024_Cancer_Res	Liu_2024_Cancer_Res.Pt15	fixed_background	common	5121	1	CLDN1	0.015876785848029	0.015878120082623518
Liu_2024_Cancer_Res	Liu_2024_Cancer_Res.Pt15	fixed_background	common	5121	1	CLDN10	-0.013288892921331986	-0.013289675253469588
Liu_2024_Cancer_Res	Liu_2024_Cancer_Res.Pt15	fixed_background	common	5121	1	CLDN11	-0.02526806393229714	-0.025273443669513063
Liu_2024_Cancer_Res	Liu_2024_Cancer_Res.Pt15	fixed_background	common	5121	1	CLDN12	0.062319586116418114	0.06240045213630146
Liu_2024_Cancer_Res	Liu_2024_Cancer_Res.Pt15	fixed_background	common	5121	1	CLDN14	0.011090655642754755	0.011091110402967942
Liu_2024_Cancer_Res	Liu_2024_Cancer_Res.Pt15	fixed_background	common	5121	1	CLDN15	-0.047825069296084655	-0.04786158184362333
Liu_2024_Cancer_Res	Liu_2024_Cancer_Res.Pt15	fixed_background	common	5121	1	CLDN16	0.01637042206533252	0.016371884674243435
Liu_2024_Cancer_Res	Liu_2024_Cancer_Res.Pt15	fixed_background	common	5121	1	CLDN17	NA	NA
Liu_2024_Cancer_Res	Liu_2024_Cancer_Res.Pt15	fixed_background	common	5121	1	CLDN18	NA	NA
Liu_2024_Cancer_Res	Liu_2024_Cancer_Res.Pt15	fixed_background	common	5121	1	CLDN19	NA	NA
Liu_2024_Cancer_Res	Liu_2024_Cancer_Res.Pt15	fixed_background	common	5121	1	CLDN2	-0.04260967565492315	-0.042635490937639374
Liu_2024_Cancer_Res	Liu_2024_Cancer_Res.Pt15	fixed_background	common	5121	1	CLDN20	NA	NA
Liu_2024_Cancer_Res	Liu_2024_Cancer_Res.Pt15	fixed_background	common	5121	1	CLDN22	NA	NA
Liu_2024_Cancer_Res	Liu_2024_Cancer_Res.Pt15	fixed_background	common	5121	1	CLDN23	0.013023113956625296	0.013023850278096917
Liu_2024_Cancer_Res	Liu_2024_Cancer_Res.Pt15	fixed_background	common	5121	1	CLDN3	0.18347358725571333	0.18557492529718897
Liu_2024_Cancer_Res	Liu_2024_Cancer_Res.Pt15	fixed_background	common	5121	1	CLDN4	0.18965241838866667	0.19197659466422767
Liu_2024_Cancer_Res	Liu_2024_Cancer_Res.Pt15	fixed_background	common	5121	1	CLDN5	-0.01733011097263415	-0.017331846218609767
Liu_2024_Cancer_Res	Liu_2024_Cancer_Res.Pt15	fixed_background	common	5121	1	CLDN6	-0.011305620959392063	-0.011306102680099937
Liu_2024_Cancer_Res	Liu_2024_Cancer_Res.Pt15	fixed_background	common	5121	1	CLDN7	0.07819198330760033	0.078351925352632
Liu_2024_Cancer_Res	Liu_2024_Cancer_Res.Pt15	fixed_background	common	5121	1	CLDN8	NA	NA
Liu_2024_Cancer_Res	Liu_2024_Cancer_Res.Pt15	fixed_background	common	5121	1	CLDN9	0.05128207837258488	0.05132710419200718
Liu_2024_Cancer_Res	Liu_2024_Cancer_Res.Pt15	fixed_background	common	5121	1	CRB3	0.04698363609942883	0.04701825349235228
Liu_2024_Cancer_Res	Liu_2024_Cancer_Res.Pt15	fixed_background	common	5121	1	F11R	0.10517522296456328	0.10556562747015853
Liu_2024_Cancer_Res	Liu_2024_Cancer_Res.Pt15	fixed_background	common	5121	1	PALS1	-0.00045005847679583283	-0.0004500585071826796
Liu_2024_Cancer_Res	Liu_2024_Cancer_Res.Pt15	fixed_background	common	5121	1	PARD3	0.07512211196385413	0.07526390538554091
Liu_2024_Cancer_Res	Liu_2024_Cancer_Res.Pt15	fixed_background	common	5121	1	PARD6A	-0.007695088080910137	-0.007695239972931411
Liu_2024_Cancer_Res	Liu_2024_Cancer_Res.Pt15	fixed_background	common	5121	1	PARD6B	0.10669955230947079	0.10710725843536238
Liu_2024_Cancer_Res	Liu_2024_Cancer_Res.Pt15	fixed_background	common	5121	1	PARD6G	-0.008480345192382634	-0.008480548492709664
Liu_2024_Cancer_Res	Liu_2024_Cancer_Res.Pt15	fixed_background	common	5121	1	PATJ	0.01743332792117646	0.017435094361003274
Liu_2024_Cancer_Res	Liu_2024_Cancer_Res.Pt15	fixed_background	common	5121	1	PRKCI	0.03603419424268163	0.03604980276258486
Liu_2024_Cancer_Res	Liu_2024_Cancer_Res.Pt17	fixed_background	common	187	1	CLDN1	0.06229758460400314	0.06237836487318294
Liu_2024_Cancer_Res	Liu_2024_Cancer_Res.Pt17	fixed_background	common	187	1	CLDN10	-0.2833561497182548	-0.291327461163143
Liu_2024_Cancer_Res	Liu_2024_Cancer_Res.Pt17	fixed_background	common	187	1	CLDN11	-0.12010656892217782	-0.12068915574748099
Liu_2024_Cancer_Res	Liu_2024_Cancer_Res.Pt17	fixed_background	common	187	1	CLDN12	0.003040620638138576	0.0030406300087487508
Liu_2024_Cancer_Res	Liu_2024_Cancer_Res.Pt17	fixed_background	common	187	1	CLDN14	NA	NA
Liu_2024_Cancer_Res	Liu_2024_Cancer_Res.Pt17	fixed_background	common	187	1	CLDN15	-0.03452245966316924	-0.034536184103602395
Liu_2024_Cancer_Res	Liu_2024_Cancer_Res.Pt17	fixed_background	common	187	1	CLDN16	0.012926363247407662	0.012927083278675306
Liu_2024_Cancer_Res	Liu_2024_Cancer_Res.Pt17	fixed_background	common	187	1	CLDN17	NA	NA
Liu_2024_Cancer_Res	Liu_2024_Cancer_Res.Pt17	fixed_background	common	187	1	CLDN18	NA	NA
Liu_2024_Cancer_Res	Liu_2024_Cancer_Res.Pt17	fixed_background	common	187	1	CLDN19	NA	NA
Liu_2024_Cancer_Res	Liu_2024_Cancer_Res.Pt17	fixed_background	common	187	1	CLDN2	-0.006331225103951398	-0.006331309700463077
Liu_2024_Cancer_Res	Liu_2024_Cancer_Res.Pt17	fixed_background	common	187	1	CLDN20	NA	NA
Liu_2024_Cancer_Res	Liu_2024_Cancer_Res.Pt17	fixed_background	common	187	1	CLDN22	NA	NA
Liu_2024_Cancer_Res	Liu_2024_Cancer_Res.Pt17	fixed_background	common	187	1	CLDN23	0.1797820841814396	0.18175748501588962
Liu_2024_Cancer_Res	Liu_2024_Cancer_Res.Pt17	fixed_background	common	187	1	CLDN3	0.20928490962251284	0.21242338319008955
Liu_2024_Cancer_Res	Liu_2024_Cancer_Res.Pt17	fixed_background	common	187	1	CLDN4	0.2743467945586506	0.28155839303747593
Liu_2024_Cancer_Res	Liu_2024_Cancer_Res.Pt17	fixed_background	common	187	1	CLDN5	-0.07349083676276644	-0.07362357279474185
Liu_2024_Cancer_Res	Liu_2024_Cancer_Res.Pt17	fixed_background	common	187	1	CLDN6	0.0903266125831824	0.09057347737575214
Liu_2024_Cancer_Res	Liu_2024_Cancer_Res.Pt17	fixed_background	common	187	1	CLDN7	0.43226258552017116	0.46267584355489644
Liu_2024_Cancer_Res	Liu_2024_Cancer_Res.Pt17	fixed_background	common	187	1	CLDN8	NA	NA
Liu_2024_Cancer_Res	Liu_2024_Cancer_Res.Pt17	fixed_background	common	187	1	CLDN9	-0.06275096496827984	-0.0628335245944211
Liu_2024_Cancer_Res	Liu_2024_Cancer_Res.Pt17	fixed_background	common	187	1	CRB3	0.12014247761594818	0.12072559018660839
Liu_2024_Cancer_Res	Liu_2024_Cancer_Res.Pt17	fixed_background	common	187	1	F11R	0.2935116269417918	0.30240462272126745
Liu_2024_Cancer_Res	Liu_2024_Cancer_Res.Pt17	fixed_background	common	187	1	PALS1	0.06286571507187762	0.06294872916723529
Liu_2024_Cancer_Res	Liu_2024_Cancer_Res.Pt17	fixed_background	common	187	1	PARD3	0.08998414113781716	0.0902281995111886
Liu_2024_Cancer_Res	Liu_2024_Cancer_Res.Pt17	fixed_background	common	187	1	PARD6A	-0.0316026526245712	-0.031613179747889575
Liu_2024_Cancer_Res	Liu_2024_Cancer_Res.Pt17	fixed_background	common	187	1	PARD6B	0.2769319900118437	0.28435615644001655
Liu_2024_Cancer_Res	Liu_2024_Cancer_Res.Pt17	fixed_background	common	187	1	PARD6G	-0.028956133880099235	-0.028964230784871516
Liu_2024_Cancer_Res	Liu_2024_Cancer_Res.Pt17	fixed_background	common	187	1	PATJ	0.10071608110675143	0.10105871442862374
Liu_2024_Cancer_Res	Liu_2024_Cancer_Res.Pt17	fixed_background	common	187	1	PRKCI	0.28527857177127325	0.2934189526489573
Liu_2024_Cancer_Res	Liu_2024_Cancer_Res.Pt18	fixed_background	common	5609	1	CLDN1	-0.028925584397666067	-0.028933655693554987
Liu_2024_Cancer_Res	Liu_2024_Cancer_Res.Pt18	fixed_background	common	5609	1	CLDN10	-0.055946229226038036	-0.056004709293652005
Liu_2024_Cancer_Res	Liu_2024_Cancer_Res.Pt18	fixed_background	common	5609	1	CLDN11	-0.003202850585128608	-0.0032028615370786853
Liu_2024_Cancer_Res	Liu_2024_Cancer_Res.Pt18	fixed_background	common	5609	1	CLDN12	0.016121450927048298	0.01612284780625815
Liu_2024_Cancer_Res	Liu_2024_Cancer_Res.Pt18	fixed_background	common	5609	1	CLDN14	-0.012941321625098465	-0.012942044159086499
Liu_2024_Cancer_Res	Liu_2024_Cancer_Res.Pt18	fixed_background	common	5609	1	CLDN15	-0.03626795800018251	-0.03628387242687281
Liu_2024_Cancer_Res	Liu_2024_Cancer_Res.Pt18	fixed_background	common	5609	1	CLDN16	-0.001560120801331068	-0.0015601220670989214
Liu_2024_Cancer_Res	Liu_2024_Cancer_Res.Pt18	fixed_background	common	5609	1	CLDN17	NA	NA
Liu_2024_Cancer_Res	Liu_2024_Cancer_Res.Pt18	fixed_background	common	5609	1	CLDN18	NA	NA
Liu_2024_Cancer_Res	Liu_2024_Cancer_Res.Pt18	fixed_background	common	5609	1	CLDN19	0.00329410056682243	0.0032941124817699595
Liu_2024_Cancer_Res	Liu_2024_Cancer_Res.Pt18	fixed_background	common	5609	1	CLDN2	0.0017429922889147871	0.001742994054001047
Liu_2024_Cancer_Res	Liu_2024_Cancer_Res.Pt18	fixed_background	common	5609	1	CLDN20	-0.000539377698478909	-0.0005393777507856641
Liu_2024_Cancer_Res	Liu_2024_Cancer_Res.Pt18	fixed_background	common	5609	1	CLDN22	NA	NA
Liu_2024_Cancer_Res	Liu_2024_Cancer_Res.Pt18	fixed_background	common	5609	1	CLDN23	0.0621930448759258	0.06227341853259407
Liu_2024_Cancer_Res	Liu_2024_Cancer_Res.Pt18	fixed_background	common	5609	1	CLDN3	0.14498784662534003	0.1460168091609864
Liu_2024_Cancer_Res	Liu_2024_Cancer_Res.Pt18	fixed_background	common	5609	1	CLDN4	0.17631434825147813	0.17817621457373506
Liu_2024_Cancer_Res	Liu_2024_Cancer_Res.Pt18	fixed_background	common	5609	1	CLDN5	0.012201677429934651	0.012202283016401408
Liu_2024_Cancer_Res	Liu_2024_Cancer_Res.Pt18	fixed_background	common	5609	1	CLDN6	0.007322610994405026	0.007322741879625195
Liu_2024_Cancer_Res	Liu_2024_Cancer_Res.Pt18	fixed_background	common	5609	1	CLDN7	0.1138044688117232	0.1142996336415388
Liu_2024_Cancer_Res	Liu_2024_Cancer_Res.Pt18	fixed_background	common	5609	1	CLDN8	0.017183261268843723	0.017184952770682802
Liu_2024_Cancer_Res	Liu_2024_Cancer_Res.Pt18	fixed_background	common	5609	1	CLDN9	0.030166605485427603	0.030175761264335407
Liu_2024_Cancer_Res	Liu_2024_Cancer_Res.Pt18	fixed_background	common	5609	1	CRB3	0.011544737040782039	0.011545249979654608
Liu_2024_Cancer_Res	Liu_2024_Cancer_Res.Pt18	fixed_background	common	5609	1	F11R	0.08640037735779539	0.08661633914729834
Liu_2024_Cancer_Res	Liu_2024_Cancer_Res.Pt18	fixed_background	common	5609	1	PALS1	-0.02125998077090252	-0.021263184716599437
Liu_2024_Cancer_Res	Liu_2024_Cancer_Res.Pt18	fixed_background	common	5609	1	PARD3	0.005888514619605471	0.005888582681659854
Liu_2024_Cancer_Res	Liu_2024_Cancer_Res.Pt18	fixed_background	common	5609	1	PARD6A	-0.052600807668308845	-0.05264940112418113
Liu_2024_Cancer_Res	Liu_2024_Cancer_Res.Pt18	fixed_background	common	5609	1	PARD6B	0.07993723946086616	0.08010816056287312
Liu_2024_Cancer_Res	Liu_2024_Cancer_Res.Pt18	fixed_background	common	5609	1	PARD6G	-0.018467727650099817	-0.018469827595548726
Liu_2024_Cancer_Res	Liu_2024_Cancer_Res.Pt18	fixed_background	common	5609	1	PATJ	-0.0011949867586881868	-0.0011949873274997237
Liu_2024_Cancer_Res	Liu_2024_Cancer_Res.Pt18	fixed_background	common	5609	1	PRKCI	0.03187070656312597	0.03188150394870888
Sathe_2023_Clin_Cancer_Res	Sathe_2023_Clin_Cancer_Res.P5915	fixed_background	common	1138	1	CLDN1	0.08239378963391394	0.08258100270268864
Sathe_2023_Clin_Cancer_Res	Sathe_2023_Clin_Cancer_Res.P5915	fixed_background	common	1138	1	CLDN10	NA	NA
Sathe_2023_Clin_Cancer_Res	Sathe_2023_Clin_Cancer_Res.P5915	fixed_background	common	1138	1	CLDN11	NA	NA
Sathe_2023_Clin_Cancer_Res	Sathe_2023_Clin_Cancer_Res.P5915	fixed_background	common	1138	1	CLDN12	0.06715342053758522	0.0672546391676476
Sathe_2023_Clin_Cancer_Res	Sathe_2023_Clin_Cancer_Res.P5915	fixed_background	common	1138	1	CLDN14	NA	NA
Sathe_2023_Clin_Cancer_Res	Sathe_2023_Clin_Cancer_Res.P5915	fixed_background	common	1138	1	CLDN15	0.039540012186940796	0.03956063732169856
Sathe_2023_Clin_Cancer_Res	Sathe_2023_Clin_Cancer_Res.P5915	fixed_background	common	1138	1	CLDN16	NA	NA
Sathe_2023_Clin_Cancer_Res	Sathe_2023_Clin_Cancer_Res.P5915	fixed_background	common	1138	1	CLDN17	NA	NA
Sathe_2023_Clin_Cancer_Res	Sathe_2023_Clin_Cancer_Res.P5915	fixed_background	common	1138	1	CLDN18	NA	NA
Sathe_2023_Clin_Cancer_Res	Sathe_2023_Clin_Cancer_Res.P5915	fixed_background	common	1138	1	CLDN19	NA	NA
Sathe_2023_Clin_Cancer_Res	Sathe_2023_Clin_Cancer_Res.P5915	fixed_background	common	1138	1	CLDN2	0.07387065963760747	0.07400546893213387
Sathe_2023_Clin_Cancer_Res	Sathe_2023_Clin_Cancer_Res.P5915	fixed_background	common	1138	1	CLDN20	NA	NA
Sathe_2023_Clin_Cancer_Res	Sathe_2023_Clin_Cancer_Res.P5915	fixed_background	common	1138	1	CLDN22	NA	NA
Sathe_2023_Clin_Cancer_Res	Sathe_2023_Clin_Cancer_Res.P5915	fixed_background	common	1138	1	CLDN23	NA	NA
Sathe_2023_Clin_Cancer_Res	Sathe_2023_Clin_Cancer_Res.P5915	fixed_background	common	1138	1	CLDN3	0.046050990805529435	0.04608358563931338
Sathe_2023_Clin_Cancer_Res	Sathe_2023_Clin_Cancer_Res.P5915	fixed_background	common	1138	1	CLDN4	0.1188296415338416	0.11939373917385432
Sathe_2023_Clin_Cancer_Res	Sathe_2023_Clin_Cancer_Res.P5915	fixed_background	common	1138	1	CLDN5	NA	NA
Sathe_2023_Clin_Cancer_Res	Sathe_2023_Clin_Cancer_Res.P5915	fixed_background	common	1138	1	CLDN6	NA	NA
Sathe_2023_Clin_Cancer_Res	Sathe_2023_Clin_Cancer_Res.P5915	fixed_background	common	1138	1	CLDN7	0.045599762406906295	0.04563140767499079
Sathe_2023_Clin_Cancer_Res	Sathe_2023_Clin_Cancer_Res.P5915	fixed_background	common	1138	1	CLDN8	NA	NA
Sathe_2023_Clin_Cancer_Res	Sathe_2023_Clin_Cancer_Res.P5915	fixed_background	common	1138	1	CLDN9	NA	NA
Sathe_2023_Clin_Cancer_Res	Sathe_2023_Clin_Cancer_Res.P5915	fixed_background	common	1138	1	CRB3	-0.024776763350627104	-0.024781835271497243
Sathe_2023_Clin_Cancer_Res	Sathe_2023_Clin_Cancer_Res.P5915	fixed_background	common	1138	1	F11R	0.1083936975360023	0.1088212283409204
Sathe_2023_Clin_Cancer_Res	Sathe_2023_Clin_Cancer_Res.P5915	fixed_background	common	1138	1	PALS1	0.089507357754277	0.08974754478107401
Sathe_2023_Clin_Cancer_Res	Sathe_2023_Clin_Cancer_Res.P5915	fixed_background	common	1138	1	PARD3	0.013553822648564931	0.01355465271339716
Sathe_2023_Clin_Cancer_Res	Sathe_2023_Clin_Cancer_Res.P5915	fixed_background	common	1138	1	PARD6A	0.05591388420106565	0.05597226277039574
Sathe_2023_Clin_Cancer_Res	Sathe_2023_Clin_Cancer_Res.P5915	fixed_background	common	1138	1	PARD6B	0.09761573578916602	0.09792757526466535
Sathe_2023_Clin_Cancer_Res	Sathe_2023_Clin_Cancer_Res.P5915	fixed_background	common	1138	1	PARD6G	NA	NA
Sathe_2023_Clin_Cancer_Res	Sathe_2023_Clin_Cancer_Res.P5915	fixed_background	common	1138	1	PATJ	0.09961101214192486	0.09994244612027177
Sathe_2023_Clin_Cancer_Res	Sathe_2023_Clin_Cancer_Res.P5915	fixed_background	common	1138	1	PRKCI	0.09890957051303435	0.09923402466408962
Sathe_2023_Clin_Cancer_Res	Sathe_2023_Clin_Cancer_Res.P6198	fixed_background	common	5333	1	CLDN1	0.023813830620581896	0.02381833374901528
Sathe_2023_Clin_Cancer_Res	Sathe_2023_Clin_Cancer_Res.P6198	fixed_background	common	5333	1	CLDN10	NA	NA
Sathe_2023_Clin_Cancer_Res	Sathe_2023_Clin_Cancer_Res.P6198	fixed_background	common	5333	1	CLDN11	-0.016155704117713113	-0.016157109920620243
Sathe_2023_Clin_Cancer_Res	Sathe_2023_Clin_Cancer_Res.P6198	fixed_background	common	5333	1	CLDN12	0.016537819554746	0.01653932749719869
Sathe_2023_Clin_Cancer_Res	Sathe_2023_Clin_Cancer_Res.P6198	fixed_background	common	5333	1	CLDN14	NA	NA
Sathe_2023_Clin_Cancer_Res	Sathe_2023_Clin_Cancer_Res.P6198	fixed_background	common	5333	1	CLDN15	0.02072945899080132	0.020732428978435417
Sathe_2023_Clin_Cancer_Res	Sathe_2023_Clin_Cancer_Res.P6198	fixed_background	common	5333	1	CLDN16	NA	NA
Sathe_2023_Clin_Cancer_Res	Sathe_2023_Clin_Cancer_Res.P6198	fixed_background	common	5333	1	CLDN17	NA	NA
Sathe_2023_Clin_Cancer_Res	Sathe_2023_Clin_Cancer_Res.P6198	fixed_background	common	5333	1	CLDN18	NA	NA
Sathe_2023_Clin_Cancer_Res	Sathe_2023_Clin_Cancer_Res.P6198	fixed_background	common	5333	1	CLDN19	NA	NA
Sathe_2023_Clin_Cancer_Res	Sathe_2023_Clin_Cancer_Res.P6198	fixed_background	common	5333	1	CLDN2	NA	NA
Sathe_2023_Clin_Cancer_Res	Sathe_2023_Clin_Cancer_Res.P6198	fixed_background	common	5333	1	CLDN20	NA	NA
Sathe_2023_Clin_Cancer_Res	Sathe_2023_Clin_Cancer_Res.P6198	fixed_background	common	5333	1	CLDN22	NA	NA
Sathe_2023_Clin_Cancer_Res	Sathe_2023_Clin_Cancer_Res.P6198	fixed_background	common	5333	1	CLDN23	NA	NA
Sathe_2023_Clin_Cancer_Res	Sathe_2023_Clin_Cancer_Res.P6198	fixed_background	common	5333	1	CLDN3	-0.010882873091698097	-0.010883302766913147
Sathe_2023_Clin_Cancer_Res	Sathe_2023_Clin_Cancer_Res.P6198	fixed_background	common	5333	1	CLDN4	-0.0027515399578174585	-0.0027515469017931225
Sathe_2023_Clin_Cancer_Res	Sathe_2023_Clin_Cancer_Res.P6198	fixed_background	common	5333	1	CLDN5	NA	NA
Sathe_2023_Clin_Cancer_Res	Sathe_2023_Clin_Cancer_Res.P6198	fixed_background	common	5333	1	CLDN6	NA	NA
Sathe_2023_Clin_Cancer_Res	Sathe_2023_Clin_Cancer_Res.P6198	fixed_background	common	5333	1	CLDN7	0.04781132695201854	0.04784780800457111
Sathe_2023_Clin_Cancer_Res	Sathe_2023_Clin_Cancer_Res.P6198	fixed_background	common	5333	1	CLDN8	NA	NA
Sathe_2023_Clin_Cancer_Res	Sathe_2023_Clin_Cancer_Res.P6198	fixed_background	common	5333	1	CLDN9	0.07527610362288642	0.0754187728055599
Sathe_2023_Clin_Cancer_Res	Sathe_2023_Clin_Cancer_Res.P6198	fixed_background	common	5333	1	CRB3	-0.011604636703776958	-0.01160515766870281
Sathe_2023_Clin_Cancer_Res	Sathe_2023_Clin_Cancer_Res.P6198	fixed_background	common	5333	1	F11R	0.0330453027065666	0.03305733899607617
Sathe_2023_Clin_Cancer_Res	Sathe_2023_Clin_Cancer_Res.P6198	fixed_background	common	5333	1	PALS1	-0.016805237970169036	-0.01680682026112196
Sathe_2023_Clin_Cancer_Res	Sathe_2023_Clin_Cancer_Res.P6198	fixed_background	common	5333	1	PARD3	0.008385194880619878	0.008385391414101986
Sathe_2023_Clin_Cancer_Res	Sathe_2023_Clin_Cancer_Res.P6198	fixed_background	common	5333	1	PARD6A	-0.026416285266613194	-0.026422432445776134
Sathe_2023_Clin_Cancer_Res	Sathe_2023_Clin_Cancer_Res.P6198	fixed_background	common	5333	1	PARD6B	0.003829325448490785	0.003829344166057948
Sathe_2023_Clin_Cancer_Res	Sathe_2023_Clin_Cancer_Res.P6198	fixed_background	common	5333	1	PARD6G	0.0025567582405940006	0.0025567638118028824
Sathe_2023_Clin_Cancer_Res	Sathe_2023_Clin_Cancer_Res.P6198	fixed_background	common	5333	1	PATJ	0.025202263401516663	0.025207601209342227
Sathe_2023_Clin_Cancer_Res	Sathe_2023_Clin_Cancer_Res.P6198	fixed_background	common	5333	1	PRKCI	0.02579906050554908	0.025804786671153147
Sathe_2023_Clin_Cancer_Res	Sathe_2023_Clin_Cancer_Res.P6335	fixed_background	common	242	1	CLDN1	-0.13789595890369571	-0.1387801126427482
Sathe_2023_Clin_Cancer_Res	Sathe_2023_Clin_Cancer_Res.P6335	fixed_background	common	242	1	CLDN10	NA	NA
Sathe_2023_Clin_Cancer_Res	Sathe_2023_Clin_Cancer_Res.P6335	fixed_background	common	242	1	CLDN11	NA	NA
Sathe_2023_Clin_Cancer_Res	Sathe_2023_Clin_Cancer_Res.P6335	fixed_background	common	242	1	CLDN12	0.002355703506286993	0.002355707863833956
Sathe_2023_Clin_Cancer_Res	Sathe_2023_Clin_Cancer_Res.P6335	fixed_background	common	242	1	CLDN14	NA	NA
Sathe_2023_Clin_Cancer_Res	Sathe_2023_Clin_Cancer_Res.P6335	fixed_background	common	242	1	CLDN15	-0.017823150941069933	-0.01782503856288333
Sathe_2023_Clin_Cancer_Res	Sathe_2023_Clin_Cancer_Res.P6335	fixed_background	common	242	1	CLDN16	NA	NA
Sathe_2023_Clin_Cancer_Res	Sathe_2023_Clin_Cancer_Res.P6335	fixed_background	common	242	1	CLDN17	NA	NA
Sathe_2023_Clin_Cancer_Res	Sathe_2023_Clin_Cancer_Res.P6335	fixed_background	common	242	1	CLDN18	NA	NA
Sathe_2023_Clin_Cancer_Res	Sathe_2023_Clin_Cancer_Res.P6335	fixed_background	common	242	1	CLDN19	NA	NA
Sathe_2023_Clin_Cancer_Res	Sathe_2023_Clin_Cancer_Res.P6335	fixed_background	common	242	1	CLDN2	0.011694097202071175	0.011694630309187494
Sathe_2023_Clin_Cancer_Res	Sathe_2023_Clin_Cancer_Res.P6335	fixed_background	common	242	1	CLDN20	NA	NA
Sathe_2023_Clin_Cancer_Res	Sathe_2023_Clin_Cancer_Res.P6335	fixed_background	common	242	1	CLDN22	NA	NA
Sathe_2023_Clin_Cancer_Res	Sathe_2023_Clin_Cancer_Res.P6335	fixed_background	common	242	1	CLDN23	0.08920707956186555	0.08944484965273197
Sathe_2023_Clin_Cancer_Res	Sathe_2023_Clin_Cancer_Res.P6335	fixed_background	common	242	1	CLDN3	0.14153163368740335	0.14248817296936314
Sathe_2023_Clin_Cancer_Res	Sathe_2023_Clin_Cancer_Res.P6335	fixed_background	common	242	1	CLDN4	0.2630268231295951	0.26935743162502873
Sathe_2023_Clin_Cancer_Res	Sathe_2023_Clin_Cancer_Res.P6335	fixed_background	common	242	1	CLDN5	NA	NA
Sathe_2023_Clin_Cancer_Res	Sathe_2023_Clin_Cancer_Res.P6335	fixed_background	common	242	1	CLDN6	NA	NA
Sathe_2023_Clin_Cancer_Res	Sathe_2023_Clin_Cancer_Res.P6335	fixed_background	common	242	1	CLDN7	-0.031176870375032098	-0.031186977547558642
Sathe_2023_Clin_Cancer_Res	Sathe_2023_Clin_Cancer_Res.P6335	fixed_background	common	242	1	CLDN8	NA	NA
Sathe_2023_Clin_Cancer_Res	Sathe_2023_Clin_Cancer_Res.P6335	fixed_background	common	242	1	CLDN9	NA	NA
Sathe_2023_Clin_Cancer_Res	Sathe_2023_Clin_Cancer_Res.P6335	fixed_background	common	242	1	CRB3	0.20128560125580916	0.20407208160033313
Sathe_2023_Clin_Cancer_Res	Sathe_2023_Clin_Cancer_Res.P6335	fixed_background	common	242	1	F11R	0.12250430605171489	0.12312270379438083
Sathe_2023_Clin_Cancer_Res	Sathe_2023_Clin_Cancer_Res.P6335	fixed_background	common	242	1	PALS1	0.18036721055068916	0.18236222110858324
Sathe_2023_Clin_Cancer_Res	Sathe_2023_Clin_Cancer_Res.P6335	fixed_background	common	242	1	PARD3	-0.06611239518292338	-0.0662089710083672
Sathe_2023_Clin_Cancer_Res	Sathe_2023_Clin_Cancer_Res.P6335	fixed_background	common	242	1	PARD6A	0.1590031201972148	0.16036379280988333
Sathe_2023_Clin_Cancer_Res	Sathe_2023_Clin_Cancer_Res.P6335	fixed_background	common	242	1	PARD6B	0.20267539496996706	0.2055209852363301
Sathe_2023_Clin_Cancer_Res	Sathe_2023_Clin_Cancer_Res.P6335	fixed_background	common	242	1	PARD6G	NA	NA
Sathe_2023_Clin_Cancer_Res	Sathe_2023_Clin_Cancer_Res.P6335	fixed_background	common	242	1	PATJ	0.08986424630267356	0.09010732725927804
Sathe_2023_Clin_Cancer_Res	Sathe_2023_Clin_Cancer_Res.P6335	fixed_background	common	242	1	PRKCI	-0.01318765650567811	-0.013188421092743362
Wang_2023_Sci_Adv	Wang_2023_Sci_Adv.P0107	fixed_background	common	121	1	CLDN1	-0.028094579523110876	-0.028101974760116707
Wang_2023_Sci_Adv	Wang_2023_Sci_Adv.P0107	fixed_background	common	121	1	CLDN10	-0.32430850665524447	-0.3364545596703341
Wang_2023_Sci_Adv	Wang_2023_Sci_Adv.P0107	fixed_background	common	121	1	CLDN11	0.1241412004688386	0.12478487778109328
Wang_2023_Sci_Adv	Wang_2023_Sci_Adv.P0107	fixed_background	common	121	1	CLDN12	0.021660114385598294	0.02166350269654348
Wang_2023_Sci_Adv	Wang_2023_Sci_Adv.P0107	fixed_background	common	121	1	CLDN14	-0.0913477767101431	-0.09160313773042719
Wang_2023_Sci_Adv	Wang_2023_Sci_Adv.P0107	fixed_background	common	121	1	CLDN15	0.024859020777358774	0.024864143394133578
Wang_2023_Sci_Adv	Wang_2023_Sci_Adv.P0107	fixed_background	common	121	1	CLDN16	-0.015180391166804445	-0.015181557406144429
Wang_2023_Sci_Adv	Wang_2023_Sci_Adv.P0107	fixed_background	common	121	1	CLDN17	NA	NA
Wang_2023_Sci_Adv	Wang_2023_Sci_Adv.P0107	fixed_background	common	121	1	CLDN18	0.16466638601257255	0.16617938914285066
Wang_2023_Sci_Adv	Wang_2023_Sci_Adv.P0107	fixed_background	common	121	1	CLDN19	NA	NA
Wang_2023_Sci_Adv	Wang_2023_Sci_Adv.P0107	fixed_background	common	121	1	CLDN2	-0.17698817720672455	-0.17887174814895426
Wang_2023_Sci_Adv	Wang_2023_Sci_Adv.P0107	fixed_background	common	121	1	CLDN20	NA	NA
Wang_2023_Sci_Adv	Wang_2023_Sci_Adv.P0107	fixed_background	common	121	1	CLDN22	NA	NA
Wang_2023_Sci_Adv	Wang_2023_Sci_Adv.P0107	fixed_background	common	121	1	CLDN23	-0.08961015560916666	-0.08985117382084429
Wang_2023_Sci_Adv	Wang_2023_Sci_Adv.P0107	fixed_background	common	121	1	CLDN3	-0.18818730428337024	-0.19045725388985796
Wang_2023_Sci_Adv	Wang_2023_Sci_Adv.P0107	fixed_background	common	121	1	CLDN4	0.011703197469489866	0.011703731822224301
Wang_2023_Sci_Adv	Wang_2023_Sci_Adv.P0107	fixed_background	common	121	1	CLDN5	-0.07102923406061398	-0.0711490480544229
Wang_2023_Sci_Adv	Wang_2023_Sci_Adv.P0107	fixed_background	common	121	1	CLDN6	NA	NA
Wang_2023_Sci_Adv	Wang_2023_Sci_Adv.P0107	fixed_background	common	121	1	CLDN7	0.2848397624225485	0.2929413324822904
Wang_2023_Sci_Adv	Wang_2023_Sci_Adv.P0107	fixed_background	common	121	1	CLDN8	0.012627115876184392	0.012627787046581601
Wang_2023_Sci_Adv	Wang_2023_Sci_Adv.P0107	fixed_background	common	121	1	CLDN9	0.21605511022062623	0.2195143290866679
Wang_2023_Sci_Adv	Wang_2023_Sci_Adv.P0107	fixed_background	common	121	1	CRB3	-0.01577086725166747	-0.015772174958193736
Wang_2023_Sci_Adv	Wang_2023_Sci_Adv.P0107	fixed_background	common	121	1	F11R	0.2189184717309422	0.22251985599666202
Wang_2023_Sci_Adv	Wang_2023_Sci_Adv.P0107	fixed_background	common	121	1	PALS1	0.11507395333409945	0.11558596456398663
Wang_2023_Sci_Adv	Wang_2023_Sci_Adv.P0107	fixed_background	common	121	1	PARD3	-0.00952569878405188	-0.009525986917000615
Wang_2023_Sci_Adv	Wang_2023_Sci_Adv.P0107	fixed_background	common	121	1	PARD6A	-0.037143710628707714	-0.037160806621211004
Wang_2023_Sci_Adv	Wang_2023_Sci_Adv.P0107	fixed_background	common	121	1	PARD6B	0.13091871102962296	0.13167446799329963
Wang_2023_Sci_Adv	Wang_2023_Sci_Adv.P0107	fixed_background	common	121	1	PARD6G	NA	NA
Wang_2023_Sci_Adv	Wang_2023_Sci_Adv.P0107	fixed_background	common	121	1	PATJ	0.04856426791063035	0.048602501445504445
Wang_2023_Sci_Adv	Wang_2023_Sci_Adv.P0107	fixed_background	common	121	1	PRKCI	0.09656897401916219	0.09687085174069128
Wang_2023_Sci_Adv	Wang_2023_Sci_Adv.P0813	fixed_background	common	3124	2	CLDN1	0.031217810502530023	0.03122795755984486
Wang_2023_Sci_Adv	Wang_2023_Sci_Adv.P0813	fixed_background	common	3124	2	CLDN10	-0.016816228051604216	-0.016817813449240396
Wang_2023_Sci_Adv	Wang_2023_Sci_Adv.P0813	fixed_background	common	3124	2	CLDN11	-0.013194909705935533	-0.013195675555349493
Wang_2023_Sci_Adv	Wang_2023_Sci_Adv.P0813	fixed_background	common	3124	2	CLDN12	0.02453234010716093	0.02453726336452989
Wang_2023_Sci_Adv	Wang_2023_Sci_Adv.P0813	fixed_background	common	3124	2	CLDN14	-0.028395521581601867	-0.028403157099001965
Wang_2023_Sci_Adv	Wang_2023_Sci_Adv.P0813	fixed_background	common	3124	2	CLDN15	-0.03158627349760597	-0.031596784254777216
Wang_2023_Sci_Adv	Wang_2023_Sci_Adv.P0813	fixed_background	common	3124	2	CLDN16	-0.015020471834533288	-0.015021601599924226
Wang_2023_Sci_Adv	Wang_2023_Sci_Adv.P0813	fixed_background	common	3124	2	CLDN17	NA	NA
Wang_2023_Sci_Adv	Wang_2023_Sci_Adv.P0813	fixed_background	common	3124	2	CLDN18	0.02220287078405404	0.02220652029458904
Wang_2023_Sci_Adv	Wang_2023_Sci_Adv.P0813	fixed_background	common	3124	2	CLDN19	0.010731057332963721	0.010731469275178039
Wang_2023_Sci_Adv	Wang_2023_Sci_Adv.P0813	fixed_background	common	3124	2	CLDN2	-0.1491037627800598	-0.15022369503783448
Wang_2023_Sci_Adv	Wang_2023_Sci_Adv.P0813	fixed_background	common	3124	2	CLDN20	NA	NA
Wang_2023_Sci_Adv	Wang_2023_Sci_Adv.P0813	fixed_background	common	3124	2	CLDN22	NA	NA
Wang_2023_Sci_Adv	Wang_2023_Sci_Adv.P0813	fixed_background	common	3124	2	CLDN23	0.06869382833739045	0.0688021870751885
Wang_2023_Sci_Adv	Wang_2023_Sci_Adv.P0813	fixed_background	common	3124	2	CLDN3	0.14002876224170957	0.14095491344284294
Wang_2023_Sci_Adv	Wang_2023_Sci_Adv.P0813	fixed_background	common	3124	2	CLDN4	0.16940284132619485	0.17105179754472746
Wang_2023_Sci_Adv	Wang_2023_Sci_Adv.P0813	fixed_background	common	3124	2	CLDN5	-0.011738645640365752	-0.011739184863642806
Wang_2023_Sci_Adv	Wang_2023_Sci_Adv.P0813	fixed_background	common	3124	2	CLDN6	0.0206628862493648	0.020665827709548786
Wang_2023_Sci_Adv	Wang_2023_Sci_Adv.P0813	fixed_background	common	3124	2	CLDN7	0.21015564735355885	0.2133341802057279
Wang_2023_Sci_Adv	Wang_2023_Sci_Adv.P0813	fixed_background	common	3124	2	CLDN8	0.011289549896001158	0.01129002956520965
Wang_2023_Sci_Adv	Wang_2023_Sci_Adv.P0813	fixed_background	common	3124	2	CLDN9	0.010283782829530503	0.010284145377096932
Wang_2023_Sci_Adv	Wang_2023_Sci_Adv.P0813	fixed_background	common	3124	2	CRB3	0.06434645443460241	0.0644354838199018
Wang_2023_Sci_Adv	Wang_2023_Sci_Adv.P0813	fixed_background	common	3124	2	F11R	0.1254123666998359	0.12607614830504735
Wang_2023_Sci_Adv	Wang_2023_Sci_Adv.P0813	fixed_background	common	3124	2	PALS1	0.05130823294242355	0.05135332776111868
Wang_2023_Sci_Adv	Wang_2023_Sci_Adv.P0813	fixed_background	common	3124	2	PARD3	0.023600147595210532	0.023604530560875855
Wang_2023_Sci_Adv	Wang_2023_Sci_Adv.P0813	fixed_background	common	3124	2	PARD6A	0.005977760536031951	0.005977831739901774
Wang_2023_Sci_Adv	Wang_2023_Sci_Adv.P0813	fixed_background	common	3124	2	PARD6B	0.08330873065738179	0.0835022676600903
Wang_2023_Sci_Adv	Wang_2023_Sci_Adv.P0813	fixed_background	common	3124	2	PARD6G	0.02331755766432582	0.023321785028215317
Wang_2023_Sci_Adv	Wang_2023_Sci_Adv.P0813	fixed_background	common	3124	2	PATJ	0.016912960643444132	0.01691457356113881
Wang_2023_Sci_Adv	Wang_2023_Sci_Adv.P0813	fixed_background	common	3124	2	PRKCI	-0.00853035223417244	-0.00853055915232886
Wang_2023_Sci_Adv	Wang_2023_Sci_Adv.P0920	fixed_background	common	9962	2	CLDN1	0.1005976007592723	0.10093902137496247
Wang_2023_Sci_Adv	Wang_2023_Sci_Adv.P0920	fixed_background	common	9962	2	CLDN10	0.0034128113913519183	0.0034128246414362813
Wang_2023_Sci_Adv	Wang_2023_Sci_Adv.P0920	fixed_background	common	9962	2	CLDN11	-0.0015737052752554787	-0.001573706574376447
Wang_2023_Sci_Adv	Wang_2023_Sci_Adv.P0920	fixed_background	common	9962	2	CLDN12	0.02851135404189513	0.02851908341315164
Wang_2023_Sci_Adv	Wang_2023_Sci_Adv.P0920	fixed_background	common	9962	2	CLDN14	-0.004014675991047485	-0.004014697560267855
Wang_2023_Sci_Adv	Wang_2023_Sci_Adv.P0920	fixed_background	common	9962	2	CLDN15	-0.004347207899707594	-0.004347235284843499
Wang_2023_Sci_Adv	Wang_2023_Sci_Adv.P0920	fixed_background	common	9962	2	CLDN16	0.010205923549985405	0.010206277924776973
Wang_2023_Sci_Adv	Wang_2023_Sci_Adv.P0920	fixed_background	common	9962	2	CLDN17	NA	NA
Wang_2023_Sci_Adv	Wang_2023_Sci_Adv.P0920	fixed_background	common	9962	2	CLDN18	0.002254714411950242	0.0022547182327536494
Wang_2023_Sci_Adv	Wang_2023_Sci_Adv.P0920	fixed_background	common	9962	2	CLDN19	0.016233553389637487	0.016234979615157328
Wang_2023_Sci_Adv	Wang_2023_Sci_Adv.P0920	fixed_background	common	9962	2	CLDN2	0.00967795396507379	0.009678256136788124
Wang_2023_Sci_Adv	Wang_2023_Sci_Adv.P0920	fixed_background	common	9962	2	CLDN20	NA	NA
Wang_2023_Sci_Adv	Wang_2023_Sci_Adv.P0920	fixed_background	common	9962	2	CLDN22	NA	NA
Wang_2023_Sci_Adv	Wang_2023_Sci_Adv.P0920	fixed_background	common	9962	2	CLDN23	0.014336836189421127	0.01433781859830088
Wang_2023_Sci_Adv	Wang_2023_Sci_Adv.P0920	fixed_background	common	9962	2	CLDN3	0.0866471364777788	0.08686495953039967
Wang_2023_Sci_Adv	Wang_2023_Sci_Adv.P0920	fixed_background	common	9962	2	CLDN4	0.21639097116738892	0.2198666624698274
Wang_2023_Sci_Adv	Wang_2023_Sci_Adv.P0920	fixed_background	common	9962	2	CLDN5	0.005585932466434564	0.005585990566138387
Wang_2023_Sci_Adv	Wang_2023_Sci_Adv.P0920	fixed_background	common	9962	2	CLDN6	0.024096396865568366	0.024101062238917132
Wang_2023_Sci_Adv	Wang_2023_Sci_Adv.P0920	fixed_background	common	9962	2	CLDN7	0.0409184257032736	0.040941285485314324
Wang_2023_Sci_Adv	Wang_2023_Sci_Adv.P0920	fixed_background	common	9962	2	CLDN8	-0.015194348614860005	-0.015195518074314943
Wang_2023_Sci_Adv	Wang_2023_Sci_Adv.P0920	fixed_background	common	9962	2	CLDN9	0.045396750118318355	0.04542797425995109
Wang_2023_Sci_Adv	Wang_2023_Sci_Adv.P0920	fixed_background	common	9962	2	CRB3	0.043519434804188246	0.04354694048438608
Wang_2023_Sci_Adv	Wang_2023_Sci_Adv.P0920	fixed_background	common	9962	2	F11R	0.058253760361193264	0.05831978957904439
Wang_2023_Sci_Adv	Wang_2023_Sci_Adv.P0920	fixed_background	common	9962	2	PALS1	-0.01394705334815063	-0.013947957782031726
Wang_2023_Sci_Adv	Wang_2023_Sci_Adv.P0920	fixed_background	common	9962	2	PARD3	0.03265885276375541	0.03267047151821775
Wang_2023_Sci_Adv	Wang_2023_Sci_Adv.P0920	fixed_background	common	9962	2	PARD6A	0.014315433894484616	0.014316411909894527
Wang_2023_Sci_Adv	Wang_2023_Sci_Adv.P0920	fixed_background	common	9962	2	PARD6B	0.04357817999367725	0.04360579729575402
Wang_2023_Sci_Adv	Wang_2023_Sci_Adv.P0920	fixed_background	common	9962	2	PARD6G	-0.013601138405687321	-0.013601977194700798
Wang_2023_Sci_Adv	Wang_2023_Sci_Adv.P0920	fixed_background	common	9962	2	PATJ	-0.018175692494515363	-0.018177694373126992
Wang_2023_Sci_Adv	Wang_2023_Sci_Adv.P0920	fixed_background	common	9962	2	PRKCI	0.018257197383914327	0.01825922631803931
Wang_2023_Sci_Adv	Wang_2023_Sci_Adv.P1231	fixed_background	common	286	1	CLDN1	0.1585151040723278	0.1598631584576881
Wang_2023_Sci_Adv	Wang_2023_Sci_Adv.P1231	fixed_background	common	286	1	CLDN10	-0.16184561363873	-0.16328137525970562
Wang_2023_Sci_Adv	Wang_2023_Sci_Adv.P1231	fixed_background	common	286	1	CLDN11	-0.0783066036408655	-0.07846725182446976
Wang_2023_Sci_Adv	Wang_2023_Sci_Adv.P1231	fixed_background	common	286	1	CLDN12	-0.06366307838384089	-0.06374929670089857
Wang_2023_Sci_Adv	Wang_2023_Sci_Adv.P1231	fixed_background	common	286	1	CLDN14	-0.16184561363873	-0.16328137525970562
Wang_2023_Sci_Adv	Wang_2023_Sci_Adv.P1231	fixed_background	common	286	1	CLDN15	-0.06161305414512778	-0.0616911967184874
Wang_2023_Sci_Adv	Wang_2023_Sci_Adv.P1231	fixed_background	common	286	1	CLDN16	-0.03629127276281782	-0.03630721791708836
Wang_2023_Sci_Adv	Wang_2023_Sci_Adv.P1231	fixed_background	common	286	1	CLDN17	NA	NA
Wang_2023_Sci_Adv	Wang_2023_Sci_Adv.P1231	fixed_background	common	286	1	CLDN18	NA	NA
Wang_2023_Sci_Adv	Wang_2023_Sci_Adv.P1231	fixed_background	common	286	1	CLDN19	NA	NA
Wang_2023_Sci_Adv	Wang_2023_Sci_Adv.P1231	fixed_background	common	286	1	CLDN2	-0.27845035025200704	-0.286001384568337
Wang_2023_Sci_Adv	Wang_2023_Sci_Adv.P1231	fixed_background	common	286	1	CLDN20	NA	NA
Wang_2023_Sci_Adv	Wang_2023_Sci_Adv.P1231	fixed_background	common	286	1	CLDN22	NA	NA
Wang_2023_Sci_Adv	Wang_2023_Sci_Adv.P1231	fixed_background	common	286	1	CLDN23	0.06138116481763661	0.061458427079726666
Wang_2023_Sci_Adv	Wang_2023_Sci_Adv.P1231	fixed_background	common	286	1	CLDN3	0.2239723769093195	0.22783438930853012
Wang_2023_Sci_Adv	Wang_2023_Sci_Adv.P1231	fixed_background	common	286	1	CLDN4	0.30860958213754647	0.3190078982438701
Wang_2023_Sci_Adv	Wang_2023_Sci_Adv.P1231	fixed_background	common	286	1	CLDN5	0.0029089143261345823	0.002908922531043074
Wang_2023_Sci_Adv	Wang_2023_Sci_Adv.P1231	fixed_background	common	286	1	CLDN6	-0.012973349526806876	-0.01297407743894654
Wang_2023_Sci_Adv	Wang_2023_Sci_Adv.P1231	fixed_background	common	286	1	CLDN7	0.4794045321909126	0.5222108279331718
Wang_2023_Sci_Adv	Wang_2023_Sci_Adv.P1231	fixed_background	common	286	1	CLDN8	-0.06446370206570838	-0.06455321982174113
Wang_2023_Sci_Adv	Wang_2023_Sci_Adv.P1231	fixed_background	common	286	1	CLDN9	0.12157888842375468	0.12218329438936591
Wang_2023_Sci_Adv	Wang_2023_Sci_Adv.P1231	fixed_background	common	286	1	CRB3	0.14427326090165987	0.14528695634450955
Wang_2023_Sci_Adv	Wang_2023_Sci_Adv.P1231	fixed_background	common	286	1	F11R	0.27853287165713647	0.2860908442496927
Wang_2023_Sci_Adv	Wang_2023_Sci_Adv.P1231	fixed_background	common	286	1	PALS1	0.08119640612607014	0.08137555406754032
Wang_2023_Sci_Adv	Wang_2023_Sci_Adv.P1231	fixed_background	common	286	1	PARD3	0.09078363720936744	0.09103428070379507
Wang_2023_Sci_Adv	Wang_2023_Sci_Adv.P1231	fixed_background	common	286	1	PARD6A	0.0005948223061619009	0.0005948223763139849
Wang_2023_Sci_Adv	Wang_2023_Sci_Adv.P1231	fixed_background	common	286	1	PARD6B	0.32322094524917605	0.33523964652115057
Wang_2023_Sci_Adv	Wang_2023_Sci_Adv.P1231	fixed_background	common	286	1	PARD6G	NA	NA
Wang_2023_Sci_Adv	Wang_2023_Sci_Adv.P1231	fixed_background	common	286	1	PATJ	-0.1338665993339817	-0.13467495052881223
Wang_2023_Sci_Adv	Wang_2023_Sci_Adv.P1231	fixed_background	common	286	1	PRKCI	0.09491808274545183	0.09520468663355286
Che_2021_Cell_Discov	Che_2021_Cell_Discov.COL07	target_mean	common	1872	1	CLDN1	-0.03698863970781708	-0.037005522354745454
Che_2021_Cell_Discov	Che_2021_Cell_Discov.COL07	target_mean	common	1872	1	CLDN10	NA	NA
Che_2021_Cell_Discov	Che_2021_Cell_Discov.COL07	target_mean	common	1872	1	CLDN11	NA	NA
Che_2021_Cell_Discov	Che_2021_Cell_Discov.COL07	target_mean	common	1872	1	CLDN12	-0.06320275470386111	-0.06328711330918156
Che_2021_Cell_Discov	Che_2021_Cell_Discov.COL07	target_mean	common	1872	1	CLDN14	NA	NA
Che_2021_Cell_Discov	Che_2021_Cell_Discov.COL07	target_mean	common	1872	1	CLDN15	0.00011172392972233279	0.00011172393018718763
Che_2021_Cell_Discov	Che_2021_Cell_Discov.COL07	target_mean	common	1872	1	CLDN16	0.0022747420022543323	0.0022747459257803234
Che_2021_Cell_Discov	Che_2021_Cell_Discov.COL07	target_mean	common	1872	1	CLDN17	NA	NA
Che_2021_Cell_Discov	Che_2021_Cell_Discov.COL07	target_mean	common	1872	1	CLDN18	NA	NA
Che_2021_Cell_Discov	Che_2021_Cell_Discov.COL07	target_mean	common	1872	1	CLDN19	NA	NA
Che_2021_Cell_Discov	Che_2021_Cell_Discov.COL07	target_mean	common	1872	1	CLDN2	-0.1900407833506876	-0.19237948032917684
Che_2021_Cell_Discov	Che_2021_Cell_Discov.COL07	target_mean	common	1872	1	CLDN20	NA	NA
Che_2021_Cell_Discov	Che_2021_Cell_Discov.COL07	target_mean	common	1872	1	CLDN22	NA	NA
Che_2021_Cell_Discov	Che_2021_Cell_Discov.COL07	target_mean	common	1872	1	CLDN23	NA	NA
Che_2021_Cell_Discov	Che_2021_Cell_Discov.COL07	target_mean	common	1872	1	CLDN3	0.12469606711567324	0.1253484688307362
Che_2021_Cell_Discov	Che_2021_Cell_Discov.COL07	target_mean	common	1872	1	CLDN4	0.4016630216280977	0.42563028950511844
Che_2021_Cell_Discov	Che_2021_Cell_Discov.COL07	target_mean	common	1872	1	CLDN5	NA	NA
Che_2021_Cell_Discov	Che_2021_Cell_Discov.COL07	target_mean	common	1872	1	CLDN6	NA	NA
Che_2021_Cell_Discov	Che_2021_Cell_Discov.COL07	target_mean	common	1872	1	CLDN7	0.11695267121700706	0.1174903138433144
Che_2021_Cell_Discov	Che_2021_Cell_Discov.COL07	target_mean	common	1872	1	CLDN8	NA	NA
Che_2021_Cell_Discov	Che_2021_Cell_Discov.COL07	target_mean	common	1872	1	CLDN9	NA	NA
Che_2021_Cell_Discov	Che_2021_Cell_Discov.COL07	target_mean	common	1872	1	CRB3	-0.04458721134084229	-0.04461679338194172
Che_2021_Cell_Discov	Che_2021_Cell_Discov.COL07	target_mean	common	1872	1	F11R	-0.030079521547664485	-0.0300885982348751
Che_2021_Cell_Discov	Che_2021_Cell_Discov.COL07	target_mean	common	1872	1	PALS1	0.08341905534963152	0.08361336442370929
Che_2021_Cell_Discov	Che_2021_Cell_Discov.COL07	target_mean	common	1872	1	PARD3	0.22938512425308524	0.23354034413933483
Che_2021_Cell_Discov	Che_2021_Cell_Discov.COL07	target_mean	common	1872	1	PARD6A	-0.0686791360402247	-0.06878742513364998
Che_2021_Cell_Discov	Che_2021_Cell_Discov.COL07	target_mean	common	1872	1	PARD6B	0.18593377933962255	0.18812201392356817
Che_2021_Cell_Discov	Che_2021_Cell_Discov.COL07	target_mean	common	1872	1	PARD6G	0.007234562731581634	0.007234688951892158
Che_2021_Cell_Discov	Che_2021_Cell_Discov.COL07	target_mean	common	1872	1	PATJ	0.05717553068841394	0.05723795623448685
Che_2021_Cell_Discov	Che_2021_Cell_Discov.COL07	target_mean	common	1872	1	PRKCI	0.06983283063701057	0.0699466801018572
Che_2021_Cell_Discov	Che_2021_Cell_Discov.COL12	target_mean	common	294	1	CLDN1	0.18616371164947862	0.1883601905113543
Che_2021_Cell_Discov	Che_2021_Cell_Discov.COL12	target_mean	common	294	1	CLDN10	NA	NA
Che_2021_Cell_Discov	Che_2021_Cell_Discov.COL12	target_mean	common	294	1	CLDN11	NA	NA
Che_2021_Cell_Discov	Che_2021_Cell_Discov.COL12	target_mean	common	294	1	CLDN12	0.041219584361369396	0.041242952957121146
Che_2021_Cell_Discov	Che_2021_Cell_Discov.COL12	target_mean	common	294	1	CLDN14	NA	NA
Che_2021_Cell_Discov	Che_2021_Cell_Discov.COL12	target_mean	common	294	1	CLDN15	0.23792018545540497	0.2425683434574841
Che_2021_Cell_Discov	Che_2021_Cell_Discov.COL12	target_mean	common	294	1	CLDN16	0.09537449327358795	0.09566526671677936
Che_2021_Cell_Discov	Che_2021_Cell_Discov.COL12	target_mean	common	294	1	CLDN17	NA	NA
Che_2021_Cell_Discov	Che_2021_Cell_Discov.COL12	target_mean	common	294	1	CLDN18	NA	NA
Che_2021_Cell_Discov	Che_2021_Cell_Discov.COL12	target_mean	common	294	1	CLDN19	NA	NA
Che_2021_Cell_Discov	Che_2021_Cell_Discov.COL12	target_mean	common	294	1	CLDN2	NA	NA
Che_2021_Cell_Discov	Che_2021_Cell_Discov.COL12	target_mean	common	294	1	CLDN20	NA	NA
Che_2021_Cell_Discov	Che_2021_Cell_Discov.COL12	target_mean	common	294	1	CLDN22	NA	NA
Che_2021_Cell_Discov	Che_2021_Cell_Discov.COL12	target_mean	common	294	1	CLDN23	0.025480362660845426	0.025485879175610685
Che_2021_Cell_Discov	Che_2021_Cell_Discov.COL12	target_mean	common	294	1	CLDN3	0.1940439096197759	0.19653590295806025
Che_2021_Cell_Discov	Che_2021_Cell_Discov.COL12	target_mean	common	294	1	CLDN4	0.48705376983126697	0.5321905402776403
Che_2021_Cell_Discov	Che_2021_Cell_Discov.COL12	target_mean	common	294	1	CLDN5	NA	NA
Che_2021_Cell_Discov	Che_2021_Cell_Discov.COL12	target_mean	common	294	1	CLDN6	0.01892431423833761	0.01892657384336366
Che_2021_Cell_Discov	Che_2021_Cell_Discov.COL12	target_mean	common	294	1	CLDN7	0.39662404901260556	0.4196363699281463
Che_2021_Cell_Discov	Che_2021_Cell_Discov.COL12	target_mean	common	294	1	CLDN8	NA	NA
Che_2021_Cell_Discov	Che_2021_Cell_Discov.COL12	target_mean	common	294	1	CLDN9	NA	NA
Che_2021_Cell_Discov	Che_2021_Cell_Discov.COL12	target_mean	common	294	1	CRB3	0.1323894295027541	0.13317112805612175
Che_2021_Cell_Discov	Che_2021_Cell_Discov.COL12	target_mean	common	294	1	F11R	0.12373846653304901	0.12437586089740639
Che_2021_Cell_Discov	Che_2021_Cell_Discov.COL12	target_mean	common	294	1	PALS1	0.23508427300637832	0.23956440851020586
Che_2021_Cell_Discov	Che_2021_Cell_Discov.COL12	target_mean	common	294	1	PARD3	0.23563522723853936	0.24014767219264593
Che_2021_Cell_Discov	Che_2021_Cell_Discov.COL12	target_mean	common	294	1	PARD6A	NA	NA
Che_2021_Cell_Discov	Che_2021_Cell_Discov.COL12	target_mean	common	294	1	PARD6B	0.3555038481899568	0.3717298281663992
Che_2021_Cell_Discov	Che_2021_Cell_Discov.COL12	target_mean	common	294	1	PARD6G	NA	NA
Che_2021_Cell_Discov	Che_2021_Cell_Discov.COL12	target_mean	common	294	1	PATJ	0.3355310115932041	0.3490480226206273
Che_2021_Cell_Discov	Che_2021_Cell_Discov.COL12	target_mean	common	294	1	PRKCI	0.09575657297986742	0.09605086803652023
Che_2021_Cell_Discov	Che_2021_Cell_Discov.COL15	target_mean	common	1265	1	CLDN1	0.04651175132995777	0.04654533522357142
Che_2021_Cell_Discov	Che_2021_Cell_Discov.COL15	target_mean	common	1265	1	CLDN10	-0.010015308933192432	-0.010015643819918919
Che_2021_Cell_Discov	Che_2021_Cell_Discov.COL15	target_mean	common	1265	1	CLDN11	0.0116675654241415	0.011668094910718196
Che_2021_Cell_Discov	Che_2021_Cell_Discov.COL15	target_mean	common	1265	1	CLDN12	0.07396987191477963	0.07410522630418992
Che_2021_Cell_Discov	Che_2021_Cell_Discov.COL15	target_mean	common	1265	1	CLDN14	0.014373774701203643	0.014374764723752808
Che_2021_Cell_Discov	Che_2021_Cell_Discov.COL15	target_mean	common	1265	1	CLDN15	0.031735506518535385	0.03174616701905393
Che_2021_Cell_Discov	Che_2021_Cell_Discov.COL15	target_mean	common	1265	1	CLDN16	-0.03215477940108699	-0.032165868209552834
Che_2021_Cell_Discov	Che_2021_Cell_Discov.COL15	target_mean	common	1265	1	CLDN17	NA	NA
Che_2021_Cell_Discov	Che_2021_Cell_Discov.COL15	target_mean	common	1265	1	CLDN18	NA	NA
Che_2021_Cell_Discov	Che_2021_Cell_Discov.COL15	target_mean	common	1265	1	CLDN19	NA	NA
Che_2021_Cell_Discov	Che_2021_Cell_Discov.COL15	target_mean	common	1265	1	CLDN2	NA	NA
Che_2021_Cell_Discov	Che_2021_Cell_Discov.COL15	target_mean	common	1265	1	CLDN20	NA	NA
Che_2021_Cell_Discov	Che_2021_Cell_Discov.COL15	target_mean	common	1265	1	CLDN22	NA	NA
Che_2021_Cell_Discov	Che_2021_Cell_Discov.COL15	target_mean	common	1265	1	CLDN23	0.06892169122859775	0.06903113391801988
Che_2021_Cell_Discov	Che_2021_Cell_Discov.COL15	target_mean	common	1265	1	CLDN3	0.2523117610622088	0.257880216433446
Che_2021_Cell_Discov	Che_2021_Cell_Discov.COL15	target_mean	common	1265	1	CLDN4	0.2445157036087918	0.24957137217788203
Che_2021_Cell_Discov	Che_2021_Cell_Discov.COL15	target_mean	common	1265	1	CLDN5	NA	NA
Che_2021_Cell_Discov	Che_2021_Cell_Discov.COL15	target_mean	common	1265	1	CLDN6	-0.04748913600354611	-0.04752488383957368
Che_2021_Cell_Discov	Che_2021_Cell_Discov.COL15	target_mean	common	1265	1	CLDN7	0.27561345757379163	0.2829286683919792
Che_2021_Cell_Discov	Che_2021_Cell_Discov.COL15	target_mean	common	1265	1	CLDN8	NA	NA
Che_2021_Cell_Discov	Che_2021_Cell_Discov.COL15	target_mean	common	1265	1	CLDN9	0.06923575365253615	0.06934670219536404
Che_2021_Cell_Discov	Che_2021_Cell_Discov.COL15	target_mean	common	1265	1	CRB3	0.006429657404283012	0.006429746008219283
Che_2021_Cell_Discov	Che_2021_Cell_Discov.COL15	target_mean	common	1265	1	F11R	0.05695135518656946	0.05701304837851395
Che_2021_Cell_Discov	Che_2021_Cell_Discov.COL15	target_mean	common	1265	1	PALS1	-0.03301490795899582	-0.033026911051985484
Che_2021_Cell_Discov	Che_2021_Cell_Discov.COL15	target_mean	common	1265	1	PARD3	0.14540657149681777	0.14644455180790977
Che_2021_Cell_Discov	Che_2021_Cell_Discov.COL15	target_mean	common	1265	1	PARD6A	-0.038568174421697674	-0.03858731494648316
Che_2021_Cell_Discov	Che_2021_Cell_Discov.COL15	target_mean	common	1265	1	PARD6B	0.20367609631651404	0.20656477471508275
Che_2021_Cell_Discov	Che_2021_Cell_Discov.COL15	target_mean	common	1265	1	PARD6G	NA	NA
Che_2021_Cell_Discov	Che_2021_Cell_Discov.COL15	target_mean	common	1265	1	PATJ	0.11156251391329863	0.11202884423737638
Che_2021_Cell_Discov	Che_2021_Cell_Discov.COL15	target_mean	common	1265	1	PRKCI	0.18465077988089212	0.18679339860276029
Che_2021_Cell_Discov	Che_2021_Cell_Discov.COL16	target_mean	common	251	1	CLDN1	0.03255293764986599	0.03256444368132752
Che_2021_Cell_Discov	Che_2021_Cell_Discov.COL16	target_mean	common	251	1	CLDN10	NA	NA
Che_2021_Cell_Discov	Che_2021_Cell_Discov.COL16	target_mean	common	251	1	CLDN11	NA	NA
Che_2021_Cell_Discov	Che_2021_Cell_Discov.COL16	target_mean	common	251	1	CLDN12	0.09226233122465986	0.09252546584767912
Che_2021_Cell_Discov	Che_2021_Cell_Discov.COL16	target_mean	common	251	1	CLDN14	NA	NA
Che_2021_Cell_Discov	Che_2021_Cell_Discov.COL16	target_mean	common	251	1	CLDN15	0.05838341079789693	0.058449882469323075
Che_2021_Cell_Discov	Che_2021_Cell_Discov.COL16	target_mean	common	251	1	CLDN16	NA	NA
Che_2021_Cell_Discov	Che_2021_Cell_Discov.COL16	target_mean	common	251	1	CLDN17	NA	NA
Che_2021_Cell_Discov	Che_2021_Cell_Discov.COL16	target_mean	common	251	1	CLDN18	NA	NA
Che_2021_Cell_Discov	Che_2021_Cell_Discov.COL16	target_mean	common	251	1	CLDN19	NA	NA
Che_2021_Cell_Discov	Che_2021_Cell_Discov.COL16	target_mean	common	251	1	CLDN2	NA	NA
Che_2021_Cell_Discov	Che_2021_Cell_Discov.COL16	target_mean	common	251	1	CLDN20	NA	NA
Che_2021_Cell_Discov	Che_2021_Cell_Discov.COL16	target_mean	common	251	1	CLDN22	NA	NA
Che_2021_Cell_Discov	Che_2021_Cell_Discov.COL16	target_mean	common	251	1	CLDN23	NA	NA
Che_2021_Cell_Discov	Che_2021_Cell_Discov.COL16	target_mean	common	251	1	CLDN3	0.17471904357955825	0.17653020227139538
Che_2021_Cell_Discov	Che_2021_Cell_Discov.COL16	target_mean	common	251	1	CLDN4	0.2643055916944319	0.27073174233343195
Che_2021_Cell_Discov	Che_2021_Cell_Discov.COL16	target_mean	common	251	1	CLDN5	NA	NA
Che_2021_Cell_Discov	Che_2021_Cell_Discov.COL16	target_mean	common	251	1	CLDN6	0.06570870054760343	0.06580351498525945
Che_2021_Cell_Discov	Che_2021_Cell_Discov.COL16	target_mean	common	251	1	CLDN7	0.06121552600213274	0.06129216353068789
Che_2021_Cell_Discov	Che_2021_Cell_Discov.COL16	target_mean	common	251	1	CLDN8	NA	NA
Che_2021_Cell_Discov	Che_2021_Cell_Discov.COL16	target_mean	common	251	1	CLDN9	0.0529848871419632	0.05303455405648222
Che_2021_Cell_Discov	Che_2021_Cell_Discov.COL16	target_mean	common	251	1	CRB3	0.006484817932393952	0.006484908836408991
Che_2021_Cell_Discov	Che_2021_Cell_Discov.COL16	target_mean	common	251	1	F11R	0.029221896222699124	0.02923021819982507
Che_2021_Cell_Discov	Che_2021_Cell_Discov.COL16	target_mean	common	251	1	PALS1	0.03180398099576224	0.0318147106785623
Che_2021_Cell_Discov	Che_2021_Cell_Discov.COL16	target_mean	common	251	1	PARD3	0.1558553489003653	0.15713602161209983
Che_2021_Cell_Discov	Che_2021_Cell_Discov.COL16	target_mean	common	251	1	PARD6A	-0.062375444092493036	-0.06245652809155322
Che_2021_Cell_Discov	Che_2021_Cell_Discov.COL16	target_mean	common	251	1	PARD6B	0.12238758874272143	0.12300420990517481
Che_2021_Cell_Discov	Che_2021_Cell_Discov.COL16	target_mean	common	251	1	PARD6G	NA	NA
Che_2021_Cell_Discov	Che_2021_Cell_Discov.COL16	target_mean	common	251	1	PATJ	0.09546600117060682	0.09575761545127015
Che_2021_Cell_Discov	Che_2021_Cell_Discov.COL16	target_mean	common	251	1	PRKCI	0.06975434825017439	0.06986781354453332
Che_2021_Cell_Discov	Che_2021_Cell_Discov.COL18	target_mean	common	262	1	CLDN1	0.06664926709700264	0.0667482190863088
Che_2021_Cell_Discov	Che_2021_Cell_Discov.COL18	target_mean	common	262	1	CLDN10	-0.28178121451174815	-0.2896158628063622
Che_2021_Cell_Discov	Che_2021_Cell_Discov.COL18	target_mean	common	262	1	CLDN11	NA	NA
Che_2021_Cell_Discov	Che_2021_Cell_Discov.COL18	target_mean	common	262	1	CLDN12	0.22355229976511623	0.2273921704417294
Che_2021_Cell_Discov	Che_2021_Cell_Discov.COL18	target_mean	common	262	1	CLDN14	NA	NA
Che_2021_Cell_Discov	Che_2021_Cell_Discov.COL18	target_mean	common	262	1	CLDN15	-0.13689515489150594	-0.13776005231009555
Che_2021_Cell_Discov	Che_2021_Cell_Discov.COL18	target_mean	common	262	1	CLDN16	NA	NA
Che_2021_Cell_Discov	Che_2021_Cell_Discov.COL18	target_mean	common	262	1	CLDN17	NA	NA
Che_2021_Cell_Discov	Che_2021_Cell_Discov.COL18	target_mean	common	262	1	CLDN18	NA	NA
Che_2021_Cell_Discov	Che_2021_Cell_Discov.COL18	target_mean	common	262	1	CLDN19	NA	NA
Che_2021_Cell_Discov	Che_2021_Cell_Discov.COL18	target_mean	common	262	1	CLDN2	-0.07072984212024154	-0.07084814439919992
Che_2021_Cell_Discov	Che_2021_Cell_Discov.COL18	target_mean	common	262	1	CLDN20	NA	NA
Che_2021_Cell_Discov	Che_2021_Cell_Discov.COL18	target_mean	common	262	1	CLDN22	NA	NA
Che_2021_Cell_Discov	Che_2021_Cell_Discov.COL18	target_mean	common	262	1	CLDN23	0.11704374732305324	0.11758265395451717
Che_2021_Cell_Discov	Che_2021_Cell_Discov.COL18	target_mean	common	262	1	CLDN3	0.28232774513460596	0.29020963047546294
Che_2021_Cell_Discov	Che_2021_Cell_Discov.COL18	target_mean	common	262	1	CLDN4	0.4290843925551185	0.4587739161722574
Che_2021_Cell_Discov	Che_2021_Cell_Discov.COL18	target_mean	common	262	1	CLDN5	NA	NA
Che_2021_Cell_Discov	Che_2021_Cell_Discov.COL18	target_mean	common	262	1	CLDN6	-0.025638950538631654	-0.025644570726292892
Che_2021_Cell_Discov	Che_2021_Cell_Discov.COL18	target_mean	common	262	1	CLDN7	0.1496305352101368	0.15076248825186228
Che_2021_Cell_Discov	Che_2021_Cell_Discov.COL18	target_mean	common	262	1	CLDN8	NA	NA
Che_2021_Cell_Discov	Che_2021_Cell_Discov.COL18	target_mean	common	262	1	CLDN9	0.07565116408535037	0.07579598138488922
Che_2021_Cell_Discov	Che_2021_Cell_Discov.COL18	target_mean	common	262	1	CRB3	0.10336289028632378	0.10373337394172584
Che_2021_Cell_Discov	Che_2021_Cell_Discov.COL18	target_mean	common	262	1	F11R	0.5378401411174007	0.6011116795390965
Che_2021_Cell_Discov	Che_2021_Cell_Discov.COL18	target_mean	common	262	1	PALS1	0.1330243816240426	0.13381746288267238
Che_2021_Cell_Discov	Che_2021_Cell_Discov.COL18	target_mean	common	262	1	PARD3	-0.1043002580917456	-0.10468095771624783
Che_2021_Cell_Discov	Che_2021_Cell_Discov.COL18	target_mean	common	262	1	PARD6A	-0.11913947574450749	-0.11970802280271595
Che_2021_Cell_Discov	Che_2021_Cell_Discov.COL18	target_mean	common	262	1	PARD6B	0.1341134830275618	0.13492634763933437
Che_2021_Cell_Discov	Che_2021_Cell_Discov.COL18	target_mean	common	262	1	PARD6G	NA	NA
Che_2021_Cell_Discov	Che_2021_Cell_Discov.COL18	target_mean	common	262	1	PATJ	0.1607688428483004	0.1621758382539624
Che_2021_Cell_Discov	Che_2021_Cell_Discov.COL18	target_mean	common	262	1	PRKCI	0.12219760395706403	0.12281134066703783
Giguelay_2022_Theranostics	Giguelay_2022_Theranostics.P1	target_mean	common	806	2	CLDN1	0.07386032375901984	0.07399507635046843
Giguelay_2022_Theranostics	Giguelay_2022_Theranostics.P1	target_mean	common	806	2	CLDN10	-0.0028601016277129926	-0.0028601094264679066
Giguelay_2022_Theranostics	Giguelay_2022_Theranostics.P1	target_mean	common	806	2	CLDN11	NA	NA
Giguelay_2022_Theranostics	Giguelay_2022_Theranostics.P1	target_mean	common	806	2	CLDN12	0.04135864831336596	0.04138225438918923
Giguelay_2022_Theranostics	Giguelay_2022_Theranostics.P1	target_mean	common	806	2	CLDN14	-0.0719623611106729	-0.07208696949921983
Giguelay_2022_Theranostics	Giguelay_2022_Theranostics.P1	target_mean	common	806	2	CLDN15	-0.10235839795919287	-0.10271814003397085
Giguelay_2022_Theranostics	Giguelay_2022_Theranostics.P1	target_mean	common	806	2	CLDN16	0.02528342785981713	0.025288817418758006
Giguelay_2022_Theranostics	Giguelay_2022_Theranostics.P1	target_mean	common	806	2	CLDN17	NA	NA
Giguelay_2022_Theranostics	Giguelay_2022_Theranostics.P1	target_mean	common	806	2	CLDN18	NA	NA
Giguelay_2022_Theranostics	Giguelay_2022_Theranostics.P1	target_mean	common	806	2	CLDN19	0.0016926921460818033	0.0016926937627222093
Giguelay_2022_Theranostics	Giguelay_2022_Theranostics.P1	target_mean	common	806	2	CLDN2	-0.1043383146788542	-0.10471943301127933
Giguelay_2022_Theranostics	Giguelay_2022_Theranostics.P1	target_mean	common	806	2	CLDN20	NA	NA
Giguelay_2022_Theranostics	Giguelay_2022_Theranostics.P1	target_mean	common	806	2	CLDN22	NA	NA
Giguelay_2022_Theranostics	Giguelay_2022_Theranostics.P1	target_mean	common	806	2	CLDN23	0.021536605563776484	0.021539936232148914
Giguelay_2022_Theranostics	Giguelay_2022_Theranostics.P1	target_mean	common	806	2	CLDN3	0.2907693363621977	0.29940644708029507
Giguelay_2022_Theranostics	Giguelay_2022_Theranostics.P1	target_mean	common	806	2	CLDN4	0.23950194410828135	0.244245682297519
Giguelay_2022_Theranostics	Giguelay_2022_Theranostics.P1	target_mean	common	806	2	CLDN5	NA	NA
Giguelay_2022_Theranostics	Giguelay_2022_Theranostics.P1	target_mean	common	806	2	CLDN6	NA	NA
Giguelay_2022_Theranostics	Giguelay_2022_Theranostics.P1	target_mean	common	806	2	CLDN7	0.11811205441477167	0.1186659370704774
Giguelay_2022_Theranostics	Giguelay_2022_Theranostics.P1	target_mean	common	806	2	CLDN8	NA	NA
Giguelay_2022_Theranostics	Giguelay_2022_Theranostics.P1	target_mean	common	806	2	CLDN9	0.08665821602890367	0.08687612290379354
Giguelay_2022_Theranostics	Giguelay_2022_Theranostics.P1	target_mean	common	806	2	CRB3	0.14245887733647286	0.14343449709642564
Giguelay_2022_Theranostics	Giguelay_2022_Theranostics.P1	target_mean	common	806	2	F11R	0.1474889711899733	0.14857259231527112
Giguelay_2022_Theranostics	Giguelay_2022_Theranostics.P1	target_mean	common	806	2	PALS1	0.0078590294618374	0.007859191270433788
Giguelay_2022_Theranostics	Giguelay_2022_Theranostics.P1	target_mean	common	806	2	PARD3	0.0047451367505598014	0.0047451723653845245
Giguelay_2022_Theranostics	Giguelay_2022_Theranostics.P1	target_mean	common	806	2	PARD6A	-0.01731141504734048	-0.01731314468268962
Giguelay_2022_Theranostics	Giguelay_2022_Theranostics.P1	target_mean	common	806	2	PARD6B	-0.003991180903581556	-0.003991202096322779
Giguelay_2022_Theranostics	Giguelay_2022_Theranostics.P1	target_mean	common	806	2	PARD6G	0.004895127177490638	0.004895166277505968
Giguelay_2022_Theranostics	Giguelay_2022_Theranostics.P1	target_mean	common	806	2	PATJ	0.06662218783475723	0.0667210190471792
Giguelay_2022_Theranostics	Giguelay_2022_Theranostics.P1	target_mean	common	806	2	PRKCI	0.029765368038428427	0.029774163192779077
Giguelay_2022_Theranostics	Giguelay_2022_Theranostics.P2	target_mean	common	530	2	CLDN1	0.10961816784091552	0.11006042328598001
Giguelay_2022_Theranostics	Giguelay_2022_Theranostics.P2	target_mean	common	530	2	CLDN10	-0.12192765043253874	-0.12253730419323568
Giguelay_2022_Theranostics	Giguelay_2022_Theranostics.P2	target_mean	common	530	2	CLDN11	0.05339553659736635	0.053446368622949034
Giguelay_2022_Theranostics	Giguelay_2022_Theranostics.P2	target_mean	common	530	2	CLDN12	0.10535435430650525	0.10574676594935616
Giguelay_2022_Theranostics	Giguelay_2022_Theranostics.P2	target_mean	common	530	2	CLDN14	-0.07161529187465591	-0.07173810232533813
Giguelay_2022_Theranostics	Giguelay_2022_Theranostics.P2	target_mean	common	530	2	CLDN15	0.059884137943290755	0.059955876064662655
Giguelay_2022_Theranostics	Giguelay_2022_Theranostics.P2	target_mean	common	530	2	CLDN16	0.010133339850530032	0.010133686717804817
Giguelay_2022_Theranostics	Giguelay_2022_Theranostics.P2	target_mean	common	530	2	CLDN17	NA	NA
Giguelay_2022_Theranostics	Giguelay_2022_Theranostics.P2	target_mean	common	530	2	CLDN18	-0.04946482603273998	-0.04950522836366338
Giguelay_2022_Theranostics	Giguelay_2022_Theranostics.P2	target_mean	common	530	2	CLDN19	-0.0590809809644084	-0.05914986724166793
Giguelay_2022_Theranostics	Giguelay_2022_Theranostics.P2	target_mean	common	530	2	CLDN2	-0.08228170180247876	-0.08246814978427855
Giguelay_2022_Theranostics	Giguelay_2022_Theranostics.P2	target_mean	common	530	2	CLDN20	NA	NA
Giguelay_2022_Theranostics	Giguelay_2022_Theranostics.P2	target_mean	common	530	2	CLDN22	NA	NA
Giguelay_2022_Theranostics	Giguelay_2022_Theranostics.P2	target_mean	common	530	2	CLDN23	0.03676986250194402	0.03678644718842519
Giguelay_2022_Theranostics	Giguelay_2022_Theranostics.P2	target_mean	common	530	2	CLDN3	0.10801538977801456	0.10843843879265527
Giguelay_2022_Theranostics	Giguelay_2022_Theranostics.P2	target_mean	common	530	2	CLDN4	-0.02761042316500306	-0.027617442510889767
Giguelay_2022_Theranostics	Giguelay_2022_Theranostics.P2	target_mean	common	530	2	CLDN5	-0.08167032296660223	-0.08185263462584876
Giguelay_2022_Theranostics	Giguelay_2022_Theranostics.P2	target_mean	common	530	2	CLDN6	NA	NA
Giguelay_2022_Theranostics	Giguelay_2022_Theranostics.P2	target_mean	common	530	2	CLDN7	0.23648657821567293	0.24104926422765957
Giguelay_2022_Theranostics	Giguelay_2022_Theranostics.P2	target_mean	common	530	2	CLDN8	NA	NA
Giguelay_2022_Theranostics	Giguelay_2022_Theranostics.P2	target_mean	common	530	2	CLDN9	-0.04119984662130226	-0.04122318164059992
Giguelay_2022_Theranostics	Giguelay_2022_Theranostics.P2	target_mean	common	530	2	CRB3	0.06442845790198053	0.06451782866802903
Giguelay_2022_Theranostics	Giguelay_2022_Theranostics.P2	target_mean	common	530	2	F11R	0.13055407035420713	0.1313034864963121
Giguelay_2022_Theranostics	Giguelay_2022_Theranostics.P2	target_mean	common	530	2	PALS1	0.08503275975868502	0.08523859861255292
Giguelay_2022_Theranostics	Giguelay_2022_Theranostics.P2	target_mean	common	530	2	PARD3	0.05965664331254331	0.0597275657945688
Giguelay_2022_Theranostics	Giguelay_2022_Theranostics.P2	target_mean	common	530	2	PARD6A	0.002401831855476414	0.0024018364740519436
Giguelay_2022_Theranostics	Giguelay_2022_Theranostics.P2	target_mean	common	530	2	PARD6B	-0.020658414527487335	-0.0206613540780459
Giguelay_2022_Theranostics	Giguelay_2022_Theranostics.P2	target_mean	common	530	2	PARD6G	0.013300528823647696	0.013301313212787024
Giguelay_2022_Theranostics	Giguelay_2022_Theranostics.P2	target_mean	common	530	2	PATJ	0.004109798907164227	0.00410982204617901
Giguelay_2022_Theranostics	Giguelay_2022_Theranostics.P2	target_mean	common	530	2	PRKCI	0.03244243360505274	0.03245382280974619
Giguelay_2022_Theranostics	Giguelay_2022_Theranostics.P3	target_mean	common	550	1	CLDN1	-0.07820897585808494	-0.07836902245729775
Giguelay_2022_Theranostics	Giguelay_2022_Theranostics.P3	target_mean	common	550	1	CLDN10	0.019606591139160946	0.019609104097039722
Giguelay_2022_Theranostics	Giguelay_2022_Theranostics.P3	target_mean	common	550	1	CLDN11	-0.06519180778201435	-0.06528439844984173
Giguelay_2022_Theranostics	Giguelay_2022_Theranostics.P3	target_mean	common	550	1	CLDN12	0.05303876697654923	0.05308858573380844
Giguelay_2022_Theranostics	Giguelay_2022_Theranostics.P3	target_mean	common	550	1	CLDN14	0.04183411398968528	0.04185854417920357
Giguelay_2022_Theranostics	Giguelay_2022_Theranostics.P3	target_mean	common	550	1	CLDN15	-0.040351336550849916	-0.040373258394891275
Giguelay_2022_Theranostics	Giguelay_2022_Theranostics.P3	target_mean	common	550	1	CLDN16	-0.05459215066697039	-0.054646481568885366
Giguelay_2022_Theranostics	Giguelay_2022_Theranostics.P3	target_mean	common	550	1	CLDN17	NA	NA
Giguelay_2022_Theranostics	Giguelay_2022_Theranostics.P3	target_mean	common	550	1	CLDN18	NA	NA
Giguelay_2022_Theranostics	Giguelay_2022_Theranostics.P3	target_mean	common	550	1	CLDN19	NA	NA
Giguelay_2022_Theranostics	Giguelay_2022_Theranostics.P3	target_mean	common	550	1	CLDN2	-0.05910812792594395	-0.05917710933713468
Giguelay_2022_Theranostics	Giguelay_2022_Theranostics.P3	target_mean	common	550	1	CLDN20	0.06723163950818954	0.06733321288575099
Giguelay_2022_Theranostics	Giguelay_2022_Theranostics.P3	target_mean	common	550	1	CLDN22	NA	NA
Giguelay_2022_Theranostics	Giguelay_2022_Theranostics.P3	target_mean	common	550	1	CLDN23	0.16826616934666136	0.16988177379183064
Giguelay_2022_Theranostics	Giguelay_2022_Theranostics.P3	target_mean	common	550	1	CLDN3	0.22426422582699632	0.22814167277403546
Giguelay_2022_Theranostics	Giguelay_2022_Theranostics.P3	target_mean	common	550	1	CLDN4	0.1904785638653432	0.19283370314742138
Giguelay_2022_Theranostics	Giguelay_2022_Theranostics.P3	target_mean	common	550	1	CLDN5	NA	NA
Giguelay_2022_Theranostics	Giguelay_2022_Theranostics.P3	target_mean	common	550	1	CLDN6	0.022619275622399557	0.022623134385977777
Giguelay_2022_Theranostics	Giguelay_2022_Theranostics.P3	target_mean	common	550	1	CLDN7	0.23669307562234745	0.24126800562976222
Giguelay_2022_Theranostics	Giguelay_2022_Theranostics.P3	target_mean	common	550	1	CLDN8	0.009239788072051489	0.009240051030435972
Giguelay_2022_Theranostics	Giguelay_2022_Theranostics.P3	target_mean	common	550	1	CLDN9	0.04048820833657092	0.04051035416213481
Giguelay_2022_Theranostics	Giguelay_2022_Theranostics.P3	target_mean	common	550	1	CRB3	0.05373026827996144	0.05378206341186668
Giguelay_2022_Theranostics	Giguelay_2022_Theranostics.P3	target_mean	common	550	1	F11R	0.05364285605961122	0.053694398519590944
Giguelay_2022_Theranostics	Giguelay_2022_Theranostics.P3	target_mean	common	550	1	PALS1	0.03172455877348546	0.031735208240761016
Giguelay_2022_Theranostics	Giguelay_2022_Theranostics.P3	target_mean	common	550	1	PARD3	0.01591092660553931	0.015912269466772412
Giguelay_2022_Theranostics	Giguelay_2022_Theranostics.P3	target_mean	common	550	1	PARD6A	-0.02770066079771495	-0.02770774921284789
Giguelay_2022_Theranostics	Giguelay_2022_Theranostics.P3	target_mean	common	550	1	PARD6B	0.01073803439532606	0.010738447141603269
Giguelay_2022_Theranostics	Giguelay_2022_Theranostics.P3	target_mean	common	550	1	PARD6G	0.0271650502210166	0.027171735239784185
Giguelay_2022_Theranostics	Giguelay_2022_Theranostics.P3	target_mean	common	550	1	PATJ	0.059433579783603294	0.05950370855190138
Giguelay_2022_Theranostics	Giguelay_2022_Theranostics.P3	target_mean	common	550	1	PRKCI	0.0013494586776907989	0.0013494594968305295
Giguelay_2022_Theranostics	Giguelay_2022_Theranostics.P4	target_mean	common	1519	4	CLDN1	0.10686950624687667	0.10727917270051139
Giguelay_2022_Theranostics	Giguelay_2022_Theranostics.P4	target_mean	common	1519	4	CLDN10	-0.05866861085749228	-0.05873606278257861
Giguelay_2022_Theranostics	Giguelay_2022_Theranostics.P4	target_mean	common	1519	4	CLDN11	-0.03386930008385417	-0.03388225982921786
Giguelay_2022_Theranostics	Giguelay_2022_Theranostics.P4	target_mean	common	1519	4	CLDN12	0.04335050404617153	0.04337769041937187
Giguelay_2022_Theranostics	Giguelay_2022_Theranostics.P4	target_mean	common	1519	4	CLDN14	-0.024047815490644858	-0.024052452696392487
Giguelay_2022_Theranostics	Giguelay_2022_Theranostics.P4	target_mean	common	1519	4	CLDN15	-0.06012250602748732	-0.06019510547124064
Giguelay_2022_Theranostics	Giguelay_2022_Theranostics.P4	target_mean	common	1519	4	CLDN16	-0.006965250109627427	-0.006965362751933932
Giguelay_2022_Theranostics	Giguelay_2022_Theranostics.P4	target_mean	common	1519	4	CLDN17	NA	NA
Giguelay_2022_Theranostics	Giguelay_2022_Theranostics.P4	target_mean	common	1519	4	CLDN18	NA	NA
Giguelay_2022_Theranostics	Giguelay_2022_Theranostics.P4	target_mean	common	1519	4	CLDN19	-0.0029906864023071934	-0.0029906953187926245
Giguelay_2022_Theranostics	Giguelay_2022_Theranostics.P4	target_mean	common	1519	4	CLDN2	-0.004812221961176256	-0.004812259108003994
Giguelay_2022_Theranostics	Giguelay_2022_Theranostics.P4	target_mean	common	1519	4	CLDN20	NA	NA
Giguelay_2022_Theranostics	Giguelay_2022_Theranostics.P4	target_mean	common	1519	4	CLDN22	NA	NA
Giguelay_2022_Theranostics	Giguelay_2022_Theranostics.P4	target_mean	common	1519	4	CLDN23	0.003990505422936655	0.003990526604919441
Giguelay_2022_Theranostics	Giguelay_2022_Theranostics.P4	target_mean	common	1519	4	CLDN3	0.13328274598699927	0.13408049069655312
Giguelay_2022_Theranostics	Giguelay_2022_Theranostics.P4	target_mean	common	1519	4	CLDN4	0.1709861755569889	0.17268236340589097
Giguelay_2022_Theranostics	Giguelay_2022_Theranostics.P4	target_mean	common	1519	4	CLDN5	-0.007728049575460632	-0.007728203427765307
Giguelay_2022_Theranostics	Giguelay_2022_Theranostics.P4	target_mean	common	1519	4	CLDN6	-0.013896800430165645	-0.013897695122124984
Giguelay_2022_Theranostics	Giguelay_2022_Theranostics.P4	target_mean	common	1519	4	CLDN7	0.22992242875603353	0.23410756433841107
Giguelay_2022_Theranostics	Giguelay_2022_Theranostics.P4	target_mean	common	1519	4	CLDN8	-0.06578459561094858	-0.06587973953855253
Giguelay_2022_Theranostics	Giguelay_2022_Theranostics.P4	target_mean	common	1519	4	CLDN9	0.02968653629737103	0.029695261731806585
Giguelay_2022_Theranostics	Giguelay_2022_Theranostics.P4	target_mean	common	1519	4	CRB3	0.09141686221492334	0.09167280500774105
Giguelay_2022_Theranostics	Giguelay_2022_Theranostics.P4	target_mean	common	1519	4	F11R	0.0843505549856512	0.08455146522638243
Giguelay_2022_Theranostics	Giguelay_2022_Theranostics.P4	target_mean	common	1519	4	PALS1	0.018416168765922263	0.018418251169936097
Giguelay_2022_Theranostics	Giguelay_2022_Theranostics.P4	target_mean	common	1519	4	PARD3	-0.042218666270066554	-0.04224377686907166
Giguelay_2022_Theranostics	Giguelay_2022_Theranostics.P4	target_mean	common	1519	4	PARD6A	-0.04753955838928957	-0.04757542031714626
Giguelay_2022_Theranostics	Giguelay_2022_Theranostics.P4	target_mean	common	1519	4	PARD6B	0.0777100893882543	0.07786708535936028
Giguelay_2022_Theranostics	Giguelay_2022_Theranostics.P4	target_mean	common	1519	4	PARD6G	-0.042905454833482945	-0.042931811855057685
Giguelay_2022_Theranostics	Giguelay_2022_Theranostics.P4	target_mean	common	1519	4	PATJ	-0.027753516851412873	-0.027760645933104677
Giguelay_2022_Theranostics	Giguelay_2022_Theranostics.P4	target_mean	common	1519	4	PRKCI	0.07719364241381366	0.07734752161852418
Liu_2024_Cancer_Res	Liu_2024_Cancer_Res.Pt01	target_mean	common	2830	1	CLDN1	0.10416228149668907	0.10454146565724694
Liu_2024_Cancer_Res	Liu_2024_Cancer_Res.Pt01	target_mean	common	2830	1	CLDN10	-0.011169716410375848	-0.011170180965973898
Liu_2024_Cancer_Res	Liu_2024_Cancer_Res.Pt01	target_mean	common	2830	1	CLDN11	-0.0071558754851418676	-0.007155997631469423
Liu_2024_Cancer_Res	Liu_2024_Cancer_Res.Pt01	target_mean	common	2830	1	CLDN12	0.052011332511719306	0.05205830876594621
Liu_2024_Cancer_Res	Liu_2024_Cancer_Res.Pt01	target_mean	common	2830	1	CLDN14	-0.008438680403872913	-0.008438880722308395
Liu_2024_Cancer_Res	Liu_2024_Cancer_Res.Pt01	target_mean	common	2830	1	CLDN15	-0.019388815127946858	-0.01939124526365607
Liu_2024_Cancer_Res	Liu_2024_Cancer_Res.Pt01	target_mean	common	2830	1	CLDN16	-0.023573916586902905	-0.023578284950871914
Liu_2024_Cancer_Res	Liu_2024_Cancer_Res.Pt01	target_mean	common	2830	1	CLDN17	NA	NA
Liu_2024_Cancer_Res	Liu_2024_Cancer_Res.Pt01	target_mean	common	2830	1	CLDN18	NA	NA
Liu_2024_Cancer_Res	Liu_2024_Cancer_Res.Pt01	target_mean	common	2830	1	CLDN19	NA	NA
Liu_2024_Cancer_Res	Liu_2024_Cancer_Res.Pt01	target_mean	common	2830	1	CLDN2	-0.02020564989851527	-0.020208400347662206
Liu_2024_Cancer_Res	Liu_2024_Cancer_Res.Pt01	target_mean	common	2830	1	CLDN20	NA	NA
Liu_2024_Cancer_Res	Liu_2024_Cancer_Res.Pt01	target_mean	common	2830	1	CLDN22	NA	NA
Liu_2024_Cancer_Res	Liu_2024_Cancer_Res.Pt01	target_mean	common	2830	1	CLDN23	-0.029950862494471604	-0.0299598231665315
Liu_2024_Cancer_Res	Liu_2024_Cancer_Res.Pt01	target_mean	common	2830	1	CLDN3	-0.16232079881953665	-0.16376938082825906
Liu_2024_Cancer_Res	Liu_2024_Cancer_Res.Pt01	target_mean	common	2830	1	CLDN4	-0.10944641924517336	-0.10988658914539966
Liu_2024_Cancer_Res	Liu_2024_Cancer_Res.Pt01	target_mean	common	2830	1	CLDN5	NA	NA
Liu_2024_Cancer_Res	Liu_2024_Cancer_Res.Pt01	target_mean	common	2830	1	CLDN6	-0.019491266055955338	-0.019493734924152645
Liu_2024_Cancer_Res	Liu_2024_Cancer_Res.Pt01	target_mean	common	2830	1	CLDN7	0.0677195098719081	0.06782331466984476
Liu_2024_Cancer_Res	Liu_2024_Cancer_Res.Pt01	target_mean	common	2830	1	CLDN8	NA	NA
Liu_2024_Cancer_Res	Liu_2024_Cancer_Res.Pt01	target_mean	common	2830	1	CLDN9	0.00947748934671796	0.009477773126902412
Liu_2024_Cancer_Res	Liu_2024_Cancer_Res.Pt01	target_mean	common	2830	1	CRB3	0.08100753121999266	0.08118542860507835
Liu_2024_Cancer_Res	Liu_2024_Cancer_Res.Pt01	target_mean	common	2830	1	F11R	0.2477867505238479	0.25305340058526987
Liu_2024_Cancer_Res	Liu_2024_Cancer_Res.Pt01	target_mean	common	2830	1	PALS1	-0.0003889081127540877	-0.00038890813236147794
Liu_2024_Cancer_Res	Liu_2024_Cancer_Res.Pt01	target_mean	common	2830	1	PARD3	0.040398245144094895	0.0404202435798101
Liu_2024_Cancer_Res	Liu_2024_Cancer_Res.Pt01	target_mean	common	2830	1	PARD6A	-0.06499590601976661	-0.06508766307782787
Liu_2024_Cancer_Res	Liu_2024_Cancer_Res.Pt01	target_mean	common	2830	1	PARD6B	0.10586394987110637	0.10626210930101194
Liu_2024_Cancer_Res	Liu_2024_Cancer_Res.Pt01	target_mean	common	2830	1	PARD6G	-0.04756758655874847	-0.04760351201154257
Liu_2024_Cancer_Res	Liu_2024_Cancer_Res.Pt01	target_mean	common	2830	1	PATJ	0.016938912134037885	0.01694053248863766
Liu_2024_Cancer_Res	Liu_2024_Cancer_Res.Pt01	target_mean	common	2830	1	PRKCI	0.0738926859565438	0.07402761614164916
Liu_2024_Cancer_Res	Liu_2024_Cancer_Res.Pt02	target_mean	common	2225	1	CLDN1	0.01678232099858374	0.01678389682441521
Liu_2024_Cancer_Res	Liu_2024_Cancer_Res.Pt02	target_mean	common	2225	1	CLDN10	-0.12922534558005397	-0.12995195944230511
Liu_2024_Cancer_Res	Liu_2024_Cancer_Res.Pt02	target_mean	common	2225	1	CLDN11	-0.0013916118240453344	-0.0013916127223705292
Liu_2024_Cancer_Res	Liu_2024_Cancer_Res.Pt02	target_mean	common	2225	1	CLDN12	0.06685315544797814	0.06695301997428049
Liu_2024_Cancer_Res	Liu_2024_Cancer_Res.Pt02	target_mean	common	2225	1	CLDN14	-0.01759057833191233	-0.017592393010604966
Liu_2024_Cancer_Res	Liu_2024_Cancer_Res.Pt02	target_mean	common	2225	1	CLDN15	0.0312564349580253	0.031266619740270486
Liu_2024_Cancer_Res	Liu_2024_Cancer_Res.Pt02	target_mean	common	2225	1	CLDN16	-0.006980611625148078	-0.006980725014395199
Liu_2024_Cancer_Res	Liu_2024_Cancer_Res.Pt02	target_mean	common	2225	1	CLDN17	NA	NA
Liu_2024_Cancer_Res	Liu_2024_Cancer_Res.Pt02	target_mean	common	2225	1	CLDN18	NA	NA
Liu_2024_Cancer_Res	Liu_2024_Cancer_Res.Pt02	target_mean	common	2225	1	CLDN19	NA	NA
Liu_2024_Cancer_Res	Liu_2024_Cancer_Res.Pt02	target_mean	common	2225	1	CLDN2	-0.07293620880896375	-0.07306595587702754
Liu_2024_Cancer_Res	Liu_2024_Cancer_Res.Pt02	target_mean	common	2225	1	CLDN20	0.0018907620489505878	0.0018907643021016335
Liu_2024_Cancer_Res	Liu_2024_Cancer_Res.Pt02	target_mean	common	2225	1	CLDN22	NA	NA
Liu_2024_Cancer_Res	Liu_2024_Cancer_Res.Pt02	target_mean	common	2225	1	CLDN23	0.09645960160983759	0.09676045094700342
Liu_2024_Cancer_Res	Liu_2024_Cancer_Res.Pt02	target_mean	common	2225	1	CLDN3	0.19858036034268087	0.2012541989028088
Liu_2024_Cancer_Res	Liu_2024_Cancer_Res.Pt02	target_mean	common	2225	1	CLDN4	0.1412357555769633	0.14218625980897764
Liu_2024_Cancer_Res	Liu_2024_Cancer_Res.Pt02	target_mean	common	2225	1	CLDN5	-0.015352541704395576	-0.015353748075779182
Liu_2024_Cancer_Res	Liu_2024_Cancer_Res.Pt02	target_mean	common	2225	1	CLDN6	-0.0007801258582541594	-0.0007801260165148016
Liu_2024_Cancer_Res	Liu_2024_Cancer_Res.Pt02	target_mean	common	2225	1	CLDN7	0.20515461846038055	0.20810777232932842
Liu_2024_Cancer_Res	Liu_2024_Cancer_Res.Pt02	target_mean	common	2225	1	CLDN8	NA	NA
Liu_2024_Cancer_Res	Liu_2024_Cancer_Res.Pt02	target_mean	common	2225	1	CLDN9	0.005361824672307546	0.005361876055852509
Liu_2024_Cancer_Res	Liu_2024_Cancer_Res.Pt02	target_mean	common	2225	1	CRB3	0.13370489117727624	0.13451029526886543
Liu_2024_Cancer_Res	Liu_2024_Cancer_Res.Pt02	target_mean	common	2225	1	F11R	0.24587151641532712	0.25101391053279554
Liu_2024_Cancer_Res	Liu_2024_Cancer_Res.Pt02	target_mean	common	2225	1	PALS1	0.04886567585958297	0.04890462638410664
Liu_2024_Cancer_Res	Liu_2024_Cancer_Res.Pt02	target_mean	common	2225	1	PARD3	0.12191483849029452	0.12252429893049366
Liu_2024_Cancer_Res	Liu_2024_Cancer_Res.Pt02	target_mean	common	2225	1	PARD6A	-0.04257955643762722	-0.04260531697568225
Liu_2024_Cancer_Res	Liu_2024_Cancer_Res.Pt02	target_mean	common	2225	1	PARD6B	0.18871747989399715	0.19100695164861617
Liu_2024_Cancer_Res	Liu_2024_Cancer_Res.Pt02	target_mean	common	2225	1	PARD6G	-0.02702797242208864	-0.02703455672130195
Liu_2024_Cancer_Res	Liu_2024_Cancer_Res.Pt02	target_mean	common	2225	1	PATJ	0.13500161646675915	0.13583085796592095
Liu_2024_Cancer_Res	Liu_2024_Cancer_Res.Pt02	target_mean	common	2225	1	PRKCI	0.123610100055896	0.12424550051521398
Liu_2024_Cancer_Res	Liu_2024_Cancer_Res.Pt03	target_mean	common	2377	1	CLDN1	0.009402693525891175	0.00940297063999271
Liu_2024_Cancer_Res	Liu_2024_Cancer_Res.Pt03	target_mean	common	2377	1	CLDN10	-0.043510343273576085	-0.043537831705886695
Liu_2024_Cancer_Res	Liu_2024_Cancer_Res.Pt03	target_mean	common	2377	1	CLDN11	-0.023360615506274284	-0.02336486633711786
Liu_2024_Cancer_Res	Liu_2024_Cancer_Res.Pt03	target_mean	common	2377	1	CLDN12	0.015349773349963633	0.01535097906880849
Liu_2024_Cancer_Res	Liu_2024_Cancer_Res.Pt03	target_mean	common	2377	1	CLDN14	-0.0029141147530887816	-0.0029141230020812456
Liu_2024_Cancer_Res	Liu_2024_Cancer_Res.Pt03	target_mean	common	2377	1	CLDN15	0.0028791306081356227	0.0028791385635902832
Liu_2024_Cancer_Res	Liu_2024_Cancer_Res.Pt03	target_mean	common	2377	1	CLDN16	-0.05106155071959362	-0.05110599755831681
Liu_2024_Cancer_Res	Liu_2024_Cancer_Res.Pt03	target_mean	common	2377	1	CLDN17	NA	NA
Liu_2024_Cancer_Res	Liu_2024_Cancer_Res.Pt03	target_mean	common	2377	1	CLDN18	NA	NA
Liu_2024_Cancer_Res	Liu_2024_Cancer_Res.Pt03	target_mean	common	2377	1	CLDN19	NA	NA
Liu_2024_Cancer_Res	Liu_2024_Cancer_Res.Pt03	target_mean	common	2377	1	CLDN2	0.007506956959379684	0.007507097980840094
Liu_2024_Cancer_Res	Liu_2024_Cancer_Res.Pt03	target_mean	common	2377	1	CLDN20	NA	NA
Liu_2024_Cancer_Res	Liu_2024_Cancer_Res.Pt03	target_mean	common	2377	1	CLDN22	NA	NA
Liu_2024_Cancer_Res	Liu_2024_Cancer_Res.Pt03	target_mean	common	2377	1	CLDN23	0.10456385075466035	0.10494745683454641
Liu_2024_Cancer_Res	Liu_2024_Cancer_Res.Pt03	target_mean	common	2377	1	CLDN3	0.13396152810067602	0.1347716127366829
Liu_2024_Cancer_Res	Liu_2024_Cancer_Res.Pt03	target_mean	common	2377	1	CLDN4	0.14620550672190777	0.1472608408973086
Liu_2024_Cancer_Res	Liu_2024_Cancer_Res.Pt03	target_mean	common	2377	1	CLDN5	NA	NA
Liu_2024_Cancer_Res	Liu_2024_Cancer_Res.Pt03	target_mean	common	2377	1	CLDN6	NA	NA
Liu_2024_Cancer_Res	Liu_2024_Cancer_Res.Pt03	target_mean	common	2377	1	CLDN7	0.1662635452793449	0.1678215077978933
Liu_2024_Cancer_Res	Liu_2024_Cancer_Res.Pt03	target_mean	common	2377	1	CLDN8	NA	NA
Liu_2024_Cancer_Res	Liu_2024_Cancer_Res.Pt03	target_mean	common	2377	1	CLDN9	0.01955839976784865	0.019560894238484602
Liu_2024_Cancer_Res	Liu_2024_Cancer_Res.Pt03	target_mean	common	2377	1	CRB3	0.056460102510189486	0.056520210953797695
Liu_2024_Cancer_Res	Liu_2024_Cancer_Res.Pt03	target_mean	common	2377	1	F11R	0.09549386160094524	0.09578573220567667
Liu_2024_Cancer_Res	Liu_2024_Cancer_Res.Pt03	target_mean	common	2377	1	PALS1	0.03164778510559942	0.03165835741356969
Liu_2024_Cancer_Res	Liu_2024_Cancer_Res.Pt03	target_mean	common	2377	1	PARD3	0.049436839822701806	0.04947717354880336
Liu_2024_Cancer_Res	Liu_2024_Cancer_Res.Pt03	target_mean	common	2377	1	PARD6A	-0.043917266081944316	-0.043945533596128385
Liu_2024_Cancer_Res	Liu_2024_Cancer_Res.Pt03	target_mean	common	2377	1	PARD6B	0.04263145331358939	0.04265730822768694
Liu_2024_Cancer_Res	Liu_2024_Cancer_Res.Pt03	target_mean	common	2377	1	PARD6G	-0.046953897789990096	-0.04698844943321758
Liu_2024_Cancer_Res	Liu_2024_Cancer_Res.Pt03	target_mean	common	2377	1	PATJ	0.08772147141687033	0.0879475232550232
Liu_2024_Cancer_Res	Liu_2024_Cancer_Res.Pt03	target_mean	common	2377	1	PRKCI	0.03046139298165964	0.030470819903469885
Liu_2024_Cancer_Res	Liu_2024_Cancer_Res.Pt04	target_mean	common	3307	1	CLDN1	0.04371719622098187	0.04374507887149455
Liu_2024_Cancer_Res	Liu_2024_Cancer_Res.Pt04	target_mean	common	3307	1	CLDN10	-0.033763103093541844	-0.03377594125974773
Liu_2024_Cancer_Res	Liu_2024_Cancer_Res.Pt04	target_mean	common	3307	1	CLDN11	-0.033637429605912844	-0.03365012488129088
Liu_2024_Cancer_Res	Liu_2024_Cancer_Res.Pt04	target_mean	common	3307	1	CLDN12	0.03595025057393748	0.03596575020874454
Liu_2024_Cancer_Res	Liu_2024_Cancer_Res.Pt04	target_mean	common	3307	1	CLDN14	0.0005576103019949335	0.000557610359787395
Liu_2024_Cancer_Res	Liu_2024_Cancer_Res.Pt04	target_mean	common	3307	1	CLDN15	-0.029025703296523764	-0.029033858721750322
Liu_2024_Cancer_Res	Liu_2024_Cancer_Res.Pt04	target_mean	common	3307	1	CLDN16	0.01957500296055154	0.01957750379025114
Liu_2024_Cancer_Res	Liu_2024_Cancer_Res.Pt04	target_mean	common	3307	1	CLDN17	NA	NA
Liu_2024_Cancer_Res	Liu_2024_Cancer_Res.Pt04	target_mean	common	3307	1	CLDN18	NA	NA
Liu_2024_Cancer_Res	Liu_2024_Cancer_Res.Pt04	target_mean	common	3307	1	CLDN19	NA	NA
Liu_2024_Cancer_Res	Liu_2024_Cancer_Res.Pt04	target_mean	common	3307	1	CLDN2	-0.04554017175364647	-0.04557169301694652
Liu_2024_Cancer_Res	Liu_2024_Cancer_Res.Pt04	target_mean	common	3307	1	CLDN20	NA	NA
Liu_2024_Cancer_Res	Liu_2024_Cancer_Res.Pt04	target_mean	common	3307	1	CLDN22	NA	NA
Liu_2024_Cancer_Res	Liu_2024_Cancer_Res.Pt04	target_mean	common	3307	1	CLDN23	0.03967200444979872	0.039692836957844174
Liu_2024_Cancer_Res	Liu_2024_Cancer_Res.Pt04	target_mean	common	3307	1	CLDN3	0.06701536954755234	0.0671159640957375
Liu_2024_Cancer_Res	Liu_2024_Cancer_Res.Pt04	target_mean	common	3307	1	CLDN4	0.17232268861148717	0.17405945297037217
Liu_2024_Cancer_Res	Liu_2024_Cancer_Res.Pt04	target_mean	common	3307	1	CLDN5	NA	NA
Liu_2024_Cancer_Res	Liu_2024_Cancer_Res.Pt04	target_mean	common	3307	1	CLDN6	0.008333136836249122	0.008333329731875384
Liu_2024_Cancer_Res	Liu_2024_Cancer_Res.Pt04	target_mean	common	3307	1	CLDN7	0.12245702785009033	0.12307470554636794
Liu_2024_Cancer_Res	Liu_2024_Cancer_Res.Pt04	target_mean	common	3307	1	CLDN8	NA	NA
Liu_2024_Cancer_Res	Liu_2024_Cancer_Res.Pt04	target_mean	common	3307	1	CLDN9	-0.0045400052081286104	-0.004540036400843052
Liu_2024_Cancer_Res	Liu_2024_Cancer_Res.Pt04	target_mean	common	3307	1	CRB3	0.02738177147307142	0.027388617818397624
Liu_2024_Cancer_Res	Liu_2024_Cancer_Res.Pt04	target_mean	common	3307	1	F11R	0.09148357377804335	0.09174007919448855
Liu_2024_Cancer_Res	Liu_2024_Cancer_Res.Pt04	target_mean	common	3307	1	PALS1	-0.003949146319261025	-0.003949166849428127
Liu_2024_Cancer_Res	Liu_2024_Cancer_Res.Pt04	target_mean	common	3307	1	PARD3	0.014255567347045832	0.014256533142646802
Liu_2024_Cancer_Res	Liu_2024_Cancer_Res.Pt04	target_mean	common	3307	1	PARD6A	-0.03084796985561256	-0.030857760393911735
Liu_2024_Cancer_Res	Liu_2024_Cancer_Res.Pt04	target_mean	common	3307	1	PARD6B	0.03293380267672292	0.03294571748724657
Liu_2024_Cancer_Res	Liu_2024_Cancer_Res.Pt04	target_mean	common	3307	1	PARD6G	-0.034895611516304034	-0.03490978604576078
Liu_2024_Cancer_Res	Liu_2024_Cancer_Res.Pt04	target_mean	common	3307	1	PATJ	0.010478592126253359	0.010478975671112585
Liu_2024_Cancer_Res	Liu_2024_Cancer_Res.Pt04	target_mean	common	3307	1	PRKCI	0.0074405956734191715	0.007440732987883749
Liu_2024_Cancer_Res	Liu_2024_Cancer_Res.Pt05	target_mean	common	438	2	CLDN1	0.07875782089639703	0.07892126915276164
Liu_2024_Cancer_Res	Liu_2024_Cancer_Res.Pt05	target_mean	common	438	2	CLDN10	0.04020830907417481	0.040229998483904114
Liu_2024_Cancer_Res	Liu_2024_Cancer_Res.Pt05	target_mean	common	438	2	CLDN11	NA	NA
Liu_2024_Cancer_Res	Liu_2024_Cancer_Res.Pt05	target_mean	common	438	2	CLDN12	0.11109795152237148	0.11155845159323087
Liu_2024_Cancer_Res	Liu_2024_Cancer_Res.Pt05	target_mean	common	438	2	CLDN14	0.0022718217565333406	0.0022718256649679755
Liu_2024_Cancer_Res	Liu_2024_Cancer_Res.Pt05	target_mean	common	438	2	CLDN15	0.08304469426092936	0.08323639183592219
Liu_2024_Cancer_Res	Liu_2024_Cancer_Res.Pt05	target_mean	common	438	2	CLDN16	0.020403797112458977	0.020406629288439407
Liu_2024_Cancer_Res	Liu_2024_Cancer_Res.Pt05	target_mean	common	438	2	CLDN17	NA	NA
Liu_2024_Cancer_Res	Liu_2024_Cancer_Res.Pt05	target_mean	common	438	2	CLDN18	NA	NA
Liu_2024_Cancer_Res	Liu_2024_Cancer_Res.Pt05	target_mean	common	438	2	CLDN19	NA	NA
Liu_2024_Cancer_Res	Liu_2024_Cancer_Res.Pt05	target_mean	common	438	2	CLDN2	0.007816661699986452	0.007816820905687737
Liu_2024_Cancer_Res	Liu_2024_Cancer_Res.Pt05	target_mean	common	438	2	CLDN20	NA	NA
Liu_2024_Cancer_Res	Liu_2024_Cancer_Res.Pt05	target_mean	common	438	2	CLDN22	NA	NA
Liu_2024_Cancer_Res	Liu_2024_Cancer_Res.Pt05	target_mean	common	438	2	CLDN23	0.0013835858601161306	0.0013835867429878165
Liu_2024_Cancer_Res	Liu_2024_Cancer_Res.Pt05	target_mean	common	438	2	CLDN3	0.24599095574091157	0.2511410388557785
Liu_2024_Cancer_Res	Liu_2024_Cancer_Res.Pt05	target_mean	common	438	2	CLDN4	0.25143352313456147	0.2569424891732498
Liu_2024_Cancer_Res	Liu_2024_Cancer_Res.Pt05	target_mean	common	438	2	CLDN5	NA	NA
Liu_2024_Cancer_Res	Liu_2024_Cancer_Res.Pt05	target_mean	common	438	2	CLDN6	NA	NA
Liu_2024_Cancer_Res	Liu_2024_Cancer_Res.Pt05	target_mean	common	438	2	CLDN7	0.22028986400966682	0.22396073643329534
Liu_2024_Cancer_Res	Liu_2024_Cancer_Res.Pt05	target_mean	common	438	2	CLDN8	NA	NA
Liu_2024_Cancer_Res	Liu_2024_Cancer_Res.Pt05	target_mean	common	438	2	CLDN9	NA	NA
Liu_2024_Cancer_Res	Liu_2024_Cancer_Res.Pt05	target_mean	common	438	2	CRB3	0.09275377838225231	0.09302115499453309
Liu_2024_Cancer_Res	Liu_2024_Cancer_Res.Pt05	target_mean	common	438	2	F11R	0.19797379795503403	0.20062281436720616
Liu_2024_Cancer_Res	Liu_2024_Cancer_Res.Pt05	target_mean	common	438	2	PALS1	0.1121929916349824	0.11266731346537481
Liu_2024_Cancer_Res	Liu_2024_Cancer_Res.Pt05	target_mean	common	438	2	PARD3	0.09646669197787254	0.09676760791158645
Liu_2024_Cancer_Res	Liu_2024_Cancer_Res.Pt05	target_mean	common	438	2	PARD6A	0.066416075899259	0.06651399105452808
Liu_2024_Cancer_Res	Liu_2024_Cancer_Res.Pt05	target_mean	common	438	2	PARD6B	0.16079833828978304	0.16220611642750252
Liu_2024_Cancer_Res	Liu_2024_Cancer_Res.Pt05	target_mean	common	438	2	PARD6G	-0.014692287051454311	-0.014693344363581913
Liu_2024_Cancer_Res	Liu_2024_Cancer_Res.Pt05	target_mean	common	438	2	PATJ	0.09692526113184487	0.0972305052155587
Liu_2024_Cancer_Res	Liu_2024_Cancer_Res.Pt05	target_mean	common	438	2	PRKCI	0.028870184585485566	0.028878209578990413
Liu_2024_Cancer_Res	Liu_2024_Cancer_Res.Pt06	target_mean	common	1169	2	CLDN1	0.08600962805575335	0.08622266432339751
Liu_2024_Cancer_Res	Liu_2024_Cancer_Res.Pt06	target_mean	common	1169	2	CLDN10	-0.01328529720199785	-0.01328607889921027
Liu_2024_Cancer_Res	Liu_2024_Cancer_Res.Pt06	target_mean	common	1169	2	CLDN11	-0.022233434123421915	-0.022237098728890205
Liu_2024_Cancer_Res	Liu_2024_Cancer_Res.Pt06	target_mean	common	1169	2	CLDN12	0.07056177430368117	0.0706792335769984
Liu_2024_Cancer_Res	Liu_2024_Cancer_Res.Pt06	target_mean	common	1169	2	CLDN14	-0.027034629100968054	-0.02704121826771487
Liu_2024_Cancer_Res	Liu_2024_Cancer_Res.Pt06	target_mean	common	1169	2	CLDN15	-0.019416345688584004	-0.01941878619235646
Liu_2024_Cancer_Res	Liu_2024_Cancer_Res.Pt06	target_mean	common	1169	2	CLDN16	0.015220781207828576	0.015221956781765736
Liu_2024_Cancer_Res	Liu_2024_Cancer_Res.Pt06	target_mean	common	1169	2	CLDN17	NA	NA
Liu_2024_Cancer_Res	Liu_2024_Cancer_Res.Pt06	target_mean	common	1169	2	CLDN18	NA	NA
Liu_2024_Cancer_Res	Liu_2024_Cancer_Res.Pt06	target_mean	common	1169	2	CLDN19	NA	NA
Liu_2024_Cancer_Res	Liu_2024_Cancer_Res.Pt06	target_mean	common	1169	2	CLDN2	-0.1444094297289904	-0.14542602253606773
Liu_2024_Cancer_Res	Liu_2024_Cancer_Res.Pt06	target_mean	common	1169	2	CLDN20	-0.01698525372897979	-0.016986887420469943
Liu_2024_Cancer_Res	Liu_2024_Cancer_Res.Pt06	target_mean	common	1169	2	CLDN22	0.006485591703108442	0.006485682639668006
Liu_2024_Cancer_Res	Liu_2024_Cancer_Res.Pt06	target_mean	common	1169	2	CLDN23	0.030256338577783395	0.030265576333933404
Liu_2024_Cancer_Res	Liu_2024_Cancer_Res.Pt06	target_mean	common	1169	2	CLDN3	0.00533002831792801	0.005330078792738534
Liu_2024_Cancer_Res	Liu_2024_Cancer_Res.Pt06	target_mean	common	1169	2	CLDN4	-0.009158970781769589	-0.009159226900078534
Liu_2024_Cancer_Res	Liu_2024_Cancer_Res.Pt06	target_mean	common	1169	2	CLDN5	0.028802414345458105	0.0288103829389039
Liu_2024_Cancer_Res	Liu_2024_Cancer_Res.Pt06	target_mean	common	1169	2	CLDN6	0.017291269460865833	0.017292993064100443
Liu_2024_Cancer_Res	Liu_2024_Cancer_Res.Pt06	target_mean	common	1169	2	CLDN7	0.23721500713690652	0.2418209854375262
Liu_2024_Cancer_Res	Liu_2024_Cancer_Res.Pt06	target_mean	common	1169	2	CLDN8	NA	NA
Liu_2024_Cancer_Res	Liu_2024_Cancer_Res.Pt06	target_mean	common	1169	2	CLDN9	0.038088584859161695	0.038107019790033975
Liu_2024_Cancer_Res	Liu_2024_Cancer_Res.Pt06	target_mean	common	1169	2	CRB3	0.05957370683010972	0.05964433350710917
Liu_2024_Cancer_Res	Liu_2024_Cancer_Res.Pt06	target_mean	common	1169	2	F11R	0.06282972074774594	0.06291259210765356
Liu_2024_Cancer_Res	Liu_2024_Cancer_Res.Pt06	target_mean	common	1169	2	PALS1	0.01129671987302301	0.011297200456770438
Liu_2024_Cancer_Res	Liu_2024_Cancer_Res.Pt06	target_mean	common	1169	2	PARD3	0.038362991619857685	0.03838182810536653
Liu_2024_Cancer_Res	Liu_2024_Cancer_Res.Pt06	target_mean	common	1169	2	PARD6A	-0.08368327658998939	-0.083879443107022
Liu_2024_Cancer_Res	Liu_2024_Cancer_Res.Pt06	target_mean	common	1169	2	PARD6B	-0.01990412423109928	-0.019906753355990993
Liu_2024_Cancer_Res	Liu_2024_Cancer_Res.Pt06	target_mean	common	1169	2	PARD6G	0.003930226201912219	0.003930246438412638
Liu_2024_Cancer_Res	Liu_2024_Cancer_Res.Pt06	target_mean	common	1169	2	PATJ	0.03557000544538102	0.035585018200527785
Liu_2024_Cancer_Res	Liu_2024_Cancer_Res.Pt06	target_mean	common	1169	2	PRKCI	-0.03252185091673532	-0.03253332400234952
Liu_2024_Cancer_Res	Liu_2024_Cancer_Res.Pt07	target_mean	common	829	1	CLDN1	0.10985958380453723	0.11030478196983153
Liu_2024_Cancer_Res	Liu_2024_Cancer_Res.Pt07	target_mean	common	829	1	CLDN10	-0.08459924026374298	-0.08480193788074986
Liu_2024_Cancer_Res	Liu_2024_Cancer_Res.Pt07	target_mean	common	829	1	CLDN11	-0.039933262852317075	-0.03995450991715341
Liu_2024_Cancer_Res	Liu_2024_Cancer_Res.Pt07	target_mean	common	829	1	CLDN12	0.003702851839506557	0.0037028687630508974
Liu_2024_Cancer_Res	Liu_2024_Cancer_Res.Pt07	target_mean	common	829	1	CLDN14	-0.012905072929760501	-0.012905789408873975
Liu_2024_Cancer_Res	Liu_2024_Cancer_Res.Pt07	target_mean	common	829	1	CLDN15	-0.0532090499804369	-0.053259350662296916
Liu_2024_Cancer_Res	Liu_2024_Cancer_Res.Pt07	target_mean	common	829	1	CLDN16	0.015789375150335495	0.01579068746670323
Liu_2024_Cancer_Res	Liu_2024_Cancer_Res.Pt07	target_mean	common	829	1	CLDN17	NA	NA
Liu_2024_Cancer_Res	Liu_2024_Cancer_Res.Pt07	target_mean	common	829	1	CLDN18	NA	NA
Liu_2024_Cancer_Res	Liu_2024_Cancer_Res.Pt07	target_mean	common	829	1	CLDN19	NA	NA
Liu_2024_Cancer_Res	Liu_2024_Cancer_Res.Pt07	target_mean	common	829	1	CLDN2	0.04162553055312192	0.04164959688564325
Liu_2024_Cancer_Res	Liu_2024_Cancer_Res.Pt07	target_mean	common	829	1	CLDN20	NA	NA
Liu_2024_Cancer_Res	Liu_2024_Cancer_Res.Pt07	target_mean	common	829	1	CLDN22	NA	NA
Liu_2024_Cancer_Res	Liu_2024_Cancer_Res.Pt07	target_mean	common	829	1	CLDN23	-0.0357375214865114	-0.03575274745794958
Liu_2024_Cancer_Res	Liu_2024_Cancer_Res.Pt07	target_mean	common	829	1	CLDN3	0.12412455111043794	0.12476796785818296
Liu_2024_Cancer_Res	Liu_2024_Cancer_Res.Pt07	target_mean	common	829	1	CLDN4	0.07295938654780978	0.07308925761329563
Liu_2024_Cancer_Res	Liu_2024_Cancer_Res.Pt07	target_mean	common	829	1	CLDN5	-0.017964937695680097	-0.01796687073194121
Liu_2024_Cancer_Res	Liu_2024_Cancer_Res.Pt07	target_mean	common	829	1	CLDN6	NA	NA
Liu_2024_Cancer_Res	Liu_2024_Cancer_Res.Pt07	target_mean	common	829	1	CLDN7	0.06491734533098377	0.06500876950837861
Liu_2024_Cancer_Res	Liu_2024_Cancer_Res.Pt07	target_mean	common	829	1	CLDN8	NA	NA
Liu_2024_Cancer_Res	Liu_2024_Cancer_Res.Pt07	target_mean	common	829	1	CLDN9	-0.0012909925797529068	-0.0012909932969696473
Liu_2024_Cancer_Res	Liu_2024_Cancer_Res.Pt07	target_mean	common	829	1	CRB3	0.054018208815763795	0.05407084211067985
Liu_2024_Cancer_Res	Liu_2024_Cancer_Res.Pt07	target_mean	common	829	1	F11R	0.20019865248489274	0.20293949229313166
Liu_2024_Cancer_Res	Liu_2024_Cancer_Res.Pt07	target_mean	common	829	1	PALS1	0.03903828502099928	0.03905813446304586
Liu_2024_Cancer_Res	Liu_2024_Cancer_Res.Pt07	target_mean	common	829	1	PARD3	-0.032563695069051976	-0.03257521251595176
Liu_2024_Cancer_Res	Liu_2024_Cancer_Res.Pt07	target_mean	common	829	1	PARD6A	0.0068984508734403985	0.0068985603058277
Liu_2024_Cancer_Res	Liu_2024_Cancer_Res.Pt07	target_mean	common	829	1	PARD6B	0.11816026616867055	0.11871483119828388
Liu_2024_Cancer_Res	Liu_2024_Cancer_Res.Pt07	target_mean	common	829	1	PARD6G	-0.013384663562404218	-0.013385462932336372
Liu_2024_Cancer_Res	Liu_2024_Cancer_Res.Pt07	target_mean	common	829	1	PATJ	0.10731747917740539	0.10773234305712319
Liu_2024_Cancer_Res	Liu_2024_Cancer_Res.Pt07	target_mean	common	829	1	PRKCI	0.031027383202523802	0.03103734562948822
Liu_2024_Cancer_Res	Liu_2024_Cancer_Res.Pt08	target_mean	common	6787	2	CLDN1	0.02316103335128655	0.023165176135896783
Liu_2024_Cancer_Res	Liu_2024_Cancer_Res.Pt08	target_mean	common	6787	2	CLDN10	-0.01435127262816369	-0.014352258007979625
Liu_2024_Cancer_Res	Liu_2024_Cancer_Res.Pt08	target_mean	common	6787	2	CLDN11	-0.006297116467819214	-0.0062971997044045875
Liu_2024_Cancer_Res	Liu_2024_Cancer_Res.Pt08	target_mean	common	6787	2	CLDN12	0.01047775511583844	0.010478138568790424
Liu_2024_Cancer_Res	Liu_2024_Cancer_Res.Pt08	target_mean	common	6787	2	CLDN14	0.0027616603691282267	0.0027616673900079927
Liu_2024_Cancer_Res	Liu_2024_Cancer_Res.Pt08	target_mean	common	6787	2	CLDN15	0.03457687940355647	0.03459066888137441
Liu_2024_Cancer_Res	Liu_2024_Cancer_Res.Pt08	target_mean	common	6787	2	CLDN16	-0.010621183341484484	-0.010621582758773012
Liu_2024_Cancer_Res	Liu_2024_Cancer_Res.Pt08	target_mean	common	6787	2	CLDN17	NA	NA
Liu_2024_Cancer_Res	Liu_2024_Cancer_Res.Pt08	target_mean	common	6787	2	CLDN18	NA	NA
Liu_2024_Cancer_Res	Liu_2024_Cancer_Res.Pt08	target_mean	common	6787	2	CLDN19	NA	NA
Liu_2024_Cancer_Res	Liu_2024_Cancer_Res.Pt08	target_mean	common	6787	2	CLDN2	-0.018233460743198725	-0.018235481772952714
Liu_2024_Cancer_Res	Liu_2024_Cancer_Res.Pt08	target_mean	common	6787	2	CLDN20	-0.018221203714014464	-0.018223220670192972
Liu_2024_Cancer_Res	Liu_2024_Cancer_Res.Pt08	target_mean	common	6787	2	CLDN22	NA	NA
Liu_2024_Cancer_Res	Liu_2024_Cancer_Res.Pt08	target_mean	common	6787	2	CLDN23	0.008012735418923963	0.00801290690856189
Liu_2024_Cancer_Res	Liu_2024_Cancer_Res.Pt08	target_mean	common	6787	2	CLDN3	0.07199908212124523	0.07212388176050094
Liu_2024_Cancer_Res	Liu_2024_Cancer_Res.Pt08	target_mean	common	6787	2	CLDN4	0.07873519137642326	0.07889849843126441
Liu_2024_Cancer_Res	Liu_2024_Cancer_Res.Pt08	target_mean	common	6787	2	CLDN5	-0.011236511266721464	-0.011236984206803066
Liu_2024_Cancer_Res	Liu_2024_Cancer_Res.Pt08	target_mean	common	6787	2	CLDN6	-0.0018311305173806347	-0.0018311325640020812
Liu_2024_Cancer_Res	Liu_2024_Cancer_Res.Pt08	target_mean	common	6787	2	CLDN7	0.09600081268656414	0.09629737380390758
Liu_2024_Cancer_Res	Liu_2024_Cancer_Res.Pt08	target_mean	common	6787	2	CLDN8	NA	NA
Liu_2024_Cancer_Res	Liu_2024_Cancer_Res.Pt08	target_mean	common	6787	2	CLDN9	0.004827285431551299	0.0048273229283122545
Liu_2024_Cancer_Res	Liu_2024_Cancer_Res.Pt08	target_mean	common	6787	2	CRB3	0.014817675796616766	0.014818760413171372
Liu_2024_Cancer_Res	Liu_2024_Cancer_Res.Pt08	target_mean	common	6787	2	F11R	0.05532754387223515	0.05538410285545045
Liu_2024_Cancer_Res	Liu_2024_Cancer_Res.Pt08	target_mean	common	6787	2	PALS1	-0.0010136688358752884	-0.00101366918306536
Liu_2024_Cancer_Res	Liu_2024_Cancer_Res.Pt08	target_mean	common	6787	2	PARD3	-0.0009504244891343639	-0.0009504247753094583
Liu_2024_Cancer_Res	Liu_2024_Cancer_Res.Pt08	target_mean	common	6787	2	PARD6A	-0.02588789485593028	-0.025893680392406082
Liu_2024_Cancer_Res	Liu_2024_Cancer_Res.Pt08	target_mean	common	6787	2	PARD6B	0.03727834835574026	0.03729563103451699
Liu_2024_Cancer_Res	Liu_2024_Cancer_Res.Pt08	target_mean	common	6787	2	PARD6G	-0.027257094643698434	-0.02726384786663153
Liu_2024_Cancer_Res	Liu_2024_Cancer_Res.Pt08	target_mean	common	6787	2	PATJ	-0.011382026571453714	-0.011382518125516926
Liu_2024_Cancer_Res	Liu_2024_Cancer_Res.Pt08	target_mean	common	6787	2	PRKCI	0.010965197555272675	0.010965637055859385
Liu_2024_Cancer_Res	Liu_2024_Cancer_Res.Pt11	target_mean	common	661	1	CLDN1	0.09030864569633164	0.09055536272271017
Liu_2024_Cancer_Res	Liu_2024_Cancer_Res.Pt11	target_mean	common	661	1	CLDN10	-0.09413204272908168	-0.09441155999831308
Liu_2024_Cancer_Res	Liu_2024_Cancer_Res.Pt11	target_mean	common	661	1	CLDN11	-0.006459257755262342	-0.006459347588585001
Liu_2024_Cancer_Res	Liu_2024_Cancer_Res.Pt11	target_mean	common	661	1	CLDN12	-0.021580193228686137	-0.021583544164488037
Liu_2024_Cancer_Res	Liu_2024_Cancer_Res.Pt11	target_mean	common	661	1	CLDN14	-0.12703170179407575	-0.12772170072651481
Liu_2024_Cancer_Res	Liu_2024_Cancer_Res.Pt11	target_mean	common	661	1	CLDN15	-0.05788587232854525	-0.057950656788174765
Liu_2024_Cancer_Res	Liu_2024_Cancer_Res.Pt11	target_mean	common	661	1	CLDN16	0.026626453007483564	0.026632748119897034
Liu_2024_Cancer_Res	Liu_2024_Cancer_Res.Pt11	target_mean	common	661	1	CLDN17	NA	NA
Liu_2024_Cancer_Res	Liu_2024_Cancer_Res.Pt11	target_mean	common	661	1	CLDN18	NA	NA
Liu_2024_Cancer_Res	Liu_2024_Cancer_Res.Pt11	target_mean	common	661	1	CLDN19	NA	NA
Liu_2024_Cancer_Res	Liu_2024_Cancer_Res.Pt11	target_mean	common	661	1	CLDN2	NA	NA
Liu_2024_Cancer_Res	Liu_2024_Cancer_Res.Pt11	target_mean	common	661	1	CLDN20	NA	NA
Liu_2024_Cancer_Res	Liu_2024_Cancer_Res.Pt11	target_mean	common	661	1	CLDN22	NA	NA
Liu_2024_Cancer_Res	Liu_2024_Cancer_Res.Pt11	target_mean	common	661	1	CLDN23	0.01387749009816564	0.01387838106535438
Liu_2024_Cancer_Res	Liu_2024_Cancer_Res.Pt11	target_mean	common	661	1	CLDN3	0.1057890411799542	0.1061863521871812
Liu_2024_Cancer_Res	Liu_2024_Cancer_Res.Pt11	target_mean	common	661	1	CLDN4	0.1634480198848178	0.16492732379749217
Liu_2024_Cancer_Res	Liu_2024_Cancer_Res.Pt11	target_mean	common	661	1	CLDN5	NA	NA
Liu_2024_Cancer_Res	Liu_2024_Cancer_Res.Pt11	target_mean	common	661	1	CLDN6	NA	NA
Liu_2024_Cancer_Res	Liu_2024_Cancer_Res.Pt11	target_mean	common	661	1	CLDN7	0.09916489673973014	0.09949188003405658
Liu_2024_Cancer_Res	Liu_2024_Cancer_Res.Pt11	target_mean	common	661	1	CLDN8	NA	NA
Liu_2024_Cancer_Res	Liu_2024_Cancer_Res.Pt11	target_mean	common	661	1	CLDN9	-0.0042871700390657436	-0.0042871963051698695
Liu_2024_Cancer_Res	Liu_2024_Cancer_Res.Pt11	target_mean	common	661	1	CRB3	-0.09792469301178135	-0.09823951431991106
Liu_2024_Cancer_Res	Liu_2024_Cancer_Res.Pt11	target_mean	common	661	1	F11R	0.09745785650850226	0.09776817958455422
Liu_2024_Cancer_Res	Liu_2024_Cancer_Res.Pt11	target_mean	common	661	1	PALS1	-0.013497942964435839	-0.013498762804222257
Liu_2024_Cancer_Res	Liu_2024_Cancer_Res.Pt11	target_mean	common	661	1	PARD3	-0.04772850818367755	-0.04776479981439551
Liu_2024_Cancer_Res	Liu_2024_Cancer_Res.Pt11	target_mean	common	661	1	PARD6A	-0.027311925183054014	-0.027318719254702924
Liu_2024_Cancer_Res	Liu_2024_Cancer_Res.Pt11	target_mean	common	661	1	PARD6B	0.09392168157257098	0.09419932243793759
Liu_2024_Cancer_Res	Liu_2024_Cancer_Res.Pt11	target_mean	common	661	1	PARD6G	NA	NA
Liu_2024_Cancer_Res	Liu_2024_Cancer_Res.Pt11	target_mean	common	661	1	PATJ	0.09489303192223153	0.0951794081251678
Liu_2024_Cancer_Res	Liu_2024_Cancer_Res.Pt11	target_mean	common	661	1	PRKCI	0.07539626992410063	0.07553962500856047
Liu_2024_Cancer_Res	Liu_2024_Cancer_Res.Pt15	target_mean	common	5121	1	CLDN1	-0.0025670119834456015	-0.0025670176219529475
Liu_2024_Cancer_Res	Liu_2024_Cancer_Res.Pt15	target_mean	common	5121	1	CLDN10	-0.026144775151134583	-0.026150734676139237
Liu_2024_Cancer_Res	Liu_2024_Cancer_Res.Pt15	target_mean	common	5121	1	CLDN11	-0.03305038079113727	-0.03306242263279074
Liu_2024_Cancer_Res	Liu_2024_Cancer_Res.Pt15	target_mean	common	5121	1	CLDN12	0.06785823362336767	0.06796267884606975
Liu_2024_Cancer_Res	Liu_2024_Cancer_Res.Pt15	target_mean	common	5121	1	CLDN14	0.010531854728349995	0.010532244151916406
Liu_2024_Cancer_Res	Liu_2024_Cancer_Res.Pt15	target_mean	common	5121	1	CLDN15	-0.040964168368400763	-0.04098710495257333
Liu_2024_Cancer_Res	Liu_2024_Cancer_Res.Pt15	target_mean	common	5121	1	CLDN16	0.01319956376653429	0.0132003304266735
Liu_2024_Cancer_Res	Liu_2024_Cancer_Res.Pt15	target_mean	common	5121	1	CLDN17	NA	NA
Liu_2024_Cancer_Res	Liu_2024_Cancer_Res.Pt15	target_mean	common	5121	1	CLDN18	NA	NA
Liu_2024_Cancer_Res	Liu_2024_Cancer_Res.Pt15	target_mean	common	5121	1	CLDN19	NA	NA
Liu_2024_Cancer_Res	Liu_2024_Cancer_Res.Pt15	target_mean	common	5121	1	CLDN2	-0.041009158533670924	-0.04103217082430564
Liu_2024_Cancer_Res	Liu_2024_Cancer_Res.Pt15	target_mean	common	5121	1	CLDN20	NA	NA
Liu_2024_Cancer_Res	Liu_2024_Cancer_Res.Pt15	target_mean	common	5121	1	CLDN22	NA	NA
Liu_2024_Cancer_Res	Liu_2024_Cancer_Res.Pt15	target_mean	common	5121	1	CLDN23	0.002528888933003436	0.0025288943240077497
Liu_2024_Cancer_Res	Liu_2024_Cancer_Res.Pt15	target_mean	common	5121	1	CLDN3	0.1592018689278905	0.16056770324937097
Liu_2024_Cancer_Res	Liu_2024_Cancer_Res.Pt15	target_mean	common	5121	1	CLDN4	0.18287637094581155	0.18495697482922716
Liu_2024_Cancer_Res	Liu_2024_Cancer_Res.Pt15	target_mean	common	5121	1	CLDN5	-0.011997767250383264	-0.011998342978652368
Liu_2024_Cancer_Res	Liu_2024_Cancer_Res.Pt15	target_mean	common	5121	1	CLDN6	-0.020966926664124152	-0.020969999912404585
Liu_2024_Cancer_Res	Liu_2024_Cancer_Res.Pt15	target_mean	common	5121	1	CLDN7	0.09530190596115384	0.0955920135792725
Liu_2024_Cancer_Res	Liu_2024_Cancer_Res.Pt15	target_mean	common	5121	1	CLDN8	NA	NA
Liu_2024_Cancer_Res	Liu_2024_Cancer_Res.Pt15	target_mean	common	5121	1	CLDN9	0.039370876520008036	0.039391237944913726
Liu_2024_Cancer_Res	Liu_2024_Cancer_Res.Pt15	target_mean	common	5121	1	CRB3	0.042825382677021705	0.04285159229960238
Liu_2024_Cancer_Res	Liu_2024_Cancer_Res.Pt15	target_mean	common	5121	1	F11R	0.13630388378137795	0.13715753861984548
Liu_2024_Cancer_Res	Liu_2024_Cancer_Res.Pt15	target_mean	common	5121	1	PALS1	-0.002221530549458537	-0.0022215342040337203
Liu_2024_Cancer_Res	Liu_2024_Cancer_Res.Pt15	target_mean	common	5121	1	PARD3	0.09054878550141146	0.09079748242718799
Liu_2024_Cancer_Res	Liu_2024_Cancer_Res.Pt15	target_mean	common	5121	1	PARD6A	-0.02261228794440536	-0.022616143132141886
Liu_2024_Cancer_Res	Liu_2024_Cancer_Res.Pt15	target_mean	common	5121	1	PARD6B	0.11867786037987256	0.11923978691502199
Liu_2024_Cancer_Res	Liu_2024_Cancer_Res.Pt15	target_mean	common	5121	1	PARD6G	-0.019552716838411817	-0.019555209134951256
Liu_2024_Cancer_Res	Liu_2024_Cancer_Res.Pt15	target_mean	common	5121	1	PATJ	0.03901422665987497	0.03903403940397332
Liu_2024_Cancer_Res	Liu_2024_Cancer_Res.Pt15	target_mean	common	5121	1	PRKCI	0.039937557738484154	0.03995881166390536
Liu_2024_Cancer_Res	Liu_2024_Cancer_Res.Pt17	target_mean	common	187	1	CLDN1	0.06786104218785408	0.06796550040363251
Liu_2024_Cancer_Res	Liu_2024_Cancer_Res.Pt17	target_mean	common	187	1	CLDN10	-0.2219864159262063	-0.22574451956568276
Liu_2024_Cancer_Res	Liu_2024_Cancer_Res.Pt17	target_mean	common	187	1	CLDN11	-0.05597290884366762	-0.056031472720240755
Liu_2024_Cancer_Res	Liu_2024_Cancer_Res.Pt17	target_mean	common	187	1	CLDN12	0.0259355205825879	0.025941338117260175
Liu_2024_Cancer_Res	Liu_2024_Cancer_Res.Pt17	target_mean	common	187	1	CLDN14	NA	NA
Liu_2024_Cancer_Res	Liu_2024_Cancer_Res.Pt17	target_mean	common	187	1	CLDN15	-0.03273535664814397	-0.032747057280532565
Liu_2024_Cancer_Res	Liu_2024_Cancer_Res.Pt17	target_mean	common	187	1	CLDN16	-0.0021781232446537965	-0.002178126689162852
Liu_2024_Cancer_Res	Liu_2024_Cancer_Res.Pt17	target_mean	common	187	1	CLDN17	NA	NA
Liu_2024_Cancer_Res	Liu_2024_Cancer_Res.Pt17	target_mean	common	187	1	CLDN18	NA	NA
Liu_2024_Cancer_Res	Liu_2024_Cancer_Res.Pt17	target_mean	common	187	1	CLDN19	NA	NA
Liu_2024_Cancer_Res	Liu_2024_Cancer_Res.Pt17	target_mean	common	187	1	CLDN2	-0.01068079594892305	-0.010681202129664136
Liu_2024_Cancer_Res	Liu_2024_Cancer_Res.Pt17	target_mean	common	187	1	CLDN20	NA	NA
Liu_2024_Cancer_Res	Liu_2024_Cancer_Res.Pt17	target_mean	common	187	1	CLDN22	NA	NA
Liu_2024_Cancer_Res	Liu_2024_Cancer_Res.Pt17	target_mean	common	187	1	CLDN23	0.16972622244448193	0.17138475181075832
Liu_2024_Cancer_Res	Liu_2024_Cancer_Res.Pt17	target_mean	common	187	1	CLDN3	0.20090689913464527	0.20367741945413664
Liu_2024_Cancer_Res	Liu_2024_Cancer_Res.Pt17	target_mean	common	187	1	CLDN4	0.2721331490574653	0.27916614047088373
Liu_2024_Cancer_Res	Liu_2024_Cancer_Res.Pt17	target_mean	common	187	1	CLDN5	-0.01788881583280728	-0.017890724397662504
Liu_2024_Cancer_Res	Liu_2024_Cancer_Res.Pt17	target_mean	common	187	1	CLDN6	0.050757844677369386	0.05080150232379506
Liu_2024_Cancer_Res	Liu_2024_Cancer_Res.Pt17	target_mean	common	187	1	CLDN7	0.5007155061465204	0.5502606081022446
Liu_2024_Cancer_Res	Liu_2024_Cancer_Res.Pt17	target_mean	common	187	1	CLDN8	NA	NA
Liu_2024_Cancer_Res	Liu_2024_Cancer_Res.Pt17	target_mean	common	187	1	CLDN9	-0.08975296899183825	-0.08999514513374118
Liu_2024_Cancer_Res	Liu_2024_Cancer_Res.Pt17	target_mean	common	187	1	CRB3	0.13884529468744627	0.1397479797041531
Liu_2024_Cancer_Res	Liu_2024_Cancer_Res.Pt17	target_mean	common	187	1	F11R	0.28932038439150476	0.2978244037179475
Liu_2024_Cancer_Res	Liu_2024_Cancer_Res.Pt17	target_mean	common	187	1	PALS1	0.07643201091463156	0.07658136962350372
Liu_2024_Cancer_Res	Liu_2024_Cancer_Res.Pt17	target_mean	common	187	1	PARD3	0.14375203124674743	0.14475468761347415
Liu_2024_Cancer_Res	Liu_2024_Cancer_Res.Pt17	target_mean	common	187	1	PARD6A	-0.06879907857346386	-0.06890793709386639
Liu_2024_Cancer_Res	Liu_2024_Cancer_Res.Pt17	target_mean	common	187	1	PARD6B	0.22021942824684757	0.22388670946612865
Liu_2024_Cancer_Res	Liu_2024_Cancer_Res.Pt17	target_mean	common	187	1	PARD6G	-0.009502706524753088	-0.009502992576251887
Liu_2024_Cancer_Res	Liu_2024_Cancer_Res.Pt17	target_mean	common	187	1	PATJ	0.1295283261645756	0.13026009776120007
Liu_2024_Cancer_Res	Liu_2024_Cancer_Res.Pt17	target_mean	common	187	1	PRKCI	0.30592651785587344	0.3160451031291219
Liu_2024_Cancer_Res	Liu_2024_Cancer_Res.Pt18	target_mean	common	5609	1	CLDN1	-0.03596858420309292	-0.0359841075754387
Liu_2024_Cancer_Res	Liu_2024_Cancer_Res.Pt18	target_mean	common	5609	1	CLDN10	-0.06876533349383307	-0.0688740316076528
Liu_2024_Cancer_Res	Liu_2024_Cancer_Res.Pt18	target_mean	common	5609	1	CLDN11	-0.011897542758747106	-0.011898104178198326
Liu_2024_Cancer_Res	Liu_2024_Cancer_Res.Pt18	target_mean	common	5609	1	CLDN12	0.016970335520671474	0.01697196491081494
Liu_2024_Cancer_Res	Liu_2024_Cancer_Res.Pt18	target_mean	common	5609	1	CLDN14	-0.014827354320798404	-0.014828441064259436
Liu_2024_Cancer_Res	Liu_2024_Cancer_Res.Pt18	target_mean	common	5609	1	CLDN15	-0.04452057037795821	-0.04455001987032755
Liu_2024_Cancer_Res	Liu_2024_Cancer_Res.Pt18	target_mean	common	5609	1	CLDN16	-0.00673613123964797	-0.006736233127448938
Liu_2024_Cancer_Res	Liu_2024_Cancer_Res.Pt18	target_mean	common	5609	1	CLDN17	NA	NA
Liu_2024_Cancer_Res	Liu_2024_Cancer_Res.Pt18	target_mean	common	5609	1	CLDN18	NA	NA
Liu_2024_Cancer_Res	Liu_2024_Cancer_Res.Pt18	target_mean	common	5609	1	CLDN19	-0.00900655944952035	-0.00900680299307668
Liu_2024_Cancer_Res	Liu_2024_Cancer_Res.Pt18	target_mean	common	5609	1	CLDN2	-0.009823293335749191	-0.009823609327124866
Liu_2024_Cancer_Res	Liu_2024_Cancer_Res.Pt18	target_mean	common	5609	1	CLDN20	-0.00629577393318634	-0.006295857116544519
Liu_2024_Cancer_Res	Liu_2024_Cancer_Res.Pt18	target_mean	common	5609	1	CLDN22	NA	NA
Liu_2024_Cancer_Res	Liu_2024_Cancer_Res.Pt18	target_mean	common	5609	1	CLDN23	0.05600242613214779	0.0560610828251178
Liu_2024_Cancer_Res	Liu_2024_Cancer_Res.Pt18	target_mean	common	5609	1	CLDN3	0.1272027520313256	0.12789556032484722
Liu_2024_Cancer_Res	Liu_2024_Cancer_Res.Pt18	target_mean	common	5609	1	CLDN4	0.16284406476390648	0.16430685383555596
Liu_2024_Cancer_Res	Liu_2024_Cancer_Res.Pt18	target_mean	common	5609	1	CLDN5	0.003359935613709471	0.0033599482574202316
Liu_2024_Cancer_Res	Liu_2024_Cancer_Res.Pt18	target_mean	common	5609	1	CLDN6	-0.000901494917938897	-0.000901495162151912
Liu_2024_Cancer_Res	Liu_2024_Cancer_Res.Pt18	target_mean	common	5609	1	CLDN7	0.13210291021697235	0.1328795086214923
Liu_2024_Cancer_Res	Liu_2024_Cancer_Res.Pt18	target_mean	common	5609	1	CLDN8	0.013762272420920527	0.013763141378455522
Liu_2024_Cancer_Res	Liu_2024_Cancer_Res.Pt18	target_mean	common	5609	1	CLDN9	0.028897775174056957	0.028905823205178184
Liu_2024_Cancer_Res	Liu_2024_Cancer_Res.Pt18	target_mean	common	5609	1	CRB3	0.0211394613325948	0.021142611088960372
Liu_2024_Cancer_Res	Liu_2024_Cancer_Res.Pt18	target_mean	common	5609	1	F11R	0.10569879570400322	0.10609508619526116
Liu_2024_Cancer_Res	Liu_2024_Cancer_Res.Pt18	target_mean	common	5609	1	PALS1	-0.028081629566236867	-0.028089014578415807
Liu_2024_Cancer_Res	Liu_2024_Cancer_Res.Pt18	target_mean	common	5609	1	PARD3	0.011390501888197294	0.011390994541202534
Liu_2024_Cancer_Res	Liu_2024_Cancer_Res.Pt18	target_mean	common	5609	1	PARD6A	-0.06871721347110735	-0.06882568312078208
Liu_2024_Cancer_Res	Liu_2024_Cancer_Res.Pt18	target_mean	common	5609	1	PARD6B	0.08477379367703582	0.08497775220072441
Liu_2024_Cancer_Res	Liu_2024_Cancer_Res.Pt18	target_mean	common	5609	1	PARD6G	-0.021773407489483424	-0.021776849256794763
Liu_2024_Cancer_Res	Liu_2024_Cancer_Res.Pt18	target_mean	common	5609	1	PATJ	0.013163300830649276	0.013164061188998752
Liu_2024_Cancer_Res	Liu_2024_Cancer_Res.Pt18	target_mean	common	5609	1	PRKCI	0.018180446613442584	0.018182450063535083
Sathe_2023_Clin_Cancer_Res	Sathe_2023_Clin_Cancer_Res.P5915	target_mean	common	1138	1	CLDN1	0.05517628187888832	0.055232377679156196
Sathe_2023_Clin_Cancer_Res	Sathe_2023_Clin_Cancer_Res.P5915	target_mean	common	1138	1	CLDN10	NA	NA
Sathe_2023_Clin_Cancer_Res	Sathe_2023_Clin_Cancer_Res.P5915	target_mean	common	1138	1	CLDN11	NA	NA
Sathe_2023_Clin_Cancer_Res	Sathe_2023_Clin_Cancer_Res.P5915	target_mean	common	1138	1	CLDN12	0.0439147213668804	0.04394298396380659
Sathe_2023_Clin_Cancer_Res	Sathe_2023_Clin_Cancer_Res.P5915	target_mean	common	1138	1	CLDN14	NA	NA
Sathe_2023_Clin_Cancer_Res	Sathe_2023_Clin_Cancer_Res.P5915	target_mean	common	1138	1	CLDN15	0.05407497559935556	0.054127775197777575
Sathe_2023_Clin_Cancer_Res	Sathe_2023_Clin_Cancer_Res.P5915	target_mean	common	1138	1	CLDN16	NA	NA
Sathe_2023_Clin_Cancer_Res	Sathe_2023_Clin_Cancer_Res.P5915	target_mean	common	1138	1	CLDN17	NA	NA
Sathe_2023_Clin_Cancer_Res	Sathe_2023_Clin_Cancer_Res.P5915	target_mean	common	1138	1	CLDN18	NA	NA
Sathe_2023_Clin_Cancer_Res	Sathe_2023_Clin_Cancer_Res.P5915	target_mean	common	1138	1	CLDN19	NA	NA
Sathe_2023_Clin_Cancer_Res	Sathe_2023_Clin_Cancer_Res.P5915	target_mean	common	1138	1	CLDN2	0.06360934212057741	0.06369534194420592
Sathe_2023_Clin_Cancer_Res	Sathe_2023_Clin_Cancer_Res.P5915	target_mean	common	1138	1	CLDN20	NA	NA
Sathe_2023_Clin_Cancer_Res	Sathe_2023_Clin_Cancer_Res.P5915	target_mean	common	1138	1	CLDN22	NA	NA
Sathe_2023_Clin_Cancer_Res	Sathe_2023_Clin_Cancer_Res.P5915	target_mean	common	1138	1	CLDN23	NA	NA
Sathe_2023_Clin_Cancer_Res	Sathe_2023_Clin_Cancer_Res.P5915	target_mean	common	1138	1	CLDN3	0.09602297222533651	0.09631973951615694
Sathe_2023_Clin_Cancer_Res	Sathe_2023_Clin_Cancer_Res.P5915	target_mean	common	1138	1	CLDN4	0.14005602552967888	0.140982722110854
Sathe_2023_Clin_Cancer_Res	Sathe_2023_Clin_Cancer_Res.P5915	target_mean	common	1138	1	CLDN5	NA	NA
Sathe_2023_Clin_Cancer_Res	Sathe_2023_Clin_Cancer_Res.P5915	target_mean	common	1138	1	CLDN6	NA	NA
Sathe_2023_Clin_Cancer_Res	Sathe_2023_Clin_Cancer_Res.P5915	target_mean	common	1138	1	CLDN7	0.11629250471726196	0.1168210447034488
Sathe_2023_Clin_Cancer_Res	Sathe_2023_Clin_Cancer_Res.P5915	target_mean	common	1138	1	CLDN8	NA	NA
Sathe_2023_Clin_Cancer_Res	Sathe_2023_Clin_Cancer_Res.P5915	target_mean	common	1138	1	CLDN9	NA	NA
Sathe_2023_Clin_Cancer_Res	Sathe_2023_Clin_Cancer_Res.P5915	target_mean	common	1138	1	CRB3	-0.023537369528677073	-0.02354171760257889
Sathe_2023_Clin_Cancer_Res	Sathe_2023_Clin_Cancer_Res.P5915	target_mean	common	1138	1	F11R	0.08334000421342871	0.08353375986495017
Sathe_2023_Clin_Cancer_Res	Sathe_2023_Clin_Cancer_Res.P5915	target_mean	common	1138	1	PALS1	0.06430511491593112	0.06439397253555926
Sathe_2023_Clin_Cancer_Res	Sathe_2023_Clin_Cancer_Res.P5915	target_mean	common	1138	1	PARD3	0.037406853317518356	0.03742431544299932
Sathe_2023_Clin_Cancer_Res	Sathe_2023_Clin_Cancer_Res.P5915	target_mean	common	1138	1	PARD6A	0.03687631100479036	0.036893040225104826
Sathe_2023_Clin_Cancer_Res	Sathe_2023_Clin_Cancer_Res.P5915	target_mean	common	1138	1	PARD6B	0.08206841073735131	0.08225340862714069
Sathe_2023_Clin_Cancer_Res	Sathe_2023_Clin_Cancer_Res.P5915	target_mean	common	1138	1	PARD6G	NA	NA
Sathe_2023_Clin_Cancer_Res	Sathe_2023_Clin_Cancer_Res.P5915	target_mean	common	1138	1	PATJ	0.06610220884536629	0.06619873995933141
Sathe_2023_Clin_Cancer_Res	Sathe_2023_Clin_Cancer_Res.P5915	target_mean	common	1138	1	PRKCI	0.08687002921648798	0.08708954271934044
Sathe_2023_Clin_Cancer_Res	Sathe_2023_Clin_Cancer_Res.P6198	target_mean	common	5333	1	CLDN1	0.023663818511408908	0.023668237055301435
Sathe_2023_Clin_Cancer_Res	Sathe_2023_Clin_Cancer_Res.P6198	target_mean	common	5333	1	CLDN10	NA	NA
Sathe_2023_Clin_Cancer_Res	Sathe_2023_Clin_Cancer_Res.P6198	target_mean	common	5333	1	CLDN11	0.009293675421131643	0.009293943007358111
Sathe_2023_Clin_Cancer_Res	Sathe_2023_Clin_Cancer_Res.P6198	target_mean	common	5333	1	CLDN12	0.022823339695112424	0.022827303863490335
Sathe_2023_Clin_Cancer_Res	Sathe_2023_Clin_Cancer_Res.P6198	target_mean	common	5333	1	CLDN14	NA	NA
Sathe_2023_Clin_Cancer_Res	Sathe_2023_Clin_Cancer_Res.P6198	target_mean	common	5333	1	CLDN15	0.02021953689521042	0.020222293020194102
Sathe_2023_Clin_Cancer_Res	Sathe_2023_Clin_Cancer_Res.P6198	target_mean	common	5333	1	CLDN16	NA	NA
Sathe_2023_Clin_Cancer_Res	Sathe_2023_Clin_Cancer_Res.P6198	target_mean	common	5333	1	CLDN17	NA	NA
Sathe_2023_Clin_Cancer_Res	Sathe_2023_Clin_Cancer_Res.P6198	target_mean	common	5333	1	CLDN18	NA	NA
Sathe_2023_Clin_Cancer_Res	Sathe_2023_Clin_Cancer_Res.P6198	target_mean	common	5333	1	CLDN19	NA	NA
Sathe_2023_Clin_Cancer_Res	Sathe_2023_Clin_Cancer_Res.P6198	target_mean	common	5333	1	CLDN2	NA	NA
Sathe_2023_Clin_Cancer_Res	Sathe_2023_Clin_Cancer_Res.P6198	target_mean	common	5333	1	CLDN20	NA	NA
Sathe_2023_Clin_Cancer_Res	Sathe_2023_Clin_Cancer_Res.P6198	target_mean	common	5333	1	CLDN22	NA	NA
Sathe_2023_Clin_Cancer_Res	Sathe_2023_Clin_Cancer_Res.P6198	target_mean	common	5333	1	CLDN23	NA	NA
Sathe_2023_Clin_Cancer_Res	Sathe_2023_Clin_Cancer_Res.P6198	target_mean	common	5333	1	CLDN3	0.002334557452043491	0.0023345616932934046
Sathe_2023_Clin_Cancer_Res	Sathe_2023_Clin_Cancer_Res.P6198	target_mean	common	5333	1	CLDN4	0.03902628526547817	0.03904611639777041
Sathe_2023_Clin_Cancer_Res	Sathe_2023_Clin_Cancer_Res.P6198	target_mean	common	5333	1	CLDN5	NA	NA
Sathe_2023_Clin_Cancer_Res	Sathe_2023_Clin_Cancer_Res.P6198	target_mean	common	5333	1	CLDN6	NA	NA
Sathe_2023_Clin_Cancer_Res	Sathe_2023_Clin_Cancer_Res.P6198	target_mean	common	5333	1	CLDN7	0.06634576863650156	0.06644337261676138
Sathe_2023_Clin_Cancer_Res	Sathe_2023_Clin_Cancer_Res.P6198	target_mean	common	5333	1	CLDN8	NA	NA
Sathe_2023_Clin_Cancer_Res	Sathe_2023_Clin_Cancer_Res.P6198	target_mean	common	5333	1	CLDN9	0.08628669182517525	0.08650179969937566
Sathe_2023_Clin_Cancer_Res	Sathe_2023_Clin_Cancer_Res.P6198	target_mean	common	5333	1	CRB3	-0.0014533334169856782	-0.0014533344402199416
Sathe_2023_Clin_Cancer_Res	Sathe_2023_Clin_Cancer_Res.P6198	target_mean	common	5333	1	F11R	0.0442590958988345	0.04428802914817203
Sathe_2023_Clin_Cancer_Res	Sathe_2023_Clin_Cancer_Res.P6198	target_mean	common	5333	1	PALS1	-0.013263586133385016	-0.013264364004197523
Sathe_2023_Clin_Cancer_Res	Sathe_2023_Clin_Cancer_Res.P6198	target_mean	common	5333	1	PARD3	0.009152728998217218	0.009152984593236137
Sathe_2023_Clin_Cancer_Res	Sathe_2023_Clin_Cancer_Res.P6198	target_mean	common	5333	1	PARD6A	0.007508289908287481	0.007508431004883006
Sathe_2023_Clin_Cancer_Res	Sathe_2023_Clin_Cancer_Res.P6198	target_mean	common	5333	1	PARD6B	0.025217195013331924	0.02522254231668639
Sathe_2023_Clin_Cancer_Res	Sathe_2023_Clin_Cancer_Res.P6198	target_mean	common	5333	1	PARD6G	0.021484965776956577	0.021488272539808926
Sathe_2023_Clin_Cancer_Res	Sathe_2023_Clin_Cancer_Res.P6198	target_mean	common	5333	1	PATJ	0.047455903263104865	0.04749157603532537
Sathe_2023_Clin_Cancer_Res	Sathe_2023_Clin_Cancer_Res.P6198	target_mean	common	5333	1	PRKCI	0.03470174891156051	0.03471568839822026
Sathe_2023_Clin_Cancer_Res	Sathe_2023_Clin_Cancer_Res.P6335	target_mean	common	242	1	CLDN1	-0.15044970623929987	-0.15160052525287285
Sathe_2023_Clin_Cancer_Res	Sathe_2023_Clin_Cancer_Res.P6335	target_mean	common	242	1	CLDN10	NA	NA
Sathe_2023_Clin_Cancer_Res	Sathe_2023_Clin_Cancer_Res.P6335	target_mean	common	242	1	CLDN11	NA	NA
Sathe_2023_Clin_Cancer_Res	Sathe_2023_Clin_Cancer_Res.P6335	target_mean	common	242	1	CLDN12	0.06442927513066699	0.06451864930323695
Sathe_2023_Clin_Cancer_Res	Sathe_2023_Clin_Cancer_Res.P6335	target_mean	common	242	1	CLDN14	NA	NA
Sathe_2023_Clin_Cancer_Res	Sathe_2023_Clin_Cancer_Res.P6335	target_mean	common	242	1	CLDN15	0.03986646388839721	0.0398876044397489
Sathe_2023_Clin_Cancer_Res	Sathe_2023_Clin_Cancer_Res.P6335	target_mean	common	242	1	CLDN16	NA	NA
Sathe_2023_Clin_Cancer_Res	Sathe_2023_Clin_Cancer_Res.P6335	target_mean	common	242	1	CLDN17	NA	NA
Sathe_2023_Clin_Cancer_Res	Sathe_2023_Clin_Cancer_Res.P6335	target_mean	common	242	1	CLDN18	NA	NA
Sathe_2023_Clin_Cancer_Res	Sathe_2023_Clin_Cancer_Res.P6335	target_mean	common	242	1	CLDN19	NA	NA
Sathe_2023_Clin_Cancer_Res	Sathe_2023_Clin_Cancer_Res.P6335	target_mean	common	242	1	CLDN2	-0.040476400057513066	-0.04049852649970311
Sathe_2023_Clin_Cancer_Res	Sathe_2023_Clin_Cancer_Res.P6335	target_mean	common	242	1	CLDN20	NA	NA
Sathe_2023_Clin_Cancer_Res	Sathe_2023_Clin_Cancer_Res.P6335	target_mean	common	242	1	CLDN22	NA	NA
Sathe_2023_Clin_Cancer_Res	Sathe_2023_Clin_Cancer_Res.P6335	target_mean	common	242	1	CLDN23	0.05577025269383353	0.05582818197047987
Sathe_2023_Clin_Cancer_Res	Sathe_2023_Clin_Cancer_Res.P6335	target_mean	common	242	1	CLDN3	0.15794001475830005	0.15927330148995433
Sathe_2023_Clin_Cancer_Res	Sathe_2023_Clin_Cancer_Res.P6335	target_mean	common	242	1	CLDN4	0.30563913126787257	0.31572807325022006
Sathe_2023_Clin_Cancer_Res	Sathe_2023_Clin_Cancer_Res.P6335	target_mean	common	242	1	CLDN5	NA	NA
Sathe_2023_Clin_Cancer_Res	Sathe_2023_Clin_Cancer_Res.P6335	target_mean	common	242	1	CLDN6	NA	NA
Sathe_2023_Clin_Cancer_Res	Sathe_2023_Clin_Cancer_Res.P6335	target_mean	common	242	1	CLDN7	-0.11621617746190276	-0.11674367174698629
Sathe_2023_Clin_Cancer_Res	Sathe_2023_Clin_Cancer_Res.P6335	target_mean	common	242	1	CLDN8	NA	NA
Sathe_2023_Clin_Cancer_Res	Sathe_2023_Clin_Cancer_Res.P6335	target_mean	common	242	1	CLDN9	NA	NA
Sathe_2023_Clin_Cancer_Res	Sathe_2023_Clin_Cancer_Res.P6335	target_mean	common	242	1	CRB3	0.17174358909912005	0.17346269206095896
Sathe_2023_Clin_Cancer_Res	Sathe_2023_Clin_Cancer_Res.P6335	target_mean	common	242	1	F11R	0.1354841471098404	0.13632237884934312
Sathe_2023_Clin_Cancer_Res	Sathe_2023_Clin_Cancer_Res.P6335	target_mean	common	242	1	PALS1	0.09266785913076604	0.09293449083892906
Sathe_2023_Clin_Cancer_Res	Sathe_2023_Clin_Cancer_Res.P6335	target_mean	common	242	1	PARD3	-0.019051225177023724	-0.019053530554608896
Sathe_2023_Clin_Cancer_Res	Sathe_2023_Clin_Cancer_Res.P6335	target_mean	common	242	1	PARD6A	0.06139184338442006	0.0614691460387946
Sathe_2023_Clin_Cancer_Res	Sathe_2023_Clin_Cancer_Res.P6335	target_mean	common	242	1	PARD6B	0.20033349415553306	0.2030799679510104
Sathe_2023_Clin_Cancer_Res	Sathe_2023_Clin_Cancer_Res.P6335	target_mean	common	242	1	PARD6G	NA	NA
Sathe_2023_Clin_Cancer_Res	Sathe_2023_Clin_Cancer_Res.P6335	target_mean	common	242	1	PATJ	0.023352798761695756	0.023357045325897927
Sathe_2023_Clin_Cancer_Res	Sathe_2023_Clin_Cancer_Res.P6335	target_mean	common	242	1	PRKCI	-0.00434248150854122	-0.004342508804452154
Wang_2023_Sci_Adv	Wang_2023_Sci_Adv.P0107	target_mean	common	121	1	CLDN1	-0.07750368058191193	-0.07765942585465939
Wang_2023_Sci_Adv	Wang_2023_Sci_Adv.P0107	target_mean	common	121	1	CLDN10	-0.2811954538273421	-0.28897969489935255
Wang_2023_Sci_Adv	Wang_2023_Sci_Adv.P0107	target_mean	common	121	1	CLDN11	0.1109153962375678	0.1113736187080531
Wang_2023_Sci_Adv	Wang_2023_Sci_Adv.P0107	target_mean	common	121	1	CLDN12	0.0129677824091821	0.012968509384576882
Wang_2023_Sci_Adv	Wang_2023_Sci_Adv.P0107	target_mean	common	121	1	CLDN14	-0.11951189878659428	-0.12008582523454822
Wang_2023_Sci_Adv	Wang_2023_Sci_Adv.P0107	target_mean	common	121	1	CLDN15	0.03846524930350299	0.038484236908103556
Wang_2023_Sci_Adv	Wang_2023_Sci_Adv.P0107	target_mean	common	121	1	CLDN16	-0.01566768688079681	-0.015668969085507013
Wang_2023_Sci_Adv	Wang_2023_Sci_Adv.P0107	target_mean	common	121	1	CLDN17	NA	NA
Wang_2023_Sci_Adv	Wang_2023_Sci_Adv.P0107	target_mean	common	121	1	CLDN18	0.21061506484079393	0.21381487417868242
Wang_2023_Sci_Adv	Wang_2023_Sci_Adv.P0107	target_mean	common	121	1	CLDN19	NA	NA
Wang_2023_Sci_Adv	Wang_2023_Sci_Adv.P0107	target_mean	common	121	1	CLDN2	-0.23444854592196157	-0.23889159934082346
Wang_2023_Sci_Adv	Wang_2023_Sci_Adv.P0107	target_mean	common	121	1	CLDN20	NA	NA
Wang_2023_Sci_Adv	Wang_2023_Sci_Adv.P0107	target_mean	common	121	1	CLDN22	NA	NA
Wang_2023_Sci_Adv	Wang_2023_Sci_Adv.P0107	target_mean	common	121	1	CLDN23	-0.10605483682583373	-0.10645516375458024
Wang_2023_Sci_Adv	Wang_2023_Sci_Adv.P0107	target_mean	common	121	1	CLDN3	-0.14494595184194548	-0.14597401504197624
Wang_2023_Sci_Adv	Wang_2023_Sci_Adv.P0107	target_mean	common	121	1	CLDN4	-0.07898828941854201	-0.0791531803861942
Wang_2023_Sci_Adv	Wang_2023_Sci_Adv.P0107	target_mean	common	121	1	CLDN5	-0.03750483003087217	-0.03752242980500249
Wang_2023_Sci_Adv	Wang_2023_Sci_Adv.P0107	target_mean	common	121	1	CLDN6	NA	NA
Wang_2023_Sci_Adv	Wang_2023_Sci_Adv.P0107	target_mean	common	121	1	CLDN7	0.314084817855084	0.3250708837124054
Wang_2023_Sci_Adv	Wang_2023_Sci_Adv.P0107	target_mean	common	121	1	CLDN8	0.07596003856778973	0.07610664107239229
Wang_2023_Sci_Adv	Wang_2023_Sci_Adv.P0107	target_mean	common	121	1	CLDN9	0.19580460562944293	0.19836614023381258
Wang_2023_Sci_Adv	Wang_2023_Sci_Adv.P0107	target_mean	common	121	1	CRB3	0.03709153989324539	0.03710856391000768
Wang_2023_Sci_Adv	Wang_2023_Sci_Adv.P0107	target_mean	common	121	1	F11R	0.1978453893701746	0.2004891712196295
Wang_2023_Sci_Adv	Wang_2023_Sci_Adv.P0107	target_mean	common	121	1	PALS1	0.0922440780358955	0.09250705597889516
Wang_2023_Sci_Adv	Wang_2023_Sci_Adv.P0107	target_mean	common	121	1	PARD3	-0.02641824231853842	-0.02642439086442656
Wang_2023_Sci_Adv	Wang_2023_Sci_Adv.P0107	target_mean	common	121	1	PARD6A	-0.10756296431027461	-0.1079806950176288
Wang_2023_Sci_Adv	Wang_2023_Sci_Adv.P0107	target_mean	common	121	1	PARD6B	0.10098325825383435	0.10132863686559762
Wang_2023_Sci_Adv	Wang_2023_Sci_Adv.P0107	target_mean	common	121	1	PARD6G	NA	NA
Wang_2023_Sci_Adv	Wang_2023_Sci_Adv.P0107	target_mean	common	121	1	PATJ	0.06371173455341025	0.06379815102781661
Wang_2023_Sci_Adv	Wang_2023_Sci_Adv.P0107	target_mean	common	121	1	PRKCI	0.10232153109071342	0.1026808829546463
Wang_2023_Sci_Adv	Wang_2023_Sci_Adv.P0813	target_mean	common	3124	2	CLDN1	0.03273742559358542	0.032749128445582164
Wang_2023_Sci_Adv	Wang_2023_Sci_Adv.P0813	target_mean	common	3124	2	CLDN10	-0.028498281924051905	-0.028506000665253096
Wang_2023_Sci_Adv	Wang_2023_Sci_Adv.P0813	target_mean	common	3124	2	CLDN11	-0.01727714769956227	-0.017278867082746358
Wang_2023_Sci_Adv	Wang_2023_Sci_Adv.P0813	target_mean	common	3124	2	CLDN12	0.032676980206624705	0.03268861832723088
Wang_2023_Sci_Adv	Wang_2023_Sci_Adv.P0813	target_mean	common	3124	2	CLDN14	-0.02997468074672513	-0.02998366282125775
Wang_2023_Sci_Adv	Wang_2023_Sci_Adv.P0813	target_mean	common	3124	2	CLDN15	-0.022500805566345067	-0.022504604003102197
Wang_2023_Sci_Adv	Wang_2023_Sci_Adv.P0813	target_mean	common	3124	2	CLDN16	-0.01972524500172681	-0.019727803866683165
Wang_2023_Sci_Adv	Wang_2023_Sci_Adv.P0813	target_mean	common	3124	2	CLDN17	NA	NA
Wang_2023_Sci_Adv	Wang_2023_Sci_Adv.P0813	target_mean	common	3124	2	CLDN18	0.014953044226708486	0.014954158844234237
Wang_2023_Sci_Adv	Wang_2023_Sci_Adv.P0813	target_mean	common	3124	2	CLDN19	0.019945432709425465	0.019948078240169722
Wang_2023_Sci_Adv	Wang_2023_Sci_Adv.P0813	target_mean	common	3124	2	CLDN2	-0.13137988760645705	-0.13214371570475994
Wang_2023_Sci_Adv	Wang_2023_Sci_Adv.P0813	target_mean	common	3124	2	CLDN20	NA	NA
Wang_2023_Sci_Adv	Wang_2023_Sci_Adv.P0813	target_mean	common	3124	2	CLDN22	NA	NA
Wang_2023_Sci_Adv	Wang_2023_Sci_Adv.P0813	target_mean	common	3124	2	CLDN23	0.06529423928257747	0.06538726782965998
Wang_2023_Sci_Adv	Wang_2023_Sci_Adv.P0813	target_mean	common	3124	2	CLDN3	0.12686944172023742	0.12755678276052226
Wang_2023_Sci_Adv	Wang_2023_Sci_Adv.P0813	target_mean	common	3124	2	CLDN4	0.09929691730342824	0.0996252135023393
Wang_2023_Sci_Adv	Wang_2023_Sci_Adv.P0813	target_mean	common	3124	2	CLDN5	-0.009136636377011153	-0.009136890626168164
Wang_2023_Sci_Adv	Wang_2023_Sci_Adv.P0813	target_mean	common	3124	2	CLDN6	0.021483008718675773	0.021486314577807836
Wang_2023_Sci_Adv	Wang_2023_Sci_Adv.P0813	target_mean	common	3124	2	CLDN7	0.23044816785777053	0.2346627184469961
Wang_2023_Sci_Adv	Wang_2023_Sci_Adv.P0813	target_mean	common	3124	2	CLDN8	0.005028870778586413	0.005028913171841441
Wang_2023_Sci_Adv	Wang_2023_Sci_Adv.P0813	target_mean	common	3124	2	CLDN9	0.010312475300548653	0.010312840891318295
Wang_2023_Sci_Adv	Wang_2023_Sci_Adv.P0813	target_mean	common	3124	2	CRB3	0.06801846289919196	0.06812365110890611
Wang_2023_Sci_Adv	Wang_2023_Sci_Adv.P0813	target_mean	common	3124	2	F11R	0.14457742442636276	0.14559759947739132
Wang_2023_Sci_Adv	Wang_2023_Sci_Adv.P0813	target_mean	common	3124	2	PALS1	0.05668907609804391	0.05674991976803059
Wang_2023_Sci_Adv	Wang_2023_Sci_Adv.P0813	target_mean	common	3124	2	PARD3	0.013162256728858663	0.013163016906277025
Wang_2023_Sci_Adv	Wang_2023_Sci_Adv.P0813	target_mean	common	3124	2	PARD6A	-0.0014305958545229118	-0.0014305968304787475
Wang_2023_Sci_Adv	Wang_2023_Sci_Adv.P0813	target_mean	common	3124	2	PARD6B	0.08523674364902116	0.08544407175776306
Wang_2023_Sci_Adv	Wang_2023_Sci_Adv.P0813	target_mean	common	3124	2	PARD6G	0.02044865854113353	0.020451509442503332
Wang_2023_Sci_Adv	Wang_2023_Sci_Adv.P0813	target_mean	common	3124	2	PATJ	0.022673056698313477	0.022676943057619622
Wang_2023_Sci_Adv	Wang_2023_Sci_Adv.P0813	target_mean	common	3124	2	PRKCI	-0.0016597399433995103	-0.001659741467450863
Wang_2023_Sci_Adv	Wang_2023_Sci_Adv.P0920	target_mean	common	9962	2	CLDN1	0.11708060158826801	0.1176200202710234
Wang_2023_Sci_Adv	Wang_2023_Sci_Adv.P0920	target_mean	common	9962	2	CLDN10	0.011141602193103438	0.011142063249485403
Wang_2023_Sci_Adv	Wang_2023_Sci_Adv.P0920	target_mean	common	9962	2	CLDN11	-0.0005435043197574051	-0.0005435043732739199
Wang_2023_Sci_Adv	Wang_2023_Sci_Adv.P0920	target_mean	common	9962	2	CLDN12	0.02999911096029791	0.030008115022591632
Wang_2023_Sci_Adv	Wang_2023_Sci_Adv.P0920	target_mean	common	9962	2	CLDN14	-0.0035870776210201265	-0.0035870930062653103
Wang_2023_Sci_Adv	Wang_2023_Sci_Adv.P0920	target_mean	common	9962	2	CLDN15	-0.011176593802982996	-0.011177059217257803
Wang_2023_Sci_Adv	Wang_2023_Sci_Adv.P0920	target_mean	common	9962	2	CLDN16	0.010181950689529245	0.010182302572888512
Wang_2023_Sci_Adv	Wang_2023_Sci_Adv.P0920	target_mean	common	9962	2	CLDN17	NA	NA
Wang_2023_Sci_Adv	Wang_2023_Sci_Adv.P0920	target_mean	common	9962	2	CLDN18	0.0014536742626465858	0.0014536752866009463
Wang_2023_Sci_Adv	Wang_2023_Sci_Adv.P0920	target_mean	common	9962	2	CLDN19	0.012697865287014934	0.01269854780312711
Wang_2023_Sci_Adv	Wang_2023_Sci_Adv.P0920	target_mean	common	9962	2	CLDN2	0.011045383174468324	0.011045832388069244
Wang_2023_Sci_Adv	Wang_2023_Sci_Adv.P0920	target_mean	common	9962	2	CLDN20	NA	NA
Wang_2023_Sci_Adv	Wang_2023_Sci_Adv.P0920	target_mean	common	9962	2	CLDN22	NA	NA
Wang_2023_Sci_Adv	Wang_2023_Sci_Adv.P0920	target_mean	common	9962	2	CLDN23	0.015788652452649952	0.015789964588809317
Wang_2023_Sci_Adv	Wang_2023_Sci_Adv.P0920	target_mean	common	9962	2	CLDN3	0.08525124562160359	0.08545867988083625
Wang_2023_Sci_Adv	Wang_2023_Sci_Adv.P0920	target_mean	common	9962	2	CLDN4	0.17217822565458707	0.17391057270289437
Wang_2023_Sci_Adv	Wang_2023_Sci_Adv.P0920	target_mean	common	9962	2	CLDN5	0.007582346939695524	0.007582492252767288
Wang_2023_Sci_Adv	Wang_2023_Sci_Adv.P0920	target_mean	common	9962	2	CLDN6	0.007251724736728828	0.007251851857459539
Wang_2023_Sci_Adv	Wang_2023_Sci_Adv.P0920	target_mean	common	9962	2	CLDN7	0.048382801536894594	0.04842060767846921
Wang_2023_Sci_Adv	Wang_2023_Sci_Adv.P0920	target_mean	common	9962	2	CLDN8	-0.006723874894462693	-0.006723976227112439
Wang_2023_Sci_Adv	Wang_2023_Sci_Adv.P0920	target_mean	common	9962	2	CLDN9	0.0324215950324651	0.03243296229532708
Wang_2023_Sci_Adv	Wang_2023_Sci_Adv.P0920	target_mean	common	9962	2	CRB3	0.030525540438506388	0.030535027063463536
Wang_2023_Sci_Adv	Wang_2023_Sci_Adv.P0920	target_mean	common	9962	2	F11R	0.0652217500939008	0.06531446861779988
Wang_2023_Sci_Adv	Wang_2023_Sci_Adv.P0920	target_mean	common	9962	2	PALS1	0.0035670895831384068	0.003567104712622172
Wang_2023_Sci_Adv	Wang_2023_Sci_Adv.P0920	target_mean	common	9962	2	PARD3	0.02440809708014408	0.024412945897097756
Wang_2023_Sci_Adv	Wang_2023_Sci_Adv.P0920	target_mean	common	9962	2	PARD6A	0.007680427591945407	0.00768057861745655
Wang_2023_Sci_Adv	Wang_2023_Sci_Adv.P0920	target_mean	common	9962	2	PARD6B	0.0411930560330654	0.04121637950814025
Wang_2023_Sci_Adv	Wang_2023_Sci_Adv.P0920	target_mean	common	9962	2	PARD6G	-0.01279918629035844	-0.012799885276421069
Wang_2023_Sci_Adv	Wang_2023_Sci_Adv.P0920	target_mean	common	9962	2	PATJ	-0.0010238875998705781	-0.0010238879576668974
Wang_2023_Sci_Adv	Wang_2023_Sci_Adv.P0920	target_mean	common	9962	2	PRKCI	0.04047469599966854	0.040496819645570684
Wang_2023_Sci_Adv	Wang_2023_Sci_Adv.P1231	target_mean	common	286	1	CLDN1	0.09242845255537512	0.09269301599136184
Wang_2023_Sci_Adv	Wang_2023_Sci_Adv.P1231	target_mean	common	286	1	CLDN10	-0.17257112866221822	-0.17431550755758515
Wang_2023_Sci_Adv	Wang_2023_Sci_Adv.P1231	target_mean	common	286	1	CLDN11	-0.03203584721262833	-0.032046813381487155
Wang_2023_Sci_Adv	Wang_2023_Sci_Adv.P1231	target_mean	common	286	1	CLDN12	-0.06668254955558092	-0.06678165012389926
Wang_2023_Sci_Adv	Wang_2023_Sci_Adv.P1231	target_mean	common	286	1	CLDN14	-0.17257112866221822	-0.17431550755758515
Wang_2023_Sci_Adv	Wang_2023_Sci_Adv.P1231	target_mean	common	286	1	CLDN15	-0.045436700830549286	-0.04546800754800808
Wang_2023_Sci_Adv	Wang_2023_Sci_Adv.P1231	target_mean	common	286	1	CLDN16	-0.0598047163563139	-0.05987616901837782
Wang_2023_Sci_Adv	Wang_2023_Sci_Adv.P1231	target_mean	common	286	1	CLDN17	NA	NA
Wang_2023_Sci_Adv	Wang_2023_Sci_Adv.P1231	target_mean	common	286	1	CLDN18	NA	NA
Wang_2023_Sci_Adv	Wang_2023_Sci_Adv.P1231	target_mean	common	286	1	CLDN19	NA	NA
Wang_2023_Sci_Adv	Wang_2023_Sci_Adv.P1231	target_mean	common	286	1	CLDN2	-0.2918125917922158	-0.30054643075194504
Wang_2023_Sci_Adv	Wang_2023_Sci_Adv.P1231	target_mean	common	286	1	CLDN20	NA	NA
Wang_2023_Sci_Adv	Wang_2023_Sci_Adv.P1231	target_mean	common	286	1	CLDN22	NA	NA
Wang_2023_Sci_Adv	Wang_2023_Sci_Adv.P1231	target_mean	common	286	1	CLDN23	0.04298151249882372	0.043008010040770206
Wang_2023_Sci_Adv	Wang_2023_Sci_Adv.P1231	target_mean	common	286	1	CLDN3	0.2018890196330072	0.20470106007731703
Wang_2023_Sci_Adv	Wang_2023_Sci_Adv.P1231	target_mean	common	286	1	CLDN4	0.2932676084723544	0.3021376214573111
Wang_2023_Sci_Adv	Wang_2023_Sci_Adv.P1231	target_mean	common	286	1	CLDN5	0.024116658881036396	0.024121336035989815
Wang_2023_Sci_Adv	Wang_2023_Sci_Adv.P1231	target_mean	common	286	1	CLDN6	0.025240789860278928	0.02524615219136835
Wang_2023_Sci_Adv	Wang_2023_Sci_Adv.P1231	target_mean	common	286	1	CLDN7	0.4101196275218437	0.4357550320787554
Wang_2023_Sci_Adv	Wang_2023_Sci_Adv.P1231	target_mean	common	286	1	CLDN8	-0.061488235274689995	-0.061565903175569425
Wang_2023_Sci_Adv	Wang_2023_Sci_Adv.P1231	target_mean	common	286	1	CLDN9	0.11033315086288477	0.11078415967546505
Wang_2023_Sci_Adv	Wang_2023_Sci_Adv.P1231	target_mean	common	286	1	CRB3	0.10031751551170905	0.10065608076781098
Wang_2023_Sci_Adv	Wang_2023_Sci_Adv.P1231	target_mean	common	286	1	F11R	0.25484958888179116	0.2605924513833464
Wang_2023_Sci_Adv	Wang_2023_Sci_Adv.P1231	target_mean	common	286	1	PALS1	0.05974954266917531	0.059820797471788915
Wang_2023_Sci_Adv	Wang_2023_Sci_Adv.P1231	target_mean	common	286	1	PARD3	0.049629508128251364	0.049670315736135465
Wang_2023_Sci_Adv	Wang_2023_Sci_Adv.P1231	target_mean	common	286	1	PARD6A	-0.0011326660813133825	-0.0011326665656917797
Wang_2023_Sci_Adv	Wang_2023_Sci_Adv.P1231	target_mean	common	286	1	PARD6B	0.2781575513608959	0.2856840035325764
Wang_2023_Sci_Adv	Wang_2023_Sci_Adv.P1231	target_mean	common	286	1	PARD6G	NA	NA
Wang_2023_Sci_Adv	Wang_2023_Sci_Adv.P1231	target_mean	common	286	1	PATJ	-0.13618931062242948	-0.1370407983961991
Wang_2023_Sci_Adv	Wang_2023_Sci_Adv.P1231	target_mean	common	286	1	PRKCI	0.10356494159771859	0.1039376115731461
Ogden_2025	CRC01	fixed_background	common	342	1	CLDN1	0.1378154243902822	0.13869801798670425
Ogden_2025	CRC01	fixed_background	common	342	1	CLDN10	0.13614470633747838	0.13699535145893413
Ogden_2025	CRC01	fixed_background	common	342	1	CLDN11	-9.704695164249678e-05	-9.70469519471631e-05
Ogden_2025	CRC01	fixed_background	common	342	1	CLDN12	0.05335561142435262	0.053406329380052756
Ogden_2025	CRC01	fixed_background	common	342	1	CLDN14	-0.07501840617469403	-0.07515961184547246
Ogden_2025	CRC01	fixed_background	common	342	1	CLDN15	0.04331222525558828	0.043339339621050285
Ogden_2025	CRC01	fixed_background	common	342	1	CLDN16	0.03437771421568989	0.03439126666662426
Ogden_2025	CRC01	fixed_background	common	342	1	CLDN17	NA	NA
Ogden_2025	CRC01	fixed_background	common	342	1	CLDN18	0.06012768388816606	0.06020030211793775
Ogden_2025	CRC01	fixed_background	common	342	1	CLDN19	NA	NA
Ogden_2025	CRC01	fixed_background	common	342	1	CLDN2	-0.11815258139581564	-0.11870703761974277
Ogden_2025	CRC01	fixed_background	common	342	1	CLDN20	-0.10382181590841534	-0.10419727789994002
Ogden_2025	CRC01	fixed_background	common	342	1	CLDN22	NA	NA
Ogden_2025	CRC01	fixed_background	common	342	1	CLDN23	0.05951913105345017	0.05958956352835918
Ogden_2025	CRC01	fixed_background	common	342	1	CLDN3	0.07958047430420676	0.07974911131943171
Ogden_2025	CRC01	fixed_background	common	342	1	CLDN4	0.19731461504010445	0.19993683484596425
Ogden_2025	CRC01	fixed_background	common	342	1	CLDN5	0.08772230152193819	0.08794835979739282
Ogden_2025	CRC01	fixed_background	common	342	1	CLDN6	0.05498814316305103	0.055043666403283224
Ogden_2025	CRC01	fixed_background	common	342	1	CLDN7	0.2638335868958057	0.2702243560851779
Ogden_2025	CRC01	fixed_background	common	342	1	CLDN8	NA	NA
Ogden_2025	CRC01	fixed_background	common	342	1	CLDN9	0.08590591763369901	0.08611818190797915
Ogden_2025	CRC01	fixed_background	common	342	1	CRB3	0.02235930456485403	0.022363031775343257
Ogden_2025	CRC01	fixed_background	common	342	1	F11R	0.10841164256242791	0.10883938674932542
Ogden_2025	CRC01	fixed_background	common	342	1	PALS1	-0.040899477887519756	-0.04092230590643111
Ogden_2025	CRC01	fixed_background	common	342	1	PARD3	0.019735110943144868	0.019737673650209873
Ogden_2025	CRC01	fixed_background	common	342	1	PARD6A	0.06071639020329228	0.060791165588066035
Ogden_2025	CRC01	fixed_background	common	342	1	PARD6B	0.21282369396250453	0.21612715251426443
Ogden_2025	CRC01	fixed_background	common	342	1	PARD6G	-0.007117698469663751	-0.007117818671389887
Ogden_2025	CRC01	fixed_background	common	342	1	PATJ	0.03378988533364266	0.03380275408930863
Ogden_2025	CRC01	fixed_background	common	342	1	PRKCI	0.07762403394475809	0.07778050766422039
Ogden_2025	CRC01	fixed_background	state_enhanced	342	1	CLDN1	0.11937005759032641	0.11994193122489202
Ogden_2025	CRC01	fixed_background	state_enhanced	342	1	CLDN10	0.14589543510411365	0.14694401106189417
Ogden_2025	CRC01	fixed_background	state_enhanced	342	1	CLDN11	0.0021807711174651884	0.002180774574551675
Ogden_2025	CRC01	fixed_background	state_enhanced	342	1	CLDN12	0.04216191382134277	0.04218692321966684
Ogden_2025	CRC01	fixed_background	state_enhanced	342	1	CLDN14	-0.10893023516470668	-0.10936417680542249
Ogden_2025	CRC01	fixed_background	state_enhanced	342	1	CLDN15	0.02956141630095572	0.02957003183597888
Ogden_2025	CRC01	fixed_background	state_enhanced	342	1	CLDN16	0.07118048420914275	0.07130106679494848
Ogden_2025	CRC01	fixed_background	state_enhanced	342	1	CLDN17	NA	NA
Ogden_2025	CRC01	fixed_background	state_enhanced	342	1	CLDN18	0.05605804368499961	0.05611687553289818
Ogden_2025	CRC01	fixed_background	state_enhanced	342	1	CLDN19	NA	NA
Ogden_2025	CRC01	fixed_background	state_enhanced	342	1	CLDN2	-0.10074351819083135	-0.10108643275651255
Ogden_2025	CRC01	fixed_background	state_enhanced	342	1	CLDN20	-0.09744979379548108	-0.09776003956373625
Ogden_2025	CRC01	fixed_background	state_enhanced	342	1	CLDN22	NA	NA
Ogden_2025	CRC01	fixed_background	state_enhanced	342	1	CLDN23	0.0367170039101616	0.03673351713683247
Ogden_2025	CRC01	fixed_background	state_enhanced	342	1	CLDN3	0.06630530638452231	0.06640273158173707
Ogden_2025	CRC01	fixed_background	state_enhanced	342	1	CLDN4	0.14874080697206496	0.14985250707558498
Ogden_2025	CRC01	fixed_background	state_enhanced	342	1	CLDN5	0.04642159691375389	0.046454985729031686
Ogden_2025	CRC01	fixed_background	state_enhanced	342	1	CLDN6	0.03950171319831939	0.039522278420358596
Ogden_2025	CRC01	fixed_background	state_enhanced	342	1	CLDN7	0.23825403558568375	0.24292225524884942
Ogden_2025	CRC01	fixed_background	state_enhanced	342	1	CLDN8	NA	NA
Ogden_2025	CRC01	fixed_background	state_enhanced	342	1	CLDN9	0.050992482307394296	0.051036748839293336
Ogden_2025	CRC01	fixed_background	state_enhanced	342	1	CRB3	0.01417731796820683	0.01417826794580477
Ogden_2025	CRC01	fixed_background	state_enhanced	342	1	F11R	0.09201900180366633	0.09228005289339737
Ogden_2025	CRC01	fixed_background	state_enhanced	342	1	PALS1	-0.042386331305441824	-0.04241174247953893
Ogden_2025	CRC01	fixed_background	state_enhanced	342	1	PARD3	-0.007275090695685604	-0.007275219049202455
Ogden_2025	CRC01	fixed_background	state_enhanced	342	1	PARD6A	0.1114964812348458	0.111961979844156
Ogden_2025	CRC01	fixed_background	state_enhanced	342	1	PARD6B	0.2125795732495591	0.21587146394123866
Ogden_2025	CRC01	fixed_background	state_enhanced	342	1	PARD6G	-0.004858826349387878	-0.004858864585967034
Ogden_2025	CRC01	fixed_background	state_enhanced	342	1	PATJ	0.03902505630669792	0.03904488556442731
Ogden_2025	CRC01	fixed_background	state_enhanced	342	1	PRKCI	0.05567118252113872	0.05572880324680341
Ogden_2025	CRC02	fixed_background	common	706	1	CLDN1	-0.011283552291577596	-0.011284031196676482
Ogden_2025	CRC02	fixed_background	common	706	1	CLDN10	-0.05396791447570164	-0.054020400721310965
Ogden_2025	CRC02	fixed_background	common	706	1	CLDN11	0.0012142205051233032	0.0012142211018449842
Ogden_2025	CRC02	fixed_background	common	706	1	CLDN12	-0.02336719480289606	-0.02337144922715543
Ogden_2025	CRC02	fixed_background	common	706	1	CLDN14	-0.05135825197677231	-0.05140347894896243
Ogden_2025	CRC02	fixed_background	common	706	1	CLDN15	0.034437383809591895	0.03445100698587912
Ogden_2025	CRC02	fixed_background	common	706	1	CLDN16	-0.07151007645338678	-0.07163234529920845
Ogden_2025	CRC02	fixed_background	common	706	1	CLDN17	NA	NA
Ogden_2025	CRC02	fixed_background	common	706	1	CLDN18	NA	NA
Ogden_2025	CRC02	fixed_background	common	706	1	CLDN19	NA	NA
Ogden_2025	CRC02	fixed_background	common	706	1	CLDN2	-0.029005884974684936	-0.029014023700482942
Ogden_2025	CRC02	fixed_background	common	706	1	CLDN20	-0.06237063080915042	-0.06245169600949886
Ogden_2025	CRC02	fixed_background	common	706	1	CLDN22	NA	NA
Ogden_2025	CRC02	fixed_background	common	706	1	CLDN23	0.0533671713606953	0.053417922326593134
Ogden_2025	CRC02	fixed_background	common	706	1	CLDN3	-0.0030858835986954957	-0.003085893394042987
Ogden_2025	CRC02	fixed_background	common	706	1	CLDN4	0.2645964441519147	0.2710444648358688
Ogden_2025	CRC02	fixed_background	common	706	1	CLDN5	0.06611233911440051	0.06620891469370165
Ogden_2025	CRC02	fixed_background	common	706	1	CLDN6	0.031140905383695985	0.031150977604727556
Ogden_2025	CRC02	fixed_background	common	706	1	CLDN7	0.0751679881298233	0.07531004207518767
Ogden_2025	CRC02	fixed_background	common	706	1	CLDN8	NA	NA
Ogden_2025	CRC02	fixed_background	common	706	1	CLDN9	0.06708135652314505	0.06718224905425793
Ogden_2025	CRC02	fixed_background	common	706	1	CRB3	-0.006166273618487009	-0.006166351773534107
Ogden_2025	CRC02	fixed_background	common	706	1	F11R	0.09643215856423312	0.09673275023469574
Ogden_2025	CRC02	fixed_background	common	706	1	PALS1	0.01990757045983273	0.019910200950808928
Ogden_2025	CRC02	fixed_background	common	706	1	PARD3	-0.017064776186460025	-0.017066432934349576
Ogden_2025	CRC02	fixed_background	common	706	1	PARD6A	0.06350932840218276	0.06359492255256254
Ogden_2025	CRC02	fixed_background	common	706	1	PARD6B	0.12424494087061029	0.12489024333267759
Ogden_2025	CRC02	fixed_background	common	706	1	PARD6G	0.0038357535959975325	0.0038357724079850436
Ogden_2025	CRC02	fixed_background	common	706	1	PATJ	0.009223510735743151	0.009223772306799901
Ogden_2025	CRC02	fixed_background	common	706	1	PRKCI	0.047229130873889455	0.04726429423526442
Ogden_2025	CRC02	fixed_background	state_enhanced	706	1	CLDN1	-0.018995690363816563	-0.018997975636510043
Ogden_2025	CRC02	fixed_background	state_enhanced	706	1	CLDN10	-0.04351856659866293	-0.0435460706314433
Ogden_2025	CRC02	fixed_background	state_enhanced	706	1	CLDN11	-0.0026912371967513795	-0.002691243694105879
Ogden_2025	CRC02	fixed_background	state_enhanced	706	1	CLDN12	-0.028942639748919984	-0.02895072533522043
Ogden_2025	CRC02	fixed_background	state_enhanced	706	1	CLDN14	-0.060550596144483125	-0.06062475975104044
Ogden_2025	CRC02	fixed_background	state_enhanced	706	1	CLDN15	0.024514105832961052	0.024519018117848616
Ogden_2025	CRC02	fixed_background	state_enhanced	706	1	CLDN16	-0.07871147021959381	-0.07887462934907147
Ogden_2025	CRC02	fixed_background	state_enhanced	706	1	CLDN17	NA	NA
Ogden_2025	CRC02	fixed_background	state_enhanced	706	1	CLDN18	NA	NA
Ogden_2025	CRC02	fixed_background	state_enhanced	706	1	CLDN19	NA	NA
Ogden_2025	CRC02	fixed_background	state_enhanced	706	1	CLDN2	-0.030384782726856102	-0.030394138675223305
Ogden_2025	CRC02	fixed_background	state_enhanced	706	1	CLDN20	-0.07564504622079707	-0.07578982830852071
Ogden_2025	CRC02	fixed_background	state_enhanced	706	1	CLDN22	NA	NA
Ogden_2025	CRC02	fixed_background	state_enhanced	706	1	CLDN23	0.050536523821219474	0.05057961228832975
Ogden_2025	CRC02	fixed_background	state_enhanced	706	1	CLDN3	-0.0021173006172491523	-0.0021173037811836647
Ogden_2025	CRC02	fixed_background	state_enhanced	706	1	CLDN4	0.2512104581400615	0.2567043848556839
Ogden_2025	CRC02	fixed_background	state_enhanced	706	1	CLDN5	0.05367191680615044	0.053723543176955886
Ogden_2025	CRC02	fixed_background	state_enhanced	706	1	CLDN6	0.018347353305624443	0.018349412449755197
Ogden_2025	CRC02	fixed_background	state_enhanced	706	1	CLDN7	0.06304150498334925	0.06312521853424166
Ogden_2025	CRC02	fixed_background	state_enhanced	706	1	CLDN8	NA	NA
Ogden_2025	CRC02	fixed_background	state_enhanced	706	1	CLDN9	0.053493480304118816	0.053544592889273684
Ogden_2025	CRC02	fixed_background	state_enhanced	706	1	CRB3	-0.0025337127049333843	-0.002533718126846146
Ogden_2025	CRC02	fixed_background	state_enhanced	706	1	F11R	0.07900206982917081	0.07916704732985762
Ogden_2025	CRC02	fixed_background	state_enhanced	706	1	PALS1	0.02493890089217887	0.02494407306205338
Ogden_2025	CRC02	fixed_background	state_enhanced	706	1	PARD3	-0.022904156081637112	-0.022908162518999523
Ogden_2025	CRC02	fixed_background	state_enhanced	706	1	PARD6A	0.05559840524611313	0.055655800009915074
Ogden_2025	CRC02	fixed_background	state_enhanced	706	1	PARD6B	0.11450627403397588	0.11501070518697329
Ogden_2025	CRC02	fixed_background	state_enhanced	706	1	PARD6G	0.00265708208050959	0.0026570883336113535
Ogden_2025	CRC02	fixed_background	state_enhanced	706	1	PATJ	0.030188073300093064	0.030197248646955378
Ogden_2025	CRC02	fixed_background	state_enhanced	706	1	PRKCI	0.04196918016771437	0.04199384791671011
Ogden_2025	CRC03	fixed_background	common	452	1	CLDN1	0.21297593089040537	0.21628661740061478
Ogden_2025	CRC03	fixed_background	common	452	1	CLDN10	0.0398213661195034	0.03984243496260572
Ogden_2025	CRC03	fixed_background	common	452	1	CLDN11	-0.023302147296795563	-0.023306366282921483
Ogden_2025	CRC03	fixed_background	common	452	1	CLDN12	0.11669974307352875	0.11723388587650209
Ogden_2025	CRC03	fixed_background	common	452	1	CLDN14	0.019422345426610706	0.019424788193803843
Ogden_2025	CRC03	fixed_background	common	452	1	CLDN15	0.07211595153654538	0.07224136116256066
Ogden_2025	CRC03	fixed_background	common	452	1	CLDN16	0.1348080052750022	0.1356336578681868
Ogden_2025	CRC03	fixed_background	common	452	1	CLDN17	NA	NA
Ogden_2025	CRC03	fixed_background	common	452	1	CLDN18	-0.050074034297422576	-0.05011594940109804
Ogden_2025	CRC03	fixed_background	common	452	1	CLDN19	NA	NA
Ogden_2025	CRC03	fixed_background	common	452	1	CLDN2	-0.10025493026236557	-0.10059285968335793
Ogden_2025	CRC03	fixed_background	common	452	1	CLDN20	0.0023854844110498884	0.0023854889359602115
Ogden_2025	CRC03	fixed_background	common	452	1	CLDN22	-0.03525515404561426	-0.035269771462718626
Ogden_2025	CRC03	fixed_background	common	452	1	CLDN23	0.054388737372759406	0.05444246249880764
Ogden_2025	CRC03	fixed_background	common	452	1	CLDN3	-0.02687389830918292	-0.026880370614561923
Ogden_2025	CRC03	fixed_background	common	452	1	CLDN4	0.18264723468381944	0.18471992050683814
Ogden_2025	CRC03	fixed_background	common	452	1	CLDN5	NA	NA
Ogden_2025	CRC03	fixed_background	common	452	1	CLDN6	NA	NA
Ogden_2025	CRC03	fixed_background	common	452	1	CLDN7	0.12567312094222263	0.12634107810240833
Ogden_2025	CRC03	fixed_background	common	452	1	CLDN8	NA	NA
Ogden_2025	CRC03	fixed_background	common	452	1	CLDN9	-0.03525515404561426	-0.035269771462718626
Ogden_2025	CRC03	fixed_background	common	452	1	CRB3	0.07587618402062844	0.07602230042281802
Ogden_2025	CRC03	fixed_background	common	452	1	F11R	0.12810187122571448	0.12880957353309616
Ogden_2025	CRC03	fixed_background	common	452	1	PALS1	0.05980767392034865	0.05987913719894436
Ogden_2025	CRC03	fixed_background	common	452	1	PARD3	0.09419858127193814	0.09447869382394217
Ogden_2025	CRC03	fixed_background	common	452	1	PARD6A	0.04310911235750465	0.043135846768160256
Ogden_2025	CRC03	fixed_background	common	452	1	PARD6B	0.23015577735925596	0.23435395124246391
Ogden_2025	CRC03	fixed_background	common	452	1	PARD6G	-0.054284477355991505	-0.05433789374616295
Ogden_2025	CRC03	fixed_background	common	452	1	PATJ	0.0061476917143893145	0.00614776916499826
Ogden_2025	CRC03	fixed_background	common	452	1	PRKCI	-0.04283445350869233	-0.04286067980140349
Ogden_2025	CRC03	fixed_background	state_enhanced	452	1	CLDN1	0.15600222301056765	0.1572865557781422
Ogden_2025	CRC03	fixed_background	state_enhanced	452	1	CLDN10	0.028594731867920956	0.028602529270652752
Ogden_2025	CRC03	fixed_background	state_enhanced	452	1	CLDN11	-0.09718841044175937	-0.0974961569744361
Ogden_2025	CRC03	fixed_background	state_enhanced	452	1	CLDN12	0.14016131721720695	0.14109012210766042
Ogden_2025	CRC03	fixed_background	state_enhanced	452	1	CLDN14	-0.006175627833682106	-0.006175706344957273
Ogden_2025	CRC03	fixed_background	state_enhanced	452	1	CLDN15	0.021946528978064	0.021950053512884746
Ogden_2025	CRC03	fixed_background	state_enhanced	452	1	CLDN16	0.0960514098963516	0.09634844191346204
Ogden_2025	CRC03	fixed_background	state_enhanced	452	1	CLDN17	NA	NA
Ogden_2025	CRC03	fixed_background	state_enhanced	452	1	CLDN18	-0.0023570515493919106	-0.0023570559144239452
Ogden_2025	CRC03	fixed_background	state_enhanced	452	1	CLDN19	NA	NA
Ogden_2025	CRC03	fixed_background	state_enhanced	452	1	CLDN2	-0.0781025081831933	-0.07826190044678201
Ogden_2025	CRC03	fixed_background	state_enhanced	452	1	CLDN20	0.00843182316931806	0.008432022999802743
Ogden_2025	CRC03	fixed_background	state_enhanced	452	1	CLDN22	-0.04790306787280532	-0.04793975952302881
Ogden_2025	CRC03	fixed_background	state_enhanced	452	1	CLDN23	0.09537214150247457	0.09566289335742392
Ogden_2025	CRC03	fixed_background	state_enhanced	452	1	CLDN3	-0.01842839525612162	-0.018430481810976368
Ogden_2025	CRC03	fixed_background	state_enhanced	452	1	CLDN4	0.1371498236484437	0.13801959400607805
Ogden_2025	CRC03	fixed_background	state_enhanced	452	1	CLDN5	NA	NA
Ogden_2025	CRC03	fixed_background	state_enhanced	452	1	CLDN6	NA	NA
Ogden_2025	CRC03	fixed_background	state_enhanced	452	1	CLDN7	0.08884885113205492	0.08908375922392003
Ogden_2025	CRC03	fixed_background	state_enhanced	452	1	CLDN8	NA	NA
Ogden_2025	CRC03	fixed_background	state_enhanced	452	1	CLDN9	-0.04790306787280532	-0.04793975952302881
Ogden_2025	CRC03	fixed_background	state_enhanced	452	1	CRB3	0.03577452874322882	0.035789802088769675
Ogden_2025	CRC03	fixed_background	state_enhanced	452	1	F11R	0.10191180620737389	0.10226684050763823
Ogden_2025	CRC03	fixed_background	state_enhanced	452	1	PALS1	0.06855041351209777	0.06865809371466072
Ogden_2025	CRC03	fixed_background	state_enhanced	452	1	PARD3	0.11086886843653411	0.11132651162818674
Ogden_2025	CRC03	fixed_background	state_enhanced	452	1	PARD6A	0.0115956585850807	0.011596178341717495
Ogden_2025	CRC03	fixed_background	state_enhanced	452	1	PARD6B	0.11236118657172614	0.1128376557621892
Ogden_2025	CRC03	fixed_background	state_enhanced	452	1	PARD6G	-0.06218158792962065	-0.06226191710725995
Ogden_2025	CRC03	fixed_background	state_enhanced	452	1	PATJ	0.021510315377856797	0.021513633861408518
Ogden_2025	CRC03	fixed_background	state_enhanced	452	1	PRKCI	-0.08397122898112241	-0.08416943326345444
Ogden_2025	CRC04	fixed_background	common	2678	1	CLDN1	0.06814749791228565	0.06825328702252498
Ogden_2025	CRC04	fixed_background	common	2678	1	CLDN10	0.02029431897866681	0.02029710580259667
Ogden_2025	CRC04	fixed_background	common	2678	1	CLDN11	-0.006800648752979326	-0.006800753596556543
Ogden_2025	CRC04	fixed_background	common	2678	1	CLDN12	0.011154058642768276	0.011154521247357163
Ogden_2025	CRC04	fixed_background	common	2678	1	CLDN14	0.013124650770623247	0.013125404450471273
Ogden_2025	CRC04	fixed_background	common	2678	1	CLDN15	0.03730809175529403	0.03732541585833719
Ogden_2025	CRC04	fixed_background	common	2678	1	CLDN16	0.008406540320173786	0.008406738358415463
Ogden_2025	CRC04	fixed_background	common	2678	1	CLDN17	NA	NA
Ogden_2025	CRC04	fixed_background	common	2678	1	CLDN18	NA	NA
Ogden_2025	CRC04	fixed_background	common	2678	1	CLDN19	8.560014265015702e-05	8.560014285923207e-05
Ogden_2025	CRC04	fixed_background	common	2678	1	CLDN2	-0.01072303570305932	-0.010723446722122209
Ogden_2025	CRC04	fixed_background	common	2678	1	CLDN20	0.01491806073171097	0.014919167543698271
Ogden_2025	CRC04	fixed_background	common	2678	1	CLDN22	NA	NA
Ogden_2025	CRC04	fixed_background	common	2678	1	CLDN23	0.06615512670081251	0.06625189024100932
Ogden_2025	CRC04	fixed_background	common	2678	1	CLDN3	0.19975685210166763	0.20247928781731078
Ogden_2025	CRC04	fixed_background	common	2678	1	CLDN4	0.19019382585084796	0.19253826192530724
Ogden_2025	CRC04	fixed_background	common	2678	1	CLDN5	0.04265034618440437	0.042676235512969514
Ogden_2025	CRC04	fixed_background	common	2678	1	CLDN6	0.017653240600823114	0.017655074744201155
Ogden_2025	CRC04	fixed_background	common	2678	1	CLDN7	0.12572718415395293	0.12639600925539293
Ogden_2025	CRC04	fixed_background	common	2678	1	CLDN8	0.013283290557378697	0.013284071900411093
Ogden_2025	CRC04	fixed_background	common	2678	1	CLDN9	0.004156556923547581	0.00415658086135919
Ogden_2025	CRC04	fixed_background	common	2678	1	CRB3	0.026828938745434624	0.02683537861163144
Ogden_2025	CRC04	fixed_background	common	2678	1	F11R	0.06462532991453317	0.06471552382853198
Ogden_2025	CRC04	fixed_background	common	2678	1	PALS1	0.0058861615834658034	0.005886229563959362
Ogden_2025	CRC04	fixed_background	common	2678	1	PARD3	-0.09035362417724746	-0.0906007112345178
Ogden_2025	CRC04	fixed_background	common	2678	1	PARD6A	0.021363555957362855	0.02136680696749512
Ogden_2025	CRC04	fixed_background	common	2678	1	PARD6B	0.10237633585364628	0.10273626789165592
Ogden_2025	CRC04	fixed_background	common	2678	1	PARD6G	0.011868101596599406	0.011868658858326255
Ogden_2025	CRC04	fixed_background	common	2678	1	PATJ	0.011149945641228152	0.011150407734231121
Ogden_2025	CRC04	fixed_background	common	2678	1	PRKCI	0.013191971984961411	0.013192737322926414
Ogden_2025	CRC04	fixed_background	state_enhanced	2678	1	CLDN1	0.06956553106958806	0.06967807565891747
Ogden_2025	CRC04	fixed_background	state_enhanced	2678	1	CLDN10	0.026242992188734805	0.026249019148715965
Ogden_2025	CRC04	fixed_background	state_enhanced	2678	1	CLDN11	-0.01584519961894953	-0.01584652590535979
Ogden_2025	CRC04	fixed_background	state_enhanced	2678	1	CLDN12	0.007022061944516394	0.00702217736571052
Ogden_2025	CRC04	fixed_background	state_enhanced	2678	1	CLDN14	0.01659844290756798	0.016599967495899155
Ogden_2025	CRC04	fixed_background	state_enhanced	2678	1	CLDN15	0.04463471950782483	0.0446643962852914
Ogden_2025	CRC04	fixed_background	state_enhanced	2678	1	CLDN16	0.006397334089689055	0.006397421364015258
Ogden_2025	CRC04	fixed_background	state_enhanced	2678	1	CLDN17	NA	NA
Ogden_2025	CRC04	fixed_background	state_enhanced	2678	1	CLDN18	NA	NA
Ogden_2025	CRC04	fixed_background	state_enhanced	2678	1	CLDN19	0.0102099902543211	0.010210345052917123
Ogden_2025	CRC04	fixed_background	state_enhanced	2678	1	CLDN2	-0.002729577563945505	-0.0027295843429669233
Ogden_2025	CRC04	fixed_background	state_enhanced	2678	1	CLDN20	0.019015505847187586	0.01901779828007349
Ogden_2025	CRC04	fixed_background	state_enhanced	2678	1	CLDN22	NA	NA
Ogden_2025	CRC04	fixed_background	state_enhanced	2678	1	CLDN23	0.05664609189224758	0.05670679708602095
Ogden_2025	CRC04	fixed_background	state_enhanced	2678	1	CLDN3	0.17308877342484533	0.17484909056032222
Ogden_2025	CRC04	fixed_background	state_enhanced	2678	1	CLDN4	0.15357519574552317	0.1547999492118338
Ogden_2025	CRC04	fixed_background	state_enhanced	2678	1	CLDN5	0.04165759676796803	0.04168171880052933
Ogden_2025	CRC04	fixed_background	state_enhanced	2678	1	CLDN6	0.026881391215522313	0.026887868937748416
Ogden_2025	CRC04	fixed_background	state_enhanced	2678	1	CLDN7	0.11297274407421862	0.1134570761109231
Ogden_2025	CRC04	fixed_background	state_enhanced	2678	1	CLDN8	0.02007869426278371	0.020081393184052245
Ogden_2025	CRC04	fixed_background	state_enhanced	2678	1	CLDN9	-0.00610158150835335	-0.006101657229241296
Ogden_2025	CRC04	fixed_background	state_enhanced	2678	1	CRB3	0.004154036565028202	0.00415406045932131
Ogden_2025	CRC04	fixed_background	state_enhanced	2678	1	F11R	0.06024230712459177	0.060315342056030015
Ogden_2025	CRC04	fixed_background	state_enhanced	2678	1	PALS1	0.0046466120076821445	0.004646645449786873
Ogden_2025	CRC04	fixed_background	state_enhanced	2678	1	PARD3	-0.06908608410886123	-0.06919631330635129
Ogden_2025	CRC04	fixed_background	state_enhanced	2678	1	PARD6A	0.015310383775294631	0.015311580234962884
Ogden_2025	CRC04	fixed_background	state_enhanced	2678	1	PARD6B	0.06808993068870582	0.06819545143258193
Ogden_2025	CRC04	fixed_background	state_enhanced	2678	1	PARD6G	0.009483023136737096	0.009483307414317074
Ogden_2025	CRC04	fixed_background	state_enhanced	2678	1	PATJ	0.02531766546823463	0.02532307695731456
Ogden_2025	CRC04	fixed_background	state_enhanced	2678	1	PRKCI	0.015024510506001313	0.015025641183026146
Ogden_2025	CRC05	fixed_background	common	654	1	CLDN1	0.0932016946895346	0.09347297724954254
Ogden_2025	CRC05	fixed_background	common	654	1	CLDN10	0.0660259664175264	0.06612216331547334
Ogden_2025	CRC05	fixed_background	common	654	1	CLDN11	NA	NA
Ogden_2025	CRC05	fixed_background	common	654	1	CLDN12	0.059127890914305876	0.05919694163818039
Ogden_2025	CRC05	fixed_background	common	654	1	CLDN14	-0.00424674893673223	-0.004246774466872735
Ogden_2025	CRC05	fixed_background	common	654	1	CLDN15	-0.09490032460314103	-0.09518676707622464
Ogden_2025	CRC05	fixed_background	common	654	1	CLDN16	0.06510075086952527	0.06519295344122343
Ogden_2025	CRC05	fixed_background	common	654	1	CLDN17	NA	NA
Ogden_2025	CRC05	fixed_background	common	654	1	CLDN18	NA	NA
Ogden_2025	CRC05	fixed_background	common	654	1	CLDN19	0.027839754695954073	0.027846950461148615
Ogden_2025	CRC05	fixed_background	common	654	1	CLDN2	0.026828977541206212	0.02683541743534807
Ogden_2025	CRC05	fixed_background	common	654	1	CLDN20	-0.016433316884235608	-0.01643479641776771
Ogden_2025	CRC05	fixed_background	common	654	1	CLDN22	NA	NA
Ogden_2025	CRC05	fixed_background	common	654	1	CLDN23	-0.03973919468975115	-0.039760133292825135
Ogden_2025	CRC05	fixed_background	common	654	1	CLDN3	0.11925797440683189	0.11982822940093318
Ogden_2025	CRC05	fixed_background	common	654	1	CLDN4	0.21481536394679962	0.21821424255392924
Ogden_2025	CRC05	fixed_background	common	654	1	CLDN5	NA	NA
Ogden_2025	CRC05	fixed_background	common	654	1	CLDN6	-0.012462475688923436	-0.012463120945130999
Ogden_2025	CRC05	fixed_background	common	654	1	CLDN7	0.057164588506115686	0.0572269781713143
Ogden_2025	CRC05	fixed_background	common	654	1	CLDN8	NA	NA
Ogden_2025	CRC05	fixed_background	common	654	1	CLDN9	0.02611591969438588	0.026121859503563438
Ogden_2025	CRC05	fixed_background	common	654	1	CRB3	0.024882698316837613	0.02488783558864919
Ogden_2025	CRC05	fixed_background	common	654	1	F11R	0.1755906131820475	0.17742935730770237
Ogden_2025	CRC05	fixed_background	common	654	1	PALS1	0.05065796558623219	0.05070136575224418
Ogden_2025	CRC05	fixed_background	common	654	1	PARD3	-0.00816541515576932	-0.008165596636672141
Ogden_2025	CRC05	fixed_background	common	654	1	PARD6A	-0.0451275093955665	-0.045158180820422986
Ogden_2025	CRC05	fixed_background	common	654	1	PARD6B	0.15978242611446053	0.16116341399246847
Ogden_2025	CRC05	fixed_background	common	654	1	PARD6G	0.06074398533329637	0.060818862869960175
Ogden_2025	CRC05	fixed_background	common	654	1	PATJ	0.14510746487640658	0.14613899812411033
Ogden_2025	CRC05	fixed_background	common	654	1	PRKCI	0.07999088733058426	0.08016215367815939
Ogden_2025	CRC05	fixed_background	state_enhanced	654	1	CLDN1	0.05452702505502803	0.054581161515540495
Ogden_2025	CRC05	fixed_background	state_enhanced	654	1	CLDN10	0.009708123033543287	0.00970842804006094
Ogden_2025	CRC05	fixed_background	state_enhanced	654	1	CLDN11	NA	NA
Ogden_2025	CRC05	fixed_background	state_enhanced	654	1	CLDN12	0.08114699129413076	0.0813258114894701
Ogden_2025	CRC05	fixed_background	state_enhanced	654	1	CLDN14	0.015739059250495537	0.015740359059712845
Ogden_2025	CRC05	fixed_background	state_enhanced	654	1	CLDN15	-0.05272477156164973	-0.0527737097714828
Ogden_2025	CRC05	fixed_background	state_enhanced	654	1	CLDN16	0.01876384623130592	0.018766048833658826
Ogden_2025	CRC05	fixed_background	state_enhanced	654	1	CLDN17	NA	NA
Ogden_2025	CRC05	fixed_background	state_enhanced	654	1	CLDN18	NA	NA
Ogden_2025	CRC05	fixed_background	state_enhanced	654	1	CLDN19	0.046165123056184844	0.04619796104682489
Ogden_2025	CRC05	fixed_background	state_enhanced	654	1	CLDN2	0.033434302716924005	0.03344676928685206
Ogden_2025	CRC05	fixed_background	state_enhanced	654	1	CLDN20	-0.013134988847491457	-0.013135744309850352
Ogden_2025	CRC05	fixed_background	state_enhanced	654	1	CLDN22	NA	NA
Ogden_2025	CRC05	fixed_background	state_enhanced	654	1	CLDN23	-0.02939562049662817	-0.029404091832219807
Ogden_2025	CRC05	fixed_background	state_enhanced	654	1	CLDN3	0.13129512358743128	0.13205746388136877
Ogden_2025	CRC05	fixed_background	state_enhanced	654	1	CLDN4	0.24924593177155438	0.2546086339739337
Ogden_2025	CRC05	fixed_background	state_enhanced	654	1	CLDN5	NA	NA
Ogden_2025	CRC05	fixed_background	state_enhanced	654	1	CLDN6	-0.014473777787389827	-0.014474788619525938
Ogden_2025	CRC05	fixed_background	state_enhanced	654	1	CLDN7	0.03804504281233629	0.03806341455562759
Ogden_2025	CRC05	fixed_background	state_enhanced	654	1	CLDN8	NA	NA
Ogden_2025	CRC05	fixed_background	state_enhanced	654	1	CLDN9	0.032851990762792535	0.03286381696159817
Ogden_2025	CRC05	fixed_background	state_enhanced	654	1	CRB3	0.047098287278393956	0.047133158940203285
Ogden_2025	CRC05	fixed_background	state_enhanced	654	1	F11R	0.18089736358579286	0.18291025543493164
Ogden_2025	CRC05	fixed_background	state_enhanced	654	1	PALS1	0.03359172448788686	0.03360436806080475
Ogden_2025	CRC05	fixed_background	state_enhanced	654	1	PARD3	0.017238493989796128	0.017240201857219244
Ogden_2025	CRC05	fixed_background	state_enhanced	654	1	PARD6A	-0.04283728253257448	-0.0428635140258369
Ogden_2025	CRC05	fixed_background	state_enhanced	654	1	PARD6B	0.14031553263090857	0.14124743129246398
Ogden_2025	CRC05	fixed_background	state_enhanced	654	1	PARD6G	0.0700839274927409	0.07019901191494057
Ogden_2025	CRC05	fixed_background	state_enhanced	654	1	PATJ	0.12143944458216702	0.1220417608792026
Ogden_2025	CRC05	fixed_background	state_enhanced	654	1	PRKCI	0.08230391157908229	0.08249051099336197
Ogden_2025	CRC06	fixed_background	common	997	1	CLDN1	0.13088522432826524	0.13164039748266093
Ogden_2025	CRC06	fixed_background	common	997	1	CLDN10	0.02926070971825352	0.029269064911412696
Ogden_2025	CRC06	fixed_background	common	997	1	CLDN11	0.032427752796391346	0.0324391265400905
Ogden_2025	CRC06	fixed_background	common	997	1	CLDN12	0.0744663588471425	0.07460446320797573
Ogden_2025	CRC06	fixed_background	common	997	1	CLDN14	-0.0013793959366931818	-0.0013793968115683058
Ogden_2025	CRC06	fixed_background	common	997	1	CLDN15	-2.0569789551427828e-05	-2.0569789554328966e-05
Ogden_2025	CRC06	fixed_background	common	997	1	CLDN16	0.00485563351650894	0.004855671677758823
Ogden_2025	CRC06	fixed_background	common	997	1	CLDN17	NA	NA
Ogden_2025	CRC06	fixed_background	common	997	1	CLDN18	0.04249388960657114	0.04251949486037176
Ogden_2025	CRC06	fixed_background	common	997	1	CLDN19	0.03369375174836021	0.0337065109301219
Ogden_2025	CRC06	fixed_background	common	997	1	CLDN2	-0.0461453925296882	-0.046178188398500214
Ogden_2025	CRC06	fixed_background	common	997	1	CLDN20	-0.05398982784707858	-0.0540423781286679
Ogden_2025	CRC06	fixed_background	common	997	1	CLDN22	NA	NA
Ogden_2025	CRC06	fixed_background	common	997	1	CLDN23	0.022241015321034296	0.022244683677215295
Ogden_2025	CRC06	fixed_background	common	997	1	CLDN3	0.15203067315323918	0.15321850146800434
Ogden_2025	CRC06	fixed_background	common	997	1	CLDN4	0.2735882528361475	0.2807382962725729
Ogden_2025	CRC06	fixed_background	common	997	1	CLDN5	0.04490641235190161	0.044936634806921935
Ogden_2025	CRC06	fixed_background	common	997	1	CLDN6	0.040996237574551266	0.04101922810561213
Ogden_2025	CRC06	fixed_background	common	997	1	CLDN7	0.14510454168378795	0.14613601205761556
Ogden_2025	CRC06	fixed_background	common	997	1	CLDN8	NA	NA
Ogden_2025	CRC06	fixed_background	common	997	1	CLDN9	0.0532981350628097	0.05334868910364593
Ogden_2025	CRC06	fixed_background	common	997	1	CRB3	0.12783948225718111	0.12854281600992454
Ogden_2025	CRC06	fixed_background	common	997	1	F11R	0.12188509568950748	0.12249410749701972
Ogden_2025	CRC06	fixed_background	common	997	1	PALS1	0.07721963198406934	0.07737366703809327
Ogden_2025	CRC06	fixed_background	common	997	1	PARD3	-0.04495035432177113	-0.044980665655692365
Ogden_2025	CRC06	fixed_background	common	997	1	PARD6A	0.02500234960369786	0.02500756136058744
Ogden_2025	CRC06	fixed_background	common	997	1	PARD6B	0.19175674832016096	0.19416034466315454
Ogden_2025	CRC06	fixed_background	common	997	1	PARD6G	0.006739190923779648	0.00673929295048458
Ogden_2025	CRC06	fixed_background	common	997	1	PATJ	0.03208734470262102	0.0320983638625988
Ogden_2025	CRC06	fixed_background	common	997	1	PRKCI	0.06959472729279528	0.06970741392022012
Ogden_2025	CRC06	fixed_background	state_enhanced	997	1	CLDN1	0.10272206066945734	0.10308566711140937
Ogden_2025	CRC06	fixed_background	state_enhanced	997	1	CLDN10	0.005088171297690917	0.005088215208421499
Ogden_2025	CRC06	fixed_background	state_enhanced	997	1	CLDN11	0.04521568292337006	0.045246534631859736
Ogden_2025	CRC06	fixed_background	state_enhanced	997	1	CLDN12	0.07042112852920025	0.07053788543705093
Ogden_2025	CRC06	fixed_background	state_enhanced	997	1	CLDN14	-0.004632153812003972	-0.004632186942905372
Ogden_2025	CRC06	fixed_background	state_enhanced	997	1	CLDN15	0.01822060633085242	0.01822262308863303
Ogden_2025	CRC06	fixed_background	state_enhanced	997	1	CLDN16	0.012682907063541493	0.012683587170304792
Ogden_2025	CRC06	fixed_background	state_enhanced	997	1	CLDN17	NA	NA
Ogden_2025	CRC06	fixed_background	state_enhanced	997	1	CLDN18	0.02614892983356445	0.02615489220089373
Ogden_2025	CRC06	fixed_background	state_enhanced	997	1	CLDN19	0.04763810161756022	0.04767418722258644
Ogden_2025	CRC06	fixed_background	state_enhanced	997	1	CLDN2	-0.01555255361340008	-0.0155538077559476
Ogden_2025	CRC06	fixed_background	state_enhanced	997	1	CLDN20	-0.037414997024645104	-0.03743247056384831
Ogden_2025	CRC06	fixed_background	state_enhanced	997	1	CLDN22	NA	NA
Ogden_2025	CRC06	fixed_background	state_enhanced	997	1	CLDN23	-0.008794757921858512	-0.008794984684010906
Ogden_2025	CRC06	fixed_background	state_enhanced	997	1	CLDN3	0.14377630230433736	0.14477947089529591
Ogden_2025	CRC06	fixed_background	state_enhanced	997	1	CLDN4	0.24551049520808105	0.2506296966036614
Ogden_2025	CRC06	fixed_background	state_enhanced	997	1	CLDN5	0.05750338313174368	0.057566890154123786
Ogden_2025	CRC06	fixed_background	state_enhanced	997	1	CLDN6	0.04477410104682766	0.044804056934135944
Ogden_2025	CRC06	fixed_background	state_enhanced	997	1	CLDN7	0.13829879109524834	0.13919077656470785
Ogden_2025	CRC06	fixed_background	state_enhanced	997	1	CLDN8	NA	NA
Ogden_2025	CRC06	fixed_background	state_enhanced	997	1	CLDN9	0.07692869170312745	0.07708098811744359
Ogden_2025	CRC06	fixed_background	state_enhanced	997	1	CRB3	0.11885901415769415	0.11942353259928304
Ogden_2025	CRC06	fixed_background	state_enhanced	997	1	F11R	0.10806819559353013	0.10849186829228065
Ogden_2025	CRC06	fixed_background	state_enhanced	997	1	PALS1	0.07965925441653444	0.07982839403049943
Ogden_2025	CRC06	fixed_background	state_enhanced	997	1	PARD3	-0.03998385947692313	-0.040005187457921136
Ogden_2025	CRC06	fixed_background	state_enhanced	997	1	PARD6A	0.01895821276776137	0.01896048453898055
Ogden_2025	CRC06	fixed_background	state_enhanced	997	1	PARD6B	0.12724912767510835	0.12794269897556979
Ogden_2025	CRC06	fixed_background	state_enhanced	997	1	PARD6G	0.012885769496006469	0.012886482764581007
Ogden_2025	CRC06	fixed_background	state_enhanced	997	1	PATJ	0.02075757553180733	0.02076055762301645
Ogden_2025	CRC06	fixed_background	state_enhanced	997	1	PRKCI	0.04547159459890528	0.04550297355892756
Ogden_2025	CRC07	fixed_background	common	436	1	CLDN1	0.053750162473378944	0.0538020152263395
Ogden_2025	CRC07	fixed_background	common	436	1	CLDN10	0.0203447552759623	0.020347562932823894
Ogden_2025	CRC07	fixed_background	common	436	1	CLDN11	NA	NA
Ogden_2025	CRC07	fixed_background	common	436	1	CLDN12	-0.0015378756048392188	-0.0015378768172310039
Ogden_2025	CRC07	fixed_background	common	436	1	CLDN14	NA	NA
Ogden_2025	CRC07	fixed_background	common	436	1	CLDN15	-0.0784526474000264	-0.07861419833001976
Ogden_2025	CRC07	fixed_background	common	436	1	CLDN16	0.07067740074398793	0.07079543955128946
Ogden_2025	CRC07	fixed_background	common	436	1	CLDN17	NA	NA
Ogden_2025	CRC07	fixed_background	common	436	1	CLDN18	NA	NA
Ogden_2025	CRC07	fixed_background	common	436	1	CLDN19	NA	NA
Ogden_2025	CRC07	fixed_background	common	436	1	CLDN2	1.3920797014684853e-05	1.3920797015584084e-05
Ogden_2025	CRC07	fixed_background	common	436	1	CLDN20	NA	NA
Ogden_2025	CRC07	fixed_background	common	436	1	CLDN22	NA	NA
Ogden_2025	CRC07	fixed_background	common	436	1	CLDN23	NA	NA
Ogden_2025	CRC07	fixed_background	common	436	1	CLDN3	0.014753478828532568	0.014754549407685523
Ogden_2025	CRC07	fixed_background	common	436	1	CLDN4	0.03997696680651732	0.03999828375240157
Ogden_2025	CRC07	fixed_background	common	436	1	CLDN5	NA	NA
Ogden_2025	CRC07	fixed_background	common	436	1	CLDN6	0.06128752448260992	0.06136443314868873
Ogden_2025	CRC07	fixed_background	common	436	1	CLDN7	0.07274991102808416	0.0728786643056568
Ogden_2025	CRC07	fixed_background	common	436	1	CLDN8	NA	NA
Ogden_2025	CRC07	fixed_background	common	436	1	CLDN9	NA	NA
Ogden_2025	CRC07	fixed_background	common	436	1	CRB3	NA	NA
Ogden_2025	CRC07	fixed_background	common	436	1	F11R	0.07835257438562054	0.07851350636510113
Ogden_2025	CRC07	fixed_background	common	436	1	PALS1	0.04371926031522131	0.0437471469183578
Ogden_2025	CRC07	fixed_background	common	436	1	PARD3	-0.028765342571771116	-0.02877328042534759
Ogden_2025	CRC07	fixed_background	common	436	1	PARD6A	NA	NA
Ogden_2025	CRC07	fixed_background	common	436	1	PARD6B	0.07872063189363916	0.07888384814477271
Ogden_2025	CRC07	fixed_background	common	436	1	PARD6G	0.042794933709831486	0.042821087425833425
Ogden_2025	CRC07	fixed_background	common	436	1	PATJ	0.023678016366118614	0.023682442869704383
Ogden_2025	CRC07	fixed_background	common	436	1	PRKCI	0.015077792138851605	0.015078934888893624
Ogden_2025	CRC07	fixed_background	state_enhanced	436	1	CLDN1	-0.008535792398259818	-0.008535999712561521
Ogden_2025	CRC07	fixed_background	state_enhanced	436	1	CLDN10	0.046886897322015585	0.04692130113665097
Ogden_2025	CRC07	fixed_background	state_enhanced	436	1	CLDN11	NA	NA
Ogden_2025	CRC07	fixed_background	state_enhanced	436	1	CLDN12	-0.05108519162503977	-0.05112970029209016
Ogden_2025	CRC07	fixed_background	state_enhanced	436	1	CLDN14	NA	NA
Ogden_2025	CRC07	fixed_background	state_enhanced	436	1	CLDN15	-0.07691414722349925	-0.07706635706728461
Ogden_2025	CRC07	fixed_background	state_enhanced	436	1	CLDN16	0.03602767982947717	0.03604327988119035
Ogden_2025	CRC07	fixed_background	state_enhanced	436	1	CLDN17	NA	NA
Ogden_2025	CRC07	fixed_background	state_enhanced	436	1	CLDN18	NA	NA
Ogden_2025	CRC07	fixed_background	state_enhanced	436	1	CLDN19	NA	NA
Ogden_2025	CRC07	fixed_background	state_enhanced	436	1	CLDN2	0.009846888818318467	0.009847207092283853
Ogden_2025	CRC07	fixed_background	state_enhanced	436	1	CLDN20	NA	NA
Ogden_2025	CRC07	fixed_background	state_enhanced	436	1	CLDN22	NA	NA
Ogden_2025	CRC07	fixed_background	state_enhanced	436	1	CLDN23	NA	NA
Ogden_2025	CRC07	fixed_background	state_enhanced	436	1	CLDN3	0.006957884902767256	0.006957997188113299
Ogden_2025	CRC07	fixed_background	state_enhanced	436	1	CLDN4	0.012980031973378742	0.01298076101099522
Ogden_2025	CRC07	fixed_background	state_enhanced	436	1	CLDN5	NA	NA
Ogden_2025	CRC07	fixed_background	state_enhanced	436	1	CLDN6	0.07603603815398594	0.07618308215955351
Ogden_2025	CRC07	fixed_background	state_enhanced	436	1	CLDN7	0.031142608528867022	0.03115268240322757
Ogden_2025	CRC07	fixed_background	state_enhanced	436	1	CLDN8	NA	NA
Ogden_2025	CRC07	fixed_background	state_enhanced	436	1	CLDN9	NA	NA
Ogden_2025	CRC07	fixed_background	state_enhanced	436	1	CRB3	NA	NA
Ogden_2025	CRC07	fixed_background	state_enhanced	436	1	F11R	0.0784341939014103	0.0785956305771451
Ogden_2025	CRC07	fixed_background	state_enhanced	436	1	PALS1	0.03251845056094301	0.032529920046669145
Ogden_2025	CRC07	fixed_background	state_enhanced	436	1	PARD3	-0.028993042124153746	-0.029001170040423394
Ogden_2025	CRC07	fixed_background	state_enhanced	436	1	PARD6A	NA	NA
Ogden_2025	CRC07	fixed_background	state_enhanced	436	1	PARD6B	0.030688852546994046	0.030698492306633667
Ogden_2025	CRC07	fixed_background	state_enhanced	436	1	PARD6G	0.04645982644920427	0.04649329789385369
Ogden_2025	CRC07	fixed_background	state_enhanced	436	1	PATJ	0.031693595704385465	0.03170421400802435
Ogden_2025	CRC07	fixed_background	state_enhanced	436	1	PRKCI	-0.0034191787110059387	-0.0034191920353915843
Ogden_2025	CRC08	fixed_background	common	3323	1	CLDN1	0.026057597711991114	0.026063497804908464
Ogden_2025	CRC08	fixed_background	common	3323	1	CLDN10	0.015543358102346803	0.015544610021443752
Ogden_2025	CRC08	fixed_background	common	3323	1	CLDN11	0.01876200673048007	0.01876420868501341
Ogden_2025	CRC08	fixed_background	common	3323	1	CLDN12	0.033964464423606115	0.0339775337678844
Ogden_2025	CRC08	fixed_background	common	3323	1	CLDN14	0.02363083446562672	0.023635234554648242
Ogden_2025	CRC08	fixed_background	common	3323	1	CLDN15	0.0010883119331198394	0.0010883123627939903
Ogden_2025	CRC08	fixed_background	common	3323	1	CLDN16	-0.04345672163222784	-0.04348410848371176
Ogden_2025	CRC08	fixed_background	common	3323	1	CLDN17	NA	NA
Ogden_2025	CRC08	fixed_background	common	3323	1	CLDN18	NA	NA
Ogden_2025	CRC08	fixed_background	common	3323	1	CLDN19	0.013439953594839524	0.013440762912700426
Ogden_2025	CRC08	fixed_background	common	3323	1	CLDN2	-0.012343090960436318	-0.012343717848838993
Ogden_2025	CRC08	fixed_background	common	3323	1	CLDN20	0.012360152455149499	0.01236078194689505
Ogden_2025	CRC08	fixed_background	common	3323	1	CLDN22	NA	NA
Ogden_2025	CRC08	fixed_background	common	3323	1	CLDN23	0.0967827726009328	0.09708666738477092
Ogden_2025	CRC08	fixed_background	common	3323	1	CLDN3	0.20889887021957312	0.21201969475772967
Ogden_2025	CRC08	fixed_background	common	3323	1	CLDN4	0.2941219381081297	0.30307259919032
Ogden_2025	CRC08	fixed_background	common	3323	1	CLDN5	0.033173734648843795	0.033185911885304155
Ogden_2025	CRC08	fixed_background	common	3323	1	CLDN6	0.028474321054707288	0.028482020336605088
Ogden_2025	CRC08	fixed_background	common	3323	1	CLDN7	0.13731856512537613	0.13819157442930285
Ogden_2025	CRC08	fixed_background	common	3323	1	CLDN8	0.0386557021271806	0.03867497334032439
Ogden_2025	CRC08	fixed_background	common	3323	1	CLDN9	0.03191650697124729	0.03192735099254993
Ogden_2025	CRC08	fixed_background	common	3323	1	CRB3	0.031335825177473964	0.03134608779456861
Ogden_2025	CRC08	fixed_background	common	3323	1	F11R	0.06714091322240977	0.06724207520480477
Ogden_2025	CRC08	fixed_background	common	3323	1	PALS1	-0.015461955367821113	-0.01546318771845835
Ogden_2025	CRC08	fixed_background	common	3323	1	PARD3	-0.010437173840134737	-0.010437552854685764
Ogden_2025	CRC08	fixed_background	common	3323	1	PARD6A	-0.0018250373266206037	-0.001825039352879185
Ogden_2025	CRC08	fixed_background	common	3323	1	PARD6B	0.10221247689383195	0.10257067615542138
Ogden_2025	CRC08	fixed_background	common	3323	1	PARD6G	0.039198941615555406	0.039219037282048605
Ogden_2025	CRC08	fixed_background	common	3323	1	PATJ	0.06718713172944907	0.0672885031485815
Ogden_2025	CRC08	fixed_background	common	3323	1	PRKCI	0.0763099737965426	0.07645861654442994
Ogden_2025	CRC08	fixed_background	state_enhanced	3323	1	CLDN1	0.025567652671395057	0.02557322609054448
Ogden_2025	CRC08	fixed_background	state_enhanced	3323	1	CLDN10	0.01593620575994726	0.015937555032588764
Ogden_2025	CRC08	fixed_background	state_enhanced	3323	1	CLDN11	0.015272969846392748	0.015274157555310126
Ogden_2025	CRC08	fixed_background	state_enhanced	3323	1	CLDN12	0.02749556641074226	0.027502498494738337
Ogden_2025	CRC08	fixed_background	state_enhanced	3323	1	CLDN14	0.025141096492741554	0.025146395519798567
Ogden_2025	CRC08	fixed_background	state_enhanced	3323	1	CLDN15	-0.0027137794951622727	-0.002713786157157763
Ogden_2025	CRC08	fixed_background	state_enhanced	3323	1	CLDN16	-0.04490266346909123	-0.044932878349525016
Ogden_2025	CRC08	fixed_background	state_enhanced	3323	1	CLDN17	NA	NA
Ogden_2025	CRC08	fixed_background	state_enhanced	3323	1	CLDN18	NA	NA
Ogden_2025	CRC08	fixed_background	state_enhanced	3323	1	CLDN19	0.02349587752896494	0.02350020264377744
Ogden_2025	CRC08	fixed_background	state_enhanced	3323	1	CLDN2	-0.010352388910238814	-0.010352758762611894
Ogden_2025	CRC08	fixed_background	state_enhanced	3323	1	CLDN20	-0.0014994726262106525	-0.0014994737500259947
Ogden_2025	CRC08	fixed_background	state_enhanced	3323	1	CLDN22	NA	NA
Ogden_2025	CRC08	fixed_background	state_enhanced	3323	1	CLDN23	0.07735319923500207	0.07750803690598686
Ogden_2025	CRC08	fixed_background	state_enhanced	3323	1	CLDN3	0.15235096647359114	0.15354638934540496
Ogden_2025	CRC08	fixed_background	state_enhanced	3323	1	CLDN4	0.22936819349393642	0.23352247312063312
Ogden_2025	CRC08	fixed_background	state_enhanced	3323	1	CLDN5	0.028213561253279004	0.028221050876309235
Ogden_2025	CRC08	fixed_background	state_enhanced	3323	1	CLDN6	0.019430505794865775	0.019432951642830428
Ogden_2025	CRC08	fixed_background	state_enhanced	3323	1	CLDN7	0.09002710202451673	0.09027151126694455
Ogden_2025	CRC08	fixed_background	state_enhanced	3323	1	CLDN8	0.04682371412736758	0.046857978923148344
Ogden_2025	CRC08	fixed_background	state_enhanced	3323	1	CLDN9	0.024834371129741576	0.02483947851945003
Ogden_2025	CRC08	fixed_background	state_enhanced	3323	1	CRB3	0.019769196671144348	0.019771772681867344
Ogden_2025	CRC08	fixed_background	state_enhanced	3323	1	F11R	0.05014255954280735	0.05018464713562729
Ogden_2025	CRC08	fixed_background	state_enhanced	3323	1	PALS1	-0.03576623211071122	-0.035781494826943414
Ogden_2025	CRC08	fixed_background	state_enhanced	3323	1	PARD3	-0.02108124095915438	-0.021084364758205243
Ogden_2025	CRC08	fixed_background	state_enhanced	3323	1	PARD6A	0.002882538425752764	0.0028825464094898476
Ogden_2025	CRC08	fixed_background	state_enhanced	3323	1	PARD6B	0.06923007947784066	0.06934100069224237
Ogden_2025	CRC08	fixed_background	state_enhanced	3323	1	PARD6G	0.036973787938227816	0.03699065024590853
Ogden_2025	CRC08	fixed_background	state_enhanced	3323	1	PATJ	0.059754496183845436	0.05982576873538047
Ogden_2025	CRC08	fixed_background	state_enhanced	3323	1	PRKCI	0.07039779729070851	0.07051443795785663
Ogden_2025	CRC09	fixed_background	common	1323	1	CLDN1	0.035892346027953846	0.03590777084967749
Ogden_2025	CRC09	fixed_background	common	1323	1	CLDN10	0.023282521169491456	0.02328672950201835
Ogden_2025	CRC09	fixed_background	common	1323	1	CLDN11	0.003239092301372748	0.00323910362932607
Ogden_2025	CRC09	fixed_background	common	1323	1	CLDN12	-0.02232734997467852	-0.022331061224690096
Ogden_2025	CRC09	fixed_background	common	1323	1	CLDN14	-0.0337938860949981	-0.03380675942432224
Ogden_2025	CRC09	fixed_background	common	1323	1	CLDN15	0.035452550628177086	0.035467415079670356
Ogden_2025	CRC09	fixed_background	common	1323	1	CLDN16	0.006153597771262521	0.006153675445308612
Ogden_2025	CRC09	fixed_background	common	1323	1	CLDN17	NA	NA
Ogden_2025	CRC09	fixed_background	common	1323	1	CLDN18	0.03718836110033415	0.037205518854488626
Ogden_2025	CRC09	fixed_background	common	1323	1	CLDN19	-0.001922199674199278	-0.0019222020416186987
Ogden_2025	CRC09	fixed_background	common	1323	1	CLDN2	-0.021594605629779138	-0.021597963285119526
Ogden_2025	CRC09	fixed_background	common	1323	1	CLDN20	-0.004215021429853416	-0.004215046392046364
Ogden_2025	CRC09	fixed_background	common	1323	1	CLDN22	NA	NA
Ogden_2025	CRC09	fixed_background	common	1323	1	CLDN23	0.026652718927953074	0.026659032693676893
Ogden_2025	CRC09	fixed_background	common	1323	1	CLDN3	0.057356611627466	0.05741963296524064
Ogden_2025	CRC09	fixed_background	common	1323	1	CLDN4	0.1575787878385992	0.1589028548799533
Ogden_2025	CRC09	fixed_background	common	1323	1	CLDN5	NA	NA
Ogden_2025	CRC09	fixed_background	common	1323	1	CLDN6	NA	NA
Ogden_2025	CRC09	fixed_background	common	1323	1	CLDN7	0.06073155082137522	0.06080638231632209
Ogden_2025	CRC09	fixed_background	common	1323	1	CLDN8	NA	NA
Ogden_2025	CRC09	fixed_background	common	1323	1	CLDN9	0.03459806178770553	0.034611876636215524
Ogden_2025	CRC09	fixed_background	common	1323	1	CRB3	0.03669579133546208	0.036712275942604636
Ogden_2025	CRC09	fixed_background	common	1323	1	F11R	0.004048077615266988	0.004048099727342447
Ogden_2025	CRC09	fixed_background	common	1323	1	PALS1	-0.0011507606710014246	-0.0011507611789668144
Ogden_2025	CRC09	fixed_background	common	1323	1	PARD3	0.027776558211568003	0.02778370506948702
Ogden_2025	CRC09	fixed_background	common	1323	1	PARD6A	0.004163301698980276	0.00416332575351235
Ogden_2025	CRC09	fixed_background	common	1323	1	PARD6B	0.054270888041777425	0.05432426427862631
Ogden_2025	CRC09	fixed_background	common	1323	1	PARD6G	-0.0018588128521257775	-0.0018588149929777797
Ogden_2025	CRC09	fixed_background	common	1323	1	PATJ	-0.008879740065223286	-0.008879973464793087
Ogden_2025	CRC09	fixed_background	common	1323	1	PRKCI	0.04438103620963888	0.04441020945402518
Ogden_2025	CRC09	fixed_background	state_enhanced	1323	1	CLDN1	0.025157203498164638	0.025162512719024064
Ogden_2025	CRC09	fixed_background	state_enhanced	1323	1	CLDN10	0.027520773570707577	0.02752772474339263
Ogden_2025	CRC09	fixed_background	state_enhanced	1323	1	CLDN11	0.008974659033133514	0.008974899997934396
Ogden_2025	CRC09	fixed_background	state_enhanced	1323	1	CLDN12	-0.028516281213270434	-0.02852401459376317
Ogden_2025	CRC09	fixed_background	state_enhanced	1323	1	CLDN14	-0.03137868292276248	-0.03138898772239242
Ogden_2025	CRC09	fixed_background	state_enhanced	1323	1	CLDN15	0.041347559220403	0.04137114630051486
Ogden_2025	CRC09	fixed_background	state_enhanced	1323	1	CLDN16	0.008243241270293144	0.008243427990141607
Ogden_2025	CRC09	fixed_background	state_enhanced	1323	1	CLDN17	NA	NA
Ogden_2025	CRC09	fixed_background	state_enhanced	1323	1	CLDN18	0.04569253248631016	0.045724371451069015
Ogden_2025	CRC09	fixed_background	state_enhanced	1323	1	CLDN19	0.003480454493233551	0.0034804685469045087
Ogden_2025	CRC09	fixed_background	state_enhanced	1323	1	CLDN2	-0.026831938299712598	-0.026838380326761387
Ogden_2025	CRC09	fixed_background	state_enhanced	1323	1	CLDN20	-0.014827003439843965	-0.014828090106148528
Ogden_2025	CRC09	fixed_background	state_enhanced	1323	1	CLDN22	NA	NA
Ogden_2025	CRC09	fixed_background	state_enhanced	1323	1	CLDN23	0.020437378608400707	0.02044022479372373
Ogden_2025	CRC09	fixed_background	state_enhanced	1323	1	CLDN3	0.054213819164130976	0.05426702699554536
Ogden_2025	CRC09	fixed_background	state_enhanced	1323	1	CLDN4	0.13257809592468964	0.1333631651028066
Ogden_2025	CRC09	fixed_background	state_enhanced	1323	1	CLDN5	NA	NA
Ogden_2025	CRC09	fixed_background	state_enhanced	1323	1	CLDN6	NA	NA
Ogden_2025	CRC09	fixed_background	state_enhanced	1323	1	CLDN7	0.05338706640054764	0.053437874211697586
Ogden_2025	CRC09	fixed_background	state_enhanced	1323	1	CLDN8	NA	NA
Ogden_2025	CRC09	fixed_background	state_enhanced	1323	1	CLDN9	0.02308588912570878	0.02308999170958736
Ogden_2025	CRC09	fixed_background	state_enhanced	1323	1	CRB3	0.041799724987098774	0.04182409493678207
Ogden_2025	CRC09	fixed_background	state_enhanced	1323	1	F11R	0.017991678162405447	0.017993619844504444
Ogden_2025	CRC09	fixed_background	state_enhanced	1323	1	PALS1	3.023568399354398e-05	3.023568400275777e-05
Ogden_2025	CRC09	fixed_background	state_enhanced	1323	1	PARD3	0.03146262084331845	0.031473008593221434
Ogden_2025	CRC09	fixed_background	state_enhanced	1323	1	PARD6A	0.0042524241843653245	0.004252449816996913
Ogden_2025	CRC09	fixed_background	state_enhanced	1323	1	PARD6B	0.04629998993785503	0.04633311681730603
Ogden_2025	CRC09	fixed_background	state_enhanced	1323	1	PARD6G	-0.0028892040537650994	-0.0028892120930157053
Ogden_2025	CRC09	fixed_background	state_enhanced	1323	1	PATJ	-0.0212880050919383	-0.0212912217267049
Ogden_2025	CRC09	fixed_background	state_enhanced	1323	1	PRKCI	0.029878911458859934	0.02988780768420018
Ogden_2025	CRC10	fixed_background	common	1500	1	CLDN1	0.01747236937785434	0.017474147713412477
Ogden_2025	CRC10	fixed_background	common	1500	1	CLDN10	0.0387952283986929	0.038814709168528805
Ogden_2025	CRC10	fixed_background	common	1500	1	CLDN11	-0.009681594881453762	-0.00968189739434677
Ogden_2025	CRC10	fixed_background	common	1500	1	CLDN12	0.0696242909020813	0.06973712147699214
Ogden_2025	CRC10	fixed_background	common	1500	1	CLDN14	0.012289661593911129	0.012290280376203888
Ogden_2025	CRC10	fixed_background	common	1500	1	CLDN15	0.04095793990329214	0.04098086601973353
Ogden_2025	CRC10	fixed_background	common	1500	1	CLDN16	0.0003901095906132069	0.0003901096104028822
Ogden_2025	CRC10	fixed_background	common	1500	1	CLDN17	NA	NA
Ogden_2025	CRC10	fixed_background	common	1500	1	CLDN18	0.012896565845623853	0.012897280908657877
Ogden_2025	CRC10	fixed_background	common	1500	1	CLDN19	NA	NA
Ogden_2025	CRC10	fixed_background	common	1500	1	CLDN2	-0.0027733254222819434	-0.002773332532505366
Ogden_2025	CRC10	fixed_background	common	1500	1	CLDN20	-0.02053864327108736	-0.020541531981059444
Ogden_2025	CRC10	fixed_background	common	1500	1	CLDN22	NA	NA
Ogden_2025	CRC10	fixed_background	common	1500	1	CLDN23	0.041126755404689734	0.04114996636672422
Ogden_2025	CRC10	fixed_background	common	1500	1	CLDN3	0.13861811569288082	0.13951634250642422
Ogden_2025	CRC10	fixed_background	common	1500	1	CLDN4	0.27854934997139047	0.28610870856991905
Ogden_2025	CRC10	fixed_background	common	1500	1	CLDN5	-0.04781004592061754	-0.047846524038200514
Ogden_2025	CRC10	fixed_background	common	1500	1	CLDN6	0.029337160036136605	0.029345580912779445
Ogden_2025	CRC10	fixed_background	common	1500	1	CLDN7	0.16014280112855683	0.16153325245143982
Ogden_2025	CRC10	fixed_background	common	1500	1	CLDN8	NA	NA
Ogden_2025	CRC10	fixed_background	common	1500	1	CLDN9	-0.020244366562955102	-0.020247132855676392
Ogden_2025	CRC10	fixed_background	common	1500	1	CRB3	0.09169243517426416	0.09195070741740094
Ogden_2025	CRC10	fixed_background	common	1500	1	F11R	0.14317505406360084	0.14416558564065415
Ogden_2025	CRC10	fixed_background	common	1500	1	PALS1	0.0497439713891306	0.0497850622802087
Ogden_2025	CRC10	fixed_background	common	1500	1	PARD3	0.029338713417006782	0.029347135631818885
Ogden_2025	CRC10	fixed_background	common	1500	1	PARD6A	-0.053874198381801	-0.05392641135510761
Ogden_2025	CRC10	fixed_background	common	1500	1	PARD6B	0.1725771882355239	0.17432175313570003
Ogden_2025	CRC10	fixed_background	common	1500	1	PARD6G	0.010831645769184894	0.010832069404995814
Ogden_2025	CRC10	fixed_background	common	1500	1	PATJ	0.02336507287115802	0.02336932613626027
Ogden_2025	CRC10	fixed_background	common	1500	1	PRKCI	0.00750683111490708	0.007506972129275319
Ogden_2025	CRC10	fixed_background	state_enhanced	1500	1	CLDN1	0.03245977657832806	0.03247118406571306
Ogden_2025	CRC10	fixed_background	state_enhanced	1500	1	CLDN10	0.028531242563932715	0.028538988126967098
Ogden_2025	CRC10	fixed_background	state_enhanced	1500	1	CLDN11	0.0056791623785373765	0.005679223436176591
Ogden_2025	CRC10	fixed_background	state_enhanced	1500	1	CLDN12	0.038075688073635545	0.038094104273791604
Ogden_2025	CRC10	fixed_background	state_enhanced	1500	1	CLDN14	0.01407997253598025	0.01408090307766095
Ogden_2025	CRC10	fixed_background	state_enhanced	1500	1	CLDN15	0.057634239666340105	0.05769818181152571
Ogden_2025	CRC10	fixed_background	state_enhanced	1500	1	CLDN16	-0.002391190053699335	-0.002391194611155728
Ogden_2025	CRC10	fixed_background	state_enhanced	1500	1	CLDN17	NA	NA
Ogden_2025	CRC10	fixed_background	state_enhanced	1500	1	CLDN18	0.02849666726122183	0.028504384690079793
Ogden_2025	CRC10	fixed_background	state_enhanced	1500	1	CLDN19	NA	NA
Ogden_2025	CRC10	fixed_background	state_enhanced	1500	1	CLDN2	0.027292292869612753	0.027299072296316926
Ogden_2025	CRC10	fixed_background	state_enhanced	1500	1	CLDN20	-0.015505835498918244	-0.015507078372391481
Ogden_2025	CRC10	fixed_background	state_enhanced	1500	1	CLDN22	NA	NA
Ogden_2025	CRC10	fixed_background	state_enhanced	1500	1	CLDN23	0.033221297417335545	0.0332335271293784
Ogden_2025	CRC10	fixed_background	state_enhanced	1500	1	CLDN3	0.1008275223631273	0.10117129897625114
Ogden_2025	CRC10	fixed_background	state_enhanced	1500	1	CLDN4	0.21487653450909544	0.21827837331401687
Ogden_2025	CRC10	fixed_background	state_enhanced	1500	1	CLDN5	-0.030521685362717158	-0.030531168392585583
Ogden_2025	CRC10	fixed_background	state_enhanced	1500	1	CLDN6	0.009212294464538893	0.00921255508247102
Ogden_2025	CRC10	fixed_background	state_enhanced	1500	1	CLDN7	0.10720204602883567	0.10761556643345493
Ogden_2025	CRC10	fixed_background	state_enhanced	1500	1	CLDN8	NA	NA
Ogden_2025	CRC10	fixed_background	state_enhanced	1500	1	CLDN9	-0.007093614917679571	-0.007093733903356004
Ogden_2025	CRC10	fixed_background	state_enhanced	1500	1	CRB3	0.09193095455690395	0.09219125446545524
Ogden_2025	CRC10	fixed_background	state_enhanced	1500	1	F11R	0.11200605531868428	0.11247799815491251
Ogden_2025	CRC10	fixed_background	state_enhanced	1500	1	PALS1	0.020905299401492976	0.020908345625395675
Ogden_2025	CRC10	fixed_background	state_enhanced	1500	1	PARD3	0.009455750893354698	0.009456032725230967
Ogden_2025	CRC10	fixed_background	state_enhanced	1500	1	PARD6A	-0.04610056529324067	-0.0461332655964573
Ogden_2025	CRC10	fixed_background	state_enhanced	1500	1	PARD6B	0.12356648210513263	0.12420120600721823
Ogden_2025	CRC10	fixed_background	state_enhanced	1500	1	PARD6G	-0.005724706161501943	-0.005724768699919125
Ogden_2025	CRC10	fixed_background	state_enhanced	1500	1	PATJ	0.012456582593454014	0.012457226934676165
Ogden_2025	CRC10	fixed_background	state_enhanced	1500	1	PRKCI	0.013578311942092879	0.013579146514720994
Ogden_2025	CRC11	fixed_background	common	952	1	CLDN1	0.1296996439502359	0.1304343428269794
Ogden_2025	CRC11	fixed_background	common	952	1	CLDN10	0.022342371942414667	0.022346090689815298
Ogden_2025	CRC11	fixed_background	common	952	1	CLDN11	-0.06009307882462828	-0.06016557156394624
Ogden_2025	CRC11	fixed_background	common	952	1	CLDN12	0.05734314252294451	0.05740611941453716
Ogden_2025	CRC11	fixed_background	common	952	1	CLDN14	0.012792737007185582	0.012793434937091336
Ogden_2025	CRC11	fixed_background	common	952	1	CLDN15	-0.044783847988504856	-0.04481382345922505
Ogden_2025	CRC11	fixed_background	common	952	1	CLDN16	0.0025517383303986624	0.002551743868856501
Ogden_2025	CRC11	fixed_background	common	952	1	CLDN17	NA	NA
Ogden_2025	CRC11	fixed_background	common	952	1	CLDN18	0.05320429620267555	0.05325458338862185
Ogden_2025	CRC11	fixed_background	common	952	1	CLDN19	NA	NA
Ogden_2025	CRC11	fixed_background	common	952	1	CLDN2	0.002319978173561383	0.0023199823358466803
Ogden_2025	CRC11	fixed_background	common	952	1	CLDN20	-0.027626244859191133	-0.02763327628264184
Ogden_2025	CRC11	fixed_background	common	952	1	CLDN22	NA	NA
Ogden_2025	CRC11	fixed_background	common	952	1	CLDN23	0.07690414027345897	0.07705629057377009
Ogden_2025	CRC11	fixed_background	common	952	1	CLDN3	0.11475185598861044	0.11525955701174273
Ogden_2025	CRC11	fixed_background	common	952	1	CLDN4	0.21219633432660515	0.21547012097593637
Ogden_2025	CRC11	fixed_background	common	952	1	CLDN5	-0.0315405415283602	-0.03155100667967404
Ogden_2025	CRC11	fixed_background	common	952	1	CLDN6	-0.04847780867060869	-0.04851583817485659
Ogden_2025	CRC11	fixed_background	common	952	1	CLDN7	0.0663331965622344	0.0664307449691393
Ogden_2025	CRC11	fixed_background	common	952	1	CLDN8	NA	NA
Ogden_2025	CRC11	fixed_background	common	952	1	CLDN9	-0.00019398065869929355	-0.0001939806611323604
Ogden_2025	CRC11	fixed_background	common	952	1	CRB3	0.0884638281899439	0.08869568604239404
Ogden_2025	CRC11	fixed_background	common	952	1	F11R	0.08897978559952228	0.08921573707628153
Ogden_2025	CRC11	fixed_background	common	952	1	PALS1	0.09146257463823237	0.09171890286548559
Ogden_2025	CRC11	fixed_background	common	952	1	PARD3	-0.00381098516787538	-0.0038110036177876495
Ogden_2025	CRC11	fixed_background	common	952	1	PARD6A	-0.034374802924337915	-0.03438835193084987
Ogden_2025	CRC11	fixed_background	common	952	1	PARD6B	0.1232476203837888	0.12387741314421664
Ogden_2025	CRC11	fixed_background	common	952	1	PARD6G	-0.045609686687248706	-0.045641352638778485
Ogden_2025	CRC11	fixed_background	common	952	1	PATJ	-0.015651558751879874	-0.01565283700061878
Ogden_2025	CRC11	fixed_background	common	952	1	PRKCI	0.035308687020471755	0.03532337115923713
Ogden_2025	CRC11	fixed_background	state_enhanced	952	1	CLDN1	0.1028029939412938	0.10316746417145416
Ogden_2025	CRC11	fixed_background	state_enhanced	952	1	CLDN10	-0.002292231648166042	-0.002292235662889427
Ogden_2025	CRC11	fixed_background	state_enhanced	952	1	CLDN11	-0.04455079656768617	-0.04458030613064738
Ogden_2025	CRC11	fixed_background	state_enhanced	952	1	CLDN12	0.04314072518697183	0.043167518499405255
Ogden_2025	CRC11	fixed_background	state_enhanced	952	1	CLDN14	-0.015749000426671607	-0.01575030270066378
Ogden_2025	CRC11	fixed_background	state_enhanced	952	1	CLDN15	-0.04661605444498028	-0.046649864979798825
Ogden_2025	CRC11	fixed_background	state_enhanced	952	1	CLDN16	-0.027772041355271063	-0.0277791847261442
Ogden_2025	CRC11	fixed_background	state_enhanced	952	1	CLDN17	NA	NA
Ogden_2025	CRC11	fixed_background	state_enhanced	952	1	CLDN18	0.040766974470270695	0.040789581190117566
Ogden_2025	CRC11	fixed_background	state_enhanced	952	1	CLDN19	NA	NA
Ogden_2025	CRC11	fixed_background	state_enhanced	952	1	CLDN2	0.020123847485302146	0.02012656465861365
Ogden_2025	CRC11	fixed_background	state_enhanced	952	1	CLDN20	-0.023689980684780503	-0.02369441390329967
Ogden_2025	CRC11	fixed_background	state_enhanced	952	1	CLDN22	NA	NA
Ogden_2025	CRC11	fixed_background	state_enhanced	952	1	CLDN23	0.08613065257650704	0.08634459209364606
Ogden_2025	CRC11	fixed_background	state_enhanced	952	1	CLDN3	0.08107038982854227	0.08124870275480317
Ogden_2025	CRC11	fixed_background	state_enhanced	952	1	CLDN4	0.18002203105113437	0.18200545745294858
Ogden_2025	CRC11	fixed_background	state_enhanced	952	1	CLDN5	-0.014585766146601922	-0.014586800626188598
Ogden_2025	CRC11	fixed_background	state_enhanced	952	1	CLDN6	-0.03454920997337004	-0.034562966357638926
Ogden_2025	CRC11	fixed_background	state_enhanced	952	1	CLDN7	0.05622955533398186	0.056288929518186384
Ogden_2025	CRC11	fixed_background	state_enhanced	952	1	CLDN8	NA	NA
Ogden_2025	CRC11	fixed_background	state_enhanced	952	1	CLDN9	0.01755982598359244	0.01756163116032452
Ogden_2025	CRC11	fixed_background	state_enhanced	952	1	CRB3	0.07016461988454659	0.07028010306553088
Ogden_2025	CRC11	fixed_background	state_enhanced	952	1	F11R	0.07053438147286105	0.07065170372926283
Ogden_2025	CRC11	fixed_background	state_enhanced	952	1	PALS1	0.04896206004225647	0.04900124172548269
Ogden_2025	CRC11	fixed_background	state_enhanced	952	1	PARD3	0.008872339128933718	0.008872571945381597
Ogden_2025	CRC11	fixed_background	state_enhanced	952	1	PARD6A	-0.04666027718626764	-0.04669418412047673
Ogden_2025	CRC11	fixed_background	state_enhanced	952	1	PARD6B	0.08569439710318812	0.08590509268474654
Ogden_2025	CRC11	fixed_background	state_enhanced	952	1	PARD6G	-0.03249059409794638	-0.032502034120963995
Ogden_2025	CRC11	fixed_background	state_enhanced	952	1	PATJ	0.03339418569670318	0.03340660742543702
Ogden_2025	CRC11	fixed_background	state_enhanced	952	1	PRKCI	0.033488148074521086	0.03350067500018848
Ogden_2025	CRC12	fixed_background	common	341	1	CLDN1	0.1624047111617822	0.16385556513224228
Ogden_2025	CRC12	fixed_background	common	341	1	CLDN10	-0.050494946465866886	-0.05053792856279389
Ogden_2025	CRC12	fixed_background	common	341	1	CLDN11	-0.002335481016812333	-0.0023354852630978404
Ogden_2025	CRC12	fixed_background	common	341	1	CLDN12	0.036776267525128276	0.036792860884583396
Ogden_2025	CRC12	fixed_background	common	341	1	CLDN14	0.010307100229774218	0.010307465249157577
Ogden_2025	CRC12	fixed_background	common	341	1	CLDN15	0.01809346039661289	0.01809543522319856
Ogden_2025	CRC12	fixed_background	common	341	1	CLDN16	-0.01061827541301681	-0.010618674502316091
Ogden_2025	CRC12	fixed_background	common	341	1	CLDN17	NA	NA
Ogden_2025	CRC12	fixed_background	common	341	1	CLDN18	0.09801272652394914	0.09832840095433093
Ogden_2025	CRC12	fixed_background	common	341	1	CLDN19	-0.10406778923930747	-0.10444593788440891
Ogden_2025	CRC12	fixed_background	common	341	1	CLDN2	-0.10332183401010461	-0.10369187446588007
Ogden_2025	CRC12	fixed_background	common	341	1	CLDN20	0.0962473456090892	0.0965462058961084
Ogden_2025	CRC12	fixed_background	common	341	1	CLDN22	NA	NA
Ogden_2025	CRC12	fixed_background	common	341	1	CLDN23	0.09383355343656652	0.09411041072229512
Ogden_2025	CRC12	fixed_background	common	341	1	CLDN3	0.06479068391509465	0.06488157309872104
Ogden_2025	CRC12	fixed_background	common	341	1	CLDN4	0.17364273221044924	0.17542021489501247
Ogden_2025	CRC12	fixed_background	common	341	1	CLDN5	NA	NA
Ogden_2025	CRC12	fixed_background	common	341	1	CLDN6	0.049595080032678256	0.04963580269084903
Ogden_2025	CRC12	fixed_background	common	341	1	CLDN7	0.1127055566629551	0.1131864428124424
Ogden_2025	CRC12	fixed_background	common	341	1	CLDN8	NA	NA
Ogden_2025	CRC12	fixed_background	common	341	1	CLDN9	0.08406506165511095	0.08426393301587277
Ogden_2025	CRC12	fixed_background	common	341	1	CRB3	0.02991481780196603	0.02992374614991996
Ogden_2025	CRC12	fixed_background	common	341	1	F11R	0.07806976796664482	0.07822895937385141
Ogden_2025	CRC12	fixed_background	common	341	1	PALS1	-0.022071550817830726	-0.022075135942473074
Ogden_2025	CRC12	fixed_background	common	341	1	PARD3	-0.08204591889116022	-0.0822307643081828
Ogden_2025	CRC12	fixed_background	common	341	1	PARD6A	0.04292564845007966	0.04295204273176246
Ogden_2025	CRC12	fixed_background	common	341	1	PARD6B	0.22237811995750978	0.22615656416877625
Ogden_2025	CRC12	fixed_background	common	341	1	PARD6G	-0.12474696653188794	-0.12540017252148852
Ogden_2025	CRC12	fixed_background	common	341	1	PATJ	-0.00018021346956141243	-0.0001802134715123371
Ogden_2025	CRC12	fixed_background	common	341	1	PRKCI	0.06685663177959786	0.06695651191339025
Ogden_2025	CRC12	fixed_background	state_enhanced	341	1	CLDN1	0.062043803158403195	0.06212359870523062
Ogden_2025	CRC12	fixed_background	state_enhanced	341	1	CLDN10	-0.010887092903699026	-0.010887523078948703
Ogden_2025	CRC12	fixed_background	state_enhanced	341	1	CLDN11	-0.06693263533582408	-0.0670328571061461
Ogden_2025	CRC12	fixed_background	state_enhanced	341	1	CLDN12	0.04948280316791507	0.049523249608689486
Ogden_2025	CRC12	fixed_background	state_enhanced	341	1	CLDN14	0.0501899569023577	0.05023216407886644
Ogden_2025	CRC12	fixed_background	state_enhanced	341	1	CLDN15	0.006645693179679145	0.00664579101847843
Ogden_2025	CRC12	fixed_background	state_enhanced	341	1	CLDN16	0.007920186489757425	0.007920352105384953
Ogden_2025	CRC12	fixed_background	state_enhanced	341	1	CLDN17	NA	NA
Ogden_2025	CRC12	fixed_background	state_enhanced	341	1	CLDN18	0.02248200286616189	0.022485791786509182
Ogden_2025	CRC12	fixed_background	state_enhanced	341	1	CLDN19	0.0003341643587676565	0.0003341643712059029
Ogden_2025	CRC12	fixed_background	state_enhanced	341	1	CLDN2	-0.07061015047868915	-0.07072785198731824
Ogden_2025	CRC12	fixed_background	state_enhanced	341	1	CLDN20	0.11260873608133701	0.11308837762339065
Ogden_2025	CRC12	fixed_background	state_enhanced	341	1	CLDN22	NA	NA
Ogden_2025	CRC12	fixed_background	state_enhanced	341	1	CLDN23	0.01938080169401356	0.019383228817376325
Ogden_2025	CRC12	fixed_background	state_enhanced	341	1	CLDN3	0.03931630384361268	0.03933658066351017
Ogden_2025	CRC12	fixed_background	state_enhanced	341	1	CLDN4	0.07968989126862973	0.07985922660896327
Ogden_2025	CRC12	fixed_background	state_enhanced	341	1	CLDN5	NA	NA
Ogden_2025	CRC12	fixed_background	state_enhanced	341	1	CLDN6	0.020576961275570974	0.020579866186473634
Ogden_2025	CRC12	fixed_background	state_enhanced	341	1	CLDN7	0.0698672990480938	0.06998131750995112
Ogden_2025	CRC12	fixed_background	state_enhanced	341	1	CLDN8	NA	NA
Ogden_2025	CRC12	fixed_background	state_enhanced	341	1	CLDN9	0.051843920418790164	0.05189044402898506
Ogden_2025	CRC12	fixed_background	state_enhanced	341	1	CRB3	0.0399106958781565	0.03993190691913748
Ogden_2025	CRC12	fixed_background	state_enhanced	341	1	F11R	0.14858061683512586	0.1496886967284013
Ogden_2025	CRC12	fixed_background	state_enhanced	341	1	PALS1	-0.027961655446987907	-0.027968946179821094
Ogden_2025	CRC12	fixed_background	state_enhanced	341	1	PARD3	-0.05590117648845266	-0.05595951521335606
Ogden_2025	CRC12	fixed_background	state_enhanced	341	1	PARD6A	0.029116115983369613	0.029124347882657463
Ogden_2025	CRC12	fixed_background	state_enhanced	341	1	PARD6B	0.10367249080661345	0.10404632805342474
Ogden_2025	CRC12	fixed_background	state_enhanced	341	1	PARD6G	-0.06424478993814002	-0.06433339730514705
Ogden_2025	CRC12	fixed_background	state_enhanced	341	1	PATJ	0.10708626420658199	0.10749844001500986
Ogden_2025	CRC12	fixed_background	state_enhanced	341	1	PRKCI	0.11815568221029775	0.11871018233571416
Ogden_2025	CRC14	fixed_background	common	1554	1	CLDN1	0.0009167311290018143	0.000916731385807657
Ogden_2025	CRC14	fixed_background	common	1554	1	CLDN10	0.031216447566088375	0.031226593293913585
Ogden_2025	CRC14	fixed_background	common	1554	1	CLDN11	0.006493751059904965	0.00649384234011717
Ogden_2025	CRC14	fixed_background	common	1554	1	CLDN12	0.041549550316822684	0.041573485012031626
Ogden_2025	CRC14	fixed_background	common	1554	1	CLDN14	0.022713971787056017	0.02271787922831521
Ogden_2025	CRC14	fixed_background	common	1554	1	CLDN15	-0.010013145400458624	-0.010013480070194017
Ogden_2025	CRC14	fixed_background	common	1554	1	CLDN16	-0.0004187408849149808	-0.00041874090938954063
Ogden_2025	CRC14	fixed_background	common	1554	1	CLDN17	NA	NA
Ogden_2025	CRC14	fixed_background	common	1554	1	CLDN18	0.010978983768000924	0.01097942492846535
Ogden_2025	CRC14	fixed_background	common	1554	1	CLDN19	-0.005242883006353289	-0.005242931045624251
Ogden_2025	CRC14	fixed_background	common	1554	1	CLDN2	-0.01889715830847473	-0.018899408198631354
Ogden_2025	CRC14	fixed_background	common	1554	1	CLDN20	-0.010249935102289333	-0.010250294081641872
Ogden_2025	CRC14	fixed_background	common	1554	1	CLDN22	NA	NA
Ogden_2025	CRC14	fixed_background	common	1554	1	CLDN23	-0.00026672392497772697	-0.00026672393130278745
Ogden_2025	CRC14	fixed_background	common	1554	1	CLDN3	0.2159835500670591	0.2194392661708101
Ogden_2025	CRC14	fixed_background	common	1554	1	CLDN4	0.17822670352722922	0.18015061576968464
Ogden_2025	CRC14	fixed_background	common	1554	1	CLDN5	-0.02428227222441732	-0.024287046422094477
Ogden_2025	CRC14	fixed_background	common	1554	1	CLDN6	-0.0139678503523446	-0.013968758838489867
Ogden_2025	CRC14	fixed_background	common	1554	1	CLDN7	0.08726745963130748	0.08749000906141795
Ogden_2025	CRC14	fixed_background	common	1554	1	CLDN8	NA	NA
Ogden_2025	CRC14	fixed_background	common	1554	1	CLDN9	0.03985133155529411	0.03987244802717197
Ogden_2025	CRC14	fixed_background	common	1554	1	CRB3	0.016363709391016366	0.016365170201248586
Ogden_2025	CRC14	fixed_background	common	1554	1	F11R	0.06796951129569144	0.0680744721420675
Ogden_2025	CRC14	fixed_background	common	1554	1	PALS1	-0.013897692543704038	-0.013898587407993632
Ogden_2025	CRC14	fixed_background	common	1554	1	PARD3	-0.015734868177149267	-0.01573616694818165
Ogden_2025	CRC14	fixed_background	common	1554	1	PARD6A	-0.004794056543252254	-0.004794093270990968
Ogden_2025	CRC14	fixed_background	common	1554	1	PARD6B	0.09243146742497724	0.09269605683983716
Ogden_2025	CRC14	fixed_background	common	1554	1	PARD6G	0.009870624185062888	0.0098709447662145
Ogden_2025	CRC14	fixed_background	common	1554	1	PATJ	0.026062940995368742	0.026068844719577107
Ogden_2025	CRC14	fixed_background	common	1554	1	PRKCI	0.0018302003028548937	0.0018302023463588682
Ogden_2025	CRC14	fixed_background	state_enhanced	1554	1	CLDN1	0.04685473618417525	0.04688906918929803
Ogden_2025	CRC14	fixed_background	state_enhanced	1554	1	CLDN10	0.02226480625009255	0.02226848639319012
Ogden_2025	CRC14	fixed_background	state_enhanced	1554	1	CLDN11	0.013402835019722751	0.013403637650063818
Ogden_2025	CRC14	fixed_background	state_enhanced	1554	1	CLDN12	0.03650098208599697	0.036517205406868355
Ogden_2025	CRC14	fixed_background	state_enhanced	1554	1	CLDN14	0.019484364826716095	0.019486831073003644
Ogden_2025	CRC14	fixed_background	state_enhanced	1554	1	CLDN15	-0.002175277977297151	-0.002175281408325191
Ogden_2025	CRC14	fixed_background	state_enhanced	1554	1	CLDN16	-5.2178391463816435e-05	-5.21783915111698e-05
Ogden_2025	CRC14	fixed_background	state_enhanced	1554	1	CLDN17	NA	NA
Ogden_2025	CRC14	fixed_background	state_enhanced	1554	1	CLDN18	0.01767089310838909	0.017672732760161045
Ogden_2025	CRC14	fixed_background	state_enhanced	1554	1	CLDN19	-0.007865688386591279	-0.00786585060684581
Ogden_2025	CRC14	fixed_background	state_enhanced	1554	1	CLDN2	0.00866713621847536	0.008667353251182234
Ogden_2025	CRC14	fixed_background	state_enhanced	1554	1	CLDN20	-0.0009285358817327559	-0.0009285361485875706
Ogden_2025	CRC14	fixed_background	state_enhanced	1554	1	CLDN22	NA	NA
Ogden_2025	CRC14	fixed_background	state_enhanced	1554	1	CLDN23	-0.014902728979802346	-0.014903832382478223
Ogden_2025	CRC14	fixed_background	state_enhanced	1554	1	CLDN3	0.17492954198094596	0.1767473370806698
Ogden_2025	CRC14	fixed_background	state_enhanced	1554	1	CLDN4	0.1640711546290182	0.16556762977983366
Ogden_2025	CRC14	fixed_background	state_enhanced	1554	1	CLDN5	-0.015301944400029235	-0.015303138882068601
Ogden_2025	CRC14	fixed_background	state_enhanced	1554	1	CLDN6	-0.02108334891589605	-0.02108647365227264
Ogden_2025	CRC14	fixed_background	state_enhanced	1554	1	CLDN7	0.057373579246432285	0.057436656604820356
Ogden_2025	CRC14	fixed_background	state_enhanced	1554	1	CLDN8	NA	NA
Ogden_2025	CRC14	fixed_background	state_enhanced	1554	1	CLDN9	0.025051660968437212	0.025056903630916862
Ogden_2025	CRC14	fixed_background	state_enhanced	1554	1	CRB3	0.010150630799973094	0.01015097944597602
Ogden_2025	CRC14	fixed_background	state_enhanced	1554	1	F11R	0.07799234028644379	0.07815105736029299
Ogden_2025	CRC14	fixed_background	state_enhanced	1554	1	PALS1	-0.03710860039646693	-0.03712564792793167
Ogden_2025	CRC14	fixed_background	state_enhanced	1554	1	PARD3	0.012322521890618318	0.01232314565002762
Ogden_2025	CRC14	fixed_background	state_enhanced	1554	1	PARD6A	0.0051095022272583165	0.00510954669256854
Ogden_2025	CRC14	fixed_background	state_enhanced	1554	1	PARD6B	0.061386828135898984	0.061464111818054785
Ogden_2025	CRC14	fixed_background	state_enhanced	1554	1	PARD6G	0.014593738061410344	0.014594774238267038
Ogden_2025	CRC14	fixed_background	state_enhanced	1554	1	PATJ	0.07948362914290649	0.07965164967933605
Ogden_2025	CRC14	fixed_background	state_enhanced	1554	1	PRKCI	-0.005884284325582991	-0.005884352241053875
Ogden_2025	CRC15	fixed_background	common	729	1	CLDN1	0.04247473943478988	0.04250031006162088
Ogden_2025	CRC15	fixed_background	common	729	1	CLDN10	0.017697733545636224	0.017699581593978168
Ogden_2025	CRC15	fixed_background	common	729	1	CLDN11	-0.056513919441662036	-0.05657420015307076
Ogden_2025	CRC15	fixed_background	common	729	1	CLDN12	0.13720765083461411	0.13807853025494815
Ogden_2025	CRC15	fixed_background	common	729	1	CLDN14	-0.08643451453293523	-0.08665073317618827
Ogden_2025	CRC15	fixed_background	common	729	1	CLDN15	-0.04190513702523477	-0.041929691941473474
Ogden_2025	CRC15	fixed_background	common	729	1	CLDN16	0.028674350694892707	0.02868221343365666
Ogden_2025	CRC15	fixed_background	common	729	1	CLDN17	NA	NA
Ogden_2025	CRC15	fixed_background	common	729	1	CLDN18	0.026134841785567107	0.02614079451856552
Ogden_2025	CRC15	fixed_background	common	729	1	CLDN19	0.04319726265999747	0.043224161530247995
Ogden_2025	CRC15	fixed_background	common	729	1	CLDN2	-0.13983162921581832	-0.14075384337183086
Ogden_2025	CRC15	fixed_background	common	729	1	CLDN20	0.01214131115333375	0.012141907795478557
Ogden_2025	CRC15	fixed_background	common	729	1	CLDN22	NA	NA
Ogden_2025	CRC15	fixed_background	common	729	1	CLDN23	-0.019588591009484162	-0.019591097051476127
Ogden_2025	CRC15	fixed_background	common	729	1	CLDN3	0.07421114969576939	0.07434783586824335
Ogden_2025	CRC15	fixed_background	common	729	1	CLDN4	0.08857325586705822	0.08880597791515142
Ogden_2025	CRC15	fixed_background	common	729	1	CLDN5	0.01472728770101131	0.014728352588146665
Ogden_2025	CRC15	fixed_background	common	729	1	CLDN6	0.024223221262815734	0.02422796070651039
Ogden_2025	CRC15	fixed_background	common	729	1	CLDN7	0.0018812363791673506	0.0018812385984354628
Ogden_2025	CRC15	fixed_background	common	729	1	CLDN8	NA	NA
Ogden_2025	CRC15	fixed_background	common	729	1	CLDN9	-0.010459317310165861	-0.01045969874229212
Ogden_2025	CRC15	fixed_background	common	729	1	CRB3	0.07249234007532143	0.07261972776468416
Ogden_2025	CRC15	fixed_background	common	729	1	F11R	0.009783169883147057	0.009783482018148527
Ogden_2025	CRC15	fixed_background	common	729	1	PALS1	0.03288915543375944	0.03290102183148539
Ogden_2025	CRC15	fixed_background	common	729	1	PARD3	0.0628846637917031	0.06296775309415084
Ogden_2025	CRC15	fixed_background	common	729	1	PARD6A	-0.0080364679472745	-0.008036640965249897
Ogden_2025	CRC15	fixed_background	common	729	1	PARD6B	0.07701651774353355	0.07716933760937654
Ogden_2025	CRC15	fixed_background	common	729	1	PARD6G	-0.016807212018706743	-0.016808794867385627
Ogden_2025	CRC15	fixed_background	common	729	1	PATJ	-0.1463312381131444	-0.14738932104921543
Ogden_2025	CRC15	fixed_background	common	729	1	PRKCI	-0.03380929336331607	-0.0338221843163118
Ogden_2025	CRC15	fixed_background	state_enhanced	729	1	CLDN1	0.0021665439969792647	0.002166547386845077
Ogden_2025	CRC15	fixed_background	state_enhanced	729	1	CLDN10	-0.010933096116889909	-0.010933531768569493
Ogden_2025	CRC15	fixed_background	state_enhanced	729	1	CLDN11	-0.0596949692292677	-0.05976602868541617
Ogden_2025	CRC15	fixed_background	state_enhanced	729	1	CLDN12	0.13358190463296457	0.1343850721699886
Ogden_2025	CRC15	fixed_background	state_enhanced	729	1	CLDN14	-0.11673135324203737	-0.11726593260214836
Ogden_2025	CRC15	fixed_background	state_enhanced	729	1	CLDN15	-0.04008640297630269	-0.04010789557917302
Ogden_2025	CRC15	fixed_background	state_enhanced	729	1	CLDN16	0.010727653237912497	0.010728064788205455
Ogden_2025	CRC15	fixed_background	state_enhanced	729	1	CLDN17	NA	NA
Ogden_2025	CRC15	fixed_background	state_enhanced	729	1	CLDN18	0.005458487797846053	0.005458542010858544
Ogden_2025	CRC15	fixed_background	state_enhanced	729	1	CLDN19	0.04692210631395241	0.04695658776030293
Ogden_2025	CRC15	fixed_background	state_enhanced	729	1	CLDN2	-0.04300006027978973	-0.04302659216536278
Ogden_2025	CRC15	fixed_background	state_enhanced	729	1	CLDN20	0.007794643263696914	0.007794801127771642
Ogden_2025	CRC15	fixed_background	state_enhanced	729	1	CLDN22	NA	NA
Ogden_2025	CRC15	fixed_background	state_enhanced	729	1	CLDN23	-0.028603244219036643	-0.028611048589737603
Ogden_2025	CRC15	fixed_background	state_enhanced	729	1	CLDN3	0.08698998279841713	0.08721040967194219
Ogden_2025	CRC15	fixed_background	state_enhanced	729	1	CLDN4	0.095008258111576	0.09529568260172201
Ogden_2025	CRC15	fixed_background	state_enhanced	729	1	CLDN5	0.02448584423969844	0.024490739550408605
Ogden_2025	CRC15	fixed_background	state_enhanced	729	1	CLDN6	0.02638609834443938	0.02639222446794684
Ogden_2025	CRC15	fixed_background	state_enhanced	729	1	CLDN7	-0.021271087320972187	-0.021274296291578305
Ogden_2025	CRC15	fixed_background	state_enhanced	729	1	CLDN8	NA	NA
Ogden_2025	CRC15	fixed_background	state_enhanced	729	1	CLDN9	0.0029256081821564194	0.0029256165291381207
Ogden_2025	CRC15	fixed_background	state_enhanced	729	1	CRB3	0.048141518940470154	0.048178761764624704
Ogden_2025	CRC15	fixed_background	state_enhanced	729	1	F11R	-0.012056346919955288	-0.012056931123022223
Ogden_2025	CRC15	fixed_background	state_enhanced	729	1	PALS1	-0.0178739887585126	-0.017875892580975026
Ogden_2025	CRC15	fixed_background	state_enhanced	729	1	PARD3	0.002431491752891636	0.002431496544691694
Ogden_2025	CRC15	fixed_background	state_enhanced	729	1	PARD6A	-0.008430185162887177	-0.008430384876931086
Ogden_2025	CRC15	fixed_background	state_enhanced	729	1	PARD6B	0.04401784584388105	0.04404630817011305
Ogden_2025	CRC15	fixed_background	state_enhanced	729	1	PARD6G	-0.007212968130333515	-0.007213093223717916
Ogden_2025	CRC15	fixed_background	state_enhanced	729	1	PATJ	-0.06418375108419629	-0.0642721057170035
Ogden_2025	CRC15	fixed_background	state_enhanced	729	1	PRKCI	-0.006075172531081229	-0.006075247272994541
Ogden_2025	CRC01	target_mean	common	342	1	CLDN1	0.11645815868794487	0.1169889729635429
Ogden_2025	CRC01	target_mean	common	342	1	CLDN10	0.08328360699704797	0.08347696846758869
Ogden_2025	CRC01	target_mean	common	342	1	CLDN11	-0.015687366211346695	-0.01568865325412774
Ogden_2025	CRC01	target_mean	common	342	1	CLDN12	0.07974165679735555	0.07991132319088168
Ogden_2025	CRC01	target_mean	common	342	1	CLDN14	-0.11054493279436056	-0.11099855655983332
Ogden_2025	CRC01	target_mean	common	342	1	CLDN15	0.04529343469825214	0.04532444596725575
Ogden_2025	CRC01	target_mean	common	342	1	CLDN16	0.015975276610170727	0.01597663583222903
Ogden_2025	CRC01	target_mean	common	342	1	CLDN17	NA	NA
Ogden_2025	CRC01	target_mean	common	342	1	CLDN18	0.056612720628911296	0.056673318460423484
Ogden_2025	CRC01	target_mean	common	342	1	CLDN19	NA	NA
Ogden_2025	CRC01	target_mean	common	342	1	CLDN2	-0.0899232167553268	-0.09016677812745719
Ogden_2025	CRC01	target_mean	common	342	1	CLDN20	-0.08717417306538125	-0.08739600738037737
Ogden_2025	CRC01	target_mean	common	342	1	CLDN22	NA	NA
Ogden_2025	CRC01	target_mean	common	342	1	CLDN23	0.08754601066411709	0.08777070459236905
Ogden_2025	CRC01	target_mean	common	342	1	CLDN3	0.11135437742142612	0.1118180895422654
Ogden_2025	CRC01	target_mean	common	342	1	CLDN4	0.16877844887768065	0.17040902721085877
Ogden_2025	CRC01	target_mean	common	342	1	CLDN5	0.09307555796327864	0.09334573673663805
Ogden_2025	CRC01	target_mean	common	342	1	CLDN6	0.07000000131681018	0.07011467197761945
Ogden_2025	CRC01	target_mean	common	342	1	CLDN7	0.25776685720853043	0.2637148447619247
Ogden_2025	CRC01	target_mean	common	342	1	CLDN8	NA	NA
Ogden_2025	CRC01	target_mean	common	342	1	CLDN9	0.08031676221473055	0.08049013573046104
Ogden_2025	CRC01	target_mean	common	342	1	CRB3	0.0311847252293288	0.03119484004610789
Ogden_2025	CRC01	target_mean	common	342	1	F11R	0.17408249242314683	0.1758736826330175
Ogden_2025	CRC01	target_mean	common	342	1	PALS1	-0.042639650096398245	-0.04266551993766233
Ogden_2025	CRC01	target_mean	common	342	1	PARD3	0.0463880493761488	0.046421365793999435
Ogden_2025	CRC01	target_mean	common	342	1	PARD6A	0.09471166299550189	0.09499639436447392
Ogden_2025	CRC01	target_mean	common	342	1	PARD6B	0.20639985156256574	0.2094080655991304
Ogden_2025	CRC01	target_mean	common	342	1	PARD6G	-0.025183852359547555	-0.025189178474644067
Ogden_2025	CRC01	target_mean	common	342	1	PATJ	0.03530194049469717	0.035316616213658066
Ogden_2025	CRC01	target_mean	common	342	1	PRKCI	0.02141081616657846	0.021414088803986056
Ogden_2025	CRC01	target_mean	state_enhanced	342	1	CLDN1	0.09764191887559964	0.09795401031380878
Ogden_2025	CRC01	target_mean	state_enhanced	342	1	CLDN10	0.09187862406417194	0.09213847819848384
Ogden_2025	CRC01	target_mean	state_enhanced	342	1	CLDN11	-0.006817136275931265	-0.006817241883922631
Ogden_2025	CRC01	target_mean	state_enhanced	342	1	CLDN12	0.06793391514416995	0.06803871086515872
Ogden_2025	CRC01	target_mean	state_enhanced	342	1	CLDN14	-0.138006038129037	-0.1388923273680722
Ogden_2025	CRC01	target_mean	state_enhanced	342	1	CLDN15	0.0251342081270328	0.025139502798568462
Ogden_2025	CRC01	target_mean	state_enhanced	342	1	CLDN16	0.042535055981188286	0.04256073577714339
Ogden_2025	CRC01	target_mean	state_enhanced	342	1	CLDN17	NA	NA
Ogden_2025	CRC01	target_mean	state_enhanced	342	1	CLDN18	0.0504234968931073	0.05046629660550946
Ogden_2025	CRC01	target_mean	state_enhanced	342	1	CLDN19	NA	NA
Ogden_2025	CRC01	target_mean	state_enhanced	342	1	CLDN2	-0.059925319924639536	-0.05999720636295657
Ogden_2025	CRC01	target_mean	state_enhanced	342	1	CLDN20	-0.0729270768527518	-0.07305677508797337
Ogden_2025	CRC01	target_mean	state_enhanced	342	1	CLDN22	NA	NA
Ogden_2025	CRC01	target_mean	state_enhanced	342	1	CLDN23	0.06912763914959712	0.06923806775625499
Ogden_2025	CRC01	target_mean	state_enhanced	342	1	CLDN3	0.10085675457638792	0.10120083150989129
Ogden_2025	CRC01	target_mean	state_enhanced	342	1	CLDN4	0.12706290474231854	0.12775341558483616
Ogden_2025	CRC01	target_mean	state_enhanced	342	1	CLDN5	0.05261393726880763	0.05266256716215942
Ogden_2025	CRC01	target_mean	state_enhanced	342	1	CLDN6	0.052788427816838054	0.052837543693017464
Ogden_2025	CRC01	target_mean	state_enhanced	342	1	CLDN7	0.24715676618449167	0.25238231756991425
Ogden_2025	CRC01	target_mean	state_enhanced	342	1	CLDN8	NA	NA
Ogden_2025	CRC01	target_mean	state_enhanced	342	1	CLDN9	0.04699072721703248	0.047025360300332796
Ogden_2025	CRC01	target_mean	state_enhanced	342	1	CRB3	0.022326106607074837	0.02232981723697994
Ogden_2025	CRC01	target_mean	state_enhanced	342	1	F11R	0.16052818909544872	0.16192880918705096
Ogden_2025	CRC01	target_mean	state_enhanced	342	1	PALS1	-0.034199094770511966	-0.03421243697184737
Ogden_2025	CRC01	target_mean	state_enhanced	342	1	PARD3	0.02036145510456519	0.020364269682179567
Ogden_2025	CRC01	target_mean	state_enhanced	342	1	PARD6A	0.12130730651942949	0.12190764711991046
Ogden_2025	CRC01	target_mean	state_enhanced	342	1	PARD6B	0.20454870752808052	0.207475321060323
Ogden_2025	CRC01	target_mean	state_enhanced	342	1	PARD6G	-0.015311314204048628	-0.015312510881881083
Ogden_2025	CRC01	target_mean	state_enhanced	342	1	PATJ	0.03419106340939589	0.03420439620863923
Ogden_2025	CRC01	target_mean	state_enhanced	342	1	PRKCI	0.011917346887706898	0.011917911115529787
Ogden_2025	CRC02	target_mean	common	706	1	CLDN1	-0.05873962017450925	-0.058807317656260454
Ogden_2025	CRC02	target_mean	common	706	1	CLDN10	-0.0563248146102785	-0.05638449145081224
Ogden_2025	CRC02	target_mean	common	706	1	CLDN11	-0.014186328633961133	-0.014187280424185846
Ogden_2025	CRC02	target_mean	common	706	1	CLDN12	-0.027767088180480157	-0.027774227728771066
Ogden_2025	CRC02	target_mean	common	706	1	CLDN14	-0.057740925162527455	-0.057805223527356904
Ogden_2025	CRC02	target_mean	common	706	1	CLDN15	0.050650100365894624	0.05069348029916617
Ogden_2025	CRC02	target_mean	common	706	1	CLDN16	-0.04802430223307993	-0.04806127342802497
Ogden_2025	CRC02	target_mean	common	706	1	CLDN17	NA	NA
Ogden_2025	CRC02	target_mean	common	706	1	CLDN18	NA	NA
Ogden_2025	CRC02	target_mean	common	706	1	CLDN19	NA	NA
Ogden_2025	CRC02	target_mean	common	706	1	CLDN2	-0.027269219650861917	-0.02727598189277093
Ogden_2025	CRC02	target_mean	common	706	1	CLDN20	-0.04966150032299688	-0.049702386976102055
Ogden_2025	CRC02	target_mean	common	706	1	CLDN22	NA	NA
Ogden_2025	CRC02	target_mean	common	706	1	CLDN23	0.05479525923867206	0.05485019954352246
Ogden_2025	CRC02	target_mean	common	706	1	CLDN3	-0.028851917250330157	-0.028859927015185388
Ogden_2025	CRC02	target_mean	common	706	1	CLDN4	0.25045613429583113	0.2558994143585708
Ogden_2025	CRC02	target_mean	common	706	1	CLDN5	0.028152479838981788	0.028159920907519523
Ogden_2025	CRC02	target_mean	common	706	1	CLDN6	0.018635796046132753	0.018637953855634395
Ogden_2025	CRC02	target_mean	common	706	1	CLDN7	0.05783698644282764	0.05790160668540041
Ogden_2025	CRC02	target_mean	common	706	1	CLDN8	NA	NA
Ogden_2025	CRC02	target_mean	common	706	1	CLDN9	0.07212802052521146	0.07225349325729878
Ogden_2025	CRC02	target_mean	common	706	1	CRB3	0.014336235413421624	0.01433721769879474
Ogden_2025	CRC02	target_mean	common	706	1	F11R	0.07883904339003057	0.07900299912359654
Ogden_2025	CRC02	target_mean	common	706	1	PALS1	-0.0006563869380785513	-0.0006563870323453259
Ogden_2025	CRC02	target_mean	common	706	1	PARD3	0.004492752133180205	0.004492782362013266
Ogden_2025	CRC02	target_mean	common	706	1	PARD6A	0.060022554264376374	0.06009479170486566
Ogden_2025	CRC02	target_mean	common	706	1	PARD6B	0.12736145635387106	0.1280568781143586
Ogden_2025	CRC02	target_mean	common	706	1	PARD6G	0.008945821746463849	0.008946060395849097
Ogden_2025	CRC02	target_mean	common	706	1	PATJ	0.03692953936082288	0.036946341167753506
Ogden_2025	CRC02	target_mean	common	706	1	PRKCI	0.02113250478909765	0.021135651436379126
Ogden_2025	CRC02	target_mean	state_enhanced	706	1	CLDN1	-0.0708714257924763	-0.0709904413679283
Ogden_2025	CRC02	target_mean	state_enhanced	706	1	CLDN10	-0.04495393586608746	-0.044984254451872444
Ogden_2025	CRC02	target_mean	state_enhanced	706	1	CLDN11	-0.028513848178336066	-0.028521579578896505
Ogden_2025	CRC02	target_mean	state_enhanced	706	1	CLDN12	-0.031645606842230084	-0.03165617696645342
Ogden_2025	CRC02	target_mean	state_enhanced	706	1	CLDN14	-0.06563446887881927	-0.06572896178660821
Ogden_2025	CRC02	target_mean	state_enhanced	706	1	CLDN15	0.04499625908255712	0.04502666345155093
Ogden_2025	CRC02	target_mean	state_enhanced	706	1	CLDN16	-0.05006312986660134	-0.05010501756566388
Ogden_2025	CRC02	target_mean	state_enhanced	706	1	CLDN17	NA	NA
Ogden_2025	CRC02	target_mean	state_enhanced	706	1	CLDN18	NA	NA
Ogden_2025	CRC02	target_mean	state_enhanced	706	1	CLDN19	NA	NA
Ogden_2025	CRC02	target_mean	state_enhanced	706	1	CLDN2	-0.03127862339634713	-0.03128882989253473
Ogden_2025	CRC02	target_mean	state_enhanced	706	1	CLDN20	-0.06346309069245426	-0.0635484977276243
Ogden_2025	CRC02	target_mean	state_enhanced	706	1	CLDN22	NA	NA
Ogden_2025	CRC02	target_mean	state_enhanced	706	1	CLDN23	0.049587304839756256	0.04962800832936004
Ogden_2025	CRC02	target_mean	state_enhanced	706	1	CLDN3	-0.01979387890385878	-0.019796464576749585
Ogden_2025	CRC02	target_mean	state_enhanced	706	1	CLDN4	0.23318565699374333	0.23755567460495658
Ogden_2025	CRC02	target_mean	state_enhanced	706	1	CLDN5	0.017257182619216466	0.017258896047936154
Ogden_2025	CRC02	target_mean	state_enhanced	706	1	CLDN6	0.008719033225382988	0.008719254180240294
Ogden_2025	CRC02	target_mean	state_enhanced	706	1	CLDN7	0.05265848742959776	0.05270724109525383
Ogden_2025	CRC02	target_mean	state_enhanced	706	1	CLDN8	NA	NA
Ogden_2025	CRC02	target_mean	state_enhanced	706	1	CLDN9	0.05782821877386243	0.05789280959359458
Ogden_2025	CRC02	target_mean	state_enhanced	706	1	CRB3	0.017147215421598933	0.017148896299560477
Ogden_2025	CRC02	target_mean	state_enhanced	706	1	F11R	0.060733723107071445	0.060808562644055104
Ogden_2025	CRC02	target_mean	state_enhanced	706	1	PALS1	0.00648958935342302	0.006489680458246099
Ogden_2025	CRC02	target_mean	state_enhanced	706	1	PARD3	0.00429633651635553	0.004296362951301516
Ogden_2025	CRC02	target_mean	state_enhanced	706	1	PARD6A	0.05207434418870439	0.05212149157086417
Ogden_2025	CRC02	target_mean	state_enhanced	706	1	PARD6B	0.1167845592535206	0.1173198739649772
Ogden_2025	CRC02	target_mean	state_enhanced	706	1	PARD6G	0.007575638031748076	0.007575782959430444
Ogden_2025	CRC02	target_mean	state_enhanced	706	1	PATJ	0.04899705985369201	0.04903632570328962
Ogden_2025	CRC02	target_mean	state_enhanced	706	1	PRKCI	0.01619467382382487	0.016196089825312055
Ogden_2025	CRC03	target_mean	common	452	1	CLDN1	0.20592668076819168	0.20891389073520236
Ogden_2025	CRC03	target_mean	common	452	1	CLDN10	0.08567135027879567	0.08588187540945313
Ogden_2025	CRC03	target_mean	common	452	1	CLDN11	-0.016213012741249165	-0.01621443355915085
Ogden_2025	CRC03	target_mean	common	452	1	CLDN12	0.1372457060056201	0.13811731580286699
Ogden_2025	CRC03	target_mean	common	452	1	CLDN14	0.03854211381062436	0.03856121553866114
Ogden_2025	CRC03	target_mean	common	452	1	CLDN15	0.06916514518654923	0.06927575397946956
Ogden_2025	CRC03	target_mean	common	452	1	CLDN16	0.12118582069603884	0.12178434871997249
Ogden_2025	CRC03	target_mean	common	452	1	CLDN17	NA	NA
Ogden_2025	CRC03	target_mean	common	452	1	CLDN18	-0.03693480891194104	-0.036951617916280086
Ogden_2025	CRC03	target_mean	common	452	1	CLDN19	NA	NA
Ogden_2025	CRC03	target_mean	common	452	1	CLDN2	-0.11001089268097877	-0.11045794190022028
Ogden_2025	CRC03	target_mean	common	452	1	CLDN20	0.0012515799902466402	0.0012515806437607775
Ogden_2025	CRC03	target_mean	common	452	1	CLDN22	-0.017449853709274998	-0.017451625177926963
Ogden_2025	CRC03	target_mean	common	452	1	CLDN23	0.05552548008055146	0.05558264901773669
Ogden_2025	CRC03	target_mean	common	452	1	CLDN3	-0.040903287163662434	-0.0409261215658786
Ogden_2025	CRC03	target_mean	common	452	1	CLDN4	0.17296704402876745	0.17472360427313507
Ogden_2025	CRC03	target_mean	common	452	1	CLDN5	NA	NA
Ogden_2025	CRC03	target_mean	common	452	1	CLDN6	NA	NA
Ogden_2025	CRC03	target_mean	common	452	1	CLDN7	0.12778398493312745	0.12848639703454326
Ogden_2025	CRC03	target_mean	common	452	1	CLDN8	NA	NA
Ogden_2025	CRC03	target_mean	common	452	1	CLDN9	-0.017449853709274998	-0.017451625177926963
Ogden_2025	CRC03	target_mean	common	452	1	CRB3	0.05817865593304384	0.058244429746825185
Ogden_2025	CRC03	target_mean	common	452	1	F11R	0.14575249834782372	0.1467979687701419
Ogden_2025	CRC03	target_mean	common	452	1	PALS1	0.0644476728781949	0.06453712376257571
Ogden_2025	CRC03	target_mean	common	452	1	PARD3	0.09501584927919386	0.09530334292126862
Ogden_2025	CRC03	target_mean	common	452	1	PARD6A	0.027048887396633785	0.02705548699748493
Ogden_2025	CRC03	target_mean	common	452	1	PARD6B	0.25465149898833644	0.26038061367968585
Ogden_2025	CRC03	target_mean	common	452	1	PARD6G	-0.05518701219236248	-0.05524314076638358
Ogden_2025	CRC03	target_mean	common	452	1	PATJ	0.0020237515774520123	0.0020237543402645193
Ogden_2025	CRC03	target_mean	common	452	1	PRKCI	0.02153727046617106	0.021540601443094734
Ogden_2025	CRC03	target_mean	state_enhanced	452	1	CLDN1	0.16535542810864248	0.1668877180748509
Ogden_2025	CRC03	target_mean	state_enhanced	452	1	CLDN10	0.07663180020472997	0.07678233600100119
Ogden_2025	CRC03	target_mean	state_enhanced	452	1	CLDN11	-0.07659947238063919	-0.07674981729353446
Ogden_2025	CRC03	target_mean	state_enhanced	452	1	CLDN12	0.1635140826082342	0.16499520060003398
Ogden_2025	CRC03	target_mean	state_enhanced	452	1	CLDN14	0.006210009125327084	0.006210088955213148
Ogden_2025	CRC03	target_mean	state_enhanced	452	1	CLDN15	0.025587294413530692	0.02559288069086086
Ogden_2025	CRC03	target_mean	state_enhanced	452	1	CLDN16	0.10008660509100126	0.10042282838647881
Ogden_2025	CRC03	target_mean	state_enhanced	452	1	CLDN17	NA	NA
Ogden_2025	CRC03	target_mean	state_enhanced	452	1	CLDN18	0.01750738565507994	0.017509174705251897
Ogden_2025	CRC03	target_mean	state_enhanced	452	1	CLDN19	NA	NA
Ogden_2025	CRC03	target_mean	state_enhanced	452	1	CLDN2	-0.09030795654530965	-0.09055466790504066
Ogden_2025	CRC03	target_mean	state_enhanced	452	1	CLDN20	0.0014421643299981077	0.001442165329822059
Ogden_2025	CRC03	target_mean	state_enhanced	452	1	CLDN22	-0.029292291492876796	-0.02930067377842486
Ogden_2025	CRC03	target_mean	state_enhanced	452	1	CLDN23	0.09714701607326447	0.09745436805313921
Ogden_2025	CRC03	target_mean	state_enhanced	452	1	CLDN3	-0.030489744516273884	-0.03049919779434421
Ogden_2025	CRC03	target_mean	state_enhanced	452	1	CLDN4	0.14278248155047726	0.14376482030503554
Ogden_2025	CRC03	target_mean	state_enhanced	452	1	CLDN5	NA	NA
Ogden_2025	CRC03	target_mean	state_enhanced	452	1	CLDN6	NA	NA
Ogden_2025	CRC03	target_mean	state_enhanced	452	1	CLDN7	0.08417553451308478	0.08437519317583834
Ogden_2025	CRC03	target_mean	state_enhanced	452	1	CLDN8	NA	NA
Ogden_2025	CRC03	target_mean	state_enhanced	452	1	CLDN9	-0.029292291492876796	-0.02930067377842486
Ogden_2025	CRC03	target_mean	state_enhanced	452	1	CRB3	0.012276342430925173	0.012276959203423912
Ogden_2025	CRC03	target_mean	state_enhanced	452	1	F11R	0.13441349628623112	0.1352318684273649
Ogden_2025	CRC03	target_mean	state_enhanced	452	1	PALS1	0.0842682323796499	0.08446855327606598
Ogden_2025	CRC03	target_mean	state_enhanced	452	1	PARD3	0.11588353369234568	0.11640648691415527
Ogden_2025	CRC03	target_mean	state_enhanced	452	1	PARD6A	-0.0003359893272859392	-0.0003359893399290872
Ogden_2025	CRC03	target_mean	state_enhanced	452	1	PARD6B	0.1558739723564332	0.15715510876756125
Ogden_2025	CRC03	target_mean	state_enhanced	452	1	PARD6G	-0.05788847339457726	-0.057953266599488185
Ogden_2025	CRC03	target_mean	state_enhanced	452	1	PATJ	0.043720788613913604	0.043748678143896665
Ogden_2025	CRC03	target_mean	state_enhanced	452	1	PRKCI	0.011609181209751747	0.011609702786997468
Ogden_2025	CRC04	target_mean	common	2678	1	CLDN1	0.04678626243336165	0.04682044500331979
Ogden_2025	CRC04	target_mean	common	2678	1	CLDN10	0.002462910170765573	0.0024629151507277298
Ogden_2025	CRC04	target_mean	common	2678	1	CLDN11	0.001480228688338793	0.001480229769438544
Ogden_2025	CRC04	target_mean	common	2678	1	CLDN12	-0.009448650141975512	-0.009448931339384863
Ogden_2025	CRC04	target_mean	common	2678	1	CLDN14	0.017026446179084942	0.017028091786839703
Ogden_2025	CRC04	target_mean	common	2678	1	CLDN15	0.05069291967887226	0.05073640983811741
Ogden_2025	CRC04	target_mean	common	2678	1	CLDN16	0.019299023899537516	0.019301420423879015
Ogden_2025	CRC04	target_mean	common	2678	1	CLDN17	NA	NA
Ogden_2025	CRC04	target_mean	common	2678	1	CLDN18	NA	NA
Ogden_2025	CRC04	target_mean	common	2678	1	CLDN19	-0.0006224772929206558	-0.0006224773733194225
Ogden_2025	CRC04	target_mean	common	2678	1	CLDN2	-0.01345175449784709	-0.013452565949590866
Ogden_2025	CRC04	target_mean	common	2678	1	CLDN20	0.013795212621372944	0.01379608783391889
Ogden_2025	CRC04	target_mean	common	2678	1	CLDN22	NA	NA
Ogden_2025	CRC04	target_mean	common	2678	1	CLDN23	0.06738112366650319	0.06748337731157318
Ogden_2025	CRC04	target_mean	common	2678	1	CLDN3	0.19479623742165017	0.19731778530234056
Ogden_2025	CRC04	target_mean	common	2678	1	CLDN4	0.18020455458324425	0.18219410072394804
Ogden_2025	CRC04	target_mean	common	2678	1	CLDN5	0.044059485740195255	0.04408802897994234
Ogden_2025	CRC04	target_mean	common	2678	1	CLDN6	0.02670919003248886	0.026715544027138986
Ogden_2025	CRC04	target_mean	common	2678	1	CLDN7	0.12984551825051244	0.13058271586644107
Ogden_2025	CRC04	target_mean	common	2678	1	CLDN8	0.008967857449639419	0.008968097866981143
Ogden_2025	CRC04	target_mean	common	2678	1	CLDN9	-0.00572672713690845	-0.005726789741583122
Ogden_2025	CRC04	target_mean	common	2678	1	CRB3	0.01959345977558856	0.019595967686970747
Ogden_2025	CRC04	target_mean	common	2678	1	F11R	0.05893155554916814	0.05899991974800412
Ogden_2025	CRC04	target_mean	common	2678	1	PALS1	0.0007550143978395172	0.0007550145413040652
Ogden_2025	CRC04	target_mean	common	2678	1	PARD3	-0.05269834083037655	-0.05274720539758901
Ogden_2025	CRC04	target_mean	common	2678	1	PARD6A	0.0028274883368952595	0.002827495871895926
Ogden_2025	CRC04	target_mean	common	2678	1	PARD6B	0.08826087122969001	0.08849113194246776
Ogden_2025	CRC04	target_mean	common	2678	1	PARD6G	-0.0019426786374084723	-0.001942681081303919
Ogden_2025	CRC04	target_mean	common	2678	1	PATJ	0.05264293553838155	0.052691645972838694
Ogden_2025	CRC04	target_mean	common	2678	1	PRKCI	-0.006777040050568431	-0.006777143806006884
Ogden_2025	CRC04	target_mean	state_enhanced	2678	1	CLDN1	0.04868468937096581	0.048723208298017545
Ogden_2025	CRC04	target_mean	state_enhanced	2678	1	CLDN10	0.00891100173105258	0.008911237604482
Ogden_2025	CRC04	target_mean	state_enhanced	2678	1	CLDN11	-0.00660795551838971	-0.006608051699869851
Ogden_2025	CRC04	target_mean	state_enhanced	2678	1	CLDN12	-0.014320177635469791	-0.014321156623543932
Ogden_2025	CRC04	target_mean	state_enhanced	2678	1	CLDN14	0.01980455832486389	0.019807148185826323
Ogden_2025	CRC04	target_mean	state_enhanced	2678	1	CLDN15	0.05773393093357948	0.05779820590438659
Ogden_2025	CRC04	target_mean	state_enhanced	2678	1	CLDN16	0.01403837281920389	0.014039295136638968
Ogden_2025	CRC04	target_mean	state_enhanced	2678	1	CLDN17	NA	NA
Ogden_2025	CRC04	target_mean	state_enhanced	2678	1	CLDN18	NA	NA
Ogden_2025	CRC04	target_mean	state_enhanced	2678	1	CLDN19	0.007414510736088567	0.007414646611404188
Ogden_2025	CRC04	target_mean	state_enhanced	2678	1	CLDN2	-0.007296617643816917	-0.007296747140124695
Ogden_2025	CRC04	target_mean	state_enhanced	2678	1	CLDN20	0.018901508004527813	0.01890375944888487
Ogden_2025	CRC04	target_mean	state_enhanced	2678	1	CLDN22	NA	NA
Ogden_2025	CRC04	target_mean	state_enhanced	2678	1	CLDN23	0.06013008647082464	0.060202713418612525
Ogden_2025	CRC04	target_mean	state_enhanced	2678	1	CLDN3	0.1733488179894002	0.17511717905515822
Ogden_2025	CRC04	target_mean	state_enhanced	2678	1	CLDN4	0.14678859581135079	0.14785671836139888
Ogden_2025	CRC04	target_mean	state_enhanced	2678	1	CLDN5	0.04225851875185831	0.04228370057870708
Ogden_2025	CRC04	target_mean	state_enhanced	2678	1	CLDN6	0.0366156027863854	0.03663197950396768
Ogden_2025	CRC04	target_mean	state_enhanced	2678	1	CLDN7	0.11572509041590465	0.11624588992922028
Ogden_2025	CRC04	target_mean	state_enhanced	2678	1	CLDN8	0.01576803108186016	0.015769338082924973
Ogden_2025	CRC04	target_mean	state_enhanced	2678	1	CLDN9	-0.0142119969134436	-0.014212953879854898
Ogden_2025	CRC04	target_mean	state_enhanced	2678	1	CRB3	-0.0013863149089969268	-0.0013863157971031792
Ogden_2025	CRC04	target_mean	state_enhanced	2678	1	F11R	0.05506971997313479	0.055125490993270625
Ogden_2025	CRC04	target_mean	state_enhanced	2678	1	PALS1	0.0015345841391565408	0.0015345853437804383
Ogden_2025	CRC04	target_mean	state_enhanced	2678	1	PARD3	-0.029678070142523782	-0.029686788111368153
Ogden_2025	CRC04	target_mean	state_enhanced	2678	1	PARD6A	-0.0036183242917899494	-0.003618340082607672
Ogden_2025	CRC04	target_mean	state_enhanced	2678	1	PARD6B	0.05782513636177276	0.05788971683956851
Ogden_2025	CRC04	target_mean	state_enhanced	2678	1	PARD6G	-0.0037948313272849793	-0.0037948495435748807
Ogden_2025	CRC04	target_mean	state_enhanced	2678	1	PATJ	0.06244965989431373	0.06253103411872159
Ogden_2025	CRC04	target_mean	state_enhanced	2678	1	PRKCI	-0.005026742346720003	-0.005026784686169384
Ogden_2025	CRC05	target_mean	common	654	1	CLDN1	0.09911573748656333	0.09944223280810192
Ogden_2025	CRC05	target_mean	common	654	1	CLDN10	0.03826948492572668	0.038288183928956804
Ogden_2025	CRC05	target_mean	common	654	1	CLDN11	NA	NA
Ogden_2025	CRC05	target_mean	common	654	1	CLDN12	0.04057218611944392	0.04059447012208316
Ogden_2025	CRC05	target_mean	common	654	1	CLDN14	-0.003400553074534935	-0.0034005661823537955
Ogden_2025	CRC05	target_mean	common	654	1	CLDN15	-0.06531400624373494	-0.06540711945060557
Ogden_2025	CRC05	target_mean	common	654	1	CLDN16	0.05399469596871831	0.05404726048317342
Ogden_2025	CRC05	target_mean	common	654	1	CLDN17	NA	NA
Ogden_2025	CRC05	target_mean	common	654	1	CLDN18	NA	NA
Ogden_2025	CRC05	target_mean	common	654	1	CLDN19	0.010511343737495748	0.010511730890160276
Ogden_2025	CRC05	target_mean	common	654	1	CLDN2	0.02827462565598435	0.028282164030757916
Ogden_2025	CRC05	target_mean	common	654	1	CLDN20	-0.026007457009574988	-0.02601332309946119
Ogden_2025	CRC05	target_mean	common	654	1	CLDN22	NA	NA
Ogden_2025	CRC05	target_mean	common	654	1	CLDN23	-0.0380528914482156	-0.038071274570638525
Ogden_2025	CRC05	target_mean	common	654	1	CLDN3	0.09426822033402997	0.09454895681679039
Ogden_2025	CRC05	target_mean	common	654	1	CLDN4	0.17789361562257835	0.17980662137451303
Ogden_2025	CRC05	target_mean	common	654	1	CLDN5	NA	NA
Ogden_2025	CRC05	target_mean	common	654	1	CLDN6	-0.03731063658949324	-0.03732796423985456
Ogden_2025	CRC05	target_mean	common	654	1	CLDN7	0.06340918718182241	0.06349437642507921
Ogden_2025	CRC05	target_mean	common	654	1	CLDN8	NA	NA
Ogden_2025	CRC05	target_mean	common	654	1	CLDN9	0.012100903632094453	0.012101494336638093
Ogden_2025	CRC05	target_mean	common	654	1	CRB3	0.014494614301699512	0.014495629506086297
Ogden_2025	CRC05	target_mean	common	654	1	F11R	0.14815779395629522	0.149256356556278
Ogden_2025	CRC05	target_mean	common	654	1	PALS1	0.07235284311839836	0.07247949528371049
Ogden_2025	CRC05	target_mean	common	654	1	PARD3	0.01019672432436249	0.010197077741718451
Ogden_2025	CRC05	target_mean	common	654	1	PARD6A	-0.05943877363465832	-0.059508920816109014
Ogden_2025	CRC05	target_mean	common	654	1	PARD6B	0.14882725288104212	0.1499409099310123
Ogden_2025	CRC05	target_mean	common	654	1	PARD6G	0.06229449344555708	0.06237526167184405
Ogden_2025	CRC05	target_mean	common	654	1	PATJ	0.14818860603715653	0.14928786031144964
Ogden_2025	CRC05	target_mean	common	654	1	PRKCI	0.08547855383722092	0.0856876566895076
Ogden_2025	CRC05	target_mean	state_enhanced	654	1	CLDN1	0.06170788135524903	0.061786385838981606
Ogden_2025	CRC05	target_mean	state_enhanced	654	1	CLDN10	-0.010772527754422058	-0.010772944491220552
Ogden_2025	CRC05	target_mean	state_enhanced	654	1	CLDN11	NA	NA
Ogden_2025	CRC05	target_mean	state_enhanced	654	1	CLDN12	0.0639325282308536	0.0640198477354946
Ogden_2025	CRC05	target_mean	state_enhanced	654	1	CLDN14	0.019030411566143844	0.019032709394959275
Ogden_2025	CRC05	target_mean	state_enhanced	654	1	CLDN15	-0.014833474533367376	-0.0148345626232114
Ogden_2025	CRC05	target_mean	state_enhanced	654	1	CLDN16	-0.0026580884238757963	-0.002658094684085171
Ogden_2025	CRC05	target_mean	state_enhanced	654	1	CLDN17	NA	NA
Ogden_2025	CRC05	target_mean	state_enhanced	654	1	CLDN18	NA	NA
Ogden_2025	CRC05	target_mean	state_enhanced	654	1	CLDN19	0.025274182131409598	0.025279565778385846
Ogden_2025	CRC05	target_mean	state_enhanced	654	1	CLDN2	0.04083217293676664	0.040854888367304484
Ogden_2025	CRC05	target_mean	state_enhanced	654	1	CLDN20	-0.013621126410041443	-0.013621968902777908
Ogden_2025	CRC05	target_mean	state_enhanced	654	1	CLDN22	NA	NA
Ogden_2025	CRC05	target_mean	state_enhanced	654	1	CLDN23	-0.02374361752453185	-0.02374808093004516
Ogden_2025	CRC05	target_mean	state_enhanced	654	1	CLDN3	0.1280820651685664	0.1287894370861405
Ogden_2025	CRC05	target_mean	state_enhanced	654	1	CLDN4	0.2115857202184481	0.21483080286263714
Ogden_2025	CRC05	target_mean	state_enhanced	654	1	CLDN5	NA	NA
Ogden_2025	CRC05	target_mean	state_enhanced	654	1	CLDN6	-0.04468716800192197	-0.044716949602241256
Ogden_2025	CRC05	target_mean	state_enhanced	654	1	CLDN7	0.048898389094394326	0.04893741797288438
Ogden_2025	CRC05	target_mean	state_enhanced	654	1	CLDN8	NA	NA
Ogden_2025	CRC05	target_mean	state_enhanced	654	1	CLDN9	0.01866609880695254	0.01866826716117749
Ogden_2025	CRC05	target_mean	state_enhanced	654	1	CRB3	0.03779530381017709	0.0378133159254508
Ogden_2025	CRC05	target_mean	state_enhanced	654	1	F11R	0.16574715702447812	0.16729048574271677
Ogden_2025	CRC05	target_mean	state_enhanced	654	1	PALS1	0.06610534516355898	0.06620189004247182
Ogden_2025	CRC05	target_mean	state_enhanced	654	1	PARD3	0.03590462187939013	0.03592006254143122
Ogden_2025	CRC05	target_mean	state_enhanced	654	1	PARD6A	-0.062452801993611994	-0.06253418852068036
Ogden_2025	CRC05	target_mean	state_enhanced	654	1	PARD6B	0.13686536964106963	0.1377296983414412
Ogden_2025	CRC05	target_mean	state_enhanced	654	1	PARD6G	0.07301526975250323	0.07314544011059848
Ogden_2025	CRC05	target_mean	state_enhanced	654	1	PATJ	0.1153041129919106	0.11581921916466852
Ogden_2025	CRC05	target_mean	state_enhanced	654	1	PRKCI	0.09845188672691482	0.0987718401695733
Ogden_2025	CRC06	target_mean	common	997	1	CLDN1	0.11108535800300604	0.11154570071068756
Ogden_2025	CRC06	target_mean	common	997	1	CLDN10	0.027675231997728127	0.027682300903616407
Ogden_2025	CRC06	target_mean	common	997	1	CLDN11	0.03709718461903175	0.03711421641359214
Ogden_2025	CRC06	target_mean	common	997	1	CLDN12	0.08497981782049763	0.08518527132770569
Ogden_2025	CRC06	target_mean	common	997	1	CLDN14	-0.006649273231936872	-0.006649371228942199
Ogden_2025	CRC06	target_mean	common	997	1	CLDN15	0.030903412343166105	0.030913255785697202
Ogden_2025	CRC06	target_mean	common	997	1	CLDN16	0.009835482458445864	0.009835799627610324
Ogden_2025	CRC06	target_mean	common	997	1	CLDN17	NA	NA
Ogden_2025	CRC06	target_mean	common	997	1	CLDN18	0.04631074792536743	0.04634389792152411
Ogden_2025	CRC06	target_mean	common	997	1	CLDN19	0.0505433304172734	0.05058643631488715
Ogden_2025	CRC06	target_mean	common	997	1	CLDN2	-0.046440470879709414	-0.0464739004721648
Ogden_2025	CRC06	target_mean	common	997	1	CLDN20	-0.05488434508352876	-0.054939554113721964
Ogden_2025	CRC06	target_mean	common	997	1	CLDN22	NA	NA
Ogden_2025	CRC06	target_mean	common	997	1	CLDN23	0.015395420565868585	0.015396637074472305
Ogden_2025	CRC06	target_mean	common	997	1	CLDN3	0.13126997309327837	0.13203187231379623
Ogden_2025	CRC06	target_mean	common	997	1	CLDN4	0.25146999919063834	0.2569814272025916
Ogden_2025	CRC06	target_mean	common	997	1	CLDN5	0.04486930680842153	0.04489945434778915
Ogden_2025	CRC06	target_mean	common	997	1	CLDN6	0.04718295474020102	0.047218014972373365
Ogden_2025	CRC06	target_mean	common	997	1	CLDN7	0.13304114936781225	0.13383453272365217
Ogden_2025	CRC06	target_mean	common	997	1	CLDN8	NA	NA
Ogden_2025	CRC06	target_mean	common	997	1	CLDN9	0.026008559335890895	0.026014426171913494
Ogden_2025	CRC06	target_mean	common	997	1	CRB3	0.11896427617572237	0.1195303043680213
Ogden_2025	CRC06	target_mean	common	997	1	F11R	0.1203255056230035	0.12091130289665769
Ogden_2025	CRC06	target_mean	common	997	1	PALS1	0.07098591937510455	0.07110551386622314
Ogden_2025	CRC06	target_mean	common	997	1	PARD3	-0.05994749662450354	-0.06001946301702547
Ogden_2025	CRC06	target_mean	common	997	1	PARD6A	0.05362013779239346	0.05367161471847149
Ogden_2025	CRC06	target_mean	common	997	1	PARD6B	0.19855203470522248	0.20122471058414967
Ogden_2025	CRC06	target_mean	common	997	1	PARD6G	-0.014053162638689477	-0.014054087874489269
Ogden_2025	CRC06	target_mean	common	997	1	PATJ	0.05030554366803971	0.05034804342106096
Ogden_2025	CRC06	target_mean	common	997	1	PRKCI	0.06547356670606341	0.06556736517967222
Ogden_2025	CRC06	target_mean	state_enhanced	997	1	CLDN1	0.0833784550963828	0.0835724798035147
Ogden_2025	CRC06	target_mean	state_enhanced	997	1	CLDN10	0.002657676931712769	0.0026576831890152025
Ogden_2025	CRC06	target_mean	state_enhanced	997	1	CLDN11	0.05056343530791074	0.05060659271812663
Ogden_2025	CRC06	target_mean	state_enhanced	997	1	CLDN12	0.07580461123991758	0.07595031359066838
Ogden_2025	CRC06	target_mean	state_enhanced	997	1	CLDN14	-0.004315381420063554	-0.004315408208117204
Ogden_2025	CRC06	target_mean	state_enhanced	997	1	CLDN15	0.045565218169980916	0.04559679151386859
Ogden_2025	CRC06	target_mean	state_enhanced	997	1	CLDN16	0.014091386596575677	0.014092319403328222
Ogden_2025	CRC06	target_mean	state_enhanced	997	1	CLDN17	NA	NA
Ogden_2025	CRC06	target_mean	state_enhanced	997	1	CLDN18	0.03293722236106714	0.03294914088511473
Ogden_2025	CRC06	target_mean	state_enhanced	997	1	CLDN19	0.061496404058599165	0.06157410296538798
Ogden_2025	CRC06	target_mean	state_enhanced	997	1	CLDN2	-0.010140647482653586	-0.010140995100927919
Ogden_2025	CRC06	target_mean	state_enhanced	997	1	CLDN20	-0.043414273214998966	-0.043441579830113805
Ogden_2025	CRC06	target_mean	state_enhanced	997	1	CLDN22	NA	NA
Ogden_2025	CRC06	target_mean	state_enhanced	997	1	CLDN23	-0.01451742121671231	-0.01451844122124501
Ogden_2025	CRC06	target_mean	state_enhanced	997	1	CLDN3	0.12573868027497148	0.12640769003517546
Ogden_2025	CRC06	target_mean	state_enhanced	997	1	CLDN4	0.2304515170873865	0.2346662555204304
Ogden_2025	CRC06	target_mean	state_enhanced	997	1	CLDN5	0.05365152395967428	0.05370309143805591
Ogden_2025	CRC06	target_mean	state_enhanced	997	1	CLDN6	0.05149453701569861	0.051540125373355214
Ogden_2025	CRC06	target_mean	state_enhanced	997	1	CLDN7	0.1332776761626486	0.13407532918510193
Ogden_2025	CRC06	target_mean	state_enhanced	997	1	CLDN8	NA	NA
Ogden_2025	CRC06	target_mean	state_enhanced	997	1	CLDN9	0.0534001134843135	0.05345095859741762
Ogden_2025	CRC06	target_mean	state_enhanced	997	1	CRB3	0.11037698364850221	0.11082853284827657
Ogden_2025	CRC06	target_mean	state_enhanced	997	1	F11R	0.10496691776613036	0.10535499692448619
Ogden_2025	CRC06	target_mean	state_enhanced	997	1	PALS1	0.07244760382036651	0.07257475531907687
Ogden_2025	CRC06	target_mean	state_enhanced	997	1	PARD3	-0.05374349530868782	-0.053795328746268835
Ogden_2025	CRC06	target_mean	state_enhanced	997	1	PARD6A	0.04621611595286598	0.04624906297322448
Ogden_2025	CRC06	target_mean	state_enhanced	997	1	PARD6B	0.1352828208733796	0.13611729366992464
Ogden_2025	CRC06	target_mean	state_enhanced	997	1	PARD6G	-0.007697484845605234	-0.007697636879602064
Ogden_2025	CRC06	target_mean	state_enhanced	997	1	PATJ	0.03181071950746448	0.0318214560145718
Ogden_2025	CRC06	target_mean	state_enhanced	997	1	PRKCI	0.04237315141838368	0.04239853887825182
Ogden_2025	CRC07	target_mean	common	436	1	CLDN1	0.03981715224107585	0.03983821439215392
Ogden_2025	CRC07	target_mean	common	436	1	CLDN10	0.028880981927895483	0.028889015931729874
Ogden_2025	CRC07	target_mean	common	436	1	CLDN11	NA	NA
Ogden_2025	CRC07	target_mean	common	436	1	CLDN12	0.02644143980014203	0.026447604561645986
Ogden_2025	CRC07	target_mean	common	436	1	CLDN14	NA	NA
Ogden_2025	CRC07	target_mean	common	436	1	CLDN15	-0.07438221167893666	-0.07451984735468745
Ogden_2025	CRC07	target_mean	common	436	1	CLDN16	0.04862860795079841	0.04866699379170844
Ogden_2025	CRC07	target_mean	common	436	1	CLDN17	NA	NA
Ogden_2025	CRC07	target_mean	common	436	1	CLDN18	NA	NA
Ogden_2025	CRC07	target_mean	common	436	1	CLDN19	NA	NA
Ogden_2025	CRC07	target_mean	common	436	1	CLDN2	-0.009527621509039866	-0.00952790981650568
Ogden_2025	CRC07	target_mean	common	436	1	CLDN20	NA	NA
Ogden_2025	CRC07	target_mean	common	436	1	CLDN22	NA	NA
Ogden_2025	CRC07	target_mean	common	436	1	CLDN23	NA	NA
Ogden_2025	CRC07	target_mean	common	436	1	CLDN3	0.03872751243518388	0.03874689131247388
Ogden_2025	CRC07	target_mean	common	436	1	CLDN4	0.032528092758969805	0.03253957245465797
Ogden_2025	CRC07	target_mean	common	436	1	CLDN5	NA	NA
Ogden_2025	CRC07	target_mean	common	436	1	CLDN6	0.048270785326011	0.04830832924354431
Ogden_2025	CRC07	target_mean	common	436	1	CLDN7	0.09601601777629211	0.096312720352222
Ogden_2025	CRC07	target_mean	common	436	1	CLDN8	NA	NA
Ogden_2025	CRC07	target_mean	common	436	1	CLDN9	NA	NA
Ogden_2025	CRC07	target_mean	common	436	1	CRB3	NA	NA
Ogden_2025	CRC07	target_mean	common	436	1	F11R	0.06221615794760547	0.06229662138568309
Ogden_2025	CRC07	target_mean	common	436	1	PALS1	0.05186741701838654	0.05191400398153946
Ogden_2025	CRC07	target_mean	common	436	1	PARD3	-0.02343709279295481	-0.023441385518575455
Ogden_2025	CRC07	target_mean	common	436	1	PARD6A	NA	NA
Ogden_2025	CRC07	target_mean	common	436	1	PARD6B	0.11211939789168701	0.11259278219226344
Ogden_2025	CRC07	target_mean	common	436	1	PARD6G	0.05418177172508681	0.05423488514298756
Ogden_2025	CRC07	target_mean	common	436	1	PATJ	-0.017673592941243595	-0.017675433436458835
Ogden_2025	CRC07	target_mean	common	436	1	PRKCI	-0.0034694454063436838	-0.0034694593270751493
Ogden_2025	CRC07	target_mean	state_enhanced	436	1	CLDN1	-0.017324748604710036	-0.017326482240205714
Ogden_2025	CRC07	target_mean	state_enhanced	436	1	CLDN10	0.05434707886813825	0.054400680492023644
Ogden_2025	CRC07	target_mean	state_enhanced	436	1	CLDN11	NA	NA
Ogden_2025	CRC07	target_mean	state_enhanced	436	1	CLDN12	-0.011490637672239089	-0.011491143433479754
Ogden_2025	CRC07	target_mean	state_enhanced	436	1	CLDN14	NA	NA
Ogden_2025	CRC07	target_mean	state_enhanced	436	1	CLDN15	-0.07247150388540032	-0.07259878153102137
Ogden_2025	CRC07	target_mean	state_enhanced	436	1	CLDN16	0.016599555206977916	0.01660108010186182
Ogden_2025	CRC07	target_mean	state_enhanced	436	1	CLDN17	NA	NA
Ogden_2025	CRC07	target_mean	state_enhanced	436	1	CLDN18	NA	NA
Ogden_2025	CRC07	target_mean	state_enhanced	436	1	CLDN19	NA	NA
Ogden_2025	CRC07	target_mean	state_enhanced	436	1	CLDN2	-0.0017159878526832064	-0.0017159895369936447
Ogden_2025	CRC07	target_mean	state_enhanced	436	1	CLDN20	NA	NA
Ogden_2025	CRC07	target_mean	state_enhanced	436	1	CLDN22	NA	NA
Ogden_2025	CRC07	target_mean	state_enhanced	436	1	CLDN23	NA	NA
Ogden_2025	CRC07	target_mean	state_enhanced	436	1	CLDN3	0.02910985892553911	0.029118085517058537
Ogden_2025	CRC07	target_mean	state_enhanced	436	1	CLDN4	0.0126441389597894	0.012644812848510897
Ogden_2025	CRC07	target_mean	state_enhanced	436	1	CLDN5	NA	NA
Ogden_2025	CRC07	target_mean	state_enhanced	436	1	CLDN6	0.05483914469601482	0.054894217270869516
Ogden_2025	CRC07	target_mean	state_enhanced	436	1	CLDN7	0.06521372596105773	0.06530641020969966
Ogden_2025	CRC07	target_mean	state_enhanced	436	1	CLDN8	NA	NA
Ogden_2025	CRC07	target_mean	state_enhanced	436	1	CLDN9	NA	NA
Ogden_2025	CRC07	target_mean	state_enhanced	436	1	CRB3	NA	NA
Ogden_2025	CRC07	target_mean	state_enhanced	436	1	F11R	0.05954144416837408	0.05961195599895612
Ogden_2025	CRC07	target_mean	state_enhanced	436	1	PALS1	0.04324444408720273	0.04327143125930917
Ogden_2025	CRC07	target_mean	state_enhanced	436	1	PARD3	-0.019232479116057372	-0.019234850931830413
Ogden_2025	CRC07	target_mean	state_enhanced	436	1	PARD6A	NA	NA
Ogden_2025	CRC07	target_mean	state_enhanced	436	1	PARD6B	0.06724062397510265	0.06734223815316721
Ogden_2025	CRC07	target_mean	state_enhanced	436	1	PARD6G	0.05699015046589761	0.05705196998440633
Ogden_2025	CRC07	target_mean	state_enhanced	436	1	PATJ	-0.006639887669073051	-0.006639985251683195
Ogden_2025	CRC07	target_mean	state_enhanced	436	1	PRKCI	-0.025273875356299155	-0.025279258807189404
Ogden_2025	CRC08	target_mean	common	3323	1	CLDN1	0.004256581708628518	0.00425660741651597
Ogden_2025	CRC08	target_mean	common	3323	1	CLDN10	0.00946133523802323	0.00946161756954223
Ogden_2025	CRC08	target_mean	common	3323	1	CLDN11	-0.00020046204222151602	-0.00020046204490670717
Ogden_2025	CRC08	target_mean	common	3323	1	CLDN12	0.030650198032638777	0.030659801398840326
Ogden_2025	CRC08	target_mean	common	3323	1	CLDN14	0.02002764811251283	0.020030326498340547
Ogden_2025	CRC08	target_mean	common	3323	1	CLDN15	-0.00020523863590015575	-0.0002052386387819045
Ogden_2025	CRC08	target_mean	common	3323	1	CLDN16	-0.056562923685821054	-0.05662336154621048
Ogden_2025	CRC08	target_mean	common	3323	1	CLDN17	NA	NA
Ogden_2025	CRC08	target_mean	common	3323	1	CLDN18	NA	NA
Ogden_2025	CRC08	target_mean	common	3323	1	CLDN19	0.006850343798311014	0.0068504509571692485
Ogden_2025	CRC08	target_mean	common	3323	1	CLDN2	-0.012460517037369964	-0.012461161989373458
Ogden_2025	CRC08	target_mean	common	3323	1	CLDN20	0.007243362312977137	0.007243488994432637
Ogden_2025	CRC08	target_mean	common	3323	1	CLDN22	NA	NA
Ogden_2025	CRC08	target_mean	common	3323	1	CLDN23	0.08959996010582805	0.08984089579455007
Ogden_2025	CRC08	target_mean	common	3323	1	CLDN3	0.20702263908939705	0.2100586524258954
Ogden_2025	CRC08	target_mean	common	3323	1	CLDN4	0.27406420630803885	0.28125282990259143
Ogden_2025	CRC08	target_mean	common	3323	1	CLDN5	0.04109521390478649	0.04111837146786717
Ogden_2025	CRC08	target_mean	common	3323	1	CLDN6	0.029416541120985767	0.029425030562666675
Ogden_2025	CRC08	target_mean	common	3323	1	CLDN7	0.13574536298389167	0.13658848885032393
Ogden_2025	CRC08	target_mean	common	3323	1	CLDN8	0.032167449084225926	0.03217855101098614
Ogden_2025	CRC08	target_mean	common	3323	1	CLDN9	0.028312802975074533	0.02832037193659075
Ogden_2025	CRC08	target_mean	common	3323	1	CRB3	0.02499027554694585	0.024995479755059162
Ogden_2025	CRC08	target_mean	common	3323	1	F11R	0.061531781058176256	0.06160961433942521
Ogden_2025	CRC08	target_mean	common	3323	1	PALS1	-0.019957232842276414	-0.019959883072001163
Ogden_2025	CRC08	target_mean	common	3323	1	PARD3	-0.003756766076083955	-0.0037567837496783373
Ogden_2025	CRC08	target_mean	common	3323	1	PARD6A	0.010810173332929373	0.010810594454192735
Ogden_2025	CRC08	target_mean	common	3323	1	PARD6B	0.08175233357497279	0.08193519647838655
Ogden_2025	CRC08	target_mean	common	3323	1	PARD6G	0.037269331685112476	0.03728660181924688
Ogden_2025	CRC08	target_mean	common	3323	1	PATJ	0.06301286248967662	0.06309646180659764
Ogden_2025	CRC08	target_mean	common	3323	1	PRKCI	0.07219049904568065	0.07231629880367954
Ogden_2025	CRC08	target_mean	state_enhanced	3323	1	CLDN1	0.01581239106633608	0.01581370913047544
Ogden_2025	CRC08	target_mean	state_enhanced	3323	1	CLDN10	0.008427278913536562	0.008427478421095607
Ogden_2025	CRC08	target_mean	state_enhanced	3323	1	CLDN11	0.004281822333484105	0.004281848501419079
Ogden_2025	CRC08	target_mean	state_enhanced	3323	1	CLDN12	0.026814342874822053	0.02682077223318388
Ogden_2025	CRC08	target_mean	state_enhanced	3323	1	CLDN14	0.021000338306999718	0.02100342627333892
Ogden_2025	CRC08	target_mean	state_enhanced	3323	1	CLDN15	-0.0012212322535134403	-0.0012212328606325895
Ogden_2025	CRC08	target_mean	state_enhanced	3323	1	CLDN16	-0.05106620038050942	-0.051110659375010026
Ogden_2025	CRC08	target_mean	state_enhanced	3323	1	CLDN17	NA	NA
Ogden_2025	CRC08	target_mean	state_enhanced	3323	1	CLDN18	NA	NA
Ogden_2025	CRC08	target_mean	state_enhanced	3323	1	CLDN19	0.017104193071050083	0.017105861327288894
Ogden_2025	CRC08	target_mean	state_enhanced	3323	1	CLDN2	-0.009465078749294385	-0.00946536141608341
Ogden_2025	CRC08	target_mean	state_enhanced	3323	1	CLDN20	-0.006710531484825946	-0.006710632215382761
Ogden_2025	CRC08	target_mean	state_enhanced	3323	1	CLDN22	NA	NA
Ogden_2025	CRC08	target_mean	state_enhanced	3323	1	CLDN23	0.07275783748812446	0.07288663294470944
Ogden_2025	CRC08	target_mean	state_enhanced	3323	1	CLDN3	0.16102404121909675	0.1624378186880617
Ogden_2025	CRC08	target_mean	state_enhanced	3323	1	CLDN4	0.22972003060261503	0.23389387983948334
Ogden_2025	CRC08	target_mean	state_enhanced	3323	1	CLDN5	0.035024417584547524	0.03503874973394069
Ogden_2025	CRC08	target_mean	state_enhanced	3323	1	CLDN6	0.0193684510930382	0.019370873578538846
Ogden_2025	CRC08	target_mean	state_enhanced	3323	1	CLDN7	0.09494219851028854	0.09522902169947332
Ogden_2025	CRC08	target_mean	state_enhanced	3323	1	CLDN8	0.037438187298526986	0.03745569336706822
Ogden_2025	CRC08	target_mean	state_enhanced	3323	1	CLDN9	0.024471625474050736	0.02447651225964767
Ogden_2025	CRC08	target_mean	state_enhanced	3323	1	CRB3	0.016462530612022217	0.016464018051007445
Ogden_2025	CRC08	target_mean	state_enhanced	3323	1	F11R	0.05227787359990935	0.05232557657283937
Ogden_2025	CRC08	target_mean	state_enhanced	3323	1	PALS1	-0.039264717218365434	-0.039284914278568395
Ogden_2025	CRC08	target_mean	state_enhanced	3323	1	PARD3	-0.006735469890489148	-0.006735571748282675
Ogden_2025	CRC08	target_mean	state_enhanced	3323	1	PARD6A	0.017015417515025277	0.017017059926716333
Ogden_2025	CRC08	target_mean	state_enhanced	3323	1	PARD6B	0.05897425755128796	0.059042770676182806
Ogden_2025	CRC08	target_mean	state_enhanced	3323	1	PARD6G	0.034653812802210984	0.03466769457396083
Ogden_2025	CRC08	target_mean	state_enhanced	3323	1	PATJ	0.061965050378023113	0.06204454198738836
Ogden_2025	CRC08	target_mean	state_enhanced	3323	1	PRKCI	0.07343061252194383	0.07356302179174104
Ogden_2025	CRC09	target_mean	common	1323	1	CLDN1	0.05603542526700975	0.0560941858412209
Ogden_2025	CRC09	target_mean	common	1323	1	CLDN10	0.017777220618638463	0.01777909368296415
Ogden_2025	CRC09	target_mean	common	1323	1	CLDN11	-0.021539118560790885	-0.02154245039543213
Ogden_2025	CRC09	target_mean	common	1323	1	CLDN12	0.014746830132992843	0.014747899265293863
Ogden_2025	CRC09	target_mean	common	1323	1	CLDN14	-0.005984484036853728	-0.005984555481257515
Ogden_2025	CRC09	target_mean	common	1323	1	CLDN15	0.014695094045989673	0.014696151964291021
Ogden_2025	CRC09	target_mean	common	1323	1	CLDN16	0.0071757747463996446	0.007175897914588481
Ogden_2025	CRC09	target_mean	common	1323	1	CLDN17	NA	NA
Ogden_2025	CRC09	target_mean	common	1323	1	CLDN18	0.026908056979844604	0.0269145540040795
Ogden_2025	CRC09	target_mean	common	1323	1	CLDN19	0.012925796479571715	0.012926516416125959
Ogden_2025	CRC09	target_mean	common	1323	1	CLDN2	-0.02168222379888385	-0.021685622498164057
Ogden_2025	CRC09	target_mean	common	1323	1	CLDN20	-0.023015698614715228	-0.023019763883775288
Ogden_2025	CRC09	target_mean	common	1323	1	CLDN22	NA	NA
Ogden_2025	CRC09	target_mean	common	1323	1	CLDN23	0.04111351614327728	0.04113670468158482
Ogden_2025	CRC09	target_mean	common	1323	1	CLDN3	0.04478922060842131	0.04481920687738283
Ogden_2025	CRC09	target_mean	common	1323	1	CLDN4	0.17991657371646902	0.18189647013334517
Ogden_2025	CRC09	target_mean	common	1323	1	CLDN5	NA	NA
Ogden_2025	CRC09	target_mean	common	1323	1	CLDN6	NA	NA
Ogden_2025	CRC09	target_mean	common	1323	1	CLDN7	0.046002790002795585	0.04603528250761054
Ogden_2025	CRC09	target_mean	common	1323	1	CLDN8	NA	NA
Ogden_2025	CRC09	target_mean	common	1323	1	CLDN9	0.02028356404961276	0.02028634644454802
Ogden_2025	CRC09	target_mean	common	1323	1	CRB3	0.03489755174276265	0.03491172863785251
Ogden_2025	CRC09	target_mean	common	1323	1	F11R	0.039032445376920626	0.03905228590717324
Ogden_2025	CRC09	target_mean	common	1323	1	PALS1	0.01504585714968807	0.015046992653357762
Ogden_2025	CRC09	target_mean	common	1323	1	PARD3	0.04439488833132228	0.044424088922302936
Ogden_2025	CRC09	target_mean	common	1323	1	PARD6A	0.01648957200058375	0.016491066782226414
Ogden_2025	CRC09	target_mean	common	1323	1	PARD6B	0.04870265398360441	0.04874121560731342
Ogden_2025	CRC09	target_mean	common	1323	1	PARD6G	0.00038788346705077945	0.0003878834865036004
Ogden_2025	CRC09	target_mean	common	1323	1	PATJ	-0.018036857072271564	-0.018038813420318985
Ogden_2025	CRC09	target_mean	common	1323	1	PRKCI	0.052551308173543566	0.05259976442155409
Ogden_2025	CRC09	target_mean	state_enhanced	1323	1	CLDN1	0.04960750216467666	0.049648255460247696
Ogden_2025	CRC09	target_mean	state_enhanced	1323	1	CLDN10	0.020743463715487197	0.020746439727755354
Ogden_2025	CRC09	target_mean	state_enhanced	1323	1	CLDN11	-0.014882816740287547	-0.014883915725554147
Ogden_2025	CRC09	target_mean	state_enhanced	1323	1	CLDN12	0.009071537616879006	0.009071786469894084
Ogden_2025	CRC09	target_mean	state_enhanced	1323	1	CLDN14	-0.00036691185429394617	-0.0003669118707590324
Ogden_2025	CRC09	target_mean	state_enhanced	1323	1	CLDN15	0.021331622316453927	0.021334858767163616
Ogden_2025	CRC09	target_mean	state_enhanced	1323	1	CLDN16	0.00913964535373461	0.00913989985417907
Ogden_2025	CRC09	target_mean	state_enhanced	1323	1	CLDN17	NA	NA
Ogden_2025	CRC09	target_mean	state_enhanced	1323	1	CLDN18	0.03540588465662205	0.035420690457985016
Ogden_2025	CRC09	target_mean	state_enhanced	1323	1	CLDN19	0.019527535292728212	0.01953001797086354
Ogden_2025	CRC09	target_mean	state_enhanced	1323	1	CLDN2	-0.027204459553881774	-0.027211173718119777
Ogden_2025	CRC09	target_mean	state_enhanced	1323	1	CLDN20	-0.03273606075787406	-0.032747762145614846
Ogden_2025	CRC09	target_mean	state_enhanced	1323	1	CLDN22	NA	NA
Ogden_2025	CRC09	target_mean	state_enhanced	1323	1	CLDN23	0.03473613951185154	0.034750120503149136
Ogden_2025	CRC09	target_mean	state_enhanced	1323	1	CLDN3	0.04011996689532475	0.04014151356484284
Ogden_2025	CRC09	target_mean	state_enhanced	1323	1	CLDN4	0.15570212231090072	0.1569789841929757
Ogden_2025	CRC09	target_mean	state_enhanced	1323	1	CLDN5	NA	NA
Ogden_2025	CRC09	target_mean	state_enhanced	1323	1	CLDN6	NA	NA
Ogden_2025	CRC09	target_mean	state_enhanced	1323	1	CLDN7	0.03725243430486664	0.037269680946511
Ogden_2025	CRC09	target_mean	state_enhanced	1323	1	CLDN8	NA	NA
Ogden_2025	CRC09	target_mean	state_enhanced	1323	1	CLDN9	0.008597060648761336	0.008597272459500848
Ogden_2025	CRC09	target_mean	state_enhanced	1323	1	CRB3	0.04119031198610046	0.041213630797286877
Ogden_2025	CRC09	target_mean	state_enhanced	1323	1	F11R	0.05593837655375646	0.0559968319689578
Ogden_2025	CRC09	target_mean	state_enhanced	1323	1	PALS1	0.016878788333260793	0.016880391492977494
Ogden_2025	CRC09	target_mean	state_enhanced	1323	1	PARD3	0.04845652939315669	0.04849450879326858
Ogden_2025	CRC09	target_mean	state_enhanced	1323	1	PARD6A	0.01613760218296844	0.016139003265209128
Ogden_2025	CRC09	target_mean	state_enhanced	1323	1	PARD6B	0.04139282155260662	0.04141648623168535
Ogden_2025	CRC09	target_mean	state_enhanced	1323	1	PARD6G	0.0029703295610150004	0.0029703382966595917
Ogden_2025	CRC09	target_mean	state_enhanced	1323	1	PATJ	-0.029284591835930227	-0.02929296751094325
Ogden_2025	CRC09	target_mean	state_enhanced	1323	1	PRKCI	0.03833812950457075	0.038356929369877266
Ogden_2025	CRC10	target_mean	common	1500	1	CLDN1	0.018901965776161975	0.018904217384128147
Ogden_2025	CRC10	target_mean	common	1500	1	CLDN10	0.02240441328363665	0.022408163102564
Ogden_2025	CRC10	target_mean	common	1500	1	CLDN11	-0.011365761523723912	-0.01136625097337905
Ogden_2025	CRC10	target_mean	common	1500	1	CLDN12	0.059111853091921594	0.059180847564444826
Ogden_2025	CRC10	target_mean	common	1500	1	CLDN14	-0.009311244089056966	-0.009311513195733447
Ogden_2025	CRC10	target_mean	common	1500	1	CLDN15	0.06546588733610183	0.06555965275204655
Ogden_2025	CRC10	target_mean	common	1500	1	CLDN16	-0.009952216331196943	-0.009952544928487909
Ogden_2025	CRC10	target_mean	common	1500	1	CLDN17	NA	NA
Ogden_2025	CRC10	target_mean	common	1500	1	CLDN18	-0.003380767609100071	-0.0033807804894505334
Ogden_2025	CRC10	target_mean	common	1500	1	CLDN19	NA	NA
Ogden_2025	CRC10	target_mean	common	1500	1	CLDN2	0.022350629338713263	0.0223543522116378
Ogden_2025	CRC10	target_mean	common	1500	1	CLDN20	-0.00936378241021561	-0.00936405609807537
Ogden_2025	CRC10	target_mean	common	1500	1	CLDN22	NA	NA
Ogden_2025	CRC10	target_mean	common	1500	1	CLDN23	0.04497491264927461	0.045005273731829006
Ogden_2025	CRC10	target_mean	common	1500	1	CLDN3	0.14181222532013985	0.14277451169015978
Ogden_2025	CRC10	target_mean	common	1500	1	CLDN4	0.2792215414116592	0.2868375903521962
Ogden_2025	CRC10	target_mean	common	1500	1	CLDN5	-0.036641136434840516	-0.03665754745534555
Ogden_2025	CRC10	target_mean	common	1500	1	CLDN6	0.004591102265424378	0.004591134523253558
Ogden_2025	CRC10	target_mean	common	1500	1	CLDN7	0.15176120136205945	0.15294266548351682
Ogden_2025	CRC10	target_mean	common	1500	1	CLDN8	NA	NA
Ogden_2025	CRC10	target_mean	common	1500	1	CLDN9	-0.021378820167734177	-0.021382078152639688
Ogden_2025	CRC10	target_mean	common	1500	1	CRB3	0.09842978445051989	0.0987495216130154
Ogden_2025	CRC10	target_mean	common	1500	1	F11R	0.12095542348334039	0.12155052408230115
Ogden_2025	CRC10	target_mean	common	1500	1	PALS1	0.053864586873823214	0.053916771874209644
Ogden_2025	CRC10	target_mean	common	1500	1	PARD3	0.05190241914597179	0.05194910059077005
Ogden_2025	CRC10	target_mean	common	1500	1	PARD6A	-0.028584608465806592	-0.028592397587211903
Ogden_2025	CRC10	target_mean	common	1500	1	PARD6B	0.18831669815508228	0.19059140180506345
Ogden_2025	CRC10	target_mean	common	1500	1	PARD6G	-0.012370340773436118	-0.012370971823206955
Ogden_2025	CRC10	target_mean	common	1500	1	PATJ	0.04774289279249293	0.047779217276239655
Ogden_2025	CRC10	target_mean	common	1500	1	PRKCI	0.0442340107474064	0.0442628947897644
Ogden_2025	CRC10	target_mean	state_enhanced	1500	1	CLDN1	0.021440871881921793	0.021444158323249408
Ogden_2025	CRC10	target_mean	state_enhanced	1500	1	CLDN10	0.014881795094158259	0.014882893853097453
Ogden_2025	CRC10	target_mean	state_enhanced	1500	1	CLDN11	0.0054702577685734315	0.005470312333040462
Ogden_2025	CRC10	target_mean	state_enhanced	1500	1	CLDN12	0.04290607365463281	0.04293243181749926
Ogden_2025	CRC10	target_mean	state_enhanced	1500	1	CLDN14	-0.011995633866019775	-0.011996209287206249
Ogden_2025	CRC10	target_mean	state_enhanced	1500	1	CLDN15	0.0708082536075145	0.07092695056815085
Ogden_2025	CRC10	target_mean	state_enhanced	1500	1	CLDN16	-0.008411083209725511	-0.008411281569209068
Ogden_2025	CRC10	target_mean	state_enhanced	1500	1	CLDN17	NA	NA
Ogden_2025	CRC10	target_mean	state_enhanced	1500	1	CLDN18	0.017356247048461785	0.01735799015816619
Ogden_2025	CRC10	target_mean	state_enhanced	1500	1	CLDN19	NA	NA
Ogden_2025	CRC10	target_mean	state_enhanced	1500	1	CLDN2	0.049753859260759134	0.04979497468458789
Ogden_2025	CRC10	target_mean	state_enhanced	1500	1	CLDN20	-0.008434614866257729	-0.00843481489529974
Ogden_2025	CRC10	target_mean	state_enhanced	1500	1	CLDN22	NA	NA
Ogden_2025	CRC10	target_mean	state_enhanced	1500	1	CLDN23	0.040152290036275955	0.040173888859444125
Ogden_2025	CRC10	target_mean	state_enhanced	1500	1	CLDN3	0.11271488153612083	0.11319588766922939
Ogden_2025	CRC10	target_mean	state_enhanced	1500	1	CLDN4	0.2366348630822881	0.24120633916097728
Ogden_2025	CRC10	target_mean	state_enhanced	1500	1	CLDN5	-0.02391274735631122	-0.0239173068457048
Ogden_2025	CRC10	target_mean	state_enhanced	1500	1	CLDN6	-0.012469636362242503	-0.012470282731409967
Ogden_2025	CRC10	target_mean	state_enhanced	1500	1	CLDN7	0.11102106502307477	0.11148060491629193
Ogden_2025	CRC10	target_mean	state_enhanced	1500	1	CLDN8	NA	NA
Ogden_2025	CRC10	target_mean	state_enhanced	1500	1	CLDN9	-0.012354054281479926	-0.012354682841904304
Ogden_2025	CRC10	target_mean	state_enhanced	1500	1	CRB3	0.10494464671864301	0.10533247781285447
Ogden_2025	CRC10	target_mean	state_enhanced	1500	1	F11R	0.10310733597430813	0.10347506672199866
Ogden_2025	CRC10	target_mean	state_enhanced	1500	1	PALS1	0.026257272017374537	0.026263308823934378
Ogden_2025	CRC10	target_mean	state_enhanced	1500	1	PARD3	0.03839513990342239	0.03841402381168621
Ogden_2025	CRC10	target_mean	state_enhanced	1500	1	PARD6A	-0.021838031527888234	-0.021841504037885394
Ogden_2025	CRC10	target_mean	state_enhanced	1500	1	PARD6B	0.14036056760798263	0.1412933710422752
Ogden_2025	CRC10	target_mean	state_enhanced	1500	1	PARD6G	-0.017197061700702485	-0.01719875728179762
Ogden_2025	CRC10	target_mean	state_enhanced	1500	1	PATJ	0.020706257749130368	0.020709217773826068
Ogden_2025	CRC10	target_mean	state_enhanced	1500	1	PRKCI	0.04672145978551091	0.046755500391491074
Ogden_2025	CRC11	target_mean	common	952	1	CLDN1	0.12134594173547557	0.12194685954878573
Ogden_2025	CRC11	target_mean	common	952	1	CLDN10	0.024333311879268738	0.024338116252524102
Ogden_2025	CRC11	target_mean	common	952	1	CLDN11	-0.07317205754758847	-0.07330307007303913
Ogden_2025	CRC11	target_mean	common	952	1	CLDN12	0.044634851366935374	0.04466452840762452
Ogden_2025	CRC11	target_mean	common	952	1	CLDN14	0.018918999320888547	0.01892125702233796
Ogden_2025	CRC11	target_mean	common	952	1	CLDN15	-0.02285478464557749	-0.022858765224920207
Ogden_2025	CRC11	target_mean	common	952	1	CLDN16	0.033359289546491276	0.033371672357324605
Ogden_2025	CRC11	target_mean	common	952	1	CLDN17	NA	NA
Ogden_2025	CRC11	target_mean	common	952	1	CLDN18	0.03883335875042886	0.038852897052202115
Ogden_2025	CRC11	target_mean	common	952	1	CLDN19	NA	NA
Ogden_2025	CRC11	target_mean	common	952	1	CLDN2	-0.012489477782979522	-0.012490127242718826
Ogden_2025	CRC11	target_mean	common	952	1	CLDN20	-0.04454697806819616	-0.0445764800378808
Ogden_2025	CRC11	target_mean	common	952	1	CLDN22	NA	NA
Ogden_2025	CRC11	target_mean	common	952	1	CLDN23	0.06739820839802001	0.06750053998509109
Ogden_2025	CRC11	target_mean	common	952	1	CLDN3	0.10102670262068104	0.1013725290204822
Ogden_2025	CRC11	target_mean	common	952	1	CLDN4	0.22403464771816048	0.22789994978292108
Ogden_2025	CRC11	target_mean	common	952	1	CLDN5	-0.05809929375189215	-0.05816479840050066
Ogden_2025	CRC11	target_mean	common	952	1	CLDN6	-0.040796756023306645	-0.04081941235717544
Ogden_2025	CRC11	target_mean	common	952	1	CLDN7	0.031425933072824236	0.031436284512061305
Ogden_2025	CRC11	target_mean	common	952	1	CLDN8	NA	NA
Ogden_2025	CRC11	target_mean	common	952	1	CLDN9	-0.022379752396845733	-0.02238348984446763
Ogden_2025	CRC11	target_mean	common	952	1	CRB3	0.05798216603850113	0.05804727478206602
Ogden_2025	CRC11	target_mean	common	952	1	F11R	0.06942328521886991	0.06953513950167534
Ogden_2025	CRC11	target_mean	common	952	1	PALS1	0.15082198946386796	0.15198145215502284
Ogden_2025	CRC11	target_mean	common	952	1	PARD3	0.02804348642484188	0.028050841375345394
Ogden_2025	CRC11	target_mean	common	952	1	PARD6A	-0.05172949004142486	-0.051775705939675315
Ogden_2025	CRC11	target_mean	common	952	1	PARD6B	0.14316677811411768	0.14415713650146603
Ogden_2025	CRC11	target_mean	common	952	1	PARD6G	-0.03206881440697828	-0.03207981447958127
Ogden_2025	CRC11	target_mean	common	952	1	PATJ	0.012971138041923366	0.012971865581853688
Ogden_2025	CRC11	target_mean	common	952	1	PRKCI	0.06750648579019412	0.06760931227160324
Ogden_2025	CRC11	target_mean	state_enhanced	952	1	CLDN1	0.10125394008091441	0.10160211500044107
Ogden_2025	CRC11	target_mean	state_enhanced	952	1	CLDN10	-0.0003644956193813583	-0.00036449563552329794
Ogden_2025	CRC11	target_mean	state_enhanced	952	1	CLDN11	-0.05977219135967272	-0.059843527338853224
Ogden_2025	CRC11	target_mean	state_enhanced	952	1	CLDN12	0.03727609835390275	0.0372933779017456
Ogden_2025	CRC11	target_mean	state_enhanced	952	1	CLDN14	-0.003547879815494893	-0.003547894701861985
Ogden_2025	CRC11	target_mean	state_enhanced	952	1	CLDN15	-0.025410680550773706	-0.025416151918885126
Ogden_2025	CRC11	target_mean	state_enhanced	952	1	CLDN16	0.009296737623899749	0.009297005474726047
Ogden_2025	CRC11	target_mean	state_enhanced	952	1	CLDN17	NA	NA
Ogden_2025	CRC11	target_mean	state_enhanced	952	1	CLDN18	0.03244643356581617	0.03245782698547024
Ogden_2025	CRC11	target_mean	state_enhanced	952	1	CLDN19	NA	NA
Ogden_2025	CRC11	target_mean	state_enhanced	952	1	CLDN2	0.010991431635467957	0.010991874298257607
Ogden_2025	CRC11	target_mean	state_enhanced	952	1	CLDN20	-0.04380010953924764	-0.0438281512584515
Ogden_2025	CRC11	target_mean	state_enhanced	952	1	CLDN22	NA	NA
Ogden_2025	CRC11	target_mean	state_enhanced	952	1	CLDN23	0.07534552969257587	0.07548859488650855
Ogden_2025	CRC11	target_mean	state_enhanced	952	1	CLDN3	0.07474082339764172	0.07488046389611945
Ogden_2025	CRC11	target_mean	state_enhanced	952	1	CLDN4	0.20094089080514807	0.20371284111153093
Ogden_2025	CRC11	target_mean	state_enhanced	952	1	CLDN5	-0.04325998302879862	-0.04328699932492605
Ogden_2025	CRC11	target_mean	state_enhanced	952	1	CLDN6	-0.029358755434545598	-0.02936719492739677
Ogden_2025	CRC11	target_mean	state_enhanced	952	1	CLDN7	0.02374474313662535	0.023749207177101092
Ogden_2025	CRC11	target_mean	state_enhanced	952	1	CLDN8	NA	NA
Ogden_2025	CRC11	target_mean	state_enhanced	952	1	CLDN9	-0.012816804175344873	-0.012817506052003541
Ogden_2025	CRC11	target_mean	state_enhanced	952	1	CRB3	0.04208143725532557	0.04210630361543797
Ogden_2025	CRC11	target_mean	state_enhanced	952	1	F11R	0.05985647827575534	0.05992811689566685
Ogden_2025	CRC11	target_mean	state_enhanced	952	1	PALS1	0.12570213329840146	0.12637055613424852
Ogden_2025	CRC11	target_mean	state_enhanced	952	1	PARD3	0.05083410726087687	0.05087796219147418
Ogden_2025	CRC11	target_mean	state_enhanced	952	1	PARD6A	-0.06949475720014874	-0.06960695797520594
Ogden_2025	CRC11	target_mean	state_enhanced	952	1	PARD6B	0.11404977771045975	0.11454816837061903
Ogden_2025	CRC11	target_mean	state_enhanced	952	1	PARD6G	-0.021291937876544504	-0.021295156294704756
Ogden_2025	CRC11	target_mean	state_enhanced	952	1	PATJ	0.05911955865743339	0.05918858015277546
Ogden_2025	CRC11	target_mean	state_enhanced	952	1	PRKCI	0.07163038719866761	0.07175327548509759
Ogden_2025	CRC12	target_mean	common	341	1	CLDN1	0.20024604858482808	0.20298886780756506
Ogden_2025	CRC12	target_mean	common	341	1	CLDN10	-0.04079406208988661	-0.04081671393286118
Ogden_2025	CRC12	target_mean	common	341	1	CLDN11	-0.027447622995319127	-0.027454518869633942
Ogden_2025	CRC12	target_mean	common	341	1	CLDN12	0.0018576351150621875	0.0018576372518474538
Ogden_2025	CRC12	target_mean	common	341	1	CLDN14	0.029380015845760627	0.029388473692841817
Ogden_2025	CRC12	target_mean	common	341	1	CLDN15	-0.01344594818383441	-0.013446758585190866
Ogden_2025	CRC12	target_mean	common	341	1	CLDN16	-0.008321358528410464	-0.008321550607236114
Ogden_2025	CRC12	target_mean	common	341	1	CLDN17	NA	NA
Ogden_2025	CRC12	target_mean	common	341	1	CLDN18	0.08938657148655739	0.0896257843371758
Ogden_2025	CRC12	target_mean	common	341	1	CLDN19	-0.03805118794995736	-0.03806956860221013
Ogden_2025	CRC12	target_mean	common	341	1	CLDN2	-0.11038438349056438	-0.11083602396127527
Ogden_2025	CRC12	target_mean	common	341	1	CLDN20	0.06375586482406596	0.06384246128662786
Ogden_2025	CRC12	target_mean	common	341	1	CLDN22	NA	NA
Ogden_2025	CRC12	target_mean	common	341	1	CLDN23	0.12981661138297715	0.13055331338762186
Ogden_2025	CRC12	target_mean	common	341	1	CLDN3	0.1214164488418988	0.12201842099831223
Ogden_2025	CRC12	target_mean	common	341	1	CLDN4	0.15789910591382322	0.1592313463433755
Ogden_2025	CRC12	target_mean	common	341	1	CLDN5	NA	NA
Ogden_2025	CRC12	target_mean	common	341	1	CLDN6	0.059161600750318	0.059230769808551
Ogden_2025	CRC12	target_mean	common	341	1	CLDN7	0.13138901907891992	0.13215300757227452
Ogden_2025	CRC12	target_mean	common	341	1	CLDN8	NA	NA
Ogden_2025	CRC12	target_mean	common	341	1	CLDN9	0.11108701465726017	0.1115473780637142
Ogden_2025	CRC12	target_mean	common	341	1	CRB3	0.04401673026820791	0.04404519042879191
Ogden_2025	CRC12	target_mean	common	341	1	F11R	0.1218453160175286	0.12245372814611023
Ogden_2025	CRC12	target_mean	common	341	1	PALS1	-0.08413833245625073	-0.08433772576017028
Ogden_2025	CRC12	target_mean	common	341	1	PARD3	-0.10531643106211512	-0.1057084172047415
Ogden_2025	CRC12	target_mean	common	341	1	PARD6A	0.027455240458473754	0.027462142077494
Ogden_2025	CRC12	target_mean	common	341	1	PARD6B	0.23080478698871534	0.23503937120521248
Ogden_2025	CRC12	target_mean	common	341	1	PARD6G	-0.14248075280409517	-0.14345682578389202
Ogden_2025	CRC12	target_mean	common	341	1	PATJ	-0.02157389078557807	-0.02157723878579272
Ogden_2025	CRC12	target_mean	common	341	1	PRKCI	0.04923475096059162	0.049274591597332267
Ogden_2025	CRC12	target_mean	state_enhanced	341	1	CLDN1	0.10542257629513213	0.10581575417147192
Ogden_2025	CRC12	target_mean	state_enhanced	341	1	CLDN10	-0.0013051321413459652	-0.0013051328823876602
Ogden_2025	CRC12	target_mean	state_enhanced	341	1	CLDN11	-0.07951840578263125	-0.07968664751982765
Ogden_2025	CRC12	target_mean	state_enhanced	341	1	CLDN12	0.010005408516257048	0.010005742410790157
Ogden_2025	CRC12	target_mean	state_enhanced	341	1	CLDN14	0.07343580623280807	0.07356824366120342
Ogden_2025	CRC12	target_mean	state_enhanced	341	1	CLDN15	-0.030108090499669532	-0.030117193083439575
Ogden_2025	CRC12	target_mean	state_enhanced	341	1	CLDN16	-0.009211098659659562	-0.009211359176112632
Ogden_2025	CRC12	target_mean	state_enhanced	341	1	CLDN17	NA	NA
Ogden_2025	CRC12	target_mean	state_enhanced	341	1	CLDN18	0.013172257756542297	0.01317301966820623
Ogden_2025	CRC12	target_mean	state_enhanced	341	1	CLDN19	0.05532973125815099	0.05538629695808081
Ogden_2025	CRC12	target_mean	state_enhanced	341	1	CLDN2	-0.09998116565175356	-0.10031632317307841
Ogden_2025	CRC12	target_mean	state_enhanced	341	1	CLDN20	0.0723113737062007	0.07243780776516494
Ogden_2025	CRC12	target_mean	state_enhanced	341	1	CLDN22	NA	NA
Ogden_2025	CRC12	target_mean	state_enhanced	341	1	CLDN23	0.038412084101706274	0.038430993036818635
Ogden_2025	CRC12	target_mean	state_enhanced	341	1	CLDN3	0.09462138457941105	0.09490529957956417
Ogden_2025	CRC12	target_mean	state_enhanced	341	1	CLDN4	0.06880396982085797	0.06891285160483404
Ogden_2025	CRC12	target_mean	state_enhanced	341	1	CLDN5	NA	NA
Ogden_2025	CRC12	target_mean	state_enhanced	341	1	CLDN6	0.011073047974131148	0.011073500571725596
Ogden_2025	CRC12	target_mean	state_enhanced	341	1	CLDN7	0.07840573082721745	0.07856699138075637
Ogden_2025	CRC12	target_mean	state_enhanced	341	1	CLDN8	NA	NA
Ogden_2025	CRC12	target_mean	state_enhanced	341	1	CLDN9	0.054741061459048175	0.05479583870575874
Ogden_2025	CRC12	target_mean	state_enhanced	341	1	CRB3	0.017633817065524037	0.017635645160586536
Ogden_2025	CRC12	target_mean	state_enhanced	341	1	F11R	0.18691833789756368	0.18914202264781946
Ogden_2025	CRC12	target_mean	state_enhanced	341	1	PALS1	-0.09000373203703038	-0.09024795037080977
Ogden_2025	CRC12	target_mean	state_enhanced	341	1	PARD3	-0.05515899859978026	-0.055215041638353085
Ogden_2025	CRC12	target_mean	state_enhanced	341	1	PARD6A	0.013939669242123871	0.013940572240127638
Ogden_2025	CRC12	target_mean	state_enhanced	341	1	PARD6B	0.12222770800093456	0.12284190116040072
Ogden_2025	CRC12	target_mean	state_enhanced	341	1	PARD6G	-0.09641146919140117	-0.09671186670420942
Ogden_2025	CRC12	target_mean	state_enhanced	341	1	PATJ	0.09790426827028095	0.09821889186587991
Ogden_2025	CRC12	target_mean	state_enhanced	341	1	PRKCI	0.09895886134365263	0.09928380272130106
Ogden_2025	CRC14	target_mean	common	1554	1	CLDN1	-0.0011614311750276888	-0.0011614316972549442
Ogden_2025	CRC14	target_mean	common	1554	1	CLDN10	-0.010320577874157648	-0.010320944327381875
Ogden_2025	CRC14	target_mean	common	1554	1	CLDN11	-0.01386228351792812	-0.01386317155920668
Ogden_2025	CRC14	target_mean	common	1554	1	CLDN12	-0.020221101814542182	-0.020223858579622556
Ogden_2025	CRC14	target_mean	common	1554	1	CLDN14	0.01457630109174736	0.01457733355857346
Ogden_2025	CRC14	target_mean	common	1554	1	CLDN15	0.006511437695375909	0.00651152972347718
Ogden_2025	CRC14	target_mean	common	1554	1	CLDN16	-0.0400751899016564	-0.04009666446207119
Ogden_2025	CRC14	target_mean	common	1554	1	CLDN17	NA	NA
Ogden_2025	CRC14	target_mean	common	1554	1	CLDN18	0.015504255439957742	0.015505497933483294
Ogden_2025	CRC14	target_mean	common	1554	1	CLDN19	0.0013635502065441794	0.0013635510516140739
Ogden_2025	CRC14	target_mean	common	1554	1	CLDN2	-0.060487281954726906	-0.060561212817952306
Ogden_2025	CRC14	target_mean	common	1554	1	CLDN20	-0.004077744424580233	-0.004077767026383271
Ogden_2025	CRC14	target_mean	common	1554	1	CLDN22	NA	NA
Ogden_2025	CRC14	target_mean	common	1554	1	CLDN23	-0.018615359604140992	-0.018617510321531566
Ogden_2025	CRC14	target_mean	common	1554	1	CLDN3	0.1866213733655627	0.18883432469190417
Ogden_2025	CRC14	target_mean	common	1554	1	CLDN4	0.18423413911006056	0.1863620849568925
Ogden_2025	CRC14	target_mean	common	1554	1	CLDN5	-0.009031038183749505	-0.009031283718538227
Ogden_2025	CRC14	target_mean	common	1554	1	CLDN6	-0.017029612365665876	-0.01703125889173468
Ogden_2025	CRC14	target_mean	common	1554	1	CLDN7	0.06804757481681721	0.06815289839736403
Ogden_2025	CRC14	target_mean	common	1554	1	CLDN8	NA	NA
Ogden_2025	CRC14	target_mean	common	1554	1	CLDN9	0.026476090464314227	0.02648227950057621
Ogden_2025	CRC14	target_mean	common	1554	1	CRB3	-0.003015536202032793	-0.0030155453426338537
Ogden_2025	CRC14	target_mean	common	1554	1	F11R	0.08055598484562392	0.08073091621471849
Ogden_2025	CRC14	target_mean	common	1554	1	PALS1	0.00035257741269747995	0.0003525774273072115
Ogden_2025	CRC14	target_mean	common	1554	1	PARD3	-0.00233938334970114	-0.0023393876173075125
Ogden_2025	CRC14	target_mean	common	1554	1	PARD6A	-0.019175777119385985	-0.01917812801581538
Ogden_2025	CRC14	target_mean	common	1554	1	PARD6B	0.1335704447444126	0.13437340409266485
Ogden_2025	CRC14	target_mean	common	1554	1	PARD6G	-0.013669387882307614	-0.013670239362677252
Ogden_2025	CRC14	target_mean	common	1554	1	PATJ	0.05546134327600111	0.055518314092556295
Ogden_2025	CRC14	target_mean	common	1554	1	PRKCI	0.03214682425548875	0.03215790483241819
Ogden_2025	CRC14	target_mean	state_enhanced	1554	1	CLDN1	0.03833992970450469	0.03835873221978638
Ogden_2025	CRC14	target_mean	state_enhanced	1554	1	CLDN10	-0.01481719658752756	-0.014818281098845632
Ogden_2025	CRC14	target_mean	state_enhanced	1554	1	CLDN11	-0.009759852115739182	-0.009760162024089959
Ogden_2025	CRC14	target_mean	state_enhanced	1554	1	CLDN12	-0.02517454785276797	-0.02517986806513817
Ogden_2025	CRC14	target_mean	state_enhanced	1554	1	CLDN14	0.01052132307299694	0.010521711329430949
Ogden_2025	CRC14	target_mean	state_enhanced	1554	1	CLDN15	0.010089257743092918	0.010089600103017219
Ogden_2025	CRC14	target_mean	state_enhanced	1554	1	CLDN16	-0.04006692896641877	-0.0400883902410011
Ogden_2025	CRC14	target_mean	state_enhanced	1554	1	CLDN17	NA	NA
Ogden_2025	CRC14	target_mean	state_enhanced	1554	1	CLDN18	0.018044156701228355	0.018046115425785696
Ogden_2025	CRC14	target_mean	state_enhanced	1554	1	CLDN19	-0.0004361053443035438	-0.0004361053719508627
Ogden_2025	CRC14	target_mean	state_enhanced	1554	1	CLDN2	-0.038181354566009865	-0.038199924606185674
Ogden_2025	CRC14	target_mean	state_enhanced	1554	1	CLDN20	0.0033833536324322138	0.0033833665423628144
Ogden_2025	CRC14	target_mean	state_enhanced	1554	1	CLDN22	NA	NA
Ogden_2025	CRC14	target_mean	state_enhanced	1554	1	CLDN23	-0.030271998193094583	-0.030281250305347056
Ogden_2025	CRC14	target_mean	state_enhanced	1554	1	CLDN3	0.14875844286230366	0.14987054201502648
Ogden_2025	CRC14	target_mean	state_enhanced	1554	1	CLDN4	0.1750099168672731	0.17683025030621466
Ogden_2025	CRC14	target_mean	state_enhanced	1554	1	CLDN5	-0.003516798927501155	-0.003516813426051568
Ogden_2025	CRC14	target_mean	state_enhanced	1554	1	CLDN6	-0.022057164986267603	-0.022060743103959363
Ogden_2025	CRC14	target_mean	state_enhanced	1554	1	CLDN7	0.04425722798886124	0.04428615757218399
Ogden_2025	CRC14	target_mean	state_enhanced	1554	1	CLDN8	NA	NA
Ogden_2025	CRC14	target_mean	state_enhanced	1554	1	CLDN9	0.012837570925821431	0.012838276219936579
Ogden_2025	CRC14	target_mean	state_enhanced	1554	1	CRB3	-0.008249445956623148	-0.00824963309843254
Ogden_2025	CRC14	target_mean	state_enhanced	1554	1	F11R	0.09097989629286474	0.0912321742891318
Ogden_2025	CRC14	target_mean	state_enhanced	1554	1	PALS1	-0.017034733131309977	-0.017036381143317895
Ogden_2025	CRC14	target_mean	state_enhanced	1554	1	PARD3	0.022703299747479526	0.022707201682518968
Ogden_2025	CRC14	target_mean	state_enhanced	1554	1	PARD6A	-0.012977034527361203	-0.012977763059995843
Ogden_2025	CRC14	target_mean	state_enhanced	1554	1	PARD6B	0.11235325448035292	0.11282962225465189
Ogden_2025	CRC14	target_mean	state_enhanced	1554	1	PARD6G	-0.0076336744828369	-0.007633822767023881
Ogden_2025	CRC14	target_mean	state_enhanced	1554	1	PATJ	0.10317826736271903	0.10354676082366317
Ogden_2025	CRC14	target_mean	state_enhanced	1554	1	PRKCI	0.024533596220465977	0.024538520234302787
Ogden_2025	CRC15	target_mean	common	729	1	CLDN1	0.018622438245452073	0.018624591417599496
Ogden_2025	CRC15	target_mean	common	729	1	CLDN10	-0.015151256746915254	-0.015152416283730435
Ogden_2025	CRC15	target_mean	common	729	1	CLDN11	-0.057172191101546886	-0.05723460569520823
Ogden_2025	CRC15	target_mean	common	729	1	CLDN12	0.12906033891880475	0.12978415414509556
Ogden_2025	CRC15	target_mean	common	729	1	CLDN14	-0.06664332411607861	-0.0667422495905038
Ogden_2025	CRC15	target_mean	common	729	1	CLDN15	-0.04212814210429481	-0.042153091410441684
Ogden_2025	CRC15	target_mean	common	729	1	CLDN16	0.03592150023807889	0.03593696269706154
Ogden_2025	CRC15	target_mean	common	729	1	CLDN17	NA	NA
Ogden_2025	CRC15	target_mean	common	729	1	CLDN18	0.02960533287229713	0.02961398687572553
Ogden_2025	CRC15	target_mean	common	729	1	CLDN19	0.03589331393827023	0.03590874000855664
Ogden_2025	CRC15	target_mean	common	729	1	CLDN2	-0.09458354199517197	-0.09486711525993836
Ogden_2025	CRC15	target_mean	common	729	1	CLDN20	0.013081084292876907	0.013081830491716932
Ogden_2025	CRC15	target_mean	common	729	1	CLDN22	NA	NA
Ogden_2025	CRC15	target_mean	common	729	1	CLDN23	-0.01777915147109927	-0.017781025145890663
Ogden_2025	CRC15	target_mean	common	729	1	CLDN3	0.0632695435693077	0.06335417032294809
Ogden_2025	CRC15	target_mean	common	729	1	CLDN4	0.13552247710184914	0.1363614257879599
Ogden_2025	CRC15	target_mean	common	729	1	CLDN5	0.03429038785348805	0.034303837240192835
Ogden_2025	CRC15	target_mean	common	729	1	CLDN6	0.036583823941569255	0.036600158033046934
Ogden_2025	CRC15	target_mean	common	729	1	CLDN7	-0.005032390267677803	-0.005032432750003655
Ogden_2025	CRC15	target_mean	common	729	1	CLDN8	NA	NA
Ogden_2025	CRC15	target_mean	common	729	1	CLDN9	-0.0067872871736814055	-0.006787391400486169
Ogden_2025	CRC15	target_mean	common	729	1	CRB3	0.0480187379970507	0.04805569633083932
Ogden_2025	CRC15	target_mean	common	729	1	F11R	0.04821797531804481	0.048255396032445885
Ogden_2025	CRC15	target_mean	common	729	1	PALS1	0.051209133591159764	0.051253967344988
Ogden_2025	CRC15	target_mean	common	729	1	PARD3	0.03506615971162414	0.03508054319058736
Ogden_2025	CRC15	target_mean	common	729	1	PARD6A	-0.029329019390763034	-0.029337433256917053
Ogden_2025	CRC15	target_mean	common	729	1	PARD6B	0.042936485351334826	0.04296289964313601
Ogden_2025	CRC15	target_mean	common	729	1	PARD6G	0.01400017912807978	0.014001093937442742
Ogden_2025	CRC15	target_mean	common	729	1	PATJ	-0.10251580589171137	-0.1028772172209993
Ogden_2025	CRC15	target_mean	common	729	1	PRKCI	-0.007297254817357955	-0.007297384347594022
Ogden_2025	CRC15	target_mean	state_enhanced	729	1	CLDN1	-0.019183142228655553	-0.019185495835349724
Ogden_2025	CRC15	target_mean	state_enhanced	729	1	CLDN10	-0.042479856488368044	-0.04250543636469453
Ogden_2025	CRC15	target_mean	state_enhanced	729	1	CLDN11	-0.05246239710838812	-0.05251060755356688
Ogden_2025	CRC15	target_mean	state_enhanced	729	1	CLDN12	0.12082244522699931	0.1214155736418689
Ogden_2025	CRC15	target_mean	state_enhanced	729	1	CLDN14	-0.09171147545031658	-0.09196990916572936
Ogden_2025	CRC15	target_mean	state_enhanced	729	1	CLDN15	-0.028386616918290673	-0.028394245252271584
Ogden_2025	CRC15	target_mean	state_enhanced	729	1	CLDN16	0.01516201124770384	0.015163173255648945
Ogden_2025	CRC15	target_mean	state_enhanced	729	1	CLDN17	NA	NA
Ogden_2025	CRC15	target_mean	state_enhanced	729	1	CLDN18	0.010904115692583836	0.010904547888920502
Ogden_2025	CRC15	target_mean	state_enhanced	729	1	CLDN19	0.03574771820182857	0.03576295721658956
Ogden_2025	CRC15	target_mean	state_enhanced	729	1	CLDN2	-0.003280086716635369	-0.0032800984801615975
Ogden_2025	CRC15	target_mean	state_enhanced	729	1	CLDN20	0.009930821062986109	0.009931147545491714
Ogden_2025	CRC15	target_mean	state_enhanced	729	1	CLDN22	NA	NA
Ogden_2025	CRC15	target_mean	state_enhanced	729	1	CLDN23	-0.03367097514044944	-0.03368370845276293
Ogden_2025	CRC15	target_mean	state_enhanced	729	1	CLDN3	0.08100572879213129	0.08118361427142509
Ogden_2025	CRC15	target_mean	state_enhanced	729	1	CLDN4	0.15544960844489125	0.15672020691916502
Ogden_2025	CRC15	target_mean	state_enhanced	729	1	CLDN5	0.0400797203811842	0.040101202230173064
Ogden_2025	CRC15	target_mean	state_enhanced	729	1	CLDN6	0.042995980490534214	0.04302250481930023
Ogden_2025	CRC15	target_mean	state_enhanced	729	1	CLDN7	-0.023377185136005826	-0.023381445020560027
Ogden_2025	CRC15	target_mean	state_enhanced	729	1	CLDN8	NA	NA
Ogden_2025	CRC15	target_mean	state_enhanced	729	1	CLDN9	-0.0009287415278094708	-0.0009287417948416287
Ogden_2025	CRC15	target_mean	state_enhanced	729	1	CRB3	0.02536130981554472	0.02536674934621981
Ogden_2025	CRC15	target_mean	state_enhanced	729	1	F11R	0.02853335438936777	0.028541101673023213
Ogden_2025	CRC15	target_mean	state_enhanced	729	1	PALS1	0.0027024005176697315	0.0027024070962138945
Ogden_2025	CRC15	target_mean	state_enhanced	729	1	PARD3	-0.008212676104454997	-0.008212860754920524
Ogden_2025	CRC15	target_mean	state_enhanced	729	1	PARD6A	-0.022331308300130668	-0.022335021524743655
Ogden_2025	CRC15	target_mean	state_enhanced	729	1	PARD6B	0.01624788726378978	0.016249317271024268
Ogden_2025	CRC15	target_mean	state_enhanced	729	1	PARD6G	0.026570168035459616	0.02657642329973075
Ogden_2025	CRC15	target_mean	state_enhanced	729	1	PATJ	-0.021420262945466055	-0.02142353991739377
Ogden_2025	CRC15	target_mean	state_enhanced	729	1	PRKCI	0.015971280680424336	0.01597263888267842
