pair_id	priority	side	program_id	gene_role	gene	mean_expression	detected_epithelial_cells	expression_bin
actin_tight_junction	secondary	a	ACTIN_TURNOVER_UNION	control	A1CF	0.600830361462077	5246	22
actin_tight_junction	secondary	a	ACTIN_TURNOVER_UNION	control	ABI2	0.7037999176135407	6320	23
actin_tight_junction	secondary	a	ACTIN_TURNOVER_UNION	control	AC002070.1	0.017061464779726143	319	13
actin_tight_junction	secondary	a	ACTIN_TURNOVER_UNION	control	AC002128.2	0.005553132839567449	88	10
actin_tight_junction	secondary	a	ACTIN_TURNOVER_UNION	control	AC002401.2	0.00012492972702854644	2	1
actin_tight_junction	secondary	a	ACTIN_TURNOVER_UNION	control	AC003005.2	0.0027540346596047244	41	8
actin_tight_junction	secondary	a	ACTIN_TURNOVER_UNION	control	AC003044.1	0.0010560961545269512	16	6
actin_tight_junction	secondary	a	ACTIN_TURNOVER_UNION	control	AC003956.1	0.0012361738607180367	19	6
actin_tight_junction	secondary	a	ACTIN_TURNOVER_UNION	control	AC004241.2	0.0003123243175713661	5	3
actin_tight_junction	secondary	a	ACTIN_TURNOVER_UNION	control	AC004594.1	0.09036868412271988	953	17
actin_tight_junction	secondary	a	ACTIN_TURNOVER_UNION	control	AC004596.1	0.03181098324941719	490	14
actin_tight_junction	secondary	a	ACTIN_TURNOVER_UNION	control	AC004870.2	0.008870010619026794	93	11
actin_tight_junction	secondary	a	ACTIN_TURNOVER_UNION	control	AC004921.1	0.0007216788647332759	13	5
actin_tight_junction	secondary	a	ACTIN_TURNOVER_UNION	control	AC005089.1	0.045725812489181096	670	15
actin_tight_junction	secondary	a	ACTIN_TURNOVER_UNION	control	AC005277.1	0.00012492972702854644	2	1
actin_tight_junction	secondary	a	ACTIN_TURNOVER_UNION	control	AC005343.4	0.0003125754279147973	6	3
actin_tight_junction	secondary	a	ACTIN_TURNOVER_UNION	control	AC005393.1	0.001998875632456753	34	8
actin_tight_junction	secondary	a	ACTIN_TURNOVER_UNION	control	AC005520.3	0.0007962186774439648	14	5
actin_tight_junction	secondary	a	ACTIN_TURNOVER_UNION	control	AC005544.1	0.00012492972702854644	2	1
actin_tight_junction	secondary	a	ACTIN_TURNOVER_UNION	control	AC005722.3	0.00012492972702854644	2	1
actin_tight_junction	secondary	a	ACTIN_TURNOVER_UNION	control	AC005837.1	0.008921888723640888	142	11
actin_tight_junction	secondary	a	ACTIN_TURNOVER_UNION	control	AC005856.1	0.054709563212716666	794	15
actin_tight_junction	secondary	a	ACTIN_TURNOVER_UNION	control	AC006017.1	0.006329372204089492	102	10
actin_tight_junction	secondary	a	ACTIN_TURNOVER_UNION	control	AC006141.1	0.0827796553990569	1188	16
actin_tight_junction	secondary	a	ACTIN_TURNOVER_UNION	control	AC007036.3	0.0008120432256855521	13	5
actin_tight_junction	secondary	a	ACTIN_TURNOVER_UNION	control	AC007114.1	0.022444832592307177	330	13
actin_tight_junction	secondary	a	ACTIN_TURNOVER_UNION	control	AC007128.2	0.08550273548157529	1151	17
actin_tight_junction	secondary	a	ACTIN_TURNOVER_UNION	control	AC007182.1	0.0021975482393029972	36	8
actin_tight_junction	secondary	a	ACTIN_TURNOVER_UNION	control	AC007285.1	0.05936148159731343	852	16
actin_tight_junction	secondary	a	ACTIN_TURNOVER_UNION	control	AC007448.4	0.006041356679746729	91	10
actin_tight_junction	secondary	a	ACTIN_TURNOVER_UNION	control	AC007731.3	0.0011467671616250629	19	6
actin_tight_junction	secondary	a	ACTIN_TURNOVER_UNION	control	AC007823.1	0.0012309608762391883	19	6
actin_tight_junction	secondary	a	ACTIN_TURNOVER_UNION	control	AC007993.2	0.00012492972702854644	2	1
actin_tight_junction	secondary	a	ACTIN_TURNOVER_UNION	control	AC008033.3	0.0008734884361270905	13	5
actin_tight_junction	secondary	a	ACTIN_TURNOVER_UNION	control	AC008149.1	0.0003123243175713661	5	3
actin_tight_junction	secondary	a	ACTIN_TURNOVER_UNION	control	AC008180.2	0.00460831725744075	71	10
actin_tight_junction	secondary	a	ACTIN_TURNOVER_UNION	control	AC008443.2	0.00012492972702854644	2	1
actin_tight_junction	secondary	a	ACTIN_TURNOVER_UNION	control	AC008738.3	0.0009666617325165562	16	6
actin_tight_junction	secondary	a	ACTIN_TURNOVER_UNION	control	AC008738.4	6.246486351427322e-05	1	1
actin_tight_junction	secondary	a	ACTIN_TURNOVER_UNION	control	AC008771.1	0.26133726254357803	3103	20
actin_tight_junction	secondary	a	ACTIN_TURNOVER_UNION	control	AC009097.1	0.019426142021169435	291	13
actin_tight_junction	secondary	a	ACTIN_TURNOVER_UNION	control	AC009097.3	0.0002498594540570929	4	3
actin_tight_junction	secondary	a	ACTIN_TURNOVER_UNION	control	AC009120.2	0.3894393601403551	4420	21
actin_tight_junction	secondary	a	ACTIN_TURNOVER_UNION	control	AC009137.1	0.017596009375712613	264	13
actin_tight_junction	secondary	a	ACTIN_TURNOVER_UNION	control	AC009271.1	0.10516712273087761	784	17
actin_tight_junction	secondary	a	ACTIN_TURNOVER_UNION	control	AC009315.1	0.24161951123432013	2039	20
actin_tight_junction	secondary	a	ACTIN_TURNOVER_UNION	control	AC009656.1	0.0007496201904967394	13	5
actin_tight_junction	secondary	a	ACTIN_TURNOVER_UNION	control	AC009704.2	0.005191025019578609	87	10
actin_tight_junction	secondary	a	ACTIN_TURNOVER_UNION	control	AC010320.4	0.03834629342545425	573	15
actin_tight_junction	secondary	a	ACTIN_TURNOVER_UNION	control	AC010327.7	0.0011871934934889283	20	6
actin_tight_junction	secondary	a	ACTIN_TURNOVER_UNION	control	AC011511.2	0.01933296145244737	291	13
actin_tight_junction	secondary	a	ACTIN_TURNOVER_UNION	control	AC012085.2	0.07571016026508265	1061	16
actin_tight_junction	secondary	a	ACTIN_TURNOVER_UNION	control	AC012435.3	0.005049698032916713	81	10
actin_tight_junction	secondary	a	ACTIN_TURNOVER_UNION	control	AC012447.1	0.03258073462285156	495	14
actin_tight_junction	secondary	a	ACTIN_TURNOVER_UNION	control	AC013460.1	0.000346700504335625	7	3
actin_tight_junction	secondary	a	ACTIN_TURNOVER_UNION	control	AC015871.7	0.017658097295417396	281	13
actin_tight_junction	secondary	a	ACTIN_TURNOVER_UNION	control	AC016957.2	0.007524484436563666	120	11
actin_tight_junction	secondary	a	ACTIN_TURNOVER_UNION	control	AC017028.2	0.0003701369397100663	6	3
actin_tight_junction	secondary	a	ACTIN_TURNOVER_UNION	control	AC018697.1	0.0044055659093790705	57	10
actin_tight_junction	secondary	a	ACTIN_TURNOVER_UNION	control	AC018752.1	0.005477549004540125	88	10
actin_tight_junction	secondary	a	ACTIN_TURNOVER_UNION	control	AC018816.1	0.04263191386239133	631	15
actin_tight_junction	secondary	a	ACTIN_TURNOVER_UNION	control	AC019130.1	0.07214919725061016	968	16
actin_tight_junction	secondary	a	ACTIN_TURNOVER_UNION	control	AC019163.1	0.009894943354957674	157	12
actin_tight_junction	secondary	a	ACTIN_TURNOVER_UNION	control	AC020656.2	0.058456411560661906	641	16
actin_tight_junction	secondary	a	ACTIN_TURNOVER_UNION	control	AC020663.3	0.010116386457507932	157	12
actin_tight_junction	secondary	a	ACTIN_TURNOVER_UNION	control	AC020763.1	0.0007475581411285088	12	5
actin_tight_junction	secondary	a	ACTIN_TURNOVER_UNION	control	AC020908.1	0.0060335999388810594	96	10
actin_tight_junction	secondary	a	ACTIN_TURNOVER_UNION	control	AC020915.2	0.050346883130078006	754	15
actin_tight_junction	secondary	a	ACTIN_TURNOVER_UNION	control	AC021351.1	0.004470137837482826	65	10
actin_tight_junction	secondary	a	ACTIN_TURNOVER_UNION	control	AC021660.4	0.0026893861937607763	44	8
actin_tight_junction	secondary	a	ACTIN_TURNOVER_UNION	control	AC021733.2	0.0009543415205759695	15	6
actin_tight_junction	secondary	a	ACTIN_TURNOVER_UNION	control	AC022558.2	0.020036989033084415	320	13
actin_tight_junction	secondary	a	ACTIN_TURNOVER_UNION	control	AC022613.1	0.011836867912830295	176	12
actin_tight_junction	secondary	a	ACTIN_TURNOVER_UNION	control	AC022903.1	0.0003673836437139321	6	3
actin_tight_junction	secondary	a	ACTIN_TURNOVER_UNION	control	AC023590.1	0.7793898341493245	6541	23
actin_tight_junction	secondary	a	ACTIN_TURNOVER_UNION	control	AC024270.4	0.0003123243175713661	5	3
actin_tight_junction	secondary	a	ACTIN_TURNOVER_UNION	control	AC024560.3	0.0007021432851030897	12	5
actin_tight_junction	secondary	a	ACTIN_TURNOVER_UNION	control	AC025284.1	0.00012227997683638805	2	1
actin_tight_junction	secondary	a	ACTIN_TURNOVER_UNION	control	AC025470.2	0.0008054774365558251	14	5
actin_tight_junction	secondary	a	ACTIN_TURNOVER_UNION	control	AC026367.1	0.002052174646422957	33	8
actin_tight_junction	secondary	a	ACTIN_TURNOVER_UNION	control	AC026748.3	0.006558309526816984	107	11
actin_tight_junction	secondary	a	ACTIN_TURNOVER_UNION	control	AC027698.1	0.0003577724027652244	7	3
actin_tight_junction	secondary	a	ACTIN_TURNOVER_UNION	control	AC034232.2	0.00012492972702854644	2	1
actin_tight_junction	secondary	a	ACTIN_TURNOVER_UNION	control	AC055788.1	0.0010225939061135488	17	6
actin_tight_junction	secondary	a	ACTIN_TURNOVER_UNION	control	AC063965.2	0.0024057326113398067	39	8
actin_tight_junction	secondary	a	ACTIN_TURNOVER_UNION	control	AC066580.1	0.0007913973890079746	13	5
actin_tight_junction	secondary	a	ACTIN_TURNOVER_UNION	control	AC067751.1	0.012601630019932655	206	12
actin_tight_junction	secondary	a	ACTIN_TURNOVER_UNION	control	AC067930.1	0.0009363998746624731	15	6
actin_tight_junction	secondary	a	ACTIN_TURNOVER_UNION	control	AC068473.1	0.007774164745321993	121	11
actin_tight_junction	secondary	a	ACTIN_TURNOVER_UNION	control	AC068473.2	0.0003123243175713661	5	3
actin_tight_junction	secondary	a	ACTIN_TURNOVER_UNION	control	AC069294.1	0.0006223064805113686	9	5
actin_tight_junction	secondary	a	ACTIN_TURNOVER_UNION	control	AC069503.1	0.002606593309302742	40	8
actin_tight_junction	secondary	a	ACTIN_TURNOVER_UNION	control	AC072028.1	0.11615764401125622	1531	17
actin_tight_junction	secondary	a	ACTIN_TURNOVER_UNION	control	AC072039.2	0.0007495783621712787	11	5
actin_tight_junction	secondary	a	ACTIN_TURNOVER_UNION	control	AC073046.3	0.07707440263364637	1133	16
actin_tight_junction	secondary	a	ACTIN_TURNOVER_UNION	control	AC073349.1	0.0019915369115604646	31	8
actin_tight_junction	secondary	a	ACTIN_TURNOVER_UNION	control	AC073569.2	0.08365123447230216	1061	17
actin_tight_junction	secondary	a	ACTIN_TURNOVER_UNION	control	AC074008.2	0.0003123243175713661	5	3
actin_tight_junction	secondary	a	ACTIN_TURNOVER_UNION	control	AC079354.2	0.0006811411683538122	10	5
actin_tight_junction	secondary	a	ACTIN_TURNOVER_UNION	control	AC079760.1	0.042961879565942315	516	15
actin_tight_junction	secondary	a	ACTIN_TURNOVER_UNION	control	AC080128.2	0.00012492972702854644	2	1
actin_tight_junction	secondary	a	ACTIN_TURNOVER_UNION	control	AC083805.2	0.01447852222378412	226	12
actin_tight_junction	secondary	a	ACTIN_TURNOVER_UNION	control	AC089985.1	0.014137233880020578	224	12
actin_tight_junction	secondary	a	ACTIN_TURNOVER_UNION	control	AC090204.1	0.023348171801935033	311	13
actin_tight_junction	secondary	a	ACTIN_TURNOVER_UNION	control	AC091047.1	0.0010394898440286978	17	6
actin_tight_junction	secondary	a	ACTIN_TURNOVER_UNION	control	AC092111.1	0.0008120432256855533	14	5
actin_tight_junction	secondary	a	ACTIN_TURNOVER_UNION	control	AC092134.1	0.0002498594540570929	4	3
actin_tight_junction	secondary	a	ACTIN_TURNOVER_UNION	control	AC092343.1	0.006196569067987013	92	10
actin_tight_junction	secondary	a	ACTIN_TURNOVER_UNION	control	AC092436.3	0.024233159815485465	369	14
actin_tight_junction	secondary	a	ACTIN_TURNOVER_UNION	control	AC092620.2	0.0012438544975958447	20	6
actin_tight_junction	secondary	a	ACTIN_TURNOVER_UNION	control	AC092625.1	0.0008745080891998253	11	5
actin_tight_junction	secondary	a	ACTIN_TURNOVER_UNION	control	AC092683.2	0.0006642958547346849	11	5
actin_tight_junction	secondary	a	ACTIN_TURNOVER_UNION	control	AC092924.2	0.0003123243175713661	4	3
actin_tight_junction	secondary	a	ACTIN_TURNOVER_UNION	control	AC093001.1	0.0008461167315077355	12	5
actin_tight_junction	secondary	a	ACTIN_TURNOVER_UNION	control	AC093151.3	0.0007438842700284147	12	5
actin_tight_junction	secondary	a	ACTIN_TURNOVER_UNION	control	AC093425.1	0.1110549402032906	1079	17
actin_tight_junction	secondary	a	ACTIN_TURNOVER_UNION	control	AC093635.1	0.002624338534288027	41	8
actin_tight_junction	secondary	a	ACTIN_TURNOVER_UNION	control	AC093916.1	0.06057237099905918	651	16
actin_tight_junction	secondary	a	ACTIN_TURNOVER_UNION	control	AC096570.2	0.0009893951391293605	16	6
actin_tight_junction	secondary	a	ACTIN_TURNOVER_UNION	control	AC096711.2	0.017350602681635813	247	13
actin_tight_junction	secondary	a	ACTIN_TURNOVER_UNION	control	AC097375.1	0.0007414208732424838	8	5
actin_tight_junction	secondary	a	ACTIN_TURNOVER_UNION	control	AC097480.1	0.010604695162953873	120	12
actin_tight_junction	secondary	a	ACTIN_TURNOVER_UNION	control	AC097480.2	0.00012492972702854644	2	1
actin_tight_junction	secondary	a	ACTIN_TURNOVER_UNION	control	AC097532.3	0.014538332776191135	226	12
actin_tight_junction	secondary	a	ACTIN_TURNOVER_UNION	control	AC099778.1	0.017978705917696496	283	13
actin_tight_junction	secondary	a	ACTIN_TURNOVER_UNION	control	AC103831.1	0.0020236835927115557	32	8
actin_tight_junction	secondary	a	ACTIN_TURNOVER_UNION	control	AC104078.1	0.0009783344881190107	17	6
actin_tight_junction	secondary	a	ACTIN_TURNOVER_UNION	control	AC104634.2	0.0003731905412492258	6	3
actin_tight_junction	secondary	a	ACTIN_TURNOVER_UNION	control	AC104984.4	0.0009803494715218619	17	6
actin_tight_junction	secondary	a	ACTIN_TURNOVER_UNION	control	AC105219.2	0.006736276839881353	106	11
actin_tight_junction	secondary	a	ACTIN_TURNOVER_UNION	control	AC105429.1	0.029306828130744714	462	14
actin_tight_junction	secondary	a	ACTIN_TURNOVER_UNION	control	AC105430.1	0.0012734674433421778	22	6
actin_tight_junction	secondary	a	ACTIN_TURNOVER_UNION	control	AC107208.1	0.0003158316323894232	23	3
actin_tight_junction	secondary	a	ACTIN_TURNOVER_UNION	control	AC107464.1	0.00012492972702854644	2	1
actin_tight_junction	secondary	a	ACTIN_TURNOVER_UNION	control	AC107958.3	0.0025578856103327463	41	8
actin_tight_junction	secondary	a	ACTIN_TURNOVER_UNION	control	AC109361.1	0.018318421531344595	258	13
actin_tight_junction	secondary	a	ACTIN_TURNOVER_UNION	control	AC109811.1	0.005353826639229147	75	10
actin_tight_junction	secondary	a	ACTIN_TURNOVER_UNION	control	AC109927.1	0.039353522350439735	519	15
actin_tight_junction	secondary	a	ACTIN_TURNOVER_UNION	control	AC110285.5	0.001061902679742645	17	6
actin_tight_junction	secondary	a	ACTIN_TURNOVER_UNION	control	AC110795.1	0.0447809995877556	693	15
actin_tight_junction	secondary	a	ACTIN_TURNOVER_UNION	control	AC111198.1	0.0006215021249705709	8	5
actin_tight_junction	secondary	a	ACTIN_TURNOVER_UNION	control	AC112196.1	0.026639658422277702	401	14
actin_tight_junction	secondary	a	ACTIN_TURNOVER_UNION	control	AC112907.3	0.005727377731055884	89	10
actin_tight_junction	secondary	a	ACTIN_TURNOVER_UNION	control	AC114284.1	6.246486351430435e-05	2	1
actin_tight_junction	secondary	a	ACTIN_TURNOVER_UNION	control	AC116345.4	0.008335713954040062	131	11
actin_tight_junction	secondary	a	ACTIN_TURNOVER_UNION	control	AC116362.1	0.07201968341296967	685	16
actin_tight_junction	secondary	a	ACTIN_TURNOVER_UNION	control	AC125494.1	0.014931763247566704	240	12
actin_tight_junction	secondary	a	ACTIN_TURNOVER_UNION	control	AC127520.1	0.0009134913326329911	15	6
actin_tight_junction	secondary	a	ACTIN_TURNOVER_UNION	control	AC136944.1	0.002213546610078103	36	8
actin_tight_junction	secondary	a	ACTIN_TURNOVER_UNION	control	AC138305.1	0.08950124775285877	541	17
actin_tight_junction	secondary	a	ACTIN_TURNOVER_UNION	control	AC146944.4	0.006110317948771645	99	10
actin_tight_junction	secondary	a	ACTIN_TURNOVER_UNION	control	AC174469.1	0.00036379492582957026	6	3
actin_tight_junction	secondary	a	ACTIN_TURNOVER_UNION	control	AC211486.5	0.004422277850671056	70	10
actin_tight_junction	secondary	a	ACTIN_TURNOVER_UNION	control	AC232271.1	0.006469111903795438	102	11
actin_tight_junction	secondary	a	ACTIN_TURNOVER_UNION	control	AC243547.2	9.305361611562082e-05	2	1
actin_tight_junction	secondary	a	ACTIN_TURNOVER_UNION	control	AC243960.3	0.00012492972702854644	2	1
actin_tight_junction	secondary	a	ACTIN_TURNOVER_UNION	control	AC245140.2	0.021593232963226502	331	13
actin_tight_junction	secondary	a	ACTIN_TURNOVER_UNION	control	ACACB	0.2527135928224915	3017	20
actin_tight_junction	secondary	a	ACTIN_TURNOVER_UNION	control	ACADVL	0.414856632778293	4339	21
actin_tight_junction	secondary	a	ACTIN_TURNOVER_UNION	control	ACMSD	0.00943166645449355	151	11
actin_tight_junction	secondary	a	ACTIN_TURNOVER_UNION	control	ADAD2	0.00012492972702854644	2	1
actin_tight_junction	secondary	a	ACTIN_TURNOVER_UNION	control	ADAM28	0.049432744154016384	752	15
actin_tight_junction	secondary	a	ACTIN_TURNOVER_UNION	control	ADGRF2	0.006043308105435384	84	10
actin_tight_junction	secondary	a	ACTIN_TURNOVER_UNION	control	AF064858.1	0.17243427467849526	1872	19
actin_tight_junction	secondary	a	ACTIN_TURNOVER_UNION	control	AFF1	1.9580874371122086	10606	24
actin_tight_junction	secondary	a	ACTIN_TURNOVER_UNION	control	AFF4	1.2535485827715829	8941	24
actin_tight_junction	secondary	a	ACTIN_TURNOVER_UNION	control	AIFM2	0.19579150387583888	2484	19
actin_tight_junction	secondary	a	ACTIN_TURNOVER_UNION	control	AL008725.1	0.009772760549813709	143	11
actin_tight_junction	secondary	a	ACTIN_TURNOVER_UNION	control	AL020993.1	0.0012985196713169913	20	6
actin_tight_junction	secondary	a	ACTIN_TURNOVER_UNION	control	AL022328.4	0.0053645757108589836	86	10
actin_tight_junction	secondary	a	ACTIN_TURNOVER_UNION	control	AL022329.1	0.0006871134986570056	11	5
actin_tight_junction	secondary	a	ACTIN_TURNOVER_UNION	control	AL023581.2	0.0007387092919343417	12	5
actin_tight_junction	secondary	a	ACTIN_TURNOVER_UNION	control	AL024474.2	0.009790423628064036	165	11
actin_tight_junction	secondary	a	ACTIN_TURNOVER_UNION	control	AL031428.1	0.3520488654608828	3816	21
actin_tight_junction	secondary	a	ACTIN_TURNOVER_UNION	control	AL031429.2	0.00012492972702854644	2	1
actin_tight_junction	secondary	a	ACTIN_TURNOVER_UNION	control	AL034417.3	0.010871685860314728	155	12
actin_tight_junction	secondary	a	ACTIN_TURNOVER_UNION	control	AL035603.1	0.0003745082138226416	6	3
actin_tight_junction	secondary	a	ACTIN_TURNOVER_UNION	control	AL049748.1	0.0003123243175713661	5	3
actin_tight_junction	secondary	a	ACTIN_TURNOVER_UNION	control	AL050343.3	0.000682249154251664	11	5
actin_tight_junction	secondary	a	ACTIN_TURNOVER_UNION	control	AL080275.1	0.0010191481868795846	18	6
actin_tight_junction	secondary	a	ACTIN_TURNOVER_UNION	control	AL080276.2	0.04095978030289302	600	15
actin_tight_junction	secondary	a	ACTIN_TURNOVER_UNION	control	AL109930.1	0.3835150192720517	3999	21
actin_tight_junction	secondary	a	ACTIN_TURNOVER_UNION	control	AL109955.2	0.0003123243175713661	5	3
actin_tight_junction	secondary	a	ACTIN_TURNOVER_UNION	control	AL117329.1	0.8404212609706943	3660	23
actin_tight_junction	secondary	a	ACTIN_TURNOVER_UNION	control	AL121809.1	0.0002498594540570929	4	3
actin_tight_junction	secondary	a	ACTIN_TURNOVER_UNION	control	AL121890.5	0.001061902679742645	17	6
actin_tight_junction	secondary	a	ACTIN_TURNOVER_UNION	control	AL121899.4	6.246486351427322e-05	1	1
actin_tight_junction	secondary	a	ACTIN_TURNOVER_UNION	control	AL121900.1	0.020514446241179932	298	13
actin_tight_junction	secondary	a	ACTIN_TURNOVER_UNION	control	AL121957.1	0.0003123243175713661	5	3
actin_tight_junction	secondary	a	ACTIN_TURNOVER_UNION	control	AL132712.2	0.013082937559395541	205	12
actin_tight_junction	secondary	a	ACTIN_TURNOVER_UNION	control	AL132800.1	0.06161241141478988	849	16
actin_tight_junction	secondary	a	ACTIN_TURNOVER_UNION	control	AL132996.1	0.0008517508429630282	14	5
actin_tight_junction	secondary	a	ACTIN_TURNOVER_UNION	control	AL133216.1	0.0006515675190796867	11	5
actin_tight_junction	secondary	a	ACTIN_TURNOVER_UNION	control	AL133227.1	0.039236771292671245	590	15
actin_tight_junction	secondary	a	ACTIN_TURNOVER_UNION	control	AL133467.1	0.00012492972702854644	2	1
actin_tight_junction	secondary	a	ACTIN_TURNOVER_UNION	control	AL136295.17	0.007752779318098053	122	11
actin_tight_junction	secondary	a	ACTIN_TURNOVER_UNION	control	AL136320.1	0.00037478918108563937	6	3
actin_tight_junction	secondary	a	ACTIN_TURNOVER_UNION	control	AL137779.2	0.043397786481903636	618	15
actin_tight_junction	secondary	a	ACTIN_TURNOVER_UNION	control	AL137847.1	0.010985735323317564	168	12
actin_tight_junction	secondary	a	ACTIN_TURNOVER_UNION	control	AL138900.1	0.00012492972702854644	2	1
actin_tight_junction	secondary	a	ACTIN_TURNOVER_UNION	control	AL138963.4	0.007587231972564706	118	11
actin_tight_junction	secondary	a	ACTIN_TURNOVER_UNION	control	AL139241.1	0.0009571407161324007	16	6
actin_tight_junction	secondary	a	ACTIN_TURNOVER_UNION	control	AL157893.2	0.005008656915759626	83	10
actin_tight_junction	secondary	a	ACTIN_TURNOVER_UNION	control	AL157997.1	0.0076468828817736	116	11
actin_tight_junction	secondary	a	ACTIN_TURNOVER_UNION	control	AL158207.2	0.0008681405599374229	18	5
actin_tight_junction	secondary	a	ACTIN_TURNOVER_UNION	control	AL158839.1	0.000809494456015325	13	5
actin_tight_junction	secondary	a	ACTIN_TURNOVER_UNION	control	AL160171.1	0.01294981313381738	199	12
actin_tight_junction	secondary	a	ACTIN_TURNOVER_UNION	control	AL160191.1	0.0002498594540570929	4	3
actin_tight_junction	secondary	a	ACTIN_TURNOVER_UNION	control	AL160313.1	0.013482100003640897	207	12
actin_tight_junction	secondary	a	ACTIN_TURNOVER_UNION	control	AL160408.5	0.00012492972702854644	2	1
actin_tight_junction	secondary	a	ACTIN_TURNOVER_UNION	control	AL161665.1	0.034569325270751905	529	14
actin_tight_junction	secondary	a	ACTIN_TURNOVER_UNION	control	AL161757.4	0.0025928181747532472	35	8
actin_tight_junction	secondary	a	ACTIN_TURNOVER_UNION	control	AL163636.1	0.006152851194570441	102	10
actin_tight_junction	secondary	a	ACTIN_TURNOVER_UNION	control	AL354861.3	0.0022911700975128684	35	8
actin_tight_junction	secondary	a	ACTIN_TURNOVER_UNION	control	AL354920.1	0.0025307973414553384	41	8
actin_tight_junction	secondary	a	ACTIN_TURNOVER_UNION	control	AL355303.1	0.006598452962802327	110	11
actin_tight_junction	secondary	a	ACTIN_TURNOVER_UNION	control	AL355516.1	0.002792573725755004	41	8
actin_tight_junction	secondary	a	ACTIN_TURNOVER_UNION	control	AL355601.1	0.0002498594540570929	4	3
actin_tight_junction	secondary	a	ACTIN_TURNOVER_UNION	control	AL356475.1	0.0003503485625178447	6	3
actin_tight_junction	secondary	a	ACTIN_TURNOVER_UNION	control	AL357558.1	6.246486351427322e-05	1	1
actin_tight_junction	secondary	a	ACTIN_TURNOVER_UNION	control	AL358292.1	0.0003589752709458252	6	3
actin_tight_junction	secondary	a	ACTIN_TURNOVER_UNION	control	AL358334.4	0.0006966537118397406	11	5
actin_tight_junction	secondary	a	ACTIN_TURNOVER_UNION	control	AL359091.4	0.0008393334928387833	14	5
actin_tight_junction	secondary	a	ACTIN_TURNOVER_UNION	control	AL359397.2	0.002593867239212511	42	8
actin_tight_junction	secondary	a	ACTIN_TURNOVER_UNION	control	AL359538.4	0.0003123243175713661	5	3
actin_tight_junction	secondary	a	ACTIN_TURNOVER_UNION	control	AL359851.1	0.012137071968979122	171	12
actin_tight_junction	secondary	a	ACTIN_TURNOVER_UNION	control	AL360020.1	0.012532791755388415	196	12
actin_tight_junction	secondary	a	ACTIN_TURNOVER_UNION	control	AL390763.1	0.0007811950016933169	13	5
actin_tight_junction	secondary	a	ACTIN_TURNOVER_UNION	control	AL391497.1	0.0003123243175713661	5	3
actin_tight_junction	secondary	a	ACTIN_TURNOVER_UNION	control	AL451050.2	0.013031553161740731	202	12
actin_tight_junction	secondary	a	ACTIN_TURNOVER_UNION	control	AL512358.1	0.0006871134986570056	11	5
actin_tight_junction	secondary	a	ACTIN_TURNOVER_UNION	control	AL590560.2	0.004526841263684975	72	10
actin_tight_junction	secondary	a	ACTIN_TURNOVER_UNION	control	AL590640.1	0.0009965251562738192	16	6
actin_tight_junction	secondary	a	ACTIN_TURNOVER_UNION	control	AL591895.1	0.3252948574320179	3616	21
actin_tight_junction	secondary	a	ACTIN_TURNOVER_UNION	control	AL592078.2	0.0026056314998030754	42	8
actin_tight_junction	secondary	a	ACTIN_TURNOVER_UNION	control	AL596094.1	0.005302929056897818	85	10
actin_tight_junction	secondary	a	ACTIN_TURNOVER_UNION	control	AL596451.1	0.0020613404959710165	28	8
actin_tight_junction	secondary	a	ACTIN_TURNOVER_UNION	control	AL606468.1	0.006246730284059696	83	10
actin_tight_junction	secondary	a	ACTIN_TURNOVER_UNION	control	AL606500.1	0.001144486275907087	16	6
actin_tight_junction	secondary	a	ACTIN_TURNOVER_UNION	control	AL671710.1	0.005804431092933456	95	10
actin_tight_junction	secondary	a	ACTIN_TURNOVER_UNION	control	ALDH18A1	0.5550364392267231	5197	22
actin_tight_junction	secondary	a	ACTIN_TURNOVER_UNION	control	ALDH3B1	0.05300811024703714	771	15
actin_tight_junction	secondary	a	ACTIN_TURNOVER_UNION	control	AMZ2	0.07302648442266163	1043	16
actin_tight_junction	secondary	a	ACTIN_TURNOVER_UNION	control	ANAPC15	0.07959429637966832	1105	16
actin_tight_junction	secondary	a	ACTIN_TURNOVER_UNION	control	ANAPC4	0.276026066631178	3411	20
actin_tight_junction	secondary	a	ACTIN_TURNOVER_UNION	control	ANKIB1	2.284706025967581	11264	24
actin_tight_junction	secondary	a	ACTIN_TURNOVER_UNION	control	ANKRD65	0.0007295976595182682	14	5
actin_tight_junction	secondary	a	ACTIN_TURNOVER_UNION	control	ANKRD7	0.010573433847905132	131	12
actin_tight_junction	secondary	a	ACTIN_TURNOVER_UNION	control	ANXA13	0.2376787245694314	1791	20
actin_tight_junction	secondary	a	ACTIN_TURNOVER_UNION	control	ANXA7	0.5235994157029227	5127	22
actin_tight_junction	secondary	a	ACTIN_TURNOVER_UNION	control	AP000223.1	0.0007495783621712788	12	5
actin_tight_junction	secondary	a	ACTIN_TURNOVER_UNION	control	AP000350.5	0.0026212769576630323	41	8
actin_tight_junction	secondary	a	ACTIN_TURNOVER_UNION	control	AP000428.1	0.0006246486351427324	10	5
actin_tight_junction	secondary	a	ACTIN_TURNOVER_UNION	control	AP000708.1	0.004466748336646878	68	10
actin_tight_junction	secondary	a	ACTIN_TURNOVER_UNION	control	AP000842.3	0.0009776662675167831	16	6
actin_tight_junction	secondary	a	ACTIN_TURNOVER_UNION	control	AP001160.4	0.0020113485978408945	36	8
actin_tight_junction	secondary	a	ACTIN_TURNOVER_UNION	control	AP001266.1	0.005755144407199773	90	10
actin_tight_junction	secondary	a	ACTIN_TURNOVER_UNION	control	AP001437.2	0.0022700433262998897	38	8
actin_tight_junction	secondary	a	ACTIN_TURNOVER_UNION	control	AP001599.1	0.0008745080891998252	11	5
actin_tight_junction	secondary	a	ACTIN_TURNOVER_UNION	control	AP002075.1	0.007765050951638813	106	11
actin_tight_junction	secondary	a	ACTIN_TURNOVER_UNION	control	AP002370.2	0.002113211198871457	34	8
actin_tight_junction	secondary	a	ACTIN_TURNOVER_UNION	control	AP002381.2	0.06293887358273552	886	16
actin_tight_junction	secondary	a	ACTIN_TURNOVER_UNION	control	AP002518.1	0.0008406162492801043	14	5
actin_tight_junction	secondary	a	ACTIN_TURNOVER_UNION	control	AP002528.1	0.00012492972702854644	2	1
actin_tight_junction	secondary	a	ACTIN_TURNOVER_UNION	control	AP002856.4	0.00012492972702854644	2	1
actin_tight_junction	secondary	a	ACTIN_TURNOVER_UNION	control	AP002961.1	0.014469274166068337	201	12
actin_tight_junction	secondary	a	ACTIN_TURNOVER_UNION	control	AP003049.2	0.002417545748185875	41	8
actin_tight_junction	secondary	a	ACTIN_TURNOVER_UNION	control	AP003059.2	0.04318198913324259	607	15
actin_tight_junction	secondary	a	ACTIN_TURNOVER_UNION	control	AP003071.2	0.021747116939334503	326	13
actin_tight_junction	secondary	a	ACTIN_TURNOVER_UNION	control	AP003100.3	0.00012492972702854644	2	1
actin_tight_junction	secondary	a	ACTIN_TURNOVER_UNION	control	AP006248.4	0.0003684964627864865	11	3
actin_tight_junction	secondary	a	ACTIN_TURNOVER_UNION	control	AP006545.1	0.007207964717489208	111	11
actin_tight_junction	secondary	a	ACTIN_TURNOVER_UNION	control	AP1M1	0.08572601998378793	1241	17
actin_tight_junction	secondary	a	ACTIN_TURNOVER_UNION	control	AP2A2	0.4560491077695449	4877	22
actin_tight_junction	secondary	a	ACTIN_TURNOVER_UNION	control	APOBEC3B	0.006862846236366241	104	11
actin_tight_junction	secondary	a	ACTIN_TURNOVER_UNION	control	AQP1	0.05894258718452773	864	16
actin_tight_junction	secondary	a	ACTIN_TURNOVER_UNION	control	ARHGAP30	0.017839564617203228	397	13
actin_tight_junction	secondary	a	ACTIN_TURNOVER_UNION	control	ARHGAP39	0.3238820153781219	3542	21
actin_tight_junction	secondary	a	ACTIN_TURNOVER_UNION	control	ARHGEF33	0.005067514028411586	80	10
actin_tight_junction	secondary	a	ACTIN_TURNOVER_UNION	control	ARL9	0.009597596356554366	131	11
actin_tight_junction	secondary	a	ACTIN_TURNOVER_UNION	control	ARMH3	0.7684147547097653	6699	23
actin_tight_junction	secondary	a	ACTIN_TURNOVER_UNION	control	ARNTL	0.057886107109016455	953	16
actin_tight_junction	secondary	a	ACTIN_TURNOVER_UNION	control	ASIP	0.05269320613626473	723	15
actin_tight_junction	secondary	a	ACTIN_TURNOVER_UNION	control	ASRGL1	0.10068277210914939	1224	17
actin_tight_junction	secondary	a	ACTIN_TURNOVER_UNION	control	ASZ1	0.0008449340434053255	14	5
actin_tight_junction	secondary	a	ACTIN_TURNOVER_UNION	control	ATG9B	0.05737930817371433	701	15
actin_tight_junction	secondary	a	ACTIN_TURNOVER_UNION	control	ATP12A	0.008282275329531817	113	11
actin_tight_junction	secondary	a	ACTIN_TURNOVER_UNION	control	ATP8B3	0.002558348059665408	44	8
actin_tight_junction	secondary	a	ACTIN_TURNOVER_UNION	control	AUP1	0.4349975877165882	4566	22
actin_tight_junction	secondary	a	ACTIN_TURNOVER_UNION	control	AVP	0.0002498594540570929	4	3
actin_tight_junction	secondary	a	ACTIN_TURNOVER_UNION	control	B3GALT4	0.03853731184315434	592	15
actin_tight_junction	secondary	a	ACTIN_TURNOVER_UNION	control	B4GAT1	0.038001239249511036	565	15
actin_tight_junction	secondary	a	ACTIN_TURNOVER_UNION	control	BABAM2	1.8677295964460001	10521	24
actin_tight_junction	secondary	a	ACTIN_TURNOVER_UNION	control	BAIAP2-DT	0.034217589503113814	498	14
actin_tight_junction	secondary	a	ACTIN_TURNOVER_UNION	control	BAZ2B	3.1484888373923057	12497	24
actin_tight_junction	secondary	a	ACTIN_TURNOVER_UNION	control	BCAS4	0.11679571656070084	1500	17
actin_tight_junction	secondary	a	ACTIN_TURNOVER_UNION	control	BCL11B	0.4075195267251999	3989	21
actin_tight_junction	secondary	a	ACTIN_TURNOVER_UNION	control	BECN1	0.2486460772770851	2980	20
actin_tight_junction	secondary	a	ACTIN_TURNOVER_UNION	control	BFAR	0.302758011847569	3489	21
actin_tight_junction	secondary	a	ACTIN_TURNOVER_UNION	control	BGLAP	0.011964715408038302	188	12
actin_tight_junction	secondary	a	ACTIN_TURNOVER_UNION	control	BLOC1S3	0.020811346664562136	321	13
actin_tight_junction	secondary	a	ACTIN_TURNOVER_UNION	control	BLOC1S4	0.07949590615593541	1107	16
actin_tight_junction	secondary	a	ACTIN_TURNOVER_UNION	control	BNIPL	0.009844978880008052	149	12
actin_tight_junction	secondary	a	ACTIN_TURNOVER_UNION	control	BOP1	0.20364108114822163	2283	19
actin_tight_junction	secondary	a	ACTIN_TURNOVER_UNION	control	BPTF	2.06539924677609	11189	24
actin_tight_junction	secondary	a	ACTIN_TURNOVER_UNION	control	BROX	0.3120133169151294	3459	21
actin_tight_junction	secondary	a	ACTIN_TURNOVER_UNION	control	BTAF1	0.8371548676663528	7118	23
actin_tight_junction	secondary	a	ACTIN_TURNOVER_UNION	control	BTBD19	0.017082366864625935	287	13
actin_tight_junction	secondary	a	ACTIN_TURNOVER_UNION	control	BTN1A1	0.0013095742051163117	18	6
actin_tight_junction	secondary	a	ACTIN_TURNOVER_UNION	control	BUD23	0.5333991350288573	5174	22
actin_tight_junction	secondary	a	ACTIN_TURNOVER_UNION	control	BX072579.2	0.00012492972702854644	2	1
actin_tight_junction	secondary	a	ACTIN_TURNOVER_UNION	control	C10ORF99	0.2472897182026808	2634	20
actin_tight_junction	secondary	a	ACTIN_TURNOVER_UNION	control	C11ORF1	0.08886015154195602	1206	17
actin_tight_junction	secondary	a	ACTIN_TURNOVER_UNION	control	C11ORF96	0.007227426939698445	154	11
actin_tight_junction	secondary	a	ACTIN_TURNOVER_UNION	control	C12ORF74	0.07616295277405896	933	16
actin_tight_junction	secondary	a	ACTIN_TURNOVER_UNION	control	C14ORF132	0.0009424842523454691	26	6
actin_tight_junction	secondary	a	ACTIN_TURNOVER_UNION	control	C17ORF64	0.0025975720928881245	41	8
actin_tight_junction	secondary	a	ACTIN_TURNOVER_UNION	control	C19ORF54	0.04015213178883889	599	15
actin_tight_junction	secondary	a	ACTIN_TURNOVER_UNION	control	C19ORF73	0.014137648491404028	216	12
actin_tight_junction	secondary	a	ACTIN_TURNOVER_UNION	control	C1ORF137	0.00012492972702854644	2	1
actin_tight_junction	secondary	a	ACTIN_TURNOVER_UNION	control	C1QTNF12	0.011636375945306492	176	12
actin_tight_junction	secondary	a	ACTIN_TURNOVER_UNION	control	C1QTNF7	0.016037133428197386	245	13
actin_tight_junction	secondary	a	ACTIN_TURNOVER_UNION	control	C21ORF62-AS1	0.09953385904488123	1284	17
actin_tight_junction	secondary	a	ACTIN_TURNOVER_UNION	control	C22ORF15	0.0003123243175713661	3	3
actin_tight_junction	secondary	a	ACTIN_TURNOVER_UNION	control	C2ORF49	0.16849278220082484	2242	19
actin_tight_junction	secondary	a	ACTIN_TURNOVER_UNION	control	C3ORF20	0.011041021323217439	160	12
actin_tight_junction	secondary	a	ACTIN_TURNOVER_UNION	control	C5ORF52	0.015246878424458694	230	13
actin_tight_junction	secondary	a	ACTIN_TURNOVER_UNION	control	C6ORF201	0.00468699096538742	75	10
actin_tight_junction	secondary	a	ACTIN_TURNOVER_UNION	control	C6ORF47-AS1	0.0009313389492314899	15	6
actin_tight_junction	secondary	a	ACTIN_TURNOVER_UNION	control	C8ORF31	0.018340177813090986	279	13
actin_tight_junction	secondary	a	ACTIN_TURNOVER_UNION	control	C8ORF34	0.0070371492460134565	108	11
actin_tight_junction	secondary	a	ACTIN_TURNOVER_UNION	control	C9ORF153	0.025208658922306115	351	14
actin_tight_junction	secondary	a	ACTIN_TURNOVER_UNION	control	CABP7	0.002173166248515259	21	8
actin_tight_junction	secondary	a	ACTIN_TURNOVER_UNION	control	CAMKV	0.015797681689031555	233	13
actin_tight_junction	secondary	a	ACTIN_TURNOVER_UNION	control	CAMSAP2	0.7906739219182651	6478	23
actin_tight_junction	secondary	a	ACTIN_TURNOVER_UNION	control	CAPN14	0.014262667731510808	138	12
actin_tight_junction	secondary	a	ACTIN_TURNOVER_UNION	control	CAPNS1	0.3816347403926629	3845	21
actin_tight_junction	secondary	a	ACTIN_TURNOVER_UNION	control	CARF	0.24773568257124545	2983	20
actin_tight_junction	secondary	a	ACTIN_TURNOVER_UNION	control	CC2D1A	0.34966569138880815	4023	21
actin_tight_junction	secondary	a	ACTIN_TURNOVER_UNION	control	CCDC157	0.0179674281261722	277	13
actin_tight_junction	secondary	a	ACTIN_TURNOVER_UNION	control	CCDC160	0.0008745080891998252	11	5
actin_tight_junction	secondary	a	ACTIN_TURNOVER_UNION	control	CCDC192	0.17704604020742098	1741	19
actin_tight_junction	secondary	a	ACTIN_TURNOVER_UNION	control	CCDC32	0.17393090628104732	2277	19
actin_tight_junction	secondary	a	ACTIN_TURNOVER_UNION	control	CCDC39-AS1	0.00036507892581835564	6	3
actin_tight_junction	secondary	a	ACTIN_TURNOVER_UNION	control	CCDC84-DT	0.013110278670513358	203	12
actin_tight_junction	secondary	a	ACTIN_TURNOVER_UNION	control	CCDC89	0.001982945785716663	30	8
actin_tight_junction	secondary	a	ACTIN_TURNOVER_UNION	control	CCSER2	1.5312065506824348	8111	24
actin_tight_junction	secondary	a	ACTIN_TURNOVER_UNION	control	CD101	0.01497310726161124	231	13
actin_tight_junction	secondary	a	ACTIN_TURNOVER_UNION	control	CD1C	0.00010241617886283717	4	1
actin_tight_junction	secondary	a	ACTIN_TURNOVER_UNION	control	CD74	0.5136699590136709	4930	22
actin_tight_junction	secondary	a	ACTIN_TURNOVER_UNION	control	CDK11B	0.20658200396924933	2626	19
actin_tight_junction	secondary	a	ACTIN_TURNOVER_UNION	control	CEL	0.22495477115335757	1668	20
actin_tight_junction	secondary	a	ACTIN_TURNOVER_UNION	control	CEMIP2	1.9058987357192911	9465	24
actin_tight_junction	secondary	a	ACTIN_TURNOVER_UNION	control	CEP131	0.04494327289248424	668	15
actin_tight_junction	secondary	a	ACTIN_TURNOVER_UNION	control	CEP89	0.27889421089829397	3219	20
actin_tight_junction	secondary	a	ACTIN_TURNOVER_UNION	control	CFAP44	0.7587763653032937	6478	23
actin_tight_junction	secondary	a	ACTIN_TURNOVER_UNION	control	CFHR5	0.0002638279318415652	12	3
actin_tight_junction	secondary	a	ACTIN_TURNOVER_UNION	control	CHD3	0.19553076727220914	2517	19
actin_tight_junction	secondary	a	ACTIN_TURNOVER_UNION	control	CHORDC1	0.35131056599974836	3730	21
actin_tight_junction	secondary	a	ACTIN_TURNOVER_UNION	control	CHPF2	0.09979845501063153	1436	17
actin_tight_junction	secondary	a	ACTIN_TURNOVER_UNION	control	CHRM2	0.004884496036151621	80	10
actin_tight_junction	secondary	a	ACTIN_TURNOVER_UNION	control	CHST15	0.031044703938812146	546	14
actin_tight_junction	secondary	a	ACTIN_TURNOVER_UNION	control	CIAO2A	0.24074116992960867	2955	20
actin_tight_junction	secondary	a	ACTIN_TURNOVER_UNION	control	CLEC20A	0.0003676782006423324	6	3
actin_tight_junction	secondary	a	ACTIN_TURNOVER_UNION	control	CLIP1	0.8545859991420669	6620	23
actin_tight_junction	secondary	a	ACTIN_TURNOVER_UNION	control	CLUL1	0.005041417689689483	73	10
actin_tight_junction	secondary	a	ACTIN_TURNOVER_UNION	control	CNEP1R1	0.07934821207695063	1180	16
actin_tight_junction	secondary	a	ACTIN_TURNOVER_UNION	control	COMMD6	0.6608850679664777	5730	23
actin_tight_junction	secondary	a	ACTIN_TURNOVER_UNION	control	COPS9	0.2136290185127883	2550	19
actin_tight_junction	secondary	a	ACTIN_TURNOVER_UNION	control	CPLX2	0.05609588884713091	733	15
actin_tight_junction	secondary	a	ACTIN_TURNOVER_UNION	control	CPZ	0.00011380745340118894	2	1
actin_tight_junction	secondary	a	ACTIN_TURNOVER_UNION	control	CRIPAK	0.04647347713605456	712	15
actin_tight_junction	secondary	a	ACTIN_TURNOVER_UNION	control	CRY1	0.3767462638299567	3446	21
actin_tight_junction	secondary	a	ACTIN_TURNOVER_UNION	control	CTNNB1	3.238721031091281	11252	24
actin_tight_junction	secondary	a	ACTIN_TURNOVER_UNION	control	CTSA	0.6629054446481448	5638	23
actin_tight_junction	secondary	a	ACTIN_TURNOVER_UNION	control	CTXND2	0.0012101975764509843	19	6
actin_tight_junction	secondary	a	ACTIN_TURNOVER_UNION	control	CWC27	0.7477592395953512	5980	23
actin_tight_junction	secondary	a	ACTIN_TURNOVER_UNION	control	CYB5B	1.2055449121315152	7645	24
actin_tight_junction	secondary	a	ACTIN_TURNOVER_UNION	control	CYTOR	0.29955047062211937	3190	20
actin_tight_junction	secondary	a	ACTIN_TURNOVER_UNION	control	CZIB	0.08332829951525118	1151	17
actin_tight_junction	secondary	a	ACTIN_TURNOVER_UNION	control	D2HGDH	0.3120238102534566	3793	21
actin_tight_junction	secondary	a	ACTIN_TURNOVER_UNION	control	DANCR	0.3398509819508048	3767	21
actin_tight_junction	secondary	a	ACTIN_TURNOVER_UNION	control	DAW1	0.0019988756324567434	28	8
actin_tight_junction	secondary	a	ACTIN_TURNOVER_UNION	control	DCST2	0.01017066337635012	156	12
actin_tight_junction	secondary	a	ACTIN_TURNOVER_UNION	control	DDAH2	0.2855603030697599	3158	20
actin_tight_junction	secondary	a	ACTIN_TURNOVER_UNION	control	DDHD2	0.21876180056547478	2817	19
actin_tight_junction	secondary	a	ACTIN_TURNOVER_UNION	control	DDN-AS1	0.05210592598328022	693	15
actin_tight_junction	secondary	a	ACTIN_TURNOVER_UNION	control	DECR1	0.7580883720655476	6606	23
actin_tight_junction	secondary	a	ACTIN_TURNOVER_UNION	control	DEFB118	6.246486351427322e-05	1	1
actin_tight_junction	secondary	a	ACTIN_TURNOVER_UNION	control	DEFB132	6.246486351427322e-05	1	1
actin_tight_junction	secondary	a	ACTIN_TURNOVER_UNION	control	DENND3	0.30837240573341124	3377	21
actin_tight_junction	secondary	a	ACTIN_TURNOVER_UNION	control	DENND5B	0.7054593905353254	5278	23
actin_tight_junction	secondary	a	ACTIN_TURNOVER_UNION	control	DEPTOR	0.5913165105045213	5106	22
actin_tight_junction	secondary	a	ACTIN_TURNOVER_UNION	control	DESI1	0.23483688342175837	2775	20
actin_tight_junction	secondary	a	ACTIN_TURNOVER_UNION	control	DHRS13	0.03415983136436377	521	14
actin_tight_junction	secondary	a	ACTIN_TURNOVER_UNION	control	DLGAP4	0.9158888350674483	7210	23
actin_tight_junction	secondary	a	ACTIN_TURNOVER_UNION	control	DNAJA1	0.57618801035599	5043	22
actin_tight_junction	secondary	a	ACTIN_TURNOVER_UNION	control	DNAL4	0.022060310448181825	343	13
actin_tight_junction	secondary	a	ACTIN_TURNOVER_UNION	control	DOCK9-DT	0.005991710100579619	94	10
actin_tight_junction	secondary	a	ACTIN_TURNOVER_UNION	control	DPY19L4	0.677638408288316	5941	23
actin_tight_junction	secondary	a	ACTIN_TURNOVER_UNION	control	DSG1	0.002129790855009541	34	8
actin_tight_junction	secondary	a	ACTIN_TURNOVER_UNION	control	DSTYK	0.24070972101261948	2833	20
actin_tight_junction	secondary	a	ACTIN_TURNOVER_UNION	control	DTX3	0.013338422471756263	212	12
actin_tight_junction	secondary	a	ACTIN_TURNOVER_UNION	control	DYNC1H1	1.1151853021429998	7764	24
actin_tight_junction	secondary	a	ACTIN_TURNOVER_UNION	control	EDA	0.6098002312787875	3228	22
actin_tight_junction	secondary	a	ACTIN_TURNOVER_UNION	control	EDEM2	0.23768000631130148	3009	20
actin_tight_junction	secondary	a	ACTIN_TURNOVER_UNION	control	EDN2	0.031866417732235176	273	14
actin_tight_junction	secondary	a	ACTIN_TURNOVER_UNION	control	EFHD1	0.019237843356727322	274	13
actin_tight_junction	secondary	a	ACTIN_TURNOVER_UNION	control	EGOT	0.025990847391834698	285	14
actin_tight_junction	secondary	a	ACTIN_TURNOVER_UNION	control	EIF3D	0.6012710498664394	5205	22
actin_tight_junction	secondary	a	ACTIN_TURNOVER_UNION	control	EML3	0.05431081197871524	827	15
actin_tight_junction	secondary	a	ACTIN_TURNOVER_UNION	control	ENDOG	0.07792629762386585	1079	16
actin_tight_junction	secondary	a	ACTIN_TURNOVER_UNION	control	ERICH5	0.0057837431618018905	90	10
actin_tight_junction	secondary	a	ACTIN_TURNOVER_UNION	control	ERICH6	0.0069547526408525575	102	11
actin_tight_junction	secondary	a	ACTIN_TURNOVER_UNION	control	ERLEC1	0.31601529200628503	3601	21
actin_tight_junction	secondary	a	ACTIN_TURNOVER_UNION	control	ERMP1	0.32705531434389096	3649	21
actin_tight_junction	secondary	a	ACTIN_TURNOVER_UNION	control	ERN1	0.33128658039809983	3626	21
actin_tight_junction	secondary	a	ACTIN_TURNOVER_UNION	control	ERO1B	0.07657936267153106	1045	16
actin_tight_junction	secondary	a	ACTIN_TURNOVER_UNION	control	ESX1	6.246486351427322e-05	1	1
actin_tight_junction	secondary	a	ACTIN_TURNOVER_UNION	control	ETS2	2.185590080917347	9687	24
actin_tight_junction	secondary	a	ACTIN_TURNOVER_UNION	control	EVPLL	0.004701845132401341	75	10
actin_tight_junction	secondary	a	ACTIN_TURNOVER_UNION	control	EWSAT1	0.0028669385826932433	43	8
actin_tight_junction	secondary	a	ACTIN_TURNOVER_UNION	control	EXOC4	6.06468087963831	13996	24
actin_tight_junction	secondary	a	ACTIN_TURNOVER_UNION	control	EXT1	6.864405033087136	13604	24
actin_tight_junction	secondary	a	ACTIN_TURNOVER_UNION	control	F10-AS1	0.00012492972702854644	2	1
actin_tight_junction	secondary	a	ACTIN_TURNOVER_UNION	control	FAF2	0.5180331319914955	5209	22
actin_tight_junction	secondary	a	ACTIN_TURNOVER_UNION	control	FAM110B	0.008064747293699704	143	11
actin_tight_junction	secondary	a	ACTIN_TURNOVER_UNION	control	FAM171B	0.008159130810295089	129	11
actin_tight_junction	secondary	a	ACTIN_TURNOVER_UNION	control	FAM182A	0.035290795980904795	516	14
actin_tight_junction	secondary	a	ACTIN_TURNOVER_UNION	control	FAM81A	0.20042197599618938	2323	19
actin_tight_junction	secondary	a	ACTIN_TURNOVER_UNION	control	FAM83B	0.7357729955194284	5760	23
actin_tight_junction	secondary	a	ACTIN_TURNOVER_UNION	control	FANCL	0.8491856426892278	6573	23
actin_tight_junction	secondary	a	ACTIN_TURNOVER_UNION	control	FANK1	0.19422338754301696	2280	19
actin_tight_junction	secondary	a	ACTIN_TURNOVER_UNION	control	FASTKD1	0.7314048542007756	6328	23
actin_tight_junction	secondary	a	ACTIN_TURNOVER_UNION	control	FBP2	0.02381330657417839	362	13
actin_tight_junction	secondary	a	ACTIN_TURNOVER_UNION	control	FBXO31	0.3704552223810637	4245	21
actin_tight_junction	secondary	a	ACTIN_TURNOVER_UNION	control	FGF19	0.016821077102440983	163	13
actin_tight_junction	secondary	a	ACTIN_TURNOVER_UNION	control	FHOD3	0.40061363949417683	2698	21
actin_tight_junction	secondary	a	ACTIN_TURNOVER_UNION	control	FIBCD1	0.027331790707233343	349	14
actin_tight_junction	secondary	a	ACTIN_TURNOVER_UNION	control	FIS1	0.38639458038461555	3982	21
actin_tight_junction	secondary	a	ACTIN_TURNOVER_UNION	control	FKBP3	0.33649524759476307	3618	21
actin_tight_junction	secondary	a	ACTIN_TURNOVER_UNION	control	FMNL3	0.05765534160208241	831	16
actin_tight_junction	secondary	a	ACTIN_TURNOVER_UNION	control	FOCAD	2.7727248675149085	11297	24
actin_tight_junction	secondary	a	ACTIN_TURNOVER_UNION	control	FOXO4	0.015721310271456665	240	13
actin_tight_junction	secondary	a	ACTIN_TURNOVER_UNION	control	FP700111.1	0.004955966156600855	84	10
actin_tight_junction	secondary	a	ACTIN_TURNOVER_UNION	control	FRAS1	0.5547569692935349	3268	22
actin_tight_junction	secondary	a	ACTIN_TURNOVER_UNION	control	FRRS1L	0.005488319432417477	86	10
actin_tight_junction	secondary	a	ACTIN_TURNOVER_UNION	control	FSTL3	0.057927804009341805	763	16
actin_tight_junction	secondary	a	ACTIN_TURNOVER_UNION	control	FTL	4.266052253156667	12421	24
actin_tight_junction	secondary	a	ACTIN_TURNOVER_UNION	control	FZD8	0.012518315898247694	198	12
actin_tight_junction	secondary	a	ACTIN_TURNOVER_UNION	control	G6PD	0.06308668123595279	858	16
actin_tight_junction	secondary	a	ACTIN_TURNOVER_UNION	control	GABRA5	0.00036919403659969006	6	3
actin_tight_junction	secondary	a	ACTIN_TURNOVER_UNION	control	GALC	0.10660276190074747	1345	17
actin_tight_junction	secondary	a	ACTIN_TURNOVER_UNION	control	GALK1	0.06208596859369052	887	16
actin_tight_junction	secondary	a	ACTIN_TURNOVER_UNION	control	GANC	0.3485364502955443	3920	21
actin_tight_junction	secondary	a	ACTIN_TURNOVER_UNION	control	GCSAM	0.009063768729561007	145	11
actin_tight_junction	secondary	a	ACTIN_TURNOVER_UNION	control	GEN1	0.36110259170601955	3222	21
actin_tight_junction	secondary	a	ACTIN_TURNOVER_UNION	control	GGACT	0.017521832152029234	274	13
actin_tight_junction	secondary	a	ACTIN_TURNOVER_UNION	control	GIGYF2	1.6250297556558468	10256	24
actin_tight_junction	secondary	a	ACTIN_TURNOVER_UNION	control	GK	0.22825301505098866	2695	20
actin_tight_junction	secondary	a	ACTIN_TURNOVER_UNION	control	GNG14	0.0002498594540570929	4	3
actin_tight_junction	secondary	a	ACTIN_TURNOVER_UNION	control	GNPTAB	0.42805753527184076	4579	22
actin_tight_junction	secondary	a	ACTIN_TURNOVER_UNION	control	GOLPH3	0.8930554905727957	7519	23
actin_tight_junction	secondary	a	ACTIN_TURNOVER_UNION	control	GP9	0.00012492972702854644	2	1
actin_tight_junction	secondary	a	ACTIN_TURNOVER_UNION	control	GPAA1	0.3138795978378568	3334	21
actin_tight_junction	secondary	a	ACTIN_TURNOVER_UNION	control	GPAT3	0.044250871440004474	622	15
actin_tight_junction	secondary	a	ACTIN_TURNOVER_UNION	control	GPAT4	0.3307211193930273	3583	21
actin_tight_junction	secondary	a	ACTIN_TURNOVER_UNION	control	GPBP1L1	1.4804365783287554	10142	24
actin_tight_junction	secondary	a	ACTIN_TURNOVER_UNION	control	GPR146	0.019771194102828835	315	13
actin_tight_junction	secondary	a	ACTIN_TURNOVER_UNION	control	GRK4	0.03169812928417265	476	14
actin_tight_junction	secondary	a	ACTIN_TURNOVER_UNION	control	GRM7	0.25531406010982144	2376	20
actin_tight_junction	secondary	a	ACTIN_TURNOVER_UNION	control	GRM7-AS3	0.015804764779013644	229	13
actin_tight_junction	secondary	a	ACTIN_TURNOVER_UNION	control	GSEC	0.007630256787142599	121	11
actin_tight_junction	secondary	a	ACTIN_TURNOVER_UNION	control	GTF2H3	0.20661639139261886	2449	19
actin_tight_junction	secondary	a	ACTIN_TURNOVER_UNION	control	GTF2I	2.285736417969957	11611	24
actin_tight_junction	secondary	a	ACTIN_TURNOVER_UNION	control	GTSE1-DT	0.0008104453826130826	12	5
actin_tight_junction	secondary	a	ACTIN_TURNOVER_UNION	control	H1F0	0.502428628751405	4327	22
actin_tight_junction	secondary	a	ACTIN_TURNOVER_UNION	control	HAUS2	0.10271508153161467	1383	17
actin_tight_junction	secondary	a	ACTIN_TURNOVER_UNION	control	HCG11	0.0331081535828442	486	14
actin_tight_junction	secondary	a	ACTIN_TURNOVER_UNION	control	HCLS1	0.0020986097537565515	229	8
actin_tight_junction	secondary	a	ACTIN_TURNOVER_UNION	control	HCP5	0.16465702771142665	2132	19
actin_tight_junction	secondary	a	ACTIN_TURNOVER_UNION	control	HERC1	0.8959703608640862	7833	23
actin_tight_junction	secondary	a	ACTIN_TURNOVER_UNION	control	HERPUD1	0.33837616443820173	3493	21
actin_tight_junction	secondary	a	ACTIN_TURNOVER_UNION	control	HINT3	0.18590228654687602	2277	19
actin_tight_junction	secondary	a	ACTIN_TURNOVER_UNION	control	HIST1H2AJ	0.006392815363415325	91	10
actin_tight_junction	secondary	a	ACTIN_TURNOVER_UNION	control	HLA-DMA	0.09908428300074125	1499	17
actin_tight_junction	secondary	a	ACTIN_TURNOVER_UNION	control	HMGXB3	0.42427888839694305	4628	22
actin_tight_junction	secondary	a	ACTIN_TURNOVER_UNION	control	HMOX1	0.011288565359402848	329	12
actin_tight_junction	secondary	a	ACTIN_TURNOVER_UNION	control	HNRNPH1	1.5217125147303712	9763	24
actin_tight_junction	secondary	a	ACTIN_TURNOVER_UNION	control	HOMER2	0.034318821672139545	512	14
actin_tight_junction	secondary	a	ACTIN_TURNOVER_UNION	control	HOXA1	0.005368591408583892	84	10
actin_tight_junction	secondary	a	ACTIN_TURNOVER_UNION	control	HOXA10-AS	0.02987901790575876	432	14
actin_tight_junction	secondary	a	ACTIN_TURNOVER_UNION	control	HOXB9	0.6005767886524316	5309	22
actin_tight_junction	secondary	a	ACTIN_TURNOVER_UNION	control	HOXC13	0.0007233934448931308	11	5
actin_tight_junction	secondary	a	ACTIN_TURNOVER_UNION	control	HPSE2	0.007706186748160081	107	11
actin_tight_junction	secondary	a	ACTIN_TURNOVER_UNION	control	HS6ST2	0.6370226687446462	3604	22
actin_tight_junction	secondary	a	ACTIN_TURNOVER_UNION	control	HSD17B3	0.0008285102663187181	16	5
actin_tight_junction	secondary	a	ACTIN_TURNOVER_UNION	control	HTRA1	0.012142389560013298	293	12
actin_tight_junction	secondary	a	ACTIN_TURNOVER_UNION	control	HUNK-AS1	6.246486351427322e-05	1	1
actin_tight_junction	secondary	a	ACTIN_TURNOVER_UNION	control	ICOSLG	0.02501626395666888	377	14
actin_tight_junction	secondary	a	ACTIN_TURNOVER_UNION	control	IFI27L1	0.09624390293012071	1296	17
actin_tight_junction	secondary	a	ACTIN_TURNOVER_UNION	control	IGF2BP2	3.3629651176161874	12647	24
actin_tight_junction	secondary	a	ACTIN_TURNOVER_UNION	control	IGSF3	0.1145854812699273	1558	17
actin_tight_junction	secondary	a	ACTIN_TURNOVER_UNION	control	IHH	0.29544237314876537	3143	20
actin_tight_junction	secondary	a	ACTIN_TURNOVER_UNION	control	IL10	0.0007961370286865802	17	5
actin_tight_junction	secondary	a	ACTIN_TURNOVER_UNION	control	IL2RB	0.0028234231193289753	118	8
actin_tight_junction	secondary	a	ACTIN_TURNOVER_UNION	control	IL34	0.031521232769724426	427	14
actin_tight_junction	secondary	a	ACTIN_TURNOVER_UNION	control	IL37	0.002435557723410222	34	8
actin_tight_junction	secondary	a	ACTIN_TURNOVER_UNION	control	IL6ST	0.24921064697975304	3185	20
actin_tight_junction	secondary	a	ACTIN_TURNOVER_UNION	control	ILRUN	0.5891252794542161	5600	22
actin_tight_junction	secondary	a	ACTIN_TURNOVER_UNION	control	IQCN	0.01514703117264926	236	13
actin_tight_junction	secondary	a	ACTIN_TURNOVER_UNION	control	ITGA11	0.0007154866159313194	74	5
actin_tight_junction	secondary	a	ACTIN_TURNOVER_UNION	control	ITGB1-DT	0.06418345070543717	954	16
actin_tight_junction	secondary	a	ACTIN_TURNOVER_UNION	control	ITPR1-DT	0.00272074178884163	48	8
actin_tight_junction	secondary	a	ACTIN_TURNOVER_UNION	control	JAM2	0.002335064858710185	51	8
actin_tight_junction	secondary	a	ACTIN_TURNOVER_UNION	control	KBTBD6	0.050215374348172415	700	15
actin_tight_junction	secondary	a	ACTIN_TURNOVER_UNION	control	KCNJ1	0.00038394084525694244	9	3
actin_tight_junction	secondary	a	ACTIN_TURNOVER_UNION	control	KCNN3	0.00272976869793436	89	8
actin_tight_junction	secondary	a	ACTIN_TURNOVER_UNION	control	KCTD2	0.07046520010775252	1011	16
actin_tight_junction	secondary	a	ACTIN_TURNOVER_UNION	control	KIAA0586	0.4391816943107612	4182	22
actin_tight_junction	secondary	a	ACTIN_TURNOVER_UNION	control	KIAA1328	0.6712405875756174	5646	23
actin_tight_junction	secondary	a	ACTIN_TURNOVER_UNION	control	KISS1	0.009091486046364727	142	11
actin_tight_junction	secondary	a	ACTIN_TURNOVER_UNION	control	KLF6	1.4228297623310717	7833	24
actin_tight_junction	secondary	a	ACTIN_TURNOVER_UNION	control	KLHL13	0.10578626436716282	991	17
actin_tight_junction	secondary	a	ACTIN_TURNOVER_UNION	control	KLHL32	0.2066550205526665	2093	19
actin_tight_junction	secondary	a	ACTIN_TURNOVER_UNION	control	KRBOX4	0.1942229381997995	2485	19
actin_tight_junction	secondary	a	ACTIN_TURNOVER_UNION	control	KREMEN1	0.22383631586105104	2176	20
actin_tight_junction	secondary	a	ACTIN_TURNOVER_UNION	control	KRT222	0.0009340853945469824	16	6
actin_tight_junction	secondary	a	ACTIN_TURNOVER_UNION	control	KRTAP3-2	0.00037478918108563937	6	3
actin_tight_junction	secondary	a	ACTIN_TURNOVER_UNION	control	KRTAP5-4	0.0002498594540570929	4	3
actin_tight_junction	secondary	a	ACTIN_TURNOVER_UNION	control	LAMTOR5-AS1	0.30609590271417375	3531	21
actin_tight_junction	secondary	a	ACTIN_TURNOVER_UNION	control	LBP	0.0009595189773101041	61	6
actin_tight_junction	secondary	a	ACTIN_TURNOVER_UNION	control	LCP2	0.0028158105619881446	365	8
actin_tight_junction	secondary	a	ACTIN_TURNOVER_UNION	control	LDHB	1.0789893908923307	6057	23
actin_tight_junction	secondary	a	ACTIN_TURNOVER_UNION	control	LDLRAP1	0.11583512729012052	1577	17
actin_tight_junction	secondary	a	ACTIN_TURNOVER_UNION	control	LGR4	1.8194558213805374	8931	24
actin_tight_junction	secondary	a	ACTIN_TURNOVER_UNION	control	LHFPL3-AS2	0.0888961425905219	843	17
actin_tight_junction	secondary	a	ACTIN_TURNOVER_UNION	control	LHX4	0.025628574478744604	392	14
actin_tight_junction	secondary	a	ACTIN_TURNOVER_UNION	control	LINC00294	0.022010054352043843	350	13
actin_tight_junction	secondary	a	ACTIN_TURNOVER_UNION	control	LINC00311	0.0012882053721769437	21	6
actin_tight_junction	secondary	a	ACTIN_TURNOVER_UNION	control	LINC00440	0.00012492972702854644	2	1
actin_tight_junction	secondary	a	ACTIN_TURNOVER_UNION	control	LINC00484	0.000952678664916534	16	6
actin_tight_junction	secondary	a	ACTIN_TURNOVER_UNION	control	LINC00534	0.034332452741343264	433	14
actin_tight_junction	secondary	a	ACTIN_TURNOVER_UNION	control	LINC00562	0.01156230463258734	174	12
actin_tight_junction	secondary	a	ACTIN_TURNOVER_UNION	control	LINC00582	0.005129280323553026	82	10
actin_tight_junction	secondary	a	ACTIN_TURNOVER_UNION	control	LINC00592	0.010179037223921722	156	12
actin_tight_junction	secondary	a	ACTIN_TURNOVER_UNION	control	LINC00604	0.00037478918108563937	6	3
actin_tight_junction	secondary	a	ACTIN_TURNOVER_UNION	control	LINC00607	0.03348350091912119	464	14
actin_tight_junction	secondary	a	ACTIN_TURNOVER_UNION	control	LINC00667	0.20978531491243396	2637	19
actin_tight_junction	secondary	a	ACTIN_TURNOVER_UNION	control	LINC00824	0.020804927617756385	307	13
actin_tight_junction	secondary	a	ACTIN_TURNOVER_UNION	control	LINC00994	0.00012492972702854644	2	1
actin_tight_junction	secondary	a	ACTIN_TURNOVER_UNION	control	LINC01001	0.05299337643233406	783	15
actin_tight_junction	secondary	a	ACTIN_TURNOVER_UNION	control	LINC01029	6.246486351427322e-05	1	1
actin_tight_junction	secondary	a	ACTIN_TURNOVER_UNION	control	LINC01121	0.011226986474566103	143	12
actin_tight_junction	secondary	a	ACTIN_TURNOVER_UNION	control	LINC01243	0.00012492972702854644	2	1
actin_tight_junction	secondary	a	ACTIN_TURNOVER_UNION	control	LINC01268	0.03353201599837139	487	14
actin_tight_junction	secondary	a	ACTIN_TURNOVER_UNION	control	LINC01271	0.007541894553431312	107	11
actin_tight_junction	secondary	a	ACTIN_TURNOVER_UNION	control	LINC01285	0.10235673829552923	1033	17
actin_tight_junction	secondary	a	ACTIN_TURNOVER_UNION	control	LINC01341	0.024483996277128304	366	14
actin_tight_junction	secondary	a	ACTIN_TURNOVER_UNION	control	LINC01344	0.054093122422728575	633	15
actin_tight_junction	secondary	a	ACTIN_TURNOVER_UNION	control	LINC01345	0.0003123243175713661	5	3
actin_tight_junction	secondary	a	ACTIN_TURNOVER_UNION	control	LINC01422	0.03031013152054855	452	14
actin_tight_junction	secondary	a	ACTIN_TURNOVER_UNION	control	LINC01427	0.0007495783621712788	12	5
actin_tight_junction	secondary	a	ACTIN_TURNOVER_UNION	control	LINC01433	0.002191632137180038	35	8
actin_tight_junction	secondary	a	ACTIN_TURNOVER_UNION	control	LINC01524	0.04040463019768132	492	15
actin_tight_junction	secondary	a	ACTIN_TURNOVER_UNION	control	LINC01564	0.008302705124038495	113	11
actin_tight_junction	secondary	a	ACTIN_TURNOVER_UNION	control	LINC01603	0.008299545819103034	127	11
actin_tight_junction	secondary	a	ACTIN_TURNOVER_UNION	control	LINC01608	0.01642986854508189	157	13
actin_tight_junction	secondary	a	ACTIN_TURNOVER_UNION	control	LINC01681	0.0011156131246734412	21	6
actin_tight_junction	secondary	a	ACTIN_TURNOVER_UNION	control	LINC01686	0.0003123243175713661	4	3
actin_tight_junction	secondary	a	ACTIN_TURNOVER_UNION	control	LINC01712	0.0012427141608479424	21	6
actin_tight_junction	secondary	a	ACTIN_TURNOVER_UNION	control	LINC01730	0.01083737006378961	164	12
actin_tight_junction	secondary	a	ACTIN_TURNOVER_UNION	control	LINC01739	0.00037478918108563937	6	3
actin_tight_junction	secondary	a	ACTIN_TURNOVER_UNION	control	LINC01799	0.0008095543994709362	12	5
actin_tight_junction	secondary	a	ACTIN_TURNOVER_UNION	control	LINC01917	0.006090109353062809	82	10
actin_tight_junction	secondary	a	ACTIN_TURNOVER_UNION	control	LINC01956	0.0009789361268071578	16	6
actin_tight_junction	secondary	a	ACTIN_TURNOVER_UNION	control	LINC01992	0.0020303046377931296	32	8
actin_tight_junction	secondary	a	ACTIN_TURNOVER_UNION	control	LINC02012	0.002685989131113747	42	8
actin_tight_junction	secondary	a	ACTIN_TURNOVER_UNION	control	LINC02078	0.0012918917775307764	21	6
actin_tight_junction	secondary	a	ACTIN_TURNOVER_UNION	control	LINC02135	0.002409449712468665	36	8
actin_tight_junction	secondary	a	ACTIN_TURNOVER_UNION	control	LINC02163	7.525428445150553	12585	24
actin_tight_junction	secondary	a	ACTIN_TURNOVER_UNION	control	LINC02181	0.0003123243175713661	5	3
actin_tight_junction	secondary	a	ACTIN_TURNOVER_UNION	control	LINC02198	0.006005121372769047	90	10
actin_tight_junction	secondary	a	ACTIN_TURNOVER_UNION	control	LINC02262	0.038224201965200946	425	15
actin_tight_junction	secondary	a	ACTIN_TURNOVER_UNION	control	LINC02263	0.04352997601482757	444	15
actin_tight_junction	secondary	a	ACTIN_TURNOVER_UNION	control	LINC02293	0.015337398913912075	238	13
actin_tight_junction	secondary	a	ACTIN_TURNOVER_UNION	control	LINC02334	0.03551741746641186	529	14
actin_tight_junction	secondary	a	ACTIN_TURNOVER_UNION	control	LINC02340	0.0860677181025031	1109	17
actin_tight_junction	secondary	a	ACTIN_TURNOVER_UNION	control	LINC02351	0.0067904713763411095	88	11
actin_tight_junction	secondary	a	ACTIN_TURNOVER_UNION	control	LINC02444	0.002498594540570928	38	8
actin_tight_junction	secondary	a	ACTIN_TURNOVER_UNION	control	LINC02483	0.00012492972702854644	2	1
actin_tight_junction	secondary	a	ACTIN_TURNOVER_UNION	control	LINC02541	0.004968372149936806	81	10
actin_tight_junction	secondary	a	ACTIN_TURNOVER_UNION	control	LINC02552	0.0012849312159530944	21	6
actin_tight_junction	secondary	a	ACTIN_TURNOVER_UNION	control	LINC02560	0.0010584619812384873	16	6
actin_tight_junction	secondary	a	ACTIN_TURNOVER_UNION	control	LINC02570	0.0006246486351427324	9	5
actin_tight_junction	secondary	a	ACTIN_TURNOVER_UNION	control	LINC02648	0.0006668056130938293	12	5
actin_tight_junction	secondary	a	ACTIN_TURNOVER_UNION	control	LINC02691	0.211122683440286	1930	19
actin_tight_junction	secondary	a	ACTIN_TURNOVER_UNION	control	LINC02759	0.0008413363749577781	14	5
actin_tight_junction	secondary	a	ACTIN_TURNOVER_UNION	control	LINC02802	0.16447294777058705	2101	19
actin_tight_junction	secondary	a	ACTIN_TURNOVER_UNION	control	LINC02820	0.029531415166782638	417	14
actin_tight_junction	secondary	a	ACTIN_TURNOVER_UNION	control	LINC02839	0.07569718566048945	480	16
actin_tight_junction	secondary	a	ACTIN_TURNOVER_UNION	control	LINS1	0.11140544210563594	1541	17
actin_tight_junction	secondary	a	ACTIN_TURNOVER_UNION	control	LIPT1	0.03700842159410521	559	14
actin_tight_junction	secondary	a	ACTIN_TURNOVER_UNION	control	LIPT2	0.010187681006926548	158	12
actin_tight_junction	secondary	a	ACTIN_TURNOVER_UNION	control	LMAN1	0.47998942980701254	4911	22
actin_tight_junction	secondary	a	ACTIN_TURNOVER_UNION	control	LNPEP	0.6551802825124257	6001	23
actin_tight_junction	secondary	a	ACTIN_TURNOVER_UNION	control	LOXHD1	0.0011904754041992492	22	6
actin_tight_junction	secondary	a	ACTIN_TURNOVER_UNION	control	LPA	0.00545197610993903	83	10
actin_tight_junction	secondary	a	ACTIN_TURNOVER_UNION	control	LPXN	0.2660118716576529	3060	20
actin_tight_junction	secondary	a	ACTIN_TURNOVER_UNION	control	LRRC2-AS1	0.0022487350865138356	36	8
actin_tight_junction	secondary	a	ACTIN_TURNOVER_UNION	control	LRRC29	0.02378543826223008	375	13
actin_tight_junction	secondary	a	ACTIN_TURNOVER_UNION	control	LRRC39	0.02998808021659786	456	14
actin_tight_junction	secondary	a	ACTIN_TURNOVER_UNION	control	LRRK2	0.0072863018471213065	213	11
actin_tight_junction	secondary	a	ACTIN_TURNOVER_UNION	control	LRTOMT	0.031086492120709564	472	14
actin_tight_junction	secondary	a	ACTIN_TURNOVER_UNION	control	LTN1	0.418431666766885	4395	21
actin_tight_junction	secondary	a	ACTIN_TURNOVER_UNION	control	LUC7L2	1.5176325227086311	9966	24
actin_tight_junction	secondary	a	ACTIN_TURNOVER_UNION	control	LY75	0.46575009363589265	4526	22
actin_tight_junction	secondary	a	ACTIN_TURNOVER_UNION	control	LYSMD3	0.09333300020866153	1350	17
actin_tight_junction	secondary	a	ACTIN_TURNOVER_UNION	control	M1AP	0.02983308470266303	265	14
actin_tight_junction	secondary	a	ACTIN_TURNOVER_UNION	control	MADD	0.21220077623492356	2789	19
actin_tight_junction	secondary	a	ACTIN_TURNOVER_UNION	control	MAEA	0.20850791640892	2771	19
actin_tight_junction	secondary	a	ACTIN_TURNOVER_UNION	control	MAGEA4	0.001311762133799738	18	6
actin_tight_junction	secondary	a	ACTIN_TURNOVER_UNION	control	MAML3	3.855829917585568	12806	24
actin_tight_junction	secondary	a	ACTIN_TURNOVER_UNION	control	MAN1B1-DT	0.016585586107725103	257	13
actin_tight_junction	secondary	a	ACTIN_TURNOVER_UNION	control	MAP1LC3B	0.24093590594781136	2806	20
actin_tight_junction	secondary	a	ACTIN_TURNOVER_UNION	control	MAP2K7	0.17602445847820275	2308	19
actin_tight_junction	secondary	a	ACTIN_TURNOVER_UNION	control	MAP3K2-DT	0.019100925690662084	300	13
actin_tight_junction	secondary	a	ACTIN_TURNOVER_UNION	control	MAP4K3	1.9745260220351706	10891	24
actin_tight_junction	secondary	a	ACTIN_TURNOVER_UNION	control	MAPK8IP3	0.4000240034479688	4434	21
actin_tight_junction	secondary	a	ACTIN_TURNOVER_UNION	control	MCF2L2	0.23010215416594387	2502	20
actin_tight_junction	secondary	a	ACTIN_TURNOVER_UNION	control	METTL15	1.9510944493445814	10424	24
actin_tight_junction	secondary	a	ACTIN_TURNOVER_UNION	control	METTL22	0.17663939949596255	2360	19
actin_tight_junction	secondary	a	ACTIN_TURNOVER_UNION	control	METTL25	0.262926945297489	2962	20
actin_tight_junction	secondary	a	ACTIN_TURNOVER_UNION	control	METTL7B	0.09483307768495979	1164	17
actin_tight_junction	secondary	a	ACTIN_TURNOVER_UNION	control	MFAP3L	0.046966662095811164	630	15
actin_tight_junction	secondary	a	ACTIN_TURNOVER_UNION	control	MGAT3-AS1	6.246486351427322e-05	1	1
actin_tight_junction	secondary	a	ACTIN_TURNOVER_UNION	control	MICALL1	0.06062454615365156	879	16
actin_tight_junction	secondary	a	ACTIN_TURNOVER_UNION	control	MIR137HG	0.00012492972702854644	2	1
actin_tight_junction	secondary	a	ACTIN_TURNOVER_UNION	control	MIR222HG	0.42953631072050524	3514	22
actin_tight_junction	secondary	a	ACTIN_TURNOVER_UNION	control	MKRN1	0.5685861684766854	5767	22
actin_tight_junction	secondary	a	ACTIN_TURNOVER_UNION	control	MMP12	0.029936058001833604	707	14
actin_tight_junction	secondary	a	ACTIN_TURNOVER_UNION	control	MNX1-AS2	0.01312378234870432	203	12
actin_tight_junction	secondary	a	ACTIN_TURNOVER_UNION	control	MPI	0.06271696207234279	895	16
actin_tight_junction	secondary	a	ACTIN_TURNOVER_UNION	control	MRGBP	0.1633857205967164	2079	19
actin_tight_junction	secondary	a	ACTIN_TURNOVER_UNION	control	MRPL12	0.2911774243530471	3044	20
actin_tight_junction	secondary	a	ACTIN_TURNOVER_UNION	control	MRPL42	0.4139426297016782	4343	21
actin_tight_junction	secondary	a	ACTIN_TURNOVER_UNION	control	MRPS30-DT	0.02191751001742139	336	13
actin_tight_junction	secondary	a	ACTIN_TURNOVER_UNION	control	MS4A13	0.01215726043709037	177	12
actin_tight_junction	secondary	a	ACTIN_TURNOVER_UNION	control	MSR1	0.0651066068774375	1001	16
actin_tight_junction	secondary	a	ACTIN_TURNOVER_UNION	control	MT1G	0.10293217512027145	1002	17
actin_tight_junction	secondary	a	ACTIN_TURNOVER_UNION	control	MTMR8	0.3093956237290843	3370	21
actin_tight_junction	secondary	a	ACTIN_TURNOVER_UNION	control	MTSS2	0.09713481963928096	1281	17
actin_tight_junction	secondary	a	ACTIN_TURNOVER_UNION	control	MYH1	9.621389652819077e-05	2	1
actin_tight_junction	secondary	a	ACTIN_TURNOVER_UNION	control	MYO15B	0.3510631413148216	3827	21
actin_tight_junction	secondary	a	ACTIN_TURNOVER_UNION	control	MYO18B	0.01472365659585908	177	12
actin_tight_junction	secondary	a	ACTIN_TURNOVER_UNION	control	MYPOP	0.053175120803014064	759	15
actin_tight_junction	secondary	a	ACTIN_TURNOVER_UNION	control	MZT2A	0.5328748072881775	4764	22
actin_tight_junction	secondary	a	ACTIN_TURNOVER_UNION	control	NAA10	0.31938309003861676	2929	21
actin_tight_junction	secondary	a	ACTIN_TURNOVER_UNION	control	NAB2	0.03989915619163615	582	15
actin_tight_junction	secondary	a	ACTIN_TURNOVER_UNION	control	NAGLU	0.19495503756783863	2554	19
actin_tight_junction	secondary	a	ACTIN_TURNOVER_UNION	control	NBPF15	0.3040470459715284	3466	21
actin_tight_junction	secondary	a	ACTIN_TURNOVER_UNION	control	NCKAP5-AS1	0.008382161136897407	117	11
actin_tight_junction	secondary	a	ACTIN_TURNOVER_UNION	control	NDN	0.01228718103947875	197	12
actin_tight_junction	secondary	a	ACTIN_TURNOVER_UNION	control	NDRG3	0.29942499817225626	3281	20
actin_tight_junction	secondary	a	ACTIN_TURNOVER_UNION	control	NDUFAF4	0.16681441750515405	2142	19
actin_tight_junction	secondary	a	ACTIN_TURNOVER_UNION	control	NDUFAF8	0.29326385494841223	3166	20
actin_tight_junction	secondary	a	ACTIN_TURNOVER_UNION	control	NDUFS5	0.739068919427316	5940	23
actin_tight_junction	secondary	a	ACTIN_TURNOVER_UNION	control	NDUFS7	0.23164995326950563	2599	20
actin_tight_junction	secondary	a	ACTIN_TURNOVER_UNION	control	NELFCD	0.6814260878154282	6259	23
actin_tight_junction	secondary	a	ACTIN_TURNOVER_UNION	control	NELL1	0.00569897373683657	95	10
actin_tight_junction	secondary	a	ACTIN_TURNOVER_UNION	control	NFE2L3	0.8526968283547212	6338	23
actin_tight_junction	secondary	a	ACTIN_TURNOVER_UNION	control	NLK	1.0734660651240882	7914	23
actin_tight_junction	secondary	a	ACTIN_TURNOVER_UNION	control	NNT	0.5018922279594294	4731	22
actin_tight_junction	secondary	a	ACTIN_TURNOVER_UNION	control	NOC4L	0.0620389983948751	870	16
actin_tight_junction	secondary	a	ACTIN_TURNOVER_UNION	control	NOMO3	0.06575015706835491	978	16
actin_tight_junction	secondary	a	ACTIN_TURNOVER_UNION	control	NPIPA8	0.006254421383118273	101	10
actin_tight_junction	secondary	a	ACTIN_TURNOVER_UNION	control	NPSR1-AS1	1.0667410802108441	5127	23
actin_tight_junction	secondary	a	ACTIN_TURNOVER_UNION	control	NSD3	1.3202235803005293	9194	24
actin_tight_junction	secondary	a	ACTIN_TURNOVER_UNION	control	NTAN1	0.05317646399623442	803	15
actin_tight_junction	secondary	a	ACTIN_TURNOVER_UNION	control	NUBP2	0.10665457141012907	1472	17
actin_tight_junction	secondary	a	ACTIN_TURNOVER_UNION	control	NUCB2	0.2792834055901052	3137	20
actin_tight_junction	secondary	a	ACTIN_TURNOVER_UNION	control	NUDT2	0.1136780532662311	1556	17
actin_tight_junction	secondary	a	ACTIN_TURNOVER_UNION	control	NUP133	0.3889694434094236	4226	21
actin_tight_junction	secondary	a	ACTIN_TURNOVER_UNION	control	NUTM2A-AS1	1.0291372127428426	7944	23
actin_tight_junction	secondary	a	ACTIN_TURNOVER_UNION	control	NXF5	0.0002498594540570929	4	3
actin_tight_junction	secondary	a	ACTIN_TURNOVER_UNION	control	NXN	0.06405470851910727	649	16
actin_tight_junction	secondary	a	ACTIN_TURNOVER_UNION	control	OBI1	0.3155266642049248	3503	21
actin_tight_junction	secondary	a	ACTIN_TURNOVER_UNION	control	OGFRL1	0.03266880155220324	542	14
actin_tight_junction	secondary	a	ACTIN_TURNOVER_UNION	control	OMA1	0.07581585312449615	1101	16
actin_tight_junction	secondary	a	ACTIN_TURNOVER_UNION	control	OPHN1	0.6757012014944828	5752	23
actin_tight_junction	secondary	a	ACTIN_TURNOVER_UNION	control	OPN3	0.09465770959831767	1327	17
actin_tight_junction	secondary	a	ACTIN_TURNOVER_UNION	control	OR52N4	7.482196488083469e-05	3	1
actin_tight_junction	secondary	a	ACTIN_TURNOVER_UNION	control	ORAI2	0.09641619921205304	1331	17
actin_tight_junction	secondary	a	ACTIN_TURNOVER_UNION	control	OSBP2	0.4122014443501586	4008	21
actin_tight_junction	secondary	a	ACTIN_TURNOVER_UNION	control	OSBPL11	0.24023882998831297	2893	20
actin_tight_junction	secondary	a	ACTIN_TURNOVER_UNION	control	OSGIN1	0.01232357009304286	202	12
actin_tight_junction	secondary	a	ACTIN_TURNOVER_UNION	control	OSM	6.345753080681744e-05	40	1
actin_tight_junction	secondary	a	ACTIN_TURNOVER_UNION	control	OSMR-AS1	0.0055611896681705755	90	10
actin_tight_junction	secondary	a	ACTIN_TURNOVER_UNION	control	PABPC4L	0.0003369422868574587	6	3
actin_tight_junction	secondary	a	ACTIN_TURNOVER_UNION	control	PACRGL	0.45818838406207735	4680	22
actin_tight_junction	secondary	a	ACTIN_TURNOVER_UNION	control	PADI4	0.001990306501393316	34	8
actin_tight_junction	secondary	a	ACTIN_TURNOVER_UNION	control	PAFAH2	0.07710945240613837	1101	16
actin_tight_junction	secondary	a	ACTIN_TURNOVER_UNION	control	PARP10	0.1882201135437779	2397	19
actin_tight_junction	secondary	a	ACTIN_TURNOVER_UNION	control	PARP15	0.0124569437151641	298	12
actin_tight_junction	secondary	a	ACTIN_TURNOVER_UNION	control	PARVA	0.5924500337516173	5533	22
actin_tight_junction	secondary	a	ACTIN_TURNOVER_UNION	control	PARVB	0.24237197684854203	2633	20
actin_tight_junction	secondary	a	ACTIN_TURNOVER_UNION	control	PAXX	0.21025043555072673	2652	19
actin_tight_junction	secondary	a	ACTIN_TURNOVER_UNION	control	PCAT1	3.50319630714796	11059	24
actin_tight_junction	secondary	a	ACTIN_TURNOVER_UNION	control	PCBP2-OT1	0.00820325840434662	129	11
actin_tight_junction	secondary	a	ACTIN_TURNOVER_UNION	control	PDCL3	0.09701344393367325	1255	17
actin_tight_junction	secondary	a	ACTIN_TURNOVER_UNION	control	PDE2A	0.0009098697050404487	45	6
actin_tight_junction	secondary	a	ACTIN_TURNOVER_UNION	control	PDGFRA	0.07978140576244719	386	16
actin_tight_junction	secondary	a	ACTIN_TURNOVER_UNION	control	PELP1	0.1868856366491309	2270	19
actin_tight_junction	secondary	a	ACTIN_TURNOVER_UNION	control	PFKFB2	0.17103774666421337	2123	19
actin_tight_junction	secondary	a	ACTIN_TURNOVER_UNION	control	PGRMC1	0.47591708958041073	4395	22
actin_tight_junction	secondary	a	ACTIN_TURNOVER_UNION	control	PILRA	0.04871664797967837	837	15
actin_tight_junction	secondary	a	ACTIN_TURNOVER_UNION	control	PITPNA	0.49417513804586505	4943	22
actin_tight_junction	secondary	a	ACTIN_TURNOVER_UNION	control	PITX3	0.00036949866477327235	6	3
actin_tight_junction	secondary	a	ACTIN_TURNOVER_UNION	control	PKHD1	0.18229425631211282	1832	19
actin_tight_junction	secondary	a	ACTIN_TURNOVER_UNION	control	PKLR	0.006134884061383843	97	10
actin_tight_junction	secondary	a	ACTIN_TURNOVER_UNION	control	PKP1	0.020571786054658463	276	13
actin_tight_junction	secondary	a	ACTIN_TURNOVER_UNION	control	PLIN3	0.19428722357212336	2336	19
actin_tight_junction	secondary	a	ACTIN_TURNOVER_UNION	control	PLPP1	0.3955557664907628	3957	21
actin_tight_junction	secondary	a	ACTIN_TURNOVER_UNION	control	PNKD	0.33771905129128205	3885	21
actin_tight_junction	secondary	a	ACTIN_TURNOVER_UNION	control	PNMA8A	0.0009834445187820473	15	6
actin_tight_junction	secondary	a	ACTIN_TURNOVER_UNION	control	POLR2J3	0.8814813900250016	7434	23
actin_tight_junction	secondary	a	ACTIN_TURNOVER_UNION	control	POR	0.44481704977240194	4633	22
actin_tight_junction	secondary	a	ACTIN_TURNOVER_UNION	control	POU1F1	0.0003123243175713661	5	3
actin_tight_junction	secondary	a	ACTIN_TURNOVER_UNION	control	PPM1A	0.4944371142559536	4915	22
actin_tight_junction	secondary	a	ACTIN_TURNOVER_UNION	control	PPM1N	0.02884167222796782	438	14
actin_tight_junction	secondary	a	ACTIN_TURNOVER_UNION	control	PPP1R21	0.7724305119220439	6840	23
actin_tight_junction	secondary	a	ACTIN_TURNOVER_UNION	control	PPP2R2D	0.6274779876634154	5972	22
actin_tight_junction	secondary	a	ACTIN_TURNOVER_UNION	control	PRAC2	0.033799866438135234	466	14
actin_tight_junction	secondary	a	ACTIN_TURNOVER_UNION	control	PRDM13	0.0007495783621712788	12	5
actin_tight_junction	secondary	a	ACTIN_TURNOVER_UNION	control	PRKAA1	0.5585185033822769	5559	22
actin_tight_junction	secondary	a	ACTIN_TURNOVER_UNION	control	PRKCE	0.8154087352149733	6037	23
actin_tight_junction	secondary	a	ACTIN_TURNOVER_UNION	control	PRKCZ-AS1	0.0009064165565475951	15	6
actin_tight_junction	secondary	a	ACTIN_TURNOVER_UNION	control	PRMT6	0.03365766349429451	496	14
actin_tight_junction	secondary	a	ACTIN_TURNOVER_UNION	control	PROSER2-AS1	0.012959323345488055	200	12
actin_tight_junction	secondary	a	ACTIN_TURNOVER_UNION	control	PRRC2A	0.3180403075872592	3563	21
actin_tight_junction	secondary	a	ACTIN_TURNOVER_UNION	control	PRRT3	0.021318044930694616	329	13
actin_tight_junction	secondary	a	ACTIN_TURNOVER_UNION	control	PRSS23	1.3920872583515307	5731	24
actin_tight_junction	secondary	a	ACTIN_TURNOVER_UNION	control	PRSS33	0.01716853102154969	224	13
actin_tight_junction	secondary	a	ACTIN_TURNOVER_UNION	control	PRXL2A	0.3006763689909201	3307	20
actin_tight_junction	secondary	a	ACTIN_TURNOVER_UNION	control	PSCA	0.012853507619172878	99	12
actin_tight_junction	secondary	a	ACTIN_TURNOVER_UNION	control	PSG4	0.0011357316421877178	17	6
actin_tight_junction	secondary	a	ACTIN_TURNOVER_UNION	control	PTCD2	0.095330904127917	1272	17
actin_tight_junction	secondary	a	ACTIN_TURNOVER_UNION	control	PTCHD4	0.061382840060070124	359	16
actin_tight_junction	secondary	a	ACTIN_TURNOVER_UNION	control	PTPRE	0.6968237047594867	6001	23
actin_tight_junction	secondary	a	ACTIN_TURNOVER_UNION	control	PTPRT	0.024482537640165707	327	14
actin_tight_junction	secondary	a	ACTIN_TURNOVER_UNION	control	PXDN	0.008381009798108116	236	11
actin_tight_junction	secondary	a	ACTIN_TURNOVER_UNION	control	PYGB	2.1655768411351155	8252	24
actin_tight_junction	secondary	a	ACTIN_TURNOVER_UNION	control	PYGL	0.20724608031551733	2266	19
actin_tight_junction	secondary	a	ACTIN_TURNOVER_UNION	control	RAB11FIP1	2.510806927046374	9554	24
actin_tight_junction	secondary	a	ACTIN_TURNOVER_UNION	control	RAB33B	0.04412951566373416	633	15
actin_tight_junction	secondary	a	ACTIN_TURNOVER_UNION	control	RAB40B	0.24571612841617285	2688	20
actin_tight_junction	secondary	a	ACTIN_TURNOVER_UNION	control	RAD51-AS1	0.2565186803647261	3180	20
actin_tight_junction	secondary	a	ACTIN_TURNOVER_UNION	control	RALGPS1	0.9850301552112238	7927	23
actin_tight_junction	secondary	a	ACTIN_TURNOVER_UNION	control	RAP1B	1.656606780768957	9952	24
actin_tight_junction	secondary	a	ACTIN_TURNOVER_UNION	control	RAPGEF5	2.3278148516708095	11300	24
actin_tight_junction	secondary	a	ACTIN_TURNOVER_UNION	control	RASSF2	0.000960138427461333	100	6
actin_tight_junction	secondary	a	ACTIN_TURNOVER_UNION	control	RASSF4	0.033369605268427145	657	14
actin_tight_junction	secondary	a	ACTIN_TURNOVER_UNION	control	RBM24	0.008370033838634404	126	11
actin_tight_junction	secondary	a	ACTIN_TURNOVER_UNION	control	RBM26-AS1	0.06261338228303383	886	16
actin_tight_junction	secondary	a	ACTIN_TURNOVER_UNION	control	RBM44	0.013406728535054728	211	12
actin_tight_junction	secondary	a	ACTIN_TURNOVER_UNION	control	RDH14	0.11028212895287041	1475	17
actin_tight_junction	secondary	a	ACTIN_TURNOVER_UNION	control	RECQL5	0.10339490330355537	1454	17
actin_tight_junction	secondary	a	ACTIN_TURNOVER_UNION	control	REG3A	0.07091568280922424	445	16
actin_tight_junction	secondary	a	ACTIN_TURNOVER_UNION	control	RGPD2	0.027112557332054175	420	14
actin_tight_junction	secondary	a	ACTIN_TURNOVER_UNION	control	RMDN2-AS1	0.0633622010126947	873	16
actin_tight_junction	secondary	a	ACTIN_TURNOVER_UNION	control	RMND5A	0.5078155966714711	4860	22
actin_tight_junction	secondary	a	ACTIN_TURNOVER_UNION	control	RNASE1	0.2527083718054496	2678	20
actin_tight_junction	secondary	a	ACTIN_TURNOVER_UNION	control	RNASEK	0.542796930886125	5195	22
actin_tight_junction	secondary	a	ACTIN_TURNOVER_UNION	control	RNF128	0.571305702528692	4827	22
actin_tight_junction	secondary	a	ACTIN_TURNOVER_UNION	control	RNF152	0.026522667725538417	458	14
actin_tight_junction	secondary	a	ACTIN_TURNOVER_UNION	control	RNF183	0.08759880272183	1129	17
actin_tight_junction	secondary	a	ACTIN_TURNOVER_UNION	control	RSBN1	0.4552387489977798	4807	22
actin_tight_junction	secondary	a	ACTIN_TURNOVER_UNION	control	RSPH3	0.27296036045498656	3026	20
actin_tight_junction	secondary	a	ACTIN_TURNOVER_UNION	control	S100Z	0.0026290663429294845	60	8
actin_tight_junction	secondary	a	ACTIN_TURNOVER_UNION	control	SACS	0.041393013152469106	596	15
actin_tight_junction	secondary	a	ACTIN_TURNOVER_UNION	control	SAMD12	6.025008275273735	13844	24
actin_tight_junction	secondary	a	ACTIN_TURNOVER_UNION	control	SAP130	0.3715612887628779	4068	21
actin_tight_junction	secondary	a	ACTIN_TURNOVER_UNION	control	SAP25	0.031841378213389886	495	14
actin_tight_junction	secondary	a	ACTIN_TURNOVER_UNION	control	SBF1	0.08502350393230107	1255	17
actin_tight_junction	secondary	a	ACTIN_TURNOVER_UNION	control	SCAMP2	0.32049331772490525	3808	21
actin_tight_junction	secondary	a	ACTIN_TURNOVER_UNION	control	SCAMP5	0.16562641957979882	1988	19
actin_tight_junction	secondary	a	ACTIN_TURNOVER_UNION	control	SCAT1	0.00667234833091441	113	11
actin_tight_junction	secondary	a	ACTIN_TURNOVER_UNION	control	SCYL2	0.7025255878202942	6281	23
actin_tight_junction	secondary	a	ACTIN_TURNOVER_UNION	control	SDHAF3	0.18210254470802725	2181	19
actin_tight_junction	secondary	a	ACTIN_TURNOVER_UNION	control	SDR16C5	0.06582221754620836	735	16
actin_tight_junction	secondary	a	ACTIN_TURNOVER_UNION	control	SERTAD2	0.19990138143712416	2292	19
actin_tight_junction	secondary	a	ACTIN_TURNOVER_UNION	control	SGMS1-AS1	0.040018091497999675	590	15
actin_tight_junction	secondary	a	ACTIN_TURNOVER_UNION	control	SHANK3	0.024081861978372875	404	14
actin_tight_junction	secondary	a	ACTIN_TURNOVER_UNION	control	SHARPIN	0.2798991481877632	3379	20
actin_tight_junction	secondary	a	ACTIN_TURNOVER_UNION	control	SHC3	0.2323684458752265	2087	20
actin_tight_junction	secondary	a	ACTIN_TURNOVER_UNION	control	SIGLEC5	0.0010916708577469727	30	6
actin_tight_junction	secondary	a	ACTIN_TURNOVER_UNION	control	SIGMAR1	0.2561730635896657	2690	20
actin_tight_junction	secondary	a	ACTIN_TURNOVER_UNION	control	SIMC1	0.5447116718547867	5001	22
actin_tight_junction	secondary	a	ACTIN_TURNOVER_UNION	control	SIPA1L3	1.6598847806584007	9865	24
actin_tight_junction	secondary	a	ACTIN_TURNOVER_UNION	control	SIX2	0.00012492972702854644	2	1
actin_tight_junction	secondary	a	ACTIN_TURNOVER_UNION	control	SLC12A6	0.19307593939301967	2487	19
actin_tight_junction	secondary	a	ACTIN_TURNOVER_UNION	control	SLC16A11	0.007899302896862671	125	11
actin_tight_junction	secondary	a	ACTIN_TURNOVER_UNION	control	SLC22A13	0.008615328576207506	131	11
actin_tight_junction	secondary	a	ACTIN_TURNOVER_UNION	control	SLC25A18	0.001093388601576312	28	6
actin_tight_junction	secondary	a	ACTIN_TURNOVER_UNION	control	SLC25A30	0.03588207339900181	532	14
actin_tight_junction	secondary	a	ACTIN_TURNOVER_UNION	control	SLC25A45	0.04724437332337987	720	15
actin_tight_junction	secondary	a	ACTIN_TURNOVER_UNION	control	SLC27A4	0.20758870151132497	2501	19
actin_tight_junction	secondary	a	ACTIN_TURNOVER_UNION	control	SLC30A7	0.8521233193617802	7277	23
actin_tight_junction	secondary	a	ACTIN_TURNOVER_UNION	control	SLC52A3	0.10476359985808333	1425	17
actin_tight_junction	secondary	a	ACTIN_TURNOVER_UNION	control	SLC6A4	0.037098149430953506	508	14
actin_tight_junction	secondary	a	ACTIN_TURNOVER_UNION	control	SLC7A11	0.7090836773630039	4081	23
actin_tight_junction	secondary	a	ACTIN_TURNOVER_UNION	control	SLC7A14-AS1	0.03452003959214282	432	14
actin_tight_junction	secondary	a	ACTIN_TURNOVER_UNION	control	SLCO1B3	0.4640849180579205	1994	22
actin_tight_junction	secondary	a	ACTIN_TURNOVER_UNION	control	SLCO1C1	0.005995998106265447	92	10
actin_tight_junction	secondary	a	ACTIN_TURNOVER_UNION	control	SLURP1	0.0003123243175713661	3	3
actin_tight_junction	secondary	a	ACTIN_TURNOVER_UNION	control	SMIM33	0.0024948841933196157	37	8
actin_tight_junction	secondary	a	ACTIN_TURNOVER_UNION	control	SNHG10	0.11615898077265582	1627	17
actin_tight_junction	secondary	a	ACTIN_TURNOVER_UNION	control	SNHG7	0.4171664364199878	4345	21
actin_tight_junction	secondary	a	ACTIN_TURNOVER_UNION	control	SNRPB2	0.506552795668077	4423	22
actin_tight_junction	secondary	a	ACTIN_TURNOVER_UNION	control	SNRPF	0.7086252016233814	5056	23
actin_tight_junction	secondary	a	ACTIN_TURNOVER_UNION	control	SNRPG	0.45365824645192177	4426	22
actin_tight_junction	secondary	a	ACTIN_TURNOVER_UNION	control	SNX8	0.22185217964856963	2807	20
actin_tight_junction	secondary	a	ACTIN_TURNOVER_UNION	control	SOCS2-AS1	0.009140611703871378	143	11
actin_tight_junction	secondary	a	ACTIN_TURNOVER_UNION	control	SOS1	1.8638733671505157	10716	24
actin_tight_junction	secondary	a	ACTIN_TURNOVER_UNION	control	SOST	6.246486351427322e-05	1	1
actin_tight_junction	secondary	a	ACTIN_TURNOVER_UNION	control	SOWAHD	0.002571501697395763	43	8
actin_tight_junction	secondary	a	ACTIN_TURNOVER_UNION	control	SOX9-AS1	0.25374599341650966	2462	20
actin_tight_junction	secondary	a	ACTIN_TURNOVER_UNION	control	SPAG17	0.03715971545072821	527	15
actin_tight_junction	secondary	a	ACTIN_TURNOVER_UNION	control	SPDYE1	0.042360830687889775	640	15
actin_tight_junction	secondary	a	ACTIN_TURNOVER_UNION	control	SPG11	0.9663726667828676	8021	23
actin_tight_junction	secondary	a	ACTIN_TURNOVER_UNION	control	SPHKAP	0.002270499870178292	37	8
actin_tight_junction	secondary	a	ACTIN_TURNOVER_UNION	control	SPRR1B	0.0071624810865872695	24	11
actin_tight_junction	secondary	a	ACTIN_TURNOVER_UNION	control	ST7-AS2	0.0839782720488114	1131	17
actin_tight_junction	secondary	a	ACTIN_TURNOVER_UNION	control	STAG3	0.04405314868793199	657	15
actin_tight_junction	secondary	a	ACTIN_TURNOVER_UNION	control	STAM	0.48220355809758847	4788	22
actin_tight_junction	secondary	a	ACTIN_TURNOVER_UNION	control	STARD3NL	0.21610940877692325	2728	19
actin_tight_junction	secondary	a	ACTIN_TURNOVER_UNION	control	STARD7-AS1	0.06618474065806972	941	16
actin_tight_junction	secondary	a	ACTIN_TURNOVER_UNION	control	STAT1	0.9300209556441156	6116	23
actin_tight_junction	secondary	a	ACTIN_TURNOVER_UNION	control	STEAP4	0.012677046632195967	179	12
actin_tight_junction	secondary	a	ACTIN_TURNOVER_UNION	control	STK10	0.20564946108363627	2846	19
actin_tight_junction	secondary	a	ACTIN_TURNOVER_UNION	control	STK16	0.05361679404298216	787	15
actin_tight_junction	secondary	a	ACTIN_TURNOVER_UNION	control	STMN2	0.00446446834219254	54	10
actin_tight_junction	secondary	a	ACTIN_TURNOVER_UNION	control	SYCP2	0.2986438590287415	1720	20
actin_tight_junction	secondary	a	ACTIN_TURNOVER_UNION	control	SYN1	0.013665348345386132	213	12
actin_tight_junction	secondary	a	ACTIN_TURNOVER_UNION	control	TAF1A-AS1	0.010095658494572978	155	12
actin_tight_junction	secondary	a	ACTIN_TURNOVER_UNION	control	TAOK1	1.2963673369402238	8988	24
actin_tight_junction	secondary	a	ACTIN_TURNOVER_UNION	control	TARBP1	1.2169586799043373	8513	24
actin_tight_junction	secondary	a	ACTIN_TURNOVER_UNION	control	TARSL2	0.17596939199049266	2274	19
actin_tight_junction	secondary	a	ACTIN_TURNOVER_UNION	control	TAS2R3	0.0010538636852497688	17	6
actin_tight_junction	secondary	a	ACTIN_TURNOVER_UNION	control	TATDN1	0.7647709028510422	6633	23
actin_tight_junction	secondary	a	ACTIN_TURNOVER_UNION	control	TAX1BP1	2.480231662178634	11737	24
actin_tight_junction	secondary	a	ACTIN_TURNOVER_UNION	control	TBC1D13	0.06820609363619588	990	16
actin_tight_junction	secondary	a	ACTIN_TURNOVER_UNION	control	TBC1D32	0.9057665302138516	6604	23
actin_tight_junction	secondary	a	ACTIN_TURNOVER_UNION	control	TBL1XR1	4.68043101438541	13405	24
actin_tight_junction	secondary	a	ACTIN_TURNOVER_UNION	control	TCF3	0.2935225350195988	3339	20
actin_tight_junction	secondary	a	ACTIN_TURNOVER_UNION	control	TCTEX1D1	0.00011984533429323176	9	1
actin_tight_junction	secondary	a	ACTIN_TURNOVER_UNION	control	TELO2	0.10938106437515467	1522	17
actin_tight_junction	secondary	a	ACTIN_TURNOVER_UNION	control	TEPSIN	0.05835041094745171	888	16
actin_tight_junction	secondary	a	ACTIN_TURNOVER_UNION	control	TERT	0.0591836458396564	721	16
actin_tight_junction	secondary	a	ACTIN_TURNOVER_UNION	control	TES	0.8692518769149606	6793	23
actin_tight_junction	secondary	a	ACTIN_TURNOVER_UNION	control	TEX29	0.008595280052795121	139	11
actin_tight_junction	secondary	a	ACTIN_TURNOVER_UNION	control	TFG	0.9352451610128837	7759	23
actin_tight_junction	secondary	a	ACTIN_TURNOVER_UNION	control	TFPT	0.062302882916044675	900	16
actin_tight_junction	secondary	a	ACTIN_TURNOVER_UNION	control	THOC5	0.08910987757900789	1256	17
actin_tight_junction	secondary	a	ACTIN_TURNOVER_UNION	control	THUMPD1	0.20105037574385662	2460	19
actin_tight_junction	secondary	a	ACTIN_TURNOVER_UNION	control	THUMPD3	0.17227120576401403	2204	19
actin_tight_junction	secondary	a	ACTIN_TURNOVER_UNION	control	TLDC2	0.17020962958228916	2046	19
actin_tight_junction	secondary	a	ACTIN_TURNOVER_UNION	control	TLX1NB	0.029045503887411353	434	14
actin_tight_junction	secondary	a	ACTIN_TURNOVER_UNION	control	TMCO4	0.4746403661909953	4884	22
actin_tight_junction	secondary	a	ACTIN_TURNOVER_UNION	control	TMED9	0.5675530952910312	4960	22
actin_tight_junction	secondary	a	ACTIN_TURNOVER_UNION	control	TMEM120B	0.3019288372327755	3310	21
actin_tight_junction	secondary	a	ACTIN_TURNOVER_UNION	control	TMEM132D-AS1	0.0009868085901893141	14	6
actin_tight_junction	secondary	a	ACTIN_TURNOVER_UNION	control	TMEM141	0.5974176067409136	4823	22
actin_tight_junction	secondary	a	ACTIN_TURNOVER_UNION	control	TMEM179B	0.4166601022154049	4564	21
actin_tight_junction	secondary	a	ACTIN_TURNOVER_UNION	control	TMEM192	0.22958849092822242	2662	20
actin_tight_junction	secondary	a	ACTIN_TURNOVER_UNION	control	TMEM204	0.01720373150063854	312	13
actin_tight_junction	secondary	a	ACTIN_TURNOVER_UNION	control	TMEM220	0.019312425767484185	297	13
actin_tight_junction	secondary	a	ACTIN_TURNOVER_UNION	control	TMEM248	0.6571456742536873	6141	23
actin_tight_junction	secondary	a	ACTIN_TURNOVER_UNION	control	TMEM251	0.09550228470887413	1357	17
actin_tight_junction	secondary	a	ACTIN_TURNOVER_UNION	control	TMLHE	0.5334745271863108	5063	22
actin_tight_junction	secondary	a	ACTIN_TURNOVER_UNION	control	TMPO-AS1	0.019866629538630474	307	13
actin_tight_junction	secondary	a	ACTIN_TURNOVER_UNION	control	TMSB4X	4.946269084103914	12672	24
actin_tight_junction	secondary	a	ACTIN_TURNOVER_UNION	control	TNS2	0.017958993482029877	316	13
actin_tight_junction	secondary	a	ACTIN_TURNOVER_UNION	control	TOB1	0.47441456028088214	4394	22
actin_tight_junction	secondary	a	ACTIN_TURNOVER_UNION	control	TOMM20L	0.002767983233655396	45	8
actin_tight_junction	secondary	a	ACTIN_TURNOVER_UNION	control	TOR1AIP1	0.2101359060849183	2548	19
actin_tight_junction	secondary	a	ACTIN_TURNOVER_UNION	control	TPMT	0.24892895096908638	2838	20
actin_tight_junction	secondary	a	ACTIN_TURNOVER_UNION	control	TPSD1	0.00012492972702854644	1	1
actin_tight_junction	secondary	a	ACTIN_TURNOVER_UNION	control	TRAPPC4	0.17250156474817904	2107	19
actin_tight_junction	secondary	a	ACTIN_TURNOVER_UNION	control	TRAPPC8	0.5844612220377029	5733	22
actin_tight_junction	secondary	a	ACTIN_TURNOVER_UNION	control	TRBC2	0.0053197030291148644	244	10
actin_tight_junction	secondary	a	ACTIN_TURNOVER_UNION	control	TRIM32	0.04842656322493312	706	15
actin_tight_junction	secondary	a	ACTIN_TURNOVER_UNION	control	TRIM40	0.006653279816309802	76	11
actin_tight_junction	secondary	a	ACTIN_TURNOVER_UNION	control	TRIM42	0.00035978113065780726	5	3
actin_tight_junction	secondary	a	ACTIN_TURNOVER_UNION	control	TSHZ2	0.9947332181201644	7255	23
actin_tight_junction	secondary	a	ACTIN_TURNOVER_UNION	control	TSPAN18	0.03442986167060784	511	14
actin_tight_junction	secondary	a	ACTIN_TURNOVER_UNION	control	TTC28-AS1	0.2692815407955169	3120	20
actin_tight_junction	secondary	a	ACTIN_TURNOVER_UNION	control	TTLL10	0.039222091181347105	533	15
actin_tight_junction	secondary	a	ACTIN_TURNOVER_UNION	control	TTR	0.026861438224146463	360	14
actin_tight_junction	secondary	a	ACTIN_TURNOVER_UNION	control	TWISTNB	0.19471807066658098	2300	19
actin_tight_junction	secondary	a	ACTIN_TURNOVER_UNION	control	UBE2Q2L	0.0007678071297907622	12	5
actin_tight_junction	secondary	a	ACTIN_TURNOVER_UNION	control	UBE2QL1	0.004853617332215915	61	10
actin_tight_junction	secondary	a	ACTIN_TURNOVER_UNION	control	UBXN8	0.04870626642937986	710	15
actin_tight_junction	secondary	a	ACTIN_TURNOVER_UNION	control	UFSP1	0.017275992864463047	266	13
actin_tight_junction	secondary	a	ACTIN_TURNOVER_UNION	control	UGT2B7	0.016291079213799277	248	13
actin_tight_junction	secondary	a	ACTIN_TURNOVER_UNION	control	UMODL1	0.007693284973004182	119	11
actin_tight_junction	secondary	a	ACTIN_TURNOVER_UNION	control	UNC50	0.22286990404992785	2802	20
actin_tight_junction	secondary	a	ACTIN_TURNOVER_UNION	control	UPK3BL2	0.004777531738817232	80	10
actin_tight_junction	secondary	a	ACTIN_TURNOVER_UNION	control	UQCRH	1.3218445057975927	8746	24
actin_tight_junction	secondary	a	ACTIN_TURNOVER_UNION	control	UQCRQ	0.7171797741657574	5597	23
actin_tight_junction	secondary	a	ACTIN_TURNOVER_UNION	control	USP27X	0.011418332054152755	177	12
actin_tight_junction	secondary	a	ACTIN_TURNOVER_UNION	control	USP37	0.41967501130763213	4221	21
actin_tight_junction	secondary	a	ACTIN_TURNOVER_UNION	control	USP6NL	2.443630417868122	10741	24
actin_tight_junction	secondary	a	ACTIN_TURNOVER_UNION	control	VDAC3	0.3716049505557881	3893	21
actin_tight_junction	secondary	a	ACTIN_TURNOVER_UNION	control	VPS37C	0.24564416155622126	3064	20
actin_tight_junction	secondary	a	ACTIN_TURNOVER_UNION	control	VPS39	0.2996899876337493	3679	20
actin_tight_junction	secondary	a	ACTIN_TURNOVER_UNION	control	VWCE	0.039014910320941086	530	15
actin_tight_junction	secondary	a	ACTIN_TURNOVER_UNION	control	WDR63	0.06593933060008506	828	16
actin_tight_junction	secondary	a	ACTIN_TURNOVER_UNION	control	WDR97	0.02410719038225053	345	14
actin_tight_junction	secondary	a	ACTIN_TURNOVER_UNION	control	WNK2	1.535542249020561	9030	24
actin_tight_junction	secondary	a	ACTIN_TURNOVER_UNION	control	WWC1	0.8816263449989558	6808	23
actin_tight_junction	secondary	a	ACTIN_TURNOVER_UNION	control	XCL1	0.009021164314074747	140	11
actin_tight_junction	secondary	a	ACTIN_TURNOVER_UNION	control	XKR5	0.000936960223106972	14	6
actin_tight_junction	secondary	a	ACTIN_TURNOVER_UNION	control	XRCC5	1.8625299135949347	10311	24
actin_tight_junction	secondary	a	ACTIN_TURNOVER_UNION	control	YIF1B	0.07625519566238381	1148	16
actin_tight_junction	secondary	a	ACTIN_TURNOVER_UNION	control	YTHDF3	1.015495693209291	7788	23
actin_tight_junction	secondary	a	ACTIN_TURNOVER_UNION	control	Z83839.2	6.246486351427322e-05	1	1
actin_tight_junction	secondary	a	ACTIN_TURNOVER_UNION	control	Z98885.2	0.0006871134986570055	10	5
actin_tight_junction	secondary	a	ACTIN_TURNOVER_UNION	control	ZBTB20-AS4	0.00709669438760116	113	11
actin_tight_junction	secondary	a	ACTIN_TURNOVER_UNION	control	ZBTB21	0.10416326272293293	1420	17
actin_tight_junction	secondary	a	ACTIN_TURNOVER_UNION	control	ZCWPW2	0.09831085343357612	1248	17
actin_tight_junction	secondary	a	ACTIN_TURNOVER_UNION	control	ZDHHC21	1.1792924480078828	8365	24
actin_tight_junction	secondary	a	ACTIN_TURNOVER_UNION	control	ZEB1-AS1	0.007810611700634124	157	11
actin_tight_junction	secondary	a	ACTIN_TURNOVER_UNION	control	ZFPL1	0.09747021682586021	1335	17
actin_tight_junction	secondary	a	ACTIN_TURNOVER_UNION	control	ZMYND19	0.07435823168594624	1058	16
actin_tight_junction	secondary	a	ACTIN_TURNOVER_UNION	control	ZNF227	0.07777473259943171	1101	16
actin_tight_junction	secondary	a	ACTIN_TURNOVER_UNION	control	ZNF24	0.21155144906154205	2605	19
actin_tight_junction	secondary	a	ACTIN_TURNOVER_UNION	control	ZNF282	0.18761833530652167	2481	19
actin_tight_junction	secondary	a	ACTIN_TURNOVER_UNION	control	ZNF341-AS1	0.0065537585116942874	103	11
actin_tight_junction	secondary	a	ACTIN_TURNOVER_UNION	control	ZNF501	0.011164586930802464	178	12
actin_tight_junction	secondary	a	ACTIN_TURNOVER_UNION	control	ZNF610	0.018918251170679568	288	13
actin_tight_junction	secondary	a	ACTIN_TURNOVER_UNION	control	ZNF653	0.04041007334827533	605	15
actin_tight_junction	secondary	a	ACTIN_TURNOVER_UNION	control	ZNF704	1.9867705846310901	9740	24
actin_tight_junction	secondary	a	ACTIN_TURNOVER_UNION	control	ZNF708	0.35812455760307543	3994	21
actin_tight_junction	secondary	a	ACTIN_TURNOVER_UNION	control	ZNF730	0.08741853243518768	1041	17
actin_tight_junction	secondary	a	ACTIN_TURNOVER_UNION	control	ZNF804A	0.08473316256464877	527	17
actin_tight_junction	secondary	a	ACTIN_TURNOVER_UNION	control	ZNF805	0.04674247788514692	694	15
actin_tight_junction	secondary	a	ACTIN_TURNOVER_UNION	control	ZSCAN29	0.07468717238898424	1064	16
actin_tight_junction	secondary	a	ACTIN_TURNOVER_UNION	control	ZSWIM6	1.7784225665951068	9683	24
actin_tight_junction	secondary	a	ACTIN_TURNOVER_UNION	control	ZZEF1	0.5973277785183224	5968	22
actin_tight_junction	secondary	a	ACTIN_TURNOVER_UNION	target	ACTN2	0.0012685610510227842	24	6
actin_tight_junction	secondary	a	ACTIN_TURNOVER_UNION	target	ADD1	0.6425153422760744	6297	23
actin_tight_junction	secondary	a	ACTIN_TURNOVER_UNION	target	ADD2	0.009685532925644086	141	11
actin_tight_junction	secondary	a	ACTIN_TURNOVER_UNION	target	ADD3	1.8879440455979166	9710	24
actin_tight_junction	secondary	a	ACTIN_TURNOVER_UNION	target	ASB2	0.00029107110743670217	16	3
actin_tight_junction	secondary	a	ACTIN_TURNOVER_UNION	target	AVIL	0.18580145274492976	2107	19
actin_tight_junction	secondary	a	ACTIN_TURNOVER_UNION	target	CAPG	0.20552763237444405	2458	19
actin_tight_junction	secondary	a	ACTIN_TURNOVER_UNION	target	CAPZA1	0.9461684676956604	7979	23
actin_tight_junction	secondary	a	ACTIN_TURNOVER_UNION	target	CAPZA2	1.0003838957759736	7931	23
actin_tight_junction	secondary	a	ACTIN_TURNOVER_UNION	target	CAPZB	1.0245036501129068	8250	23
actin_tight_junction	secondary	a	ACTIN_TURNOVER_UNION	target	CARMIL1	3.0813995807165937	12075	24
actin_tight_junction	secondary	a	ACTIN_TURNOVER_UNION	target	CARMIL2	0.00515827308164872	86	10
actin_tight_junction	secondary	a	ACTIN_TURNOVER_UNION	target	CFL1	2.090044078206475	9403	24
actin_tight_junction	secondary	a	ACTIN_TURNOVER_UNION	target	CFL2	0.02790223175502821	434	14
actin_tight_junction	secondary	a	ACTIN_TURNOVER_UNION	target	DMTN	0.06895378594083071	981	16
actin_tight_junction	secondary	a	ACTIN_TURNOVER_UNION	target	DSTN	2.013460572937663	10278	24
actin_tight_junction	secondary	a	ACTIN_TURNOVER_UNION	target	EPS8	4.658998582344362	12975	24
actin_tight_junction	secondary	a	ACTIN_TURNOVER_UNION	target	F2RL1	0.17332938632003606	2039	19
actin_tight_junction	secondary	a	ACTIN_TURNOVER_UNION	target	FLII	0.1876261084368963	2352	19
actin_tight_junction	secondary	a	ACTIN_TURNOVER_UNION	target	GSN	0.4805274726415156	4443	22
actin_tight_junction	secondary	a	ACTIN_TURNOVER_UNION	target	LIMA1	1.3614578150714038	7836	24
actin_tight_junction	secondary	a	ACTIN_TURNOVER_UNION	target	LMOD1	0.000919028754187204	34	6
actin_tight_junction	secondary	a	ACTIN_TURNOVER_UNION	target	LMOD2	0.0008067750262100134	13	5
actin_tight_junction	secondary	a	ACTIN_TURNOVER_UNION	target	LMOD3	0.0028096742421208033	44	8
actin_tight_junction	secondary	a	ACTIN_TURNOVER_UNION	target	MICAL1	0.10246433104787542	1469	17
actin_tight_junction	secondary	a	ACTIN_TURNOVER_UNION	target	MICAL2	1.7576493908973403	8989	24
actin_tight_junction	secondary	a	ACTIN_TURNOVER_UNION	target	MICAL3	1.309917354901695	8436	24
actin_tight_junction	secondary	a	ACTIN_TURNOVER_UNION	target	MTPN	0.3929240660319227	4246	21
actin_tight_junction	secondary	a	ACTIN_TURNOVER_UNION	target	PDXP	0.036567367856719546	532	14
actin_tight_junction	secondary	a	ACTIN_TURNOVER_UNION	target	PIK3CA	0.8050095051446969	6798	23
actin_tight_junction	secondary	a	ACTIN_TURNOVER_UNION	target	PLEK	0.0012511177416899455	153	6
actin_tight_junction	secondary	a	ACTIN_TURNOVER_UNION	target	PLEKHH2	0.030390688106422287	426	14
actin_tight_junction	secondary	a	ACTIN_TURNOVER_UNION	target	PPP1R9B	0.06257984949696686	923	16
actin_tight_junction	secondary	a	ACTIN_TURNOVER_UNION	target	RDX	0.27836337306632264	3150	20
actin_tight_junction	secondary	a	ACTIN_TURNOVER_UNION	target	SCIN	0.10816558356868596	1156	17
actin_tight_junction	secondary	a	ACTIN_TURNOVER_UNION	target	SEMA5A	2.8714336411614076	9799	24
actin_tight_junction	secondary	a	ACTIN_TURNOVER_UNION	target	SH3BP1	0.07380971919217667	1028	16
actin_tight_junction	secondary	a	ACTIN_TURNOVER_UNION	target	SPECC1L	0.7216127389013783	6343	23
actin_tight_junction	secondary	a	ACTIN_TURNOVER_UNION	target	SPTAN1	0.8341559909818861	6924	23
actin_tight_junction	secondary	a	ACTIN_TURNOVER_UNION	target	SPTB	0.019950628098203034	293	13
actin_tight_junction	secondary	a	ACTIN_TURNOVER_UNION	target	SPTBN1	3.178737684675729	11397	24
actin_tight_junction	secondary	a	ACTIN_TURNOVER_UNION	target	SPTBN2	0.06804745565073443	973	16
actin_tight_junction	secondary	a	ACTIN_TURNOVER_UNION	target	SPTBN4	0.02908381202279517	400	14
actin_tight_junction	secondary	a	ACTIN_TURNOVER_UNION	target	SPTBN5	0.025380875371935004	354	14
actin_tight_junction	secondary	a	ACTIN_TURNOVER_UNION	target	SVIL	2.428852181899576	9732	24
actin_tight_junction	secondary	a	ACTIN_TURNOVER_UNION	target	SWAP70	0.27313790228586615	3192	20
actin_tight_junction	secondary	a	ACTIN_TURNOVER_UNION	target	TMOD1	0.0134006900621747	200	12
actin_tight_junction	secondary	a	ACTIN_TURNOVER_UNION	target	TMOD2	0.04179919161704549	663	15
actin_tight_junction	secondary	a	ACTIN_TURNOVER_UNION	target	TMOD3	0.7011240960615795	6361	23
actin_tight_junction	secondary	a	ACTIN_TURNOVER_UNION	target	TMOD4	0.00012492972702854644	2	1
actin_tight_junction	secondary	a	ACTIN_TURNOVER_UNION	target	TRIOBP	0.38944578696119214	4319	21
actin_tight_junction	secondary	a	ACTIN_TURNOVER_UNION	target	TWF1	0.25156210179450755	2826	20
actin_tight_junction	secondary	a	ACTIN_TURNOVER_UNION	target	TWF2	0.06968169610369572	1008	16
actin_tight_junction	secondary	a	ACTIN_TURNOVER_UNION	target	VIL1	1.0051715335532323	7355	23
actin_tight_junction	secondary	a	ACTIN_TURNOVER_UNION	target	VILL	0.10204445960200181	1394	17
actin_tight_junction	secondary	a	ACTIN_TURNOVER_UNION	target	WASHC2C	0.23051549245463926	2964	20
actin_tight_junction	secondary	a	ACTIN_TURNOVER_UNION	target	WDR1	0.41019093537771273	4186	21
actin_tight_junction	secondary	b	REACTOME_TIGHT_JUNCTION_INTERACTIONS	control	A1BG-AS1	0.002485527482505813	55	8
actin_tight_junction	secondary	b	REACTOME_TIGHT_JUNCTION_INTERACTIONS	control	AASDHPPT	0.22292428820426075	2731	20
actin_tight_junction	secondary	b	REACTOME_TIGHT_JUNCTION_INTERACTIONS	control	ABHD2	1.0430350908762358	6808	23
actin_tight_junction	secondary	b	REACTOME_TIGHT_JUNCTION_INTERACTIONS	control	ABI3BP	0.03271428002568828	481	14
actin_tight_junction	secondary	b	REACTOME_TIGHT_JUNCTION_INTERACTIONS	control	ABLIM3	0.022263214940778164	399	13
actin_tight_junction	secondary	b	REACTOME_TIGHT_JUNCTION_INTERACTIONS	control	AC002128.1	0.00546386380192341	86	10
actin_tight_junction	secondary	b	REACTOME_TIGHT_JUNCTION_INTERACTIONS	control	AC004263.1	0.0020312772520075916	33	8
actin_tight_junction	secondary	b	REACTOME_TIGHT_JUNCTION_INTERACTIONS	control	AC004974.1	0.00821005187808138	130	11
actin_tight_junction	secondary	b	REACTOME_TIGHT_JUNCTION_INTERACTIONS	control	AC004975.2	0.0006871134986570055	10	5
actin_tight_junction	secondary	b	REACTOME_TIGHT_JUNCTION_INTERACTIONS	control	AC005019.2	0.0002498594540570929	4	2
actin_tight_junction	secondary	b	REACTOME_TIGHT_JUNCTION_INTERACTIONS	control	AC005523.2	0.03492233028893793	509	14
actin_tight_junction	secondary	b	REACTOME_TIGHT_JUNCTION_INTERACTIONS	control	AC006004.1	0.0008745080891998253	14	5
actin_tight_junction	secondary	b	REACTOME_TIGHT_JUNCTION_INTERACTIONS	control	AC006111.3	0.0007469180827808304	12	5
actin_tight_junction	secondary	b	REACTOME_TIGHT_JUNCTION_INTERACTIONS	control	AC006145.1	0.000763237375822585	13	5
actin_tight_junction	secondary	b	REACTOME_TIGHT_JUNCTION_INTERACTIONS	control	AC006148.1	0.013617509915876515	161	12
actin_tight_junction	secondary	b	REACTOME_TIGHT_JUNCTION_INTERACTIONS	control	AC006159.1	0.00013809562198553846	3	2
actin_tight_junction	secondary	b	REACTOME_TIGHT_JUNCTION_INTERACTIONS	control	AC007218.3	0.0006349461966551583	12	5
actin_tight_junction	secondary	b	REACTOME_TIGHT_JUNCTION_INTERACTIONS	control	AC007240.3	0.007131817358126455	106	11
actin_tight_junction	secondary	b	REACTOME_TIGHT_JUNCTION_INTERACTIONS	control	AC007325.4	0.0084498709522514	133	11
actin_tight_junction	secondary	b	REACTOME_TIGHT_JUNCTION_INTERACTIONS	control	AC007389.1	0.020829736479024655	331	13
actin_tight_junction	secondary	b	REACTOME_TIGHT_JUNCTION_INTERACTIONS	control	AC007391.2	0.0006871134986570056	11	5
actin_tight_junction	secondary	b	REACTOME_TIGHT_JUNCTION_INTERACTIONS	control	AC007608.2	0.007990969836551771	126	11
actin_tight_junction	secondary	b	REACTOME_TIGHT_JUNCTION_INTERACTIONS	control	AC007920.2	0.00018165826246452344	3	2
actin_tight_junction	secondary	b	REACTOME_TIGHT_JUNCTION_INTERACTIONS	control	AC007938.3	0.011052643063588295	169	12
actin_tight_junction	secondary	b	REACTOME_TIGHT_JUNCTION_INTERACTIONS	control	AC008050.1	0.006278884043502385	145	10
actin_tight_junction	secondary	b	REACTOME_TIGHT_JUNCTION_INTERACTIONS	control	AC008115.1	0.005310985799866037	81	10
actin_tight_junction	secondary	b	REACTOME_TIGHT_JUNCTION_INTERACTIONS	control	AC008124.1	0.10359857569584387	1444	17
actin_tight_junction	secondary	b	REACTOME_TIGHT_JUNCTION_INTERACTIONS	control	AC008391.1	0.0002498594540570929	4	2
actin_tight_junction	secondary	b	REACTOME_TIGHT_JUNCTION_INTERACTIONS	control	AC008438.1	0.08569427729546517	1168	17
actin_tight_junction	secondary	b	REACTOME_TIGHT_JUNCTION_INTERACTIONS	control	AC008691.1	0.02050220058355739	286	13
actin_tight_junction	secondary	b	REACTOME_TIGHT_JUNCTION_INTERACTIONS	control	AC008735.2	0.10334450250354317	1479	17
actin_tight_junction	secondary	b	REACTOME_TIGHT_JUNCTION_INTERACTIONS	control	AC008770.3	0.01284071180760744	202	12
actin_tight_junction	secondary	b	REACTOME_TIGHT_JUNCTION_INTERACTIONS	control	AC008937.3	0.006829657886884473	108	11
actin_tight_junction	secondary	b	REACTOME_TIGHT_JUNCTION_INTERACTIONS	control	AC009227.1	0.00018307346043398186	3	2
actin_tight_junction	secondary	b	REACTOME_TIGHT_JUNCTION_INTERACTIONS	control	AC009318.3	0.01040958417736023	166	12
actin_tight_junction	secondary	b	REACTOME_TIGHT_JUNCTION_INTERACTIONS	control	AC009518.1	6.246486351427322e-05	1	0
actin_tight_junction	secondary	b	REACTOME_TIGHT_JUNCTION_INTERACTIONS	control	AC009716.1	0.018492596337391518	278	13
actin_tight_junction	secondary	b	REACTOME_TIGHT_JUNCTION_INTERACTIONS	control	AC009902.2	0.004777372542398021	78	10
actin_tight_junction	secondary	b	REACTOME_TIGHT_JUNCTION_INTERACTIONS	control	AC010149.1	0.024128893265919864	369	14
actin_tight_junction	secondary	b	REACTOME_TIGHT_JUNCTION_INTERACTIONS	control	AC010729.1	6.246486351427322e-05	1	0
actin_tight_junction	secondary	b	REACTOME_TIGHT_JUNCTION_INTERACTIONS	control	AC011257.1	0.00018739459054281966	3	2
actin_tight_junction	secondary	b	REACTOME_TIGHT_JUNCTION_INTERACTIONS	control	AC011444.2	0.01896424438797174	279	13
actin_tight_junction	secondary	b	REACTOME_TIGHT_JUNCTION_INTERACTIONS	control	AC011632.1	0.09062057016634385	754	17
actin_tight_junction	secondary	b	REACTOME_TIGHT_JUNCTION_INTERACTIONS	control	AC011751.1	0.0020366626614164284	34	8
actin_tight_junction	secondary	b	REACTOME_TIGHT_JUNCTION_INTERACTIONS	control	AC012100.2	0.0021646878945551225	33	8
actin_tight_junction	secondary	b	REACTOME_TIGHT_JUNCTION_INTERACTIONS	control	AC012181.1	0.007301035086125239	129	11
actin_tight_junction	secondary	b	REACTOME_TIGHT_JUNCTION_INTERACTIONS	control	AC012213.4	0.006308951214941583	98	10
actin_tight_junction	secondary	b	REACTOME_TIGHT_JUNCTION_INTERACTIONS	control	AC012291.3	0.0506124207856424	713	15
actin_tight_junction	secondary	b	REACTOME_TIGHT_JUNCTION_INTERACTIONS	control	AC012379.1	6.246486351427322e-05	1	0
actin_tight_junction	secondary	b	REACTOME_TIGHT_JUNCTION_INTERACTIONS	control	AC012404.1	0.01019530715926196	168	12
actin_tight_junction	secondary	b	REACTOME_TIGHT_JUNCTION_INTERACTIONS	control	AC012451.1	6.246486351427322e-05	1	0
actin_tight_junction	secondary	b	REACTOME_TIGHT_JUNCTION_INTERACTIONS	control	AC012485.2	0.00855134194568464	131	11
actin_tight_junction	secondary	b	REACTOME_TIGHT_JUNCTION_INTERACTIONS	control	AC012645.2	0.002490111314808826	41	8
actin_tight_junction	secondary	b	REACTOME_TIGHT_JUNCTION_INTERACTIONS	control	AC013437.1	2.323692140115933e-05	5	0
actin_tight_junction	secondary	b	REACTOME_TIGHT_JUNCTION_INTERACTIONS	control	AC013472.1	0.006308951214941583	96	10
actin_tight_junction	secondary	b	REACTOME_TIGHT_JUNCTION_INTERACTIONS	control	AC015802.6	0.052420451763352534	711	15
actin_tight_junction	secondary	b	REACTOME_TIGHT_JUNCTION_INTERACTIONS	control	AC015871.4	0.024072686895691787	383	14
actin_tight_junction	secondary	b	REACTOME_TIGHT_JUNCTION_INTERACTIONS	control	AC015878.2	0.00018739459054281966	3	2
actin_tight_junction	secondary	b	REACTOME_TIGHT_JUNCTION_INTERACTIONS	control	AC015911.3	0.00015635618942206413	2	2
actin_tight_junction	secondary	b	REACTOME_TIGHT_JUNCTION_INTERACTIONS	control	AC015961.1	0.00023154570076569706	4	2
actin_tight_junction	secondary	b	REACTOME_TIGHT_JUNCTION_INTERACTIONS	control	AC016575.1	0.0076794526445790445	120	11
actin_tight_junction	secondary	b	REACTOME_TIGHT_JUNCTION_INTERACTIONS	control	AC016737.1	0.007170562521791354	114	11
actin_tight_junction	secondary	b	REACTOME_TIGHT_JUNCTION_INTERACTIONS	control	AC017104.1	0.000834173137597003	16	5
actin_tight_junction	secondary	b	REACTOME_TIGHT_JUNCTION_INTERACTIONS	control	AC018541.1	0.012252587252385797	194	12
actin_tight_junction	secondary	b	REACTOME_TIGHT_JUNCTION_INTERACTIONS	control	AC018682.1	0.03196948269940949	536	14
actin_tight_junction	secondary	b	REACTOME_TIGHT_JUNCTION_INTERACTIONS	control	AC018682.2	6.246486351427322e-05	1	0
actin_tight_junction	secondary	b	REACTOME_TIGHT_JUNCTION_INTERACTIONS	control	AC018693.1	0.0002498594540570929	4	2
actin_tight_junction	secondary	b	REACTOME_TIGHT_JUNCTION_INTERACTIONS	control	AC018766.1	0.0008714325878217895	14	5
actin_tight_junction	secondary	b	REACTOME_TIGHT_JUNCTION_INTERACTIONS	control	AC018878.1	0.01822125879693159	274	13
actin_tight_junction	secondary	b	REACTOME_TIGHT_JUNCTION_INTERACTIONS	control	AC019068.1	0.009654438490423514	124	11
actin_tight_junction	secondary	b	REACTOME_TIGHT_JUNCTION_INTERACTIONS	control	AC020558.1	0.016489741878019874	250	13
actin_tight_junction	secondary	b	REACTOME_TIGHT_JUNCTION_INTERACTIONS	control	AC021088.1	0.001985142046912739	32	8
actin_tight_junction	secondary	b	REACTOME_TIGHT_JUNCTION_INTERACTIONS	control	AC021573.1	0.0007977005587845951	13	5
actin_tight_junction	secondary	b	REACTOME_TIGHT_JUNCTION_INTERACTIONS	control	AC021733.4	0.006415467461012265	87	11
actin_tight_junction	secondary	b	REACTOME_TIGHT_JUNCTION_INTERACTIONS	control	AC021755.3	0.0001846203999707295	3	2
actin_tight_junction	secondary	b	REACTOME_TIGHT_JUNCTION_INTERACTIONS	control	AC022098.3	0.0006817787500895835	12	5
actin_tight_junction	secondary	b	REACTOME_TIGHT_JUNCTION_INTERACTIONS	control	AC022211.2	0.004646443234994751	71	10
actin_tight_junction	secondary	b	REACTOME_TIGHT_JUNCTION_INTERACTIONS	control	AC023385.1	0.00701655203334485	114	11
actin_tight_junction	secondary	b	REACTOME_TIGHT_JUNCTION_INTERACTIONS	control	AC024560.4	0.08584748460117758	1243	17
actin_tight_junction	secondary	b	REACTOME_TIGHT_JUNCTION_INTERACTIONS	control	AC026333.4	0.004646174368118759	74	10
actin_tight_junction	secondary	b	REACTOME_TIGHT_JUNCTION_INTERACTIONS	control	AC026367.2	0.002600608472784183	42	8
actin_tight_junction	secondary	b	REACTOME_TIGHT_JUNCTION_INTERACTIONS	control	AC026462.3	0.005339707941183609	82	10
actin_tight_junction	secondary	b	REACTOME_TIGHT_JUNCTION_INTERACTIONS	control	AC026740.1	0.0022111061854114965	35	8
actin_tight_junction	secondary	b	REACTOME_TIGHT_JUNCTION_INTERACTIONS	control	AC027020.1	0.0007332200388658486	12	5
actin_tight_junction	secondary	b	REACTOME_TIGHT_JUNCTION_INTERACTIONS	control	AC027088.3	6.246486351427322e-05	1	0
actin_tight_junction	secondary	b	REACTOME_TIGHT_JUNCTION_INTERACTIONS	control	AC027097.2	0.2521133853159941	3083	20
actin_tight_junction	secondary	b	REACTOME_TIGHT_JUNCTION_INTERACTIONS	control	AC027271.1	0.0023069152439457456	36	8
actin_tight_junction	secondary	b	REACTOME_TIGHT_JUNCTION_INTERACTIONS	control	AC034223.1	0.00624648635142731	99	10
actin_tight_junction	secondary	b	REACTOME_TIGHT_JUNCTION_INTERACTIONS	control	AC037487.1	0.009035464597974038	143	11
actin_tight_junction	secondary	b	REACTOME_TIGHT_JUNCTION_INTERACTIONS	control	AC051619.5	0.013523681366776487	201	12
actin_tight_junction	secondary	b	REACTOME_TIGHT_JUNCTION_INTERACTIONS	control	AC064853.1	5.620389244112473e-05	1	0
actin_tight_junction	secondary	b	REACTOME_TIGHT_JUNCTION_INTERACTIONS	control	AC066613.2	0.03454605780983558	570	14
actin_tight_junction	secondary	b	REACTOME_TIGHT_JUNCTION_INTERACTIONS	control	AC068112.1	0.00018739459054281966	3	2
actin_tight_junction	secondary	b	REACTOME_TIGHT_JUNCTION_INTERACTIONS	control	AC068481.1	0.002445282283196541	40	8
actin_tight_junction	secondary	b	REACTOME_TIGHT_JUNCTION_INTERACTIONS	control	AC068774.1	0.19852327953101656	1610	19
actin_tight_junction	secondary	b	REACTOME_TIGHT_JUNCTION_INTERACTIONS	control	AC069023.1	0.00017782003460017895	4	2
actin_tight_junction	secondary	b	REACTOME_TIGHT_JUNCTION_INTERACTIONS	control	AC069234.1	0.007401635581440742	112	11
actin_tight_junction	secondary	b	REACTOME_TIGHT_JUNCTION_INTERACTIONS	control	AC069544.1	0.022925990223475037	356	13
actin_tight_junction	secondary	b	REACTOME_TIGHT_JUNCTION_INTERACTIONS	control	AC073896.4	0.0008120432256855521	13	5
actin_tight_junction	secondary	b	REACTOME_TIGHT_JUNCTION_INTERACTIONS	control	AC073987.1	0.0006790792996405782	11	5
actin_tight_junction	secondary	b	REACTOME_TIGHT_JUNCTION_INTERACTIONS	control	AC079062.1	0.005781167804789031	73	10
actin_tight_junction	secondary	b	REACTOME_TIGHT_JUNCTION_INTERACTIONS	control	AC079089.1	0.02767750924189367	363	14
actin_tight_junction	secondary	b	REACTOME_TIGHT_JUNCTION_INTERACTIONS	control	AC079145.1	0.006669277123638221	101	11
actin_tight_junction	secondary	b	REACTOME_TIGHT_JUNCTION_INTERACTIONS	control	AC079382.2	0.0007479222250190262	11	5
actin_tight_junction	secondary	b	REACTOME_TIGHT_JUNCTION_INTERACTIONS	control	AC079414.3	0.013052599610584789	202	12
actin_tight_junction	secondary	b	REACTOME_TIGHT_JUNCTION_INTERACTIONS	control	AC079949.1	0.00829897948189777	117	11
actin_tight_junction	secondary	b	REACTOME_TIGHT_JUNCTION_INTERACTIONS	control	AC083964.1	0.00024021786569365034	4	2
actin_tight_junction	secondary	b	REACTOME_TIGHT_JUNCTION_INTERACTIONS	control	AC084361.1	0.0008683560960736175	12	5
actin_tight_junction	secondary	b	REACTOME_TIGHT_JUNCTION_INTERACTIONS	control	AC084740.1	0.037276024124863465	483	15
actin_tight_junction	secondary	b	REACTOME_TIGHT_JUNCTION_INTERACTIONS	control	AC087741.1	0.0427663075280393	669	15
actin_tight_junction	secondary	b	REACTOME_TIGHT_JUNCTION_INTERACTIONS	control	AC090739.1	0.013736104475982003	212	12
actin_tight_junction	secondary	b	REACTOME_TIGHT_JUNCTION_INTERACTIONS	control	AC090771.2	0.0053543954877301155	54	10
actin_tight_junction	secondary	b	REACTOME_TIGHT_JUNCTION_INTERACTIONS	control	AC091043.1	0.005722523502574072	87	10
actin_tight_junction	secondary	b	REACTOME_TIGHT_JUNCTION_INTERACTIONS	control	AC091132.1	0.0008684701450135114	14	5
actin_tight_junction	secondary	b	REACTOME_TIGHT_JUNCTION_INTERACTIONS	control	AC091563.1	0.05096776527589694	712	15
actin_tight_junction	secondary	b	REACTOME_TIGHT_JUNCTION_INTERACTIONS	control	AC092794.1	0.007143476032601632	114	11
actin_tight_junction	secondary	b	REACTOME_TIGHT_JUNCTION_INTERACTIONS	control	AC093732.1	0.007783966665674799	121	11
actin_tight_junction	secondary	b	REACTOME_TIGHT_JUNCTION_INTERACTIONS	control	AC093798.1	0.00018739459054281966	3	2
actin_tight_junction	secondary	b	REACTOME_TIGHT_JUNCTION_INTERACTIONS	control	AC095033.1	0.002744032382905515	44	8
actin_tight_junction	secondary	b	REACTOME_TIGHT_JUNCTION_INTERACTIONS	control	AC096531.2	0.012518169729645149	181	12
actin_tight_junction	secondary	b	REACTOME_TIGHT_JUNCTION_INTERACTIONS	control	AC096637.1	0.0002489223330701058	4	2
actin_tight_junction	secondary	b	REACTOME_TIGHT_JUNCTION_INTERACTIONS	control	AC097450.1	0.00555525472992341	74	10
actin_tight_junction	secondary	b	REACTOME_TIGHT_JUNCTION_INTERACTIONS	control	AC097478.2	0.00018739459054281966	3	2
actin_tight_junction	secondary	b	REACTOME_TIGHT_JUNCTION_INTERACTIONS	control	AC098595.1	6.246486351427322e-05	1	0
actin_tight_junction	secondary	b	REACTOME_TIGHT_JUNCTION_INTERACTIONS	control	AC098820.1	0.011708069289971928	183	12
actin_tight_junction	secondary	b	REACTOME_TIGHT_JUNCTION_INTERACTIONS	control	AC099568.2	0.010202237355492399	158	12
actin_tight_junction	secondary	b	REACTOME_TIGHT_JUNCTION_INTERACTIONS	control	AC102953.1	0.0006871134986570056	11	5
actin_tight_junction	secondary	b	REACTOME_TIGHT_JUNCTION_INTERACTIONS	control	AC103925.1	6.246486351427322e-05	1	0
actin_tight_junction	secondary	b	REACTOME_TIGHT_JUNCTION_INTERACTIONS	control	AC104063.1	6.246486351427322e-05	1	0
actin_tight_junction	secondary	b	REACTOME_TIGHT_JUNCTION_INTERACTIONS	control	AC104126.1	0.0008371295060110059	15	5
actin_tight_junction	secondary	b	REACTOME_TIGHT_JUNCTION_INTERACTIONS	control	AC104964.3	0.004600358732383042	76	10
actin_tight_junction	secondary	b	REACTOME_TIGHT_JUNCTION_INTERACTIONS	control	AC105114.2	5.1284746313848665e-05	1	0
actin_tight_junction	secondary	b	REACTOME_TIGHT_JUNCTION_INTERACTIONS	control	AC105389.3	0.0002456556269614535	4	2
actin_tight_junction	secondary	b	REACTOME_TIGHT_JUNCTION_INTERACTIONS	control	AC106017.1	0.00018739459054281966	3	2
actin_tight_junction	secondary	b	REACTOME_TIGHT_JUNCTION_INTERACTIONS	control	AC106028.3	0.006544159803379182	103	11
actin_tight_junction	secondary	b	REACTOME_TIGHT_JUNCTION_INTERACTIONS	control	AC106771.1	0.006467939126840781	91	11
actin_tight_junction	secondary	b	REACTOME_TIGHT_JUNCTION_INTERACTIONS	control	AC106795.5	0.0002441238817875848	3	2
actin_tight_junction	secondary	b	REACTOME_TIGHT_JUNCTION_INTERACTIONS	control	AC107021.1	0.10829644698855126	1342	17
actin_tight_junction	secondary	b	REACTOME_TIGHT_JUNCTION_INTERACTIONS	control	AC108037.1	6.246486351427322e-05	1	0
actin_tight_junction	secondary	b	REACTOME_TIGHT_JUNCTION_INTERACTIONS	control	AC109322.1	0.03209294276648825	483	14
actin_tight_junction	secondary	b	REACTOME_TIGHT_JUNCTION_INTERACTIONS	control	AC110285.2	0.012527678310554636	194	12
actin_tight_junction	secondary	b	REACTOME_TIGHT_JUNCTION_INTERACTIONS	control	AC113385.1	0.013268123306201385	195	12
actin_tight_junction	secondary	b	REACTOME_TIGHT_JUNCTION_INTERACTIONS	control	AC114316.1	0.24018109276275498	1467	20
actin_tight_junction	secondary	b	REACTOME_TIGHT_JUNCTION_INTERACTIONS	control	AC115282.2	0.016844957070985347	257	13
actin_tight_junction	secondary	b	REACTOME_TIGHT_JUNCTION_INTERACTIONS	control	AC116535.1	0.018718791209792807	284	13
actin_tight_junction	secondary	b	REACTOME_TIGHT_JUNCTION_INTERACTIONS	control	AC117500.6	6.246486351427322e-05	1	0
actin_tight_junction	secondary	b	REACTOME_TIGHT_JUNCTION_INTERACTIONS	control	AC117503.1	0.0006226566731576076	10	5
actin_tight_junction	secondary	b	REACTOME_TIGHT_JUNCTION_INTERACTIONS	control	AC118553.1	0.006563460534975208	102	11
actin_tight_junction	secondary	b	REACTOME_TIGHT_JUNCTION_INTERACTIONS	control	AC120349.1	0.00439430295106763	72	10
actin_tight_junction	secondary	b	REACTOME_TIGHT_JUNCTION_INTERACTIONS	control	AC122719.3	0.007801580904901584	119	11
actin_tight_junction	secondary	b	REACTOME_TIGHT_JUNCTION_INTERACTIONS	control	AC124283.1	0.021307779029379397	329	13
actin_tight_junction	secondary	b	REACTOME_TIGHT_JUNCTION_INTERACTIONS	control	AC126696.3	0.012787718415908172	175	12
actin_tight_junction	secondary	b	REACTOME_TIGHT_JUNCTION_INTERACTIONS	control	AC131254.1	0.0002339214460713948	5	2
actin_tight_junction	secondary	b	REACTOME_TIGHT_JUNCTION_INTERACTIONS	control	AC132938.2	0.0021615677222714697	35	8
actin_tight_junction	secondary	b	REACTOME_TIGHT_JUNCTION_INTERACTIONS	control	AC138207.9	6.156987049004136e-05	3	0
actin_tight_junction	secondary	b	REACTOME_TIGHT_JUNCTION_INTERACTIONS	control	AC139720.2	0.0025872117396751474	41	8
actin_tight_junction	secondary	b	REACTOME_TIGHT_JUNCTION_INTERACTIONS	control	AC141586.2	0.00018739459054281966	3	2
actin_tight_junction	secondary	b	REACTOME_TIGHT_JUNCTION_INTERACTIONS	control	AC215217.1	6.246486351427322e-05	1	0
actin_tight_junction	secondary	b	REACTOME_TIGHT_JUNCTION_INTERACTIONS	control	AC245164.2	0.0006817130810450895	10	5
actin_tight_junction	secondary	b	REACTOME_TIGHT_JUNCTION_INTERACTIONS	control	AC253576.2	0.004477730629274198	71	10
actin_tight_junction	secondary	b	REACTOME_TIGHT_JUNCTION_INTERACTIONS	control	ACSBG1	0.00679178734663849	106	11
actin_tight_junction	secondary	b	REACTOME_TIGHT_JUNCTION_INTERACTIONS	control	ACTG2	0.010865820462993114	88	12
actin_tight_junction	secondary	b	REACTOME_TIGHT_JUNCTION_INTERACTIONS	control	ADAM12	0.006312886505767871	227	10
actin_tight_junction	secondary	b	REACTOME_TIGHT_JUNCTION_INTERACTIONS	control	ADAM15	0.2812016264206383	3132	20
actin_tight_junction	secondary	b	REACTOME_TIGHT_JUNCTION_INTERACTIONS	control	ADAMTS15	0.022646223648371367	277	13
actin_tight_junction	secondary	b	REACTOME_TIGHT_JUNCTION_INTERACTIONS	control	ADGRB3	0.005232569411303344	116	10
actin_tight_junction	secondary	b	REACTOME_TIGHT_JUNCTION_INTERACTIONS	control	ADGRE3	0.005232798225898004	101	10
actin_tight_junction	secondary	b	REACTOME_TIGHT_JUNCTION_INTERACTIONS	control	ADGRF4	0.05296788601956007	720	15
actin_tight_junction	secondary	b	REACTOME_TIGHT_JUNCTION_INTERACTIONS	control	AGFG1	1.7965314942956956	10443	24
actin_tight_junction	secondary	b	REACTOME_TIGHT_JUNCTION_INTERACTIONS	control	AGPAT2	0.5883698165919348	4856	22
actin_tight_junction	secondary	b	REACTOME_TIGHT_JUNCTION_INTERACTIONS	control	AHRR	0.04060781174149412	550	15
actin_tight_junction	secondary	b	REACTOME_TIGHT_JUNCTION_INTERACTIONS	control	AKR1B1	0.03882058633770226	594	15
actin_tight_junction	secondary	b	REACTOME_TIGHT_JUNCTION_INTERACTIONS	control	AKT2	0.2759251703037384	3434	20
actin_tight_junction	secondary	b	REACTOME_TIGHT_JUNCTION_INTERACTIONS	control	AL008726.1	0.0008106114520474984	13	5
actin_tight_junction	secondary	b	REACTOME_TIGHT_JUNCTION_INTERACTIONS	control	AL008727.1	0.004787542577001031	75	10
actin_tight_junction	secondary	b	REACTOME_TIGHT_JUNCTION_INTERACTIONS	control	AL021707.1	0.09022665583027766	1311	17
actin_tight_junction	secondary	b	REACTOME_TIGHT_JUNCTION_INTERACTIONS	control	AL022328.2	0.0026016799871848126	44	8
actin_tight_junction	secondary	b	REACTOME_TIGHT_JUNCTION_INTERACTIONS	control	AL033519.5	0.0006487277127628779	10	5
actin_tight_junction	secondary	b	REACTOME_TIGHT_JUNCTION_INTERACTIONS	control	AL033527.3	0.009928058387263817	159	12
actin_tight_junction	secondary	b	REACTOME_TIGHT_JUNCTION_INTERACTIONS	control	AL035427.1	0.11408710230282197	1516	17
actin_tight_junction	secondary	b	REACTOME_TIGHT_JUNCTION_INTERACTIONS	control	AL035681.1	0.027158881352212727	417	14
actin_tight_junction	secondary	b	REACTOME_TIGHT_JUNCTION_INTERACTIONS	control	AL049569.2	6.246486351427322e-05	1	0
actin_tight_junction	secondary	b	REACTOME_TIGHT_JUNCTION_INTERACTIONS	control	AL080313.1	0.00018476389566779292	3	2
actin_tight_junction	secondary	b	REACTOME_TIGHT_JUNCTION_INTERACTIONS	control	AL096865.1	0.009568923127095338	154	11
actin_tight_junction	secondary	b	REACTOME_TIGHT_JUNCTION_INTERACTIONS	control	AL109659.1	0.024782298148717123	346	14
actin_tight_junction	secondary	b	REACTOME_TIGHT_JUNCTION_INTERACTIONS	control	AL109936.6	0.032544408242776546	502	14
actin_tight_junction	secondary	b	REACTOME_TIGHT_JUNCTION_INTERACTIONS	control	AL118508.1	0.00020885214724291934	5	2
actin_tight_junction	secondary	b	REACTOME_TIGHT_JUNCTION_INTERACTIONS	control	AL121578.3	0.021848234314781192	229	13
actin_tight_junction	secondary	b	REACTOME_TIGHT_JUNCTION_INTERACTIONS	control	AL121583.1	0.005583281270255369	89	10
actin_tight_junction	secondary	b	REACTOME_TIGHT_JUNCTION_INTERACTIONS	control	AL121672.1	0.00654532928530538	105	11
actin_tight_junction	secondary	b	REACTOME_TIGHT_JUNCTION_INTERACTIONS	control	AL121885.1	0.00012492972702854644	2	2
actin_tight_junction	secondary	b	REACTOME_TIGHT_JUNCTION_INTERACTIONS	control	AL121944.1	0.01917600593737267	284	13
actin_tight_junction	secondary	b	REACTOME_TIGHT_JUNCTION_INTERACTIONS	control	AL121974.1	0.0007189607808632975	13	5
actin_tight_junction	secondary	b	REACTOME_TIGHT_JUNCTION_INTERACTIONS	control	AL121977.2	0.0006246486351427324	10	5
actin_tight_junction	secondary	b	REACTOME_TIGHT_JUNCTION_INTERACTIONS	control	AL132819.1	0.00018739459054281966	3	2
actin_tight_junction	secondary	b	REACTOME_TIGHT_JUNCTION_INTERACTIONS	control	AL133383.1	0.004497470173027666	64	10
actin_tight_junction	secondary	b	REACTOME_TIGHT_JUNCTION_INTERACTIONS	control	AL133485.3	0.00018727224632223628	3	2
actin_tight_junction	secondary	b	REACTOME_TIGHT_JUNCTION_INTERACTIONS	control	AL135905.1	0.004771618022784063	76	10
actin_tight_junction	secondary	b	REACTOME_TIGHT_JUNCTION_INTERACTIONS	control	AL135924.2	0.00266427538502007	41	8
actin_tight_junction	secondary	b	REACTOME_TIGHT_JUNCTION_INTERACTIONS	control	AL136982.2	0.0006871134986570056	11	5
actin_tight_junction	secondary	b	REACTOME_TIGHT_JUNCTION_INTERACTIONS	control	AL136988.1	0.002635298979201212	43	8
actin_tight_junction	secondary	b	REACTOME_TIGHT_JUNCTION_INTERACTIONS	control	AL139023.1	0.36929263452563543	2494	21
actin_tight_junction	secondary	b	REACTOME_TIGHT_JUNCTION_INTERACTIONS	control	AL158063.1	0.008533863722254158	136	11
actin_tight_junction	secondary	b	REACTOME_TIGHT_JUNCTION_INTERACTIONS	control	AL158166.2	0.008519102307499004	134	11
actin_tight_junction	secondary	b	REACTOME_TIGHT_JUNCTION_INTERACTIONS	control	AL158212.2	0.05705728653898176	820	15
actin_tight_junction	secondary	b	REACTOME_TIGHT_JUNCTION_INTERACTIONS	control	AL160035.1	0.03660556491008514	505	14
actin_tight_junction	secondary	b	REACTOME_TIGHT_JUNCTION_INTERACTIONS	control	AL161630.1	0.013136731445681364	202	12
actin_tight_junction	secondary	b	REACTOME_TIGHT_JUNCTION_INTERACTIONS	control	AL162586.2	0.00022856695217329166	8	2
actin_tight_junction	secondary	b	REACTOME_TIGHT_JUNCTION_INTERACTIONS	control	AL353633.1	0.0026235242675994746	32	8
actin_tight_junction	secondary	b	REACTOME_TIGHT_JUNCTION_INTERACTIONS	control	AL353708.3	0.019516007213233873	296	13
actin_tight_junction	secondary	b	REACTOME_TIGHT_JUNCTION_INTERACTIONS	control	AL355597.1	0.0008743448866263301	14	5
actin_tight_junction	secondary	b	REACTOME_TIGHT_JUNCTION_INTERACTIONS	control	AL355835.1	0.0025884626404855254	46	8
actin_tight_junction	secondary	b	REACTOME_TIGHT_JUNCTION_INTERACTIONS	control	AL356124.1	0.3694867398577051	3103	21
actin_tight_junction	secondary	b	REACTOME_TIGHT_JUNCTION_INTERACTIONS	control	AL358781.1	0.02106524266996494	326	13
actin_tight_junction	secondary	b	REACTOME_TIGHT_JUNCTION_INTERACTIONS	control	AL358944.1	0.010981712646461741	119	12
actin_tight_junction	secondary	b	REACTOME_TIGHT_JUNCTION_INTERACTIONS	control	AL359513.1	0.019808490924619553	276	13
actin_tight_junction	secondary	b	REACTOME_TIGHT_JUNCTION_INTERACTIONS	control	AL390061.1	0.0008120432256855521	13	5
actin_tight_junction	secondary	b	REACTOME_TIGHT_JUNCTION_INTERACTIONS	control	AL442636.1	0.8328923357777326	5251	23
actin_tight_junction	secondary	b	REACTOME_TIGHT_JUNCTION_INTERACTIONS	control	AL450345.1	0.00018739459054281966	3	2
actin_tight_junction	secondary	b	REACTOME_TIGHT_JUNCTION_INTERACTIONS	control	AL450998.2	0.09248146146128171	1344	17
actin_tight_junction	secondary	b	REACTOME_TIGHT_JUNCTION_INTERACTIONS	control	AL499602.1	0.04307281702163029	622	15
actin_tight_junction	secondary	b	REACTOME_TIGHT_JUNCTION_INTERACTIONS	control	AL512353.1	0.00947145735035756	152	11
actin_tight_junction	secondary	b	REACTOME_TIGHT_JUNCTION_INTERACTIONS	control	AL512363.1	0.0006790379312098143	10	5
actin_tight_junction	secondary	b	REACTOME_TIGHT_JUNCTION_INTERACTIONS	control	AL589740.1	0.01773608630761952	230	13
actin_tight_junction	secondary	b	REACTOME_TIGHT_JUNCTION_INTERACTIONS	control	AL590101.1	0.007282379744493559	114	11
actin_tight_junction	secondary	b	REACTOME_TIGHT_JUNCTION_INTERACTIONS	control	AL590648.2	6.246486351427322e-05	1	0
actin_tight_junction	secondary	b	REACTOME_TIGHT_JUNCTION_INTERACTIONS	control	AL591519.1	0.007798471745831714	107	11
actin_tight_junction	secondary	b	REACTOME_TIGHT_JUNCTION_INTERACTIONS	control	AL592295.3	0.0273462778769559	409	14
actin_tight_junction	secondary	b	REACTOME_TIGHT_JUNCTION_INTERACTIONS	control	AL645608.6	0.006184076916993503	95	10
actin_tight_junction	secondary	b	REACTOME_TIGHT_JUNCTION_INTERACTIONS	control	AL691515.2	6.246486351427322e-05	1	0
actin_tight_junction	secondary	b	REACTOME_TIGHT_JUNCTION_INTERACTIONS	control	ALDH1A2	0.051705821609540396	611	15
actin_tight_junction	secondary	b	REACTOME_TIGHT_JUNCTION_INTERACTIONS	control	ALG14	0.32172785395275366	3514	21
actin_tight_junction	secondary	b	REACTOME_TIGHT_JUNCTION_INTERACTIONS	control	ALX1	0.007876755210712764	91	11
actin_tight_junction	secondary	b	REACTOME_TIGHT_JUNCTION_INTERACTIONS	control	AMN	0.2920067357766765	3362	20
actin_tight_junction	secondary	b	REACTOME_TIGHT_JUNCTION_INTERACTIONS	control	ANGPT1	0.008326714074414874	139	11
actin_tight_junction	secondary	b	REACTOME_TIGHT_JUNCTION_INTERACTIONS	control	ANKFN1	0.054847922228480075	641	15
actin_tight_junction	secondary	b	REACTOME_TIGHT_JUNCTION_INTERACTIONS	control	ANKRD12	1.7261669525100665	10162	24
actin_tight_junction	secondary	b	REACTOME_TIGHT_JUNCTION_INTERACTIONS	control	ANKRD34C	6.246486351427322e-05	1	0
actin_tight_junction	secondary	b	REACTOME_TIGHT_JUNCTION_INTERACTIONS	control	ANO5	0.02737782645087832	376	14
actin_tight_junction	secondary	b	REACTOME_TIGHT_JUNCTION_INTERACTIONS	control	AP000525.1	0.08614377950071674	1118	17
actin_tight_junction	secondary	b	REACTOME_TIGHT_JUNCTION_INTERACTIONS	control	AP000692.1	0.008904152449218786	144	11
actin_tight_junction	secondary	b	REACTOME_TIGHT_JUNCTION_INTERACTIONS	control	AP000697.1	0.03183407289142325	446	14
actin_tight_junction	secondary	b	REACTOME_TIGHT_JUNCTION_INTERACTIONS	control	AP000943.2	0.20596692610355902	2516	19
actin_tight_junction	secondary	b	REACTOME_TIGHT_JUNCTION_INTERACTIONS	control	AP001021.3	0.106371639879385	1045	17
actin_tight_junction	secondary	b	REACTOME_TIGHT_JUNCTION_INTERACTIONS	control	AP001025.1	0.014690195790340336	211	12
actin_tight_junction	secondary	b	REACTOME_TIGHT_JUNCTION_INTERACTIONS	control	AP001099.1	0.0008237206557605856	11	5
actin_tight_junction	secondary	b	REACTOME_TIGHT_JUNCTION_INTERACTIONS	control	AP002433.1	0.010694396552411679	167	12
actin_tight_junction	secondary	b	REACTOME_TIGHT_JUNCTION_INTERACTIONS	control	AP002748.4	0.032415363594849644	489	14
actin_tight_junction	secondary	b	REACTOME_TIGHT_JUNCTION_INTERACTIONS	control	AP002748.6	0.021319053883302023	325	13
actin_tight_junction	secondary	b	REACTOME_TIGHT_JUNCTION_INTERACTIONS	control	AP002892.1	0.0070441611382492	112	11
actin_tight_junction	secondary	b	REACTOME_TIGHT_JUNCTION_INTERACTIONS	control	AP002893.1	0.00018739459054281966	3	2
actin_tight_junction	secondary	b	REACTOME_TIGHT_JUNCTION_INTERACTIONS	control	AP003025.2	6.246486351427322e-05	1	0
actin_tight_junction	secondary	b	REACTOME_TIGHT_JUNCTION_INTERACTIONS	control	AP003392.1	0.015650239996195553	247	13
actin_tight_junction	secondary	b	REACTOME_TIGHT_JUNCTION_INTERACTIONS	control	AP003469.4	0.0231132446449964	344	13
actin_tight_junction	secondary	b	REACTOME_TIGHT_JUNCTION_INTERACTIONS	control	AP003472.1	0.004817368215903685	59	10
actin_tight_junction	secondary	b	REACTOME_TIGHT_JUNCTION_INTERACTIONS	control	AP003555.2	0.18771996138968444	1728	19
actin_tight_junction	secondary	b	REACTOME_TIGHT_JUNCTION_INTERACTIONS	control	AP005230.1	0.27837744888643096	2518	20
actin_tight_junction	secondary	b	REACTOME_TIGHT_JUNCTION_INTERACTIONS	control	AP005273.1	6.246486351427322e-05	1	0
actin_tight_junction	secondary	b	REACTOME_TIGHT_JUNCTION_INTERACTIONS	control	AP4S1	0.2180226723134638	2602	19
actin_tight_junction	secondary	b	REACTOME_TIGHT_JUNCTION_INTERACTIONS	control	AP5M1	0.24802833162790314	3027	20
actin_tight_junction	secondary	b	REACTOME_TIGHT_JUNCTION_INTERACTIONS	control	APOBEC1	0.024718453290051613	347	14
actin_tight_junction	secondary	b	REACTOME_TIGHT_JUNCTION_INTERACTIONS	control	ARHGEF35	0.09457725701247786	1306	17
actin_tight_junction	secondary	b	REACTOME_TIGHT_JUNCTION_INTERACTIONS	control	ARHGEF38	1.4060896948846549	7817	24
actin_tight_junction	secondary	b	REACTOME_TIGHT_JUNCTION_INTERACTIONS	control	ARHGEF6	0.004781197146999657	248	10
actin_tight_junction	secondary	b	REACTOME_TIGHT_JUNCTION_INTERACTIONS	control	ARID5B	2.0918520001745873	9533	24
actin_tight_junction	secondary	b	REACTOME_TIGHT_JUNCTION_INTERACTIONS	control	ARIH2OS	0.015252033137196913	242	13
actin_tight_junction	secondary	b	REACTOME_TIGHT_JUNCTION_INTERACTIONS	control	ARL14EP	0.17142402899764966	2215	19
actin_tight_junction	secondary	b	REACTOME_TIGHT_JUNCTION_INTERACTIONS	control	ARL6IP5	0.4252019618315041	4323	22
actin_tight_junction	secondary	b	REACTOME_TIGHT_JUNCTION_INTERACTIONS	control	ARMCX5	0.050840994320473384	752	15
actin_tight_junction	secondary	b	REACTOME_TIGHT_JUNCTION_INTERACTIONS	control	ARPC1A	0.5565273896082175	5660	22
actin_tight_junction	secondary	b	REACTOME_TIGHT_JUNCTION_INTERACTIONS	control	ASAP1	2.4399754248517165	10733	24
actin_tight_junction	secondary	b	REACTOME_TIGHT_JUNCTION_INTERACTIONS	control	ASB14	0.007668602894006151	119	11
actin_tight_junction	secondary	b	REACTOME_TIGHT_JUNCTION_INTERACTIONS	control	ASTN2-AS1	0.01969157131125246	286	13
actin_tight_junction	secondary	b	REACTOME_TIGHT_JUNCTION_INTERACTIONS	control	ATG10-AS1	6.246486351427322e-05	1	0
actin_tight_junction	secondary	b	REACTOME_TIGHT_JUNCTION_INTERACTIONS	control	ATG2B	0.41624105740467676	4389	21
actin_tight_junction	secondary	b	REACTOME_TIGHT_JUNCTION_INTERACTIONS	control	ATG9A	0.08443432357922015	1191	17
actin_tight_junction	secondary	b	REACTOME_TIGHT_JUNCTION_INTERACTIONS	control	ATP11C	0.7123838666303118	5976	23
actin_tight_junction	secondary	b	REACTOME_TIGHT_JUNCTION_INTERACTIONS	control	ATP2A1-AS1	0.00928884067022492	141	11
actin_tight_junction	secondary	b	REACTOME_TIGHT_JUNCTION_INTERACTIONS	control	ATXN1L	0.04901831848824362	746	15
actin_tight_junction	secondary	b	REACTOME_TIGHT_JUNCTION_INTERACTIONS	control	AUNIP	0.028126879280202785	390	14
actin_tight_junction	secondary	b	REACTOME_TIGHT_JUNCTION_INTERACTIONS	control	BAZ1B	0.9113101857808661	7314	23
actin_tight_junction	secondary	b	REACTOME_TIGHT_JUNCTION_INTERACTIONS	control	BBS7	0.11314573325344773	1508	17
actin_tight_junction	secondary	b	REACTOME_TIGHT_JUNCTION_INTERACTIONS	control	BNC2-AS1	5.474218803042139e-05	1	0
actin_tight_junction	secondary	b	REACTOME_TIGHT_JUNCTION_INTERACTIONS	control	BNIP3L	0.32313110792642846	3216	21
actin_tight_junction	secondary	b	REACTOME_TIGHT_JUNCTION_INTERACTIONS	control	BRD7	0.686708052542294	6144	23
actin_tight_junction	secondary	b	REACTOME_TIGHT_JUNCTION_INTERACTIONS	control	BRICD5	0.0131367534665241	210	12
actin_tight_junction	secondary	b	REACTOME_TIGHT_JUNCTION_INTERACTIONS	control	BSCL2	0.20099807252844587	2472	19
actin_tight_junction	secondary	b	REACTOME_TIGHT_JUNCTION_INTERACTIONS	control	BTBD7	0.9913389003323738	7398	23
actin_tight_junction	secondary	b	REACTOME_TIGHT_JUNCTION_INTERACTIONS	control	BX005266.2	0.0007495783621712788	12	5
actin_tight_junction	secondary	b	REACTOME_TIGHT_JUNCTION_INTERACTIONS	control	BZW2	1.1578253128220437	7986	24
actin_tight_junction	secondary	b	REACTOME_TIGHT_JUNCTION_INTERACTIONS	control	C12ORF75	0.7841384480519187	5927	23
actin_tight_junction	secondary	b	REACTOME_TIGHT_JUNCTION_INTERACTIONS	control	C19ORF81	0.002781307535709436	45	8
actin_tight_junction	secondary	b	REACTOME_TIGHT_JUNCTION_INTERACTIONS	control	C1ORF100	0.0026715509158338245	41	8
actin_tight_junction	secondary	b	REACTOME_TIGHT_JUNCTION_INTERACTIONS	control	C2ORF72	0.05280223801369952	698	15
actin_tight_junction	secondary	b	REACTOME_TIGHT_JUNCTION_INTERACTIONS	control	C6ORF99	0.013127843499206003	200	12
actin_tight_junction	secondary	b	REACTOME_TIGHT_JUNCTION_INTERACTIONS	control	C7ORF61	0.019096439771898278	287	13
actin_tight_junction	secondary	b	REACTOME_TIGHT_JUNCTION_INTERACTIONS	control	C9ORF43	0.005378181877466253	85	10
actin_tight_junction	secondary	b	REACTOME_TIGHT_JUNCTION_INTERACTIONS	control	CA4	0.0019988756324567434	26	8
actin_tight_junction	secondary	b	REACTOME_TIGHT_JUNCTION_INTERACTIONS	control	CACFD1	0.04635653148265466	685	15
actin_tight_junction	secondary	b	REACTOME_TIGHT_JUNCTION_INTERACTIONS	control	CACNA2D2	0.010892752321337292	125	12
actin_tight_junction	secondary	b	REACTOME_TIGHT_JUNCTION_INTERACTIONS	control	CACNB3	0.08423361674977811	1197	17
actin_tight_junction	secondary	b	REACTOME_TIGHT_JUNCTION_INTERACTIONS	control	CADM4	0.028733210330885463	428	14
actin_tight_junction	secondary	b	REACTOME_TIGHT_JUNCTION_INTERACTIONS	control	CALCR	0.017629170858612056	186	13
actin_tight_junction	secondary	b	REACTOME_TIGHT_JUNCTION_INTERACTIONS	control	CALML5	0.0001861274193999575	3	2
actin_tight_junction	secondary	b	REACTOME_TIGHT_JUNCTION_INTERACTIONS	control	CALR	1.374253076991429	8281	24
actin_tight_junction	secondary	b	REACTOME_TIGHT_JUNCTION_INTERACTIONS	control	CASC1	0.011371971088879818	154	12
actin_tight_junction	secondary	b	REACTOME_TIGHT_JUNCTION_INTERACTIONS	control	CASC3	0.3126250169987427	3594	21
actin_tight_junction	secondary	b	REACTOME_TIGHT_JUNCTION_INTERACTIONS	control	CASC8	0.4465221334564078	3511	22
actin_tight_junction	secondary	b	REACTOME_TIGHT_JUNCTION_INTERACTIONS	control	CCDC191	0.3064376705031949	3544	21
actin_tight_junction	secondary	b	REACTOME_TIGHT_JUNCTION_INTERACTIONS	control	CCL20	0.2684709735154671	1540	20
actin_tight_junction	secondary	b	REACTOME_TIGHT_JUNCTION_INTERACTIONS	control	CCNH	0.9561976291073093	7768	23
actin_tight_junction	secondary	b	REACTOME_TIGHT_JUNCTION_INTERACTIONS	control	CD200R1L-AS1	0.09208182559497986	1258	17
actin_tight_junction	secondary	b	REACTOME_TIGHT_JUNCTION_INTERACTIONS	control	CD27-AS1	0.10288403807741403	1479	17
actin_tight_junction	secondary	b	REACTOME_TIGHT_JUNCTION_INTERACTIONS	control	CD7	0.0025986896033737307	147	8
actin_tight_junction	secondary	b	REACTOME_TIGHT_JUNCTION_INTERACTIONS	control	CDC123	0.5732265048101811	5478	22
actin_tight_junction	secondary	b	REACTOME_TIGHT_JUNCTION_INTERACTIONS	control	CDH19	0.08730475737917644	592	17
actin_tight_junction	secondary	b	REACTOME_TIGHT_JUNCTION_INTERACTIONS	control	CDH23	0.009014369294569356	245	11
actin_tight_junction	secondary	b	REACTOME_TIGHT_JUNCTION_INTERACTIONS	control	CDIP1	0.04258818496864506	613	15
actin_tight_junction	secondary	b	REACTOME_TIGHT_JUNCTION_INTERACTIONS	control	CDK19	1.1666166064975174	7942	24
actin_tight_junction	secondary	b	REACTOME_TIGHT_JUNCTION_INTERACTIONS	control	CDK6	2.168891073479566	10091	24
actin_tight_junction	secondary	b	REACTOME_TIGHT_JUNCTION_INTERACTIONS	control	CECR2	0.1632811361968949	1506	19
actin_tight_junction	secondary	b	REACTOME_TIGHT_JUNCTION_INTERACTIONS	control	CES4A	0.024573335392069393	364	14
actin_tight_junction	secondary	b	REACTOME_TIGHT_JUNCTION_INTERACTIONS	control	CFC1B	6.246486351427322e-05	1	0
actin_tight_junction	secondary	b	REACTOME_TIGHT_JUNCTION_INTERACTIONS	control	CHCHD7	0.27060410084414166	3052	20
actin_tight_junction	secondary	b	REACTOME_TIGHT_JUNCTION_INTERACTIONS	control	CIB4	0.0024347162066501414	35	8
actin_tight_junction	secondary	b	REACTOME_TIGHT_JUNCTION_INTERACTIONS	control	CLPTM1L	0.2405108194175753	2895	20
actin_tight_junction	secondary	b	REACTOME_TIGHT_JUNCTION_INTERACTIONS	control	CNOT2	1.7448285251262088	10374	24
actin_tight_junction	secondary	b	REACTOME_TIGHT_JUNCTION_INTERACTIONS	control	COL6A1	0.0329247189092898	604	14
actin_tight_junction	secondary	b	REACTOME_TIGHT_JUNCTION_INTERACTIONS	control	CORO2B	0.008589293834970854	135	11
actin_tight_junction	secondary	b	REACTOME_TIGHT_JUNCTION_INTERACTIONS	control	CR381670.2	0.008230392952550314	122	11
actin_tight_junction	secondary	b	REACTOME_TIGHT_JUNCTION_INTERACTIONS	control	CRLS1	0.9920862561736496	7489	23
actin_tight_junction	secondary	b	REACTOME_TIGHT_JUNCTION_INTERACTIONS	control	CSDC2	0.0024280428134371037	42	8
actin_tight_junction	secondary	b	REACTOME_TIGHT_JUNCTION_INTERACTIONS	control	CSNK2A1	1.443450444269927	9702	24
actin_tight_junction	secondary	b	REACTOME_TIGHT_JUNCTION_INTERACTIONS	control	CTNND1	4.626995780647607	13788	24
actin_tight_junction	secondary	b	REACTOME_TIGHT_JUNCTION_INTERACTIONS	control	CWC22	0.3961805662646256	4359	21
actin_tight_junction	secondary	b	REACTOME_TIGHT_JUNCTION_INTERACTIONS	control	CX3CL1	0.04093913942597787	470	15
actin_tight_junction	secondary	b	REACTOME_TIGHT_JUNCTION_INTERACTIONS	control	CXCL14	0.4780119959560775	1267	22
actin_tight_junction	secondary	b	REACTOME_TIGHT_JUNCTION_INTERACTIONS	control	CYLC2	6.246486351427322e-05	1	0
actin_tight_junction	secondary	b	REACTOME_TIGHT_JUNCTION_INTERACTIONS	control	CYP3A4	0.0021718735716283856	117	8
actin_tight_junction	secondary	b	REACTOME_TIGHT_JUNCTION_INTERACTIONS	control	DACT3-AS1	0.0019867994946299833	34	8
actin_tight_junction	secondary	b	REACTOME_TIGHT_JUNCTION_INTERACTIONS	control	DAPK1	0.3050826728955142	2219	21
actin_tight_junction	secondary	b	REACTOME_TIGHT_JUNCTION_INTERACTIONS	control	DAPK3	0.19912166930434944	2491	19
actin_tight_junction	secondary	b	REACTOME_TIGHT_JUNCTION_INTERACTIONS	control	DDIT4-AS1	0.007032588207116316	115	11
actin_tight_junction	secondary	b	REACTOME_TIGHT_JUNCTION_INTERACTIONS	control	DDX24	0.5399316674530854	5134	22
actin_tight_junction	secondary	b	REACTOME_TIGHT_JUNCTION_INTERACTIONS	control	DDX42	0.5589308139571797	5528	22
actin_tight_junction	secondary	b	REACTOME_TIGHT_JUNCTION_INTERACTIONS	control	DENND1B	1.9430315231419035	10354	24
actin_tight_junction	secondary	b	REACTOME_TIGHT_JUNCTION_INTERACTIONS	control	DISP1	0.24482574126834974	2724	20
actin_tight_junction	secondary	b	REACTOME_TIGHT_JUNCTION_INTERACTIONS	control	DMC1	0.017660132662421474	237	13
actin_tight_junction	secondary	b	REACTOME_TIGHT_JUNCTION_INTERACTIONS	control	DNAJB11	0.33964628120805834	3641	21
actin_tight_junction	secondary	b	REACTOME_TIGHT_JUNCTION_INTERACTIONS	control	DNAJB4	0.027607403826360788	425	14
actin_tight_junction	secondary	b	REACTOME_TIGHT_JUNCTION_INTERACTIONS	control	DNAJC27-AS1	0.03983096792634012	561	15
actin_tight_junction	secondary	b	REACTOME_TIGHT_JUNCTION_INTERACTIONS	control	DNMBP-AS1	0.04773299304168194	670	15
actin_tight_junction	secondary	b	REACTOME_TIGHT_JUNCTION_INTERACTIONS	control	DPY30	0.29559495041339	3361	20
actin_tight_junction	secondary	b	REACTOME_TIGHT_JUNCTION_INTERACTIONS	control	EAPP	0.38488822749496643	4059	21
actin_tight_junction	secondary	b	REACTOME_TIGHT_JUNCTION_INTERACTIONS	control	EBLN3P	0.343606118855347	3904	21
actin_tight_junction	secondary	b	REACTOME_TIGHT_JUNCTION_INTERACTIONS	control	EEF1D	2.449170565542242	9393	24
actin_tight_junction	secondary	b	REACTOME_TIGHT_JUNCTION_INTERACTIONS	control	EEF1G	4.652960392596528	11983	24
actin_tight_junction	secondary	b	REACTOME_TIGHT_JUNCTION_INTERACTIONS	control	EFNA1	0.5437636328552228	4556	22
actin_tight_junction	secondary	b	REACTOME_TIGHT_JUNCTION_INTERACTIONS	control	EFNB2	0.8557157810407199	5604	23
actin_tight_junction	secondary	b	REACTOME_TIGHT_JUNCTION_INTERACTIONS	control	EIF2B3	0.3778127244629988	3912	21
actin_tight_junction	secondary	b	REACTOME_TIGHT_JUNCTION_INTERACTIONS	control	EIF3C	0.09965974341193012	1422	17
actin_tight_junction	secondary	b	REACTOME_TIGHT_JUNCTION_INTERACTIONS	control	EIF3G	0.3908573156986551	3774	21
actin_tight_junction	secondary	b	REACTOME_TIGHT_JUNCTION_INTERACTIONS	control	EIF4EBP3	0.11805096838861323	1467	17
actin_tight_junction	secondary	b	REACTOME_TIGHT_JUNCTION_INTERACTIONS	control	ELOVL6	0.4002238797235985	3479	21
actin_tight_junction	secondary	b	REACTOME_TIGHT_JUNCTION_INTERACTIONS	control	EMC2	0.5595712010481724	5473	22
actin_tight_junction	secondary	b	REACTOME_TIGHT_JUNCTION_INTERACTIONS	control	ENDOD1	0.19381507831850223	2301	19
actin_tight_junction	secondary	b	REACTOME_TIGHT_JUNCTION_INTERACTIONS	control	ENOX2	0.8465488310704345	6366	23
actin_tight_junction	secondary	b	REACTOME_TIGHT_JUNCTION_INTERACTIONS	control	ENPP3	0.2282312981110903	1949	20
actin_tight_junction	secondary	b	REACTOME_TIGHT_JUNCTION_INTERACTIONS	control	EPB41	1.096522694699909	8187	23
actin_tight_junction	secondary	b	REACTOME_TIGHT_JUNCTION_INTERACTIONS	control	EPB41L4A-AS1	0.26004456886606864	2919	20
actin_tight_junction	secondary	b	REACTOME_TIGHT_JUNCTION_INTERACTIONS	control	EPHA8	0.0028665163759899583	43	8
actin_tight_junction	secondary	b	REACTOME_TIGHT_JUNCTION_INTERACTIONS	control	ERVMER34-1	0.01605666986515889	218	13
actin_tight_junction	secondary	b	REACTOME_TIGHT_JUNCTION_INTERACTIONS	control	EXOC3L4	0.08978537634062576	1279	17
actin_tight_junction	secondary	b	REACTOME_TIGHT_JUNCTION_INTERACTIONS	control	FALEC	0.03781299499771687	559	15
actin_tight_junction	secondary	b	REACTOME_TIGHT_JUNCTION_INTERACTIONS	control	FAM106A	0.0535946592309851	746	15
actin_tight_junction	secondary	b	REACTOME_TIGHT_JUNCTION_INTERACTIONS	control	FAM13A	3.79908751468162	9213	24
actin_tight_junction	secondary	b	REACTOME_TIGHT_JUNCTION_INTERACTIONS	control	FAM163B	6.142785662501043e-05	3	0
actin_tight_junction	secondary	b	REACTOME_TIGHT_JUNCTION_INTERACTIONS	control	FAM183A	0.02680371003711203	413	14
actin_tight_junction	secondary	b	REACTOME_TIGHT_JUNCTION_INTERACTIONS	control	FAM91A1	0.8610820329884067	7049	23
actin_tight_junction	secondary	b	REACTOME_TIGHT_JUNCTION_INTERACTIONS	control	FARS2	2.1602601084388726	10686	24
actin_tight_junction	secondary	b	REACTOME_TIGHT_JUNCTION_INTERACTIONS	control	FARSB	0.7514587551703487	6355	23
actin_tight_junction	secondary	b	REACTOME_TIGHT_JUNCTION_INTERACTIONS	control	FBLN1	0.0167366784091326	247	13
actin_tight_junction	secondary	b	REACTOME_TIGHT_JUNCTION_INTERACTIONS	control	FBRS	0.1646857668621655	2254	19
actin_tight_junction	secondary	b	REACTOME_TIGHT_JUNCTION_INTERACTIONS	control	FBXO36-IT1	0.00018739459054281966	3	2
actin_tight_junction	secondary	b	REACTOME_TIGHT_JUNCTION_INTERACTIONS	control	FCHSD1	0.041278814568020114	655	15
actin_tight_junction	secondary	b	REACTOME_TIGHT_JUNCTION_INTERACTIONS	control	FLNA	0.4605308711636765	3397	22
actin_tight_junction	secondary	b	REACTOME_TIGHT_JUNCTION_INTERACTIONS	control	FLRT2	4.204408625899781e-12	37	0
actin_tight_junction	secondary	b	REACTOME_TIGHT_JUNCTION_INTERACTIONS	control	FLYWCH1	0.11484452941347842	1593	17
actin_tight_junction	secondary	b	REACTOME_TIGHT_JUNCTION_INTERACTIONS	control	FP565260.1	0.022314273582808554	351	13
actin_tight_junction	secondary	b	REACTOME_TIGHT_JUNCTION_INTERACTIONS	control	FRMPD3	0.03790091642456842	518	15
actin_tight_junction	secondary	b	REACTOME_TIGHT_JUNCTION_INTERACTIONS	control	FSIP1	0.5869991596220627	2930	22
actin_tight_junction	secondary	b	REACTOME_TIGHT_JUNCTION_INTERACTIONS	control	FTSJ3	0.11466262645698803	1541	17
actin_tight_junction	secondary	b	REACTOME_TIGHT_JUNCTION_INTERACTIONS	control	G0S2	0.030555126430710598	517	14
actin_tight_junction	secondary	b	REACTOME_TIGHT_JUNCTION_INTERACTIONS	control	GAD1	0.09812206571616991	699	17
actin_tight_junction	secondary	b	REACTOME_TIGHT_JUNCTION_INTERACTIONS	control	GALE	0.3035082096601979	3486	21
actin_tight_junction	secondary	b	REACTOME_TIGHT_JUNCTION_INTERACTIONS	control	GALNT11	0.55774691824918	5290	22
actin_tight_junction	secondary	b	REACTOME_TIGHT_JUNCTION_INTERACTIONS	control	GALNT6	0.6101294253806848	5131	22
actin_tight_junction	secondary	b	REACTOME_TIGHT_JUNCTION_INTERACTIONS	control	GATD1	0.19404997905075502	2522	19
actin_tight_junction	secondary	b	REACTOME_TIGHT_JUNCTION_INTERACTIONS	control	GCLC	0.4960527142907854	4875	22
actin_tight_junction	secondary	b	REACTOME_TIGHT_JUNCTION_INTERACTIONS	control	GHR	0.034922028884044866	471	14
actin_tight_junction	secondary	b	REACTOME_TIGHT_JUNCTION_INTERACTIONS	control	GINM1	0.27720025396412457	3290	20
actin_tight_junction	secondary	b	REACTOME_TIGHT_JUNCTION_INTERACTIONS	control	GJD3	0.0001737476720572028	5	2
actin_tight_junction	secondary	b	REACTOME_TIGHT_JUNCTION_INTERACTIONS	control	GLI2	0.01756991632826845	265	13
actin_tight_junction	secondary	b	REACTOME_TIGHT_JUNCTION_INTERACTIONS	control	GLIPR1L1	0.04946587547809728	703	15
actin_tight_junction	secondary	b	REACTOME_TIGHT_JUNCTION_INTERACTIONS	control	GLIS2	0.010474010800293667	167	12
actin_tight_junction	secondary	b	REACTOME_TIGHT_JUNCTION_INTERACTIONS	control	GLRA1	0.009927349423727909	143	12
actin_tight_junction	secondary	b	REACTOME_TIGHT_JUNCTION_INTERACTIONS	control	GMCL2	6.246486351427322e-05	1	0
actin_tight_junction	secondary	b	REACTOME_TIGHT_JUNCTION_INTERACTIONS	control	GNA12	0.451724912158903	4666	22
actin_tight_junction	secondary	b	REACTOME_TIGHT_JUNCTION_INTERACTIONS	control	GNB1L	0.0983808646680741	1352	17
actin_tight_junction	secondary	b	REACTOME_TIGHT_JUNCTION_INTERACTIONS	control	GNG12	1.2313043617116586	8672	24
actin_tight_junction	secondary	b	REACTOME_TIGHT_JUNCTION_INTERACTIONS	control	GNLY	0.004423736001619794	117	10
actin_tight_junction	secondary	b	REACTOME_TIGHT_JUNCTION_INTERACTIONS	control	GOLGA7B	0.05459724211500694	788	15
actin_tight_junction	secondary	b	REACTOME_TIGHT_JUNCTION_INTERACTIONS	control	GOLGA8N	0.004911893467124545	93	10
actin_tight_junction	secondary	b	REACTOME_TIGHT_JUNCTION_INTERACTIONS	control	GOLGA8T	6.246486351427322e-05	1	0
actin_tight_junction	secondary	b	REACTOME_TIGHT_JUNCTION_INTERACTIONS	control	GPATCH3	0.02798998917509595	425	14
actin_tight_junction	secondary	b	REACTOME_TIGHT_JUNCTION_INTERACTIONS	control	GPCPD1	4.628204346940159	10134	24
actin_tight_junction	secondary	b	REACTOME_TIGHT_JUNCTION_INTERACTIONS	control	GPR150	0.002352913822640157	38	8
actin_tight_junction	secondary	b	REACTOME_TIGHT_JUNCTION_INTERACTIONS	control	GRAPL	0.00726257162691615	123	11
actin_tight_junction	secondary	b	REACTOME_TIGHT_JUNCTION_INTERACTIONS	control	GTF3A	0.6368235601045361	5724	22
actin_tight_junction	secondary	b	REACTOME_TIGHT_JUNCTION_INTERACTIONS	control	HAGH	0.1983691945097734	2480	19
actin_tight_junction	secondary	b	REACTOME_TIGHT_JUNCTION_INTERACTIONS	control	HAUS3	0.053518529551578334	793	15
actin_tight_junction	secondary	b	REACTOME_TIGHT_JUNCTION_INTERACTIONS	control	HBA1	0.004524068770890731	73	10
actin_tight_junction	secondary	b	REACTOME_TIGHT_JUNCTION_INTERACTIONS	control	HBA2	0.021474893717563552	270	13
actin_tight_junction	secondary	b	REACTOME_TIGHT_JUNCTION_INTERACTIONS	control	HECTD4	1.3676897216851422	9470	24
actin_tight_junction	secondary	b	REACTOME_TIGHT_JUNCTION_INTERACTIONS	control	HES7	0.0024638997822640663	34	8
actin_tight_junction	secondary	b	REACTOME_TIGHT_JUNCTION_INTERACTIONS	control	HIST1H2BB	0.00442129920487907	67	10
actin_tight_junction	secondary	b	REACTOME_TIGHT_JUNCTION_INTERACTIONS	control	HIST1H4L	0.005355580595909924	83	10
actin_tight_junction	secondary	b	REACTOME_TIGHT_JUNCTION_INTERACTIONS	control	HLA-E	1.0465850672810324	7607	23
actin_tight_junction	secondary	b	REACTOME_TIGHT_JUNCTION_INTERACTIONS	control	HMGCS2	0.43814387826333095	3462	22
actin_tight_junction	secondary	b	REACTOME_TIGHT_JUNCTION_INTERACTIONS	control	HOXC8	0.012798111211189475	130	12
actin_tight_junction	secondary	b	REACTOME_TIGHT_JUNCTION_INTERACTIONS	control	HSD17B1	0.012344224823504868	191	12
actin_tight_junction	secondary	b	REACTOME_TIGHT_JUNCTION_INTERACTIONS	control	HSD17B2	0.05315261005853478	667	15
actin_tight_junction	secondary	b	REACTOME_TIGHT_JUNCTION_INTERACTIONS	control	IBTK	0.961136050791793	7506	23
actin_tight_junction	secondary	b	REACTOME_TIGHT_JUNCTION_INTERACTIONS	control	ID4	0.05085759845439927	526	15
actin_tight_junction	secondary	b	REACTOME_TIGHT_JUNCTION_INTERACTIONS	control	IER2	0.6503370896189345	5178	23
actin_tight_junction	secondary	b	REACTOME_TIGHT_JUNCTION_INTERACTIONS	control	IFNAR1	0.33897716659945204	3778	21
actin_tight_junction	secondary	b	REACTOME_TIGHT_JUNCTION_INTERACTIONS	control	IGHG3	0.08319423700973093	1103	17
actin_tight_junction	secondary	b	REACTOME_TIGHT_JUNCTION_INTERACTIONS	control	IGHVII-60-1	6.246486351427322e-05	1	0
actin_tight_junction	secondary	b	REACTOME_TIGHT_JUNCTION_INTERACTIONS	control	IGKV1OR2-1	6.246486351427322e-05	1	0
actin_tight_junction	secondary	b	REACTOME_TIGHT_JUNCTION_INTERACTIONS	control	IKBKB	0.660239439147933	6412	23
actin_tight_junction	secondary	b	REACTOME_TIGHT_JUNCTION_INTERACTIONS	control	IMMP2L	12.975687377862702	13914	24
actin_tight_junction	secondary	b	REACTOME_TIGHT_JUNCTION_INTERACTIONS	control	IMPAD1	0.3366100938608038	3641	21
actin_tight_junction	secondary	b	REACTOME_TIGHT_JUNCTION_INTERACTIONS	control	INTS4	0.3513403876157359	3994	21
actin_tight_junction	secondary	b	REACTOME_TIGHT_JUNCTION_INTERACTIONS	control	IRAK1BP1	0.25507106975877936	2782	20
actin_tight_junction	secondary	b	REACTOME_TIGHT_JUNCTION_INTERACTIONS	control	ITPRIP-AS1	0.002098597944977952	36	8
actin_tight_junction	secondary	b	REACTOME_TIGHT_JUNCTION_INTERACTIONS	control	ITPRIPL2	0.1780007361874256	2148	19
actin_tight_junction	secondary	b	REACTOME_TIGHT_JUNCTION_INTERACTIONS	control	JMY	0.26745098160397246	3131	20
actin_tight_junction	secondary	b	REACTOME_TIGHT_JUNCTION_INTERACTIONS	control	JOSD1	0.18546259858761782	2371	19
actin_tight_junction	secondary	b	REACTOME_TIGHT_JUNCTION_INTERACTIONS	control	KAT6A	1.4524305367802677	9332	24
actin_tight_junction	secondary	b	REACTOME_TIGHT_JUNCTION_INTERACTIONS	control	KCND2	0.011855010554391653	160	12
actin_tight_junction	secondary	b	REACTOME_TIGHT_JUNCTION_INTERACTIONS	control	KCNMA1-AS3	0.00022577744987670528	6	2
actin_tight_junction	secondary	b	REACTOME_TIGHT_JUNCTION_INTERACTIONS	control	KIF25-AS1	6.246486351427322e-05	1	0
actin_tight_junction	secondary	b	REACTOME_TIGHT_JUNCTION_INTERACTIONS	control	KIF26B	0.5266762784320154	2570	22
actin_tight_junction	secondary	b	REACTOME_TIGHT_JUNCTION_INTERACTIONS	control	KIN	0.2065993886324878	2662	19
actin_tight_junction	secondary	b	REACTOME_TIGHT_JUNCTION_INTERACTIONS	control	KIRREL1	0.1826021669847775	1630	19
actin_tight_junction	secondary	b	REACTOME_TIGHT_JUNCTION_INTERACTIONS	control	KLF12	1.3385420092103226	5705	24
actin_tight_junction	secondary	b	REACTOME_TIGHT_JUNCTION_INTERACTIONS	control	KLHL26	0.01817310618925335	289	13
actin_tight_junction	secondary	b	REACTOME_TIGHT_JUNCTION_INTERACTIONS	control	KLHL28	0.4424852569528141	4612	22
actin_tight_junction	secondary	b	REACTOME_TIGHT_JUNCTION_INTERACTIONS	control	KRCC1	0.3435399685639334	3885	21
actin_tight_junction	secondary	b	REACTOME_TIGHT_JUNCTION_INTERACTIONS	control	KRT73-AS1	6.246486351427322e-05	1	0
actin_tight_junction	secondary	b	REACTOME_TIGHT_JUNCTION_INTERACTIONS	control	KTI12	0.021265638981137116	329	13
actin_tight_junction	secondary	b	REACTOME_TIGHT_JUNCTION_INTERACTIONS	control	L1CAM	0.023400293938544307	292	13
actin_tight_junction	secondary	b	REACTOME_TIGHT_JUNCTION_INTERACTIONS	control	LANCL1-AS1	0.05170305912376564	765	15
actin_tight_junction	secondary	b	REACTOME_TIGHT_JUNCTION_INTERACTIONS	control	LANCL2	0.29376225318770993	3355	20
actin_tight_junction	secondary	b	REACTOME_TIGHT_JUNCTION_INTERACTIONS	control	LCA5	0.05106354488174017	698	15
actin_tight_junction	secondary	b	REACTOME_TIGHT_JUNCTION_INTERACTIONS	control	LCORL	1.3231973595052982	8594	24
actin_tight_junction	secondary	b	REACTOME_TIGHT_JUNCTION_INTERACTIONS	control	LDAH	0.7166353338580409	6213	23
actin_tight_junction	secondary	b	REACTOME_TIGHT_JUNCTION_INTERACTIONS	control	LENEP	0.0002498594540570929	4	2
actin_tight_junction	secondary	b	REACTOME_TIGHT_JUNCTION_INTERACTIONS	control	LIMS1	1.251597693763931	8549	24
actin_tight_junction	secondary	b	REACTOME_TIGHT_JUNCTION_INTERACTIONS	control	LINC00167	0.002215502937354305	36	8
actin_tight_junction	secondary	b	REACTOME_TIGHT_JUNCTION_INTERACTIONS	control	LINC00173	0.011154168691199668	167	12
actin_tight_junction	secondary	b	REACTOME_TIGHT_JUNCTION_INTERACTIONS	control	LINC00310	0.034826959301645144	496	14
actin_tight_junction	secondary	b	REACTOME_TIGHT_JUNCTION_INTERACTIONS	control	LINC00365	0.00529942409603069	82	10
actin_tight_junction	secondary	b	REACTOME_TIGHT_JUNCTION_INTERACTIONS	control	LINC00567	6.246486351427322e-05	1	0
actin_tight_junction	secondary	b	REACTOME_TIGHT_JUNCTION_INTERACTIONS	control	LINC00618	0.029201911788302788	422	14
actin_tight_junction	secondary	b	REACTOME_TIGHT_JUNCTION_INTERACTIONS	control	LINC00629	0.0026317752720422184	40	8
actin_tight_junction	secondary	b	REACTOME_TIGHT_JUNCTION_INTERACTIONS	control	LINC00635	0.0007495783621712788	12	5
actin_tight_junction	secondary	b	REACTOME_TIGHT_JUNCTION_INTERACTIONS	control	LINC00645	0.0021658379711837618	33	8
actin_tight_junction	secondary	b	REACTOME_TIGHT_JUNCTION_INTERACTIONS	control	LINC00703	6.246486351427322e-05	1	0
actin_tight_junction	secondary	b	REACTOME_TIGHT_JUNCTION_INTERACTIONS	control	LINC00838	6.246486351427322e-05	1	0
actin_tight_junction	secondary	b	REACTOME_TIGHT_JUNCTION_INTERACTIONS	control	LINC01004	1.5500302012062555	9146	24
actin_tight_junction	secondary	b	REACTOME_TIGHT_JUNCTION_INTERACTIONS	control	LINC01035	0.0006871134986570056	11	5
actin_tight_junction	secondary	b	REACTOME_TIGHT_JUNCTION_INTERACTIONS	control	LINC01260	0.0020121895049079845	33	8
actin_tight_junction	secondary	b	REACTOME_TIGHT_JUNCTION_INTERACTIONS	control	LINC01388	6.246486351427322e-05	1	0
actin_tight_junction	secondary	b	REACTOME_TIGHT_JUNCTION_INTERACTIONS	control	LINC01481	0.002220920027437912	35	8
actin_tight_junction	secondary	b	REACTOME_TIGHT_JUNCTION_INTERACTIONS	control	LINC01485	0.002260218762516142	40	8
actin_tight_junction	secondary	b	REACTOME_TIGHT_JUNCTION_INTERACTIONS	control	LINC01771	0.002842348399618905	46	8
actin_tight_junction	secondary	b	REACTOME_TIGHT_JUNCTION_INTERACTIONS	control	LINC02200	6.246486351427322e-05	1	0
actin_tight_junction	secondary	b	REACTOME_TIGHT_JUNCTION_INTERACTIONS	control	LINC02217	0.00018428737498124987	3	2
actin_tight_junction	secondary	b	REACTOME_TIGHT_JUNCTION_INTERACTIONS	control	LINC02218	6.246486351427322e-05	1	0
actin_tight_junction	secondary	b	REACTOME_TIGHT_JUNCTION_INTERACTIONS	control	LINC02284	0.029321148756092624	376	14
actin_tight_junction	secondary	b	REACTOME_TIGHT_JUNCTION_INTERACTIONS	control	LINC02303	0.0006871134986570055	9	5
actin_tight_junction	secondary	b	REACTOME_TIGHT_JUNCTION_INTERACTIONS	control	LINC02308	0.0007495783621712788	12	5
actin_tight_junction	secondary	b	REACTOME_TIGHT_JUNCTION_INTERACTIONS	control	LINC02324	0.0028381067932534464	42	8
actin_tight_junction	secondary	b	REACTOME_TIGHT_JUNCTION_INTERACTIONS	control	LINC02484	0.011825118725598759	96	12
actin_tight_junction	secondary	b	REACTOME_TIGHT_JUNCTION_INTERACTIONS	control	LINC02551	0.002369187650133889	40	8
actin_tight_junction	secondary	b	REACTOME_TIGHT_JUNCTION_INTERACTIONS	control	LINC02575	0.0008745080891998253	13	5
actin_tight_junction	secondary	b	REACTOME_TIGHT_JUNCTION_INTERACTIONS	control	LINC02580	0.013214716192031675	183	12
actin_tight_junction	secondary	b	REACTOME_TIGHT_JUNCTION_INTERACTIONS	control	LINC02624	0.00020218118300370684	5	2
actin_tight_junction	secondary	b	REACTOME_TIGHT_JUNCTION_INTERACTIONS	control	LINC02723	0.00012492972702855056	3	2
actin_tight_junction	secondary	b	REACTOME_TIGHT_JUNCTION_INTERACTIONS	control	LINC02765	0.0007063366798035351	12	5
actin_tight_junction	secondary	b	REACTOME_TIGHT_JUNCTION_INTERACTIONS	control	LMAN2	0.6415063957653789	5373	23
actin_tight_junction	secondary	b	REACTOME_TIGHT_JUNCTION_INTERACTIONS	control	LMX1A	0.01416697421864125	116	12
actin_tight_junction	secondary	b	REACTOME_TIGHT_JUNCTION_INTERACTIONS	control	LNP1	0.02432172787305646	363	14
actin_tight_junction	secondary	b	REACTOME_TIGHT_JUNCTION_INTERACTIONS	control	LRRC69	0.360974703452985	3584	21
actin_tight_junction	secondary	b	REACTOME_TIGHT_JUNCTION_INTERACTIONS	control	LRRIQ4	0.02498437066506797	364	14
actin_tight_junction	secondary	b	REACTOME_TIGHT_JUNCTION_INTERACTIONS	control	LSP1	0.013109164823010595	354	12
actin_tight_junction	secondary	b	REACTOME_TIGHT_JUNCTION_INTERACTIONS	control	LY86-AS1	0.006068388152405396	102	10
actin_tight_junction	secondary	b	REACTOME_TIGHT_JUNCTION_INTERACTIONS	control	LYPD5	0.017940171166730398	255	13
actin_tight_junction	secondary	b	REACTOME_TIGHT_JUNCTION_INTERACTIONS	control	LYPLAL1-DT	0.01227781548206866	171	12
actin_tight_junction	secondary	b	REACTOME_TIGHT_JUNCTION_INTERACTIONS	control	LYRM4	0.6768406141079056	5765	23
actin_tight_junction	secondary	b	REACTOME_TIGHT_JUNCTION_INTERACTIONS	control	MAFA	0.0022386620020730863	33	8
actin_tight_junction	secondary	b	REACTOME_TIGHT_JUNCTION_INTERACTIONS	control	MAFG	0.297476108177395	3480	20
actin_tight_junction	secondary	b	REACTOME_TIGHT_JUNCTION_INTERACTIONS	control	MAFTRR	0.017146039670147686	253	13
actin_tight_junction	secondary	b	REACTOME_TIGHT_JUNCTION_INTERACTIONS	control	MAGEF1	0.10124141615270646	1396	17
actin_tight_junction	secondary	b	REACTOME_TIGHT_JUNCTION_INTERACTIONS	control	MAK	0.1854553236581005	2254	19
actin_tight_junction	secondary	b	REACTOME_TIGHT_JUNCTION_INTERACTIONS	control	MAMDC4	0.02426319059131817	377	14
actin_tight_junction	secondary	b	REACTOME_TIGHT_JUNCTION_INTERACTIONS	control	MAP11	0.03398686935962851	527	14
actin_tight_junction	secondary	b	REACTOME_TIGHT_JUNCTION_INTERACTIONS	control	MAP2K6	0.46651117312363793	4338	22
actin_tight_junction	secondary	b	REACTOME_TIGHT_JUNCTION_INTERACTIONS	control	MAP4K4	0.9686857077732733	6977	23
actin_tight_junction	secondary	b	REACTOME_TIGHT_JUNCTION_INTERACTIONS	control	MARCH3	1.1267953457827256	6434	24
actin_tight_junction	secondary	b	REACTOME_TIGHT_JUNCTION_INTERACTIONS	control	MARVELD2	0.25884966875896365	2946	20
actin_tight_junction	secondary	b	REACTOME_TIGHT_JUNCTION_INTERACTIONS	control	MAT2B	0.17669676470349976	2111	19
actin_tight_junction	secondary	b	REACTOME_TIGHT_JUNCTION_INTERACTIONS	control	MBTPS2	0.24333419212805638	2913	20
actin_tight_junction	secondary	b	REACTOME_TIGHT_JUNCTION_INTERACTIONS	control	MCF2	0.004322172100235713	73	10
actin_tight_junction	secondary	b	REACTOME_TIGHT_JUNCTION_INTERACTIONS	control	MDGA1	0.004343035330025561	88	10
actin_tight_junction	secondary	b	REACTOME_TIGHT_JUNCTION_INTERACTIONS	control	MED10	0.25528762947091477	3190	20
actin_tight_junction	secondary	b	REACTOME_TIGHT_JUNCTION_INTERACTIONS	control	MED11	0.053542063162368356	798	15
actin_tight_junction	secondary	b	REACTOME_TIGHT_JUNCTION_INTERACTIONS	control	MEIKIN	0.009446674031326482	148	11
actin_tight_junction	secondary	b	REACTOME_TIGHT_JUNCTION_INTERACTIONS	control	MFSD14C	1.2072681999607184	8776	24
actin_tight_junction	secondary	b	REACTOME_TIGHT_JUNCTION_INTERACTIONS	control	MGAT4A	0.5727978069594695	5558	22
actin_tight_junction	secondary	b	REACTOME_TIGHT_JUNCTION_INTERACTIONS	control	MIATNB	0.2266996559450247	2810	20
actin_tight_junction	secondary	b	REACTOME_TIGHT_JUNCTION_INTERACTIONS	control	MIB1	0.9151603305568419	7189	23
actin_tight_junction	secondary	b	REACTOME_TIGHT_JUNCTION_INTERACTIONS	control	MINDY2	0.3512169504816848	3837	21
actin_tight_junction	secondary	b	REACTOME_TIGHT_JUNCTION_INTERACTIONS	control	MIR22HG	0.02262331251127371	364	13
actin_tight_junction	secondary	b	REACTOME_TIGHT_JUNCTION_INTERACTIONS	control	MIR3142HG	0.04285524604105924	500	15
actin_tight_junction	secondary	b	REACTOME_TIGHT_JUNCTION_INTERACTIONS	control	MIR4307HG	0.0007495783621712787	10	5
actin_tight_junction	secondary	b	REACTOME_TIGHT_JUNCTION_INTERACTIONS	control	MIR646HG	0.36006122609681623	2734	21
actin_tight_junction	secondary	b	REACTOME_TIGHT_JUNCTION_INTERACTIONS	control	MKX	0.01119774556173376	126	12
actin_tight_junction	secondary	b	REACTOME_TIGHT_JUNCTION_INTERACTIONS	control	MNX1-AS1	0.03209593019194173	470	14
actin_tight_junction	secondary	b	REACTOME_TIGHT_JUNCTION_INTERACTIONS	control	MORC4	0.2643360595870219	2771	20
actin_tight_junction	secondary	b	REACTOME_TIGHT_JUNCTION_INTERACTIONS	control	MORN3	0.016010507352050264	223	13
actin_tight_junction	secondary	b	REACTOME_TIGHT_JUNCTION_INTERACTIONS	control	MRFAP1	0.2066803740895853	2459	19
actin_tight_junction	secondary	b	REACTOME_TIGHT_JUNCTION_INTERACTIONS	control	MRPL20	0.36511435437577777	3732	21
actin_tight_junction	secondary	b	REACTOME_TIGHT_JUNCTION_INTERACTIONS	control	MRPL28	0.09984921983123997	1343	17
actin_tight_junction	secondary	b	REACTOME_TIGHT_JUNCTION_INTERACTIONS	control	MRPL37	0.1776821321971681	2156	19
actin_tight_junction	secondary	b	REACTOME_TIGHT_JUNCTION_INTERACTIONS	control	MRPS24	0.3645779075185599	3516	21
actin_tight_junction	secondary	b	REACTOME_TIGHT_JUNCTION_INTERACTIONS	control	MRPS25	0.7163810462133754	6520	23
actin_tight_junction	secondary	b	REACTOME_TIGHT_JUNCTION_INTERACTIONS	control	MSI2	3.6379335998848497	12164	24
actin_tight_junction	secondary	b	REACTOME_TIGHT_JUNCTION_INTERACTIONS	control	MTHFD1L	1.8184956414437135	8635	24
actin_tight_junction	secondary	b	REACTOME_TIGHT_JUNCTION_INTERACTIONS	control	MTMR1	0.42596372098961105	4368	22
actin_tight_junction	secondary	b	REACTOME_TIGHT_JUNCTION_INTERACTIONS	control	MTRF1	0.1911274781120777	2439	19
actin_tight_junction	secondary	b	REACTOME_TIGHT_JUNCTION_INTERACTIONS	control	MX2	0.24899591510542188	1824	20
actin_tight_junction	secondary	b	REACTOME_TIGHT_JUNCTION_INTERACTIONS	control	MYH9	1.961282548166709	9568	24
actin_tight_junction	secondary	b	REACTOME_TIGHT_JUNCTION_INTERACTIONS	control	MYOSLID	0.012354923453275287	194	12
actin_tight_junction	secondary	b	REACTOME_TIGHT_JUNCTION_INTERACTIONS	control	MZB1	0.004421293788996687	102	10
actin_tight_junction	secondary	b	REACTOME_TIGHT_JUNCTION_INTERACTIONS	control	MZT1	0.18845289933688192	2158	19
actin_tight_junction	secondary	b	REACTOME_TIGHT_JUNCTION_INTERACTIONS	control	NAA15	0.8218823300622297	7036	23
actin_tight_junction	secondary	b	REACTOME_TIGHT_JUNCTION_INTERACTIONS	control	NAGK	0.08839349577596546	1373	17
actin_tight_junction	secondary	b	REACTOME_TIGHT_JUNCTION_INTERACTIONS	control	NAGPA	0.0464902838792246	709	15
actin_tight_junction	secondary	b	REACTOME_TIGHT_JUNCTION_INTERACTIONS	control	NAP1L5	0.004580578879448061	74	10
actin_tight_junction	secondary	b	REACTOME_TIGHT_JUNCTION_INTERACTIONS	control	NAPG	0.4372765867533922	4457	22
actin_tight_junction	secondary	b	REACTOME_TIGHT_JUNCTION_INTERACTIONS	control	NBAS	1.5778121079471645	9686	24
actin_tight_junction	secondary	b	REACTOME_TIGHT_JUNCTION_INTERACTIONS	control	NCKAP5L	0.0510736152160189	795	15
actin_tight_junction	secondary	b	REACTOME_TIGHT_JUNCTION_INTERACTIONS	control	NCOA5	0.4778869063866577	4885	22
actin_tight_junction	secondary	b	REACTOME_TIGHT_JUNCTION_INTERACTIONS	control	NDUFA4L2	0.03588361833639167	333	14
actin_tight_junction	secondary	b	REACTOME_TIGHT_JUNCTION_INTERACTIONS	control	NDUFB2-AS1	0.007951074588811854	128	11
actin_tight_junction	secondary	b	REACTOME_TIGHT_JUNCTION_INTERACTIONS	control	NECTIN2	0.5571372456710408	4815	22
actin_tight_junction	secondary	b	REACTOME_TIGHT_JUNCTION_INTERACTIONS	control	NECTIN3-AS1	0.03984515675450552	421	15
actin_tight_junction	secondary	b	REACTOME_TIGHT_JUNCTION_INTERACTIONS	control	NEIL2	0.03833560110650107	546	15
actin_tight_junction	secondary	b	REACTOME_TIGHT_JUNCTION_INTERACTIONS	control	NEK10	0.08872879782464839	1017	17
actin_tight_junction	secondary	b	REACTOME_TIGHT_JUNCTION_INTERACTIONS	control	NEK3	0.6343898280651743	5738	22
actin_tight_junction	secondary	b	REACTOME_TIGHT_JUNCTION_INTERACTIONS	control	NENF	0.37813136728246655	3913	21
actin_tight_junction	secondary	b	REACTOME_TIGHT_JUNCTION_INTERACTIONS	control	NOL4L-DT	0.0023822914875307986	37	8
actin_tight_junction	secondary	b	REACTOME_TIGHT_JUNCTION_INTERACTIONS	control	NOP14-AS1	0.03974185867896049	618	15
actin_tight_junction	secondary	b	REACTOME_TIGHT_JUNCTION_INTERACTIONS	control	NOP58	1.2140476835798604	8409	24
actin_tight_junction	secondary	b	REACTOME_TIGHT_JUNCTION_INTERACTIONS	control	NOS1	0.006751448373053188	113	11
actin_tight_junction	secondary	b	REACTOME_TIGHT_JUNCTION_INTERACTIONS	control	NPC1L1	0.022512817322869038	304	13
actin_tight_junction	secondary	b	REACTOME_TIGHT_JUNCTION_INTERACTIONS	control	NPHS1	0.004506482548713383	68	10
actin_tight_junction	secondary	b	REACTOME_TIGHT_JUNCTION_INTERACTIONS	control	NR1D2	0.27280576277571467	3170	20
actin_tight_junction	secondary	b	REACTOME_TIGHT_JUNCTION_INTERACTIONS	control	NR2F2	0.22921025911963117	2698	20
actin_tight_junction	secondary	b	REACTOME_TIGHT_JUNCTION_INTERACTIONS	control	NR5A1	0.0007404516285204025	12	5
actin_tight_junction	secondary	b	REACTOME_TIGHT_JUNCTION_INTERACTIONS	control	NRG4	0.020541472835315575	263	13
actin_tight_junction	secondary	b	REACTOME_TIGHT_JUNCTION_INTERACTIONS	control	NTN4	0.2749504062563351	2597	20
actin_tight_junction	secondary	b	REACTOME_TIGHT_JUNCTION_INTERACTIONS	control	NUP214	0.7352920766810259	6705	23
actin_tight_junction	secondary	b	REACTOME_TIGHT_JUNCTION_INTERACTIONS	control	NVL	0.700912753213493	6067	23
actin_tight_junction	secondary	b	REACTOME_TIGHT_JUNCTION_INTERACTIONS	control	OBI1-AS1	0.008823079245699148	130	11
actin_tight_junction	secondary	b	REACTOME_TIGHT_JUNCTION_INTERACTIONS	control	ODAM	0.004361643630505587	61	10
actin_tight_junction	secondary	b	REACTOME_TIGHT_JUNCTION_INTERACTIONS	control	ODR4	0.5301865173485258	5194	22
actin_tight_junction	secondary	b	REACTOME_TIGHT_JUNCTION_INTERACTIONS	control	OR10A4	0.0002490781078675796	4	2
actin_tight_junction	secondary	b	REACTOME_TIGHT_JUNCTION_INTERACTIONS	control	OR10V1	6.246486351427322e-05	1	0
actin_tight_junction	secondary	b	REACTOME_TIGHT_JUNCTION_INTERACTIONS	control	OR5H1	0.0002498594540570929	4	2
actin_tight_junction	secondary	b	REACTOME_TIGHT_JUNCTION_INTERACTIONS	control	OR6C1	6.246486351427322e-05	1	0
actin_tight_junction	secondary	b	REACTOME_TIGHT_JUNCTION_INTERACTIONS	control	OR8G5	0.0006246486351427324	10	5
actin_tight_junction	secondary	b	REACTOME_TIGHT_JUNCTION_INTERACTIONS	control	OSBPL10	1.6180047786535925	9052	24
actin_tight_junction	secondary	b	REACTOME_TIGHT_JUNCTION_INTERACTIONS	control	OST4	0.5136497772136847	4763	22
actin_tight_junction	secondary	b	REACTOME_TIGHT_JUNCTION_INTERACTIONS	control	P2RX4	0.25925285237682505	3091	20
actin_tight_junction	secondary	b	REACTOME_TIGHT_JUNCTION_INTERACTIONS	control	PCDH8	0.0020613404959710165	33	8
actin_tight_junction	secondary	b	REACTOME_TIGHT_JUNCTION_INTERACTIONS	control	PCMTD1	2.064802492829869	10867	24
actin_tight_junction	secondary	b	REACTOME_TIGHT_JUNCTION_INTERACTIONS	control	PCNT	0.1878641946611831	2298	19
actin_tight_junction	secondary	b	REACTOME_TIGHT_JUNCTION_INTERACTIONS	control	PCOLCE	0.011206872146914933	237	12
actin_tight_junction	secondary	b	REACTOME_TIGHT_JUNCTION_INTERACTIONS	control	PDCD2	0.2971093335368512	3315	20
actin_tight_junction	secondary	b	REACTOME_TIGHT_JUNCTION_INTERACTIONS	control	PDLIM1	0.7529752113302521	6272	23
actin_tight_junction	secondary	b	REACTOME_TIGHT_JUNCTION_INTERACTIONS	control	PDX1	0.021410747912965253	314	13
actin_tight_junction	secondary	b	REACTOME_TIGHT_JUNCTION_INTERACTIONS	control	PDXK	0.6961845131532224	6158	23
actin_tight_junction	secondary	b	REACTOME_TIGHT_JUNCTION_INTERACTIONS	control	PELI3	0.008149113232656513	134	11
actin_tight_junction	secondary	b	REACTOME_TIGHT_JUNCTION_INTERACTIONS	control	PEX6	0.19702128613342842	2397	19
actin_tight_junction	secondary	b	REACTOME_TIGHT_JUNCTION_INTERACTIONS	control	PGAM4	0.0006858047543075995	11	5
actin_tight_junction	secondary	b	REACTOME_TIGHT_JUNCTION_INTERACTIONS	control	PGR-AS1	0.00019298725351863446	5	2
actin_tight_junction	secondary	b	REACTOME_TIGHT_JUNCTION_INTERACTIONS	control	PHF21B	0.3165229922481797	2222	21
actin_tight_junction	secondary	b	REACTOME_TIGHT_JUNCTION_INTERACTIONS	control	PHLDA3	0.02211595641225604	322	13
actin_tight_junction	secondary	b	REACTOME_TIGHT_JUNCTION_INTERACTIONS	control	PIGS	0.09573615645027912	1334	17
actin_tight_junction	secondary	b	REACTOME_TIGHT_JUNCTION_INTERACTIONS	control	PINX1	0.20376346222472233	2233	19
actin_tight_junction	secondary	b	REACTOME_TIGHT_JUNCTION_INTERACTIONS	control	PIP5K1A	0.5913133561272375	5601	22
actin_tight_junction	secondary	b	REACTOME_TIGHT_JUNCTION_INTERACTIONS	control	PITPNM1	0.08637966643312643	1188	17
actin_tight_junction	secondary	b	REACTOME_TIGHT_JUNCTION_INTERACTIONS	control	PITRM1	0.17889978431941972	2346	19
actin_tight_junction	secondary	b	REACTOME_TIGHT_JUNCTION_INTERACTIONS	control	PLCE1-AS2	0.010180350477061487	159	12
actin_tight_junction	secondary	b	REACTOME_TIGHT_JUNCTION_INTERACTIONS	control	PLD6	0.02493928379654786	382	14
actin_tight_junction	secondary	b	REACTOME_TIGHT_JUNCTION_INTERACTIONS	control	PLEKHA8	0.5538868395413515	5352	22
actin_tight_junction	secondary	b	REACTOME_TIGHT_JUNCTION_INTERACTIONS	control	PLK2	0.028163692727965185	443	14
actin_tight_junction	secondary	b	REACTOME_TIGHT_JUNCTION_INTERACTIONS	control	POLR1D	0.7851816817184533	6695	23
actin_tight_junction	secondary	b	REACTOME_TIGHT_JUNCTION_INTERACTIONS	control	PPFIA1	0.8722225406591508	7503	23
actin_tight_junction	secondary	b	REACTOME_TIGHT_JUNCTION_INTERACTIONS	control	PPHLN1	1.1454537430543956	8387	24
actin_tight_junction	secondary	b	REACTOME_TIGHT_JUNCTION_INTERACTIONS	control	PPIE	0.1870195077616668	2416	19
actin_tight_junction	secondary	b	REACTOME_TIGHT_JUNCTION_INTERACTIONS	control	PPP1R10	0.3631959415363025	4179	21
actin_tight_junction	secondary	b	REACTOME_TIGHT_JUNCTION_INTERACTIONS	control	PPP1R12A	1.709139934844339	10315	24
actin_tight_junction	secondary	b	REACTOME_TIGHT_JUNCTION_INTERACTIONS	control	PPP1R16A	0.3578067890812451	4087	21
actin_tight_junction	secondary	b	REACTOME_TIGHT_JUNCTION_INTERACTIONS	control	PPP4R2	0.9612439652468899	7689	23
actin_tight_junction	secondary	b	REACTOME_TIGHT_JUNCTION_INTERACTIONS	control	PRDM12	0.00254649905308367	41	8
actin_tight_junction	secondary	b	REACTOME_TIGHT_JUNCTION_INTERACTIONS	control	PRDM2	0.7733081631091103	6745	23
actin_tight_junction	secondary	b	REACTOME_TIGHT_JUNCTION_INTERACTIONS	control	PRF1	0.0008907434134963467	63	5
actin_tight_junction	secondary	b	REACTOME_TIGHT_JUNCTION_INTERACTIONS	control	PRKAG2-AS1	0.01766805026454242	287	13
actin_tight_junction	secondary	b	REACTOME_TIGHT_JUNCTION_INTERACTIONS	control	PRKAR2A-AS1	0.0022962801691310615	37	8
actin_tight_junction	secondary	b	REACTOME_TIGHT_JUNCTION_INTERACTIONS	control	PRKD1	0.20347526923552245	1747	19
actin_tight_junction	secondary	b	REACTOME_TIGHT_JUNCTION_INTERACTIONS	control	PRKN	1.0422318195384908	6393	23
actin_tight_junction	secondary	b	REACTOME_TIGHT_JUNCTION_INTERACTIONS	control	PROX1	0.5689398027187182	4237	22
actin_tight_junction	secondary	b	REACTOME_TIGHT_JUNCTION_INTERACTIONS	control	PROX1-AS1	0.1861107513216378	1711	19
actin_tight_junction	secondary	b	REACTOME_TIGHT_JUNCTION_INTERACTIONS	control	PRPF18	0.3412469808952124	3898	21
actin_tight_junction	secondary	b	REACTOME_TIGHT_JUNCTION_INTERACTIONS	control	PRPH	0.000812043225685552	12	5
actin_tight_junction	secondary	b	REACTOME_TIGHT_JUNCTION_INTERACTIONS	control	PRPSAP1	0.23451323744596758	2906	20
actin_tight_junction	secondary	b	REACTOME_TIGHT_JUNCTION_INTERACTIONS	control	PRRT2	0.019082609958491998	297	13
actin_tight_junction	secondary	b	REACTOME_TIGHT_JUNCTION_INTERACTIONS	control	PRSS2	0.024264458723976416	214	14
actin_tight_junction	secondary	b	REACTOME_TIGHT_JUNCTION_INTERACTIONS	control	PRUNE1	0.10230659041594457	1314	17
actin_tight_junction	secondary	b	REACTOME_TIGHT_JUNCTION_INTERACTIONS	control	PTCD3	0.790078975295161	6766	23
actin_tight_junction	secondary	b	REACTOME_TIGHT_JUNCTION_INTERACTIONS	control	PTCHD1	0.029662325236432363	354	14
actin_tight_junction	secondary	b	REACTOME_TIGHT_JUNCTION_INTERACTIONS	control	PTGIR	0.00088253879168692	32	5
actin_tight_junction	secondary	b	REACTOME_TIGHT_JUNCTION_INTERACTIONS	control	PTK2	7.473803850048026	14583	24
actin_tight_junction	secondary	b	REACTOME_TIGHT_JUNCTION_INTERACTIONS	control	PTK7	0.5799962286201827	4601	22
actin_tight_junction	secondary	b	REACTOME_TIGHT_JUNCTION_INTERACTIONS	control	PWWP2A	0.5825834330326108	5729	22
actin_tight_junction	secondary	b	REACTOME_TIGHT_JUNCTION_INTERACTIONS	control	PZP	0.0007879646811871568	69	5
actin_tight_junction	secondary	b	REACTOME_TIGHT_JUNCTION_INTERACTIONS	control	QSOX2	0.1962948441430971	2505	19
actin_tight_junction	secondary	b	REACTOME_TIGHT_JUNCTION_INTERACTIONS	control	RAB21	0.5546067204002708	5359	22
actin_tight_junction	secondary	b	REACTOME_TIGHT_JUNCTION_INTERACTIONS	control	RAB3B	0.02993064863555132	306	14
actin_tight_junction	secondary	b	REACTOME_TIGHT_JUNCTION_INTERACTIONS	control	RAB7B	0.0006257335211402828	47	5
actin_tight_junction	secondary	b	REACTOME_TIGHT_JUNCTION_INTERACTIONS	control	RABEP1	0.6340675760614157	5768	22
actin_tight_junction	secondary	b	REACTOME_TIGHT_JUNCTION_INTERACTIONS	control	RAG1	0.041619457879246084	585	15
actin_tight_junction	secondary	b	REACTOME_TIGHT_JUNCTION_INTERACTIONS	control	RAP2A	0.17605426586227607	2194	19
actin_tight_junction	secondary	b	REACTOME_TIGHT_JUNCTION_INTERACTIONS	control	RAPGEF4-AS1	0.006309221217392368	89	10
actin_tight_junction	secondary	b	REACTOME_TIGHT_JUNCTION_INTERACTIONS	control	RASGEF1A	0.005219989875037735	84	10
actin_tight_junction	secondary	b	REACTOME_TIGHT_JUNCTION_INTERACTIONS	control	RASGEF1C	0.004800570730460381	71	10
actin_tight_junction	secondary	b	REACTOME_TIGHT_JUNCTION_INTERACTIONS	control	RASSF10-DT	0.017544326158069997	264	13
actin_tight_junction	secondary	b	REACTOME_TIGHT_JUNCTION_INTERACTIONS	control	RBBP5	0.17978668339851595	2212	19
actin_tight_junction	secondary	b	REACTOME_TIGHT_JUNCTION_INTERACTIONS	control	RBFA	0.09964288563305068	1395	17
actin_tight_junction	secondary	b	REACTOME_TIGHT_JUNCTION_INTERACTIONS	control	RFPL3S	0.00650687573352084	105	11
actin_tight_junction	secondary	b	REACTOME_TIGHT_JUNCTION_INTERACTIONS	control	RFX1	0.1642170160295844	2180	19
actin_tight_junction	secondary	b	REACTOME_TIGHT_JUNCTION_INTERACTIONS	control	RFX6	0.025735523767880533	122	14
actin_tight_junction	secondary	b	REACTOME_TIGHT_JUNCTION_INTERACTIONS	control	RGS9	0.009948640415790851	172	12
actin_tight_junction	secondary	b	REACTOME_TIGHT_JUNCTION_INTERACTIONS	control	RHOBTB2	0.023357525835538226	348	13
actin_tight_junction	secondary	b	REACTOME_TIGHT_JUNCTION_INTERACTIONS	control	RIBC2	0.027285177320906507	375	14
actin_tight_junction	secondary	b	REACTOME_TIGHT_JUNCTION_INTERACTIONS	control	RIC1	0.9088710311932188	7434	23
actin_tight_junction	secondary	b	REACTOME_TIGHT_JUNCTION_INTERACTIONS	control	RNASE10	0.00018739459054281966	3	2
actin_tight_junction	secondary	b	REACTOME_TIGHT_JUNCTION_INTERACTIONS	control	RNASE4	0.2503252866654029	2694	20
actin_tight_junction	secondary	b	REACTOME_TIGHT_JUNCTION_INTERACTIONS	control	RNF115	0.7185809885333366	6268	23
actin_tight_junction	secondary	b	REACTOME_TIGHT_JUNCTION_INTERACTIONS	control	RNF138	0.2803913753311479	3198	20
actin_tight_junction	secondary	b	REACTOME_TIGHT_JUNCTION_INTERACTIONS	control	RNF146	0.20699268652085365	2687	19
actin_tight_junction	secondary	b	REACTOME_TIGHT_JUNCTION_INTERACTIONS	control	RNF166	0.03225169985605901	572	14
actin_tight_junction	secondary	b	REACTOME_TIGHT_JUNCTION_INTERACTIONS	control	RNF217	0.6809125831002264	5651	23
actin_tight_junction	secondary	b	REACTOME_TIGHT_JUNCTION_INTERACTIONS	control	RNLS	0.21757708251383945	2215	19
actin_tight_junction	secondary	b	REACTOME_TIGHT_JUNCTION_INTERACTIONS	control	ROPN1L-AS1	6.246486351427322e-05	1	0
actin_tight_junction	secondary	b	REACTOME_TIGHT_JUNCTION_INTERACTIONS	control	RPAIN	0.33600662953328425	3860	21
actin_tight_junction	secondary	b	REACTOME_TIGHT_JUNCTION_INTERACTIONS	control	RPRML	0.005122118808170396	80	10
actin_tight_junction	secondary	b	REACTOME_TIGHT_JUNCTION_INTERACTIONS	control	RPUSD4	0.16383588916469508	2129	19
actin_tight_junction	secondary	b	REACTOME_TIGHT_JUNCTION_INTERACTIONS	control	RSPH4A	0.0021763547573872754	37	8
actin_tight_junction	secondary	b	REACTOME_TIGHT_JUNCTION_INTERACTIONS	control	RSPO1	0.00024702103835399044	4	2
actin_tight_junction	secondary	b	REACTOME_TIGHT_JUNCTION_INTERACTIONS	control	RTL6	0.03354393382590416	483	14
actin_tight_junction	secondary	b	REACTOME_TIGHT_JUNCTION_INTERACTIONS	control	RUSC2	0.24028721351046878	2723	20
actin_tight_junction	secondary	b	REACTOME_TIGHT_JUNCTION_INTERACTIONS	control	SAMMSON	0.10872809646153243	1232	17
actin_tight_junction	secondary	b	REACTOME_TIGHT_JUNCTION_INTERACTIONS	control	SAP30BP	0.2796894436371346	3318	20
actin_tight_junction	secondary	b	REACTOME_TIGHT_JUNCTION_INTERACTIONS	control	SAR1B	0.28711768917218566	3392	20
actin_tight_junction	secondary	b	REACTOME_TIGHT_JUNCTION_INTERACTIONS	control	SART1	0.16233079587879312	2113	19
actin_tight_junction	secondary	b	REACTOME_TIGHT_JUNCTION_INTERACTIONS	control	SBNO1	0.718147796795294	6253	23
actin_tight_junction	secondary	b	REACTOME_TIGHT_JUNCTION_INTERACTIONS	control	SCAND1	0.570842859206503	5057	22
actin_tight_junction	secondary	b	REACTOME_TIGHT_JUNCTION_INTERACTIONS	control	SCGB1C2	6.246486351427322e-05	1	0
actin_tight_junction	secondary	b	REACTOME_TIGHT_JUNCTION_INTERACTIONS	control	SCGB3A2	0.0006761354731677705	14	5
actin_tight_junction	secondary	b	REACTOME_TIGHT_JUNCTION_INTERACTIONS	control	SCLT1	0.8873372016565023	5728	23
actin_tight_junction	secondary	b	REACTOME_TIGHT_JUNCTION_INTERACTIONS	control	SCRIB	0.2889742456952257	3360	20
actin_tight_junction	secondary	b	REACTOME_TIGHT_JUNCTION_INTERACTIONS	control	SDF4	0.3349487900881008	3775	21
actin_tight_junction	secondary	b	REACTOME_TIGHT_JUNCTION_INTERACTIONS	control	SEC11C	0.29388459657243693	3255	20
actin_tight_junction	secondary	b	REACTOME_TIGHT_JUNCTION_INTERACTIONS	control	SEPTIN5	0.0007356193795383749	15	5
actin_tight_junction	secondary	b	REACTOME_TIGHT_JUNCTION_INTERACTIONS	control	SERP1	0.6915118513320885	6271	23
actin_tight_junction	secondary	b	REACTOME_TIGHT_JUNCTION_INTERACTIONS	control	SERPINE3	0.008185629309567795	121	11
actin_tight_junction	secondary	b	REACTOME_TIGHT_JUNCTION_INTERACTIONS	control	SERTAD3	0.03431947201581621	517	14
actin_tight_junction	secondary	b	REACTOME_TIGHT_JUNCTION_INTERACTIONS	control	SETMAR	0.0880379617824807	1232	17
actin_tight_junction	secondary	b	REACTOME_TIGHT_JUNCTION_INTERACTIONS	control	SH2B2	0.03709714775254036	557	14
actin_tight_junction	secondary	b	REACTOME_TIGHT_JUNCTION_INTERACTIONS	control	SH3PXD2A	1.1536639065818153	7711	24
actin_tight_junction	secondary	b	REACTOME_TIGHT_JUNCTION_INTERACTIONS	control	SH3PXD2A-AS1	0.020396614344266432	304	13
actin_tight_junction	secondary	b	REACTOME_TIGHT_JUNCTION_INTERACTIONS	control	SH3RF1	1.3804258762825887	8390	24
actin_tight_junction	secondary	b	REACTOME_TIGHT_JUNCTION_INTERACTIONS	control	SHC4	0.010681612932880858	73	12
actin_tight_junction	secondary	b	REACTOME_TIGHT_JUNCTION_INTERACTIONS	control	SHISA4	0.00864945088754447	146	11
actin_tight_junction	secondary	b	REACTOME_TIGHT_JUNCTION_INTERACTIONS	control	SIAH1	0.3208326622476074	3777	21
actin_tight_junction	secondary	b	REACTOME_TIGHT_JUNCTION_INTERACTIONS	control	SIRT1	0.28308810608563817	3244	20
actin_tight_junction	secondary	b	REACTOME_TIGHT_JUNCTION_INTERACTIONS	control	SLC10A2	0.000247924136775923	4	2
actin_tight_junction	secondary	b	REACTOME_TIGHT_JUNCTION_INTERACTIONS	control	SLC16A10	0.10608484259969432	1674	17
actin_tight_junction	secondary	b	REACTOME_TIGHT_JUNCTION_INTERACTIONS	control	SLC16A12	0.0007898793537234338	16	5
actin_tight_junction	secondary	b	REACTOME_TIGHT_JUNCTION_INTERACTIONS	control	SLC17A2	0.00023350149496438076	5	2
actin_tight_junction	secondary	b	REACTOME_TIGHT_JUNCTION_INTERACTIONS	control	SLC25A28	0.11603103562732485	1596	17
actin_tight_junction	secondary	b	REACTOME_TIGHT_JUNCTION_INTERACTIONS	control	SLC25A46	0.27868421861349346	3311	20
actin_tight_junction	secondary	b	REACTOME_TIGHT_JUNCTION_INTERACTIONS	control	SLC38A3	0.011556787243326655	171	12
actin_tight_junction	secondary	b	REACTOME_TIGHT_JUNCTION_INTERACTIONS	control	SLC38A8	0.002535227039959556	37	8
actin_tight_junction	secondary	b	REACTOME_TIGHT_JUNCTION_INTERACTIONS	control	SLC39A10	0.765566309437075	6275	23
actin_tight_junction	secondary	b	REACTOME_TIGHT_JUNCTION_INTERACTIONS	control	SLC39A8	0.3090317430049952	3062	21
actin_tight_junction	secondary	b	REACTOME_TIGHT_JUNCTION_INTERACTIONS	control	SLC9A3R1	0.18064494971719958	2138	19
actin_tight_junction	secondary	b	REACTOME_TIGHT_JUNCTION_INTERACTIONS	control	SLC9C1	0.34161449385296866	3361	21
actin_tight_junction	secondary	b	REACTOME_TIGHT_JUNCTION_INTERACTIONS	control	SMC2-AS1	0.005361901599795389	86	10
actin_tight_junction	secondary	b	REACTOME_TIGHT_JUNCTION_INTERACTIONS	control	SMG7-AS1	0.006109904692631546	96	10
actin_tight_junction	secondary	b	REACTOME_TIGHT_JUNCTION_INTERACTIONS	control	SMIM29	0.0549730678841223	814	15
actin_tight_junction	secondary	b	REACTOME_TIGHT_JUNCTION_INTERACTIONS	control	SNRNP70	0.7233109670915816	6763	23
actin_tight_junction	secondary	b	REACTOME_TIGHT_JUNCTION_INTERACTIONS	control	SNUPN	0.08755008783336889	1251	17
actin_tight_junction	secondary	b	REACTOME_TIGHT_JUNCTION_INTERACTIONS	control	SOCS2	0.010686660457764908	173	12
actin_tight_junction	secondary	b	REACTOME_TIGHT_JUNCTION_INTERACTIONS	control	SORBS1	1.8908228401360634	8721	24
actin_tight_junction	secondary	b	REACTOME_TIGHT_JUNCTION_INTERACTIONS	control	SP7	0.00018739459054281966	3	2
actin_tight_junction	secondary	b	REACTOME_TIGHT_JUNCTION_INTERACTIONS	control	SPEN	0.7337551488425244	6607	23
actin_tight_junction	secondary	b	REACTOME_TIGHT_JUNCTION_INTERACTIONS	control	SPHK1	0.007678004005473606	174	11
actin_tight_junction	secondary	b	REACTOME_TIGHT_JUNCTION_INTERACTIONS	control	SPHK2	0.10284181471893838	1447	17
actin_tight_junction	secondary	b	REACTOME_TIGHT_JUNCTION_INTERACTIONS	control	SPIRE1	0.24424068953856656	2160	20
actin_tight_junction	secondary	b	REACTOME_TIGHT_JUNCTION_INTERACTIONS	control	SPOCD1	0.011412016422282945	219	12
actin_tight_junction	secondary	b	REACTOME_TIGHT_JUNCTION_INTERACTIONS	control	SPON1	0.3264217263058426	2436	21
actin_tight_junction	secondary	b	REACTOME_TIGHT_JUNCTION_INTERACTIONS	control	SRC	0.3541698196415491	4010	21
actin_tight_junction	secondary	b	REACTOME_TIGHT_JUNCTION_INTERACTIONS	control	SRD5A1	0.17309617788275344	2150	19
actin_tight_junction	secondary	b	REACTOME_TIGHT_JUNCTION_INTERACTIONS	control	SRD5A3-AS1	0.005235348246562071	84	10
actin_tight_junction	secondary	b	REACTOME_TIGHT_JUNCTION_INTERACTIONS	control	SRGAP3	0.23586383191322402	2601	20
actin_tight_junction	secondary	b	REACTOME_TIGHT_JUNCTION_INTERACTIONS	control	SRM	0.25178768118910116	2812	20
actin_tight_junction	secondary	b	REACTOME_TIGHT_JUNCTION_INTERACTIONS	control	SRXN1	0.04622844382268856	644	15
actin_tight_junction	secondary	b	REACTOME_TIGHT_JUNCTION_INTERACTIONS	control	ST3GAL6-AS1	0.0008033929494270784	18	5
actin_tight_junction	secondary	b	REACTOME_TIGHT_JUNCTION_INTERACTIONS	control	STC2	0.09266876852320982	1034	17
actin_tight_junction	secondary	b	REACTOME_TIGHT_JUNCTION_INTERACTIONS	control	STEAP2	0.3711548845395205	3667	21
actin_tight_junction	secondary	b	REACTOME_TIGHT_JUNCTION_INTERACTIONS	control	STK26	0.27872433196977814	2807	20
actin_tight_junction	secondary	b	REACTOME_TIGHT_JUNCTION_INTERACTIONS	control	STXBP1	0.21593073527782713	2336	19
actin_tight_junction	secondary	b	REACTOME_TIGHT_JUNCTION_INTERACTIONS	control	STYXL1	0.34603757363910365	3864	21
actin_tight_junction	secondary	b	REACTOME_TIGHT_JUNCTION_INTERACTIONS	control	SUGP2	0.4922025360823704	5244	22
actin_tight_junction	secondary	b	REACTOME_TIGHT_JUNCTION_INTERACTIONS	control	SUPT6H	0.3930281033927126	4419	21
actin_tight_junction	secondary	b	REACTOME_TIGHT_JUNCTION_INTERACTIONS	control	SYNJ2-IT1	0.0002476262178015341	4	2
actin_tight_junction	secondary	b	REACTOME_TIGHT_JUNCTION_INTERACTIONS	control	SYT5	0.002311199950028109	33	8
actin_tight_junction	secondary	b	REACTOME_TIGHT_JUNCTION_INTERACTIONS	control	TAAR2	6.246486351427322e-05	1	0
actin_tight_junction	secondary	b	REACTOME_TIGHT_JUNCTION_INTERACTIONS	control	TAF5	0.03345519252150766	484	14
actin_tight_junction	secondary	b	REACTOME_TIGHT_JUNCTION_INTERACTIONS	control	TANC2	0.6396686424567232	3861	22
actin_tight_junction	secondary	b	REACTOME_TIGHT_JUNCTION_INTERACTIONS	control	TAS2R1	6.246486351427322e-05	1	0
actin_tight_junction	secondary	b	REACTOME_TIGHT_JUNCTION_INTERACTIONS	control	TAS2R41	6.246486351427322e-05	1	0
actin_tight_junction	secondary	b	REACTOME_TIGHT_JUNCTION_INTERACTIONS	control	TAS2R60	0.00018739459054281966	2	2
actin_tight_junction	secondary	b	REACTOME_TIGHT_JUNCTION_INTERACTIONS	control	TBC1D12	0.48478455940485227	4478	22
actin_tight_junction	secondary	b	REACTOME_TIGHT_JUNCTION_INTERACTIONS	control	TBL1X	0.7894724928965604	6127	23
actin_tight_junction	secondary	b	REACTOME_TIGHT_JUNCTION_INTERACTIONS	control	TBX18	0.04386844297464816	555	15
actin_tight_junction	secondary	b	REACTOME_TIGHT_JUNCTION_INTERACTIONS	control	TCEAL8	0.08788078519985096	1197	17
actin_tight_junction	secondary	b	REACTOME_TIGHT_JUNCTION_INTERACTIONS	control	TCFL5	0.18854265413246213	2278	19
actin_tight_junction	secondary	b	REACTOME_TIGHT_JUNCTION_INTERACTIONS	control	TGFBI	1.2544468415692722	6324	24
actin_tight_junction	secondary	b	REACTOME_TIGHT_JUNCTION_INTERACTIONS	control	TGM6	0.001985755871741148	28	8
actin_tight_junction	secondary	b	REACTOME_TIGHT_JUNCTION_INTERACTIONS	control	THAP12	0.3013059413461374	3346	21
actin_tight_junction	secondary	b	REACTOME_TIGHT_JUNCTION_INTERACTIONS	control	THOC2	1.8060091535858438	10299	24
actin_tight_junction	secondary	b	REACTOME_TIGHT_JUNCTION_INTERACTIONS	control	THUMPD2	0.5352771519698709	5371	22
actin_tight_junction	secondary	b	REACTOME_TIGHT_JUNCTION_INTERACTIONS	control	TIAM1	0.04976032476729868	801	15
actin_tight_junction	secondary	b	REACTOME_TIGHT_JUNCTION_INTERACTIONS	control	TLN2	0.9311255766700717	6899	23
actin_tight_junction	secondary	b	REACTOME_TIGHT_JUNCTION_INTERACTIONS	control	TMCO3	0.39652695433138363	4214	21
actin_tight_junction	secondary	b	REACTOME_TIGHT_JUNCTION_INTERACTIONS	control	TMEM132D	0.03550083816025427	429	14
actin_tight_junction	secondary	b	REACTOME_TIGHT_JUNCTION_INTERACTIONS	control	TMEM175	0.0552694054868579	835	15
actin_tight_junction	secondary	b	REACTOME_TIGHT_JUNCTION_INTERACTIONS	control	TMEM183A	0.20844928069611798	2608	19
actin_tight_junction	secondary	b	REACTOME_TIGHT_JUNCTION_INTERACTIONS	control	TMEM201	0.04072080446932288	599	15
actin_tight_junction	secondary	b	REACTOME_TIGHT_JUNCTION_INTERACTIONS	control	TMEM263	0.19629942986957594	2438	19
actin_tight_junction	secondary	b	REACTOME_TIGHT_JUNCTION_INTERACTIONS	control	TMTC3	0.27122334044016455	3023	20
actin_tight_junction	secondary	b	REACTOME_TIGHT_JUNCTION_INTERACTIONS	control	TNFRSF10A-AS1	0.0022988914475389442	36	8
actin_tight_junction	secondary	b	REACTOME_TIGHT_JUNCTION_INTERACTIONS	control	TNXB	0.019571473735084288	307	13
actin_tight_junction	secondary	b	REACTOME_TIGHT_JUNCTION_INTERACTIONS	control	TP53TG5	0.035855501337287835	534	14
actin_tight_junction	secondary	b	REACTOME_TIGHT_JUNCTION_INTERACTIONS	control	TPD52L2	0.4293774452701082	4543	22
actin_tight_junction	secondary	b	REACTOME_TIGHT_JUNCTION_INTERACTIONS	control	TRAF2	0.18562857545035025	2438	19
actin_tight_junction	secondary	b	REACTOME_TIGHT_JUNCTION_INTERACTIONS	control	TRBV28	6.031924688876198e-05	5	0
actin_tight_junction	secondary	b	REACTOME_TIGHT_JUNCTION_INTERACTIONS	control	TRIM15	0.10449873324716502	1343	17
actin_tight_junction	secondary	b	REACTOME_TIGHT_JUNCTION_INTERACTIONS	control	TRIP10	0.16816884345151623	2181	19
actin_tight_junction	secondary	b	REACTOME_TIGHT_JUNCTION_INTERACTIONS	control	TRNP1	0.037367376785854986	504	15
actin_tight_junction	secondary	b	REACTOME_TIGHT_JUNCTION_INTERACTIONS	control	TRNT1	0.315984398199204	3653	21
actin_tight_junction	secondary	b	REACTOME_TIGHT_JUNCTION_INTERACTIONS	control	TRPM7	1.0709139642768934	8381	23
actin_tight_junction	secondary	b	REACTOME_TIGHT_JUNCTION_INTERACTIONS	control	TTC1	0.44830662796391485	4650	22
actin_tight_junction	secondary	b	REACTOME_TIGHT_JUNCTION_INTERACTIONS	control	TTC23	0.21110865441913917	2640	19
actin_tight_junction	secondary	b	REACTOME_TIGHT_JUNCTION_INTERACTIONS	control	TTC8	0.27344032675465263	3133	20
actin_tight_junction	secondary	b	REACTOME_TIGHT_JUNCTION_INTERACTIONS	control	TTLL13P	0.005387575824894101	84	10
actin_tight_junction	secondary	b	REACTOME_TIGHT_JUNCTION_INTERACTIONS	control	TTLL6	0.030471165683284524	433	14
actin_tight_junction	secondary	b	REACTOME_TIGHT_JUNCTION_INTERACTIONS	control	TTYH1	0.0123558979700429	173	12
actin_tight_junction	secondary	b	REACTOME_TIGHT_JUNCTION_INTERACTIONS	control	TXNDC12-AS1	0.000866474928955082	14	5
actin_tight_junction	secondary	b	REACTOME_TIGHT_JUNCTION_INTERACTIONS	control	U52112.1	0.00012492972702854644	2	2
actin_tight_junction	secondary	b	REACTOME_TIGHT_JUNCTION_INTERACTIONS	control	UBP1	0.5880884862279713	5581	22
actin_tight_junction	secondary	b	REACTOME_TIGHT_JUNCTION_INTERACTIONS	control	ULK1	0.22317626073028418	2870	20
actin_tight_junction	secondary	b	REACTOME_TIGHT_JUNCTION_INTERACTIONS	control	ULK4	0.7910443643462053	5874	23
actin_tight_junction	secondary	b	REACTOME_TIGHT_JUNCTION_INTERACTIONS	control	UQCRB	1.3967553229228866	8305	24
actin_tight_junction	secondary	b	REACTOME_TIGHT_JUNCTION_INTERACTIONS	control	USP15	1.586004322810443	10054	24
actin_tight_junction	secondary	b	REACTOME_TIGHT_JUNCTION_INTERACTIONS	control	USP16	0.33272194758302426	3776	21
actin_tight_junction	secondary	b	REACTOME_TIGHT_JUNCTION_INTERACTIONS	control	USP34	2.8289539011832794	12590	24
actin_tight_junction	secondary	b	REACTOME_TIGHT_JUNCTION_INTERACTIONS	control	USP4	0.41729161467407166	4627	21
actin_tight_junction	secondary	b	REACTOME_TIGHT_JUNCTION_INTERACTIONS	control	UTP20	0.5060760425396159	4661	22
actin_tight_junction	secondary	b	REACTOME_TIGHT_JUNCTION_INTERACTIONS	control	UTP23	0.28641146498502656	3220	20
actin_tight_junction	secondary	b	REACTOME_TIGHT_JUNCTION_INTERACTIONS	control	VEZF1	0.33656871516518866	3696	21
actin_tight_junction	secondary	b	REACTOME_TIGHT_JUNCTION_INTERACTIONS	control	VGLL4	1.2079399534999076	8478	24
actin_tight_junction	secondary	b	REACTOME_TIGHT_JUNCTION_INTERACTIONS	control	VPS4A	0.17158797297488765	2280	19
actin_tight_junction	secondary	b	REACTOME_TIGHT_JUNCTION_INTERACTIONS	control	VPS9D1-AS1	0.04374535085706812	647	15
actin_tight_junction	secondary	b	REACTOME_TIGHT_JUNCTION_INTERACTIONS	control	VWA8	2.735769587626013	11497	24
actin_tight_junction	secondary	b	REACTOME_TIGHT_JUNCTION_INTERACTIONS	control	WDR33	0.947084383482311	7813	23
actin_tight_junction	secondary	b	REACTOME_TIGHT_JUNCTION_INTERACTIONS	control	WDR35	0.3737888813756001	3687	21
actin_tight_junction	secondary	b	REACTOME_TIGHT_JUNCTION_INTERACTIONS	control	WDR70	1.3767696916535797	9052	24
actin_tight_junction	secondary	b	REACTOME_TIGHT_JUNCTION_INTERACTIONS	control	WNK4	0.19218194967609104	2340	19
actin_tight_junction	secondary	b	REACTOME_TIGHT_JUNCTION_INTERACTIONS	control	YARS	0.5558436397118461	5091	22
actin_tight_junction	secondary	b	REACTOME_TIGHT_JUNCTION_INTERACTIONS	control	YEATS2-AS1	0.006402177343482307	104	10
actin_tight_junction	secondary	b	REACTOME_TIGHT_JUNCTION_INTERACTIONS	control	YIPF7	0.0024276677572838247	40	8
actin_tight_junction	secondary	b	REACTOME_TIGHT_JUNCTION_INTERACTIONS	control	Z85996.2	6.246486351427322e-05	1	0
actin_tight_junction	secondary	b	REACTOME_TIGHT_JUNCTION_INTERACTIONS	control	Z94721.3	0.05557408305049669	786	15
actin_tight_junction	secondary	b	REACTOME_TIGHT_JUNCTION_INTERACTIONS	control	ZBTB1	0.4638593585123769	4977	22
actin_tight_junction	secondary	b	REACTOME_TIGHT_JUNCTION_INTERACTIONS	control	ZC2HC1B	0.01127118599006018	157	12
actin_tight_junction	secondary	b	REACTOME_TIGHT_JUNCTION_INTERACTIONS	control	ZC3H11A	0.01608361490245344	259	13
actin_tight_junction	secondary	b	REACTOME_TIGHT_JUNCTION_INTERACTIONS	control	ZC3H12B	0.3680139213895373	3634	21
actin_tight_junction	secondary	b	REACTOME_TIGHT_JUNCTION_INTERACTIONS	control	ZCCHC3	0.08813810877949205	1200	17
actin_tight_junction	secondary	b	REACTOME_TIGHT_JUNCTION_INTERACTIONS	control	ZDHHC5	0.3276861532503382	3735	21
actin_tight_junction	secondary	b	REACTOME_TIGHT_JUNCTION_INTERACTIONS	control	ZFYVE1	0.111151441791174	1498	17
actin_tight_junction	secondary	b	REACTOME_TIGHT_JUNCTION_INTERACTIONS	control	ZGLP1	0.010857898701703462	174	12
actin_tight_junction	secondary	b	REACTOME_TIGHT_JUNCTION_INTERACTIONS	control	ZNF124	0.5093642843529896	4865	22
actin_tight_junction	secondary	b	REACTOME_TIGHT_JUNCTION_INTERACTIONS	control	ZNF19	0.11395566500255633	1489	17
actin_tight_junction	secondary	b	REACTOME_TIGHT_JUNCTION_INTERACTIONS	control	ZNF250	0.17065991070620656	2243	19
actin_tight_junction	secondary	b	REACTOME_TIGHT_JUNCTION_INTERACTIONS	control	ZNF292	2.869195633928966	12233	24
actin_tight_junction	secondary	b	REACTOME_TIGHT_JUNCTION_INTERACTIONS	control	ZNF3	0.32506870642631097	3828	21
actin_tight_junction	secondary	b	REACTOME_TIGHT_JUNCTION_INTERACTIONS	control	ZNF32-AS3	0.011526971457862219	170	12
actin_tight_junction	secondary	b	REACTOME_TIGHT_JUNCTION_INTERACTIONS	control	ZNF354B	0.08730996786539086	1264	17
actin_tight_junction	secondary	b	REACTOME_TIGHT_JUNCTION_INTERACTIONS	control	ZNF493	0.2947470257072115	3550	20
actin_tight_junction	secondary	b	REACTOME_TIGHT_JUNCTION_INTERACTIONS	control	ZNF500	0.08489078848863421	1210	17
actin_tight_junction	secondary	b	REACTOME_TIGHT_JUNCTION_INTERACTIONS	control	ZNF503-AS1	0.570417836367119	3707	22
actin_tight_junction	secondary	b	REACTOME_TIGHT_JUNCTION_INTERACTIONS	control	ZNF525	0.10472198472090602	1466	17
actin_tight_junction	secondary	b	REACTOME_TIGHT_JUNCTION_INTERACTIONS	control	ZNF569	0.01696668410954114	274	13
actin_tight_junction	secondary	b	REACTOME_TIGHT_JUNCTION_INTERACTIONS	control	ZNF570	0.014371277819240373	223	12
actin_tight_junction	secondary	b	REACTOME_TIGHT_JUNCTION_INTERACTIONS	control	ZNF571	0.05402268762628411	774	15
actin_tight_junction	secondary	b	REACTOME_TIGHT_JUNCTION_INTERACTIONS	control	ZNF676	1.3959577254175142e-17	3	0
actin_tight_junction	secondary	b	REACTOME_TIGHT_JUNCTION_INTERACTIONS	control	ZNF780A	0.11423920463656365	1558	17
actin_tight_junction	secondary	b	REACTOME_TIGHT_JUNCTION_INTERACTIONS	control	ZNF827	1.03583798298153	8035	23
actin_tight_junction	secondary	b	REACTOME_TIGHT_JUNCTION_INTERACTIONS	control	ZNF836	0.048788242824401244	724	15
actin_tight_junction	secondary	b	REACTOME_TIGHT_JUNCTION_INTERACTIONS	control	ZNFX1	0.6367530073367621	5774	22
actin_tight_junction	secondary	b	REACTOME_TIGHT_JUNCTION_INTERACTIONS	control	ZP1	0.000184002323372245	4	2
actin_tight_junction	secondary	b	REACTOME_TIGHT_JUNCTION_INTERACTIONS	control	ZRANB2-AS2	0.1970820655470688	2046	19
actin_tight_junction	secondary	b	REACTOME_TIGHT_JUNCTION_INTERACTIONS	target	CLDN1	0.7401467175142356	5204	23
actin_tight_junction	secondary	b	REACTOME_TIGHT_JUNCTION_INTERACTIONS	target	CLDN10	0.056173523262270895	559	15
actin_tight_junction	secondary	b	REACTOME_TIGHT_JUNCTION_INTERACTIONS	target	CLDN11	0.05206503404900215	630	15
actin_tight_junction	secondary	b	REACTOME_TIGHT_JUNCTION_INTERACTIONS	target	CLDN12	0.35629173620880966	3840	21
actin_tight_junction	secondary	b	REACTOME_TIGHT_JUNCTION_INTERACTIONS	target	CLDN14	0.0043030364386962335	90	10
actin_tight_junction	secondary	b	REACTOME_TIGHT_JUNCTION_INTERACTIONS	target	CLDN15	0.2210615570901579	2375	20
actin_tight_junction	secondary	b	REACTOME_TIGHT_JUNCTION_INTERACTIONS	target	CLDN16	0.08425921451718932	984	17
actin_tight_junction	secondary	b	REACTOME_TIGHT_JUNCTION_INTERACTIONS	target	CLDN18	0.0502327584232892	363	15
actin_tight_junction	secondary	b	REACTOME_TIGHT_JUNCTION_INTERACTIONS	target	CLDN19	0.0006246486351427324	10	5
actin_tight_junction	secondary	b	REACTOME_TIGHT_JUNCTION_INTERACTIONS	target	CLDN2	0.16305492584818077	1257	19
actin_tight_junction	secondary	b	REACTOME_TIGHT_JUNCTION_INTERACTIONS	target	CLDN20	0.04594191429847199	683	15
actin_tight_junction	secondary	b	REACTOME_TIGHT_JUNCTION_INTERACTIONS	target	CLDN22	6.246486351427322e-05	1	0
actin_tight_junction	secondary	b	REACTOME_TIGHT_JUNCTION_INTERACTIONS	target	CLDN23	0.032262158632889025	471	14
actin_tight_junction	secondary	b	REACTOME_TIGHT_JUNCTION_INTERACTIONS	target	CLDN3	2.661804816738723	10314	24
actin_tight_junction	secondary	b	REACTOME_TIGHT_JUNCTION_INTERACTIONS	target	CLDN4	2.9669986305513665	10871	24
actin_tight_junction	secondary	b	REACTOME_TIGHT_JUNCTION_INTERACTIONS	target	CLDN5	0.0001732363102698182	26	2
actin_tight_junction	secondary	b	REACTOME_TIGHT_JUNCTION_INTERACTIONS	target	CLDN6	0.0027116388166276164	40	8
actin_tight_junction	secondary	b	REACTOME_TIGHT_JUNCTION_INTERACTIONS	target	CLDN7	1.4741119457904046	8689	24
actin_tight_junction	secondary	b	REACTOME_TIGHT_JUNCTION_INTERACTIONS	target	CLDN8	0.002238685450761499	27	8
actin_tight_junction	secondary	b	REACTOME_TIGHT_JUNCTION_INTERACTIONS	target	CLDN9	0.006655118021471372	100	11
actin_tight_junction	secondary	b	REACTOME_TIGHT_JUNCTION_INTERACTIONS	target	CRB3	0.09467347039892827	1233	17
actin_tight_junction	secondary	b	REACTOME_TIGHT_JUNCTION_INTERACTIONS	target	F11R	0.6222576551035556	5590	22
actin_tight_junction	secondary	b	REACTOME_TIGHT_JUNCTION_INTERACTIONS	target	PARD3	6.531203660078736	13625	24
actin_tight_junction	secondary	b	REACTOME_TIGHT_JUNCTION_INTERACTIONS	target	PARD6A	0.0160638824923435	249	13
actin_tight_junction	secondary	b	REACTOME_TIGHT_JUNCTION_INTERACTIONS	target	PARD6B	0.7400831427771648	6111	23
actin_tight_junction	secondary	b	REACTOME_TIGHT_JUNCTION_INTERACTIONS	target	PARD6G	0.011561133025268743	197	12
actin_tight_junction	secondary	b	REACTOME_TIGHT_JUNCTION_INTERACTIONS	target	PATJ	4.934652310828392	14145	24
actin_tight_junction	secondary	b	REACTOME_TIGHT_JUNCTION_INTERACTIONS	target	PRKCI	0.7339433990253689	6415	23
e2f_g2m	technical_positive_control	a	HALLMARK_E2F_TARGETS	control	AAR2	0.19651913011429245	2398	19
e2f_g2m	technical_positive_control	a	HALLMARK_E2F_TARGETS	control	AASDHPPT	0.22292428820426075	2731	20
e2f_g2m	technical_positive_control	a	HALLMARK_E2F_TARGETS	control	ABCE1	0.4518069748697077	4524	22
e2f_g2m	technical_positive_control	a	HALLMARK_E2F_TARGETS	control	ABI3BP	0.03271428002568828	481	14
e2f_g2m	technical_positive_control	a	HALLMARK_E2F_TARGETS	control	ABLIM3	0.022263214940778164	399	13
e2f_g2m	technical_positive_control	a	HALLMARK_E2F_TARGETS	control	AC002467.1	0.01581751368718812	247	13
e2f_g2m	technical_positive_control	a	HALLMARK_E2F_TARGETS	control	AC004130.2	0.03285705267701679	490	14
e2f_g2m	technical_positive_control	a	HALLMARK_E2F_TARGETS	control	AC004837.4	0.018864725294934635	292	13
e2f_g2m	technical_positive_control	a	HALLMARK_E2F_TARGETS	control	AC005480.1	0.09751167432664214	1309	17
e2f_g2m	technical_positive_control	a	HALLMARK_E2F_TARGETS	control	AC007098.1	0.12334400485044261	1637	18
e2f_g2m	technical_positive_control	a	HALLMARK_E2F_TARGETS	control	AC007608.1	0.021978319555035077	308	13
e2f_g2m	technical_positive_control	a	HALLMARK_E2F_TARGETS	control	AC007637.1	0.028215415969847515	442	14
e2f_g2m	technical_positive_control	a	HALLMARK_E2F_TARGETS	control	AC008462.1	0.022491233283616033	345	13
e2f_g2m	technical_positive_control	a	HALLMARK_E2F_TARGETS	control	AC008591.1	0.03977825010699283	431	15
e2f_g2m	technical_positive_control	a	HALLMARK_E2F_TARGETS	control	AC009303.2	0.03434267234657787	516	14
e2f_g2m	technical_positive_control	a	HALLMARK_E2F_TARGETS	control	AC009522.1	0.07981711310512007	821	16
e2f_g2m	technical_positive_control	a	HALLMARK_E2F_TARGETS	control	AC009779.2	0.015298851734917693	243	13
e2f_g2m	technical_positive_control	a	HALLMARK_E2F_TARGETS	control	AC009879.4	0.035968525512875174	508	14
e2f_g2m	technical_positive_control	a	HALLMARK_E2F_TARGETS	control	AC012447.1	0.03258073462285156	495	14
e2f_g2m	technical_positive_control	a	HALLMARK_E2F_TARGETS	control	AC012467.2	0.017007676265666984	268	13
e2f_g2m	technical_positive_control	a	HALLMARK_E2F_TARGETS	control	AC018462.1	0.05454942190682126	789	15
e2f_g2m	technical_positive_control	a	HALLMARK_E2F_TARGETS	control	AC020765.2	0.018306883034189928	287	13
e2f_g2m	technical_positive_control	a	HALLMARK_E2F_TARGETS	control	AC022762.2	0.016011503591804976	248	13
e2f_g2m	technical_positive_control	a	HALLMARK_E2F_TARGETS	control	AC023389.1	0.09352872790756526	1299	17
e2f_g2m	technical_positive_control	a	HALLMARK_E2F_TARGETS	control	AC024230.1	0.22667359615133276	1526	20
e2f_g2m	technical_positive_control	a	HALLMARK_E2F_TARGETS	control	AC025575.2	0.03824347628444452	546	15
e2f_g2m	technical_positive_control	a	HALLMARK_E2F_TARGETS	control	AC026347.1	0.016355459648319737	263	13
e2f_g2m	technical_positive_control	a	HALLMARK_E2F_TARGETS	control	AC026462.5	0.02335232155961481	328	13
e2f_g2m	technical_positive_control	a	HALLMARK_E2F_TARGETS	control	AC037198.1	0.04768743437747313	662	15
e2f_g2m	technical_positive_control	a	HALLMARK_E2F_TARGETS	control	AC068989.1	0.016443996869450656	218	13
e2f_g2m	technical_positive_control	a	HALLMARK_E2F_TARGETS	control	AC069277.1	0.2951154360966884	2360	20
e2f_g2m	technical_positive_control	a	HALLMARK_E2F_TARGETS	control	AC073896.2	0.03936651386113483	574	15
e2f_g2m	technical_positive_control	a	HALLMARK_E2F_TARGETS	control	AC074033.1	0.033945733662123286	486	14
e2f_g2m	technical_positive_control	a	HALLMARK_E2F_TARGETS	control	AC078923.1	0.7309334142805748	2399	23
e2f_g2m	technical_positive_control	a	HALLMARK_E2F_TARGETS	control	AC083837.1	0.6278480972767289	3381	22
e2f_g2m	technical_positive_control	a	HALLMARK_E2F_TARGETS	control	AC092171.5	0.01585704144059	247	13
e2f_g2m	technical_positive_control	a	HALLMARK_E2F_TARGETS	control	AC097511.1	0.02212496469614917	231	13
e2f_g2m	technical_positive_control	a	HALLMARK_E2F_TARGETS	control	AC103591.3	0.07074356354618079	876	16
e2f_g2m	technical_positive_control	a	HALLMARK_E2F_TARGETS	control	AC104088.1	0.2060151825437253	1609	19
e2f_g2m	technical_positive_control	a	HALLMARK_E2F_TARGETS	control	AC104534.1	0.024815647693969742	366	14
e2f_g2m	technical_positive_control	a	HALLMARK_E2F_TARGETS	control	AC104695.4	0.02961774266084849	446	14
e2f_g2m	technical_positive_control	a	HALLMARK_E2F_TARGETS	control	AC115282.1	0.03671593847098438	531	14
e2f_g2m	technical_positive_control	a	HALLMARK_E2F_TARGETS	control	AC133550.2	0.059445885962911	869	16
e2f_g2m	technical_positive_control	a	HALLMARK_E2F_TARGETS	control	AC136431.1	0.08105716665707462	913	16
e2f_g2m	technical_positive_control	a	HALLMARK_E2F_TARGETS	control	AC243967.2	0.20056422776229776	2277	19
e2f_g2m	technical_positive_control	a	HALLMARK_E2F_TARGETS	control	ACBD6	1.7079900753040904	9452	24
e2f_g2m	technical_positive_control	a	HALLMARK_E2F_TARGETS	control	ACOT7	0.22317748037669216	2612	20
e2f_g2m	technical_positive_control	a	HALLMARK_E2F_TARGETS	control	ACSS3	0.7613260060502206	1427	23
e2f_g2m	technical_positive_control	a	HALLMARK_E2F_TARGETS	control	ADAMTSL5	0.017332091423966127	262	13
e2f_g2m	technical_positive_control	a	HALLMARK_E2F_TARGETS	control	AF127577.3	0.017672751847000918	268	13
e2f_g2m	technical_positive_control	a	HALLMARK_E2F_TARGETS	control	AFF1	1.9580874371122086	10606	24
e2f_g2m	technical_positive_control	a	HALLMARK_E2F_TARGETS	control	AGAP9	0.10399996250955333	1444	17
e2f_g2m	technical_positive_control	a	HALLMARK_E2F_TARGETS	control	AGFG2	0.16145178164270574	2090	18
e2f_g2m	technical_positive_control	a	HALLMARK_E2F_TARGETS	control	AGPAT2	0.5883698165919348	4856	22
e2f_g2m	technical_positive_control	a	HALLMARK_E2F_TARGETS	control	AGR2	2.7262661073833203	8165	24
e2f_g2m	technical_positive_control	a	HALLMARK_E2F_TARGETS	control	AHCTF1	0.9177934630939232	7000	23
e2f_g2m	technical_positive_control	a	HALLMARK_E2F_TARGETS	control	AHCYL1	0.4944254980705923	5053	22
e2f_g2m	technical_positive_control	a	HALLMARK_E2F_TARGETS	control	AKAP1	0.9192600112039095	6991	23
e2f_g2m	technical_positive_control	a	HALLMARK_E2F_TARGETS	control	AL009179.2	0.0645927820670938	953	16
e2f_g2m	technical_positive_control	a	HALLMARK_E2F_TARGETS	control	AL031428.1	0.3520488654608828	3816	21
e2f_g2m	technical_positive_control	a	HALLMARK_E2F_TARGETS	control	AL035446.2	0.15038992078713115	1184	18
e2f_g2m	technical_positive_control	a	HALLMARK_E2F_TARGETS	control	AL035634.1	0.053989295444852495	781	15
e2f_g2m	technical_positive_control	a	HALLMARK_E2F_TARGETS	control	AL121944.1	0.01917600593737267	284	13
e2f_g2m	technical_positive_control	a	HALLMARK_E2F_TARGETS	control	AL161665.1	0.034569325270751905	529	14
e2f_g2m	technical_positive_control	a	HALLMARK_E2F_TARGETS	control	AL162497.1	0.04416776968572164	636	15
e2f_g2m	technical_positive_control	a	HALLMARK_E2F_TARGETS	control	AL353697.1	0.06008291973136294	867	16
e2f_g2m	technical_positive_control	a	HALLMARK_E2F_TARGETS	control	AL354809.1	0.05595395568234913	743	15
e2f_g2m	technical_positive_control	a	HALLMARK_E2F_TARGETS	control	AL355075.4	0.019605212826210305	285	13
e2f_g2m	technical_positive_control	a	HALLMARK_E2F_TARGETS	control	AL358232.2	0.817953250176438	6177	23
e2f_g2m	technical_positive_control	a	HALLMARK_E2F_TARGETS	control	AL583810.1	0.023404048550872778	353	13
e2f_g2m	technical_positive_control	a	HALLMARK_E2F_TARGETS	control	AL591895.1	0.3252948574320179	3616	21
e2f_g2m	technical_positive_control	a	HALLMARK_E2F_TARGETS	control	AL596223.1	0.02578174009024668	374	14
e2f_g2m	technical_positive_control	a	HALLMARK_E2F_TARGETS	control	ALDOC	0.04535208027503846	606	15
e2f_g2m	technical_positive_control	a	HALLMARK_E2F_TARGETS	control	ALG3	0.18356751955548076	2313	19
e2f_g2m	technical_positive_control	a	HALLMARK_E2F_TARGETS	control	ALG6	0.17685457777951696	2278	19
e2f_g2m	technical_positive_control	a	HALLMARK_E2F_TARGETS	control	ANAPC1	0.682110878274342	6054	23
e2f_g2m	technical_positive_control	a	HALLMARK_E2F_TARGETS	control	ANK1	0.01884224059844825	266	13
e2f_g2m	technical_positive_control	a	HALLMARK_E2F_TARGETS	control	ANKRD11	2.0217005369072467	11183	24
e2f_g2m	technical_positive_control	a	HALLMARK_E2F_TARGETS	control	AP000943.2	0.20596692610355902	2516	19
e2f_g2m	technical_positive_control	a	HALLMARK_E2F_TARGETS	control	AP001043.1	0.01772852915426029	246	13
e2f_g2m	technical_positive_control	a	HALLMARK_E2F_TARGETS	control	AP001462.1	0.03399325057503966	507	14
e2f_g2m	technical_positive_control	a	HALLMARK_E2F_TARGETS	control	AP001610.2	0.01501720592410286	229	13
e2f_g2m	technical_positive_control	a	HALLMARK_E2F_TARGETS	control	AP001831.1	0.3031982255463035	3173	21
e2f_g2m	technical_positive_control	a	HALLMARK_E2F_TARGETS	control	AP003110.1	0.034945752095875346	502	14
e2f_g2m	technical_positive_control	a	HALLMARK_E2F_TARGETS	control	AP003498.2	0.02829178146660993	411	14
e2f_g2m	technical_positive_control	a	HALLMARK_E2F_TARGETS	control	AP005329.2	0.03117232968965231	442	14
e2f_g2m	technical_positive_control	a	HALLMARK_E2F_TARGETS	control	AP2A1	0.15691810205008264	2071	18
e2f_g2m	technical_positive_control	a	HALLMARK_E2F_TARGETS	control	AP5Z1	0.18137204098637452	2414	19
e2f_g2m	technical_positive_control	a	HALLMARK_E2F_TARGETS	control	APAF1	0.3894733348344169	4170	21
e2f_g2m	technical_positive_control	a	HALLMARK_E2F_TARGETS	control	APOOL	0.3635830441326343	3907	21
e2f_g2m	technical_positive_control	a	HALLMARK_E2F_TARGETS	control	AQP7	0.02374151122883529	349	13
e2f_g2m	technical_positive_control	a	HALLMARK_E2F_TARGETS	control	ARF5	0.13281989804257832	1730	18
e2f_g2m	technical_positive_control	a	HALLMARK_E2F_TARGETS	control	ARHGAP6	0.14447412346809388	1452	18
e2f_g2m	technical_positive_control	a	HALLMARK_E2F_TARGETS	control	ARHGEF37	0.08342485754306267	1102	17
e2f_g2m	technical_positive_control	a	HALLMARK_E2F_TARGETS	control	ARHGEF9	0.32478435608871475	3719	21
e2f_g2m	technical_positive_control	a	HALLMARK_E2F_TARGETS	control	ARL10	0.04296444840643131	661	15
e2f_g2m	technical_positive_control	a	HALLMARK_E2F_TARGETS	control	ARL17B	0.19910724179511952	2231	19
e2f_g2m	technical_positive_control	a	HALLMARK_E2F_TARGETS	control	ARMCX4	0.3224727554707728	3400	21
e2f_g2m	technical_positive_control	a	HALLMARK_E2F_TARGETS	control	ARMCX5-GPRASP2	0.2554010220951264	2944	20
e2f_g2m	technical_positive_control	a	HALLMARK_E2F_TARGETS	control	ASPHD2	0.021869223943931072	306	13
e2f_g2m	technical_positive_control	a	HALLMARK_E2F_TARGETS	control	ATG4B	0.37821541129109315	4308	21
e2f_g2m	technical_positive_control	a	HALLMARK_E2F_TARGETS	control	ATP2A3	0.11866887855116671	1564	18
e2f_g2m	technical_positive_control	a	HALLMARK_E2F_TARGETS	control	ATP2B4	0.3681177593450245	3371	21
e2f_g2m	technical_positive_control	a	HALLMARK_E2F_TARGETS	control	ATP2C2	0.8514190790251553	6485	23
e2f_g2m	technical_positive_control	a	HALLMARK_E2F_TARGETS	control	AZGP1	0.1794540883758109	2003	19
e2f_g2m	technical_positive_control	a	HALLMARK_E2F_TARGETS	control	B3GAT3	0.13819666677727907	1923	18
e2f_g2m	technical_positive_control	a	HALLMARK_E2F_TARGETS	control	B4GAT1	0.038001239249511036	565	15
e2f_g2m	technical_positive_control	a	HALLMARK_E2F_TARGETS	control	BABAM1	0.20457769427488223	2628	19
e2f_g2m	technical_positive_control	a	HALLMARK_E2F_TARGETS	control	BAG1	0.29393160073238495	3343	20
e2f_g2m	technical_positive_control	a	HALLMARK_E2F_TARGETS	control	BCL2L11	0.19804332257843663	2322	19
e2f_g2m	technical_positive_control	a	HALLMARK_E2F_TARGETS	control	BEX3	0.15886094376447338	1896	18
e2f_g2m	technical_positive_control	a	HALLMARK_E2F_TARGETS	control	BIK	0.10606803491714414	1271	17
e2f_g2m	technical_positive_control	a	HALLMARK_E2F_TARGETS	control	BLACAT1	0.049495527180452234	711	15
e2f_g2m	technical_positive_control	a	HALLMARK_E2F_TARGETS	control	BLVRA	0.03146923015066706	451	14
e2f_g2m	technical_positive_control	a	HALLMARK_E2F_TARGETS	control	BMX	0.036916120965126295	374	14
e2f_g2m	technical_positive_control	a	HALLMARK_E2F_TARGETS	control	BRAF	2.086390351726399	10800	24
e2f_g2m	technical_positive_control	a	HALLMARK_E2F_TARGETS	control	BRMS1	0.09037825629953757	1285	17
e2f_g2m	technical_positive_control	a	HALLMARK_E2F_TARGETS	control	BST2	0.37813651883431104	2675	21
e2f_g2m	technical_positive_control	a	HALLMARK_E2F_TARGETS	control	C15ORF39	0.034993951016388594	527	14
e2f_g2m	technical_positive_control	a	HALLMARK_E2F_TARGETS	control	C16ORF72	0.16790389163525835	2189	19
e2f_g2m	technical_positive_control	a	HALLMARK_E2F_TARGETS	control	C16ORF74	0.03659989909654672	491	14
e2f_g2m	technical_positive_control	a	HALLMARK_E2F_TARGETS	control	C17ORF49	0.10931274958885213	1417	17
e2f_g2m	technical_positive_control	a	HALLMARK_E2F_TARGETS	control	C17ORF80	0.0809566020012438	1135	16
e2f_g2m	technical_positive_control	a	HALLMARK_E2F_TARGETS	control	C18ORF54	0.023531199413769903	361	13
e2f_g2m	technical_positive_control	a	HALLMARK_E2F_TARGETS	control	C1ORF115	0.0408085437723189	583	15
e2f_g2m	technical_positive_control	a	HALLMARK_E2F_TARGETS	control	C2ORF72	0.05280223801369952	698	15
e2f_g2m	technical_positive_control	a	HALLMARK_E2F_TARGETS	control	C5ORF63	0.1520352930964262	1967	18
e2f_g2m	technical_positive_control	a	HALLMARK_E2F_TARGETS	control	CA9	0.2710773500528524	1868	20
e2f_g2m	technical_positive_control	a	HALLMARK_E2F_TARGETS	control	CAP1	0.6430996925846924	5621	23
e2f_g2m	technical_positive_control	a	HALLMARK_E2F_TARGETS	control	CAPS2	0.3302963276040178	3181	21
e2f_g2m	technical_positive_control	a	HALLMARK_E2F_TARGETS	control	CARMIL3	0.02050625353081696	311	13
e2f_g2m	technical_positive_control	a	HALLMARK_E2F_TARGETS	control	CASC9	1.9011296325608884	9194	24
e2f_g2m	technical_positive_control	a	HALLMARK_E2F_TARGETS	control	CASTOR2	0.1118895155633366	1468	17
e2f_g2m	technical_positive_control	a	HALLMARK_E2F_TARGETS	control	CAV2	0.03173282945630744	501	14
e2f_g2m	technical_positive_control	a	HALLMARK_E2F_TARGETS	control	CCDC138	0.5480749862311278	4804	22
e2f_g2m	technical_positive_control	a	HALLMARK_E2F_TARGETS	control	CCDC25	0.1393335833545181	1758	18
e2f_g2m	technical_positive_control	a	HALLMARK_E2F_TARGETS	control	CCDC51	0.056281501073007466	815	15
e2f_g2m	technical_positive_control	a	HALLMARK_E2F_TARGETS	control	CCDC85B	0.30248325510447677	2983	21
e2f_g2m	technical_positive_control	a	HALLMARK_E2F_TARGETS	control	CCNJ	0.06596894183874609	946	16
e2f_g2m	technical_positive_control	a	HALLMARK_E2F_TARGETS	control	CCNYL1	0.27932356516986834	3253	20
e2f_g2m	technical_positive_control	a	HALLMARK_E2F_TARGETS	control	CD24	1.9745800844867547	9063	24
e2f_g2m	technical_positive_control	a	HALLMARK_E2F_TARGETS	control	CDC40	0.28909188619938586	3393	20
e2f_g2m	technical_positive_control	a	HALLMARK_E2F_TARGETS	control	CDH9	0.02746927481289171	272	14
e2f_g2m	technical_positive_control	a	HALLMARK_E2F_TARGETS	control	CEP68	0.2559470119802622	3090	20
e2f_g2m	technical_positive_control	a	HALLMARK_E2F_TARGETS	control	CEP85	0.10864514836261803	1417	17
e2f_g2m	technical_positive_control	a	HALLMARK_E2F_TARGETS	control	CETN2	0.09990144195916462	1216	17
e2f_g2m	technical_positive_control	a	HALLMARK_E2F_TARGETS	control	CHMP7	0.06951853831931769	968	16
e2f_g2m	technical_positive_control	a	HALLMARK_E2F_TARGETS	control	CHPT1	1.1412389973904888	8189	24
e2f_g2m	technical_positive_control	a	HALLMARK_E2F_TARGETS	control	CKLF	0.3391973912153711	3728	21
e2f_g2m	technical_positive_control	a	HALLMARK_E2F_TARGETS	control	CKMT1B	0.10220797933222465	1382	17
e2f_g2m	technical_positive_control	a	HALLMARK_E2F_TARGETS	control	CLHC1	0.20099865708511078	2485	19
e2f_g2m	technical_positive_control	a	HALLMARK_E2F_TARGETS	control	CMC2	0.41565238067156457	4078	21
e2f_g2m	technical_positive_control	a	HALLMARK_E2F_TARGETS	control	CMC4	0.037196905372129205	545	15
e2f_g2m	technical_positive_control	a	HALLMARK_E2F_TARGETS	control	CMIP	1.935210022572477	11058	24
e2f_g2m	technical_positive_control	a	HALLMARK_E2F_TARGETS	control	CNOT4	1.3207166599087308	9078	24
e2f_g2m	technical_positive_control	a	HALLMARK_E2F_TARGETS	control	CNTD2	0.028514204365419647	403	14
e2f_g2m	technical_positive_control	a	HALLMARK_E2F_TARGETS	control	CNTN3	0.13376045159707645	955	18
e2f_g2m	technical_positive_control	a	HALLMARK_E2F_TARGETS	control	COPRS	0.12899998810894595	1622	18
e2f_g2m	technical_positive_control	a	HALLMARK_E2F_TARGETS	control	CRY2	0.18268545196730845	2361	19
e2f_g2m	technical_positive_control	a	HALLMARK_E2F_TARGETS	control	CSGALNACT1	0.21122224349649865	1573	19
e2f_g2m	technical_positive_control	a	HALLMARK_E2F_TARGETS	control	CSK	0.15463588330507264	2120	18
e2f_g2m	technical_positive_control	a	HALLMARK_E2F_TARGETS	control	CSRP2	0.028229941010487446	370	14
e2f_g2m	technical_positive_control	a	HALLMARK_E2F_TARGETS	control	CTC1	0.08428844279535205	1217	17
e2f_g2m	technical_positive_control	a	HALLMARK_E2F_TARGETS	control	CTSK	0.01905721999382317	338	13
e2f_g2m	technical_positive_control	a	HALLMARK_E2F_TARGETS	control	CXORF40B	0.031182055854136144	476	14
e2f_g2m	technical_positive_control	a	HALLMARK_E2F_TARGETS	control	CYB561D1	0.05624065647916646	852	15
e2f_g2m	technical_positive_control	a	HALLMARK_E2F_TARGETS	control	CYP4V2	0.0920732747280543	1377	17
e2f_g2m	technical_positive_control	a	HALLMARK_E2F_TARGETS	control	DCBLD2	0.35922947947723183	3038	21
e2f_g2m	technical_positive_control	a	HALLMARK_E2F_TARGETS	control	DCDC2B	0.02032392559942697	316	13
e2f_g2m	technical_positive_control	a	HALLMARK_E2F_TARGETS	control	DCP2	0.44086845412089937	4582	22
e2f_g2m	technical_positive_control	a	HALLMARK_E2F_TARGETS	control	DDN-AS1	0.05210592598328022	693	15
e2f_g2m	technical_positive_control	a	HALLMARK_E2F_TARGETS	control	DDX43	0.031731770063052535	462	14
e2f_g2m	technical_positive_control	a	HALLMARK_E2F_TARGETS	control	DDX46	0.8804614987831443	7162	23
e2f_g2m	technical_positive_control	a	HALLMARK_E2F_TARGETS	control	DDX58	0.4037066204806717	3624	21
e2f_g2m	technical_positive_control	a	HALLMARK_E2F_TARGETS	control	DEPDC7	0.06861544580237405	908	16
e2f_g2m	technical_positive_control	a	HALLMARK_E2F_TARGETS	control	DGUOK	0.32621963780767343	3726	21
e2f_g2m	technical_positive_control	a	HALLMARK_E2F_TARGETS	control	DNAAF5	0.37234331677755156	4153	21
e2f_g2m	technical_positive_control	a	HALLMARK_E2F_TARGETS	control	DNAJC11	0.37294319804644466	4169	21
e2f_g2m	technical_positive_control	a	HALLMARK_E2F_TARGETS	control	DNAJC21	0.30406694233815934	3424	21
e2f_g2m	technical_positive_control	a	HALLMARK_E2F_TARGETS	control	DNHD1	0.2741611555001819	3179	20
e2f_g2m	technical_positive_control	a	HALLMARK_E2F_TARGETS	control	DPM1	0.7813213723418752	6551	23
e2f_g2m	technical_positive_control	a	HALLMARK_E2F_TARGETS	control	DPM2	0.13381836042613274	1741	18
e2f_g2m	technical_positive_control	a	HALLMARK_E2F_TARGETS	control	DRG2	0.09996431767735736	1397	17
e2f_g2m	technical_positive_control	a	HALLMARK_E2F_TARGETS	control	DUSP1	0.11386347793793433	1487	17
e2f_g2m	technical_positive_control	a	HALLMARK_E2F_TARGETS	control	DUSP27	0.10107613991913639	1035	17
e2f_g2m	technical_positive_control	a	HALLMARK_E2F_TARGETS	control	DUXAP8	0.6667754497083318	4253	23
e2f_g2m	technical_positive_control	a	HALLMARK_E2F_TARGETS	control	EEF1B2	2.564713047463526	9986	24
e2f_g2m	technical_positive_control	a	HALLMARK_E2F_TARGETS	control	EFCAB14	0.6020183287902077	5782	22
e2f_g2m	technical_positive_control	a	HALLMARK_E2F_TARGETS	control	EIF3F	0.7488150046963242	5839	23
e2f_g2m	technical_positive_control	a	HALLMARK_E2F_TARGETS	control	ELK4	0.4848299401582644	4579	22
e2f_g2m	technical_positive_control	a	HALLMARK_E2F_TARGETS	control	EME1	0.020850953319933665	303	13
e2f_g2m	technical_positive_control	a	HALLMARK_E2F_TARGETS	control	EML2	0.23075035441725217	2698	20
e2f_g2m	technical_positive_control	a	HALLMARK_E2F_TARGETS	control	EMP2	0.7727505470613767	5666	23
e2f_g2m	technical_positive_control	a	HALLMARK_E2F_TARGETS	control	ENC1	0.6993288274327815	5203	23
e2f_g2m	technical_positive_control	a	HALLMARK_E2F_TARGETS	control	ERCC6L	0.03813003283674668	533	15
e2f_g2m	technical_positive_control	a	HALLMARK_E2F_TARGETS	control	ESYT1	0.18922906762831554	2403	19
e2f_g2m	technical_positive_control	a	HALLMARK_E2F_TARGETS	control	EVA1A	0.10227606899548126	1210	17
e2f_g2m	technical_positive_control	a	HALLMARK_E2F_TARGETS	control	EXOC3	0.24504479798469955	3087	20
e2f_g2m	technical_positive_control	a	HALLMARK_E2F_TARGETS	control	F5	0.05753621072710565	644	16
e2f_g2m	technical_positive_control	a	HALLMARK_E2F_TARGETS	control	FAM111A-DT	0.044674092002138115	646	15
e2f_g2m	technical_positive_control	a	HALLMARK_E2F_TARGETS	control	FAM210A	0.2858006880064282	3239	20
e2f_g2m	technical_positive_control	a	HALLMARK_E2F_TARGETS	control	FAM78B	0.0989784038437695	1126	17
e2f_g2m	technical_positive_control	a	HALLMARK_E2F_TARGETS	control	FAN1	0.2117873145948823	2743	19
e2f_g2m	technical_positive_control	a	HALLMARK_E2F_TARGETS	control	FANCI	0.3666760240431255	3081	21
e2f_g2m	technical_positive_control	a	HALLMARK_E2F_TARGETS	control	FANCM	0.2160236753383261	2259	19
e2f_g2m	technical_positive_control	a	HALLMARK_E2F_TARGETS	control	FAR1	1.453902279880532	9204	24
e2f_g2m	technical_positive_control	a	HALLMARK_E2F_TARGETS	control	FAXC	0.03252976769040989	439	14
e2f_g2m	technical_positive_control	a	HALLMARK_E2F_TARGETS	control	FBH1	0.41079895887601775	4514	21
e2f_g2m	technical_positive_control	a	HALLMARK_E2F_TARGETS	control	FBRSL1	0.38201849214051753	4341	21
e2f_g2m	technical_positive_control	a	HALLMARK_E2F_TARGETS	control	FBXL12	0.13597635933100258	1860	18
e2f_g2m	technical_positive_control	a	HALLMARK_E2F_TARGETS	control	FBXL8	0.07279184272060071	1065	16
e2f_g2m	technical_positive_control	a	HALLMARK_E2F_TARGETS	control	FBXO25	0.2167339106120322	2588	19
e2f_g2m	technical_positive_control	a	HALLMARK_E2F_TARGETS	control	FBXO7	0.2562013204413182	3130	20
e2f_g2m	technical_positive_control	a	HALLMARK_E2F_TARGETS	control	FER	1.1208383634577554	7924	24
e2f_g2m	technical_positive_control	a	HALLMARK_E2F_TARGETS	control	FGFR2	0.38461182681377415	3167	21
e2f_g2m	technical_positive_control	a	HALLMARK_E2F_TARGETS	control	FITM2	0.22103056596618034	2631	20
e2f_g2m	technical_positive_control	a	HALLMARK_E2F_TARGETS	control	FMNL3	0.05765534160208241	831	16
e2f_g2m	technical_positive_control	a	HALLMARK_E2F_TARGETS	control	FMR1	0.5862329790933082	5194	22
e2f_g2m	technical_positive_control	a	HALLMARK_E2F_TARGETS	control	FOSL1	0.14164877914079116	1159	18
e2f_g2m	technical_positive_control	a	HALLMARK_E2F_TARGETS	control	FOXJ3	1.7495240392709674	10354	24
e2f_g2m	technical_positive_control	a	HALLMARK_E2F_TARGETS	control	FOXO6	0.019399201611574764	295	13
e2f_g2m	technical_positive_control	a	HALLMARK_E2F_TARGETS	control	FOXP4-AS1	0.1930001841895136	2305	19
e2f_g2m	technical_positive_control	a	HALLMARK_E2F_TARGETS	control	FTL	4.266052253156667	12421	24
e2f_g2m	technical_positive_control	a	HALLMARK_E2F_TARGETS	control	FUS	1.3251966244295408	9237	24
e2f_g2m	technical_positive_control	a	HALLMARK_E2F_TARGETS	control	FXR1	0.7040441901550983	6336	23
e2f_g2m	technical_positive_control	a	HALLMARK_E2F_TARGETS	control	GAB1	1.398336059972392	8908	24
e2f_g2m	technical_positive_control	a	HALLMARK_E2F_TARGETS	control	GALNT6	0.6101294253806848	5131	22
e2f_g2m	technical_positive_control	a	HALLMARK_E2F_TARGETS	control	GAR1	0.19578774613230246	2413	19
e2f_g2m	technical_positive_control	a	HALLMARK_E2F_TARGETS	control	GBA	0.07874568787503637	1145	16
e2f_g2m	technical_positive_control	a	HALLMARK_E2F_TARGETS	control	GDA	0.6804566811492141	4515	23
e2f_g2m	technical_positive_control	a	HALLMARK_E2F_TARGETS	control	GEMIN8	0.18060827153978104	2320	19
e2f_g2m	technical_positive_control	a	HALLMARK_E2F_TARGETS	control	GFM1	0.36049213505817423	3985	21
e2f_g2m	technical_positive_control	a	HALLMARK_E2F_TARGETS	control	GGCT	0.4448547507033846	4328	22
e2f_g2m	technical_positive_control	a	HALLMARK_E2F_TARGETS	control	GIGYF2	1.6250297556558468	10256	24
e2f_g2m	technical_positive_control	a	HALLMARK_E2F_TARGETS	control	GIPC2	0.6073809475482966	5444	22
e2f_g2m	technical_positive_control	a	HALLMARK_E2F_TARGETS	control	GJB7	0.03860223502175722	514	15
e2f_g2m	technical_positive_control	a	HALLMARK_E2F_TARGETS	control	GMEB2	0.23136317626445113	2867	20
e2f_g2m	technical_positive_control	a	HALLMARK_E2F_TARGETS	control	GNG12-AS1	0.4976550041456427	4462	22
e2f_g2m	technical_positive_control	a	HALLMARK_E2F_TARGETS	control	GON4L	0.6238088586044632	5996	22
e2f_g2m	technical_positive_control	a	HALLMARK_E2F_TARGETS	control	GPR156	0.021028592201212573	261	13
e2f_g2m	technical_positive_control	a	HALLMARK_E2F_TARGETS	control	GRHL3	0.01973100473003732	267	13
e2f_g2m	technical_positive_control	a	HALLMARK_E2F_TARGETS	control	GRIK1	0.03808937497980119	551	15
e2f_g2m	technical_positive_control	a	HALLMARK_E2F_TARGETS	control	GTF3C3	0.32781644658001624	3775	21
e2f_g2m	technical_positive_control	a	HALLMARK_E2F_TARGETS	control	GYG2	0.11405858366767438	1427	17
e2f_g2m	technical_positive_control	a	HALLMARK_E2F_TARGETS	control	HAAO	0.16173618145413152	1880	18
e2f_g2m	technical_positive_control	a	HALLMARK_E2F_TARGETS	control	HARS2	0.11477013881622472	1587	17
e2f_g2m	technical_positive_control	a	HALLMARK_E2F_TARGETS	control	HCG27	0.028413523772988683	432	14
e2f_g2m	technical_positive_control	a	HALLMARK_E2F_TARGETS	control	HERC6	0.13664344960722566	1518	18
e2f_g2m	technical_positive_control	a	HALLMARK_E2F_TARGETS	control	HIST1H2AE	0.05060621857218675	690	15
e2f_g2m	technical_positive_control	a	HALLMARK_E2F_TARGETS	control	HIST1H2BD	0.21685825497818598	2257	19
e2f_g2m	technical_positive_control	a	HALLMARK_E2F_TARGETS	control	HIST1H4E	0.06382421415432515	873	16
e2f_g2m	technical_positive_control	a	HALLMARK_E2F_TARGETS	control	HIST2H2AA4	0.016467365909392684	250	13
e2f_g2m	technical_positive_control	a	HALLMARK_E2F_TARGETS	control	HNF4A	3.6049183873421597	12272	24
e2f_g2m	technical_positive_control	a	HALLMARK_E2F_TARGETS	control	HPS3	0.2239840458651548	2803	20
e2f_g2m	technical_positive_control	a	HALLMARK_E2F_TARGETS	control	HS2ST1	1.1671531942590865	7882	24
e2f_g2m	technical_positive_control	a	HALLMARK_E2F_TARGETS	control	ICA1	1.8655988421190854	10480	24
e2f_g2m	technical_positive_control	a	HALLMARK_E2F_TARGETS	control	IER5	0.11865105803547941	1464	18
e2f_g2m	technical_positive_control	a	HALLMARK_E2F_TARGETS	control	IFIT5	0.0440644456576389	619	15
e2f_g2m	technical_positive_control	a	HALLMARK_E2F_TARGETS	control	IFT74	0.42897766367232815	4496	22
e2f_g2m	technical_positive_control	a	HALLMARK_E2F_TARGETS	control	IGSF23	0.04182185480511073	576	15
e2f_g2m	technical_positive_control	a	HALLMARK_E2F_TARGETS	control	ING4	0.15901011190026343	2145	18
e2f_g2m	technical_positive_control	a	HALLMARK_E2F_TARGETS	control	ITGB6	0.2862287638814243	3238	20
e2f_g2m	technical_positive_control	a	HALLMARK_E2F_TARGETS	control	ITSN1	0.541329573034994	4955	22
e2f_g2m	technical_positive_control	a	HALLMARK_E2F_TARGETS	control	KANTR	0.64076363369641	5799	22
e2f_g2m	technical_positive_control	a	HALLMARK_E2F_TARGETS	control	KBTBD11	0.08051133713185188	1078	16
e2f_g2m	technical_positive_control	a	HALLMARK_E2F_TARGETS	control	KBTBD3	0.07163826925510766	1028	16
e2f_g2m	technical_positive_control	a	HALLMARK_E2F_TARGETS	control	KCMF1	1.0298982839781263	7886	23
e2f_g2m	technical_positive_control	a	HALLMARK_E2F_TARGETS	control	KCNQ1	1.24331950673538	7619	24
e2f_g2m	technical_positive_control	a	HALLMARK_E2F_TARGETS	control	KDM2B-DT	0.027886970172637894	420	14
e2f_g2m	technical_positive_control	a	HALLMARK_E2F_TARGETS	control	KIFC3	0.0612153654270454	980	16
e2f_g2m	technical_positive_control	a	HALLMARK_E2F_TARGETS	control	KIN	0.2065993886324878	2662	19
e2f_g2m	technical_positive_control	a	HALLMARK_E2F_TARGETS	control	KIZ	0.7028296148168641	6085	23
e2f_g2m	technical_positive_control	a	HALLMARK_E2F_TARGETS	control	KLC1	0.7309162098107139	6692	23
e2f_g2m	technical_positive_control	a	HALLMARK_E2F_TARGETS	control	KLHL29	0.8099428225210694	5915	23
e2f_g2m	technical_positive_control	a	HALLMARK_E2F_TARGETS	control	KMT2A	1.1418527509339782	8342	24
e2f_g2m	technical_positive_control	a	HALLMARK_E2F_TARGETS	control	KMT2C	3.8606711599767065	13176	24
e2f_g2m	technical_positive_control	a	HALLMARK_E2F_TARGETS	control	KNSTRN	0.07220157639687974	953	16
e2f_g2m	technical_positive_control	a	HALLMARK_E2F_TARGETS	control	LAMTOR2	0.21751883600666483	2544	19
e2f_g2m	technical_positive_control	a	HALLMARK_E2F_TARGETS	control	LAS1L	0.1142304067579228	1524	17
e2f_g2m	technical_positive_control	a	HALLMARK_E2F_TARGETS	control	LATS1	0.45985067469673596	4716	22
e2f_g2m	technical_positive_control	a	HALLMARK_E2F_TARGETS	control	LHFPL3	0.07834800642787261	981	16
e2f_g2m	technical_positive_control	a	HALLMARK_E2F_TARGETS	control	LINC-PINT	0.3096389356358105	3763	21
e2f_g2m	technical_positive_control	a	HALLMARK_E2F_TARGETS	control	LINC00271	0.15909799305516528	1877	18
e2f_g2m	technical_positive_control	a	HALLMARK_E2F_TARGETS	control	LINC01003	0.0665250431032554	964	16
e2f_g2m	technical_positive_control	a	HALLMARK_E2F_TARGETS	control	LINC01117	0.03282283107362752	373	14
e2f_g2m	technical_positive_control	a	HALLMARK_E2F_TARGETS	control	LINC01250	0.031510564558465334	407	14
e2f_g2m	technical_positive_control	a	HALLMARK_E2F_TARGETS	control	LINC01289	0.015543531370725915	175	13
e2f_g2m	technical_positive_control	a	HALLMARK_E2F_TARGETS	control	LINC01320	0.02330464477021483	395	13
e2f_g2m	technical_positive_control	a	HALLMARK_E2F_TARGETS	control	LINC01504	0.11257565037896941	1379	17
e2f_g2m	technical_positive_control	a	HALLMARK_E2F_TARGETS	control	LINC01619	0.10354000364977566	1189	17
e2f_g2m	technical_positive_control	a	HALLMARK_E2F_TARGETS	control	LINC01695	0.03852149407696496	494	15
e2f_g2m	technical_positive_control	a	HALLMARK_E2F_TARGETS	control	LINC01909	0.017708218371714025	262	13
e2f_g2m	technical_positive_control	a	HALLMARK_E2F_TARGETS	control	LINC02086	1.964559335079836	9702	24
e2f_g2m	technical_positive_control	a	HALLMARK_E2F_TARGETS	control	LINC02175	0.04891512318593929	690	15
e2f_g2m	technical_positive_control	a	HALLMARK_E2F_TARGETS	control	LINC02334	0.03551741746641186	529	14
e2f_g2m	technical_positive_control	a	HALLMARK_E2F_TARGETS	control	LINC02666	0.04791529383473195	695	15
e2f_g2m	technical_positive_control	a	HALLMARK_E2F_TARGETS	control	LIPG	0.29148424764108155	2929	20
e2f_g2m	technical_positive_control	a	HALLMARK_E2F_TARGETS	control	LMO7-AS1	0.098008387252894	1305	17
e2f_g2m	technical_positive_control	a	HALLMARK_E2F_TARGETS	control	LMTK2	1.2773021089344843	8942	24
e2f_g2m	technical_positive_control	a	HALLMARK_E2F_TARGETS	control	LRIG1	0.6610092695499239	5506	23
e2f_g2m	technical_positive_control	a	HALLMARK_E2F_TARGETS	control	LRRC40	0.20399793930939494	2552	19
e2f_g2m	technical_positive_control	a	HALLMARK_E2F_TARGETS	control	LRRC49	0.14169395027277384	1739	18
e2f_g2m	technical_positive_control	a	HALLMARK_E2F_TARGETS	control	LRRC58	0.3213568835942358	3403	21
e2f_g2m	technical_positive_control	a	HALLMARK_E2F_TARGETS	control	LRRFIP2	1.5602138197539714	9446	24
e2f_g2m	technical_positive_control	a	HALLMARK_E2F_TARGETS	control	LRWD1	0.02797881809967703	441	14
e2f_g2m	technical_positive_control	a	HALLMARK_E2F_TARGETS	control	MADD	0.21220077623492356	2789	19
e2f_g2m	technical_positive_control	a	HALLMARK_E2F_TARGETS	control	MAL2-AS1	0.2274912124243355	2559	20
e2f_g2m	technical_positive_control	a	HALLMARK_E2F_TARGETS	control	MAML2	5.494589527328554	12361	24
e2f_g2m	technical_positive_control	a	HALLMARK_E2F_TARGETS	control	MAML3	3.855829917585568	12806	24
e2f_g2m	technical_positive_control	a	HALLMARK_E2F_TARGETS	control	MANEA-DT	0.02987590128168098	457	14
e2f_g2m	technical_positive_control	a	HALLMARK_E2F_TARGETS	control	MAP2	0.037115606885371244	314	15
e2f_g2m	technical_positive_control	a	HALLMARK_E2F_TARGETS	control	MAP2K1	0.3312632462742907	3742	21
e2f_g2m	technical_positive_control	a	HALLMARK_E2F_TARGETS	control	MAPK1	0.6866808871101776	6178	23
e2f_g2m	technical_positive_control	a	HALLMARK_E2F_TARGETS	control	MAPK10	0.055491629290367064	649	15
e2f_g2m	technical_positive_control	a	HALLMARK_E2F_TARGETS	control	MARCH1	0.03422163913080046	912	14
e2f_g2m	technical_positive_control	a	HALLMARK_E2F_TARGETS	control	MASTL	0.17519474350855746	1939	19
e2f_g2m	technical_positive_control	a	HALLMARK_E2F_TARGETS	control	MCAT	0.07037987300015089	995	16
e2f_g2m	technical_positive_control	a	HALLMARK_E2F_TARGETS	control	MCOLN1	0.05326746390488246	871	15
e2f_g2m	technical_positive_control	a	HALLMARK_E2F_TARGETS	control	ME3	0.9398402390916973	6493	23
e2f_g2m	technical_positive_control	a	HALLMARK_E2F_TARGETS	control	MED13L	4.084017155869882	13500	24
e2f_g2m	technical_positive_control	a	HALLMARK_E2F_TARGETS	control	MESD	0.3420416891697724	3809	21
e2f_g2m	technical_positive_control	a	HALLMARK_E2F_TARGETS	control	METAP2	0.6276990608385183	5692	22
e2f_g2m	technical_positive_control	a	HALLMARK_E2F_TARGETS	control	MFSD10	0.20462451096037937	2549	19
e2f_g2m	technical_positive_control	a	HALLMARK_E2F_TARGETS	control	MIB1	0.9151603305568419	7189	23
e2f_g2m	technical_positive_control	a	HALLMARK_E2F_TARGETS	control	MIEN1	0.2081878495265512	2455	19
e2f_g2m	technical_positive_control	a	HALLMARK_E2F_TARGETS	control	MIR210HG	0.10387143714787306	1323	17
e2f_g2m	technical_positive_control	a	HALLMARK_E2F_TARGETS	control	MME-AS1	0.025579054676262983	329	14
e2f_g2m	technical_positive_control	a	HALLMARK_E2F_TARGETS	control	MMP24OS	0.764597987378813	6802	23
e2f_g2m	technical_positive_control	a	HALLMARK_E2F_TARGETS	control	MOB1A	0.3348388624925507	3790	21
e2f_g2m	technical_positive_control	a	HALLMARK_E2F_TARGETS	control	MOCS3	0.0450181993898159	639	15
e2f_g2m	technical_positive_control	a	HALLMARK_E2F_TARGETS	control	MORN4	0.04330761761108059	613	15
e2f_g2m	technical_positive_control	a	HALLMARK_E2F_TARGETS	control	MOV10	0.1317813186056052	1820	18
e2f_g2m	technical_positive_control	a	HALLMARK_E2F_TARGETS	control	MPP1	0.18833173725569471	1448	19
e2f_g2m	technical_positive_control	a	HALLMARK_E2F_TARGETS	control	MRPL38	0.15511919175210614	1939	18
e2f_g2m	technical_positive_control	a	HALLMARK_E2F_TARGETS	control	MRPS26	0.28919211250978105	3006	20
e2f_g2m	technical_positive_control	a	HALLMARK_E2F_TARGETS	control	MSANTD3	0.0972362569880535	1311	17
e2f_g2m	technical_positive_control	a	HALLMARK_E2F_TARGETS	control	MSH3	0.8945219731173019	7220	23
e2f_g2m	technical_positive_control	a	HALLMARK_E2F_TARGETS	control	MTCP1	0.15935287759516883	1980	18
e2f_g2m	technical_positive_control	a	HALLMARK_E2F_TARGETS	control	MTSS1	0.5797935085986273	4626	22
e2f_g2m	technical_positive_control	a	HALLMARK_E2F_TARGETS	control	MXI1	0.5211859155366946	4874	22
e2f_g2m	technical_positive_control	a	HALLMARK_E2F_TARGETS	control	MYL9	0.13742468877719288	1577	18
e2f_g2m	technical_positive_control	a	HALLMARK_E2F_TARGETS	control	MYO1D	4.527713953465775	13668	24
e2f_g2m	technical_positive_control	a	HALLMARK_E2F_TARGETS	control	NAA40	0.11151376062988654	1554	17
e2f_g2m	technical_positive_control	a	HALLMARK_E2F_TARGETS	control	NAF1	0.28016479236954905	3212	20
e2f_g2m	technical_positive_control	a	HALLMARK_E2F_TARGETS	control	NANOS3	0.01853557905658463	286	13
e2f_g2m	technical_positive_control	a	HALLMARK_E2F_TARGETS	control	NBAS	1.5778121079471645	9686	24
e2f_g2m	technical_positive_control	a	HALLMARK_E2F_TARGETS	control	NCOA2	3.3767824745973534	12446	24
e2f_g2m	technical_positive_control	a	HALLMARK_E2F_TARGETS	control	NDUFB6	0.3013930506192139	3264	21
e2f_g2m	technical_positive_control	a	HALLMARK_E2F_TARGETS	control	NEK7	1.4008930913475248	9101	24
e2f_g2m	technical_positive_control	a	HALLMARK_E2F_TARGETS	control	NEMF	1.3178877260893584	9122	24
e2f_g2m	technical_positive_control	a	HALLMARK_E2F_TARGETS	control	NFKBIB	0.08305675446246219	1165	16
e2f_g2m	technical_positive_control	a	HALLMARK_E2F_TARGETS	control	NLK	1.0734660651240882	7914	23
e2f_g2m	technical_positive_control	a	HALLMARK_E2F_TARGETS	control	NOM1	0.2887741940831234	3418	20
e2f_g2m	technical_positive_control	a	HALLMARK_E2F_TARGETS	control	NOMO3	0.06575015706835491	978	16
e2f_g2m	technical_positive_control	a	HALLMARK_E2F_TARGETS	control	NOTUM	0.19193314608318904	1056	19
e2f_g2m	technical_positive_control	a	HALLMARK_E2F_TARGETS	control	NPEPL1	0.23673598734977594	3000	20
e2f_g2m	technical_positive_control	a	HALLMARK_E2F_TARGETS	control	NR1D1	0.03916883379085067	536	15
e2f_g2m	technical_positive_control	a	HALLMARK_E2F_TARGETS	control	NR1D2	0.27280576277571467	3170	20
e2f_g2m	technical_positive_control	a	HALLMARK_E2F_TARGETS	control	NR4A2	0.16774504644183874	2266	19
e2f_g2m	technical_positive_control	a	HALLMARK_E2F_TARGETS	control	NR5A2	0.5229464307407861	4195	22
e2f_g2m	technical_positive_control	a	HALLMARK_E2F_TARGETS	control	NTN4	0.2749504062563351	2597	20
e2f_g2m	technical_positive_control	a	HALLMARK_E2F_TARGETS	control	NUDT7	0.045926465388128966	660	15
e2f_g2m	technical_positive_control	a	HALLMARK_E2F_TARGETS	control	NUF2	0.2969697652828746	2436	20
e2f_g2m	technical_positive_control	a	HALLMARK_E2F_TARGETS	control	NUP133	0.3889694434094236	4226	21
e2f_g2m	technical_positive_control	a	HALLMARK_E2F_TARGETS	control	NUP58	0.7143961654789747	6318	23
e2f_g2m	technical_positive_control	a	HALLMARK_E2F_TARGETS	control	NUP88	0.5249157089550861	5251	22
e2f_g2m	technical_positive_control	a	HALLMARK_E2F_TARGETS	control	NXN	0.06405470851910727	649	16
e2f_g2m	technical_positive_control	a	HALLMARK_E2F_TARGETS	control	NXPE2	0.13427762708893823	1485	18
e2f_g2m	technical_positive_control	a	HALLMARK_E2F_TARGETS	control	OIP5	0.07403100842620586	911	16
e2f_g2m	technical_positive_control	a	HALLMARK_E2F_TARGETS	control	ONECUT3	0.05234555562496068	447	15
e2f_g2m	technical_positive_control	a	HALLMARK_E2F_TARGETS	control	ORMDL1	0.4589158977725171	5060	22
e2f_g2m	technical_positive_control	a	HALLMARK_E2F_TARGETS	control	OSTC	0.4475705630589081	4495	22
e2f_g2m	technical_positive_control	a	HALLMARK_E2F_TARGETS	control	OXGR1	0.0325316087736002	467	14
e2f_g2m	technical_positive_control	a	HALLMARK_E2F_TARGETS	control	PAK6	0.03030183558550718	439	14
e2f_g2m	technical_positive_control	a	HALLMARK_E2F_TARGETS	control	PARD6G-AS1	0.02381577367926753	346	13
e2f_g2m	technical_positive_control	a	HALLMARK_E2F_TARGETS	control	PAXIP1-AS2	0.04186245873063164	639	15
e2f_g2m	technical_positive_control	a	HALLMARK_E2F_TARGETS	control	PCCB	0.2132172416840947	2498	19
e2f_g2m	technical_positive_control	a	HALLMARK_E2F_TARGETS	control	PCSK6	0.5639752770897117	4927	22
e2f_g2m	technical_positive_control	a	HALLMARK_E2F_TARGETS	control	PDCD6	0.5942632575024381	5743	22
e2f_g2m	technical_positive_control	a	HALLMARK_E2F_TARGETS	control	PDE11A	0.059250701516466504	765	16
e2f_g2m	technical_positive_control	a	HALLMARK_E2F_TARGETS	control	PFDN6	0.16407866074818642	2013	19
e2f_g2m	technical_positive_control	a	HALLMARK_E2F_TARGETS	control	PGGHG	0.4476144211126503	3930	22
e2f_g2m	technical_positive_control	a	HALLMARK_E2F_TARGETS	control	PHF23	0.04791424532685454	718	15
e2f_g2m	technical_positive_control	a	HALLMARK_E2F_TARGETS	control	PIAS4	0.10809019851136498	1492	17
e2f_g2m	technical_positive_control	a	HALLMARK_E2F_TARGETS	control	PIGK	0.2697586352656573	3085	20
e2f_g2m	technical_positive_control	a	HALLMARK_E2F_TARGETS	control	PIGW	0.03942995044529661	575	15
e2f_g2m	technical_positive_control	a	HALLMARK_E2F_TARGETS	control	PIPOX	0.05194047660061856	757	15
e2f_g2m	technical_positive_control	a	HALLMARK_E2F_TARGETS	control	PIWIL1	0.06256486556167959	669	16
e2f_g2m	technical_positive_control	a	HALLMARK_E2F_TARGETS	control	PLA2G10	0.07312081183162404	986	16
e2f_g2m	technical_positive_control	a	HALLMARK_E2F_TARGETS	control	PLA2G4B	0.03785132249325441	587	15
e2f_g2m	technical_positive_control	a	HALLMARK_E2F_TARGETS	control	PLEKHG2	0.033686452321775806	541	14
e2f_g2m	technical_positive_control	a	HALLMARK_E2F_TARGETS	control	PLSCR3	0.034812050978883805	533	14
e2f_g2m	technical_positive_control	a	HALLMARK_E2F_TARGETS	control	PNPLA2	0.1741578630775864	2244	19
e2f_g2m	technical_positive_control	a	HALLMARK_E2F_TARGETS	control	POLR2E	0.18165750410906903	2270	19
e2f_g2m	technical_positive_control	a	HALLMARK_E2F_TARGETS	control	POLR2M	0.061572581263408754	877	16
e2f_g2m	technical_positive_control	a	HALLMARK_E2F_TARGETS	control	POP5	0.13359845155212793	1794	18
e2f_g2m	technical_positive_control	a	HALLMARK_E2F_TARGETS	control	PPARGC1A	0.6929039822602685	3998	23
e2f_g2m	technical_positive_control	a	HALLMARK_E2F_TARGETS	control	PPM1G	0.5582940087911014	5031	22
e2f_g2m	technical_positive_control	a	HALLMARK_E2F_TARGETS	control	PPP1R14B	0.7037820669774275	5585	23
e2f_g2m	technical_positive_control	a	HALLMARK_E2F_TARGETS	control	PPP1R7	0.22894752595439416	2737	20
e2f_g2m	technical_positive_control	a	HALLMARK_E2F_TARGETS	control	PPP2R5D	0.10068546398358119	1346	17
e2f_g2m	technical_positive_control	a	HALLMARK_E2F_TARGETS	control	PPP3CC	0.303899004336857	3416	21
e2f_g2m	technical_positive_control	a	HALLMARK_E2F_TARGETS	control	PPP6R2	1.0886576949444318	7895	23
e2f_g2m	technical_positive_control	a	HALLMARK_E2F_TARGETS	control	PRKACB	0.6312381786990233	4550	22
e2f_g2m	technical_positive_control	a	HALLMARK_E2F_TARGETS	control	PRMT6	0.03365766349429451	496	14
e2f_g2m	technical_positive_control	a	HALLMARK_E2F_TARGETS	control	PRPF39	0.31185087940070194	3619	21
e2f_g2m	technical_positive_control	a	HALLMARK_E2F_TARGETS	control	PRPF40A	1.6363101215486533	9897	24
e2f_g2m	technical_positive_control	a	HALLMARK_E2F_TARGETS	control	PRR11	0.13701641807565698	1230	18
e2f_g2m	technical_positive_control	a	HALLMARK_E2F_TARGETS	control	PRSS21	0.016988590891283118	223	13
e2f_g2m	technical_positive_control	a	HALLMARK_E2F_TARGETS	control	PRUNE2	0.9993362842340943	5699	23
e2f_g2m	technical_positive_control	a	HALLMARK_E2F_TARGETS	control	PSMA3-AS1	0.46300605583201165	5104	22
e2f_g2m	technical_positive_control	a	HALLMARK_E2F_TARGETS	control	PSMB2	0.43003396006033806	4220	22
e2f_g2m	technical_positive_control	a	HALLMARK_E2F_TARGETS	control	PSMD14	0.9861028149525767	7403	23
e2f_g2m	technical_positive_control	a	HALLMARK_E2F_TARGETS	control	PSMF1	0.8011692856832342	6942	23
e2f_g2m	technical_positive_control	a	HALLMARK_E2F_TARGETS	control	PTAFR	0.020630257315289117	364	13
e2f_g2m	technical_positive_control	a	HALLMARK_E2F_TARGETS	control	PTGFRN	0.30422097430013795	3362	21
e2f_g2m	technical_positive_control	a	HALLMARK_E2F_TARGETS	control	PTPA	0.17342770922466194	2230	19
e2f_g2m	technical_positive_control	a	HALLMARK_E2F_TARGETS	control	PTPDC1	0.3194717279573067	3654	21
e2f_g2m	technical_positive_control	a	HALLMARK_E2F_TARGETS	control	PTPMT1	0.1284295994297645	1645	18
e2f_g2m	technical_positive_control	a	HALLMARK_E2F_TARGETS	control	RAB15	0.2361262312342888	2823	20
e2f_g2m	technical_positive_control	a	HALLMARK_E2F_TARGETS	control	RAB3IP	0.7352924493394376	6243	23
e2f_g2m	technical_positive_control	a	HALLMARK_E2F_TARGETS	control	RAD51D	0.1609028389448083	1987	18
e2f_g2m	technical_positive_control	a	HALLMARK_E2F_TARGETS	control	RBBP9	0.06020759633691138	860	16
e2f_g2m	technical_positive_control	a	HALLMARK_E2F_TARGETS	control	RBFOX1	0.3620177637125978	2038	21
e2f_g2m	technical_positive_control	a	HALLMARK_E2F_TARGETS	control	RBM34	0.026577989205748748	403	14
e2f_g2m	technical_positive_control	a	HALLMARK_E2F_TARGETS	control	RCCD1	0.1159618242488854	1565	17
e2f_g2m	technical_positive_control	a	HALLMARK_E2F_TARGETS	control	RELA-DT	0.03156361881697291	478	14
e2f_g2m	technical_positive_control	a	HALLMARK_E2F_TARGETS	control	RFX6	0.025735523767880533	122	14
e2f_g2m	technical_positive_control	a	HALLMARK_E2F_TARGETS	control	RHOD	0.04515142423743659	640	15
e2f_g2m	technical_positive_control	a	HALLMARK_E2F_TARGETS	control	RHOV	0.01987942469262251	258	13
e2f_g2m	technical_positive_control	a	HALLMARK_E2F_TARGETS	control	RIPK4	0.07155003951411834	1004	16
e2f_g2m	technical_positive_control	a	HALLMARK_E2F_TARGETS	control	RNF167	0.1418341698775514	1870	18
e2f_g2m	technical_positive_control	a	HALLMARK_E2F_TARGETS	control	RNF216	0.827345869234972	7254	23
e2f_g2m	technical_positive_control	a	HALLMARK_E2F_TARGETS	control	RNF38	1.204831469644649	8550	24
e2f_g2m	technical_positive_control	a	HALLMARK_E2F_TARGETS	control	RNFT1	0.1404205321171004	1918	18
e2f_g2m	technical_positive_control	a	HALLMARK_E2F_TARGETS	control	RNGTT	1.4964726218535218	8786	24
e2f_g2m	technical_positive_control	a	HALLMARK_E2F_TARGETS	control	RPAP3	0.2802656885834306	3240	20
e2f_g2m	technical_positive_control	a	HALLMARK_E2F_TARGETS	control	RPP14	0.08633981174216036	1212	17
e2f_g2m	technical_positive_control	a	HALLMARK_E2F_TARGETS	control	RSPH14	0.016307904153784917	243	13
e2f_g2m	technical_positive_control	a	HALLMARK_E2F_TARGETS	control	RUSC2	0.24028721351046878	2723	20
e2f_g2m	technical_positive_control	a	HALLMARK_E2F_TARGETS	control	S100A6	8.971175228295104	13739	24
e2f_g2m	technical_positive_control	a	HALLMARK_E2F_TARGETS	control	SAFB2	0.31028079713661927	3800	21
e2f_g2m	technical_positive_control	a	HALLMARK_E2F_TARGETS	control	SAMD12	6.025008275273735	13844	24
e2f_g2m	technical_positive_control	a	HALLMARK_E2F_TARGETS	control	SAPCD2	0.16220303731584507	1728	19
e2f_g2m	technical_positive_control	a	HALLMARK_E2F_TARGETS	control	SARM1	0.1340172474188022	1872	18
e2f_g2m	technical_positive_control	a	HALLMARK_E2F_TARGETS	control	SCPEP1	0.08303490055060488	1193	16
e2f_g2m	technical_positive_control	a	HALLMARK_E2F_TARGETS	control	SDHC	0.4109346205051581	4314	21
e2f_g2m	technical_positive_control	a	HALLMARK_E2F_TARGETS	control	SELENOH	0.6975914994538023	5839	23
e2f_g2m	technical_positive_control	a	HALLMARK_E2F_TARGETS	control	SEMA6A	0.506455855281998	3972	22
e2f_g2m	technical_positive_control	a	HALLMARK_E2F_TARGETS	control	SENP1	0.2350324012776123	2814	20
e2f_g2m	technical_positive_control	a	HALLMARK_E2F_TARGETS	control	SETD6	0.09233399682238899	1308	17
e2f_g2m	technical_positive_control	a	HALLMARK_E2F_TARGETS	control	SFN	0.2612063623590141	2462	20
e2f_g2m	technical_positive_control	a	HALLMARK_E2F_TARGETS	control	SFXN2	0.09932656608788616	1385	17
e2f_g2m	technical_positive_control	a	HALLMARK_E2F_TARGETS	control	SHROOM1	0.12584572684586884	1706	18
e2f_g2m	technical_positive_control	a	HALLMARK_E2F_TARGETS	control	SI	0.11842224809631828	900	18
e2f_g2m	technical_positive_control	a	HALLMARK_E2F_TARGETS	control	SLC25A27	0.30672211612110106	3493	21
e2f_g2m	technical_positive_control	a	HALLMARK_E2F_TARGETS	control	SLC25A42	0.07290271080011589	1012	16
e2f_g2m	technical_positive_control	a	HALLMARK_E2F_TARGETS	control	SLC26A6	0.19231907550232222	2496	19
e2f_g2m	technical_positive_control	a	HALLMARK_E2F_TARGETS	control	SLC2A11	0.07780220968539064	1106	16
e2f_g2m	technical_positive_control	a	HALLMARK_E2F_TARGETS	control	SLC35B3	0.4079160583786997	4559	21
e2f_g2m	technical_positive_control	a	HALLMARK_E2F_TARGETS	control	SLC35E2B	0.16655302471801497	2276	19
e2f_g2m	technical_positive_control	a	HALLMARK_E2F_TARGETS	control	SLC35F1	0.059585902441284394	711	16
e2f_g2m	technical_positive_control	a	HALLMARK_E2F_TARGETS	control	SLC35F2	0.37056452247939914	3861	21
e2f_g2m	technical_positive_control	a	HALLMARK_E2F_TARGETS	control	SLC35F6	0.07737716249444428	1076	16
e2f_g2m	technical_positive_control	a	HALLMARK_E2F_TARGETS	control	SLC41A2	0.5634199226752936	5055	22
e2f_g2m	technical_positive_control	a	HALLMARK_E2F_TARGETS	control	SLC5A10	0.02430993104287812	364	14
e2f_g2m	technical_positive_control	a	HALLMARK_E2F_TARGETS	control	SLC9A1	0.1596765486485463	2012	18
e2f_g2m	technical_positive_control	a	HALLMARK_E2F_TARGETS	control	SLC9A7	0.13404407733045548	1480	18
e2f_g2m	technical_positive_control	a	HALLMARK_E2F_TARGETS	control	SLU7	0.216002435700288	2496	19
e2f_g2m	technical_positive_control	a	HALLMARK_E2F_TARGETS	control	SMARCA2	0.7689855655854111	6642	23
e2f_g2m	technical_positive_control	a	HALLMARK_E2F_TARGETS	control	SMU1	0.30938280445622807	3580	21
e2f_g2m	technical_positive_control	a	HALLMARK_E2F_TARGETS	control	SNHG14	0.9048742468385815	6776	23
e2f_g2m	technical_positive_control	a	HALLMARK_E2F_TARGETS	control	SOAT1	0.1700090932466651	2339	19
e2f_g2m	technical_positive_control	a	HALLMARK_E2F_TARGETS	control	SOWAHC	0.13021239063094758	1528	18
e2f_g2m	technical_positive_control	a	HALLMARK_E2F_TARGETS	control	SP3	1.0500522787476825	8009	23
e2f_g2m	technical_positive_control	a	HALLMARK_E2F_TARGETS	control	SP6	0.07063541469169486	830	16
e2f_g2m	technical_positive_control	a	HALLMARK_E2F_TARGETS	control	SPATS2	0.9193606617911054	7213	23
e2f_g2m	technical_positive_control	a	HALLMARK_E2F_TARGETS	control	SPATS2L	2.0572468642552852	10217	24
e2f_g2m	technical_positive_control	a	HALLMARK_E2F_TARGETS	control	SPOP	0.4385682234136975	4575	22
e2f_g2m	technical_positive_control	a	HALLMARK_E2F_TARGETS	control	SRGAP3	0.23586383191322402	2601	20
e2f_g2m	technical_positive_control	a	HALLMARK_E2F_TARGETS	control	ST14	1.610829463468383	9766	24
e2f_g2m	technical_positive_control	a	HALLMARK_E2F_TARGETS	control	ST6GALNAC6	0.02208612320595737	359	13
e2f_g2m	technical_positive_control	a	HALLMARK_E2F_TARGETS	control	ST8SIA6	0.1213432792624198	1148	18
e2f_g2m	technical_positive_control	a	HALLMARK_E2F_TARGETS	control	STARD13	1.8263858113389322	8576	24
e2f_g2m	technical_positive_control	a	HALLMARK_E2F_TARGETS	control	STARD4-AS1	0.07764610904497261	1016	16
e2f_g2m	technical_positive_control	a	HALLMARK_E2F_TARGETS	control	STOX1	0.11271867007659406	1437	17
e2f_g2m	technical_positive_control	a	HALLMARK_E2F_TARGETS	control	STRAP	0.5002469330629565	4850	22
e2f_g2m	technical_positive_control	a	HALLMARK_E2F_TARGETS	control	SUMF2	0.5944240822326045	5639	22
e2f_g2m	technical_positive_control	a	HALLMARK_E2F_TARGETS	control	SUMO2	0.7187273949040306	5909	23
e2f_g2m	technical_positive_control	a	HALLMARK_E2F_TARGETS	control	SUPT3H	2.490565241107309	9991	24
e2f_g2m	technical_positive_control	a	HALLMARK_E2F_TARGETS	control	SUPT6H	0.3930281033927126	4419	21
e2f_g2m	technical_positive_control	a	HALLMARK_E2F_TARGETS	control	SVBP	0.0866888332273119	1214	17
e2f_g2m	technical_positive_control	a	HALLMARK_E2F_TARGETS	control	SYNPO	0.05919188249350726	889	16
e2f_g2m	technical_positive_control	a	HALLMARK_E2F_TARGETS	control	TACSTD2	0.1289215261075085	1144	18
e2f_g2m	technical_positive_control	a	HALLMARK_E2F_TARGETS	control	TAFA1	0.02605421255485832	257	14
e2f_g2m	technical_positive_control	a	HALLMARK_E2F_TARGETS	control	TAGLN2	0.8039570991502517	5933	23
e2f_g2m	technical_positive_control	a	HALLMARK_E2F_TARGETS	control	TAP1	0.3764295580851168	3595	21
e2f_g2m	technical_positive_control	a	HALLMARK_E2F_TARGETS	control	TBC1D23	0.5028229594617867	5139	22
e2f_g2m	technical_positive_control	a	HALLMARK_E2F_TARGETS	control	TCAF1	0.4405089890281494	4541	22
e2f_g2m	technical_positive_control	a	HALLMARK_E2F_TARGETS	control	TCEAL9	0.1591563379827525	1954	18
e2f_g2m	technical_positive_control	a	HALLMARK_E2F_TARGETS	control	TCP1	0.5202238612908747	4764	22
e2f_g2m	technical_positive_control	a	HALLMARK_E2F_TARGETS	control	TECPR2	0.2540915761392193	2992	20
e2f_g2m	technical_positive_control	a	HALLMARK_E2F_TARGETS	control	TENM3	0.09160537530860033	771	17
e2f_g2m	technical_positive_control	a	HALLMARK_E2F_TARGETS	control	TET3	0.9946241697955143	7797	23
e2f_g2m	technical_positive_control	a	HALLMARK_E2F_TARGETS	control	TFAM	0.334985207540343	3513	21
e2f_g2m	technical_positive_control	a	HALLMARK_E2F_TARGETS	control	THEMIS2	0.018100915579499322	405	13
e2f_g2m	technical_positive_control	a	HALLMARK_E2F_TARGETS	control	THSD4-AS1	0.05810626781115609	817	16
e2f_g2m	technical_positive_control	a	HALLMARK_E2F_TARGETS	control	TICAM1	0.12460758533563564	1580	18
e2f_g2m	technical_positive_control	a	HALLMARK_E2F_TARGETS	control	TIGD2	0.025307650471978676	377	14
e2f_g2m	technical_positive_control	a	HALLMARK_E2F_TARGETS	control	TIMM17B	0.1619368252759276	1994	18
e2f_g2m	technical_positive_control	a	HALLMARK_E2F_TARGETS	control	TKFC	0.08003542605535965	1157	16
e2f_g2m	technical_positive_control	a	HALLMARK_E2F_TARGETS	control	TMCC3	0.23507771445687783	2511	20
e2f_g2m	technical_positive_control	a	HALLMARK_E2F_TARGETS	control	TMEM126A	0.10426053102670682	1406	17
e2f_g2m	technical_positive_control	a	HALLMARK_E2F_TARGETS	control	TMEM150A	0.04437318197776435	689	15
e2f_g2m	technical_positive_control	a	HALLMARK_E2F_TARGETS	control	TMEM170B	0.07402276001188053	1033	16
e2f_g2m	technical_positive_control	a	HALLMARK_E2F_TARGETS	control	TMEM203	0.09351518718357392	1266	17
e2f_g2m	technical_positive_control	a	HALLMARK_E2F_TARGETS	control	TMEM260	0.8980105853712197	7176	23
e2f_g2m	technical_positive_control	a	HALLMARK_E2F_TARGETS	control	TMEM91	0.13391588630805235	1820	18
e2f_g2m	technical_positive_control	a	HALLMARK_E2F_TARGETS	control	TMTC3	0.27122334044016455	3023	20
e2f_g2m	technical_positive_control	a	HALLMARK_E2F_TARGETS	control	TNC	0.10182364599346433	533	17
e2f_g2m	technical_positive_control	a	HALLMARK_E2F_TARGETS	control	TNFAIP2	0.08392014997975292	923	17
e2f_g2m	technical_positive_control	a	HALLMARK_E2F_TARGETS	control	TNFRSF1A	0.2964602386369145	3527	20
e2f_g2m	technical_positive_control	a	HALLMARK_E2F_TARGETS	control	TNFSF15	0.09320436057744193	1203	17
e2f_g2m	technical_positive_control	a	HALLMARK_E2F_TARGETS	control	TNIP1	0.45178556574434164	4648	22
e2f_g2m	technical_positive_control	a	HALLMARK_E2F_TARGETS	control	TNXB	0.019571473735084288	307	13
e2f_g2m	technical_positive_control	a	HALLMARK_E2F_TARGETS	control	TOP1MT	0.3640544472453199	3735	21
e2f_g2m	technical_positive_control	a	HALLMARK_E2F_TARGETS	control	TOX	1.1612153680668758	4975	24
e2f_g2m	technical_positive_control	a	HALLMARK_E2F_TARGETS	control	TPI1	1.3158857779620057	7492	24
e2f_g2m	technical_positive_control	a	HALLMARK_E2F_TARGETS	control	TPRG1	0.37983191332227956	4083	21
e2f_g2m	technical_positive_control	a	HALLMARK_E2F_TARGETS	control	TRERF1	0.22554208909701434	1810	20
e2f_g2m	technical_positive_control	a	HALLMARK_E2F_TARGETS	control	TRIB3	0.23911252604618655	2264	20
e2f_g2m	technical_positive_control	a	HALLMARK_E2F_TARGETS	control	TRIM15	0.10449873324716502	1343	17
e2f_g2m	technical_positive_control	a	HALLMARK_E2F_TARGETS	control	TRIM35	0.09170236177097912	1241	17
e2f_g2m	technical_positive_control	a	HALLMARK_E2F_TARGETS	control	TRIR	0.4902347667546837	4910	22
e2f_g2m	technical_positive_control	a	HALLMARK_E2F_TARGETS	control	TSC22D1-AS1	0.020576279278332877	316	13
e2f_g2m	technical_positive_control	a	HALLMARK_E2F_TARGETS	control	TSPAN2	0.0838495917416756	996	17
e2f_g2m	technical_positive_control	a	HALLMARK_E2F_TARGETS	control	TTC19	0.764979802277289	6767	23
e2f_g2m	technical_positive_control	a	HALLMARK_E2F_TARGETS	control	TTC37	0.8753077422696068	6995	23
e2f_g2m	technical_positive_control	a	HALLMARK_E2F_TARGETS	control	TTLL3	0.2561710526393819	3261	20
e2f_g2m	technical_positive_control	a	HALLMARK_E2F_TARGETS	control	TTYH3	0.29388543798634426	3524	20
e2f_g2m	technical_positive_control	a	HALLMARK_E2F_TARGETS	control	TUBB2A	0.03210106332875912	413	14
e2f_g2m	technical_positive_control	a	HALLMARK_E2F_TARGETS	control	TUBB4B	0.6829232334107701	5035	23
e2f_g2m	technical_positive_control	a	HALLMARK_E2F_TARGETS	control	TUFM	0.5630401998183073	4829	22
e2f_g2m	technical_positive_control	a	HALLMARK_E2F_TARGETS	control	TUSC1	0.037110635633210674	541	14
e2f_g2m	technical_positive_control	a	HALLMARK_E2F_TARGETS	control	TXK	0.06994460227274053	972	16
e2f_g2m	technical_positive_control	a	HALLMARK_E2F_TARGETS	control	TYRO3	0.03820618158113845	547	15
e2f_g2m	technical_positive_control	a	HALLMARK_E2F_TARGETS	control	UACA	0.7907173783192087	6647	23
e2f_g2m	technical_positive_control	a	HALLMARK_E2F_TARGETS	control	UBAC1	0.14917729639814895	2037	18
e2f_g2m	technical_positive_control	a	HALLMARK_E2F_TARGETS	control	UBL5	0.5621746202900689	4918	22
e2f_g2m	technical_positive_control	a	HALLMARK_E2F_TARGETS	control	UBL7-AS1	0.13766163156796402	1844	18
e2f_g2m	technical_positive_control	a	HALLMARK_E2F_TARGETS	control	UCHL5	0.4619598331558053	4454	22
e2f_g2m	technical_positive_control	a	HALLMARK_E2F_TARGETS	control	ULK1	0.22317626073028418	2870	20
e2f_g2m	technical_positive_control	a	HALLMARK_E2F_TARGETS	control	ULK3	0.0760203523827684	1119	16
e2f_g2m	technical_positive_control	a	HALLMARK_E2F_TARGETS	control	UPP2	0.06900808662157508	883	16
e2f_g2m	technical_positive_control	a	HALLMARK_E2F_TARGETS	control	USP14	0.5690333242400452	5357	22
e2f_g2m	technical_positive_control	a	HALLMARK_E2F_TARGETS	control	USP47	1.3751462531835226	9343	24
e2f_g2m	technical_positive_control	a	HALLMARK_E2F_TARGETS	control	UTP23	0.28641146498502656	3220	20
e2f_g2m	technical_positive_control	a	HALLMARK_E2F_TARGETS	control	UTP4	0.23789692399383983	2806	20
e2f_g2m	technical_positive_control	a	HALLMARK_E2F_TARGETS	control	VGLL4	1.2079399534999076	8478	24
e2f_g2m	technical_positive_control	a	HALLMARK_E2F_TARGETS	control	VIT	0.018412955609332378	252	13
e2f_g2m	technical_positive_control	a	HALLMARK_E2F_TARGETS	control	VLDLR	0.08516654746954946	1012	17
e2f_g2m	technical_positive_control	a	HALLMARK_E2F_TARGETS	control	VPS52	0.12920756965225946	1784	18
e2f_g2m	technical_positive_control	a	HALLMARK_E2F_TARGETS	control	VTCN1	0.020240179436067575	208	13
e2f_g2m	technical_positive_control	a	HALLMARK_E2F_TARGETS	control	WAC-AS1	0.23483414516747483	2798	20
e2f_g2m	technical_positive_control	a	HALLMARK_E2F_TARGETS	control	WASF1	0.09012245337180771	1102	17
e2f_g2m	technical_positive_control	a	HALLMARK_E2F_TARGETS	control	WBP2NL	0.17100351199705985	2091	19
e2f_g2m	technical_positive_control	a	HALLMARK_E2F_TARGETS	control	WDR70	1.3767696916535797	9052	24
e2f_g2m	technical_positive_control	a	HALLMARK_E2F_TARGETS	control	WDR93	0.018951487474925827	274	13
e2f_g2m	technical_positive_control	a	HALLMARK_E2F_TARGETS	control	WDTC1	0.2006292760751928	2484	19
e2f_g2m	technical_positive_control	a	HALLMARK_E2F_TARGETS	control	WFDC10B	0.05882996392768305	730	16
e2f_g2m	technical_positive_control	a	HALLMARK_E2F_TARGETS	control	XRN1	1.2855497440039882	9073	24
e2f_g2m	technical_positive_control	a	HALLMARK_E2F_TARGETS	control	YBX2	0.04944336632888734	707	15
e2f_g2m	technical_positive_control	a	HALLMARK_E2F_TARGETS	control	YBX3	0.7402858517329136	6415	23
e2f_g2m	technical_positive_control	a	HALLMARK_E2F_TARGETS	control	Z93020.1	0.022933025971158354	357	13
e2f_g2m	technical_positive_control	a	HALLMARK_E2F_TARGETS	control	ZBED4	0.30072544044241695	3372	20
e2f_g2m	technical_positive_control	a	HALLMARK_E2F_TARGETS	control	ZBTB21	0.10416326272293293	1420	17
e2f_g2m	technical_positive_control	a	HALLMARK_E2F_TARGETS	control	ZDHHC1	0.10057683118807924	1384	17
e2f_g2m	technical_positive_control	a	HALLMARK_E2F_TARGETS	control	ZFAND2B	0.11088729856373035	1543	17
e2f_g2m	technical_positive_control	a	HALLMARK_E2F_TARGETS	control	ZFAT	0.20764706477553516	2513	19
e2f_g2m	technical_positive_control	a	HALLMARK_E2F_TARGETS	control	ZFHX2	0.05774228666409375	840	16
e2f_g2m	technical_positive_control	a	HALLMARK_E2F_TARGETS	control	ZFYVE16	0.5325025279991518	5441	22
e2f_g2m	technical_positive_control	a	HALLMARK_E2F_TARGETS	control	ZNF12	0.28627263001450254	3449	20
e2f_g2m	technical_positive_control	a	HALLMARK_E2F_TARGETS	control	ZNF143	0.21785442812675562	2733	19
e2f_g2m	technical_positive_control	a	HALLMARK_E2F_TARGETS	control	ZNF182	0.051049039550616654	762	15
e2f_g2m	technical_positive_control	a	HALLMARK_E2F_TARGETS	control	ZNF24	0.21155144906154205	2605	19
e2f_g2m	technical_positive_control	a	HALLMARK_E2F_TARGETS	control	ZNF397	0.19106979935745175	2502	19
e2f_g2m	technical_positive_control	a	HALLMARK_E2F_TARGETS	control	ZNF423	0.11126178235910748	1346	17
e2f_g2m	technical_positive_control	a	HALLMARK_E2F_TARGETS	control	ZNF431	0.4992668338357805	5075	22
e2f_g2m	technical_positive_control	a	HALLMARK_E2F_TARGETS	control	ZNF468	0.03828281816473253	580	15
e2f_g2m	technical_positive_control	a	HALLMARK_E2F_TARGETS	control	ZNF516	0.4646364435226838	4728	22
e2f_g2m	technical_positive_control	a	HALLMARK_E2F_TARGETS	control	ZNF563	0.05261519295493594	761	15
e2f_g2m	technical_positive_control	a	HALLMARK_E2F_TARGETS	control	ZNF584	0.05854797085530822	815	16
e2f_g2m	technical_positive_control	a	HALLMARK_E2F_TARGETS	control	ZNF587	0.33894995128768207	3954	21
e2f_g2m	technical_positive_control	a	HALLMARK_E2F_TARGETS	control	ZNF649	0.04422627478136145	658	15
e2f_g2m	technical_positive_control	a	HALLMARK_E2F_TARGETS	control	ZNF674	0.06491185813626565	912	16
e2f_g2m	technical_positive_control	a	HALLMARK_E2F_TARGETS	control	ZNF674-AS1	0.027605105696660342	425	14
e2f_g2m	technical_positive_control	a	HALLMARK_E2F_TARGETS	control	ZNF687	0.039633680584354916	592	15
e2f_g2m	technical_positive_control	a	HALLMARK_E2F_TARGETS	control	ZNF736	0.4796442434725034	4725	22
e2f_g2m	technical_positive_control	a	HALLMARK_E2F_TARGETS	control	ZNF76	0.15119300461461788	2068	18
e2f_g2m	technical_positive_control	a	HALLMARK_E2F_TARGETS	control	ZNF783	0.18030462607027445	2393	19
e2f_g2m	technical_positive_control	a	HALLMARK_E2F_TARGETS	target	AK2	0.4333908190598555	4606	22
e2f_g2m	technical_positive_control	a	HALLMARK_E2F_TARGETS	target	ANP32E	0.1272749741632626	1495	18
e2f_g2m	technical_positive_control	a	HALLMARK_E2F_TARGETS	target	ASF1A	0.08385210083324618	1164	17
e2f_g2m	technical_positive_control	a	HALLMARK_E2F_TARGETS	target	ASF1B	0.09698192358344607	1093	17
e2f_g2m	technical_positive_control	a	HALLMARK_E2F_TARGETS	target	ATAD2	0.8887729695969314	4588	23
e2f_g2m	technical_positive_control	a	HALLMARK_E2F_TARGETS	target	BRCA1	0.45386830417375257	3720	22
e2f_g2m	technical_positive_control	a	HALLMARK_E2F_TARGETS	target	BRMS1L	0.15104482634702432	1831	18
e2f_g2m	technical_positive_control	a	HALLMARK_E2F_TARGETS	target	BUB1B	0.17216150769511845	1648	19
e2f_g2m	technical_positive_control	a	HALLMARK_E2F_TARGETS	target	CBX5	0.30859029417042677	3181	21
e2f_g2m	technical_positive_control	a	HALLMARK_E2F_TARGETS	target	CCNE1	0.028423648103499195	409	14
e2f_g2m	technical_positive_control	a	HALLMARK_E2F_TARGETS	target	CCP110	0.16747302327018135	2101	19
e2f_g2m	technical_positive_control	a	HALLMARK_E2F_TARGETS	target	CDCA3	0.07560357529067538	868	16
e2f_g2m	technical_positive_control	a	HALLMARK_E2F_TARGETS	target	CDCA8	0.1438055947209827	1480	18
e2f_g2m	technical_positive_control	a	HALLMARK_E2F_TARGETS	target	CDKN1A	0.1322809551434115	1451	18
e2f_g2m	technical_positive_control	a	HALLMARK_E2F_TARGETS	target	CDKN2A	0.2669194641996198	2029	20
e2f_g2m	technical_positive_control	a	HALLMARK_E2F_TARGETS	target	CENPM	0.06866017444731415	885	16
e2f_g2m	technical_positive_control	a	HALLMARK_E2F_TARGETS	target	CHEK2	0.22077054239553978	2372	20
e2f_g2m	technical_positive_control	a	HALLMARK_E2F_TARGETS	target	CIT	0.37596618670110826	2458	21
e2f_g2m	technical_positive_control	a	HALLMARK_E2F_TARGETS	target	CNOT9	0.3205802551482863	3700	21
e2f_g2m	technical_positive_control	a	HALLMARK_E2F_TARGETS	target	CSE1L	0.9383768315254661	6745	23
e2f_g2m	technical_positive_control	a	HALLMARK_E2F_TARGETS	target	CTPS1	0.20625464127954193	2438	19
e2f_g2m	technical_positive_control	a	HALLMARK_E2F_TARGETS	target	DCK	0.05634499903777845	824	15
e2f_g2m	technical_positive_control	a	HALLMARK_E2F_TARGETS	target	DCLRE1B	0.01698247927983165	260	13
e2f_g2m	technical_positive_control	a	HALLMARK_E2F_TARGETS	target	DCTPP1	0.16857099580737964	1985	19
e2f_g2m	technical_positive_control	a	HALLMARK_E2F_TARGETS	target	DEK	1.2850577948660682	8405	24
e2f_g2m	technical_positive_control	a	HALLMARK_E2F_TARGETS	target	DEPDC1	0.07212073640691102	744	16
e2f_g2m	technical_positive_control	a	HALLMARK_E2F_TARGETS	target	DIAPH3	1.3739005614357565	3366	24
e2f_g2m	technical_positive_control	a	HALLMARK_E2F_TARGETS	target	DLGAP5	0.11588244640638788	1111	17
e2f_g2m	technical_positive_control	a	HALLMARK_E2F_TARGETS	target	DNMT1	0.4081299110257623	3760	21
e2f_g2m	technical_positive_control	a	HALLMARK_E2F_TARGETS	target	DONSON	0.08715139682113185	1216	17
e2f_g2m	technical_positive_control	a	HALLMARK_E2F_TARGETS	target	DSCC1	0.12700192898826476	1420	18
e2f_g2m	technical_positive_control	a	HALLMARK_E2F_TARGETS	target	DUT	0.26895870476378503	3114	20
e2f_g2m	technical_positive_control	a	HALLMARK_E2F_TARGETS	target	E2F8	0.06108372037880896	728	16
e2f_g2m	technical_positive_control	a	HALLMARK_E2F_TARGETS	target	EED	0.23820000170388	2874	20
e2f_g2m	technical_positive_control	a	HALLMARK_E2F_TARGETS	target	EIF2S1	0.41179656213954197	4210	21
e2f_g2m	technical_positive_control	a	HALLMARK_E2F_TARGETS	target	EXOSC8	0.3138405851886225	3623	21
e2f_g2m	technical_positive_control	a	HALLMARK_E2F_TARGETS	target	GINS1	0.35236958851559047	2761	21
e2f_g2m	technical_positive_control	a	HALLMARK_E2F_TARGETS	target	GINS3	0.028258667949644527	420	14
e2f_g2m	technical_positive_control	a	HALLMARK_E2F_TARGETS	target	GINS4	0.07614024271933174	976	16
e2f_g2m	technical_positive_control	a	HALLMARK_E2F_TARGETS	target	HELLS	0.40341632438708225	3096	21
e2f_g2m	technical_positive_control	a	HALLMARK_E2F_TARGETS	target	HMGB2	0.4165286175114081	3143	21
e2f_g2m	technical_positive_control	a	HALLMARK_E2F_TARGETS	target	ING3	0.16333668085195768	2150	19
e2f_g2m	technical_positive_control	a	HALLMARK_E2F_TARGETS	target	IPO7	1.0454189548993424	7456	23
e2f_g2m	technical_positive_control	a	HALLMARK_E2F_TARGETS	target	KIF18B	0.24618019910016303	1592	20
e2f_g2m	technical_positive_control	a	HALLMARK_E2F_TARGETS	target	LIG1	0.15145944086912164	1853	18
e2f_g2m	technical_positive_control	a	HALLMARK_E2F_TARGETS	target	LUC7L3	1.9861072489290301	11497	24
e2f_g2m	technical_positive_control	a	HALLMARK_E2F_TARGETS	target	LYAR	0.16379971309562744	2054	19
e2f_g2m	technical_positive_control	a	HALLMARK_E2F_TARGETS	target	MCM4	0.29586796949250693	2692	20
e2f_g2m	technical_positive_control	a	HALLMARK_E2F_TARGETS	target	MCM7	0.4136106475458892	4127	21
e2f_g2m	technical_positive_control	a	HALLMARK_E2F_TARGETS	target	MELK	0.3248314409061177	2295	21
e2f_g2m	technical_positive_control	a	HALLMARK_E2F_TARGETS	target	MLH1	0.15826043541884588	2072	18
e2f_g2m	technical_positive_control	a	HALLMARK_E2F_TARGETS	target	MMS22L	0.7526792595958239	5082	23
e2f_g2m	technical_positive_control	a	HALLMARK_E2F_TARGETS	target	MRE11	0.6341741008094034	5817	22
e2f_g2m	technical_positive_control	a	HALLMARK_E2F_TARGETS	target	MSH2	0.42891467395173705	4021	22
e2f_g2m	technical_positive_control	a	HALLMARK_E2F_TARGETS	target	MTHFD2	0.24996185496526727	2618	20
e2f_g2m	technical_positive_control	a	HALLMARK_E2F_TARGETS	target	MXD3	0.05473587250149568	761	15
e2f_g2m	technical_positive_control	a	HALLMARK_E2F_TARGETS	target	NAA38	0.2868176937006477	3364	20
e2f_g2m	technical_positive_control	a	HALLMARK_E2F_TARGETS	target	NAP1L1	1.5602649255206642	8365	24
e2f_g2m	technical_positive_control	a	HALLMARK_E2F_TARGETS	target	NBN	0.4402344899395294	4412	22
e2f_g2m	technical_positive_control	a	HALLMARK_E2F_TARGETS	target	NCAPD2	0.2467541812070719	2537	20
e2f_g2m	technical_positive_control	a	HALLMARK_E2F_TARGETS	target	NME1	0.45883059498855533	3804	22
e2f_g2m	technical_positive_control	a	HALLMARK_E2F_TARGETS	target	NOP56	0.6715397308764709	5726	23
e2f_g2m	technical_positive_control	a	HALLMARK_E2F_TARGETS	target	NUDT21	0.28090189112789754	3235	20
e2f_g2m	technical_positive_control	a	HALLMARK_E2F_TARGETS	target	NUP107	0.7504836560985985	6155	23
e2f_g2m	technical_positive_control	a	HALLMARK_E2F_TARGETS	target	NUP153	0.9061192250414106	7170	23
e2f_g2m	technical_positive_control	a	HALLMARK_E2F_TARGETS	target	NUP205	0.5354927744083682	5076	22
e2f_g2m	technical_positive_control	a	HALLMARK_E2F_TARGETS	target	ORC2	0.9997949122943228	7690	23
e2f_g2m	technical_positive_control	a	HALLMARK_E2F_TARGETS	target	PA2G4	0.6864201811521742	5326	23
e2f_g2m	technical_positive_control	a	HALLMARK_E2F_TARGETS	target	PAICS	0.5348724488859371	4882	22
e2f_g2m	technical_positive_control	a	HALLMARK_E2F_TARGETS	target	PAN2	0.164829399894898	2225	19
e2f_g2m	technical_positive_control	a	HALLMARK_E2F_TARGETS	target	PCNA	0.37355808297239496	3272	21
e2f_g2m	technical_positive_control	a	HALLMARK_E2F_TARGETS	target	PHF5A	0.08389446721829658	1142	17
e2f_g2m	technical_positive_control	a	HALLMARK_E2F_TARGETS	target	PMS2	0.14209575514275433	1945	18
e2f_g2m	technical_positive_control	a	HALLMARK_E2F_TARGETS	target	PNN	0.8350412960509412	7324	23
e2f_g2m	technical_positive_control	a	HALLMARK_E2F_TARGETS	target	POLD1	0.0771569775212555	1047	16
e2f_g2m	technical_positive_control	a	HALLMARK_E2F_TARGETS	target	POLD2	0.304562394258881	3237	21
e2f_g2m	technical_positive_control	a	HALLMARK_E2F_TARGETS	target	POLD3	0.26610067633084644	2930	20
e2f_g2m	technical_positive_control	a	HALLMARK_E2F_TARGETS	target	POLE4	0.22038720248156393	2410	19
e2f_g2m	technical_positive_control	a	HALLMARK_E2F_TARGETS	target	POP7	0.11263187382935921	1457	17
e2f_g2m	technical_positive_control	a	HALLMARK_E2F_TARGETS	target	PPM1D	0.27320770097148184	3141	20
e2f_g2m	technical_positive_control	a	HALLMARK_E2F_TARGETS	target	PPP1R8	0.12937842609657624	1698	18
e2f_g2m	technical_positive_control	a	HALLMARK_E2F_TARGETS	target	PRDX4	0.6583181905287763	5201	23
e2f_g2m	technical_positive_control	a	HALLMARK_E2F_TARGETS	target	PRKDC	2.7991162315639326	11012	24
e2f_g2m	technical_positive_control	a	HALLMARK_E2F_TARGETS	target	PRPS1	0.04567226234378309	672	15
e2f_g2m	technical_positive_control	a	HALLMARK_E2F_TARGETS	target	PSIP1	0.3343093782129055	3606	21
e2f_g2m	technical_positive_control	a	HALLMARK_E2F_TARGETS	target	PSMC3IP	0.025011344423329168	364	14
e2f_g2m	technical_positive_control	a	HALLMARK_E2F_TARGETS	target	RAD1	0.1114335795562535	1462	17
e2f_g2m	technical_positive_control	a	HALLMARK_E2F_TARGETS	target	RAD50	0.9988171335788409	7772	23
e2f_g2m	technical_positive_control	a	HALLMARK_E2F_TARGETS	target	RAD51AP1	0.1312976134911312	1374	18
e2f_g2m	technical_positive_control	a	HALLMARK_E2F_TARGETS	target	RAD51C	0.11544379454369749	1501	17
e2f_g2m	technical_positive_control	a	HALLMARK_E2F_TARGETS	target	RAN	0.9358691421311082	5893	23
e2f_g2m	technical_positive_control	a	HALLMARK_E2F_TARGETS	target	RANBP1	0.3434975114259798	3251	21
e2f_g2m	technical_positive_control	a	HALLMARK_E2F_TARGETS	target	RBBP7	0.42238626270709917	4317	22
e2f_g2m	technical_positive_control	a	HALLMARK_E2F_TARGETS	target	RFC1	0.426804317418457	4520	22
e2f_g2m	technical_positive_control	a	HALLMARK_E2F_TARGETS	target	RFC2	0.14455992456631925	1794	18
e2f_g2m	technical_positive_control	a	HALLMARK_E2F_TARGETS	target	RFC3	0.5046339259952455	3815	22
e2f_g2m	technical_positive_control	a	HALLMARK_E2F_TARGETS	target	RNASEH2A	0.022143509592894704	330	13
e2f_g2m	technical_positive_control	a	HALLMARK_E2F_TARGETS	target	RPA1	0.2541112306340067	2874	20
e2f_g2m	technical_positive_control	a	HALLMARK_E2F_TARGETS	target	RPA3	0.3949298799518213	4225	21
e2f_g2m	technical_positive_control	a	HALLMARK_E2F_TARGETS	target	RRM2	0.47734649557483144	2650	22
e2f_g2m	technical_positive_control	a	HALLMARK_E2F_TARGETS	target	SHMT1	0.14679764945485163	1852	18
e2f_g2m	technical_positive_control	a	HALLMARK_E2F_TARGETS	target	SLBP	0.18456980763462216	2287	19
e2f_g2m	technical_positive_control	a	HALLMARK_E2F_TARGETS	target	SMC3	0.497769974498359	4697	22
e2f_g2m	technical_positive_control	a	HALLMARK_E2F_TARGETS	target	SMC6	0.6054120567250929	5442	22
e2f_g2m	technical_positive_control	a	HALLMARK_E2F_TARGETS	target	SNRPB	1.1635543704703095	6717	24
e2f_g2m	technical_positive_control	a	HALLMARK_E2F_TARGETS	target	SPAG5	0.05094152101087456	651	15
e2f_g2m	technical_positive_control	a	HALLMARK_E2F_TARGETS	target	SPC24	0.04178903737158428	553	15
e2f_g2m	technical_positive_control	a	HALLMARK_E2F_TARGETS	target	SPC25	0.2405330545898231	2246	20
e2f_g2m	technical_positive_control	a	HALLMARK_E2F_TARGETS	target	SSRP1	0.2928200637283747	3150	20
e2f_g2m	technical_positive_control	a	HALLMARK_E2F_TARGETS	target	TBRG4	0.23592546417098248	2926	20
e2f_g2m	technical_positive_control	a	HALLMARK_E2F_TARGETS	target	TCF19	0.05426244800240764	714	15
e2f_g2m	technical_positive_control	a	HALLMARK_E2F_TARGETS	target	TFRC	0.8005370974179548	6792	23
e2f_g2m	technical_positive_control	a	HALLMARK_E2F_TARGETS	target	TIMELESS	0.09978596458533956	1280	17
e2f_g2m	technical_positive_control	a	HALLMARK_E2F_TARGETS	target	TIPIN	0.07374479882505215	1031	16
e2f_g2m	technical_positive_control	a	HALLMARK_E2F_TARGETS	target	TK1	0.09970883828232897	1146	17
e2f_g2m	technical_positive_control	a	HALLMARK_E2F_TARGETS	target	TP53	0.2633700562793789	2830	20
e2f_g2m	technical_positive_control	a	HALLMARK_E2F_TARGETS	target	TRIP13	0.06394047164196175	856	16
e2f_g2m	technical_positive_control	a	HALLMARK_E2F_TARGETS	target	TUBB	0.5806191898805576	4578	22
e2f_g2m	technical_positive_control	a	HALLMARK_E2F_TARGETS	target	TUBG1	0.060410137443541304	831	16
e2f_g2m	technical_positive_control	a	HALLMARK_E2F_TARGETS	target	UBE2T	0.11719266305269743	1395	17
e2f_g2m	technical_positive_control	a	HALLMARK_E2F_TARGETS	target	UBR7	0.09014211989065667	1189	17
e2f_g2m	technical_positive_control	a	HALLMARK_E2F_TARGETS	target	UNG	0.1367840172498497	1689	18
e2f_g2m	technical_positive_control	a	HALLMARK_E2F_TARGETS	target	USP1	0.22951122127471887	2516	20
e2f_g2m	technical_positive_control	a	HALLMARK_E2F_TARGETS	target	WDR90	0.13639430142229367	1780	18
e2f_g2m	technical_positive_control	a	HALLMARK_E2F_TARGETS	target	WEE1	0.7607431995726445	5130	23
e2f_g2m	technical_positive_control	a	HALLMARK_E2F_TARGETS	target	XRCC6	0.672421738510017	5610	23
e2f_g2m	technical_positive_control	a	HALLMARK_E2F_TARGETS	target	ZW10	0.1684701418443266	2088	19
e2f_g2m	technical_positive_control	b	HALLMARK_G2M_CHECKPOINT	control	AAMDC	0.30262085951963	3436	21
e2f_g2m	technical_positive_control	b	HALLMARK_G2M_CHECKPOINT	control	AARSD1	0.2153122369901579	2672	19
e2f_g2m	technical_positive_control	b	HALLMARK_G2M_CHECKPOINT	control	ABHD18	0.645594967819703	6015	23
e2f_g2m	technical_positive_control	b	HALLMARK_G2M_CHECKPOINT	control	ABITRAM	0.10086138990178711	1408	17
e2f_g2m	technical_positive_control	b	HALLMARK_G2M_CHECKPOINT	control	ABO	0.7562142204758794	6587	23
e2f_g2m	technical_positive_control	b	HALLMARK_G2M_CHECKPOINT	control	AC005081.1	0.02588044145029976	392	14
e2f_g2m	technical_positive_control	b	HALLMARK_G2M_CHECKPOINT	control	AC005280.1	0.04284877314380816	608	15
e2f_g2m	technical_positive_control	b	HALLMARK_G2M_CHECKPOINT	control	AC005323.1	0.0009112662138755128	16	6
e2f_g2m	technical_positive_control	b	HALLMARK_G2M_CHECKPOINT	control	AC005332.6	0.04799033927697064	711	15
e2f_g2m	technical_positive_control	b	HALLMARK_G2M_CHECKPOINT	control	AC005920.1	0.03167737387755985	466	14
e2f_g2m	technical_positive_control	b	HALLMARK_G2M_CHECKPOINT	control	AC005993.1	0.22950941617994103	2549	20
e2f_g2m	technical_positive_control	b	HALLMARK_G2M_CHECKPOINT	control	AC007193.1	0.02640822339723629	402	14
e2f_g2m	technical_positive_control	b	HALLMARK_G2M_CHECKPOINT	control	AC007878.1	0.030024933799364984	471	14
e2f_g2m	technical_positive_control	b	HALLMARK_G2M_CHECKPOINT	control	AC009365.4	0.03754533393459427	558	15
e2f_g2m	technical_positive_control	b	HALLMARK_G2M_CHECKPOINT	control	AC009495.3	0.03547411005474196	511	14
e2f_g2m	technical_positive_control	b	HALLMARK_G2M_CHECKPOINT	control	AC009505.1	0.06524080260345472	933	16
e2f_g2m	technical_positive_control	b	HALLMARK_G2M_CHECKPOINT	control	AC011029.1	1.6520203588322997	2567	24
e2f_g2m	technical_positive_control	b	HALLMARK_G2M_CHECKPOINT	control	AC011124.1	0.0009827973305140277	16	6
e2f_g2m	technical_positive_control	b	HALLMARK_G2M_CHECKPOINT	control	AC011444.1	0.029841136927532874	464	14
e2f_g2m	technical_positive_control	b	HALLMARK_G2M_CHECKPOINT	control	AC011921.1	0.0497793203864466	701	15
e2f_g2m	technical_positive_control	b	HALLMARK_G2M_CHECKPOINT	control	AC012085.2	0.07571016026508265	1061	16
e2f_g2m	technical_positive_control	b	HALLMARK_G2M_CHECKPOINT	control	AC016745.1	0.3708452579529683	3196	21
e2f_g2m	technical_positive_control	b	HALLMARK_G2M_CHECKPOINT	control	AC017071.1	0.07785109482443582	1107	16
e2f_g2m	technical_positive_control	b	HALLMARK_G2M_CHECKPOINT	control	AC021054.1	0.10579842684962815	1226	17
e2f_g2m	technical_positive_control	b	HALLMARK_G2M_CHECKPOINT	control	AC021733.2	0.0009543415205759695	15	6
e2f_g2m	technical_positive_control	b	HALLMARK_G2M_CHECKPOINT	control	AC023781.1	0.0009369729527140985	11	6
e2f_g2m	technical_positive_control	b	HALLMARK_G2M_CHECKPOINT	control	AC024267.4	0.029641396047784676	463	14
e2f_g2m	technical_positive_control	b	HALLMARK_G2M_CHECKPOINT	control	AC025165.4	0.0013020551119130926	20	6
e2f_g2m	technical_positive_control	b	HALLMARK_G2M_CHECKPOINT	control	AC025166.1	0.001061902679742645	16	6
e2f_g2m	technical_positive_control	b	HALLMARK_G2M_CHECKPOINT	control	AC026458.2	0.0010619179766679387	18	6
e2f_g2m	technical_positive_control	b	HALLMARK_G2M_CHECKPOINT	control	AC027018.1	0.2539673713370683	2880	20
e2f_g2m	technical_positive_control	b	HALLMARK_G2M_CHECKPOINT	control	AC027682.6	0.0011760079348375567	21	6
e2f_g2m	technical_positive_control	b	HALLMARK_G2M_CHECKPOINT	control	AC036176.3	0.05856515382929572	521	16
e2f_g2m	technical_positive_control	b	HALLMARK_G2M_CHECKPOINT	control	AC067930.1	0.0009363998746624731	15	6
e2f_g2m	technical_positive_control	b	HALLMARK_G2M_CHECKPOINT	control	AC073046.3	0.07707440263364637	1133	16
e2f_g2m	technical_positive_control	b	HALLMARK_G2M_CHECKPOINT	control	AC073343.2	0.12331364239555605	1687	18
e2f_g2m	technical_positive_control	b	HALLMARK_G2M_CHECKPOINT	control	AC074254.2	0.0010911853966196771	18	6
e2f_g2m	technical_positive_control	b	HALLMARK_G2M_CHECKPOINT	control	AC078785.1	0.03767415290658031	518	15
e2f_g2m	technical_positive_control	b	HALLMARK_G2M_CHECKPOINT	control	AC079781.5	0.8540011109898622	7541	23
e2f_g2m	technical_positive_control	b	HALLMARK_G2M_CHECKPOINT	control	AC083864.2	0.0009285940155337462	16	6
e2f_g2m	technical_positive_control	b	HALLMARK_G2M_CHECKPOINT	control	AC083870.1	0.08159309095299842	1057	16
e2f_g2m	technical_positive_control	b	HALLMARK_G2M_CHECKPOINT	control	AC087280.2	0.16576725505890422	1642	19
e2f_g2m	technical_positive_control	b	HALLMARK_G2M_CHECKPOINT	control	AC087286.2	0.15537045338225527	2147	18
e2f_g2m	technical_positive_control	b	HALLMARK_G2M_CHECKPOINT	control	AC087500.1	0.08943043400207894	1181	17
e2f_g2m	technical_positive_control	b	HALLMARK_G2M_CHECKPOINT	control	AC090589.2	0.030573102251208066	462	14
e2f_g2m	technical_positive_control	b	HALLMARK_G2M_CHECKPOINT	control	AC092614.1	0.027330560641461808	399	14
e2f_g2m	technical_positive_control	b	HALLMARK_G2M_CHECKPOINT	control	AC092821.3	0.1142274124175634	1486	17
e2f_g2m	technical_positive_control	b	HALLMARK_G2M_CHECKPOINT	control	AC093765.2	0.0012366483150307995	18	6
e2f_g2m	technical_positive_control	b	HALLMARK_G2M_CHECKPOINT	control	AC093866.1	0.059707882860940156	511	16
e2f_g2m	technical_positive_control	b	HALLMARK_G2M_CHECKPOINT	control	AC097499.2	0.0011243675432569182	18	6
e2f_g2m	technical_positive_control	b	HALLMARK_G2M_CHECKPOINT	control	AC098588.3	0.07748649458248082	866	16
e2f_g2m	technical_positive_control	b	HALLMARK_G2M_CHECKPOINT	control	AC100778.2	0.001077987787479151	18	6
e2f_g2m	technical_positive_control	b	HALLMARK_G2M_CHECKPOINT	control	AC100810.1	0.0269050674870293	431	14
e2f_g2m	technical_positive_control	b	HALLMARK_G2M_CHECKPOINT	control	AC104823.1	0.04870654275009409	486	15
e2f_g2m	technical_positive_control	b	HALLMARK_G2M_CHECKPOINT	control	AC105052.4	0.11367804096851476	1627	17
e2f_g2m	technical_positive_control	b	HALLMARK_G2M_CHECKPOINT	control	AC105402.3	0.5684435542211419	3061	22
e2f_g2m	technical_positive_control	b	HALLMARK_G2M_CHECKPOINT	control	AC112236.1	0.001061902679742645	15	6
e2f_g2m	technical_positive_control	b	HALLMARK_G2M_CHECKPOINT	control	AC125603.1	0.030426642160381684	432	14
e2f_g2m	technical_positive_control	b	HALLMARK_G2M_CHECKPOINT	control	AC131571.1	0.17694730827620606	2180	19
e2f_g2m	technical_positive_control	b	HALLMARK_G2M_CHECKPOINT	control	AC142472.1	0.026724223838441332	405	14
e2f_g2m	technical_positive_control	b	HALLMARK_G2M_CHECKPOINT	control	AC244197.2	0.03728879970229081	557	15
e2f_g2m	technical_positive_control	b	HALLMARK_G2M_CHECKPOINT	control	AC245297.3	0.7525349621680713	6317	23
e2f_g2m	technical_positive_control	b	HALLMARK_G2M_CHECKPOINT	control	AC254562.2	0.001148725346776069	19	6
e2f_g2m	technical_positive_control	b	HALLMARK_G2M_CHECKPOINT	control	ACER2	0.19377721217721283	1987	19
e2f_g2m	technical_positive_control	b	HALLMARK_G2M_CHECKPOINT	control	ACHE	0.0736676231338466	912	16
e2f_g2m	technical_positive_control	b	HALLMARK_G2M_CHECKPOINT	control	ACSL3	0.8673531534212493	6204	23
e2f_g2m	technical_positive_control	b	HALLMARK_G2M_CHECKPOINT	control	ACTN4	2.878564933933313	11626	24
e2f_g2m	technical_positive_control	b	HALLMARK_G2M_CHECKPOINT	control	ADAM10	1.1531127803337111	8654	24
e2f_g2m	technical_positive_control	b	HALLMARK_G2M_CHECKPOINT	control	AGO4	0.3784938975521715	4209	21
e2f_g2m	technical_positive_control	b	HALLMARK_G2M_CHECKPOINT	control	AKAP17A	0.2869117636990063	3494	20
e2f_g2m	technical_positive_control	b	HALLMARK_G2M_CHECKPOINT	control	AL034349.1	0.0011868324067711915	19	6
e2f_g2m	technical_positive_control	b	HALLMARK_G2M_CHECKPOINT	control	AL035416.1	0.03601430229634631	529	14
e2f_g2m	technical_positive_control	b	HALLMARK_G2M_CHECKPOINT	control	AL035693.1	0.024870344548365626	376	14
e2f_g2m	technical_positive_control	b	HALLMARK_G2M_CHECKPOINT	control	AL110115.1	0.0009192751128443164	15	6
e2f_g2m	technical_positive_control	b	HALLMARK_G2M_CHECKPOINT	control	AL117341.1	0.0013406740389710792	22	6
e2f_g2m	technical_positive_control	b	HALLMARK_G2M_CHECKPOINT	control	AL133372.2	0.03957343982037315	432	15
e2f_g2m	technical_positive_control	b	HALLMARK_G2M_CHECKPOINT	control	AL135910.1	0.025879453090689408	362	14
e2f_g2m	technical_positive_control	b	HALLMARK_G2M_CHECKPOINT	control	AL137800.1	0.035061889983286736	466	14
e2f_g2m	technical_positive_control	b	HALLMARK_G2M_CHECKPOINT	control	AL138694.1	0.0012734059677913952	24	6
e2f_g2m	technical_positive_control	b	HALLMARK_G2M_CHECKPOINT	control	AL139353.2	0.03262613998286551	480	14
e2f_g2m	technical_positive_control	b	HALLMARK_G2M_CHECKPOINT	control	AL139807.1	0.24386217506242056	2633	20
e2f_g2m	technical_positive_control	b	HALLMARK_G2M_CHECKPOINT	control	AL157936.1	0.0011243675432569182	17	6
e2f_g2m	technical_positive_control	b	HALLMARK_G2M_CHECKPOINT	control	AL354733.3	0.1108402833626445	1565	17
e2f_g2m	technical_positive_control	b	HALLMARK_G2M_CHECKPOINT	control	AL355353.1	0.04340437825149498	657	15
e2f_g2m	technical_positive_control	b	HALLMARK_G2M_CHECKPOINT	control	AL355870.1	0.0009286525702370763	14	6
e2f_g2m	technical_positive_control	b	HALLMARK_G2M_CHECKPOINT	control	AL355922.4	0.10025649108269477	855	17
e2f_g2m	technical_positive_control	b	HALLMARK_G2M_CHECKPOINT	control	AL357873.1	0.146302384349212	1732	18
e2f_g2m	technical_positive_control	b	HALLMARK_G2M_CHECKPOINT	control	AL359643.3	0.026505203601965375	384	14
e2f_g2m	technical_positive_control	b	HALLMARK_G2M_CHECKPOINT	control	AL365181.3	0.04776898930272199	587	15
e2f_g2m	technical_positive_control	b	HALLMARK_G2M_CHECKPOINT	control	AL390783.1	0.02738390914787242	343	14
e2f_g2m	technical_positive_control	b	HALLMARK_G2M_CHECKPOINT	control	AL391095.1	0.02757412709379054	402	14
e2f_g2m	technical_positive_control	b	HALLMARK_G2M_CHECKPOINT	control	AL391097.1	0.0012995776174707326	26	6
e2f_g2m	technical_positive_control	b	HALLMARK_G2M_CHECKPOINT	control	AL391839.1	0.06236286748318643	860	16
e2f_g2m	technical_positive_control	b	HALLMARK_G2M_CHECKPOINT	control	AL442003.1	0.03636307254395472	550	14
e2f_g2m	technical_positive_control	b	HALLMARK_G2M_CHECKPOINT	control	AL450467.1	0.0011999921807939583	20	6
e2f_g2m	technical_positive_control	b	HALLMARK_G2M_CHECKPOINT	control	AL513548.3	0.0009820572038274384	16	6
e2f_g2m	technical_positive_control	b	HALLMARK_G2M_CHECKPOINT	control	AL589863.1	0.0012582891651353831	31	6
e2f_g2m	technical_positive_control	b	HALLMARK_G2M_CHECKPOINT	control	AL591043.2	0.054314346813576095	683	15
e2f_g2m	technical_positive_control	b	HALLMARK_G2M_CHECKPOINT	control	AL606500.1	0.001144486275907087	16	6
e2f_g2m	technical_positive_control	b	HALLMARK_G2M_CHECKPOINT	control	ALDH18A1	0.5550364392267231	5197	22
e2f_g2m	technical_positive_control	b	HALLMARK_G2M_CHECKPOINT	control	ALS2	0.28065995929823334	3117	20
e2f_g2m	technical_positive_control	b	HALLMARK_G2M_CHECKPOINT	control	AMPD2	0.09195801470231145	1355	17
e2f_g2m	technical_positive_control	b	HALLMARK_G2M_CHECKPOINT	control	ANGEL2	0.30513468054309106	3544	21
e2f_g2m	technical_positive_control	b	HALLMARK_G2M_CHECKPOINT	control	ANKRD36B	0.35112720672817227	3872	21
e2f_g2m	technical_positive_control	b	HALLMARK_G2M_CHECKPOINT	control	ANKRD36C	0.898671501794503	6571	23
e2f_g2m	technical_positive_control	b	HALLMARK_G2M_CHECKPOINT	control	ANKS3	0.2582098915982164	3141	20
e2f_g2m	technical_positive_control	b	HALLMARK_G2M_CHECKPOINT	control	AP000866.6	0.033799031105603866	517	14
e2f_g2m	technical_positive_control	b	HALLMARK_G2M_CHECKPOINT	control	AP001830.1	0.02834301551230222	424	14
e2f_g2m	technical_positive_control	b	HALLMARK_G2M_CHECKPOINT	control	AP002495.1	0.43396787628465416	4421	22
e2f_g2m	technical_positive_control	b	HALLMARK_G2M_CHECKPOINT	control	AP002784.1	0.041325973678077485	583	15
e2f_g2m	technical_positive_control	b	HALLMARK_G2M_CHECKPOINT	control	AP003086.1	0.27295460826423223	3156	20
e2f_g2m	technical_positive_control	b	HALLMARK_G2M_CHECKPOINT	control	AP005131.1	0.038821199834737724	596	15
e2f_g2m	technical_positive_control	b	HALLMARK_G2M_CHECKPOINT	control	AP1AR	0.4554795243134082	4641	22
e2f_g2m	technical_positive_control	b	HALLMARK_G2M_CHECKPOINT	control	AP1S1	0.26144184113047775	3056	20
e2f_g2m	technical_positive_control	b	HALLMARK_G2M_CHECKPOINT	control	AQP12B	0.0009994378162283717	16	6
e2f_g2m	technical_positive_control	b	HALLMARK_G2M_CHECKPOINT	control	ARFRP1	0.14064501254337697	1926	18
e2f_g2m	technical_positive_control	b	HALLMARK_G2M_CHECKPOINT	control	ARHGAP11B	0.24917427730914798	1790	20
e2f_g2m	technical_positive_control	b	HALLMARK_G2M_CHECKPOINT	control	ARL17A	0.4113734251994607	4159	21
e2f_g2m	technical_positive_control	b	HALLMARK_G2M_CHECKPOINT	control	ARL2	0.21426401043959847	2448	19
e2f_g2m	technical_positive_control	b	HALLMARK_G2M_CHECKPOINT	control	ARMCX6	0.056379397611189444	838	15
e2f_g2m	technical_positive_control	b	HALLMARK_G2M_CHECKPOINT	control	ARSI	0.0010348860302635057	18	6
e2f_g2m	technical_positive_control	b	HALLMARK_G2M_CHECKPOINT	control	ASIC1	0.050866742678127415	714	15
e2f_g2m	technical_positive_control	b	HALLMARK_G2M_CHECKPOINT	control	ASIC3	0.0012636922637483117	22	6
e2f_g2m	technical_positive_control	b	HALLMARK_G2M_CHECKPOINT	control	ATF7	0.7193239351387917	6458	23
e2f_g2m	technical_positive_control	b	HALLMARK_G2M_CHECKPOINT	control	ATG16L2	0.10453815557641123	1527	17
e2f_g2m	technical_positive_control	b	HALLMARK_G2M_CHECKPOINT	control	ATG4C	0.17083711922168746	2133	19
e2f_g2m	technical_positive_control	b	HALLMARK_G2M_CHECKPOINT	control	ATP5ME	0.4465389810076685	4502	22
e2f_g2m	technical_positive_control	b	HALLMARK_G2M_CHECKPOINT	control	ATP6V0E1	0.6657322214823151	6006	23
e2f_g2m	technical_positive_control	b	HALLMARK_G2M_CHECKPOINT	control	B4GALT3	0.09928246492806071	1381	17
e2f_g2m	technical_positive_control	b	HALLMARK_G2M_CHECKPOINT	control	BAG3	0.10188378653436052	1254	17
e2f_g2m	technical_positive_control	b	HALLMARK_G2M_CHECKPOINT	control	BAK1	0.059657638254584984	867	16
e2f_g2m	technical_positive_control	b	HALLMARK_G2M_CHECKPOINT	control	BCOR	0.30021124335610005	3441	20
e2f_g2m	technical_positive_control	b	HALLMARK_G2M_CHECKPOINT	control	BFSP1	0.0360487702747847	506	14
e2f_g2m	technical_positive_control	b	HALLMARK_G2M_CHECKPOINT	control	BLVRB	0.23012398555386143	2700	20
e2f_g2m	technical_positive_control	b	HALLMARK_G2M_CHECKPOINT	control	BMP1	0.06840453918068508	1040	16
e2f_g2m	technical_positive_control	b	HALLMARK_G2M_CHECKPOINT	control	BRD9	0.4983407337509636	5238	22
e2f_g2m	technical_positive_control	b	HALLMARK_G2M_CHECKPOINT	control	BRWD3	0.8288595826466931	6869	23
e2f_g2m	technical_positive_control	b	HALLMARK_G2M_CHECKPOINT	control	BX842570.1	0.04322146261733955	645	15
e2f_g2m	technical_positive_control	b	HALLMARK_G2M_CHECKPOINT	control	C12ORF56	0.03673621861535086	510	14
e2f_g2m	technical_positive_control	b	HALLMARK_G2M_CHECKPOINT	control	C1ORF131	0.2497691121916913	2987	20
e2f_g2m	technical_positive_control	b	HALLMARK_G2M_CHECKPOINT	control	C2ORF81	0.02882972839391093	413	14
e2f_g2m	technical_positive_control	b	HALLMARK_G2M_CHECKPOINT	control	C4ORF47	0.03490895303745199	473	14
e2f_g2m	technical_positive_control	b	HALLMARK_G2M_CHECKPOINT	control	C5ORF34	0.06397389133222704	851	16
e2f_g2m	technical_positive_control	b	HALLMARK_G2M_CHECKPOINT	control	C6ORF132	0.3770114592456215	3763	21
e2f_g2m	technical_positive_control	b	HALLMARK_G2M_CHECKPOINT	control	C9ORF40	0.09531845846661047	1339	17
e2f_g2m	technical_positive_control	b	HALLMARK_G2M_CHECKPOINT	control	CA13	0.404749349419588	3989	21
e2f_g2m	technical_positive_control	b	HALLMARK_G2M_CHECKPOINT	control	CAB39L	0.46436655000145266	4284	22
e2f_g2m	technical_positive_control	b	HALLMARK_G2M_CHECKPOINT	control	CACNA1C	0.16185844741312846	2063	18
e2f_g2m	technical_positive_control	b	HALLMARK_G2M_CHECKPOINT	control	CACNA1D	2.368712984206518	7630	24
e2f_g2m	technical_positive_control	b	HALLMARK_G2M_CHECKPOINT	control	CBLB	1.8621611696648075	10139	24
e2f_g2m	technical_positive_control	b	HALLMARK_G2M_CHECKPOINT	control	CBX3	1.09045719218377	8179	23
e2f_g2m	technical_positive_control	b	HALLMARK_G2M_CHECKPOINT	control	CCDC50	0.5869049004630048	5709	22
e2f_g2m	technical_positive_control	b	HALLMARK_G2M_CHECKPOINT	control	CCDC9	0.05418893903562765	811	15
e2f_g2m	technical_positive_control	b	HALLMARK_G2M_CHECKPOINT	control	CCDC97	0.08243378069400938	1161	16
e2f_g2m	technical_positive_control	b	HALLMARK_G2M_CHECKPOINT	control	CCDC9B	0.055831975504701085	764	15
e2f_g2m	technical_positive_control	b	HALLMARK_G2M_CHECKPOINT	control	CCL28	0.1238347458522202	1438	18
e2f_g2m	technical_positive_control	b	HALLMARK_G2M_CHECKPOINT	control	CCT6B	0.03612277641668113	507	14
e2f_g2m	technical_positive_control	b	HALLMARK_G2M_CHECKPOINT	control	CDC42EP3	0.11176164113359781	1442	17
e2f_g2m	technical_positive_control	b	HALLMARK_G2M_CHECKPOINT	control	CDH12	0.024467863307707213	285	14
e2f_g2m	technical_positive_control	b	HALLMARK_G2M_CHECKPOINT	control	CDK2AP2	0.1682134467215544	1979	19
e2f_g2m	technical_positive_control	b	HALLMARK_G2M_CHECKPOINT	control	CEP70	0.27975001838855207	2863	20
e2f_g2m	technical_positive_control	b	HALLMARK_G2M_CHECKPOINT	control	CEP83	0.9094611597586847	6817	23
e2f_g2m	technical_positive_control	b	HALLMARK_G2M_CHECKPOINT	control	CHAMP1	0.1066357091779422	1432	17
e2f_g2m	technical_positive_control	b	HALLMARK_G2M_CHECKPOINT	control	CHCHD3	2.526268703194828	11432	24
e2f_g2m	technical_positive_control	b	HALLMARK_G2M_CHECKPOINT	control	CHD1L	0.043319162590319434	645	15
e2f_g2m	technical_positive_control	b	HALLMARK_G2M_CHECKPOINT	control	CHDH	0.4348864086310673	4547	22
e2f_g2m	technical_positive_control	b	HALLMARK_G2M_CHECKPOINT	control	CHRNG	0.029852104265943438	450	14
e2f_g2m	technical_positive_control	b	HALLMARK_G2M_CHECKPOINT	control	CHST12	0.08200431267879645	1206	16
e2f_g2m	technical_positive_control	b	HALLMARK_G2M_CHECKPOINT	control	CIB1	0.2846908794905759	3174	20
e2f_g2m	technical_positive_control	b	HALLMARK_G2M_CHECKPOINT	control	CIZ1	0.20033792884146254	2580	19
e2f_g2m	technical_positive_control	b	HALLMARK_G2M_CHECKPOINT	control	CLEC16A	0.7691271627699156	6832	23
e2f_g2m	technical_positive_control	b	HALLMARK_G2M_CHECKPOINT	control	CLK1	0.39891002628550015	4651	21
e2f_g2m	technical_positive_control	b	HALLMARK_G2M_CHECKPOINT	control	COA6	0.16511904345370992	1998	19
e2f_g2m	technical_positive_control	b	HALLMARK_G2M_CHECKPOINT	control	COL4A2	0.028974073613762363	952	14
e2f_g2m	technical_positive_control	b	HALLMARK_G2M_CHECKPOINT	control	COPS6	0.29468864234146575	3398	20
e2f_g2m	technical_positive_control	b	HALLMARK_G2M_CHECKPOINT	control	COPS9	0.2136290185127883	2550	19
e2f_g2m	technical_positive_control	b	HALLMARK_G2M_CHECKPOINT	control	CPNE1	1.0211959351523172	7768	23
e2f_g2m	technical_positive_control	b	HALLMARK_G2M_CHECKPOINT	control	CSNK1G3	0.9388730652466017	7511	23
e2f_g2m	technical_positive_control	b	HALLMARK_G2M_CHECKPOINT	control	CSNKA2IP	0.001336434469193833	20	6
e2f_g2m	technical_positive_control	b	HALLMARK_G2M_CHECKPOINT	control	CSRNP2	0.0939414355985541	1295	17
e2f_g2m	technical_positive_control	b	HALLMARK_G2M_CHECKPOINT	control	CSRP1	0.13376505595209962	1623	18
e2f_g2m	technical_positive_control	b	HALLMARK_G2M_CHECKPOINT	control	CSTF2	0.08905953094405092	1228	17
e2f_g2m	technical_positive_control	b	HALLMARK_G2M_CHECKPOINT	control	DACH1	8.124874062891099	10825	24
e2f_g2m	technical_positive_control	b	HALLMARK_G2M_CHECKPOINT	control	DAD1	0.7993050646522024	5977	23
e2f_g2m	technical_positive_control	b	HALLMARK_G2M_CHECKPOINT	control	DCTN4	0.5135154047877007	5220	22
e2f_g2m	technical_positive_control	b	HALLMARK_G2M_CHECKPOINT	control	DDRGK1	0.4033568120812914	3922	21
e2f_g2m	technical_positive_control	b	HALLMARK_G2M_CHECKPOINT	control	DERA	0.7815191036936039	6747	23
e2f_g2m	technical_positive_control	b	HALLMARK_G2M_CHECKPOINT	control	DFFA	0.2586574060300786	2977	20
e2f_g2m	technical_positive_control	b	HALLMARK_G2M_CHECKPOINT	control	DHRS3	0.33666267224273727	3811	21
e2f_g2m	technical_positive_control	b	HALLMARK_G2M_CHECKPOINT	control	DHX33	0.25218703616260346	2900	20
e2f_g2m	technical_positive_control	b	HALLMARK_G2M_CHECKPOINT	control	DHX57	0.28920308011440016	3213	20
e2f_g2m	technical_positive_control	b	HALLMARK_G2M_CHECKPOINT	control	DIS3L2	1.2000297342835846	8557	24
e2f_g2m	technical_positive_control	b	HALLMARK_G2M_CHECKPOINT	control	DLEU1	9.567820282158596	14484	24
e2f_g2m	technical_positive_control	b	HALLMARK_G2M_CHECKPOINT	control	DMWD	0.09514307499944599	1377	17
e2f_g2m	technical_positive_control	b	HALLMARK_G2M_CHECKPOINT	control	DNAJA1	0.57618801035599	5043	22
e2f_g2m	technical_positive_control	b	HALLMARK_G2M_CHECKPOINT	control	DNAJC7	0.6210040009846801	5861	22
e2f_g2m	technical_positive_control	b	HALLMARK_G2M_CHECKPOINT	control	DNM1L	0.8096498004336807	6761	23
e2f_g2m	technical_positive_control	b	HALLMARK_G2M_CHECKPOINT	control	DNMT3A	0.4248245881315507	4681	22
e2f_g2m	technical_positive_control	b	HALLMARK_G2M_CHECKPOINT	control	DPY19L1	1.098321748938506	6996	24
e2f_g2m	technical_positive_control	b	HALLMARK_G2M_CHECKPOINT	control	DTL	0.1953394596101162	1507	19
e2f_g2m	technical_positive_control	b	HALLMARK_G2M_CHECKPOINT	control	DYNC1I1	0.5004504309647164	3204	22
e2f_g2m	technical_positive_control	b	HALLMARK_G2M_CHECKPOINT	control	DYNC1LI2	0.7796331762344165	6966	23
e2f_g2m	technical_positive_control	b	HALLMARK_G2M_CHECKPOINT	control	EDEM1	0.1754529165874616	2304	19
e2f_g2m	technical_positive_control	b	HALLMARK_G2M_CHECKPOINT	control	ENG	0.024121975219277624	556	14
e2f_g2m	technical_positive_control	b	HALLMARK_G2M_CHECKPOINT	control	ENY2	0.5804850331039494	5471	22
e2f_g2m	technical_positive_control	b	HALLMARK_G2M_CHECKPOINT	control	EPPK1	0.3001937813378778	2916	20
e2f_g2m	technical_positive_control	b	HALLMARK_G2M_CHECKPOINT	control	ERLEC1	0.31601529200628503	3601	21
e2f_g2m	technical_positive_control	b	HALLMARK_G2M_CHECKPOINT	control	ERMN	0.001270677619210418	34	6
e2f_g2m	technical_positive_control	b	HALLMARK_G2M_CHECKPOINT	control	EXOC3L4	0.08978537634062576	1279	17
e2f_g2m	technical_positive_control	b	HALLMARK_G2M_CHECKPOINT	control	EXOSC7	0.330713719585654	3753	21
e2f_g2m	technical_positive_control	b	HALLMARK_G2M_CHECKPOINT	control	EYA1	0.06923078937022356	602	16
e2f_g2m	technical_positive_control	b	HALLMARK_G2M_CHECKPOINT	control	EYA4	0.03900013566231227	483	15
e2f_g2m	technical_positive_control	b	HALLMARK_G2M_CHECKPOINT	control	FAM110C	0.09170543178343528	1262	17
e2f_g2m	technical_positive_control	b	HALLMARK_G2M_CHECKPOINT	control	FAM111B	0.15352208298696818	1367	18
e2f_g2m	technical_positive_control	b	HALLMARK_G2M_CHECKPOINT	control	FAM120AOS	0.256063010737424	3039	20
e2f_g2m	technical_positive_control	b	HALLMARK_G2M_CHECKPOINT	control	FAM162A	0.4205722870382318	4186	21
e2f_g2m	technical_positive_control	b	HALLMARK_G2M_CHECKPOINT	control	FAM214A	0.41043297138333323	4513	21
e2f_g2m	technical_positive_control	b	HALLMARK_G2M_CHECKPOINT	control	FAM221A	0.21817222167032402	2676	19
e2f_g2m	technical_positive_control	b	HALLMARK_G2M_CHECKPOINT	control	FAM222A	0.07881531201443091	1025	16
e2f_g2m	technical_positive_control	b	HALLMARK_G2M_CHECKPOINT	control	FBXO17	0.07670188978062152	710	16
e2f_g2m	technical_positive_control	b	HALLMARK_G2M_CHECKPOINT	control	FBXO32	0.4806504126967909	4128	22
e2f_g2m	technical_positive_control	b	HALLMARK_G2M_CHECKPOINT	control	FCHO2	0.7826755821576403	6941	23
e2f_g2m	technical_positive_control	b	HALLMARK_G2M_CHECKPOINT	control	FOXRED1	0.1835723061111526	2421	19
e2f_g2m	technical_positive_control	b	HALLMARK_G2M_CHECKPOINT	control	FRMPD3	0.03790091642456842	518	15
e2f_g2m	technical_positive_control	b	HALLMARK_G2M_CHECKPOINT	control	FUOM	0.06621389159614757	918	16
e2f_g2m	technical_positive_control	b	HALLMARK_G2M_CHECKPOINT	control	G2E3-AS1	0.1656617180487524	1956	19
e2f_g2m	technical_positive_control	b	HALLMARK_G2M_CHECKPOINT	control	GABARAPL1	0.07403689561632448	1134	16
e2f_g2m	technical_positive_control	b	HALLMARK_G2M_CHECKPOINT	control	GALNT3	0.7532437276003233	6524	23
e2f_g2m	technical_positive_control	b	HALLMARK_G2M_CHECKPOINT	control	GAS2L3	0.783059173278443	4171	23
e2f_g2m	technical_positive_control	b	HALLMARK_G2M_CHECKPOINT	control	GATA6	0.6215711520266086	5488	22
e2f_g2m	technical_positive_control	b	HALLMARK_G2M_CHECKPOINT	control	GATD1	0.19404997905075502	2522	19
e2f_g2m	technical_positive_control	b	HALLMARK_G2M_CHECKPOINT	control	GDI1	0.18069799063363415	2415	19
e2f_g2m	technical_positive_control	b	HALLMARK_G2M_CHECKPOINT	control	GGNBP2	0.6672063920095649	6190	23
e2f_g2m	technical_positive_control	b	HALLMARK_G2M_CHECKPOINT	control	GK-IT1	0.0011925018565238654	24	6
e2f_g2m	technical_positive_control	b	HALLMARK_G2M_CHECKPOINT	control	GLYATL1	0.05909832441365219	745	16
e2f_g2m	technical_positive_control	b	HALLMARK_G2M_CHECKPOINT	control	GNB1	1.303867275164659	8959	24
e2f_g2m	technical_positive_control	b	HALLMARK_G2M_CHECKPOINT	control	GNB1L	0.0983808646680741	1352	17
e2f_g2m	technical_positive_control	b	HALLMARK_G2M_CHECKPOINT	control	GNB5	0.07087334163672639	976	16
e2f_g2m	technical_positive_control	b	HALLMARK_G2M_CHECKPOINT	control	GOLGA6L2	0.0012492972702854647	18	6
e2f_g2m	technical_positive_control	b	HALLMARK_G2M_CHECKPOINT	control	GPATCH4	0.2186505545257172	2461	19
e2f_g2m	technical_positive_control	b	HALLMARK_G2M_CHECKPOINT	control	GPN3	0.07874927085175251	1060	16
e2f_g2m	technical_positive_control	b	HALLMARK_G2M_CHECKPOINT	control	GRTP1-AS1	0.0526536198058202	783	15
e2f_g2m	technical_positive_control	b	HALLMARK_G2M_CHECKPOINT	control	GTF2H5	0.1519980372595638	1923	18
e2f_g2m	technical_positive_control	b	HALLMARK_G2M_CHECKPOINT	control	GUSB	0.3580645181690541	3960	21
e2f_g2m	technical_positive_control	b	HALLMARK_G2M_CHECKPOINT	control	HADHB	0.3772765758151635	4148	21
e2f_g2m	technical_positive_control	b	HALLMARK_G2M_CHECKPOINT	control	HAUS2	0.10271508153161467	1383	17
e2f_g2m	technical_positive_control	b	HALLMARK_G2M_CHECKPOINT	control	HAUS4	0.16429319460049918	2024	19
e2f_g2m	technical_positive_control	b	HALLMARK_G2M_CHECKPOINT	control	HCG11	0.0331081535828442	486	14
e2f_g2m	technical_positive_control	b	HALLMARK_G2M_CHECKPOINT	control	HCP5	0.16465702771142665	2132	19
e2f_g2m	technical_positive_control	b	HALLMARK_G2M_CHECKPOINT	control	HDAC2-AS2	0.13805805974826038	1501	18
e2f_g2m	technical_positive_control	b	HALLMARK_G2M_CHECKPOINT	control	HHLA3	0.03244914526167644	483	14
e2f_g2m	technical_positive_control	b	HALLMARK_G2M_CHECKPOINT	control	HIRIP3	0.02735762886837506	407	14
e2f_g2m	technical_positive_control	b	HALLMARK_G2M_CHECKPOINT	control	HIST1H3J	0.024376715787368917	353	14
e2f_g2m	technical_positive_control	b	HALLMARK_G2M_CHECKPOINT	control	HLA-A	4.375615254818024	12385	24
e2f_g2m	technical_positive_control	b	HALLMARK_G2M_CHECKPOINT	control	HNF1B	0.27256512345168177	3138	20
e2f_g2m	technical_positive_control	b	HALLMARK_G2M_CHECKPOINT	control	HNRNPL	0.49920582669658037	5306	22
e2f_g2m	technical_positive_control	b	HALLMARK_G2M_CHECKPOINT	control	HOOK2	0.664013530902885	6588	23
e2f_g2m	technical_positive_control	b	HALLMARK_G2M_CHECKPOINT	control	HORMAD2	0.0009744736066856007	20	6
e2f_g2m	technical_positive_control	b	HALLMARK_G2M_CHECKPOINT	control	HOXD3	0.03447771315683318	496	14
e2f_g2m	technical_positive_control	b	HALLMARK_G2M_CHECKPOINT	control	HP1BP3	1.451140100869283	9182	24
e2f_g2m	technical_positive_control	b	HALLMARK_G2M_CHECKPOINT	control	HS6ST1	0.09866054867758385	1358	17
e2f_g2m	technical_positive_control	b	HALLMARK_G2M_CHECKPOINT	control	HSD17B2	0.05315261005853478	667	15
e2f_g2m	technical_positive_control	b	HALLMARK_G2M_CHECKPOINT	control	HTATIP2	0.3130535235991144	3663	21
e2f_g2m	technical_positive_control	b	HALLMARK_G2M_CHECKPOINT	control	IER3	1.1958507577508748	6210	24
e2f_g2m	technical_positive_control	b	HALLMARK_G2M_CHECKPOINT	control	IGF2BP2-AS1	0.041387294325273646	599	15
e2f_g2m	technical_positive_control	b	HALLMARK_G2M_CHECKPOINT	control	IGLV10-54	0.001121194495774836	22	6
e2f_g2m	technical_positive_control	b	HALLMARK_G2M_CHECKPOINT	control	IKZF5	0.12525605869081732	1747	18
e2f_g2m	technical_positive_control	b	HALLMARK_G2M_CHECKPOINT	control	INO80	0.6782312248095532	6332	23
e2f_g2m	technical_positive_control	b	HALLMARK_G2M_CHECKPOINT	control	INO80C	0.1258816382105937	1634	18
e2f_g2m	technical_positive_control	b	HALLMARK_G2M_CHECKPOINT	control	INPP5D	0.38308354955828955	3908	21
e2f_g2m	technical_positive_control	b	HALLMARK_G2M_CHECKPOINT	control	IQCG	0.13463991318028096	1831	18
e2f_g2m	technical_positive_control	b	HALLMARK_G2M_CHECKPOINT	control	IRGQ	0.0792593856360927	1115	16
e2f_g2m	technical_positive_control	b	HALLMARK_G2M_CHECKPOINT	control	ISG20L2	0.15273956116853188	1910	18
e2f_g2m	technical_positive_control	b	HALLMARK_G2M_CHECKPOINT	control	ISX	0.0502169523987349	722	15
e2f_g2m	technical_positive_control	b	HALLMARK_G2M_CHECKPOINT	control	ITGAE	0.11277253323573357	1615	17
e2f_g2m	technical_positive_control	b	HALLMARK_G2M_CHECKPOINT	control	IYD	0.30070620100579615	3368	20
e2f_g2m	technical_positive_control	b	HALLMARK_G2M_CHECKPOINT	control	JADE2	0.14828397058570886	1984	18
e2f_g2m	technical_positive_control	b	HALLMARK_G2M_CHECKPOINT	control	KDM6A	1.3949913104184022	8937	24
e2f_g2m	technical_positive_control	b	HALLMARK_G2M_CHECKPOINT	control	KDSR	0.32513310557950476	3660	21
e2f_g2m	technical_positive_control	b	HALLMARK_G2M_CHECKPOINT	control	KIAA1328	0.6712405875756174	5646	23
e2f_g2m	technical_positive_control	b	HALLMARK_G2M_CHECKPOINT	control	KIAA1549L	0.15632460422509606	1240	18
e2f_g2m	technical_positive_control	b	HALLMARK_G2M_CHECKPOINT	control	KIAA1841	0.24269867210498672	2749	20
e2f_g2m	technical_positive_control	b	HALLMARK_G2M_CHECKPOINT	control	KIF13B	1.2270869202788532	8079	24
e2f_g2m	technical_positive_control	b	HALLMARK_G2M_CHECKPOINT	control	KIF1BP	0.13253297050312424	1723	18
e2f_g2m	technical_positive_control	b	HALLMARK_G2M_CHECKPOINT	control	KIF3C	0.04435924574424682	598	15
e2f_g2m	technical_positive_control	b	HALLMARK_G2M_CHECKPOINT	control	KLHDC4	0.38598876901134305	4320	21
e2f_g2m	technical_positive_control	b	HALLMARK_G2M_CHECKPOINT	control	KMT2E-AS1	0.0881063163902261	1302	17
e2f_g2m	technical_positive_control	b	HALLMARK_G2M_CHECKPOINT	control	KREMEN1	0.22383631586105104	2176	20
e2f_g2m	technical_positive_control	b	HALLMARK_G2M_CHECKPOINT	control	LAPTM4B	1.2269121577849333	7358	24
e2f_g2m	technical_positive_control	b	HALLMARK_G2M_CHECKPOINT	control	LARGE1	2.1398049953079363	10304	24
e2f_g2m	technical_positive_control	b	HALLMARK_G2M_CHECKPOINT	control	LDHA	1.2918476688976535	7650	24
e2f_g2m	technical_positive_control	b	HALLMARK_G2M_CHECKPOINT	control	LEMD3	0.9232427396149693	7336	23
e2f_g2m	technical_positive_control	b	HALLMARK_G2M_CHECKPOINT	control	LIME1	0.12552298474106308	1540	18
e2f_g2m	technical_positive_control	b	HALLMARK_G2M_CHECKPOINT	control	LINC00355	0.26114508682206083	1421	20
e2f_g2m	technical_positive_control	b	HALLMARK_G2M_CHECKPOINT	control	LINC00486	0.8215339128238635	7035	23
e2f_g2m	technical_positive_control	b	HALLMARK_G2M_CHECKPOINT	control	LINC00937	0.05806930479208346	772	16
e2f_g2m	technical_positive_control	b	HALLMARK_G2M_CHECKPOINT	control	LINC01049	0.0010403461158145293	17	6
e2f_g2m	technical_positive_control	b	HALLMARK_G2M_CHECKPOINT	control	LINC01138	0.4811215533427745	4943	22
e2f_g2m	technical_positive_control	b	HALLMARK_G2M_CHECKPOINT	control	LINC01415	0.000907098448725537	15	6
e2f_g2m	technical_positive_control	b	HALLMARK_G2M_CHECKPOINT	control	LINC01505	0.17257135641836224	1507	19
e2f_g2m	technical_positive_control	b	HALLMARK_G2M_CHECKPOINT	control	LINC01704	0.001322374875023212	21	6
e2f_g2m	technical_positive_control	b	HALLMARK_G2M_CHECKPOINT	control	LINC01982	0.03972371703598899	431	15
e2f_g2m	technical_positive_control	b	HALLMARK_G2M_CHECKPOINT	control	LINC02028	0.03812486012235583	526	15
e2f_g2m	technical_positive_control	b	HALLMARK_G2M_CHECKPOINT	control	LINC02263	0.04352997601482757	444	15
e2f_g2m	technical_positive_control	b	HALLMARK_G2M_CHECKPOINT	control	LINC02335	0.09474760415709083	813	17
e2f_g2m	technical_positive_control	b	HALLMARK_G2M_CHECKPOINT	control	LINC02591	0.07371962990094505	1068	16
e2f_g2m	technical_positive_control	b	HALLMARK_G2M_CHECKPOINT	control	LINC02830	0.001311762133799738	20	6
e2f_g2m	technical_positive_control	b	HALLMARK_G2M_CHECKPOINT	control	LMCD1	0.10199428687415583	1314	17
e2f_g2m	technical_positive_control	b	HALLMARK_G2M_CHECKPOINT	control	LMO4	0.16445183412084816	1981	19
e2f_g2m	technical_positive_control	b	HALLMARK_G2M_CHECKPOINT	control	LNCOC1	0.028521307396839585	423	14
e2f_g2m	technical_positive_control	b	HALLMARK_G2M_CHECKPOINT	control	LPGAT1	0.9960966974513618	7254	23
e2f_g2m	technical_positive_control	b	HALLMARK_G2M_CHECKPOINT	control	LRP5	0.8121253316961938	7180	23
e2f_g2m	technical_positive_control	b	HALLMARK_G2M_CHECKPOINT	control	LRRC41	0.241483336862451	2949	20
e2f_g2m	technical_positive_control	b	HALLMARK_G2M_CHECKPOINT	control	LRRC45	0.04192796946912252	611	15
e2f_g2m	technical_positive_control	b	HALLMARK_G2M_CHECKPOINT	control	LRRIQ4	0.02498437066506797	364	14
e2f_g2m	technical_positive_control	b	HALLMARK_G2M_CHECKPOINT	control	MAGOHB	0.16072785331602882	2088	18
e2f_g2m	technical_positive_control	b	HALLMARK_G2M_CHECKPOINT	control	MALAT1	217.0566140662639	15933	24
e2f_g2m	technical_positive_control	b	HALLMARK_G2M_CHECKPOINT	control	MALL	0.14989224745515517	1678	18
e2f_g2m	technical_positive_control	b	HALLMARK_G2M_CHECKPOINT	control	MATN2	0.1736745987746263	1898	19
e2f_g2m	technical_positive_control	b	HALLMARK_G2M_CHECKPOINT	control	MBIP	0.4669694623283514	3830	22
e2f_g2m	technical_positive_control	b	HALLMARK_G2M_CHECKPOINT	control	MEAF6	0.20569464009753413	2578	19
e2f_g2m	technical_positive_control	b	HALLMARK_G2M_CHECKPOINT	control	MED20	0.0466707931056938	679	15
e2f_g2m	technical_positive_control	b	HALLMARK_G2M_CHECKPOINT	control	MED24	0.20409262560280514	2578	19
e2f_g2m	technical_positive_control	b	HALLMARK_G2M_CHECKPOINT	control	MED29	0.07340958429846835	1036	16
e2f_g2m	technical_positive_control	b	HALLMARK_G2M_CHECKPOINT	control	MED8	0.07739178746709736	1092	16
e2f_g2m	technical_positive_control	b	HALLMARK_G2M_CHECKPOINT	control	MEF2C	0.2665268759915054	1967	20
e2f_g2m	technical_positive_control	b	HALLMARK_G2M_CHECKPOINT	control	METTL8	0.5740901534238176	5108	22
e2f_g2m	technical_positive_control	b	HALLMARK_G2M_CHECKPOINT	control	MFSD14C	1.2072681999607184	8776	24
e2f_g2m	technical_positive_control	b	HALLMARK_G2M_CHECKPOINT	control	MIA3	0.43965032673267823	4587	22
e2f_g2m	technical_positive_control	b	HALLMARK_G2M_CHECKPOINT	control	MIPEP	0.8435132271070377	6612	23
e2f_g2m	technical_positive_control	b	HALLMARK_G2M_CHECKPOINT	control	MIR181A1HG	0.13482798387250539	1343	18
e2f_g2m	technical_positive_control	b	HALLMARK_G2M_CHECKPOINT	control	MIR924HG	1.6953920059204364	5061	24
e2f_g2m	technical_positive_control	b	HALLMARK_G2M_CHECKPOINT	control	MKRN2	0.10141383531918798	1406	17
e2f_g2m	technical_positive_control	b	HALLMARK_G2M_CHECKPOINT	control	MLXIP	1.332807175283152	9082	24
e2f_g2m	technical_positive_control	b	HALLMARK_G2M_CHECKPOINT	control	MOB3A	0.09553875648161482	1370	17
e2f_g2m	technical_positive_control	b	HALLMARK_G2M_CHECKPOINT	control	MPPED2	0.052580208953288	239	15
e2f_g2m	technical_positive_control	b	HALLMARK_G2M_CHECKPOINT	control	MREG	0.11269743652318856	1530	17
e2f_g2m	technical_positive_control	b	HALLMARK_G2M_CHECKPOINT	control	MRPL43	0.15757389066444047	2084	18
e2f_g2m	technical_positive_control	b	HALLMARK_G2M_CHECKPOINT	control	MRPL9	0.14474173264646753	1846	18
e2f_g2m	technical_positive_control	b	HALLMARK_G2M_CHECKPOINT	control	MRPS25	0.7163810462133754	6520	23
e2f_g2m	technical_positive_control	b	HALLMARK_G2M_CHECKPOINT	control	MRPS36	0.1893566334126215	2312	19
e2f_g2m	technical_positive_control	b	HALLMARK_G2M_CHECKPOINT	control	MRPS5	0.5043717100839357	5217	22
e2f_g2m	technical_positive_control	b	HALLMARK_G2M_CHECKPOINT	control	MRS2	0.24999730574272308	3050	20
e2f_g2m	technical_positive_control	b	HALLMARK_G2M_CHECKPOINT	control	MSI2	3.6379335998848497	12164	24
e2f_g2m	technical_positive_control	b	HALLMARK_G2M_CHECKPOINT	control	MTX1	0.10339390543862556	1347	17
e2f_g2m	technical_positive_control	b	HALLMARK_G2M_CHECKPOINT	control	MTX2	1.1914355153891243	8354	24
e2f_g2m	technical_positive_control	b	HALLMARK_G2M_CHECKPOINT	control	MUC20	0.6235868618663898	5241	22
e2f_g2m	technical_positive_control	b	HALLMARK_G2M_CHECKPOINT	control	MYCBP2	1.9606831428358162	10320	24
e2f_g2m	technical_positive_control	b	HALLMARK_G2M_CHECKPOINT	control	NAA50	0.7988543333976145	6520	23
e2f_g2m	technical_positive_control	b	HALLMARK_G2M_CHECKPOINT	control	NBEAL2	0.2677940674602252	3261	20
e2f_g2m	technical_positive_control	b	HALLMARK_G2M_CHECKPOINT	control	NBPF11	0.3106012943199199	3681	21
e2f_g2m	technical_positive_control	b	HALLMARK_G2M_CHECKPOINT	control	NDRG3	0.29942499817225626	3281	20
e2f_g2m	technical_positive_control	b	HALLMARK_G2M_CHECKPOINT	control	NDUFB3	0.2984609202335147	3214	20
e2f_g2m	technical_positive_control	b	HALLMARK_G2M_CHECKPOINT	control	NDUFS3	0.21822265830237456	2619	19
e2f_g2m	technical_positive_control	b	HALLMARK_G2M_CHECKPOINT	control	NEB	0.16640620557705946	1961	19
e2f_g2m	technical_positive_control	b	HALLMARK_G2M_CHECKPOINT	control	NEIL1	0.08000475333165721	1181	16
e2f_g2m	technical_positive_control	b	HALLMARK_G2M_CHECKPOINT	control	NELFA	0.38521688501544005	4381	21
e2f_g2m	technical_positive_control	b	HALLMARK_G2M_CHECKPOINT	control	NES	0.1084117462718165	962	17
e2f_g2m	technical_positive_control	b	HALLMARK_G2M_CHECKPOINT	control	NFIA-AS2	0.1488100572304802	968	18
e2f_g2m	technical_positive_control	b	HALLMARK_G2M_CHECKPOINT	control	NFRKB	0.26232991384100196	3222	20
e2f_g2m	technical_positive_control	b	HALLMARK_G2M_CHECKPOINT	control	NGRN	0.19012471109961884	2320	19
e2f_g2m	technical_positive_control	b	HALLMARK_G2M_CHECKPOINT	control	NIFK	0.29988282296784	3219	20
e2f_g2m	technical_positive_control	b	HALLMARK_G2M_CHECKPOINT	control	NME4	0.14644118520967672	1810	18
e2f_g2m	technical_positive_control	b	HALLMARK_G2M_CHECKPOINT	control	NME9	0.07002772124540842	988	16
e2f_g2m	technical_positive_control	b	HALLMARK_G2M_CHECKPOINT	control	NOL11	0.28319041141937085	3290	20
e2f_g2m	technical_positive_control	b	HALLMARK_G2M_CHECKPOINT	control	NONO	0.6379542853586676	5578	22
e2f_g2m	technical_positive_control	b	HALLMARK_G2M_CHECKPOINT	control	NOP14	0.18163869471647978	2258	19
e2f_g2m	technical_positive_control	b	HALLMARK_G2M_CHECKPOINT	control	NRDC	0.9787608257138418	8009	23
e2f_g2m	technical_positive_control	b	HALLMARK_G2M_CHECKPOINT	control	NUPR1	0.412123603922799	2801	21
e2f_g2m	technical_positive_control	b	HALLMARK_G2M_CHECKPOINT	control	NXPE4	0.5576047194809018	3490	22
e2f_g2m	technical_positive_control	b	HALLMARK_G2M_CHECKPOINT	control	OBSCN	0.12018933496102012	1484	18
e2f_g2m	technical_positive_control	b	HALLMARK_G2M_CHECKPOINT	control	ORAI2	0.09641619921205304	1331	17
e2f_g2m	technical_positive_control	b	HALLMARK_G2M_CHECKPOINT	control	ORC1	0.03378641322414302	479	14
e2f_g2m	technical_positive_control	b	HALLMARK_G2M_CHECKPOINT	control	OSGEP	0.3065260830586932	3448	21
e2f_g2m	technical_positive_control	b	HALLMARK_G2M_CHECKPOINT	control	P4HTM	0.21852527214128742	2808	19
e2f_g2m	technical_positive_control	b	HALLMARK_G2M_CHECKPOINT	control	PACRG-AS3	0.0009312438997608134	16	6
e2f_g2m	technical_positive_control	b	HALLMARK_G2M_CHECKPOINT	control	PAFAH2	0.07710945240613837	1101	16
e2f_g2m	technical_positive_control	b	HALLMARK_G2M_CHECKPOINT	control	PAK1	1.6031548304079355	9855	24
e2f_g2m	technical_positive_control	b	HALLMARK_G2M_CHECKPOINT	control	PAPSS2	0.47807574164276173	4021	22
e2f_g2m	technical_positive_control	b	HALLMARK_G2M_CHECKPOINT	control	PAXIP1-AS1	0.19155303037131627	2481	19
e2f_g2m	technical_positive_control	b	HALLMARK_G2M_CHECKPOINT	control	PCBP2	1.0026333347364067	7950	23
e2f_g2m	technical_positive_control	b	HALLMARK_G2M_CHECKPOINT	control	PCDHGB1	0.0012492972702854647	20	6
e2f_g2m	technical_positive_control	b	HALLMARK_G2M_CHECKPOINT	control	PCNX4	0.4462703011105782	4605	22
e2f_g2m	technical_positive_control	b	HALLMARK_G2M_CHECKPOINT	control	PCTP	0.06988072155364722	979	16
e2f_g2m	technical_positive_control	b	HALLMARK_G2M_CHECKPOINT	control	PDYN-AS1	0.000969285867120238	17	6
e2f_g2m	technical_positive_control	b	HALLMARK_G2M_CHECKPOINT	control	PEF1	0.10096573803216179	1411	17
e2f_g2m	technical_positive_control	b	HALLMARK_G2M_CHECKPOINT	control	PER3	0.10799128018477493	1295	17
e2f_g2m	technical_positive_control	b	HALLMARK_G2M_CHECKPOINT	control	PFKM	0.0977924459059045	1325	17
e2f_g2m	technical_positive_control	b	HALLMARK_G2M_CHECKPOINT	control	PHACTR2	2.7757788461058484	10902	24
e2f_g2m	technical_positive_control	b	HALLMARK_G2M_CHECKPOINT	control	PHB	0.610047649511414	4815	22
e2f_g2m	technical_positive_control	b	HALLMARK_G2M_CHECKPOINT	control	PHF13	0.04712853688080944	686	15
e2f_g2m	technical_positive_control	b	HALLMARK_G2M_CHECKPOINT	control	PHKA1	0.2013895155168409	2406	19
e2f_g2m	technical_positive_control	b	HALLMARK_G2M_CHECKPOINT	control	PHLDB3	0.12234510152506296	1620	18
e2f_g2m	technical_positive_control	b	HALLMARK_G2M_CHECKPOINT	control	PITPNA	0.49417513804586505	4943	22
e2f_g2m	technical_positive_control	b	HALLMARK_G2M_CHECKPOINT	control	PIWIL3	0.001087615006350556	20	6
e2f_g2m	technical_positive_control	b	HALLMARK_G2M_CHECKPOINT	control	PKD2	0.3099933825221499	3068	21
e2f_g2m	technical_positive_control	b	HALLMARK_G2M_CHECKPOINT	control	PKN2-AS1	0.07788718954911722	1018	16
e2f_g2m	technical_positive_control	b	HALLMARK_G2M_CHECKPOINT	control	PLA2G15	0.047496342124345635	744	15
e2f_g2m	technical_positive_control	b	HALLMARK_G2M_CHECKPOINT	control	PLA2R1	0.8685448818735753	6385	23
e2f_g2m	technical_positive_control	b	HALLMARK_G2M_CHECKPOINT	control	PLEKHG5	0.08095552815519169	1152	16
e2f_g2m	technical_positive_control	b	HALLMARK_G2M_CHECKPOINT	control	PLIN2	0.35124136270227196	3541	21
e2f_g2m	technical_positive_control	b	HALLMARK_G2M_CHECKPOINT	control	PLK2	0.028163692727965185	443	14
e2f_g2m	technical_positive_control	b	HALLMARK_G2M_CHECKPOINT	control	PLPP1	0.3955557664907628	3957	21
e2f_g2m	technical_positive_control	b	HALLMARK_G2M_CHECKPOINT	control	PLSCR1	1.1317881319016345	7986	24
e2f_g2m	technical_positive_control	b	HALLMARK_G2M_CHECKPOINT	control	PMVK	0.11457045101435864	1524	17
e2f_g2m	technical_positive_control	b	HALLMARK_G2M_CHECKPOINT	control	POLR2K	0.3064606817309702	3212	21
e2f_g2m	technical_positive_control	b	HALLMARK_G2M_CHECKPOINT	control	POLR3A	0.3298040198720561	3703	21
e2f_g2m	technical_positive_control	b	HALLMARK_G2M_CHECKPOINT	control	POU6F2	2.958184060981034	9484	24
e2f_g2m	technical_positive_control	b	HALLMARK_G2M_CHECKPOINT	control	PPAN	0.13827872488528323	1782	18
e2f_g2m	technical_positive_control	b	HALLMARK_G2M_CHECKPOINT	control	PPARG	4.906575148225808	10866	24
e2f_g2m	technical_positive_control	b	HALLMARK_G2M_CHECKPOINT	control	PPP1R1B	0.34704926276953274	3554	21
e2f_g2m	technical_positive_control	b	HALLMARK_G2M_CHECKPOINT	control	PQBP1	0.17634121169379105	2140	19
e2f_g2m	technical_positive_control	b	HALLMARK_G2M_CHECKPOINT	control	PRDX2	0.5371731215588432	4677	22
e2f_g2m	technical_positive_control	b	HALLMARK_G2M_CHECKPOINT	control	PRELID2	3.923262363951876	12246	24
e2f_g2m	technical_positive_control	b	HALLMARK_G2M_CHECKPOINT	control	PRKX	0.25133315978986126	2954	20
e2f_g2m	technical_positive_control	b	HALLMARK_G2M_CHECKPOINT	control	PRPF18	0.3412469808952124	3898	21
e2f_g2m	technical_positive_control	b	HALLMARK_G2M_CHECKPOINT	control	PRR14L	0.5404112693021249	5163	22
e2f_g2m	technical_positive_control	b	HALLMARK_G2M_CHECKPOINT	control	PRXL2B	0.08685607079957998	1174	17
e2f_g2m	technical_positive_control	b	HALLMARK_G2M_CHECKPOINT	control	PSMD7	0.5450396420649012	4967	22
e2f_g2m	technical_positive_control	b	HALLMARK_G2M_CHECKPOINT	control	PTGIS	0.0009442108750320514	65	6
e2f_g2m	technical_positive_control	b	HALLMARK_G2M_CHECKPOINT	control	PTMS	0.5907919895076329	4409	22
e2f_g2m	technical_positive_control	b	HALLMARK_G2M_CHECKPOINT	control	PTPRJ	1.6758325105632272	8634	24
e2f_g2m	technical_positive_control	b	HALLMARK_G2M_CHECKPOINT	control	PTPRS	0.1273383188454505	1327	18
e2f_g2m	technical_positive_control	b	HALLMARK_G2M_CHECKPOINT	control	QKI	0.4855964592707659	3725	22
e2f_g2m	technical_positive_control	b	HALLMARK_G2M_CHECKPOINT	control	R3HCC1L	0.7503716880939018	6470	23
e2f_g2m	technical_positive_control	b	HALLMARK_G2M_CHECKPOINT	control	RAB19	0.030741278869355536	441	14
e2f_g2m	technical_positive_control	b	HALLMARK_G2M_CHECKPOINT	control	RAB23	0.08952264138414509	1126	17
e2f_g2m	technical_positive_control	b	HALLMARK_G2M_CHECKPOINT	control	RAB27A	0.15050785582322054	2061	18
e2f_g2m	technical_positive_control	b	HALLMARK_G2M_CHECKPOINT	control	RAB6A	1.2124220513412771	8385	24
e2f_g2m	technical_positive_control	b	HALLMARK_G2M_CHECKPOINT	control	RAD51-AS1	0.2565186803647261	3180	20
e2f_g2m	technical_positive_control	b	HALLMARK_G2M_CHECKPOINT	control	RAD9A	0.6308670952665737	5636	22
e2f_g2m	technical_positive_control	b	HALLMARK_G2M_CHECKPOINT	control	RAMP1	0.12841568069457024	1389	18
e2f_g2m	technical_positive_control	b	HALLMARK_G2M_CHECKPOINT	control	RARS2	0.7663945988592232	6888	23
e2f_g2m	technical_positive_control	b	HALLMARK_G2M_CHECKPOINT	control	RBM17	0.5206619039083876	5395	22
e2f_g2m	technical_positive_control	b	HALLMARK_G2M_CHECKPOINT	control	RBM6	2.4578457150232063	11677	24
e2f_g2m	technical_positive_control	b	HALLMARK_G2M_CHECKPOINT	control	RBP1	0.06411346967327247	592	16
e2f_g2m	technical_positive_control	b	HALLMARK_G2M_CHECKPOINT	control	RCAN3AS	0.028220186810839275	420	14
e2f_g2m	technical_positive_control	b	HALLMARK_G2M_CHECKPOINT	control	RCBTB2	0.04742671289161897	797	15
e2f_g2m	technical_positive_control	b	HALLMARK_G2M_CHECKPOINT	control	RDH5	0.0705800403384923	1007	16
e2f_g2m	technical_positive_control	b	HALLMARK_G2M_CHECKPOINT	control	RERE	4.619443721380024	13827	24
e2f_g2m	technical_positive_control	b	HALLMARK_G2M_CHECKPOINT	control	RGP1	0.14079778548428937	1944	18
e2f_g2m	technical_positive_control	b	HALLMARK_G2M_CHECKPOINT	control	RGS7	0.17719771643068769	1124	19
e2f_g2m	technical_positive_control	b	HALLMARK_G2M_CHECKPOINT	control	RHAG	0.0011169763550825976	15	6
e2f_g2m	technical_positive_control	b	HALLMARK_G2M_CHECKPOINT	control	RIOK1	0.2279988801064583	2671	20
e2f_g2m	technical_positive_control	b	HALLMARK_G2M_CHECKPOINT	control	RMRP	0.06164067125430635	856	16
e2f_g2m	technical_positive_control	b	HALLMARK_G2M_CHECKPOINT	control	RNASET2	0.7032343420289708	6233	23
e2f_g2m	technical_positive_control	b	HALLMARK_G2M_CHECKPOINT	control	RNF114	0.9024619860684533	7349	23
e2f_g2m	technical_positive_control	b	HALLMARK_G2M_CHECKPOINT	control	RNF32	0.11071983568597914	1481	17
e2f_g2m	technical_positive_control	b	HALLMARK_G2M_CHECKPOINT	control	ROBO2	0.537762250581223	1078	22
e2f_g2m	technical_positive_control	b	HALLMARK_G2M_CHECKPOINT	control	RP9	0.26646765785263754	3181	20
e2f_g2m	technical_positive_control	b	HALLMARK_G2M_CHECKPOINT	control	RTL6	0.03354393382590416	483	14
e2f_g2m	technical_positive_control	b	HALLMARK_G2M_CHECKPOINT	control	RYR3	0.02432494668676416	379	14
e2f_g2m	technical_positive_control	b	HALLMARK_G2M_CHECKPOINT	control	S100A4	0.20370487265953904	2047	19
e2f_g2m	technical_positive_control	b	HALLMARK_G2M_CHECKPOINT	control	SCP2	0.5978297440215219	5863	22
e2f_g2m	technical_positive_control	b	HALLMARK_G2M_CHECKPOINT	control	SEC16A	0.3096274921899888	3719	21
e2f_g2m	technical_positive_control	b	HALLMARK_G2M_CHECKPOINT	control	SEC61A1	0.477586318444801	4744	22
e2f_g2m	technical_positive_control	b	HALLMARK_G2M_CHECKPOINT	control	SEC63	1.1018188694138609	8211	24
e2f_g2m	technical_positive_control	b	HALLMARK_G2M_CHECKPOINT	control	SELENON	0.138901981890287	1820	18
e2f_g2m	technical_positive_control	b	HALLMARK_G2M_CHECKPOINT	control	SEMA4D	0.33112887906450333	3943	21
e2f_g2m	technical_positive_control	b	HALLMARK_G2M_CHECKPOINT	control	SEMA7A	0.03432635844844723	359	14
e2f_g2m	technical_positive_control	b	HALLMARK_G2M_CHECKPOINT	control	SENP2	0.2787205577399301	3348	20
e2f_g2m	technical_positive_control	b	HALLMARK_G2M_CHECKPOINT	control	SEPSECS	0.20419270509827311	2561	19
e2f_g2m	technical_positive_control	b	HALLMARK_G2M_CHECKPOINT	control	SEPTIN10	0.6517191307892751	6093	23
e2f_g2m	technical_positive_control	b	HALLMARK_G2M_CHECKPOINT	control	SERINC5	3.0690782845068667	12049	24
e2f_g2m	technical_positive_control	b	HALLMARK_G2M_CHECKPOINT	control	SETMAR	0.0880379617824807	1232	17
e2f_g2m	technical_positive_control	b	HALLMARK_G2M_CHECKPOINT	control	SGSM2	0.12943765185031048	1800	18
e2f_g2m	technical_positive_control	b	HALLMARK_G2M_CHECKPOINT	control	SH3BP5	0.0823807387023034	1565	16
e2f_g2m	technical_positive_control	b	HALLMARK_G2M_CHECKPOINT	control	SHLD1	0.768291137500543	6201	23
e2f_g2m	technical_positive_control	b	HALLMARK_G2M_CHECKPOINT	control	SIGMAR1	0.2561730635896657	2690	20
e2f_g2m	technical_positive_control	b	HALLMARK_G2M_CHECKPOINT	control	SIPA1L1	3.195130278296983	11824	24
e2f_g2m	technical_positive_control	b	HALLMARK_G2M_CHECKPOINT	control	SKIDA1	0.0010084641985774404	17	6
e2f_g2m	technical_positive_control	b	HALLMARK_G2M_CHECKPOINT	control	SLC16A13	0.05616461506893072	809	15
e2f_g2m	technical_positive_control	b	HALLMARK_G2M_CHECKPOINT	control	SLC16A9	0.22278859555531347	2245	20
e2f_g2m	technical_positive_control	b	HALLMARK_G2M_CHECKPOINT	control	SLC25A11	0.085281891106174	1168	17
e2f_g2m	technical_positive_control	b	HALLMARK_G2M_CHECKPOINT	control	SLC25A6	2.2153388693797478	8199	24
e2f_g2m	technical_positive_control	b	HALLMARK_G2M_CHECKPOINT	control	SLC29A1	0.163641757201535	2060	19
e2f_g2m	technical_positive_control	b	HALLMARK_G2M_CHECKPOINT	control	SLC2A12	0.15748701736566448	1757	18
e2f_g2m	technical_positive_control	b	HALLMARK_G2M_CHECKPOINT	control	SLC38A2	0.7849552740905296	6683	23
e2f_g2m	technical_positive_control	b	HALLMARK_G2M_CHECKPOINT	control	SLC39A4	0.45932500241317875	4216	22
e2f_g2m	technical_positive_control	b	HALLMARK_G2M_CHECKPOINT	control	SLC5A1	0.5414648506313592	4525	22
e2f_g2m	technical_positive_control	b	HALLMARK_G2M_CHECKPOINT	control	SLC5A3	0.367184655532241	3842	21
e2f_g2m	technical_positive_control	b	HALLMARK_G2M_CHECKPOINT	control	SLC5A4-AS1	0.09479566741364985	998	17
e2f_g2m	technical_positive_control	b	HALLMARK_G2M_CHECKPOINT	control	SLC66A2	0.1408754387386765	1910	18
e2f_g2m	technical_positive_control	b	HALLMARK_G2M_CHECKPOINT	control	SLMAP	2.1240744524933204	10733	24
e2f_g2m	technical_positive_control	b	HALLMARK_G2M_CHECKPOINT	control	SNAP25	0.2789235541779243	2079	20
e2f_g2m	technical_positive_control	b	HALLMARK_G2M_CHECKPOINT	control	SNRPF	0.7086252016233814	5056	23
e2f_g2m	technical_positive_control	b	HALLMARK_G2M_CHECKPOINT	control	SNTB2	0.4318007427641266	4390	22
e2f_g2m	technical_positive_control	b	HALLMARK_G2M_CHECKPOINT	control	SNU13	0.48459392907029875	4463	22
e2f_g2m	technical_positive_control	b	HALLMARK_G2M_CHECKPOINT	control	SNX14	1.2105011203907963	8702	24
e2f_g2m	technical_positive_control	b	HALLMARK_G2M_CHECKPOINT	control	SNX5	0.8800643885356827	6887	23
e2f_g2m	technical_positive_control	b	HALLMARK_G2M_CHECKPOINT	control	SNX7	0.41535156844624116	4374	21
e2f_g2m	technical_positive_control	b	HALLMARK_G2M_CHECKPOINT	control	SOX5-AS1	0.0010572417316732634	23	6
e2f_g2m	technical_positive_control	b	HALLMARK_G2M_CHECKPOINT	control	SPDL1	0.10346866160346348	1311	17
e2f_g2m	technical_positive_control	b	HALLMARK_G2M_CHECKPOINT	control	SQOR	0.3963648562407248	3857	21
e2f_g2m	technical_positive_control	b	HALLMARK_G2M_CHECKPOINT	control	SRP19	0.2652408129695777	3154	20
e2f_g2m	technical_positive_control	b	HALLMARK_G2M_CHECKPOINT	control	SSU72	0.31081443823614757	3476	21
e2f_g2m	technical_positive_control	b	HALLMARK_G2M_CHECKPOINT	control	STAM2	0.41089519740893526	4467	21
e2f_g2m	technical_positive_control	b	HALLMARK_G2M_CHECKPOINT	control	STAT6	0.645413063733223	6403	23
e2f_g2m	technical_positive_control	b	HALLMARK_G2M_CHECKPOINT	control	STK39	3.1147608158366586	11346	24
e2f_g2m	technical_positive_control	b	HALLMARK_G2M_CHECKPOINT	control	STMN3	0.14806527824860485	1821	18
e2f_g2m	technical_positive_control	b	HALLMARK_G2M_CHECKPOINT	control	STX7	0.5835098628231866	5612	22
e2f_g2m	technical_positive_control	b	HALLMARK_G2M_CHECKPOINT	control	SULT1A3	0.0530062993645511	823	15
e2f_g2m	technical_positive_control	b	HALLMARK_G2M_CHECKPOINT	control	SUMF1	2.3705897308637915	11128	24
e2f_g2m	technical_positive_control	b	HALLMARK_G2M_CHECKPOINT	control	SUPT4H1	0.29748746136363846	3255	20
e2f_g2m	technical_positive_control	b	HALLMARK_G2M_CHECKPOINT	control	SUPT5H	0.36203613024498343	4087	21
e2f_g2m	technical_positive_control	b	HALLMARK_G2M_CHECKPOINT	control	SYAP1	0.4323970131695669	4418	22
e2f_g2m	technical_positive_control	b	HALLMARK_G2M_CHECKPOINT	control	TADA2A	0.30146576984958184	3436	21
e2f_g2m	technical_positive_control	b	HALLMARK_G2M_CHECKPOINT	control	TARBP2	0.03867001089777802	585	15
e2f_g2m	technical_positive_control	b	HALLMARK_G2M_CHECKPOINT	control	TBC1D16	0.6801400236644419	6043	23
e2f_g2m	technical_positive_control	b	HALLMARK_G2M_CHECKPOINT	control	TBC1D17	0.10078206826465647	1464	17
e2f_g2m	technical_positive_control	b	HALLMARK_G2M_CHECKPOINT	control	TBCK	1.423632526600238	9113	24
e2f_g2m	technical_positive_control	b	HALLMARK_G2M_CHECKPOINT	control	TBP	0.13930294324415113	1897	18
e2f_g2m	technical_positive_control	b	HALLMARK_G2M_CHECKPOINT	control	TCERG1	1.7340579377181888	10170	24
e2f_g2m	technical_positive_control	b	HALLMARK_G2M_CHECKPOINT	control	TFB1M	0.6486446282479228	5772	23
e2f_g2m	technical_positive_control	b	HALLMARK_G2M_CHECKPOINT	control	TFEB	0.09820489920394188	1383	17
e2f_g2m	technical_positive_control	b	HALLMARK_G2M_CHECKPOINT	control	TFPT	0.062302882916044675	900	16
e2f_g2m	technical_positive_control	b	HALLMARK_G2M_CHECKPOINT	control	THAP5	0.09068310381031952	1271	17
e2f_g2m	technical_positive_control	b	HALLMARK_G2M_CHECKPOINT	control	THOP1	0.1371721957064829	1746	18
e2f_g2m	technical_positive_control	b	HALLMARK_G2M_CHECKPOINT	control	THORLNC	0.054689724237290745	750	15
e2f_g2m	technical_positive_control	b	HALLMARK_G2M_CHECKPOINT	control	TLE2	0.1793890901184951	2096	19
e2f_g2m	technical_positive_control	b	HALLMARK_G2M_CHECKPOINT	control	TM9SF1	0.19491657403044224	2264	19
e2f_g2m	technical_positive_control	b	HALLMARK_G2M_CHECKPOINT	control	TMC6	0.2505787788054968	2946	20
e2f_g2m	technical_positive_control	b	HALLMARK_G2M_CHECKPOINT	control	TMCO3	0.39652695433138363	4214	21
e2f_g2m	technical_positive_control	b	HALLMARK_G2M_CHECKPOINT	control	TMEM11	0.10251525284028883	1428	17
e2f_g2m	technical_positive_control	b	HALLMARK_G2M_CHECKPOINT	control	TMEM132C	0.04432991429568634	287	15
e2f_g2m	technical_positive_control	b	HALLMARK_G2M_CHECKPOINT	control	TMEM160	0.2006531512799076	2328	19
e2f_g2m	technical_positive_control	b	HALLMARK_G2M_CHECKPOINT	control	TMEM202-AS1	0.02973204074864145	437	14
e2f_g2m	technical_positive_control	b	HALLMARK_G2M_CHECKPOINT	control	TMEM237	0.06507778297291836	904	16
e2f_g2m	technical_positive_control	b	HALLMARK_G2M_CHECKPOINT	control	TMEM38A	0.10708835084907875	1385	17
e2f_g2m	technical_positive_control	b	HALLMARK_G2M_CHECKPOINT	control	TMEM99	0.04638036009157178	641	15
e2f_g2m	technical_positive_control	b	HALLMARK_G2M_CHECKPOINT	control	TMPRSS13	0.04093282642277523	550	15
e2f_g2m	technical_positive_control	b	HALLMARK_G2M_CHECKPOINT	control	TNFRSF11A	0.2082015246020702	2379	19
e2f_g2m	technical_positive_control	b	HALLMARK_G2M_CHECKPOINT	control	TP53I13	0.14789563240769066	1956	18
e2f_g2m	technical_positive_control	b	HALLMARK_G2M_CHECKPOINT	control	TPT1	5.729740323056566	13847	24
e2f_g2m	technical_positive_control	b	HALLMARK_G2M_CHECKPOINT	control	TRAF3IP2	0.13926250192642298	1821	18
e2f_g2m	technical_positive_control	b	HALLMARK_G2M_CHECKPOINT	control	TRAF6	0.19408285555278645	2524	19
e2f_g2m	technical_positive_control	b	HALLMARK_G2M_CHECKPOINT	control	TRAP1	0.6761180967943261	5661	23
e2f_g2m	technical_positive_control	b	HALLMARK_G2M_CHECKPOINT	control	TRAPPC13	0.2570764505369501	2944	20
e2f_g2m	technical_positive_control	b	HALLMARK_G2M_CHECKPOINT	control	TRAPPC6A	0.21840261528765853	2628	19
e2f_g2m	technical_positive_control	b	HALLMARK_G2M_CHECKPOINT	control	TRIM39	0.05270745424515705	788	15
e2f_g2m	technical_positive_control	b	HALLMARK_G2M_CHECKPOINT	control	TRIM67	0.0011175088986993635	18	6
e2f_g2m	technical_positive_control	b	HALLMARK_G2M_CHECKPOINT	control	TRIP6	0.19037141339144026	2384	19
e2f_g2m	technical_positive_control	b	HALLMARK_G2M_CHECKPOINT	control	TSNARE1	0.5412570637947423	5200	22
e2f_g2m	technical_positive_control	b	HALLMARK_G2M_CHECKPOINT	control	TSPAN14	0.35300904113837245	3961	21
e2f_g2m	technical_positive_control	b	HALLMARK_G2M_CHECKPOINT	control	TSPEAR	0.13618935409506747	1315	18
e2f_g2m	technical_positive_control	b	HALLMARK_G2M_CHECKPOINT	control	TTC21B	0.40802634425088463	4411	21
e2f_g2m	technical_positive_control	b	HALLMARK_G2M_CHECKPOINT	control	TUBG2	0.07586421763415155	1099	16
e2f_g2m	technical_positive_control	b	HALLMARK_G2M_CHECKPOINT	control	UAP1L1	0.047588166988977956	712	15
e2f_g2m	technical_positive_control	b	HALLMARK_G2M_CHECKPOINT	control	UBR4	0.481716062298602	5170	22
e2f_g2m	technical_positive_control	b	HALLMARK_G2M_CHECKPOINT	control	UBXN1	0.2721554824641563	3050	20
e2f_g2m	technical_positive_control	b	HALLMARK_G2M_CHECKPOINT	control	UBXN2B	0.4421122909444826	4678	22
e2f_g2m	technical_positive_control	b	HALLMARK_G2M_CHECKPOINT	control	UHMK1	0.3784940999618621	4009	21
e2f_g2m	technical_positive_control	b	HALLMARK_G2M_CHECKPOINT	control	UHRF1BP1L	0.31481017257877053	3418	21
e2f_g2m	technical_positive_control	b	HALLMARK_G2M_CHECKPOINT	control	UNC5B	0.052469842227432284	696	15
e2f_g2m	technical_positive_control	b	HALLMARK_G2M_CHECKPOINT	control	URAD	0.07743992552080242	1008	16
e2f_g2m	technical_positive_control	b	HALLMARK_G2M_CHECKPOINT	control	UROS	0.13173028597178527	1746	18
e2f_g2m	technical_positive_control	b	HALLMARK_G2M_CHECKPOINT	control	USP20	0.16052847206909032	2159	18
e2f_g2m	technical_positive_control	b	HALLMARK_G2M_CHECKPOINT	control	USP34	2.8289539011832794	12590	24
e2f_g2m	technical_positive_control	b	HALLMARK_G2M_CHECKPOINT	control	USP37	0.41967501130763213	4221	21
e2f_g2m	technical_positive_control	b	HALLMARK_G2M_CHECKPOINT	control	USP46	0.1481050159313283	1893	18
e2f_g2m	technical_positive_control	b	HALLMARK_G2M_CHECKPOINT	control	VEZT	1.1533446428188854	8021	24
e2f_g2m	technical_positive_control	b	HALLMARK_G2M_CHECKPOINT	control	VIPR1	0.150601901629184	1976	18
e2f_g2m	technical_positive_control	b	HALLMARK_G2M_CHECKPOINT	control	VPS13B-DT	0.24321185053604874	2980	20
e2f_g2m	technical_positive_control	b	HALLMARK_G2M_CHECKPOINT	control	VPS29	0.6971828354384974	6379	23
e2f_g2m	technical_positive_control	b	HALLMARK_G2M_CHECKPOINT	control	WBP1L	0.20516305684473712	2642	19
e2f_g2m	technical_positive_control	b	HALLMARK_G2M_CHECKPOINT	control	WDR34	0.17766040476460593	2081	19
e2f_g2m	technical_positive_control	b	HALLMARK_G2M_CHECKPOINT	control	WDR7	0.3267187636646495	3645	21
e2f_g2m	technical_positive_control	b	HALLMARK_G2M_CHECKPOINT	control	WDR78	0.17934400790769317	2069	19
e2f_g2m	technical_positive_control	b	HALLMARK_G2M_CHECKPOINT	control	WIZ	0.06984744616142774	998	16
e2f_g2m	technical_positive_control	b	HALLMARK_G2M_CHECKPOINT	control	WWP2	0.7845330087441139	6838	23
e2f_g2m	technical_positive_control	b	HALLMARK_G2M_CHECKPOINT	control	XKR4	0.026440642561417524	258	14
e2f_g2m	technical_positive_control	b	HALLMARK_G2M_CHECKPOINT	control	XPO7	0.45097852605474487	4437	22
e2f_g2m	technical_positive_control	b	HALLMARK_G2M_CHECKPOINT	control	XRCC1	0.11437598710221256	1567	17
e2f_g2m	technical_positive_control	b	HALLMARK_G2M_CHECKPOINT	control	YWHAZ	3.4252972505519845	12079	24
e2f_g2m	technical_positive_control	b	HALLMARK_G2M_CHECKPOINT	control	Z93930.2	0.23371472950840713	2646	20
e2f_g2m	technical_positive_control	b	HALLMARK_G2M_CHECKPOINT	control	ZFPM1	0.13838608283613538	1866	18
e2f_g2m	technical_positive_control	b	HALLMARK_G2M_CHECKPOINT	control	ZKSCAN2-DT	0.048728463226645743	734	15
e2f_g2m	technical_positive_control	b	HALLMARK_G2M_CHECKPOINT	control	ZNF117	0.18129494859609438	2353	19
e2f_g2m	technical_positive_control	b	HALLMARK_G2M_CHECKPOINT	control	ZNF20	0.036609507137983464	565	14
e2f_g2m	technical_positive_control	b	HALLMARK_G2M_CHECKPOINT	control	ZNF232	0.044711592622383826	666	15
e2f_g2m	technical_positive_control	b	HALLMARK_G2M_CHECKPOINT	control	ZNF280B	0.027123575189274513	397	14
e2f_g2m	technical_positive_control	b	HALLMARK_G2M_CHECKPOINT	control	ZNF324	0.06934127956209943	1038	16
e2f_g2m	technical_positive_control	b	HALLMARK_G2M_CHECKPOINT	control	ZNF330	0.19252918883008588	2454	19
e2f_g2m	technical_positive_control	b	HALLMARK_G2M_CHECKPOINT	control	ZNF358	0.0938316329004049	1289	17
e2f_g2m	technical_positive_control	b	HALLMARK_G2M_CHECKPOINT	control	ZNF425	0.04442248807810345	655	15
e2f_g2m	technical_positive_control	b	HALLMARK_G2M_CHECKPOINT	control	ZNF461	0.06599349247310186	940	16
e2f_g2m	technical_positive_control	b	HALLMARK_G2M_CHECKPOINT	control	ZNF467	0.0011273891947875562	24	6
e2f_g2m	technical_positive_control	b	HALLMARK_G2M_CHECKPOINT	control	ZNF507	0.38051758974732797	4273	21
e2f_g2m	technical_positive_control	b	HALLMARK_G2M_CHECKPOINT	control	ZNF561-AS1	0.048191172851450706	698	15
e2f_g2m	technical_positive_control	b	HALLMARK_G2M_CHECKPOINT	control	ZNF581	0.08003871836774894	1072	16
e2f_g2m	technical_positive_control	b	HALLMARK_G2M_CHECKPOINT	control	ZNF585A	0.0774987851708124	1112	16
e2f_g2m	technical_positive_control	b	HALLMARK_G2M_CHECKPOINT	control	ZNF589	0.11881109855445918	1640	18
e2f_g2m	technical_positive_control	b	HALLMARK_G2M_CHECKPOINT	control	ZNF629	0.07113811939171025	1016	16
e2f_g2m	technical_positive_control	b	HALLMARK_G2M_CHECKPOINT	control	ZNF700	0.3535381045274617	3948	21
e2f_g2m	technical_positive_control	b	HALLMARK_G2M_CHECKPOINT	control	ZNF740	0.06404546341984524	951	16
e2f_g2m	technical_positive_control	b	HALLMARK_G2M_CHECKPOINT	control	ZNF774	0.06948327484654457	982	16
e2f_g2m	technical_positive_control	b	HALLMARK_G2M_CHECKPOINT	control	ZNF791	0.2833586851868718	3442	20
e2f_g2m	technical_positive_control	b	HALLMARK_G2M_CHECKPOINT	control	ZNF821	0.1191068004847718	1574	18
e2f_g2m	technical_positive_control	b	HALLMARK_G2M_CHECKPOINT	control	ZNF865	0.040966690908374036	626	15
e2f_g2m	technical_positive_control	b	HALLMARK_G2M_CHECKPOINT	control	ZSWIM4	0.14483396553801062	1896	18
e2f_g2m	technical_positive_control	b	HALLMARK_G2M_CHECKPOINT	target	ABL1	1.127543920821763	8328	24
e2f_g2m	technical_positive_control	b	HALLMARK_G2M_CHECKPOINT	target	AMD1	0.7269830117778747	6071	23
e2f_g2m	technical_positive_control	b	HALLMARK_G2M_CHECKPOINT	target	ARID4A	0.6588784073359576	6015	23
e2f_g2m	technical_positive_control	b	HALLMARK_G2M_CHECKPOINT	target	ATF5	0.10006855194309051	1004	17
e2f_g2m	technical_positive_control	b	HALLMARK_G2M_CHECKPOINT	target	ATRX	2.5140596432516507	11749	24
e2f_g2m	technical_positive_control	b	HALLMARK_G2M_CHECKPOINT	target	BCL3	0.13035433382974285	1690	18
e2f_g2m	technical_positive_control	b	HALLMARK_G2M_CHECKPOINT	target	BUB1	0.16025308236406238	1393	18
e2f_g2m	technical_positive_control	b	HALLMARK_G2M_CHECKPOINT	target	BUB3	0.30809632609410065	3287	21
e2f_g2m	technical_positive_control	b	HALLMARK_G2M_CHECKPOINT	target	CASP8AP2	0.3792991587436425	3889	21
e2f_g2m	technical_positive_control	b	HALLMARK_G2M_CHECKPOINT	target	CBX1	0.23420006325678475	2668	20
e2f_g2m	technical_positive_control	b	HALLMARK_G2M_CHECKPOINT	target	CCNA2	0.07459133265503819	842	16
e2f_g2m	technical_positive_control	b	HALLMARK_G2M_CHECKPOINT	target	CCND1	0.7089916815859908	5157	23
e2f_g2m	technical_positive_control	b	HALLMARK_G2M_CHECKPOINT	target	CCNF	0.12126869999034699	1278	18
e2f_g2m	technical_positive_control	b	HALLMARK_G2M_CHECKPOINT	target	CCNT1	0.35022367310372077	3949	21
e2f_g2m	technical_positive_control	b	HALLMARK_G2M_CHECKPOINT	target	CDC27	0.6415703491105293	5950	23
e2f_g2m	technical_positive_control	b	HALLMARK_G2M_CHECKPOINT	target	CDC45	0.08026447448570224	911	16
e2f_g2m	technical_positive_control	b	HALLMARK_G2M_CHECKPOINT	target	CDC6	0.08940833626044245	1076	17
e2f_g2m	technical_positive_control	b	HALLMARK_G2M_CHECKPOINT	target	CDC7	0.09593266236788775	1164	17
e2f_g2m	technical_positive_control	b	HALLMARK_G2M_CHECKPOINT	target	CENPA	0.0706534232248245	860	16
e2f_g2m	technical_positive_control	b	HALLMARK_G2M_CHECKPOINT	target	CENPF	0.625382922476686	2932	22
e2f_g2m	technical_positive_control	b	HALLMARK_G2M_CHECKPOINT	target	CHAF1A	0.1644441811966489	1876	19
e2f_g2m	technical_positive_control	b	HALLMARK_G2M_CHECKPOINT	target	CHMP1A	0.1935692723191005	2430	19
e2f_g2m	technical_positive_control	b	HALLMARK_G2M_CHECKPOINT	target	CUL1	0.9958587583082052	7916	23
e2f_g2m	technical_positive_control	b	HALLMARK_G2M_CHECKPOINT	target	CUL3	1.7666499307756662	10368	24
e2f_g2m	technical_positive_control	b	HALLMARK_G2M_CHECKPOINT	target	CUL4A	1.2731280057172185	9054	24
e2f_g2m	technical_positive_control	b	HALLMARK_G2M_CHECKPOINT	target	CUL5	0.943728827707503	7598	23
e2f_g2m	technical_positive_control	b	HALLMARK_G2M_CHECKPOINT	target	DBF4	0.3874869656463023	3787	21
e2f_g2m	technical_positive_control	b	HALLMARK_G2M_CHECKPOINT	target	DKC1	0.5834960443320193	4602	22
e2f_g2m	technical_positive_control	b	HALLMARK_G2M_CHECKPOINT	target	DMD	0.39921998764135863	3468	21
e2f_g2m	technical_positive_control	b	HALLMARK_G2M_CHECKPOINT	target	DR1	0.1824571200176349	2333	19
e2f_g2m	technical_positive_control	b	HALLMARK_G2M_CHECKPOINT	target	DTYMK	0.18372387626242734	2121	19
e2f_g2m	technical_positive_control	b	HALLMARK_G2M_CHECKPOINT	target	E2F1	0.08714877998399224	1051	17
e2f_g2m	technical_positive_control	b	HALLMARK_G2M_CHECKPOINT	target	E2F2	0.034176073442043695	460	14
e2f_g2m	technical_positive_control	b	HALLMARK_G2M_CHECKPOINT	target	E2F3	0.9019204418710881	6632	23
e2f_g2m	technical_positive_control	b	HALLMARK_G2M_CHECKPOINT	target	E2F4	0.14421351360748993	1954	18
e2f_g2m	technical_positive_control	b	HALLMARK_G2M_CHECKPOINT	target	EFNA5	0.7127317152231011	3478	23
e2f_g2m	technical_positive_control	b	HALLMARK_G2M_CHECKPOINT	target	EGF	0.1254603088077047	1209	18
e2f_g2m	technical_positive_control	b	HALLMARK_G2M_CHECKPOINT	target	EWSR1	0.7789009796537301	6955	23
e2f_g2m	technical_positive_control	b	HALLMARK_G2M_CHECKPOINT	target	EXO1	0.08401466364997244	861	17
e2f_g2m	technical_positive_control	b	HALLMARK_G2M_CHECKPOINT	target	FANCC	1.037710217531086	7333	23
e2f_g2m	technical_positive_control	b	HALLMARK_G2M_CHECKPOINT	target	FBXO5	0.07274249195121751	895	16
e2f_g2m	technical_positive_control	b	HALLMARK_G2M_CHECKPOINT	target	FOXN3	1.4757652316074708	9508	24
e2f_g2m	technical_positive_control	b	HALLMARK_G2M_CHECKPOINT	target	G3BP1	0.9618891892441971	7163	23
e2f_g2m	technical_positive_control	b	HALLMARK_G2M_CHECKPOINT	target	GINS2	0.0610331741172523	808	16
e2f_g2m	technical_positive_control	b	HALLMARK_G2M_CHECKPOINT	target	HIF1A	0.5543524350369998	5820	22
e2f_g2m	technical_positive_control	b	HALLMARK_G2M_CHECKPOINT	target	HIRA	0.20980192427781463	2516	19
e2f_g2m	technical_positive_control	b	HALLMARK_G2M_CHECKPOINT	target	HMGN2	0.7330952423454655	5575	23
e2f_g2m	technical_positive_control	b	HALLMARK_G2M_CHECKPOINT	target	HNRNPU	2.3177883276837323	11279	24
e2f_g2m	technical_positive_control	b	HALLMARK_G2M_CHECKPOINT	target	HOXC10	0.0012244847863475108	20	6
e2f_g2m	technical_positive_control	b	HALLMARK_G2M_CHECKPOINT	target	HSPA8	1.1266838368734413	6924	24
e2f_g2m	technical_positive_control	b	HALLMARK_G2M_CHECKPOINT	target	INCENP	0.12267639151637576	1451	18
e2f_g2m	technical_positive_control	b	HALLMARK_G2M_CHECKPOINT	target	KATNA1	0.19652470118831616	2451	19
e2f_g2m	technical_positive_control	b	HALLMARK_G2M_CHECKPOINT	target	KIF11	0.18716905720043736	1595	19
e2f_g2m	technical_positive_control	b	HALLMARK_G2M_CHECKPOINT	target	KIF15	0.20321613624650067	1707	19
e2f_g2m	technical_positive_control	b	HALLMARK_G2M_CHECKPOINT	target	KIF20B	0.42473552829284467	3091	22
e2f_g2m	technical_positive_control	b	HALLMARK_G2M_CHECKPOINT	target	KIF23	0.1481505917671789	1405	18
e2f_g2m	technical_positive_control	b	HALLMARK_G2M_CHECKPOINT	target	KIF5B	2.2328569779513474	10075	24
e2f_g2m	technical_positive_control	b	HALLMARK_G2M_CHECKPOINT	target	KMT5A	0.16167937552462044	2012	18
e2f_g2m	technical_positive_control	b	HALLMARK_G2M_CHECKPOINT	target	KNL1	0.23126445931537645	1935	20
e2f_g2m	technical_positive_control	b	HALLMARK_G2M_CHECKPOINT	target	KPNB1	1.1076214129041304	7693	24
e2f_g2m	technical_positive_control	b	HALLMARK_G2M_CHECKPOINT	target	LIG3	0.17189127271586	2241	19
e2f_g2m	technical_positive_control	b	HALLMARK_G2M_CHECKPOINT	target	MAP3K20	1.7473702269212796	8392	24
e2f_g2m	technical_positive_control	b	HALLMARK_G2M_CHECKPOINT	target	MAPK14	1.098004617906021	8184	24
e2f_g2m	technical_positive_control	b	HALLMARK_G2M_CHECKPOINT	target	MARCKS	0.835115465299539	6401	23
e2f_g2m	technical_positive_control	b	HALLMARK_G2M_CHECKPOINT	target	MEIS1	0.032278575263538625	446	14
e2f_g2m	technical_positive_control	b	HALLMARK_G2M_CHECKPOINT	target	MEIS2	0.10298644672518219	913	17
e2f_g2m	technical_positive_control	b	HALLMARK_G2M_CHECKPOINT	target	MNAT1	1.3743684010068125	8630	24
e2f_g2m	technical_positive_control	b	HALLMARK_G2M_CHECKPOINT	target	MT2A	0.19716709292633605	2145	19
e2f_g2m	technical_positive_control	b	HALLMARK_G2M_CHECKPOINT	target	MTF2	0.9084845170871059	7683	23
e2f_g2m	technical_positive_control	b	HALLMARK_G2M_CHECKPOINT	target	NCL	1.6925252999853688	8340	24
e2f_g2m	technical_positive_control	b	HALLMARK_G2M_CHECKPOINT	target	NDC80	0.13860543732625571	1302	18
e2f_g2m	technical_positive_control	b	HALLMARK_G2M_CHECKPOINT	target	NEK2	0.06415010936122165	709	16
e2f_g2m	technical_positive_control	b	HALLMARK_G2M_CHECKPOINT	target	NOTCH2	0.3041450046777755	3738	21
e2f_g2m	technical_positive_control	b	HALLMARK_G2M_CHECKPOINT	target	NSD2	1.0770831238535419	7202	23
e2f_g2m	technical_positive_control	b	HALLMARK_G2M_CHECKPOINT	target	NUMA1	0.5253438067987996	5416	22
e2f_g2m	technical_positive_control	b	HALLMARK_G2M_CHECKPOINT	target	NUP50	0.2600211844437427	3015	20
e2f_g2m	technical_positive_control	b	HALLMARK_G2M_CHECKPOINT	target	NUP98	0.9975614658122249	7799	23
e2f_g2m	technical_positive_control	b	HALLMARK_G2M_CHECKPOINT	target	NUSAP1	0.20212047726606563	1839	19
e2f_g2m	technical_positive_control	b	HALLMARK_G2M_CHECKPOINT	target	ODC1	0.4794699959301006	3960	22
e2f_g2m	technical_positive_control	b	HALLMARK_G2M_CHECKPOINT	target	ODF2	0.22455485573833003	2604	20
e2f_g2m	technical_positive_control	b	HALLMARK_G2M_CHECKPOINT	target	ORC5	0.6492727560235696	5912	23
e2f_g2m	technical_positive_control	b	HALLMARK_G2M_CHECKPOINT	target	PAFAH1B1	1.1645583369159394	8405	24
e2f_g2m	technical_positive_control	b	HALLMARK_G2M_CHECKPOINT	target	PBK	0.0817935612380554	889	16
e2f_g2m	technical_positive_control	b	HALLMARK_G2M_CHECKPOINT	target	PML	0.190079742937757	2267	19
e2f_g2m	technical_positive_control	b	HALLMARK_G2M_CHECKPOINT	target	POLQ	0.4272507846567658	2409	22
e2f_g2m	technical_positive_control	b	HALLMARK_G2M_CHECKPOINT	target	PRC1	0.16939463679977712	1757	19
e2f_g2m	technical_positive_control	b	HALLMARK_G2M_CHECKPOINT	target	PRMT5	0.17584421586793766	2056	19
e2f_g2m	technical_positive_control	b	HALLMARK_G2M_CHECKPOINT	target	PURA	0.5421791846356472	5369	22
e2f_g2m	technical_positive_control	b	HALLMARK_G2M_CHECKPOINT	target	RAD23B	0.9970408135324532	7983	23
e2f_g2m	technical_positive_control	b	HALLMARK_G2M_CHECKPOINT	target	RAD54L	0.08231881521309416	989	16
e2f_g2m	technical_positive_control	b	HALLMARK_G2M_CHECKPOINT	target	RASAL2	2.2931065517352245	9752	24
e2f_g2m	technical_positive_control	b	HALLMARK_G2M_CHECKPOINT	target	RBL1	0.6896067717526737	4409	23
e2f_g2m	technical_positive_control	b	HALLMARK_G2M_CHECKPOINT	target	RBM14	0.18168191925725308	2372	19
e2f_g2m	technical_positive_control	b	HALLMARK_G2M_CHECKPOINT	target	SAP30	0.05197245488068367	780	15
e2f_g2m	technical_positive_control	b	HALLMARK_G2M_CHECKPOINT	target	SFPQ	1.2582168583103968	8965	24
e2f_g2m	technical_positive_control	b	HALLMARK_G2M_CHECKPOINT	target	SLC12A2	7.837942242845749	13363	24
e2f_g2m	technical_positive_control	b	HALLMARK_G2M_CHECKPOINT	target	SLC38A1	1.9438942619628206	10213	24
e2f_g2m	technical_positive_control	b	HALLMARK_G2M_CHECKPOINT	target	SLC7A1	0.9686341948378647	7143	23
e2f_g2m	technical_positive_control	b	HALLMARK_G2M_CHECKPOINT	target	SLC7A5	0.38248120847100764	3538	21
e2f_g2m	technical_positive_control	b	HALLMARK_G2M_CHECKPOINT	target	SMAD3	0.8178359550080155	6771	23
e2f_g2m	technical_positive_control	b	HALLMARK_G2M_CHECKPOINT	target	SMARCC1	2.606111904322908	11615	24
e2f_g2m	technical_positive_control	b	HALLMARK_G2M_CHECKPOINT	target	SMC2	0.3204328005806382	2915	21
e2f_g2m	technical_positive_control	b	HALLMARK_G2M_CHECKPOINT	target	SNRPD1	0.4888510065531029	4222	22
e2f_g2m	technical_positive_control	b	HALLMARK_G2M_CHECKPOINT	target	SQLE	0.9358821261888963	5012	23
e2f_g2m	technical_positive_control	b	HALLMARK_G2M_CHECKPOINT	target	SRSF10	1.2868927692524126	8714	24
e2f_g2m	technical_positive_control	b	HALLMARK_G2M_CHECKPOINT	target	SS18	0.46036904746278845	4747	22
e2f_g2m	technical_positive_control	b	HALLMARK_G2M_CHECKPOINT	target	STIL	0.2732129437433901	2352	20
e2f_g2m	technical_positive_control	b	HALLMARK_G2M_CHECKPOINT	target	TENT4A	0.45681037171745287	4629	22
e2f_g2m	technical_positive_control	b	HALLMARK_G2M_CHECKPOINT	target	TFDP1	0.489033829682592	4636	22
e2f_g2m	technical_positive_control	b	HALLMARK_G2M_CHECKPOINT	target	TGFB1	0.09788566445681064	1363	17
e2f_g2m	technical_positive_control	b	HALLMARK_G2M_CHECKPOINT	target	TLE3	0.17756462363376463	2312	19
e2f_g2m	technical_positive_control	b	HALLMARK_G2M_CHECKPOINT	target	TNPO2	0.3123789887245403	3599	21
e2f_g2m	technical_positive_control	b	HALLMARK_G2M_CHECKPOINT	target	TOP1	2.7493728237876054	11200	24
e2f_g2m	technical_positive_control	b	HALLMARK_G2M_CHECKPOINT	target	TPX2	0.5200015175714134	2977	22
e2f_g2m	technical_positive_control	b	HALLMARK_G2M_CHECKPOINT	target	TRAIP	0.0505225941342413	699	15
e2f_g2m	technical_positive_control	b	HALLMARK_G2M_CHECKPOINT	target	TROAP	0.09182571007329872	962	17
e2f_g2m	technical_positive_control	b	HALLMARK_G2M_CHECKPOINT	target	TTK	0.15379053417557648	1344	18
e2f_g2m	technical_positive_control	b	HALLMARK_G2M_CHECKPOINT	target	UBE2C	0.3426245070351179	2435	21
e2f_g2m	technical_positive_control	b	HALLMARK_G2M_CHECKPOINT	target	UCK2	0.8333153493943964	6670	23
e2f_g2m	technical_positive_control	b	HALLMARK_G2M_CHECKPOINT	target	UPF1	0.26010106799678373	3139	20
e2f_g2m	technical_positive_control	b	HALLMARK_G2M_CHECKPOINT	target	WRN	0.944745399837407	6681	23
e2f_g2m	technical_positive_control	b	HALLMARK_G2M_CHECKPOINT	target	YTHDC1	0.8341276316287844	7460	23
hrc_e2f	biological_discriminator	a	CANELLAS_CORE_HRC	control	AACS	0.27175525742815004	3201	20
hrc_e2f	biological_discriminator	a	CANELLAS_CORE_HRC	control	AARSD1	0.2153122369901579	2672	19
hrc_e2f	biological_discriminator	a	CANELLAS_CORE_HRC	control	ABCB1	1.0705831039597404	4632	23
hrc_e2f	biological_discriminator	a	CANELLAS_CORE_HRC	control	ABCB7	0.5780343747956608	5578	22
hrc_e2f	biological_discriminator	a	CANELLAS_CORE_HRC	control	ABHD12	1.0538642039561241	7880	23
hrc_e2f	biological_discriminator	a	CANELLAS_CORE_HRC	control	ABI1	1.5025480444865846	9405	24
hrc_e2f	biological_discriminator	a	CANELLAS_CORE_HRC	control	ABTB1	0.05618629425818072	861	15
hrc_e2f	biological_discriminator	a	CANELLAS_CORE_HRC	control	AC004982.2	0.02797283190791503	418	14
hrc_e2f	biological_discriminator	a	CANELLAS_CORE_HRC	control	AC005162.3	0.08995582436244143	931	17
hrc_e2f	biological_discriminator	a	CANELLAS_CORE_HRC	control	AC005520.5	0.02422114237756683	371	14
hrc_e2f	biological_discriminator	a	CANELLAS_CORE_HRC	control	AC005740.5	0.06956691386824933	955	16
hrc_e2f	biological_discriminator	a	CANELLAS_CORE_HRC	control	AC006064.2	0.03654030307562414	550	14
hrc_e2f	biological_discriminator	a	CANELLAS_CORE_HRC	control	AC006547.1	0.034733405984224655	531	14
hrc_e2f	biological_discriminator	a	CANELLAS_CORE_HRC	control	AC007285.1	0.05936148159731343	852	16
hrc_e2f	biological_discriminator	a	CANELLAS_CORE_HRC	control	AC010086.3	0.5892305440604652	4640	22
hrc_e2f	biological_discriminator	a	CANELLAS_CORE_HRC	control	AC010531.5	0.0381647801107332	574	15
hrc_e2f	biological_discriminator	a	CANELLAS_CORE_HRC	control	AC010618.3	0.09407671017540759	1289	17
hrc_e2f	biological_discriminator	a	CANELLAS_CORE_HRC	control	AC010809.1	0.0379591771891938	544	15
hrc_e2f	biological_discriminator	a	CANELLAS_CORE_HRC	control	AC010997.3	0.22798262412264064	2193	20
hrc_e2f	biological_discriminator	a	CANELLAS_CORE_HRC	control	AC011472.1	0.02818076238915762	440	14
hrc_e2f	biological_discriminator	a	CANELLAS_CORE_HRC	control	AC011997.1	0.26412613561728404	2839	20
hrc_e2f	biological_discriminator	a	CANELLAS_CORE_HRC	control	AC012178.1	0.05834012188227242	719	16
hrc_e2f	biological_discriminator	a	CANELLAS_CORE_HRC	control	AC016597.1	0.03747780791481081	562	15
hrc_e2f	biological_discriminator	a	CANELLAS_CORE_HRC	control	AC016746.1	0.055852777421477956	810	15
hrc_e2f	biological_discriminator	a	CANELLAS_CORE_HRC	control	AC018462.1	0.05454942190682126	789	15
hrc_e2f	biological_discriminator	a	CANELLAS_CORE_HRC	control	AC021054.1	0.10579842684962815	1226	17
hrc_e2f	biological_discriminator	a	CANELLAS_CORE_HRC	control	AC021092.1	0.02932051195554145	431	14
hrc_e2f	biological_discriminator	a	CANELLAS_CORE_HRC	control	AC024075.2	0.026352495090959542	414	14
hrc_e2f	biological_discriminator	a	CANELLAS_CORE_HRC	control	AC026167.1	0.09643689701011922	606	17
hrc_e2f	biological_discriminator	a	CANELLAS_CORE_HRC	control	AC026470.2	0.06011271720056469	871	16
hrc_e2f	biological_discriminator	a	CANELLAS_CORE_HRC	control	AC073332.1	0.1625390181822767	1751	19
hrc_e2f	biological_discriminator	a	CANELLAS_CORE_HRC	control	AC079142.1	0.5959996988171815	4768	22
hrc_e2f	biological_discriminator	a	CANELLAS_CORE_HRC	control	AC079804.3	0.3405986575848387	3577	21
hrc_e2f	biological_discriminator	a	CANELLAS_CORE_HRC	control	AC090015.1	0.8602752955255151	4990	23
hrc_e2f	biological_discriminator	a	CANELLAS_CORE_HRC	control	AC091057.6	0.04192803013115495	539	15
hrc_e2f	biological_discriminator	a	CANELLAS_CORE_HRC	control	AC092903.2	0.03874668882001726	589	15
hrc_e2f	biological_discriminator	a	CANELLAS_CORE_HRC	control	AC092910.3	0.10486953735381355	1413	17
hrc_e2f	biological_discriminator	a	CANELLAS_CORE_HRC	control	AC093157.1	0.25222836164257895	2933	20
hrc_e2f	biological_discriminator	a	CANELLAS_CORE_HRC	control	AC093627.5	0.02536067680651616	384	14
hrc_e2f	biological_discriminator	a	CANELLAS_CORE_HRC	control	AC093817.1	0.03342132608867737	436	14
hrc_e2f	biological_discriminator	a	CANELLAS_CORE_HRC	control	AC093895.1	0.2354651285161659	1937	20
hrc_e2f	biological_discriminator	a	CANELLAS_CORE_HRC	control	AC097532.2	0.028045518891682785	419	14
hrc_e2f	biological_discriminator	a	CANELLAS_CORE_HRC	control	AC105219.4	0.04915313304375331	702	15
hrc_e2f	biological_discriminator	a	CANELLAS_CORE_HRC	control	AC107223.1	0.13104796282090198	1135	18
hrc_e2f	biological_discriminator	a	CANELLAS_CORE_HRC	control	AC107398.3	0.041540764821849784	369	15
hrc_e2f	biological_discriminator	a	CANELLAS_CORE_HRC	control	AC254629.1	0.10578410029299541	1441	17
hrc_e2f	biological_discriminator	a	CANELLAS_CORE_HRC	control	ADARB1	0.168139156687825	1977	19
hrc_e2f	biological_discriminator	a	CANELLAS_CORE_HRC	control	ADGRF3	0.02932137196541611	444	14
hrc_e2f	biological_discriminator	a	CANELLAS_CORE_HRC	control	AF064858.1	0.17243427467849526	1872	19
hrc_e2f	biological_discriminator	a	CANELLAS_CORE_HRC	control	AGO4	0.3784938975521715	4209	21
hrc_e2f	biological_discriminator	a	CANELLAS_CORE_HRC	control	AL031668.1	0.027258897834449864	411	14
hrc_e2f	biological_discriminator	a	CANELLAS_CORE_HRC	control	AL031768.2	0.06499156862026335	944	16
hrc_e2f	biological_discriminator	a	CANELLAS_CORE_HRC	control	AL033527.4	0.029851416759185918	437	14
hrc_e2f	biological_discriminator	a	CANELLAS_CORE_HRC	control	AL035458.2	0.25948386070498797	2664	20
hrc_e2f	biological_discriminator	a	CANELLAS_CORE_HRC	control	AL078581.4	0.04799893097074595	701	15
hrc_e2f	biological_discriminator	a	CANELLAS_CORE_HRC	control	AL096870.8	0.037917120909138353	573	15
hrc_e2f	biological_discriminator	a	CANELLAS_CORE_HRC	control	AL109824.1	0.36542917237647293	4016	21
hrc_e2f	biological_discriminator	a	CANELLAS_CORE_HRC	control	AL118511.1	0.10648839904423682	1523	17
hrc_e2f	biological_discriminator	a	CANELLAS_CORE_HRC	control	AL135878.1	0.06807865787806394	587	16
hrc_e2f	biological_discriminator	a	CANELLAS_CORE_HRC	control	AL139317.5	0.029248586186177046	407	14
hrc_e2f	biological_discriminator	a	CANELLAS_CORE_HRC	control	AL158152.1	0.3500139072078525	4075	21
hrc_e2f	biological_discriminator	a	CANELLAS_CORE_HRC	control	AL160035.1	0.03660556491008514	505	14
hrc_e2f	biological_discriminator	a	CANELLAS_CORE_HRC	control	AL162493.1	0.06677452751132407	508	16
hrc_e2f	biological_discriminator	a	CANELLAS_CORE_HRC	control	AL442003.1	0.03636307254395472	550	14
hrc_e2f	biological_discriminator	a	CANELLAS_CORE_HRC	control	AL590705.1	0.030921963001334096	398	14
hrc_e2f	biological_discriminator	a	CANELLAS_CORE_HRC	control	AL731577.2	0.2666342792843692	3085	20
hrc_e2f	biological_discriminator	a	CANELLAS_CORE_HRC	control	ALDH3A2	0.33757435756468634	3534	21
hrc_e2f	biological_discriminator	a	CANELLAS_CORE_HRC	control	ALDH7A1	0.4769136234005611	4705	22
hrc_e2f	biological_discriminator	a	CANELLAS_CORE_HRC	control	ALDH9A1	0.14205259716714094	1784	18
hrc_e2f	biological_discriminator	a	CANELLAS_CORE_HRC	control	ANKS4B	0.1197221932676882	1508	18
hrc_e2f	biological_discriminator	a	CANELLAS_CORE_HRC	control	AP001830.1	0.02834301551230222	424	14
hrc_e2f	biological_discriminator	a	CANELLAS_CORE_HRC	control	APOC1	0.14202581954800791	2608	18
hrc_e2f	biological_discriminator	a	CANELLAS_CORE_HRC	control	APTX	0.6101204325461943	5788	22
hrc_e2f	biological_discriminator	a	CANELLAS_CORE_HRC	control	AQP1	0.05894258718452773	864	16
hrc_e2f	biological_discriminator	a	CANELLAS_CORE_HRC	control	AQP11	0.08030910769395903	1128	16
hrc_e2f	biological_discriminator	a	CANELLAS_CORE_HRC	control	ARAP2	0.6440035205073109	5762	23
hrc_e2f	biological_discriminator	a	CANELLAS_CORE_HRC	control	ARF5	0.13281989804257832	1730	18
hrc_e2f	biological_discriminator	a	CANELLAS_CORE_HRC	control	ARHGAP42	1.5643543525622767	8570	24
hrc_e2f	biological_discriminator	a	CANELLAS_CORE_HRC	control	ARIH1	1.6815315264606059	10384	24
hrc_e2f	biological_discriminator	a	CANELLAS_CORE_HRC	control	ARL6IP4	0.5202697979025568	4876	22
hrc_e2f	biological_discriminator	a	CANELLAS_CORE_HRC	control	ARL6IP5	0.4252019618315041	4323	22
hrc_e2f	biological_discriminator	a	CANELLAS_CORE_HRC	control	ARMC8	0.699178567403438	6504	23
hrc_e2f	biological_discriminator	a	CANELLAS_CORE_HRC	control	ARMC9	0.24531744919529758	3003	20
hrc_e2f	biological_discriminator	a	CANELLAS_CORE_HRC	control	ARMCX6	0.056379397611189444	838	15
hrc_e2f	biological_discriminator	a	CANELLAS_CORE_HRC	control	ASAP3	0.05887526164265451	772	16
hrc_e2f	biological_discriminator	a	CANELLAS_CORE_HRC	control	ASMTL-AS1	0.07337061063854164	1080	16
hrc_e2f	biological_discriminator	a	CANELLAS_CORE_HRC	control	ATAD5	0.41306628827725805	3540	21
hrc_e2f	biological_discriminator	a	CANELLAS_CORE_HRC	control	ATG7	1.5693107511196935	9559	24
hrc_e2f	biological_discriminator	a	CANELLAS_CORE_HRC	control	ATP2A1	0.04138065382276985	604	15
hrc_e2f	biological_discriminator	a	CANELLAS_CORE_HRC	control	ATP5F1E	2.037249378933062	9452	24
hrc_e2f	biological_discriminator	a	CANELLAS_CORE_HRC	control	ATXN2L	0.4082485378268835	4666	21
hrc_e2f	biological_discriminator	a	CANELLAS_CORE_HRC	control	AZI2	0.27069682786850213	3384	20
hrc_e2f	biological_discriminator	a	CANELLAS_CORE_HRC	control	B3GNT7	0.030839733399664372	366	14
hrc_e2f	biological_discriminator	a	CANELLAS_CORE_HRC	control	B4GALT4	0.23149470186030938	2761	20
hrc_e2f	biological_discriminator	a	CANELLAS_CORE_HRC	control	BBS1	0.16155802806317754	2177	18
hrc_e2f	biological_discriminator	a	CANELLAS_CORE_HRC	control	BET1L	0.12398652784217803	1726	18
hrc_e2f	biological_discriminator	a	CANELLAS_CORE_HRC	control	BPHL	0.1637536385674577	2168	19
hrc_e2f	biological_discriminator	a	CANELLAS_CORE_HRC	control	BRF1	0.2285681322204887	2871	20
hrc_e2f	biological_discriminator	a	CANELLAS_CORE_HRC	control	BTD	0.267764309185107	3279	20
hrc_e2f	biological_discriminator	a	CANELLAS_CORE_HRC	control	BTG2	0.41795821210060086	3671	21
hrc_e2f	biological_discriminator	a	CANELLAS_CORE_HRC	control	C15ORF41	0.5802576558506097	4932	22
hrc_e2f	biological_discriminator	a	CANELLAS_CORE_HRC	control	C1ORF174	0.07314043633606764	1069	16
hrc_e2f	biological_discriminator	a	CANELLAS_CORE_HRC	control	C1ORF226	0.04250984711205895	639	15
hrc_e2f	biological_discriminator	a	CANELLAS_CORE_HRC	control	C22ORF34	0.08526902157267405	1133	17
hrc_e2f	biological_discriminator	a	CANELLAS_CORE_HRC	control	C2ORF27A	0.31731141349317565	3279	21
hrc_e2f	biological_discriminator	a	CANELLAS_CORE_HRC	control	C8ORF37	0.03059267859238808	445	14
hrc_e2f	biological_discriminator	a	CANELLAS_CORE_HRC	control	CALR	1.374253076991429	8281	24
hrc_e2f	biological_discriminator	a	CANELLAS_CORE_HRC	control	CARD11	0.25114496062799707	2247	20
hrc_e2f	biological_discriminator	a	CANELLAS_CORE_HRC	control	CARD14	0.07479487865599185	998	16
hrc_e2f	biological_discriminator	a	CANELLAS_CORE_HRC	control	CBX6	0.07756245117204172	967	16
hrc_e2f	biological_discriminator	a	CANELLAS_CORE_HRC	control	CCDC12	0.4808520558951335	5114	22
hrc_e2f	biological_discriminator	a	CANELLAS_CORE_HRC	control	CCDC125	0.32727121961311134	3505	21
hrc_e2f	biological_discriminator	a	CANELLAS_CORE_HRC	control	CCDC138	0.5480749862311278	4804	22
hrc_e2f	biological_discriminator	a	CANELLAS_CORE_HRC	control	CCDC146	0.972589808050166	6890	23
hrc_e2f	biological_discriminator	a	CANELLAS_CORE_HRC	control	CCDC18	0.3965783309829306	3523	21
hrc_e2f	biological_discriminator	a	CANELLAS_CORE_HRC	control	CCDC192	0.17704604020742098	1741	19
hrc_e2f	biological_discriminator	a	CANELLAS_CORE_HRC	control	CCDC88A	0.06723512815391508	1139	16
hrc_e2f	biological_discriminator	a	CANELLAS_CORE_HRC	control	CCM2	0.5539340274484689	5293	22
hrc_e2f	biological_discriminator	a	CANELLAS_CORE_HRC	control	CCNL2	0.6203187630944123	6234	22
hrc_e2f	biological_discriminator	a	CANELLAS_CORE_HRC	control	CDC42EP5	0.39198644188850373	4081	21
hrc_e2f	biological_discriminator	a	CANELLAS_CORE_HRC	control	CDH1	2.6128396832806726	10858	24
hrc_e2f	biological_discriminator	a	CANELLAS_CORE_HRC	control	CDK5	0.032290239487204275	488	14
hrc_e2f	biological_discriminator	a	CANELLAS_CORE_HRC	control	CDK8	1.6206281381139234	9832	24
hrc_e2f	biological_discriminator	a	CANELLAS_CORE_HRC	control	CEMIP	2.2115033919536216	6215	24
hrc_e2f	biological_discriminator	a	CANELLAS_CORE_HRC	control	CENPW	0.09633071039162168	1160	17
hrc_e2f	biological_discriminator	a	CANELLAS_CORE_HRC	control	CGAS	0.18055200206138078	1876	19
hrc_e2f	biological_discriminator	a	CANELLAS_CORE_HRC	control	CGNL1	0.06737238978325398	819	16
hrc_e2f	biological_discriminator	a	CANELLAS_CORE_HRC	control	CHIC2	0.44230706315028806	4747	22
hrc_e2f	biological_discriminator	a	CANELLAS_CORE_HRC	control	CLIP1	0.8545859991420669	6620	23
hrc_e2f	biological_discriminator	a	CANELLAS_CORE_HRC	control	CLNS1A	0.715116008469269	6337	23
hrc_e2f	biological_discriminator	a	CANELLAS_CORE_HRC	control	CNKSR3	0.7015086296768706	5739	23
hrc_e2f	biological_discriminator	a	CANELLAS_CORE_HRC	control	COA8	0.12052047442165717	1571	18
hrc_e2f	biological_discriminator	a	CANELLAS_CORE_HRC	control	COG1	0.16115550312709068	2164	18
hrc_e2f	biological_discriminator	a	CANELLAS_CORE_HRC	control	COG8	0.09369215440151431	1325	17
hrc_e2f	biological_discriminator	a	CANELLAS_CORE_HRC	control	COL27A1	0.4954127739311875	4051	22
hrc_e2f	biological_discriminator	a	CANELLAS_CORE_HRC	control	COLEC10	0.03307703768665651	435	14
hrc_e2f	biological_discriminator	a	CANELLAS_CORE_HRC	control	COMT	0.6139548761727421	5114	22
hrc_e2f	biological_discriminator	a	CANELLAS_CORE_HRC	control	COPB1	0.7485977773630184	6708	23
hrc_e2f	biological_discriminator	a	CANELLAS_CORE_HRC	control	COX19	0.49173224097047646	5275	22
hrc_e2f	biological_discriminator	a	CANELLAS_CORE_HRC	control	CPNE1	1.0211959351523172	7768	23
hrc_e2f	biological_discriminator	a	CANELLAS_CORE_HRC	control	CPNE4	0.08613782625644704	661	17
hrc_e2f	biological_discriminator	a	CANELLAS_CORE_HRC	control	CPSF3	0.24522068248979684	2943	20
hrc_e2f	biological_discriminator	a	CANELLAS_CORE_HRC	control	CRACR2A	0.3100979568580901	3191	21
hrc_e2f	biological_discriminator	a	CANELLAS_CORE_HRC	control	CRISPLD2	0.04862288747160876	863	15
hrc_e2f	biological_discriminator	a	CANELLAS_CORE_HRC	control	CROCC	0.12996271067589305	1821	18
hrc_e2f	biological_discriminator	a	CANELLAS_CORE_HRC	control	CSGALNACT1	0.21122224349649865	1573	19
hrc_e2f	biological_discriminator	a	CANELLAS_CORE_HRC	control	CTNNA2	1.8530727831381697	2561	24
hrc_e2f	biological_discriminator	a	CANELLAS_CORE_HRC	control	CTNNBIP1	0.23426229166012028	2734	20
hrc_e2f	biological_discriminator	a	CANELLAS_CORE_HRC	control	CTSL	0.06448126416524806	1639	16
hrc_e2f	biological_discriminator	a	CANELLAS_CORE_HRC	control	CTU1	0.08045309481752431	1100	16
hrc_e2f	biological_discriminator	a	CANELLAS_CORE_HRC	control	CU638689.4	0.042698927777973184	602	15
hrc_e2f	biological_discriminator	a	CANELLAS_CORE_HRC	control	CU638689.5	0.06983624700007977	990	16
hrc_e2f	biological_discriminator	a	CANELLAS_CORE_HRC	control	DANT2	1.7140928801653847	7035	24
hrc_e2f	biological_discriminator	a	CANELLAS_CORE_HRC	control	DAPK2	0.6929619491130107	5732	23
hrc_e2f	biological_discriminator	a	CANELLAS_CORE_HRC	control	DCLK2	0.10466008043738127	1079	17
hrc_e2f	biological_discriminator	a	CANELLAS_CORE_HRC	control	DDX52	0.503520418567938	4933	22
hrc_e2f	biological_discriminator	a	CANELLAS_CORE_HRC	control	DEPTOR	0.5913165105045213	5106	22
hrc_e2f	biological_discriminator	a	CANELLAS_CORE_HRC	control	DGCR6L	0.053345624629022564	756	15
hrc_e2f	biological_discriminator	a	CANELLAS_CORE_HRC	control	DLEC1	0.023875038476296778	359	14
hrc_e2f	biological_discriminator	a	CANELLAS_CORE_HRC	control	DLGAP1-AS1	0.06877716481815954	1019	16
hrc_e2f	biological_discriminator	a	CANELLAS_CORE_HRC	control	DLGAP4	0.9158888350674483	7210	23
hrc_e2f	biological_discriminator	a	CANELLAS_CORE_HRC	control	DMAC1	0.2954383455237829	3300	20
hrc_e2f	biological_discriminator	a	CANELLAS_CORE_HRC	control	DNA2	0.23646479219177746	2086	20
hrc_e2f	biological_discriminator	a	CANELLAS_CORE_HRC	control	DNAH2	0.06620154028807394	759	16
hrc_e2f	biological_discriminator	a	CANELLAS_CORE_HRC	control	DNAJC24	0.2792111968694796	3249	20
hrc_e2f	biological_discriminator	a	CANELLAS_CORE_HRC	control	DNAL1	0.09818959921026921	1281	17
hrc_e2f	biological_discriminator	a	CANELLAS_CORE_HRC	control	DPP4	0.2609634401191888	2465	20
hrc_e2f	biological_discriminator	a	CANELLAS_CORE_HRC	control	DPYSL3	0.1308897712912923	1246	18
hrc_e2f	biological_discriminator	a	CANELLAS_CORE_HRC	control	DUSP27	0.10107613991913639	1035	17
hrc_e2f	biological_discriminator	a	CANELLAS_CORE_HRC	control	DYRK2	0.29402510222850137	3419	20
hrc_e2f	biological_discriminator	a	CANELLAS_CORE_HRC	control	ECH1	0.27088279739832977	3019	20
hrc_e2f	biological_discriminator	a	CANELLAS_CORE_HRC	control	EFCAB7	0.14137984666961953	1833	18
hrc_e2f	biological_discriminator	a	CANELLAS_CORE_HRC	control	EFNA4	0.1250233857775697	1604	18
hrc_e2f	biological_discriminator	a	CANELLAS_CORE_HRC	control	ELP5	0.12000531266828604	1661	18
hrc_e2f	biological_discriminator	a	CANELLAS_CORE_HRC	control	EML2	0.23075035441725217	2698	20
hrc_e2f	biological_discriminator	a	CANELLAS_CORE_HRC	control	ENG	0.024121975219277624	556	14
hrc_e2f	biological_discriminator	a	CANELLAS_CORE_HRC	control	EPB41L3	0.06751302643008021	895	16
hrc_e2f	biological_discriminator	a	CANELLAS_CORE_HRC	control	ERAL1	0.06650702831143328	949	16
hrc_e2f	biological_discriminator	a	CANELLAS_CORE_HRC	control	ERCC6L2	0.8182457629362001	6816	23
hrc_e2f	biological_discriminator	a	CANELLAS_CORE_HRC	control	EXOC6	0.6791582988638262	5727	23
hrc_e2f	biological_discriminator	a	CANELLAS_CORE_HRC	control	EXT1	6.864405033087136	13604	24
hrc_e2f	biological_discriminator	a	CANELLAS_CORE_HRC	control	F5	0.05753621072710565	644	16
hrc_e2f	biological_discriminator	a	CANELLAS_CORE_HRC	control	FAM111A	0.20494102048906668	2436	19
hrc_e2f	biological_discriminator	a	CANELLAS_CORE_HRC	control	FAM120B	0.8551278837047036	7259	23
hrc_e2f	biological_discriminator	a	CANELLAS_CORE_HRC	control	FAM198B-AS1	0.16193297406388246	1622	18
hrc_e2f	biological_discriminator	a	CANELLAS_CORE_HRC	control	FAM210B	0.17855244750599492	2113	19
hrc_e2f	biological_discriminator	a	CANELLAS_CORE_HRC	control	FAM214B	0.042344604919670036	658	15
hrc_e2f	biological_discriminator	a	CANELLAS_CORE_HRC	control	FAM228B	0.13139489181030253	1771	18
hrc_e2f	biological_discriminator	a	CANELLAS_CORE_HRC	control	FAM3A	0.11775844563951762	1586	17
hrc_e2f	biological_discriminator	a	CANELLAS_CORE_HRC	control	FAM89A	0.07741332391087424	1058	16
hrc_e2f	biological_discriminator	a	CANELLAS_CORE_HRC	control	FAM89B	0.09714277415631817	1344	17
hrc_e2f	biological_discriminator	a	CANELLAS_CORE_HRC	control	FAM92A	0.1898568459234455	2245	19
hrc_e2f	biological_discriminator	a	CANELLAS_CORE_HRC	control	FHOD1	0.06905676596794218	1019	16
hrc_e2f	biological_discriminator	a	CANELLAS_CORE_HRC	control	FHOD3	0.40061363949417683	2698	21
hrc_e2f	biological_discriminator	a	CANELLAS_CORE_HRC	control	FIGNL1	0.1152059427504462	1428	17
hrc_e2f	biological_discriminator	a	CANELLAS_CORE_HRC	control	FKBP9	0.4521747319872139	4660	22
hrc_e2f	biological_discriminator	a	CANELLAS_CORE_HRC	control	FO393401.1	0.10663301633454873	1410	17
hrc_e2f	biological_discriminator	a	CANELLAS_CORE_HRC	control	FRAS1	0.5547569692935349	3268	22
hrc_e2f	biological_discriminator	a	CANELLAS_CORE_HRC	control	GABPB1-AS1	0.7800070375689964	6626	23
hrc_e2f	biological_discriminator	a	CANELLAS_CORE_HRC	control	GALNT4	0.7478253617822248	5061	23
hrc_e2f	biological_discriminator	a	CANELLAS_CORE_HRC	control	GAPVD1	0.6458270017692216	6286	23
hrc_e2f	biological_discriminator	a	CANELLAS_CORE_HRC	control	GFER	0.05421365156106093	778	15
hrc_e2f	biological_discriminator	a	CANELLAS_CORE_HRC	control	GGCX	0.17443561310830413	2298	19
hrc_e2f	biological_discriminator	a	CANELLAS_CORE_HRC	control	GGNBP2	0.6672063920095649	6190	23
hrc_e2f	biological_discriminator	a	CANELLAS_CORE_HRC	control	GIGYF1	0.4540235354627952	5027	22
hrc_e2f	biological_discriminator	a	CANELLAS_CORE_HRC	control	GK5	0.6380973688197444	5896	22
hrc_e2f	biological_discriminator	a	CANELLAS_CORE_HRC	control	GLA	0.09729259259320708	1364	17
hrc_e2f	biological_discriminator	a	CANELLAS_CORE_HRC	control	GLIPR1L1	0.04946587547809728	703	15
hrc_e2f	biological_discriminator	a	CANELLAS_CORE_HRC	control	GM2A	0.054328357859598095	895	15
hrc_e2f	biological_discriminator	a	CANELLAS_CORE_HRC	control	GMDS-DT	3.023597327187283	11797	24
hrc_e2f	biological_discriminator	a	CANELLAS_CORE_HRC	control	GNA14-AS1	0.08575245229999376	1050	17
hrc_e2f	biological_discriminator	a	CANELLAS_CORE_HRC	control	GNAQ	3.3329371378031354	12408	24
hrc_e2f	biological_discriminator	a	CANELLAS_CORE_HRC	control	GNPAT	0.4335452920790809	4424	22
hrc_e2f	biological_discriminator	a	CANELLAS_CORE_HRC	control	GOLGA6L9	0.05008929009157279	755	15
hrc_e2f	biological_discriminator	a	CANELLAS_CORE_HRC	control	GPD2	1.0693154868779324	7803	23
hrc_e2f	biological_discriminator	a	CANELLAS_CORE_HRC	control	GPR82	0.035098691588376196	528	14
hrc_e2f	biological_discriminator	a	CANELLAS_CORE_HRC	control	GTPBP6	0.1978065394485488	2445	19
hrc_e2f	biological_discriminator	a	CANELLAS_CORE_HRC	control	GUF1	0.20670021547279127	2609	19
hrc_e2f	biological_discriminator	a	CANELLAS_CORE_HRC	control	H2AFY	1.6135900596577752	9936	24
hrc_e2f	biological_discriminator	a	CANELLAS_CORE_HRC	control	HADH	0.2646847530716365	3080	20
hrc_e2f	biological_discriminator	a	CANELLAS_CORE_HRC	control	HADHB	0.3772765758151635	4148	21
hrc_e2f	biological_discriminator	a	CANELLAS_CORE_HRC	control	HCG18	0.402748273931189	4419	21
hrc_e2f	biological_discriminator	a	CANELLAS_CORE_HRC	control	HDAC4-AS1	0.02448915939125832	389	14
hrc_e2f	biological_discriminator	a	CANELLAS_CORE_HRC	control	HEXA	0.3147417100895596	3829	21
hrc_e2f	biological_discriminator	a	CANELLAS_CORE_HRC	control	HJURP	0.07160353736536704	817	16
hrc_e2f	biological_discriminator	a	CANELLAS_CORE_HRC	control	HLA-DRB1	0.13463754431603023	2010	18
hrc_e2f	biological_discriminator	a	CANELLAS_CORE_HRC	control	HLA-F	0.40448896798279355	4105	21
hrc_e2f	biological_discriminator	a	CANELLAS_CORE_HRC	control	HMGA1P4	0.46609757724562706	4695	22
hrc_e2f	biological_discriminator	a	CANELLAS_CORE_HRC	control	HNRNPUL1	0.5664438361048263	5420	22
hrc_e2f	biological_discriminator	a	CANELLAS_CORE_HRC	control	HOTTIP	0.11275613754364038	1403	17
hrc_e2f	biological_discriminator	a	CANELLAS_CORE_HRC	control	HOXA13	0.16057719491215977	1853	18
hrc_e2f	biological_discriminator	a	CANELLAS_CORE_HRC	control	HOXA7	0.04482385440399641	630	15
hrc_e2f	biological_discriminator	a	CANELLAS_CORE_HRC	control	HOXB-AS3	0.22382545640596835	2730	20
hrc_e2f	biological_discriminator	a	CANELLAS_CORE_HRC	control	HOXB7	0.6841911454324063	5745	23
hrc_e2f	biological_discriminator	a	CANELLAS_CORE_HRC	control	HOXD3	0.03447771315683318	496	14
hrc_e2f	biological_discriminator	a	CANELLAS_CORE_HRC	control	HP1BP3	1.451140100869283	9182	24
hrc_e2f	biological_discriminator	a	CANELLAS_CORE_HRC	control	HR	0.04519708009221589	608	15
hrc_e2f	biological_discriminator	a	CANELLAS_CORE_HRC	control	HSP90B1	3.7417065839707564	11621	24
hrc_e2f	biological_discriminator	a	CANELLAS_CORE_HRC	control	HSPA4L	0.1275642633073238	1417	18
hrc_e2f	biological_discriminator	a	CANELLAS_CORE_HRC	control	IFIT5	0.0440644456576389	619	15
hrc_e2f	biological_discriminator	a	CANELLAS_CORE_HRC	control	IGHMBP2	0.14311149874054616	1960	18
hrc_e2f	biological_discriminator	a	CANELLAS_CORE_HRC	control	IGSF1	0.6443970787010607	3928	23
hrc_e2f	biological_discriminator	a	CANELLAS_CORE_HRC	control	IGSF6	0.03491308531589007	615	14
hrc_e2f	biological_discriminator	a	CANELLAS_CORE_HRC	control	IL13RA1	0.3919970572620279	4124	21
hrc_e2f	biological_discriminator	a	CANELLAS_CORE_HRC	control	IP6K2	1.1146862745150976	8607	24
hrc_e2f	biological_discriminator	a	CANELLAS_CORE_HRC	control	IPO9	0.6434408726486096	5736	23
hrc_e2f	biological_discriminator	a	CANELLAS_CORE_HRC	control	IRAK4	0.21941359643747343	2835	19
hrc_e2f	biological_discriminator	a	CANELLAS_CORE_HRC	control	ISX	0.0502169523987349	722	15
hrc_e2f	biological_discriminator	a	CANELLAS_CORE_HRC	control	ITFG2-AS1	0.047579858701303136	700	15
hrc_e2f	biological_discriminator	a	CANELLAS_CORE_HRC	control	ITGB5	0.38129079531957555	4245	21
hrc_e2f	biological_discriminator	a	CANELLAS_CORE_HRC	control	JAG2	0.10214640417293502	1319	17
hrc_e2f	biological_discriminator	a	CANELLAS_CORE_HRC	control	JMJD7	0.025158426181776654	399	14
hrc_e2f	biological_discriminator	a	CANELLAS_CORE_HRC	control	JPX	1.47361561750009	9572	24
hrc_e2f	biological_discriminator	a	CANELLAS_CORE_HRC	control	KCNIP4	0.0900209467269112	934	17
hrc_e2f	biological_discriminator	a	CANELLAS_CORE_HRC	control	KDM4A-AS1	0.11382776916909479	1564	17
hrc_e2f	biological_discriminator	a	CANELLAS_CORE_HRC	control	KHDRBS3	0.6484159854951561	4292	23
hrc_e2f	biological_discriminator	a	CANELLAS_CORE_HRC	control	KIAA0355	0.6923771444497504	6583	23
hrc_e2f	biological_discriminator	a	CANELLAS_CORE_HRC	control	KIF24	0.11935216418524264	1283	18
hrc_e2f	biological_discriminator	a	CANELLAS_CORE_HRC	control	KLF12	1.3385420092103226	5705	24
hrc_e2f	biological_discriminator	a	CANELLAS_CORE_HRC	control	KLF3	1.2915481779098659	8272	24
hrc_e2f	biological_discriminator	a	CANELLAS_CORE_HRC	control	KLHL29	0.8099428225210694	5915	23
hrc_e2f	biological_discriminator	a	CANELLAS_CORE_HRC	control	L3MBTL3	0.29692870184329584	3266	20
hrc_e2f	biological_discriminator	a	CANELLAS_CORE_HRC	control	LACC1	0.061274189260691184	882	16
hrc_e2f	biological_discriminator	a	CANELLAS_CORE_HRC	control	LAMTOR3	0.09502837528956946	1329	17
hrc_e2f	biological_discriminator	a	CANELLAS_CORE_HRC	control	LARP7	0.372234187706084	4054	21
hrc_e2f	biological_discriminator	a	CANELLAS_CORE_HRC	control	LDHA	1.2918476688976535	7650	24
hrc_e2f	biological_discriminator	a	CANELLAS_CORE_HRC	control	LEPROTL1	0.27716305444618705	3139	20
hrc_e2f	biological_discriminator	a	CANELLAS_CORE_HRC	control	LGALS3BP	0.9563294066183331	6547	23
hrc_e2f	biological_discriminator	a	CANELLAS_CORE_HRC	control	LGALS8	0.21179529795179589	2773	19
hrc_e2f	biological_discriminator	a	CANELLAS_CORE_HRC	control	LINC00944	0.052265261926510376	665	15
hrc_e2f	biological_discriminator	a	CANELLAS_CORE_HRC	control	LINC01268	0.03353201599837139	487	14
hrc_e2f	biological_discriminator	a	CANELLAS_CORE_HRC	control	LINC01843	0.08465751005898918	1171	17
hrc_e2f	biological_discriminator	a	CANELLAS_CORE_HRC	control	LINC01846	0.03030003930353433	307	14
hrc_e2f	biological_discriminator	a	CANELLAS_CORE_HRC	control	LINC01978	0.030057540916995952	425	14
hrc_e2f	biological_discriminator	a	CANELLAS_CORE_HRC	control	LINC02026	0.026231141393163397	371	14
hrc_e2f	biological_discriminator	a	CANELLAS_CORE_HRC	control	LINC02323	0.028719865971974533	429	14
hrc_e2f	biological_discriminator	a	CANELLAS_CORE_HRC	control	LINC02340	0.0860677181025031	1109	17
hrc_e2f	biological_discriminator	a	CANELLAS_CORE_HRC	control	LINC02466	0.10365407170447519	1070	17
hrc_e2f	biological_discriminator	a	CANELLAS_CORE_HRC	control	LRRIQ4	0.02498437066506797	364	14
hrc_e2f	biological_discriminator	a	CANELLAS_CORE_HRC	control	LRRK1	0.6416622121937696	5802	23
hrc_e2f	biological_discriminator	a	CANELLAS_CORE_HRC	control	LSR	0.7239461350799553	6084	23
hrc_e2f	biological_discriminator	a	CANELLAS_CORE_HRC	control	MADD	0.21220077623492356	2789	19
hrc_e2f	biological_discriminator	a	CANELLAS_CORE_HRC	control	MALL	0.14989224745515517	1678	18
hrc_e2f	biological_discriminator	a	CANELLAS_CORE_HRC	control	MAOB	0.025946645848383184	304	14
hrc_e2f	biological_discriminator	a	CANELLAS_CORE_HRC	control	MAP3K14-AS1	0.05292118706301968	786	15
hrc_e2f	biological_discriminator	a	CANELLAS_CORE_HRC	control	MAPK9	0.3271688998613011	3642	21
hrc_e2f	biological_discriminator	a	CANELLAS_CORE_HRC	control	MARS2	0.04463965434168465	664	15
hrc_e2f	biological_discriminator	a	CANELLAS_CORE_HRC	control	MATR3.1	0.11054821889615983	1565	17
hrc_e2f	biological_discriminator	a	CANELLAS_CORE_HRC	control	MBD3	0.2096301443096218	2678	19
hrc_e2f	biological_discriminator	a	CANELLAS_CORE_HRC	control	METTL26	0.3200288911797028	3380	21
hrc_e2f	biological_discriminator	a	CANELLAS_CORE_HRC	control	METTL8	0.5740901534238176	5108	22
hrc_e2f	biological_discriminator	a	CANELLAS_CORE_HRC	control	MFSD6	0.6513748859896036	6023	23
hrc_e2f	biological_discriminator	a	CANELLAS_CORE_HRC	control	MIATNB	0.2266996559450247	2810	20
hrc_e2f	biological_discriminator	a	CANELLAS_CORE_HRC	control	MICALL1	0.06062454615365156	879	16
hrc_e2f	biological_discriminator	a	CANELLAS_CORE_HRC	control	MID1IP1	0.08206316365375976	1090	16
hrc_e2f	biological_discriminator	a	CANELLAS_CORE_HRC	control	MINK1	0.4468528612898044	4587	22
hrc_e2f	biological_discriminator	a	CANELLAS_CORE_HRC	control	MKLN1-AS	0.05700278280676241	830	15
hrc_e2f	biological_discriminator	a	CANELLAS_CORE_HRC	control	MLXIP	1.332807175283152	9082	24
hrc_e2f	biological_discriminator	a	CANELLAS_CORE_HRC	control	MLYCD	0.15326019615219735	2072	18
hrc_e2f	biological_discriminator	a	CANELLAS_CORE_HRC	control	MMGT1	0.10064955670692555	1291	17
hrc_e2f	biological_discriminator	a	CANELLAS_CORE_HRC	control	MMUT	0.18972476774945202	2376	19
hrc_e2f	biological_discriminator	a	CANELLAS_CORE_HRC	control	MOB1A	0.3348388624925507	3790	21
hrc_e2f	biological_discriminator	a	CANELLAS_CORE_HRC	control	MORN2	0.04042546687980112	594	15
hrc_e2f	biological_discriminator	a	CANELLAS_CORE_HRC	control	MPP1	0.18833173725569471	1448	19
hrc_e2f	biological_discriminator	a	CANELLAS_CORE_HRC	control	MRPS18B	0.24976965364863907	2766	20
hrc_e2f	biological_discriminator	a	CANELLAS_CORE_HRC	control	MRPS22	0.13528629937507922	1751	18
hrc_e2f	biological_discriminator	a	CANELLAS_CORE_HRC	control	MRPS5	0.5043717100839357	5217	22
hrc_e2f	biological_discriminator	a	CANELLAS_CORE_HRC	control	MSL2	0.32827893933817126	3672	21
hrc_e2f	biological_discriminator	a	CANELLAS_CORE_HRC	control	MTHFD1	0.2965597241727853	3221	20
hrc_e2f	biological_discriminator	a	CANELLAS_CORE_HRC	control	MTLN	0.14665439231973945	1831	18
hrc_e2f	biological_discriminator	a	CANELLAS_CORE_HRC	control	MTRF1L	0.12573948252527964	1702	18
hrc_e2f	biological_discriminator	a	CANELLAS_CORE_HRC	control	MUS81	0.16833674136610405	2263	19
hrc_e2f	biological_discriminator	a	CANELLAS_CORE_HRC	control	MXI1	0.5211859155366946	4874	22
hrc_e2f	biological_discriminator	a	CANELLAS_CORE_HRC	control	MYL6	1.8169186825780999	9777	24
hrc_e2f	biological_discriminator	a	CANELLAS_CORE_HRC	control	NBPF9	0.12068765262756496	1647	18
hrc_e2f	biological_discriminator	a	CANELLAS_CORE_HRC	control	NCBP1	0.35902776588349045	4052	21
hrc_e2f	biological_discriminator	a	CANELLAS_CORE_HRC	control	NCSTN	0.21731410775694546	2702	19
hrc_e2f	biological_discriminator	a	CANELLAS_CORE_HRC	control	NDUFAF6	1.2278146318827452	7855	24
hrc_e2f	biological_discriminator	a	CANELLAS_CORE_HRC	control	NEBL	4.766246291001133	12024	24
hrc_e2f	biological_discriminator	a	CANELLAS_CORE_HRC	control	NEDD4L	2.077455452312962	10383	24
hrc_e2f	biological_discriminator	a	CANELLAS_CORE_HRC	control	NEK1	0.2763139339648727	3150	20
hrc_e2f	biological_discriminator	a	CANELLAS_CORE_HRC	control	NET1	1.1103079943529137	7555	24
hrc_e2f	biological_discriminator	a	CANELLAS_CORE_HRC	control	NFIC	0.31182026252400885	3472	21
hrc_e2f	biological_discriminator	a	CANELLAS_CORE_HRC	control	NHLRC3	0.6813744666076159	6136	23
hrc_e2f	biological_discriminator	a	CANELLAS_CORE_HRC	control	NHS	1.2171262286836628	6177	24
hrc_e2f	biological_discriminator	a	CANELLAS_CORE_HRC	control	NIPSNAP1	0.18444662176386872	2193	19
hrc_e2f	biological_discriminator	a	CANELLAS_CORE_HRC	control	NMRK1	0.1899211592127512	2455	19
hrc_e2f	biological_discriminator	a	CANELLAS_CORE_HRC	control	NPDC1	0.4912016761914288	4976	22
hrc_e2f	biological_discriminator	a	CANELLAS_CORE_HRC	control	NSA2	0.37313209375515105	3912	21
hrc_e2f	biological_discriminator	a	CANELLAS_CORE_HRC	control	NSUN5	0.2182959553727619	2723	19
hrc_e2f	biological_discriminator	a	CANELLAS_CORE_HRC	control	NT5DC1	0.9574467843730378	7195	23
hrc_e2f	biological_discriminator	a	CANELLAS_CORE_HRC	control	NT5M	0.026776476950803013	385	14
hrc_e2f	biological_discriminator	a	CANELLAS_CORE_HRC	control	NUDCD3	1.1293796060890788	8425	24
hrc_e2f	biological_discriminator	a	CANELLAS_CORE_HRC	control	NUTF2	0.2539303134178579	2991	20
hrc_e2f	biological_discriminator	a	CANELLAS_CORE_HRC	control	NXF1	0.08850123235164997	1302	17
hrc_e2f	biological_discriminator	a	CANELLAS_CORE_HRC	control	OMD	0.044598987167441075	629	15
hrc_e2f	biological_discriminator	a	CANELLAS_CORE_HRC	control	OSCP1	0.024560102657134285	388	14
hrc_e2f	biological_discriminator	a	CANELLAS_CORE_HRC	control	OST4	0.5136497772136847	4763	22
hrc_e2f	biological_discriminator	a	CANELLAS_CORE_HRC	control	OTUB2	0.03317026632463133	456	14
hrc_e2f	biological_discriminator	a	CANELLAS_CORE_HRC	control	OXSR1	1.1178922991599474	8025	24
hrc_e2f	biological_discriminator	a	CANELLAS_CORE_HRC	control	PADI2	0.11454617484377333	1324	17
hrc_e2f	biological_discriminator	a	CANELLAS_CORE_HRC	control	PARP9	0.46605141300704883	3996	22
hrc_e2f	biological_discriminator	a	CANELLAS_CORE_HRC	control	PATL2	0.08381750718949624	1071	17
hrc_e2f	biological_discriminator	a	CANELLAS_CORE_HRC	control	PAX8-AS1	0.9757181659915157	6815	23
hrc_e2f	biological_discriminator	a	CANELLAS_CORE_HRC	control	PCMTD1	2.064802492829869	10867	24
hrc_e2f	biological_discriminator	a	CANELLAS_CORE_HRC	control	PDGFC	0.1035736382335813	1061	17
hrc_e2f	biological_discriminator	a	CANELLAS_CORE_HRC	control	PDPK1	0.42057964642286594	4442	21
hrc_e2f	biological_discriminator	a	CANELLAS_CORE_HRC	control	PDPR	0.22395296303513573	2856	20
hrc_e2f	biological_discriminator	a	CANELLAS_CORE_HRC	control	PEX13	0.35806040966694713	4014	21
hrc_e2f	biological_discriminator	a	CANELLAS_CORE_HRC	control	PFKFB3	0.549796263251524	5272	22
hrc_e2f	biological_discriminator	a	CANELLAS_CORE_HRC	control	PHF3	1.290888849641898	8790	24
hrc_e2f	biological_discriminator	a	CANELLAS_CORE_HRC	control	PHLDB2	0.08180143260060127	825	16
hrc_e2f	biological_discriminator	a	CANELLAS_CORE_HRC	control	PHYH	0.10036518909183714	1375	17
hrc_e2f	biological_discriminator	a	CANELLAS_CORE_HRC	control	PI4K2A	0.055433926284853566	855	15
hrc_e2f	biological_discriminator	a	CANELLAS_CORE_HRC	control	PIAS1	1.6666672671523983	10211	24
hrc_e2f	biological_discriminator	a	CANELLAS_CORE_HRC	control	PIBF1	2.5895134216915885	11584	24
hrc_e2f	biological_discriminator	a	CANELLAS_CORE_HRC	control	PIK3R1	0.8074180980659944	5698	23
hrc_e2f	biological_discriminator	a	CANELLAS_CORE_HRC	control	PIP4K2A	0.5031097139796671	4789	22
hrc_e2f	biological_discriminator	a	CANELLAS_CORE_HRC	control	PIP4P1	0.12164417491711858	1614	18
hrc_e2f	biological_discriminator	a	CANELLAS_CORE_HRC	control	PITHD1	0.16678654501391793	2113	19
hrc_e2f	biological_discriminator	a	CANELLAS_CORE_HRC	control	PJA2	0.4329326330304892	4616	22
hrc_e2f	biological_discriminator	a	CANELLAS_CORE_HRC	control	PJVK	0.04359528189842069	660	15
hrc_e2f	biological_discriminator	a	CANELLAS_CORE_HRC	control	PKP2	1.0569846047081182	7622	23
hrc_e2f	biological_discriminator	a	CANELLAS_CORE_HRC	control	PLA2G4C	0.050886306401396374	675	15
hrc_e2f	biological_discriminator	a	CANELLAS_CORE_HRC	control	PLA2G4F	0.023900137502983684	362	14
hrc_e2f	biological_discriminator	a	CANELLAS_CORE_HRC	control	PLCG1-AS1	0.08117882916791663	1131	16
hrc_e2f	biological_discriminator	a	CANELLAS_CORE_HRC	control	PLEKHM3	0.3695609661438033	4059	21
hrc_e2f	biological_discriminator	a	CANELLAS_CORE_HRC	control	PLPP5	0.23503667294133956	2902	20
hrc_e2f	biological_discriminator	a	CANELLAS_CORE_HRC	control	PLSCR4	0.20589934729630247	2476	19
hrc_e2f	biological_discriminator	a	CANELLAS_CORE_HRC	control	PM20D2	0.3429207212101832	3688	21
hrc_e2f	biological_discriminator	a	CANELLAS_CORE_HRC	control	PMM1	0.08181024101093382	1149	16
hrc_e2f	biological_discriminator	a	CANELLAS_CORE_HRC	control	PMP22	0.07160049181408293	725	16
hrc_e2f	biological_discriminator	a	CANELLAS_CORE_HRC	control	PNMA1	0.025255518972229576	392	14
hrc_e2f	biological_discriminator	a	CANELLAS_CORE_HRC	control	PNPLA4	0.07501697353751083	1025	16
hrc_e2f	biological_discriminator	a	CANELLAS_CORE_HRC	control	PNRC2	0.35446387752578895	3792	21
hrc_e2f	biological_discriminator	a	CANELLAS_CORE_HRC	control	POLE2	0.25411791373359605	2481	20
hrc_e2f	biological_discriminator	a	CANELLAS_CORE_HRC	control	POLR2K	0.3064606817309702	3212	21
hrc_e2f	biological_discriminator	a	CANELLAS_CORE_HRC	control	POLRMT	0.09189347085175956	1243	17
hrc_e2f	biological_discriminator	a	CANELLAS_CORE_HRC	control	PPARGC1B	0.2627543151486605	3017	20
hrc_e2f	biological_discriminator	a	CANELLAS_CORE_HRC	control	PPM1B	0.9459145095687289	7719	23
hrc_e2f	biological_discriminator	a	CANELLAS_CORE_HRC	control	PRKAR1B	0.5633196042251047	5331	22
hrc_e2f	biological_discriminator	a	CANELLAS_CORE_HRC	control	PROCA1	0.034557291934786336	503	14
hrc_e2f	biological_discriminator	a	CANELLAS_CORE_HRC	control	PRPF3	0.4025575110992588	4510	21
hrc_e2f	biological_discriminator	a	CANELLAS_CORE_HRC	control	PSME3	0.1640128524956188	2036	19
hrc_e2f	biological_discriminator	a	CANELLAS_CORE_HRC	control	PXDNL	0.07948906037874329	1015	16
hrc_e2f	biological_discriminator	a	CANELLAS_CORE_HRC	control	PYGB	2.1655768411351155	8252	24
hrc_e2f	biological_discriminator	a	CANELLAS_CORE_HRC	control	PYGO2	0.052534434914372985	757	15
hrc_e2f	biological_discriminator	a	CANELLAS_CORE_HRC	control	PYURF	0.17388142154362535	2102	19
hrc_e2f	biological_discriminator	a	CANELLAS_CORE_HRC	control	QPCT	0.1742983584242051	2038	19
hrc_e2f	biological_discriminator	a	CANELLAS_CORE_HRC	control	RAB11FIP1	2.510806927046374	9554	24
hrc_e2f	biological_discriminator	a	CANELLAS_CORE_HRC	control	RAB2A	2.3912763544238076	11246	24
hrc_e2f	biological_discriminator	a	CANELLAS_CORE_HRC	control	RAB32	0.12529050662915317	1657	18
hrc_e2f	biological_discriminator	a	CANELLAS_CORE_HRC	control	RAB8B	0.19758031966145026	2427	19
hrc_e2f	biological_discriminator	a	CANELLAS_CORE_HRC	control	RABL6	1.236386541215506	8396	24
hrc_e2f	biological_discriminator	a	CANELLAS_CORE_HRC	control	RAMAC	0.030182425831637407	441	14
hrc_e2f	biological_discriminator	a	CANELLAS_CORE_HRC	control	RANBP3	0.20339506867526308	2646	19
hrc_e2f	biological_discriminator	a	CANELLAS_CORE_HRC	control	RARS2	0.7663945988592232	6888	23
hrc_e2f	biological_discriminator	a	CANELLAS_CORE_HRC	control	RASSF5	0.044413705139950306	670	15
hrc_e2f	biological_discriminator	a	CANELLAS_CORE_HRC	control	RAVER1	0.13991061698728444	1825	18
hrc_e2f	biological_discriminator	a	CANELLAS_CORE_HRC	control	RBAK	0.14394535807415296	1938	18
hrc_e2f	biological_discriminator	a	CANELLAS_CORE_HRC	control	RBM15	0.17250826497447014	2283	19
hrc_e2f	biological_discriminator	a	CANELLAS_CORE_HRC	control	RBX1	0.3825772664177474	4081	21
hrc_e2f	biological_discriminator	a	CANELLAS_CORE_HRC	control	RCN2	0.4996840699327837	5098	22
hrc_e2f	biological_discriminator	a	CANELLAS_CORE_HRC	control	RETREG3	0.3123059863451165	3624	21
hrc_e2f	biological_discriminator	a	CANELLAS_CORE_HRC	control	RFC5	0.11528331161967606	1454	17
hrc_e2f	biological_discriminator	a	CANELLAS_CORE_HRC	control	RGMB-AS1	0.026802847138037277	384	14
hrc_e2f	biological_discriminator	a	CANELLAS_CORE_HRC	control	RGPD5	0.0690942847536612	1021	16
hrc_e2f	biological_discriminator	a	CANELLAS_CORE_HRC	control	RGS16	0.029063201778081305	439	14
hrc_e2f	biological_discriminator	a	CANELLAS_CORE_HRC	control	RHBDD2	0.15589339499753846	2075	18
hrc_e2f	biological_discriminator	a	CANELLAS_CORE_HRC	control	RMI2	0.0830009298073195	1108	16
hrc_e2f	biological_discriminator	a	CANELLAS_CORE_HRC	control	RNF123	0.07102693701395055	1048	16
hrc_e2f	biological_discriminator	a	CANELLAS_CORE_HRC	control	RNF217	0.6809125831002264	5651	23
hrc_e2f	biological_discriminator	a	CANELLAS_CORE_HRC	control	RNF40	0.15272046014172286	2057	18
hrc_e2f	biological_discriminator	a	CANELLAS_CORE_HRC	control	RNH1	0.2817093955337893	3352	20
hrc_e2f	biological_discriminator	a	CANELLAS_CORE_HRC	control	RRNAD1	0.14082486333938782	1932	18
hrc_e2f	biological_discriminator	a	CANELLAS_CORE_HRC	control	RRS1	0.134696947693549	1596	18
hrc_e2f	biological_discriminator	a	CANELLAS_CORE_HRC	control	RSL24D1	0.2680931551867941	3004	20
hrc_e2f	biological_discriminator	a	CANELLAS_CORE_HRC	control	RTF1	0.48055557672159316	4973	22
hrc_e2f	biological_discriminator	a	CANELLAS_CORE_HRC	control	RTF2	0.6343497967234526	5641	22
hrc_e2f	biological_discriminator	a	CANELLAS_CORE_HRC	control	RTL8A	0.10867853572064959	1452	17
hrc_e2f	biological_discriminator	a	CANELLAS_CORE_HRC	control	RUNDC1	0.16468658392311286	2179	19
hrc_e2f	biological_discriminator	a	CANELLAS_CORE_HRC	control	RUVBL1	0.32582251026596276	3663	21
hrc_e2f	biological_discriminator	a	CANELLAS_CORE_HRC	control	S100A14	0.47765630045407204	3683	22
hrc_e2f	biological_discriminator	a	CANELLAS_CORE_HRC	control	S100A16	0.30405100680982255	3033	21
hrc_e2f	biological_discriminator	a	CANELLAS_CORE_HRC	control	SCLT1	0.8873372016565023	5728	23
hrc_e2f	biological_discriminator	a	CANELLAS_CORE_HRC	control	SDF2L1	0.2303761093626464	2470	20
hrc_e2f	biological_discriminator	a	CANELLAS_CORE_HRC	control	SEC23IP	0.35381370029091025	3929	21
hrc_e2f	biological_discriminator	a	CANELLAS_CORE_HRC	control	SEC24C	0.18132530571750366	2418	19
hrc_e2f	biological_discriminator	a	CANELLAS_CORE_HRC	control	SELENBP1	0.26163477338866725	2759	20
hrc_e2f	biological_discriminator	a	CANELLAS_CORE_HRC	control	SELENON	0.138901981890287	1820	18
hrc_e2f	biological_discriminator	a	CANELLAS_CORE_HRC	control	SEM1	1.0332424697881044	7651	23
hrc_e2f	biological_discriminator	a	CANELLAS_CORE_HRC	control	SEMA4F	0.030980025986995445	466	14
hrc_e2f	biological_discriminator	a	CANELLAS_CORE_HRC	control	SEPTIN11	0.6476470444380984	5773	23
hrc_e2f	biological_discriminator	a	CANELLAS_CORE_HRC	control	SETMAR	0.0880379617824807	1232	17
hrc_e2f	biological_discriminator	a	CANELLAS_CORE_HRC	control	SFTA3	0.07037036787436737	638	16
hrc_e2f	biological_discriminator	a	CANELLAS_CORE_HRC	control	SGSH	0.06065635815857574	935	16
hrc_e2f	biological_discriminator	a	CANELLAS_CORE_HRC	control	SGSM2	0.12943765185031048	1800	18
hrc_e2f	biological_discriminator	a	CANELLAS_CORE_HRC	control	SH3BP5	0.0823807387023034	1565	16
hrc_e2f	biological_discriminator	a	CANELLAS_CORE_HRC	control	SIRT6	0.12611422304047032	1755	18
hrc_e2f	biological_discriminator	a	CANELLAS_CORE_HRC	control	SLC12A8	0.4432291661049607	4129	22
hrc_e2f	biological_discriminator	a	CANELLAS_CORE_HRC	control	SLC15A4	0.2485493027919669	3063	20
hrc_e2f	biological_discriminator	a	CANELLAS_CORE_HRC	control	SLC17A9	0.2368474065237319	2641	20
hrc_e2f	biological_discriminator	a	CANELLAS_CORE_HRC	control	SLC22A15	0.1373552510438024	1786	18
hrc_e2f	biological_discriminator	a	CANELLAS_CORE_HRC	control	SLC22A5	0.15884758278404493	2102	18
hrc_e2f	biological_discriminator	a	CANELLAS_CORE_HRC	control	SLC29A2	0.18219459690542125	2347	19
hrc_e2f	biological_discriminator	a	CANELLAS_CORE_HRC	control	SLC35D1	0.29905417256228994	3346	20
hrc_e2f	biological_discriminator	a	CANELLAS_CORE_HRC	control	SLC38A5	0.16680621944828147	1971	19
hrc_e2f	biological_discriminator	a	CANELLAS_CORE_HRC	control	SLC39A10	0.765566309437075	6275	23
hrc_e2f	biological_discriminator	a	CANELLAS_CORE_HRC	control	SLC46A3	0.11733708647997283	1593	17
hrc_e2f	biological_discriminator	a	CANELLAS_CORE_HRC	control	SLC4A4	0.12967848997532633	1219	18
hrc_e2f	biological_discriminator	a	CANELLAS_CORE_HRC	control	SLC6A4	0.037098149430953506	508	14
hrc_e2f	biological_discriminator	a	CANELLAS_CORE_HRC	control	SLC9A1	0.1596765486485463	2012	18
hrc_e2f	biological_discriminator	a	CANELLAS_CORE_HRC	control	SLC9A6	0.16709362921049675	2165	19
hrc_e2f	biological_discriminator	a	CANELLAS_CORE_HRC	control	SLU7	0.216002435700288	2496	19
hrc_e2f	biological_discriminator	a	CANELLAS_CORE_HRC	control	SMARCE1	0.5543904445445981	5375	22
hrc_e2f	biological_discriminator	a	CANELLAS_CORE_HRC	control	SMIM24	0.09013066864660019	1112	17
hrc_e2f	biological_discriminator	a	CANELLAS_CORE_HRC	control	SMIM31	0.1790565618964411	1866	19
hrc_e2f	biological_discriminator	a	CANELLAS_CORE_HRC	control	SNHG11	0.10077427830729759	1394	17
hrc_e2f	biological_discriminator	a	CANELLAS_CORE_HRC	control	SNHG16	0.39303124432367587	3732	21
hrc_e2f	biological_discriminator	a	CANELLAS_CORE_HRC	control	SRPX2	0.22326766469877876	1997	20
hrc_e2f	biological_discriminator	a	CANELLAS_CORE_HRC	control	SRSF9	0.4987263798311575	4675	22
hrc_e2f	biological_discriminator	a	CANELLAS_CORE_HRC	control	STAG3	0.04405314868793199	657	15
hrc_e2f	biological_discriminator	a	CANELLAS_CORE_HRC	control	STARD7	0.4194623842864278	4335	21
hrc_e2f	biological_discriminator	a	CANELLAS_CORE_HRC	control	STARD7-AS1	0.06618474065806972	941	16
hrc_e2f	biological_discriminator	a	CANELLAS_CORE_HRC	control	STAT5B	0.5768669875413956	5617	22
hrc_e2f	biological_discriminator	a	CANELLAS_CORE_HRC	control	STAU1	1.5031405333107288	9301	24
hrc_e2f	biological_discriminator	a	CANELLAS_CORE_HRC	control	STK32C	0.11339246171375199	1516	17
hrc_e2f	biological_discriminator	a	CANELLAS_CORE_HRC	control	STRBP	1.522543996239269	9498	24
hrc_e2f	biological_discriminator	a	CANELLAS_CORE_HRC	control	STS	0.2960497895464533	2479	20
hrc_e2f	biological_discriminator	a	CANELLAS_CORE_HRC	control	STX18	0.6509219564353671	6029	23
hrc_e2f	biological_discriminator	a	CANELLAS_CORE_HRC	control	STX2	0.13117223328739655	1659	18
hrc_e2f	biological_discriminator	a	CANELLAS_CORE_HRC	control	SUPV3L1	0.30956268375702867	3488	21
hrc_e2f	biological_discriminator	a	CANELLAS_CORE_HRC	control	SYNE4	0.06359000101446309	913	16
hrc_e2f	biological_discriminator	a	CANELLAS_CORE_HRC	control	TAF9	0.11094023933922373	1496	17
hrc_e2f	biological_discriminator	a	CANELLAS_CORE_HRC	control	TAPBPL	0.1394567673884996	1923	18
hrc_e2f	biological_discriminator	a	CANELLAS_CORE_HRC	control	TBILA	0.028403370919073648	430	14
hrc_e2f	biological_discriminator	a	CANELLAS_CORE_HRC	control	TBX3	0.189787258273233	1909	19
hrc_e2f	biological_discriminator	a	CANELLAS_CORE_HRC	control	TCF4	0.04463531155091052	843	15
hrc_e2f	biological_discriminator	a	CANELLAS_CORE_HRC	control	TEAD4	0.18791925139598126	2267	19
hrc_e2f	biological_discriminator	a	CANELLAS_CORE_HRC	control	TFF3	2.651043523712441	9040	24
hrc_e2f	biological_discriminator	a	CANELLAS_CORE_HRC	control	TFPI	0.14694167884831208	1712	18
hrc_e2f	biological_discriminator	a	CANELLAS_CORE_HRC	control	TMCC1	2.036385311521316	10103	24
hrc_e2f	biological_discriminator	a	CANELLAS_CORE_HRC	control	TMEM106C	0.2983216448126271	3324	20
hrc_e2f	biological_discriminator	a	CANELLAS_CORE_HRC	control	TMEM139	0.05608029215196886	797	15
hrc_e2f	biological_discriminator	a	CANELLAS_CORE_HRC	control	TMEM147	0.36301804505890356	3710	21
hrc_e2f	biological_discriminator	a	CANELLAS_CORE_HRC	control	TMEM186	0.06816771878346677	973	16
hrc_e2f	biological_discriminator	a	CANELLAS_CORE_HRC	control	TMEM205	0.3645961167412632	3787	21
hrc_e2f	biological_discriminator	a	CANELLAS_CORE_HRC	control	TMEM39A	0.2944530909956038	3503	20
hrc_e2f	biological_discriminator	a	CANELLAS_CORE_HRC	control	TMEM44-AS1	0.09023063887185023	1310	17
hrc_e2f	biological_discriminator	a	CANELLAS_CORE_HRC	control	TMEM54	0.4509941914503192	4330	22
hrc_e2f	biological_discriminator	a	CANELLAS_CORE_HRC	control	TMTC2	2.0710225830899316	9582	24
hrc_e2f	biological_discriminator	a	CANELLAS_CORE_HRC	control	TOR3A	0.1384839438596814	1822	18
hrc_e2f	biological_discriminator	a	CANELLAS_CORE_HRC	control	TP53TG5	0.035855501337287835	534	14
hrc_e2f	biological_discriminator	a	CANELLAS_CORE_HRC	control	TPCN1	0.6498926792751509	6099	23
hrc_e2f	biological_discriminator	a	CANELLAS_CORE_HRC	control	TPCN2	0.11105905335008634	1588	17
hrc_e2f	biological_discriminator	a	CANELLAS_CORE_HRC	control	TPM1	1.7457858712696699	9223	24
hrc_e2f	biological_discriminator	a	CANELLAS_CORE_HRC	control	TPT1	5.729740323056566	13847	24
hrc_e2f	biological_discriminator	a	CANELLAS_CORE_HRC	control	TRAPPC11	0.26430880575878807	3231	20
hrc_e2f	biological_discriminator	a	CANELLAS_CORE_HRC	control	TRIM52	0.1234532701573744	1742	18
hrc_e2f	biological_discriminator	a	CANELLAS_CORE_HRC	control	TRIM65	0.0877222648320129	1245	17
hrc_e2f	biological_discriminator	a	CANELLAS_CORE_HRC	control	TRIM69	0.06838174509900864	947	16
hrc_e2f	biological_discriminator	a	CANELLAS_CORE_HRC	control	TSPAN15	0.5593040719794937	5285	22
hrc_e2f	biological_discriminator	a	CANELLAS_CORE_HRC	control	TSPYL4	0.04538425248242142	691	15
hrc_e2f	biological_discriminator	a	CANELLAS_CORE_HRC	control	TST	0.3466148707345264	3439	21
hrc_e2f	biological_discriminator	a	CANELLAS_CORE_HRC	control	TSTD3	0.4453819199909724	4790	22
hrc_e2f	biological_discriminator	a	CANELLAS_CORE_HRC	control	TTL	0.20881528657859863	2432	19
hrc_e2f	biological_discriminator	a	CANELLAS_CORE_HRC	control	TUBD1	0.14078815022163615	1780	18
hrc_e2f	biological_discriminator	a	CANELLAS_CORE_HRC	control	TXNDC17	0.37048300992571986	3452	21
hrc_e2f	biological_discriminator	a	CANELLAS_CORE_HRC	control	UAP1L1	0.047588166988977956	712	15
hrc_e2f	biological_discriminator	a	CANELLAS_CORE_HRC	control	UBE2V1	0.7496931694387032	6439	23
hrc_e2f	biological_discriminator	a	CANELLAS_CORE_HRC	control	UBR5-AS1	0.20727608309850112	2578	19
hrc_e2f	biological_discriminator	a	CANELLAS_CORE_HRC	control	UBXN7	0.42416968839486746	4586	22
hrc_e2f	biological_discriminator	a	CANELLAS_CORE_HRC	control	UCKL1	0.35284633997140713	4085	21
hrc_e2f	biological_discriminator	a	CANELLAS_CORE_HRC	control	UIMC1	0.6281064096981361	5888	22
hrc_e2f	biological_discriminator	a	CANELLAS_CORE_HRC	control	UMAD1	1.7010133518286004	9824	24
hrc_e2f	biological_discriminator	a	CANELLAS_CORE_HRC	control	UNC93B1	0.17280492906240133	2211	19
hrc_e2f	biological_discriminator	a	CANELLAS_CORE_HRC	control	UPRT	0.39571198510739525	3890	21
hrc_e2f	biological_discriminator	a	CANELLAS_CORE_HRC	control	USF3	0.31110793116262636	3438	21
hrc_e2f	biological_discriminator	a	CANELLAS_CORE_HRC	control	USP12	1.4831980964503673	9481	24
hrc_e2f	biological_discriminator	a	CANELLAS_CORE_HRC	control	UTP23	0.28641146498502656	3220	20
hrc_e2f	biological_discriminator	a	CANELLAS_CORE_HRC	control	UTY	1.8757684989570846	9005	24
hrc_e2f	biological_discriminator	a	CANELLAS_CORE_HRC	control	VDAC2	0.7342003410146531	6350	23
hrc_e2f	biological_discriminator	a	CANELLAS_CORE_HRC	control	VDR	0.5132755862329178	4664	22
hrc_e2f	biological_discriminator	a	CANELLAS_CORE_HRC	control	VMAC	0.029879743854515067	459	14
hrc_e2f	biological_discriminator	a	CANELLAS_CORE_HRC	control	VPS35L	0.09618028058128472	1415	17
hrc_e2f	biological_discriminator	a	CANELLAS_CORE_HRC	control	VPS37C	0.24564416155622126	3064	20
hrc_e2f	biological_discriminator	a	CANELLAS_CORE_HRC	control	WDR73	0.20394484874972674	2649	19
hrc_e2f	biological_discriminator	a	CANELLAS_CORE_HRC	control	WWC1	0.8816263449989558	6808	23
hrc_e2f	biological_discriminator	a	CANELLAS_CORE_HRC	control	WWC3	0.21858799258638328	2640	19
hrc_e2f	biological_discriminator	a	CANELLAS_CORE_HRC	control	XIST	1.6930003641315756	1464	24
hrc_e2f	biological_discriminator	a	CANELLAS_CORE_HRC	control	XRCC2	0.13774203397815263	1430	18
hrc_e2f	biological_discriminator	a	CANELLAS_CORE_HRC	control	YWHAQ	0.9524532641701897	7449	23
hrc_e2f	biological_discriminator	a	CANELLAS_CORE_HRC	control	Z68871.1	0.04089450934101691	601	15
hrc_e2f	biological_discriminator	a	CANELLAS_CORE_HRC	control	ZBTB16	0.061376119488942796	737	16
hrc_e2f	biological_discriminator	a	CANELLAS_CORE_HRC	control	ZBTB18	0.18403882741391905	2180	19
hrc_e2f	biological_discriminator	a	CANELLAS_CORE_HRC	control	ZBTB8A	0.17612556672809584	2144	19
hrc_e2f	biological_discriminator	a	CANELLAS_CORE_HRC	control	ZC2HC1C	0.03867106933166029	577	15
hrc_e2f	biological_discriminator	a	CANELLAS_CORE_HRC	control	ZFAND4	0.17328317299484264	2120	19
hrc_e2f	biological_discriminator	a	CANELLAS_CORE_HRC	control	ZFYVE19	0.07412512301356189	1086	16
hrc_e2f	biological_discriminator	a	CANELLAS_CORE_HRC	control	ZNF213	0.07051858085331715	1025	16
hrc_e2f	biological_discriminator	a	CANELLAS_CORE_HRC	control	ZNF234	0.06519895504762864	984	16
hrc_e2f	biological_discriminator	a	CANELLAS_CORE_HRC	control	ZNF428	0.0861946484256085	1216	17
hrc_e2f	biological_discriminator	a	CANELLAS_CORE_HRC	control	ZNF473	0.05222157122112019	764	15
hrc_e2f	biological_discriminator	a	CANELLAS_CORE_HRC	control	ZNF564	0.1558553157237551	2073	18
hrc_e2f	biological_discriminator	a	CANELLAS_CORE_HRC	control	ZNF576	0.048537946244794565	710	15
hrc_e2f	biological_discriminator	a	CANELLAS_CORE_HRC	control	ZNF7	0.27077192719286947	3326	20
hrc_e2f	biological_discriminator	a	CANELLAS_CORE_HRC	control	ZNF74	0.054204402555791745	793	15
hrc_e2f	biological_discriminator	a	CANELLAS_CORE_HRC	control	ZSCAN2	0.04984961929740661	723	15
hrc_e2f	biological_discriminator	a	CANELLAS_CORE_HRC	control	ZSCAN25	0.08531770090583528	1224	17
hrc_e2f	biological_discriminator	a	CANELLAS_CORE_HRC	control	ZXDC	0.6561009396030238	6354	23
hrc_e2f	biological_discriminator	a	CANELLAS_CORE_HRC	target	ADAM9	1.042053480124559	6651	23
hrc_e2f	biological_discriminator	a	CANELLAS_CORE_HRC	target	AHNAK	0.5831374875706432	4757	22
hrc_e2f	biological_discriminator	a	CANELLAS_CORE_HRC	target	AHNAK2	0.08151601546373213	908	16
hrc_e2f	biological_discriminator	a	CANELLAS_CORE_HRC	target	ANXA11	0.862716633998458	6986	23
hrc_e2f	biological_discriminator	a	CANELLAS_CORE_HRC	target	ARFGAP3	0.3675485895175808	3815	21
hrc_e2f	biological_discriminator	a	CANELLAS_CORE_HRC	target	B4GALNT3	1.5688677042307513	7826	24
hrc_e2f	biological_discriminator	a	CANELLAS_CORE_HRC	target	B4GALT1	0.4557996708610015	4407	22
hrc_e2f	biological_discriminator	a	CANELLAS_CORE_HRC	target	BAIAP2L1	2.723511759074237	11176	24
hrc_e2f	biological_discriminator	a	CANELLAS_CORE_HRC	target	BMP2	0.1214546480969043	1171	18
hrc_e2f	biological_discriminator	a	CANELLAS_CORE_HRC	target	C19ORF33	0.4688323319844405	4116	22
hrc_e2f	biological_discriminator	a	CANELLAS_CORE_HRC	target	CAMK2N1	0.7803973993412708	6274	23
hrc_e2f	biological_discriminator	a	CANELLAS_CORE_HRC	target	CD55	1.0269018201331637	5171	23
hrc_e2f	biological_discriminator	a	CANELLAS_CORE_HRC	target	CD59	0.6540745484537804	5753	23
hrc_e2f	biological_discriminator	a	CANELLAS_CORE_HRC	target	CD68	0.07729839230150233	1315	16
hrc_e2f	biological_discriminator	a	CANELLAS_CORE_HRC	target	CDA	0.08434388331254185	997	17
hrc_e2f	biological_discriminator	a	CANELLAS_CORE_HRC	target	CDCP1	0.7241636753767343	6165	23
hrc_e2f	biological_discriminator	a	CANELLAS_CORE_HRC	target	CDKN2B	0.07669896163449866	826	16
hrc_e2f	biological_discriminator	a	CANELLAS_CORE_HRC	target	CEACAM1	1.1227457259492393	6241	24
hrc_e2f	biological_discriminator	a	CANELLAS_CORE_HRC	target	CEACAM5	8.883825759220786	12581	24
hrc_e2f	biological_discriminator	a	CANELLAS_CORE_HRC	target	CGN	0.35380020878198737	3885	21
hrc_e2f	biological_discriminator	a	CANELLAS_CORE_HRC	target	CLIC3	0.032860020116354194	413	14
hrc_e2f	biological_discriminator	a	CANELLAS_CORE_HRC	target	COL17A1	0.2994998568701884	2279	20
hrc_e2f	biological_discriminator	a	CANELLAS_CORE_HRC	target	CRB3	0.09467347039892827	1233	17
hrc_e2f	biological_discriminator	a	CANELLAS_CORE_HRC	target	CXCL16	0.13807901164095718	1670	18
hrc_e2f	biological_discriminator	a	CANELLAS_CORE_HRC	target	CYP3A5	1.008768905593422	6592	23
hrc_e2f	biological_discriminator	a	CANELLAS_CORE_HRC	target	CYSTM1	0.6923950778134175	6033	23
hrc_e2f	biological_discriminator	a	CANELLAS_CORE_HRC	target	DDR1	0.3325721182064545	3717	21
hrc_e2f	biological_discriminator	a	CANELLAS_CORE_HRC	target	DSG2	1.6501572597472849	9398	24
hrc_e2f	biological_discriminator	a	CANELLAS_CORE_HRC	target	DUSP5	0.08131345739491933	837	16
hrc_e2f	biological_discriminator	a	CANELLAS_CORE_HRC	target	EFNB1	0.1474108345147129	1821	18
hrc_e2f	biological_discriminator	a	CANELLAS_CORE_HRC	target	EMP1	0.5276297590670245	2401	22
hrc_e2f	biological_discriminator	a	CANELLAS_CORE_HRC	target	EPS8L1	0.07990839960678017	1031	16
hrc_e2f	biological_discriminator	a	CANELLAS_CORE_HRC	target	EZR	2.4826374488451997	9136	24
hrc_e2f	biological_discriminator	a	CANELLAS_CORE_HRC	target	F11R	0.6222576551035556	5590	22
hrc_e2f	biological_discriminator	a	CANELLAS_CORE_HRC	target	FA2H	0.573300736644772	4588	22
hrc_e2f	biological_discriminator	a	CANELLAS_CORE_HRC	target	FLNB	2.6037322303008215	10936	24
hrc_e2f	biological_discriminator	a	CANELLAS_CORE_HRC	target	GBP3	0.201280406833597	2494	19
hrc_e2f	biological_discriminator	a	CANELLAS_CORE_HRC	target	GJB3	0.05527785189765777	727	15
hrc_e2f	biological_discriminator	a	CANELLAS_CORE_HRC	target	GPRC5A	2.854808470922721	9594	24
hrc_e2f	biological_discriminator	a	CANELLAS_CORE_HRC	target	HEBP2	0.5012165367365026	4729	22
hrc_e2f	biological_discriminator	a	CANELLAS_CORE_HRC	target	ITGA2	1.9024797042258048	8275	24
hrc_e2f	biological_discriminator	a	CANELLAS_CORE_HRC	target	ITGA3	0.49307905590000306	4504	22
hrc_e2f	biological_discriminator	a	CANELLAS_CORE_HRC	target	ITGB1	2.1504740162318354	10439	24
hrc_e2f	biological_discriminator	a	CANELLAS_CORE_HRC	target	ITGB4	0.6314004547994052	5291	22
hrc_e2f	biological_discriminator	a	CANELLAS_CORE_HRC	target	JUP	0.989564449356444	6819	23
hrc_e2f	biological_discriminator	a	CANELLAS_CORE_HRC	target	KLK10	0.17202363062101478	835	19
hrc_e2f	biological_discriminator	a	CANELLAS_CORE_HRC	target	KRT80	0.14325124695892433	1289	18
hrc_e2f	biological_discriminator	a	CANELLAS_CORE_HRC	target	LAMA3	0.9749367873645878	4645	23
hrc_e2f	biological_discriminator	a	CANELLAS_CORE_HRC	target	LAMB3	0.6006283627562222	5001	22
hrc_e2f	biological_discriminator	a	CANELLAS_CORE_HRC	target	LAMC2	0.7957043951504457	4137	23
hrc_e2f	biological_discriminator	a	CANELLAS_CORE_HRC	target	LIPH	0.8066017195192348	5438	23
hrc_e2f	biological_discriminator	a	CANELLAS_CORE_HRC	target	LMO7	3.1143128837478073	11823	24
hrc_e2f	biological_discriminator	a	CANELLAS_CORE_HRC	target	LRP10	0.42813841885112747	3983	22
hrc_e2f	biological_discriminator	a	CANELLAS_CORE_HRC	target	MISP	0.4514186075130036	4067	22
hrc_e2f	biological_discriminator	a	CANELLAS_CORE_HRC	target	MUC13	1.6760194957855756	8603	24
hrc_e2f	biological_discriminator	a	CANELLAS_CORE_HRC	target	MXD1	0.9306704145478929	5194	23
hrc_e2f	biological_discriminator	a	CANELLAS_CORE_HRC	target	MYH14	2.2653094459216025	11050	24
hrc_e2f	biological_discriminator	a	CANELLAS_CORE_HRC	target	MYOF	0.8326455365148074	5657	23
hrc_e2f	biological_discriminator	a	CANELLAS_CORE_HRC	target	PCDH1	0.2016773665634177	2446	19
hrc_e2f	biological_discriminator	a	CANELLAS_CORE_HRC	target	PDZK1IP1	0.30034336478804446	3224	20
hrc_e2f	biological_discriminator	a	CANELLAS_CORE_HRC	target	PINK1	0.07167298492660636	1024	16
hrc_e2f	biological_discriminator	a	CANELLAS_CORE_HRC	target	PLAUR	0.482304113192252	3604	22
hrc_e2f	biological_discriminator	a	CANELLAS_CORE_HRC	target	PLEC	0.8607494477549137	5909	23
hrc_e2f	biological_discriminator	a	CANELLAS_CORE_HRC	target	PPARD	0.39307694484191325	3881	21
hrc_e2f	biological_discriminator	a	CANELLAS_CORE_HRC	target	PPP2CB	0.5194088179306078	4812	22
hrc_e2f	biological_discriminator	a	CANELLAS_CORE_HRC	target	PRSS22	0.10562062835371655	1186	17
hrc_e2f	biological_discriminator	a	CANELLAS_CORE_HRC	target	PTK6	0.26420616815401304	3119	20
hrc_e2f	biological_discriminator	a	CANELLAS_CORE_HRC	target	PTPRH	0.09604387846197954	1317	17
hrc_e2f	biological_discriminator	a	CANELLAS_CORE_HRC	target	RHOF	0.0641099385113442	862	16
hrc_e2f	biological_discriminator	a	CANELLAS_CORE_HRC	target	RIOK3	0.7095080630956034	5480	23
hrc_e2f	biological_discriminator	a	CANELLAS_CORE_HRC	target	RNF103	0.33736821163734987	3716	21
hrc_e2f	biological_discriminator	a	CANELLAS_CORE_HRC	target	RRAS	0.11547123956921553	1469	17
hrc_e2f	biological_discriminator	a	CANELLAS_CORE_HRC	target	SDCBP2	0.19914823032213305	1941	19
hrc_e2f	biological_discriminator	a	CANELLAS_CORE_HRC	target	SEMA3B	0.2418384753464088	2440	20
hrc_e2f	biological_discriminator	a	CANELLAS_CORE_HRC	target	SERINC2	0.4292554253268658	4338	22
hrc_e2f	biological_discriminator	a	CANELLAS_CORE_HRC	target	SLC2A1	0.851625555174377	4257	23
hrc_e2f	biological_discriminator	a	CANELLAS_CORE_HRC	target	SLC44A4	0.53366909208644	5166	22
hrc_e2f	biological_discriminator	a	CANELLAS_CORE_HRC	target	SLC6A8	0.18429328456825378	1601	19
hrc_e2f	biological_discriminator	a	CANELLAS_CORE_HRC	target	SLPI	0.5382734855523035	3149	22
hrc_e2f	biological_discriminator	a	CANELLAS_CORE_HRC	target	SMAD3	0.8178359550080155	6771	23
hrc_e2f	biological_discriminator	a	CANELLAS_CORE_HRC	target	SNX9	1.6130880481507626	9426	24
hrc_e2f	biological_discriminator	a	CANELLAS_CORE_HRC	target	SPINT1	0.4655911144455807	4666	22
hrc_e2f	biological_discriminator	a	CANELLAS_CORE_HRC	target	STK24	1.5083046888354203	9638	24
hrc_e2f	biological_discriminator	a	CANELLAS_CORE_HRC	target	TIMP2	0.0749873759576654	1163	16
hrc_e2f	biological_discriminator	a	CANELLAS_CORE_HRC	target	TINAGL1	0.3059112852462212	3266	21
hrc_e2f	biological_discriminator	a	CANELLAS_CORE_HRC	target	TJP3	0.37577817560143456	4145	21
hrc_e2f	biological_discriminator	a	CANELLAS_CORE_HRC	target	TM4SF1	0.6414971324183589	3968	23
hrc_e2f	biological_discriminator	a	CANELLAS_CORE_HRC	target	TMBIM1	0.4922410491364119	4397	22
hrc_e2f	biological_discriminator	a	CANELLAS_CORE_HRC	target	TMPRSS2	1.0039291873595702	7135	23
hrc_e2f	biological_discriminator	a	CANELLAS_CORE_HRC	target	TMPRSS4	1.718024656330155	9840	24
hrc_e2f	biological_discriminator	a	CANELLAS_CORE_HRC	target	TNFRSF21	0.85655779161387	5392	23
hrc_e2f	biological_discriminator	a	CANELLAS_CORE_HRC	target	TSPAN1	0.5757140681800059	3868	22
hrc_e2f	biological_discriminator	a	CANELLAS_CORE_HRC	target	TSPAN3	0.9211984207873797	7306	23
hrc_e2f	biological_discriminator	a	CANELLAS_CORE_HRC	target	UGCG	0.4945263254127943	4889	22
hrc_e2f	biological_discriminator	a	CANELLAS_CORE_HRC	target	USP53	2.441743401873007	9622	24
hrc_e2f	biological_discriminator	b	HALLMARK_E2F_TARGETS	control	ABCC5	0.36819430822152277	3935	21
hrc_e2f	biological_discriminator	b	HALLMARK_E2F_TARGETS	control	AC000099.1	0.18158269200214477	1745	19
hrc_e2f	biological_discriminator	b	HALLMARK_E2F_TARGETS	control	AC004943.2	0.36539688126882597	3750	21
hrc_e2f	biological_discriminator	b	HALLMARK_E2F_TARGETS	control	AC005091.1	0.010877435606791427	168	12
hrc_e2f	biological_discriminator	b	HALLMARK_E2F_TARGETS	control	AC005144.1	0.012367609965106111	168	12
hrc_e2f	biological_discriminator	b	HALLMARK_E2F_TARGETS	control	AC005532.1	0.01798154094529126	268	13
hrc_e2f	biological_discriminator	b	HALLMARK_E2F_TARGETS	control	AC005786.3	0.01721726546051338	271	13
hrc_e2f	biological_discriminator	b	HALLMARK_E2F_TARGETS	control	AC007529.2	0.1631683852255716	1474	19
hrc_e2f	biological_discriminator	b	HALLMARK_E2F_TARGETS	control	AC007637.1	0.028215415969847515	442	14
hrc_e2f	biological_discriminator	b	HALLMARK_E2F_TARGETS	control	AC007848.1	0.017747422646400928	269	13
hrc_e2f	biological_discriminator	b	HALLMARK_E2F_TARGETS	control	AC008629.1	0.034113144981056165	470	14
hrc_e2f	biological_discriminator	b	HALLMARK_E2F_TARGETS	control	AC008883.1	0.04488463270440082	634	15
hrc_e2f	biological_discriminator	b	HALLMARK_E2F_TARGETS	control	AC009501.3	0.05043916843863652	622	15
hrc_e2f	biological_discriminator	b	HALLMARK_E2F_TARGETS	control	AC009630.3	0.01234280612945438	198	12
hrc_e2f	biological_discriminator	b	HALLMARK_E2F_TARGETS	control	AC010148.1	0.1667988640846988	1968	19
hrc_e2f	biological_discriminator	b	HALLMARK_E2F_TARGETS	control	AC010260.1	0.0909695487733082	1223	17
hrc_e2f	biological_discriminator	b	HALLMARK_E2F_TARGETS	control	AC010503.4	0.05077689171611805	724	15
hrc_e2f	biological_discriminator	b	HALLMARK_E2F_TARGETS	control	AC011322.1	0.01571182111818393	228	13
hrc_e2f	biological_discriminator	b	HALLMARK_E2F_TARGETS	control	AC011330.2	0.02797667222449241	425	14
hrc_e2f	biological_discriminator	b	HALLMARK_E2F_TARGETS	control	AC011476.3	0.06187190210579473	896	16
hrc_e2f	biological_discriminator	b	HALLMARK_E2F_TARGETS	control	AC011632.1	0.09062057016634385	754	17
hrc_e2f	biological_discriminator	b	HALLMARK_E2F_TARGETS	control	AC012063.1	0.10271870144429675	1295	17
hrc_e2f	biological_discriminator	b	HALLMARK_E2F_TARGETS	control	AC012085.2	0.07571016026508265	1061	16
hrc_e2f	biological_discriminator	b	HALLMARK_E2F_TARGETS	control	AC015813.1	0.17851696882504647	2270	19
hrc_e2f	biological_discriminator	b	HALLMARK_E2F_TARGETS	control	AC015908.2	0.031623935597447334	461	14
hrc_e2f	biological_discriminator	b	HALLMARK_E2F_TARGETS	control	AC016588.2	0.010966690155618209	176	12
hrc_e2f	biological_discriminator	b	HALLMARK_E2F_TARGETS	control	AC018809.2	0.016701194160144976	262	13
hrc_e2f	biological_discriminator	b	HALLMARK_E2F_TARGETS	control	AC019117.1	0.11785192285123917	698	17
hrc_e2f	biological_discriminator	b	HALLMARK_E2F_TARGETS	control	AC021723.2	0.017238887505293343	177	13
hrc_e2f	biological_discriminator	b	HALLMARK_E2F_TARGETS	control	AC022400.4	0.03464482298453732	539	14
hrc_e2f	biological_discriminator	b	HALLMARK_E2F_TARGETS	control	AC022762.1	0.020727754890215	280	13
hrc_e2f	biological_discriminator	b	HALLMARK_E2F_TARGETS	control	AC024075.1	0.016340560294737547	261	13
hrc_e2f	biological_discriminator	b	HALLMARK_E2F_TARGETS	control	AC026341.1	0.12142045635337219	1017	18
hrc_e2f	biological_discriminator	b	HALLMARK_E2F_TARGETS	control	AC027288.3	0.13928981046329958	1545	18
hrc_e2f	biological_discriminator	b	HALLMARK_E2F_TARGETS	control	AC034236.2	0.01747332004092232	270	13
hrc_e2f	biological_discriminator	b	HALLMARK_E2F_TARGETS	control	AC068724.3	0.19729239002844712	2518	19
hrc_e2f	biological_discriminator	b	HALLMARK_E2F_TARGETS	control	AC068888.1	0.2777758857521653	3271	20
hrc_e2f	biological_discriminator	b	HALLMARK_E2F_TARGETS	control	AC078993.1	0.16401636006272213	1652	19
hrc_e2f	biological_discriminator	b	HALLMARK_E2F_TARGETS	control	AC079915.1	0.03558872951857488	548	14
hrc_e2f	biological_discriminator	b	HALLMARK_E2F_TARGETS	control	AC083855.2	0.13965460196210955	1849	18
hrc_e2f	biological_discriminator	b	HALLMARK_E2F_TARGETS	control	AC087276.2	0.07849297483511414	1083	16
hrc_e2f	biological_discriminator	b	HALLMARK_E2F_TARGETS	control	AC090115.1	0.03573192924389535	463	14
hrc_e2f	biological_discriminator	b	HALLMARK_E2F_TARGETS	control	AC090559.2	0.014637199602520846	232	12
hrc_e2f	biological_discriminator	b	HALLMARK_E2F_TARGETS	control	AC090589.2	0.030573102251208066	462	14
hrc_e2f	biological_discriminator	b	HALLMARK_E2F_TARGETS	control	AC090844.2	0.019908350194905642	293	13
hrc_e2f	biological_discriminator	b	HALLMARK_E2F_TARGETS	control	AC092171.3	0.030352038170010684	469	14
hrc_e2f	biological_discriminator	b	HALLMARK_E2F_TARGETS	control	AC092567.1	0.046276822000196505	688	15
hrc_e2f	biological_discriminator	b	HALLMARK_E2F_TARGETS	control	AC092691.1	0.014135213435589294	83	12
hrc_e2f	biological_discriminator	b	HALLMARK_E2F_TARGETS	control	AC092802.2	0.010652810113629129	160	12
hrc_e2f	biological_discriminator	b	HALLMARK_E2F_TARGETS	control	AC093019.2	0.04926463327354813	729	15
hrc_e2f	biological_discriminator	b	HALLMARK_E2F_TARGETS	control	AC093898.1	0.14160041817943267	971	18
hrc_e2f	biological_discriminator	b	HALLMARK_E2F_TARGETS	control	AC096741.1	0.0751915696008461	1034	16
hrc_e2f	biological_discriminator	b	HALLMARK_E2F_TARGETS	control	AC097448.1	0.031053760882893588	462	14
hrc_e2f	biological_discriminator	b	HALLMARK_E2F_TARGETS	control	AC097460.1	0.012942904981922567	196	12
hrc_e2f	biological_discriminator	b	HALLMARK_E2F_TARGETS	control	AC099314.1	0.07969751339192847	1085	16
hrc_e2f	biological_discriminator	b	HALLMARK_E2F_TARGETS	control	AC099343.3	0.023201447701839868	354	13
hrc_e2f	biological_discriminator	b	HALLMARK_E2F_TARGETS	control	AC099568.2	0.010202237355492399	158	12
hrc_e2f	biological_discriminator	b	HALLMARK_E2F_TARGETS	control	AC104564.3	0.010415008646818307	165	12
hrc_e2f	biological_discriminator	b	HALLMARK_E2F_TARGETS	control	AC104958.2	0.030452582184442856	432	14
hrc_e2f	biological_discriminator	b	HALLMARK_E2F_TARGETS	control	AC116407.2	0.034689537336128035	509	14
hrc_e2f	biological_discriminator	b	HALLMARK_E2F_TARGETS	control	AC120053.1	0.044598691750454264	662	15
hrc_e2f	biological_discriminator	b	HALLMARK_E2F_TARGETS	control	AC121342.1	0.023272045909356862	282	13
hrc_e2f	biological_discriminator	b	HALLMARK_E2F_TARGETS	control	AC127024.5	0.01079297612672356	168	12
hrc_e2f	biological_discriminator	b	HALLMARK_E2F_TARGETS	control	AC141930.1	0.013091467617378543	187	12
hrc_e2f	biological_discriminator	b	HALLMARK_E2F_TARGETS	control	AC233296.1	0.07046384796210711	616	16
hrc_e2f	biological_discriminator	b	HALLMARK_E2F_TARGETS	control	ACBD3-AS1	0.020051325936477977	311	13
hrc_e2f	biological_discriminator	b	HALLMARK_E2F_TARGETS	control	ACTN4	2.878564933933313	11626	24
hrc_e2f	biological_discriminator	b	HALLMARK_E2F_TARGETS	control	ACTR1A	0.1181902631254419	1592	18
hrc_e2f	biological_discriminator	b	HALLMARK_E2F_TARGETS	control	ACY1	0.2002381683773521	2539	19
hrc_e2f	biological_discriminator	b	HALLMARK_E2F_TARGETS	control	ADAM2	0.012327989607675222	122	12
hrc_e2f	biological_discriminator	b	HALLMARK_E2F_TARGETS	control	ADK	5.074289013149662	11767	24
hrc_e2f	biological_discriminator	b	HALLMARK_E2F_TARGETS	control	ADPRHL1	0.02348098192903604	356	13
hrc_e2f	biological_discriminator	b	HALLMARK_E2F_TARGETS	control	ADPRHL2	0.13050185331317418	1759	18
hrc_e2f	biological_discriminator	b	HALLMARK_E2F_TARGETS	control	AF129075.3	0.010365299352276177	162	12
hrc_e2f	biological_discriminator	b	HALLMARK_E2F_TARGETS	control	AF131215.4	0.010434665312228803	167	12
hrc_e2f	biological_discriminator	b	HALLMARK_E2F_TARGETS	control	AFAP1	0.7315638534200202	6065	23
hrc_e2f	biological_discriminator	b	HALLMARK_E2F_TARGETS	control	AGBL2	0.032929402564480265	465	14
hrc_e2f	biological_discriminator	b	HALLMARK_E2F_TARGETS	control	AL023755.1	0.1178979660243631	1280	17
hrc_e2f	biological_discriminator	b	HALLMARK_E2F_TARGETS	control	AL034417.3	0.010871685860314728	155	12
hrc_e2f	biological_discriminator	b	HALLMARK_E2F_TARGETS	control	AL049828.1	0.20145068376245556	2110	19
hrc_e2f	biological_discriminator	b	HALLMARK_E2F_TARGETS	control	AL079338.1	0.013163035138031362	209	12
hrc_e2f	biological_discriminator	b	HALLMARK_E2F_TARGETS	control	AL109613.1	0.09078369233555948	1313	17
hrc_e2f	biological_discriminator	b	HALLMARK_E2F_TARGETS	control	AL118505.1	0.021000472019997843	323	13
hrc_e2f	biological_discriminator	b	HALLMARK_E2F_TARGETS	control	AL121658.1	0.010327670518191364	161	12
hrc_e2f	biological_discriminator	b	HALLMARK_E2F_TARGETS	control	AL135791.1	0.014218567528546876	222	12
hrc_e2f	biological_discriminator	b	HALLMARK_E2F_TARGETS	control	AL136295.7	0.011632083275307882	189	12
hrc_e2f	biological_discriminator	b	HALLMARK_E2F_TARGETS	control	AL136454.1	0.023804113671888196	355	13
hrc_e2f	biological_discriminator	b	HALLMARK_E2F_TARGETS	control	AL138787.2	0.043378131979670026	655	15
hrc_e2f	biological_discriminator	b	HALLMARK_E2F_TARGETS	control	AL139289.2	0.038517562675404564	572	15
hrc_e2f	biological_discriminator	b	HALLMARK_E2F_TARGETS	control	AL160408.3	0.022610509620480376	320	13
hrc_e2f	biological_discriminator	b	HALLMARK_E2F_TARGETS	control	AL163051.1	0.025809249836080933	388	14
hrc_e2f	biological_discriminator	b	HALLMARK_E2F_TARGETS	control	AL353576.1	0.0140052835903636	212	12
hrc_e2f	biological_discriminator	b	HALLMARK_E2F_TARGETS	control	AL353768.2	0.020293463943705917	308	13
hrc_e2f	biological_discriminator	b	HALLMARK_E2F_TARGETS	control	AL358472.5	0.012860076142560746	208	12
hrc_e2f	biological_discriminator	b	HALLMARK_E2F_TARGETS	control	AL441883.1	0.009819729683795195	156	12
hrc_e2f	biological_discriminator	b	HALLMARK_E2F_TARGETS	control	AL512283.2	0.011593582952735191	177	12
hrc_e2f	biological_discriminator	b	HALLMARK_E2F_TARGETS	control	AL513548.1	0.012814136662156477	198	12
hrc_e2f	biological_discriminator	b	HALLMARK_E2F_TARGETS	control	AL590006.1	0.23325560658702837	2762	20
hrc_e2f	biological_discriminator	b	HALLMARK_E2F_TARGETS	control	AL590666.2	0.01860561951817112	273	13
hrc_e2f	biological_discriminator	b	HALLMARK_E2F_TARGETS	control	AL590807.1	0.023598470454198432	343	13
hrc_e2f	biological_discriminator	b	HALLMARK_E2F_TARGETS	control	AL592429.2	0.03568143013940848	485	14
hrc_e2f	biological_discriminator	b	HALLMARK_E2F_TARGETS	control	AL683813.1	0.11332978120830998	1492	17
hrc_e2f	biological_discriminator	b	HALLMARK_E2F_TARGETS	control	ALCAM	1.7887289164869067	6763	24
hrc_e2f	biological_discriminator	b	HALLMARK_E2F_TARGETS	control	AMOT	0.10395208852073216	1302	17
hrc_e2f	biological_discriminator	b	HALLMARK_E2F_TARGETS	control	ANKFN1	0.054847922228480075	641	15
hrc_e2f	biological_discriminator	b	HALLMARK_E2F_TARGETS	control	AOPEP	2.2313321418434224	11034	24
hrc_e2f	biological_discriminator	b	HALLMARK_E2F_TARGETS	control	AP000919.2	0.04280619321298952	637	15
hrc_e2f	biological_discriminator	b	HALLMARK_E2F_TARGETS	control	AP001107.9	0.09389075554022595	1320	17
hrc_e2f	biological_discriminator	b	HALLMARK_E2F_TARGETS	control	AP001994.3	0.0115949607474776	164	12
hrc_e2f	biological_discriminator	b	HALLMARK_E2F_TARGETS	control	AP002026.1	0.1280620331949338	1482	18
hrc_e2f	biological_discriminator	b	HALLMARK_E2F_TARGETS	control	AP002387.2	0.032702308709650164	491	14
hrc_e2f	biological_discriminator	b	HALLMARK_E2F_TARGETS	control	AP002748.4	0.032415363594849644	489	14
hrc_e2f	biological_discriminator	b	HALLMARK_E2F_TARGETS	control	AP002748.6	0.021319053883302023	325	13
hrc_e2f	biological_discriminator	b	HALLMARK_E2F_TARGETS	control	AP002807.1	0.02769983958182311	428	14
hrc_e2f	biological_discriminator	b	HALLMARK_E2F_TARGETS	control	AP002813.1	0.02618719458959782	399	14
hrc_e2f	biological_discriminator	b	HALLMARK_E2F_TARGETS	control	AP005899.1	0.042976429817774664	642	15
hrc_e2f	biological_discriminator	b	HALLMARK_E2F_TARGETS	control	AP1S1	0.26144184113047775	3056	20
hrc_e2f	biological_discriminator	b	HALLMARK_E2F_TARGETS	control	APOA1	0.025337925307500928	570	14
hrc_e2f	biological_discriminator	b	HALLMARK_E2F_TARGETS	control	ARHGAP12	1.9535739978164373	10412	24
hrc_e2f	biological_discriminator	b	HALLMARK_E2F_TARGETS	control	ARID2	1.9507381863065074	10645	24
hrc_e2f	biological_discriminator	b	HALLMARK_E2F_TARGETS	control	ARMH3	0.7684147547097653	6699	23
hrc_e2f	biological_discriminator	b	HALLMARK_E2F_TARGETS	control	ARPP19	0.35483287938590236	3977	21
hrc_e2f	biological_discriminator	b	HALLMARK_E2F_TARGETS	control	ARRB1	0.3207179636863367	3547	21
hrc_e2f	biological_discriminator	b	HALLMARK_E2F_TARGETS	control	ARSE	0.3326514636981016	3104	21
hrc_e2f	biological_discriminator	b	HALLMARK_E2F_TARGETS	control	ASH2L	0.277798151045069	3256	20
hrc_e2f	biological_discriminator	b	HALLMARK_E2F_TARGETS	control	ASPM	0.5092674279929279	2258	22
hrc_e2f	biological_discriminator	b	HALLMARK_E2F_TARGETS	control	ATG10	0.6894875009075249	5585	23
hrc_e2f	biological_discriminator	b	HALLMARK_E2F_TARGETS	control	ATG5	0.9966904469571156	7799	23
hrc_e2f	biological_discriminator	b	HALLMARK_E2F_TARGETS	control	ATP10A	0.0269391580907006	430	14
hrc_e2f	biological_discriminator	b	HALLMARK_E2F_TARGETS	control	ATP10D	0.07632567259516845	1156	16
hrc_e2f	biological_discriminator	b	HALLMARK_E2F_TARGETS	control	ATP13A3	1.0268714861486232	7873	23
hrc_e2f	biological_discriminator	b	HALLMARK_E2F_TARGETS	control	ATP5ME	0.4465389810076685	4502	22
hrc_e2f	biological_discriminator	b	HALLMARK_E2F_TARGETS	control	ATP7B	0.37240291693587557	3972	21
hrc_e2f	biological_discriminator	b	HALLMARK_E2F_TARGETS	control	ATP9A	2.531316970984339	11685	24
hrc_e2f	biological_discriminator	b	HALLMARK_E2F_TARGETS	control	B3GNT8	0.059369325734620476	837	16
hrc_e2f	biological_discriminator	b	HALLMARK_E2F_TARGETS	control	BABAM1	0.20457769427488223	2628	19
hrc_e2f	biological_discriminator	b	HALLMARK_E2F_TARGETS	control	BACE1	0.07182213984528972	1052	16
hrc_e2f	biological_discriminator	b	HALLMARK_E2F_TARGETS	control	BACH1	0.8058992818010031	6438	23
hrc_e2f	biological_discriminator	b	HALLMARK_E2F_TARGETS	control	BBS12	0.013669843315236746	206	12
hrc_e2f	biological_discriminator	b	HALLMARK_E2F_TARGETS	control	BBS5	0.09817624376647294	1298	17
hrc_e2f	biological_discriminator	b	HALLMARK_E2F_TARGETS	control	BCL11A	1.2939469346034151	8155	24
hrc_e2f	biological_discriminator	b	HALLMARK_E2F_TARGETS	control	BGLAP	0.011964715408038302	188	12
hrc_e2f	biological_discriminator	b	HALLMARK_E2F_TARGETS	control	BLOC1S2	0.0601068743853575	907	16
hrc_e2f	biological_discriminator	b	HALLMARK_E2F_TARGETS	control	BRAT1	0.20738104721676115	2669	19
hrc_e2f	biological_discriminator	b	HALLMARK_E2F_TARGETS	control	BRD2	0.43756487534996147	4524	22
hrc_e2f	biological_discriminator	b	HALLMARK_E2F_TARGETS	control	BROX	0.3120133169151294	3459	21
hrc_e2f	biological_discriminator	b	HALLMARK_E2F_TARGETS	control	BTBD7	0.9913389003323738	7398	23
hrc_e2f	biological_discriminator	b	HALLMARK_E2F_TARGETS	control	C11ORF58	1.0820962119515	8599	23
hrc_e2f	biological_discriminator	b	HALLMARK_E2F_TARGETS	control	C14ORF119	0.2053705233310548	2397	19
hrc_e2f	biological_discriminator	b	HALLMARK_E2F_TARGETS	control	C16ORF87	0.14690125748087896	1847	18
hrc_e2f	biological_discriminator	b	HALLMARK_E2F_TARGETS	control	C18ORF32	0.14399160011263418	1935	18
hrc_e2f	biological_discriminator	b	HALLMARK_E2F_TARGETS	control	C2ORF68	0.1842091586530391	2469	19
hrc_e2f	biological_discriminator	b	HALLMARK_E2F_TARGETS	control	C5ORF24	0.20906756727541626	2560	19
hrc_e2f	biological_discriminator	b	HALLMARK_E2F_TARGETS	control	C9ORF85	0.6375089366540702	5849	22
hrc_e2f	biological_discriminator	b	HALLMARK_E2F_TARGETS	control	CA13	0.404749349419588	3989	21
hrc_e2f	biological_discriminator	b	HALLMARK_E2F_TARGETS	control	CAB39L	0.46436655000145266	4284	22
hrc_e2f	biological_discriminator	b	HALLMARK_E2F_TARGETS	control	CABP1	0.018624897039363278	265	13
hrc_e2f	biological_discriminator	b	HALLMARK_E2F_TARGETS	control	CADM1	0.4079968379193584	3150	21
hrc_e2f	biological_discriminator	b	HALLMARK_E2F_TARGETS	control	CALCOCO1	0.17484600522083377	2342	19
hrc_e2f	biological_discriminator	b	HALLMARK_E2F_TARGETS	control	CALM2	1.6027019521612131	9194	24
hrc_e2f	biological_discriminator	b	HALLMARK_E2F_TARGETS	control	CAPN8	0.7853247147972441	5762	23
hrc_e2f	biological_discriminator	b	HALLMARK_E2F_TARGETS	control	CBLL1	0.23167426178907968	2820	20
hrc_e2f	biological_discriminator	b	HALLMARK_E2F_TARGETS	control	CBY1	0.14277731558765605	1873	18
hrc_e2f	biological_discriminator	b	HALLMARK_E2F_TARGETS	control	CCAR1	1.354467808850303	8859	24
hrc_e2f	biological_discriminator	b	HALLMARK_E2F_TARGETS	control	CCDC150	0.14848402736932928	1346	18
hrc_e2f	biological_discriminator	b	HALLMARK_E2F_TARGETS	control	CCDC167	0.0817760350133204	1127	16
hrc_e2f	biological_discriminator	b	HALLMARK_E2F_TARGETS	control	CCDC186	0.638776623433517	5825	22
hrc_e2f	biological_discriminator	b	HALLMARK_E2F_TARGETS	control	CCDC6	1.493483463983951	8865	24
hrc_e2f	biological_discriminator	b	HALLMARK_E2F_TARGETS	control	CCDC84-DT	0.013110278670513358	203	12
hrc_e2f	biological_discriminator	b	HALLMARK_E2F_TARGETS	control	CCNQ	0.067776524325851	958	16
hrc_e2f	biological_discriminator	b	HALLMARK_E2F_TARGETS	control	CCT4	0.6980115559592708	5850	23
hrc_e2f	biological_discriminator	b	HALLMARK_E2F_TARGETS	control	CCT8	0.475770909105326	4451	22
hrc_e2f	biological_discriminator	b	HALLMARK_E2F_TARGETS	control	CDHR5	0.2209999102947161	2366	20
hrc_e2f	biological_discriminator	b	HALLMARK_E2F_TARGETS	control	CDNF	0.027943357174650706	408	14
hrc_e2f	biological_discriminator	b	HALLMARK_E2F_TARGETS	control	CEACAM7	0.1800071231444219	1515	19
hrc_e2f	biological_discriminator	b	HALLMARK_E2F_TARGETS	control	CEBPA-DT	0.02398677682495325	369	14
hrc_e2f	biological_discriminator	b	HALLMARK_E2F_TARGETS	control	CEL	0.22495477115335757	1668	20
hrc_e2f	biological_discriminator	b	HALLMARK_E2F_TARGETS	control	CELSR3	0.06967624606611975	994	16
hrc_e2f	biological_discriminator	b	HALLMARK_E2F_TARGETS	control	CEP152	0.2986799347325458	2977	20
hrc_e2f	biological_discriminator	b	HALLMARK_E2F_TARGETS	control	CES2	0.7292529316727822	4788	23
hrc_e2f	biological_discriminator	b	HALLMARK_E2F_TARGETS	control	CHD7	3.0745635539920824	12084	24
hrc_e2f	biological_discriminator	b	HALLMARK_E2F_TARGETS	control	CHMP1B	0.21961788442485017	2549	19
hrc_e2f	biological_discriminator	b	HALLMARK_E2F_TARGETS	control	CHRM3-AS2	0.23619968394357735	2362	20
hrc_e2f	biological_discriminator	b	HALLMARK_E2F_TARGETS	control	CHRNB1	0.022832290517434184	346	13
hrc_e2f	biological_discriminator	b	HALLMARK_E2F_TARGETS	control	CKAP5	0.744429804039847	5932	23
hrc_e2f	biological_discriminator	b	HALLMARK_E2F_TARGETS	control	CLINT1	1.0110994539654625	7894	23
hrc_e2f	biological_discriminator	b	HALLMARK_E2F_TARGETS	control	CLUAP1	0.17583346837121974	2192	19
hrc_e2f	biological_discriminator	b	HALLMARK_E2F_TARGETS	control	CNOT7	0.22162849216815408	2610	20
hrc_e2f	biological_discriminator	b	HALLMARK_E2F_TARGETS	control	CNTN3	0.13376045159707645	955	18
hrc_e2f	biological_discriminator	b	HALLMARK_E2F_TARGETS	control	COBL	2.354043962942975	10543	24
hrc_e2f	biological_discriminator	b	HALLMARK_E2F_TARGETS	control	COG4	0.2571174275518409	3141	20
hrc_e2f	biological_discriminator	b	HALLMARK_E2F_TARGETS	control	CORO1B	0.16935634346642447	2065	19
hrc_e2f	biological_discriminator	b	HALLMARK_E2F_TARGETS	control	CORO1C	0.8887202950150596	6556	23
hrc_e2f	biological_discriminator	b	HALLMARK_E2F_TARGETS	control	COX5A	0.8616402691986582	6372	23
hrc_e2f	biological_discriminator	b	HALLMARK_E2F_TARGETS	control	CPE	0.17486150432568084	1178	19
hrc_e2f	biological_discriminator	b	HALLMARK_E2F_TARGETS	control	CREB5	0.4940627875581768	2811	22
hrc_e2f	biological_discriminator	b	HALLMARK_E2F_TARGETS	control	CREBZF	0.4323777561371217	4859	22
hrc_e2f	biological_discriminator	b	HALLMARK_E2F_TARGETS	control	CSF1	0.010900748051555307	221	12
hrc_e2f	biological_discriminator	b	HALLMARK_E2F_TARGETS	control	CSNK1E	0.5133853021154416	5285	22
hrc_e2f	biological_discriminator	b	HALLMARK_E2F_TARGETS	control	CTBS	0.12271311253847247	1708	18
hrc_e2f	biological_discriminator	b	HALLMARK_E2F_TARGETS	control	CTNNBL1	0.8586458427442594	6844	23
hrc_e2f	biological_discriminator	b	HALLMARK_E2F_TARGETS	control	CTSD	0.6613956443861656	6241	23
hrc_e2f	biological_discriminator	b	HALLMARK_E2F_TARGETS	control	CYB561D2.1	0.010527315786266254	167	12
hrc_e2f	biological_discriminator	b	HALLMARK_E2F_TARGETS	control	CYFIP2	0.1357359735277608	1851	18
hrc_e2f	biological_discriminator	b	HALLMARK_E2F_TARGETS	control	CYP2B6	0.15544069763879162	1915	18
hrc_e2f	biological_discriminator	b	HALLMARK_E2F_TARGETS	control	CYP4A22-AS1	0.05400861864035151	735	15
hrc_e2f	biological_discriminator	b	HALLMARK_E2F_TARGETS	control	DAGLA	0.10487796903751151	1436	17
hrc_e2f	biological_discriminator	b	HALLMARK_E2F_TARGETS	control	DBI	0.7434940654829805	5633	23
hrc_e2f	biological_discriminator	b	HALLMARK_E2F_TARGETS	control	DCAF12	0.2118061198584481	2593	19
hrc_e2f	biological_discriminator	b	HALLMARK_E2F_TARGETS	control	DCLRE1A	0.04671944587262998	671	15
hrc_e2f	biological_discriminator	b	HALLMARK_E2F_TARGETS	control	DCP2	0.44086845412089937	4582	22
hrc_e2f	biological_discriminator	b	HALLMARK_E2F_TARGETS	control	DCTN2	0.3471483079965206	3974	21
hrc_e2f	biological_discriminator	b	HALLMARK_E2F_TARGETS	control	DDHD1	0.44589999825315046	4462	22
hrc_e2f	biological_discriminator	b	HALLMARK_E2F_TARGETS	control	DDX21	1.4447131095563088	8340	24
hrc_e2f	biological_discriminator	b	HALLMARK_E2F_TARGETS	control	DEGS1	0.1474609065583797	1914	18
hrc_e2f	biological_discriminator	b	HALLMARK_E2F_TARGETS	control	DENND5B-AS1	0.01572092973476308	225	13
hrc_e2f	biological_discriminator	b	HALLMARK_E2F_TARGETS	control	DGKE	0.2482540147209515	2817	20
hrc_e2f	biological_discriminator	b	HALLMARK_E2F_TARGETS	control	DHRS1	0.1177323101551128	1658	17
hrc_e2f	biological_discriminator	b	HALLMARK_E2F_TARGETS	control	DHRS4L2	0.14887182263090692	1884	18
hrc_e2f	biological_discriminator	b	HALLMARK_E2F_TARGETS	control	DHX37	0.16119701089846486	2113	18
hrc_e2f	biological_discriminator	b	HALLMARK_E2F_TARGETS	control	DNAAF2	0.14137711190024665	1869	18
hrc_e2f	biological_discriminator	b	HALLMARK_E2F_TARGETS	control	DNAH10	0.025524298626773866	377	14
hrc_e2f	biological_discriminator	b	HALLMARK_E2F_TARGETS	control	DNAJC15	1.537504465432252	8622	24
hrc_e2f	biological_discriminator	b	HALLMARK_E2F_TARGETS	control	DNAJC16	0.3130307588320217	3644	21
hrc_e2f	biological_discriminator	b	HALLMARK_E2F_TARGETS	control	DOCK4	0.3849872814677267	3675	21
hrc_e2f	biological_discriminator	b	HALLMARK_E2F_TARGETS	control	DOCK5	1.1203044704933292	7610	24
hrc_e2f	biological_discriminator	b	HALLMARK_E2F_TARGETS	control	DPY19L4	0.677638408288316	5941	23
hrc_e2f	biological_discriminator	b	HALLMARK_E2F_TARGETS	control	DSN1	0.16056388869739216	1888	18
hrc_e2f	biological_discriminator	b	HALLMARK_E2F_TARGETS	control	DTWD1	0.3738159994114293	4255	21
hrc_e2f	biological_discriminator	b	HALLMARK_E2F_TARGETS	control	DYNC1LI1	0.31523676027929304	3510	21
hrc_e2f	biological_discriminator	b	HALLMARK_E2F_TARGETS	control	EEA1	1.5030797813314547	8981	24
hrc_e2f	biological_discriminator	b	HALLMARK_E2F_TARGETS	control	EFCC1	0.013773346118160303	214	12
hrc_e2f	biological_discriminator	b	HALLMARK_E2F_TARGETS	control	EFNA3	0.08984870038001852	1158	17
hrc_e2f	biological_discriminator	b	HALLMARK_E2F_TARGETS	control	EHD3	0.010060516621381577	159	12
hrc_e2f	biological_discriminator	b	HALLMARK_E2F_TARGETS	control	EIF3H	2.755712437398122	11480	24
hrc_e2f	biological_discriminator	b	HALLMARK_E2F_TARGETS	control	ELOVL5	0.4566694270500389	3829	22
hrc_e2f	biological_discriminator	b	HALLMARK_E2F_TARGETS	control	ELP4	1.0624591808020771	7554	23
hrc_e2f	biological_discriminator	b	HALLMARK_E2F_TARGETS	control	EMC8	0.19903988579135842	2540	19
hrc_e2f	biological_discriminator	b	HALLMARK_E2F_TARGETS	control	EMD	0.15960545167610826	1981	18
hrc_e2f	biological_discriminator	b	HALLMARK_E2F_TARGETS	control	EMP2	0.7727505470613767	5666	23
hrc_e2f	biological_discriminator	b	HALLMARK_E2F_TARGETS	control	ENO3	0.01634131851243351	263	13
hrc_e2f	biological_discriminator	b	HALLMARK_E2F_TARGETS	control	EPM2A	0.13270237983609715	1590	18
hrc_e2f	biological_discriminator	b	HALLMARK_E2F_TARGETS	control	ERCC6	0.2556817345129661	3039	20
hrc_e2f	biological_discriminator	b	HALLMARK_E2F_TARGETS	control	ERCC6L	0.03813003283674668	533	15
hrc_e2f	biological_discriminator	b	HALLMARK_E2F_TARGETS	control	ETF1	0.4060126845070704	4265	21
hrc_e2f	biological_discriminator	b	HALLMARK_E2F_TARGETS	control	EXD2	0.13899677771826194	1858	18
hrc_e2f	biological_discriminator	b	HALLMARK_E2F_TARGETS	control	FAAP20	0.17129940396953525	2196	19
hrc_e2f	biological_discriminator	b	HALLMARK_E2F_TARGETS	control	FAM104B	0.05593478315156099	806	15
hrc_e2f	biological_discriminator	b	HALLMARK_E2F_TARGETS	control	FAM110A	0.06570006539972185	966	16
hrc_e2f	biological_discriminator	b	HALLMARK_E2F_TARGETS	control	FAM111A-DT	0.044674092002138115	646	15
hrc_e2f	biological_discriminator	b	HALLMARK_E2F_TARGETS	control	FAM210A	0.2858006880064282	3239	20
hrc_e2f	biological_discriminator	b	HALLMARK_E2F_TARGETS	control	FAM219A	0.15089394539004547	2021	18
hrc_e2f	biological_discriminator	b	HALLMARK_E2F_TARGETS	control	FBL	0.4528242706046174	4030	22
hrc_e2f	biological_discriminator	b	HALLMARK_E2F_TARGETS	control	FBXL17	2.4309627624594263	11205	24
hrc_e2f	biological_discriminator	b	HALLMARK_E2F_TARGETS	control	FBXO46	0.22767720162753055	2747	20
hrc_e2f	biological_discriminator	b	HALLMARK_E2F_TARGETS	control	FBXW11	1.1320948624932619	8328	24
hrc_e2f	biological_discriminator	b	HALLMARK_E2F_TARGETS	control	FIG4	0.30313258250683534	3461	21
hrc_e2f	biological_discriminator	b	HALLMARK_E2F_TARGETS	control	FMOD	0.031190601054357562	470	14
hrc_e2f	biological_discriminator	b	HALLMARK_E2F_TARGETS	control	FN3K	0.07226608501948188	1040	16
hrc_e2f	biological_discriminator	b	HALLMARK_E2F_TARGETS	control	FNTA	0.6200038858762857	5576	22
hrc_e2f	biological_discriminator	b	HALLMARK_E2F_TARGETS	control	FOS	0.6474882886851558	4076	23
hrc_e2f	biological_discriminator	b	HALLMARK_E2F_TARGETS	control	FOXA1	0.059297460369224564	771	16
hrc_e2f	biological_discriminator	b	HALLMARK_E2F_TARGETS	control	FP671120.4	0.06073847722274468	835	16
hrc_e2f	biological_discriminator	b	HALLMARK_E2F_TARGETS	control	FUNDC1	0.05211467538218607	739	15
hrc_e2f	biological_discriminator	b	HALLMARK_E2F_TARGETS	control	FUT10	0.28090524644420906	2935	20
hrc_e2f	biological_discriminator	b	HALLMARK_E2F_TARGETS	control	GABPA	0.1980309427525432	2478	19
hrc_e2f	biological_discriminator	b	HALLMARK_E2F_TARGETS	control	GALNT5	0.436858330141396	3704	22
hrc_e2f	biological_discriminator	b	HALLMARK_E2F_TARGETS	control	GAS2L1	0.01998250515853095	329	13
hrc_e2f	biological_discriminator	b	HALLMARK_E2F_TARGETS	control	GDAP2	0.35609848494346225	4082	21
hrc_e2f	biological_discriminator	b	HALLMARK_E2F_TARGETS	control	GGACT	0.017521832152029234	274	13
hrc_e2f	biological_discriminator	b	HALLMARK_E2F_TARGETS	control	GIT1	0.19399395972458655	2434	19
hrc_e2f	biological_discriminator	b	HALLMARK_E2F_TARGETS	control	GMCL1	0.5018378093506392	4888	22
hrc_e2f	biological_discriminator	b	HALLMARK_E2F_TARGETS	control	GNGT1	2.822681198427497	10457	24
hrc_e2f	biological_discriminator	b	HALLMARK_E2F_TARGETS	control	GPATCH11	0.05395846394917996	790	15
hrc_e2f	biological_discriminator	b	HALLMARK_E2F_TARGETS	control	GPC3	0.13508077483798525	1018	18
hrc_e2f	biological_discriminator	b	HALLMARK_E2F_TARGETS	control	GRID1	0.012418596168589093	168	12
hrc_e2f	biological_discriminator	b	HALLMARK_E2F_TARGETS	control	GRIN2C	0.017171369481946776	240	13
hrc_e2f	biological_discriminator	b	HALLMARK_E2F_TARGETS	control	GRM3	0.010651989871211017	163	12
hrc_e2f	biological_discriminator	b	HALLMARK_E2F_TARGETS	control	GRPEL1	0.11596345531031237	1491	17
hrc_e2f	biological_discriminator	b	HALLMARK_E2F_TARGETS	control	GSTM4	0.05460398596226214	789	15
hrc_e2f	biological_discriminator	b	HALLMARK_E2F_TARGETS	control	GSTO1	0.26947759731731796	3117	20
hrc_e2f	biological_discriminator	b	HALLMARK_E2F_TARGETS	control	GTF2H1	0.32178244176404797	3703	21
hrc_e2f	biological_discriminator	b	HALLMARK_E2F_TARGETS	control	HAUS1	0.09009960952961708	1229	17
hrc_e2f	biological_discriminator	b	HALLMARK_E2F_TARGETS	control	HBB	0.01606923784439102	269	13
hrc_e2f	biological_discriminator	b	HALLMARK_E2F_TARGETS	control	HDGFL3	0.10881676005658114	1271	17
hrc_e2f	biological_discriminator	b	HALLMARK_E2F_TARGETS	control	HEATR5A	0.4390683872604875	4496	22
hrc_e2f	biological_discriminator	b	HALLMARK_E2F_TARGETS	control	HIST1H1C	0.23535438167050252	2488	20
hrc_e2f	biological_discriminator	b	HALLMARK_E2F_TARGETS	control	HIST1H2AE	0.05060621857218675	690	15
hrc_e2f	biological_discriminator	b	HALLMARK_E2F_TARGETS	control	HMGN5	0.08773438159363121	1119	17
hrc_e2f	biological_discriminator	b	HALLMARK_E2F_TARGETS	control	HOMER3	0.030022122867364005	453	14
hrc_e2f	biological_discriminator	b	HALLMARK_E2F_TARGETS	control	HORMAD1	0.04941294087938582	559	15
hrc_e2f	biological_discriminator	b	HALLMARK_E2F_TARGETS	control	HOXC8	0.012798111211189475	130	12
hrc_e2f	biological_discriminator	b	HALLMARK_E2F_TARGETS	control	HPDL	0.08006707170602463	1117	16
hrc_e2f	biological_discriminator	b	HALLMARK_E2F_TARGETS	control	HPF1	0.09175771506485425	1233	17
hrc_e2f	biological_discriminator	b	HALLMARK_E2F_TARGETS	control	HSBP1L1	0.14151927825624033	1904	18
hrc_e2f	biological_discriminator	b	HALLMARK_E2F_TARGETS	control	HSCB	0.1287256341039655	1687	18
hrc_e2f	biological_discriminator	b	HALLMARK_E2F_TARGETS	control	HSPG2	0.3208921768692267	3532	21
hrc_e2f	biological_discriminator	b	HALLMARK_E2F_TARGETS	control	HTR2B	0.02620273569558188	404	14
hrc_e2f	biological_discriminator	b	HALLMARK_E2F_TARGETS	control	IDUA	0.05917902225199741	885	16
hrc_e2f	biological_discriminator	b	HALLMARK_E2F_TARGETS	control	IFI27L2	0.0656373914806137	942	16
hrc_e2f	biological_discriminator	b	HALLMARK_E2F_TARGETS	control	IFIT3	0.08748512565162612	840	17
hrc_e2f	biological_discriminator	b	HALLMARK_E2F_TARGETS	control	IGF2BP1	0.10333392357452428	1009	17
hrc_e2f	biological_discriminator	b	HALLMARK_E2F_TARGETS	control	IMPA1	0.26054069531076346	3035	20
hrc_e2f	biological_discriminator	b	HALLMARK_E2F_TARGETS	control	INPP5J	0.034102636215665796	507	14
hrc_e2f	biological_discriminator	b	HALLMARK_E2F_TARGETS	control	INVS	1.0814199070956132	7537	23
hrc_e2f	biological_discriminator	b	HALLMARK_E2F_TARGETS	control	IRAK2	0.16209875895926895	1715	19
hrc_e2f	biological_discriminator	b	HALLMARK_E2F_TARGETS	control	IRAK3	0.03281322026799821	635	14
hrc_e2f	biological_discriminator	b	HALLMARK_E2F_TARGETS	control	IRS2	0.7692384323961247	5995	23
hrc_e2f	biological_discriminator	b	HALLMARK_E2F_TARGETS	control	ITPK1-AS1	0.02042037792942708	304	13
hrc_e2f	biological_discriminator	b	HALLMARK_E2F_TARGETS	control	IZUMO2	0.017809546487500705	261	13
hrc_e2f	biological_discriminator	b	HALLMARK_E2F_TARGETS	control	KCNK10	0.03225304872249926	444	14
hrc_e2f	biological_discriminator	b	HALLMARK_E2F_TARGETS	control	KCNK15	0.017892630232515996	267	13
hrc_e2f	biological_discriminator	b	HALLMARK_E2F_TARGETS	control	KCTD2	0.07046520010775252	1011	16
hrc_e2f	biological_discriminator	b	HALLMARK_E2F_TARGETS	control	KCTD21-AS1	0.044641919534131484	653	15
hrc_e2f	biological_discriminator	b	HALLMARK_E2F_TARGETS	control	KDM4C	2.1308417862925886	11106	24
hrc_e2f	biological_discriminator	b	HALLMARK_E2F_TARGETS	control	KIAA0040	0.1037347832330127	1364	17
hrc_e2f	biological_discriminator	b	HALLMARK_E2F_TARGETS	control	KIAA0513	0.06389180431988886	964	16
hrc_e2f	biological_discriminator	b	HALLMARK_E2F_TARGETS	control	KIAA0586	0.4391816943107612	4182	22
hrc_e2f	biological_discriminator	b	HALLMARK_E2F_TARGETS	control	KIF9	0.15218899951331732	1947	18
hrc_e2f	biological_discriminator	b	HALLMARK_E2F_TARGETS	control	KIFAP3	0.5295960099590329	5129	22
hrc_e2f	biological_discriminator	b	HALLMARK_E2F_TARGETS	control	KLC1	0.7309162098107139	6692	23
hrc_e2f	biological_discriminator	b	HALLMARK_E2F_TARGETS	control	KLHL28	0.4424852569528141	4612	22
hrc_e2f	biological_discriminator	b	HALLMARK_E2F_TARGETS	control	KPNA5	0.3013799233002906	3451	21
hrc_e2f	biological_discriminator	b	HALLMARK_E2F_TARGETS	control	KRR1	0.3711116732831114	3901	21
hrc_e2f	biological_discriminator	b	HALLMARK_E2F_TARGETS	control	KTN1-AS1	0.08622931626520818	1106	17
hrc_e2f	biological_discriminator	b	HALLMARK_E2F_TARGETS	control	LANCL3	0.08449075419102776	950	17
hrc_e2f	biological_discriminator	b	HALLMARK_E2F_TARGETS	control	LHFPL3	0.07834800642787261	981	16
hrc_e2f	biological_discriminator	b	HALLMARK_E2F_TARGETS	control	LIMK2	0.806554460904907	6477	23
hrc_e2f	biological_discriminator	b	HALLMARK_E2F_TARGETS	control	LINC00456	0.015159775680006135	235	13
hrc_e2f	biological_discriminator	b	HALLMARK_E2F_TARGETS	control	LINC00470	0.2626434244097743	2059	20
hrc_e2f	biological_discriminator	b	HALLMARK_E2F_TARGETS	control	LINC00511	3.676127179698525	10502	24
hrc_e2f	biological_discriminator	b	HALLMARK_E2F_TARGETS	control	LINC00861	0.04856987326385445	714	15
hrc_e2f	biological_discriminator	b	HALLMARK_E2F_TARGETS	control	LINC00997	0.014433423400081606	229	12
hrc_e2f	biological_discriminator	b	HALLMARK_E2F_TARGETS	control	LINC01232	0.03182173355342491	476	14
hrc_e2f	biological_discriminator	b	HALLMARK_E2F_TARGETS	control	LINC01331	0.03305832156757324	436	14
hrc_e2f	biological_discriminator	b	HALLMARK_E2F_TARGETS	control	LINC01508	0.017822047363804067	213	13
hrc_e2f	biological_discriminator	b	HALLMARK_E2F_TARGETS	control	LINC01611	0.06484795054547066	708	16
hrc_e2f	biological_discriminator	b	HALLMARK_E2F_TARGETS	control	LINC01725	0.12070360367026174	1072	18
hrc_e2f	biological_discriminator	b	HALLMARK_E2F_TARGETS	control	LINC01814	0.2363220302975519	2838	20
hrc_e2f	biological_discriminator	b	HALLMARK_E2F_TARGETS	control	LINC01833	0.016280791624562342	225	13
hrc_e2f	biological_discriminator	b	HALLMARK_E2F_TARGETS	control	LINC01901	0.020988194140815503	263	13
hrc_e2f	biological_discriminator	b	HALLMARK_E2F_TARGETS	control	LINC02208	0.010112746744869543	118	12
hrc_e2f	biological_discriminator	b	HALLMARK_E2F_TARGETS	control	LINC02363	0.03137294045691415	479	14
hrc_e2f	biological_discriminator	b	HALLMARK_E2F_TARGETS	control	LINC02576	0.04173861508128476	595	15
hrc_e2f	biological_discriminator	b	HALLMARK_E2F_TARGETS	control	LINC02595	0.21612138148436447	2273	19
hrc_e2f	biological_discriminator	b	HALLMARK_E2F_TARGETS	control	LINC02754	0.03695950152775843	561	14
hrc_e2f	biological_discriminator	b	HALLMARK_E2F_TARGETS	control	LINC02763	0.02769423414642345	363	14
hrc_e2f	biological_discriminator	b	HALLMARK_E2F_TARGETS	control	LIPA	0.143881199266482	2062	18
hrc_e2f	biological_discriminator	b	HALLMARK_E2F_TARGETS	control	LMF1	0.24157324351416407	2913	20
hrc_e2f	biological_discriminator	b	HALLMARK_E2F_TARGETS	control	LMO3	0.03506759426209388	491	14
hrc_e2f	biological_discriminator	b	HALLMARK_E2F_TARGETS	control	LMO4	0.16445183412084816	1981	19
hrc_e2f	biological_discriminator	b	HALLMARK_E2F_TARGETS	control	LMTK2	1.2773021089344843	8942	24
hrc_e2f	biological_discriminator	b	HALLMARK_E2F_TARGETS	control	LRCH1	2.16601011162807	10866	24
hrc_e2f	biological_discriminator	b	HALLMARK_E2F_TARGETS	control	LRIG1	0.6610092695499239	5506	23
hrc_e2f	biological_discriminator	b	HALLMARK_E2F_TARGETS	control	LRR1	0.1244976000742936	1595	18
hrc_e2f	biological_discriminator	b	HALLMARK_E2F_TARGETS	control	LY6G6D	0.4570664873731689	3057	22
hrc_e2f	biological_discriminator	b	HALLMARK_E2F_TARGETS	control	LYRM2	0.16730910439845398	2098	19
hrc_e2f	biological_discriminator	b	HALLMARK_E2F_TARGETS	control	MAP11	0.03398686935962851	527	14
hrc_e2f	biological_discriminator	b	HALLMARK_E2F_TARGETS	control	MAPK1	0.6866808871101776	6178	23
hrc_e2f	biological_discriminator	b	HALLMARK_E2F_TARGETS	control	MCAT	0.07037987300015089	995	16
hrc_e2f	biological_discriminator	b	HALLMARK_E2F_TARGETS	control	ME2	0.29277563248674615	3380	20
hrc_e2f	biological_discriminator	b	HALLMARK_E2F_TARGETS	control	MED7	0.08390360693100858	1174	17
hrc_e2f	biological_discriminator	b	HALLMARK_E2F_TARGETS	control	METTL9	0.28247715588685623	3341	20
hrc_e2f	biological_discriminator	b	HALLMARK_E2F_TARGETS	control	MFSD13A	0.06789172703392228	981	16
hrc_e2f	biological_discriminator	b	HALLMARK_E2F_TARGETS	control	MGA	0.6095646228339919	5705	22
hrc_e2f	biological_discriminator	b	HALLMARK_E2F_TARGETS	control	MGAM2	0.45402777445547915	3142	22
hrc_e2f	biological_discriminator	b	HALLMARK_E2F_TARGETS	control	MINDY3	0.6223642517315664	5694	22
hrc_e2f	biological_discriminator	b	HALLMARK_E2F_TARGETS	control	MIPOL1	0.6676665585064545	4665	23
hrc_e2f	biological_discriminator	b	HALLMARK_E2F_TARGETS	control	MIR155HG	0.014592496211160176	285	12
hrc_e2f	biological_discriminator	b	HALLMARK_E2F_TARGETS	control	MIR193BHG	0.04464269533275896	629	15
hrc_e2f	biological_discriminator	b	HALLMARK_E2F_TARGETS	control	MKNK1	0.23651764760369437	3074	20
hrc_e2f	biological_discriminator	b	HALLMARK_E2F_TARGETS	control	MKNK2	0.24607991905288013	2795	20
hrc_e2f	biological_discriminator	b	HALLMARK_E2F_TARGETS	control	MLANA	0.014334994056728343	220	12
hrc_e2f	biological_discriminator	b	HALLMARK_E2F_TARGETS	control	MMP24OS	0.764597987378813	6802	23
hrc_e2f	biological_discriminator	b	HALLMARK_E2F_TARGETS	control	MORC4	0.2643360595870219	2771	20
hrc_e2f	biological_discriminator	b	HALLMARK_E2F_TARGETS	control	MOSPD3	0.046934599867914865	696	15
hrc_e2f	biological_discriminator	b	HALLMARK_E2F_TARGETS	control	MRPL1	0.4805187555585558	4701	22
hrc_e2f	biological_discriminator	b	HALLMARK_E2F_TARGETS	control	MRPL20-AS1	0.03841808825327311	584	15
hrc_e2f	biological_discriminator	b	HALLMARK_E2F_TARGETS	control	MRPL37	0.1776821321971681	2156	19
hrc_e2f	biological_discriminator	b	HALLMARK_E2F_TARGETS	control	MSH3	0.8945219731173019	7220	23
hrc_e2f	biological_discriminator	b	HALLMARK_E2F_TARGETS	control	MSRB1	0.06712410768166015	914	16
hrc_e2f	biological_discriminator	b	HALLMARK_E2F_TARGETS	control	MTHFS	0.24259073834325745	2925	20
hrc_e2f	biological_discriminator	b	HALLMARK_E2F_TARGETS	control	MTMR8	0.3093956237290843	3370	21
hrc_e2f	biological_discriminator	b	HALLMARK_E2F_TARGETS	control	MTREX	0.8732350501325207	7083	23
hrc_e2f	biological_discriminator	b	HALLMARK_E2F_TARGETS	control	MTX2	1.1914355153891243	8354	24
hrc_e2f	biological_discriminator	b	HALLMARK_E2F_TARGETS	control	MYCBP2-AS1	0.23521244489422066	2803	20
hrc_e2f	biological_discriminator	b	HALLMARK_E2F_TARGETS	control	MYDGF	0.6641020490761439	5507	23
hrc_e2f	biological_discriminator	b	HALLMARK_E2F_TARGETS	control	MZF1-AS1	0.051015800122608895	766	15
hrc_e2f	biological_discriminator	b	HALLMARK_E2F_TARGETS	control	N4BP2L2-IT2	0.05489168427961368	819	15
hrc_e2f	biological_discriminator	b	HALLMARK_E2F_TARGETS	control	N4BP3	0.013628193537443848	206	12
hrc_e2f	biological_discriminator	b	HALLMARK_E2F_TARGETS	control	NAA35	0.9163124815417945	7550	23
hrc_e2f	biological_discriminator	b	HALLMARK_E2F_TARGETS	control	NADSYN1	0.3760387332198605	4395	21
hrc_e2f	biological_discriminator	b	HALLMARK_E2F_TARGETS	control	NAXE	0.23808954761397463	2682	20
hrc_e2f	biological_discriminator	b	HALLMARK_E2F_TARGETS	control	NBR2	0.3360794864697783	3911	21
hrc_e2f	biological_discriminator	b	HALLMARK_E2F_TARGETS	control	NCOA3	1.7689282727056077	9988	24
hrc_e2f	biological_discriminator	b	HALLMARK_E2F_TARGETS	control	NCS1	0.0663623669840899	938	16
hrc_e2f	biological_discriminator	b	HALLMARK_E2F_TARGETS	control	NDE1	0.2751753225013199	3076	20
hrc_e2f	biological_discriminator	b	HALLMARK_E2F_TARGETS	control	NDUFA2	0.22975969061025572	2596	20
hrc_e2f	biological_discriminator	b	HALLMARK_E2F_TARGETS	control	NEK7	1.4008930913475248	9101	24
hrc_e2f	biological_discriminator	b	HALLMARK_E2F_TARGETS	control	NETO2	0.4464531757244208	3000	22
hrc_e2f	biological_discriminator	b	HALLMARK_E2F_TARGETS	control	NEU4	0.02189881651634886	333	13
hrc_e2f	biological_discriminator	b	HALLMARK_E2F_TARGETS	control	NFKB1	0.7308201950195395	6227	23
hrc_e2f	biological_discriminator	b	HALLMARK_E2F_TARGETS	control	NFKBIZ	0.41909730301499654	3916	21
hrc_e2f	biological_discriminator	b	HALLMARK_E2F_TARGETS	control	NIBAN1	0.014789691986701608	602	12
hrc_e2f	biological_discriminator	b	HALLMARK_E2F_TARGETS	control	NID1	0.038746468597502665	617	15
hrc_e2f	biological_discriminator	b	HALLMARK_E2F_TARGETS	control	NIT2	0.20101710226349803	2562	19
hrc_e2f	biological_discriminator	b	HALLMARK_E2F_TARGETS	control	NKTR	1.7964107557294422	10780	24
hrc_e2f	biological_discriminator	b	HALLMARK_E2F_TARGETS	control	NOXRED1	0.03435821924957809	497	14
hrc_e2f	biological_discriminator	b	HALLMARK_E2F_TARGETS	control	NPAS1	0.011745683279674287	183	12
hrc_e2f	biological_discriminator	b	HALLMARK_E2F_TARGETS	control	NPM3	0.09146052590762224	1215	17
hrc_e2f	biological_discriminator	b	HALLMARK_E2F_TARGETS	control	NRP1	0.07542126585420009	1170	16
hrc_e2f	biological_discriminator	b	HALLMARK_E2F_TARGETS	control	NSD3	1.3202235803005293	9194	24
hrc_e2f	biological_discriminator	b	HALLMARK_E2F_TARGETS	control	NSMCE2	3.879070642981642	12755	24
hrc_e2f	biological_discriminator	b	HALLMARK_E2F_TARGETS	control	NSUN4	0.16036635879663394	2140	18
hrc_e2f	biological_discriminator	b	HALLMARK_E2F_TARGETS	control	NUCKS1	1.2506395558092964	7747	24
hrc_e2f	biological_discriminator	b	HALLMARK_E2F_TARGETS	control	NUDT12	0.1107620942993982	1461	17
hrc_e2f	biological_discriminator	b	HALLMARK_E2F_TARGETS	control	NXPH1	0.2699391360162714	1838	20
hrc_e2f	biological_discriminator	b	HALLMARK_E2F_TARGETS	control	ODF3B	0.03261891443549272	522	14
hrc_e2f	biological_discriminator	b	HALLMARK_E2F_TARGETS	control	OGFOD2	0.037248599744467065	561	15
hrc_e2f	biological_discriminator	b	HALLMARK_E2F_TARGETS	control	OSGEP	0.3065260830586932	3448	21
hrc_e2f	biological_discriminator	b	HALLMARK_E2F_TARGETS	control	OSTM1	0.27572018639518125	3184	20
hrc_e2f	biological_discriminator	b	HALLMARK_E2F_TARGETS	control	OTOGL	0.02614472351944548	369	14
hrc_e2f	biological_discriminator	b	HALLMARK_E2F_TARGETS	control	OTUD6B	0.5021907078146783	5080	22
hrc_e2f	biological_discriminator	b	HALLMARK_E2F_TARGETS	control	OVGP1	0.02695430569023543	404	14
hrc_e2f	biological_discriminator	b	HALLMARK_E2F_TARGETS	control	OXER1	0.017139946675716118	257	13
hrc_e2f	biological_discriminator	b	HALLMARK_E2F_TARGETS	control	PAIP2B	0.05740519095363701	799	15
hrc_e2f	biological_discriminator	b	HALLMARK_E2F_TARGETS	control	PAM16	0.2626476245695219	3043	20
hrc_e2f	biological_discriminator	b	HALLMARK_E2F_TARGETS	control	PAQR3	0.12299040010543	1687	18
hrc_e2f	biological_discriminator	b	HALLMARK_E2F_TARGETS	control	PAQR6	0.018654295462002448	281	13
hrc_e2f	biological_discriminator	b	HALLMARK_E2F_TARGETS	control	PASK	0.07624379178668862	1096	16
hrc_e2f	biological_discriminator	b	HALLMARK_E2F_TARGETS	control	PCCA	4.4725941233032005	13180	24
hrc_e2f	biological_discriminator	b	HALLMARK_E2F_TARGETS	control	PDE10A	0.34333205155990554	1292	21
hrc_e2f	biological_discriminator	b	HALLMARK_E2F_TARGETS	control	PDE11A	0.059250701516466504	765	16
hrc_e2f	biological_discriminator	b	HALLMARK_E2F_TARGETS	control	PDLIM7	0.04469025763050385	684	15
hrc_e2f	biological_discriminator	b	HALLMARK_E2F_TARGETS	control	PGAM5	0.09303262727951163	1208	17
hrc_e2f	biological_discriminator	b	HALLMARK_E2F_TARGETS	control	PGGHG	0.4476144211126503	3930	22
hrc_e2f	biological_discriminator	b	HALLMARK_E2F_TARGETS	control	PHACTR1	0.10904406205905236	1160	17
hrc_e2f	biological_discriminator	b	HALLMARK_E2F_TARGETS	control	PIAS2	0.4980619939234804	5063	22
hrc_e2f	biological_discriminator	b	HALLMARK_E2F_TARGETS	control	PIDD1	0.057893637252915735	864	16
hrc_e2f	biological_discriminator	b	HALLMARK_E2F_TARGETS	control	PIGC	0.15037409357972767	1935	18
hrc_e2f	biological_discriminator	b	HALLMARK_E2F_TARGETS	control	PIGV	0.04573014489312748	698	15
hrc_e2f	biological_discriminator	b	HALLMARK_E2F_TARGETS	control	PIGZ	0.5697947130993178	4818	22
hrc_e2f	biological_discriminator	b	HALLMARK_E2F_TARGETS	control	PIP5K1B	3.2801086449877923	11741	24
hrc_e2f	biological_discriminator	b	HALLMARK_E2F_TARGETS	control	PKM	1.3075361971245616	8176	24
hrc_e2f	biological_discriminator	b	HALLMARK_E2F_TARGETS	control	PKP4	2.8674731815923886	10623	24
hrc_e2f	biological_discriminator	b	HALLMARK_E2F_TARGETS	control	PLA2G4B	0.03785132249325441	587	15
hrc_e2f	biological_discriminator	b	HALLMARK_E2F_TARGETS	control	PLAAT3	0.33283647851297854	2540	21
hrc_e2f	biological_discriminator	b	HALLMARK_E2F_TARGETS	control	PLBD1-AS1	0.20729224120694167	2451	19
hrc_e2f	biological_discriminator	b	HALLMARK_E2F_TARGETS	control	PLCB3	0.09978026573495198	1368	17
hrc_e2f	biological_discriminator	b	HALLMARK_E2F_TARGETS	control	PLD5	0.0753938555736081	498	16
hrc_e2f	biological_discriminator	b	HALLMARK_E2F_TARGETS	control	PLEKHG5	0.08095552815519169	1152	16
hrc_e2f	biological_discriminator	b	HALLMARK_E2F_TARGETS	control	PLXNC1	0.016195291491208727	633	13
hrc_e2f	biological_discriminator	b	HALLMARK_E2F_TARGETS	control	POGLUT3	0.09748397046826113	1273	17
hrc_e2f	biological_discriminator	b	HALLMARK_E2F_TARGETS	control	POLR1E	0.07296256151463826	1027	16
hrc_e2f	biological_discriminator	b	HALLMARK_E2F_TARGETS	control	POP1	0.22219161482737163	2559	20
hrc_e2f	biological_discriminator	b	HALLMARK_E2F_TARGETS	control	PPP1R12B	1.3503198470373265	8795	24
hrc_e2f	biological_discriminator	b	HALLMARK_E2F_TARGETS	control	PPP1R14C	0.31444172343827076	3154	21
hrc_e2f	biological_discriminator	b	HALLMARK_E2F_TARGETS	control	PPP2R1A	0.3914830676508079	4102	21
hrc_e2f	biological_discriminator	b	HALLMARK_E2F_TARGETS	control	PPP2R3B	0.1122093629409611	1543	17
hrc_e2f	biological_discriminator	b	HALLMARK_E2F_TARGETS	control	PRDX3	0.22581795464301282	2602	20
hrc_e2f	biological_discriminator	b	HALLMARK_E2F_TARGETS	control	PRKAA1	0.5585185033822769	5559	22
hrc_e2f	biological_discriminator	b	HALLMARK_E2F_TARGETS	control	PRLR	0.7709508367016346	5477	23
hrc_e2f	biological_discriminator	b	HALLMARK_E2F_TARGETS	control	PROX1-AS1	0.1861107513216378	1711	19
hrc_e2f	biological_discriminator	b	HALLMARK_E2F_TARGETS	control	PRR7-AS1	0.04575369561200314	660	15
hrc_e2f	biological_discriminator	b	HALLMARK_E2F_TARGETS	control	PRRC2B	1.387633333245492	9729	24
hrc_e2f	biological_discriminator	b	HALLMARK_E2F_TARGETS	control	PRRG1	0.41176980676161934	3794	21
hrc_e2f	biological_discriminator	b	HALLMARK_E2F_TARGETS	control	PRSS3	1.3883537672857067	8611	24
hrc_e2f	biological_discriminator	b	HALLMARK_E2F_TARGETS	control	PRXL2B	0.08685607079957998	1174	17
hrc_e2f	biological_discriminator	b	HALLMARK_E2F_TARGETS	control	PSMA2	0.5614828311106546	5020	22
hrc_e2f	biological_discriminator	b	HALLMARK_E2F_TARGETS	control	PSMC5	0.2282254163344996	2420	20
hrc_e2f	biological_discriminator	b	HALLMARK_E2F_TARGETS	control	PSME2	0.6353825076830903	4986	22
hrc_e2f	biological_discriminator	b	HALLMARK_E2F_TARGETS	control	PSMF1	0.8011692856832342	6942	23
hrc_e2f	biological_discriminator	b	HALLMARK_E2F_TARGETS	control	PSPC1	1.5503157656668969	9883	24
hrc_e2f	biological_discriminator	b	HALLMARK_E2F_TARGETS	control	PTCD2	0.095330904127917	1272	17
hrc_e2f	biological_discriminator	b	HALLMARK_E2F_TARGETS	control	PTPN2	0.6769679316564277	6211	23
hrc_e2f	biological_discriminator	b	HALLMARK_E2F_TARGETS	control	RAB20	0.25880050412517974	3090	20
hrc_e2f	biological_discriminator	b	HALLMARK_E2F_TARGETS	control	RAB9A	0.21619222905293423	2587	19
hrc_e2f	biological_discriminator	b	HALLMARK_E2F_TARGETS	control	RABL2A	0.10344564932202392	1499	17
hrc_e2f	biological_discriminator	b	HALLMARK_E2F_TARGETS	control	RAPGEFL1	0.3009471374594861	3403	21
hrc_e2f	biological_discriminator	b	HALLMARK_E2F_TARGETS	control	RAPH1	0.7167478909821754	6325	23
hrc_e2f	biological_discriminator	b	HALLMARK_E2F_TARGETS	control	RASGEF1B	0.4314401403909078	3550	22
hrc_e2f	biological_discriminator	b	HALLMARK_E2F_TARGETS	control	RASGRF2	0.1168892763712588	1129	17
hrc_e2f	biological_discriminator	b	HALLMARK_E2F_TARGETS	control	RASGRP3	0.03052703173389218	588	14
hrc_e2f	biological_discriminator	b	HALLMARK_E2F_TARGETS	control	RBSN	0.16279293754887245	2133	19
hrc_e2f	biological_discriminator	b	HALLMARK_E2F_TARGETS	control	RFT1	0.18524983501261552	2355	19
hrc_e2f	biological_discriminator	b	HALLMARK_E2F_TARGETS	control	RFTN1	0.017313240283004256	776	13
hrc_e2f	biological_discriminator	b	HALLMARK_E2F_TARGETS	control	RHNO1	0.03942697105077694	568	15
hrc_e2f	biological_discriminator	b	HALLMARK_E2F_TARGETS	control	RHOBTB2	0.023357525835538226	348	13
hrc_e2f	biological_discriminator	b	HALLMARK_E2F_TARGETS	control	RHPN1	0.130000586359734	1705	18
hrc_e2f	biological_discriminator	b	HALLMARK_E2F_TARGETS	control	RIN1	0.03873045826562897	572	15
hrc_e2f	biological_discriminator	b	HALLMARK_E2F_TARGETS	control	RIN3	0.27458117964875106	3327	20
hrc_e2f	biological_discriminator	b	HALLMARK_E2F_TARGETS	control	RNF170	0.4535875178804206	4590	22
hrc_e2f	biological_discriminator	b	HALLMARK_E2F_TARGETS	control	RNF207	0.11478540797997273	1560	17
hrc_e2f	biological_discriminator	b	HALLMARK_E2F_TARGETS	control	ROR1	0.14703123213962024	794	18
hrc_e2f	biological_discriminator	b	HALLMARK_E2F_TARGETS	control	RPA4	0.034239226247929334	528	14
hrc_e2f	biological_discriminator	b	HALLMARK_E2F_TARGETS	control	RPIA	0.43734730407339695	4522	22
hrc_e2f	biological_discriminator	b	HALLMARK_E2F_TARGETS	control	RSPO2	0.13372775262774916	413	18
hrc_e2f	biological_discriminator	b	HALLMARK_E2F_TARGETS	control	RSRC2	0.6520776252839205	6198	23
hrc_e2f	biological_discriminator	b	HALLMARK_E2F_TARGETS	control	RUFY3	0.6448424893317144	5908	23
hrc_e2f	biological_discriminator	b	HALLMARK_E2F_TARGETS	control	RUSC1	0.08550557333135272	1193	17
hrc_e2f	biological_discriminator	b	HALLMARK_E2F_TARGETS	control	RYR2	0.04857860854980214	674	15
hrc_e2f	biological_discriminator	b	HALLMARK_E2F_TARGETS	control	SAE1	0.39047360005463005	3963	21
hrc_e2f	biological_discriminator	b	HALLMARK_E2F_TARGETS	control	SAP30L	0.08981129160171016	1291	17
hrc_e2f	biological_discriminator	b	HALLMARK_E2F_TARGETS	control	SATB2	7.308253426697488	12781	24
hrc_e2f	biological_discriminator	b	HALLMARK_E2F_TARGETS	control	SBF2	3.859816172969024	13167	24
hrc_e2f	biological_discriminator	b	HALLMARK_E2F_TARGETS	control	SBF2-AS1	0.20349954133165132	2462	19
hrc_e2f	biological_discriminator	b	HALLMARK_E2F_TARGETS	control	SBK1	0.03842341636641856	566	15
hrc_e2f	biological_discriminator	b	HALLMARK_E2F_TARGETS	control	SCN9A	0.013760330903302002	243	12
hrc_e2f	biological_discriminator	b	HALLMARK_E2F_TARGETS	control	SDF2	0.22256400688456007	2807	20
hrc_e2f	biological_discriminator	b	HALLMARK_E2F_TARGETS	control	SDR16C5	0.06582221754620836	735	16
hrc_e2f	biological_discriminator	b	HALLMARK_E2F_TARGETS	control	SECISBP2L	0.4122907704737055	4413	21
hrc_e2f	biological_discriminator	b	HALLMARK_E2F_TARGETS	control	SECTM1	0.03335183987507884	430	14
hrc_e2f	biological_discriminator	b	HALLMARK_E2F_TARGETS	control	SEMA7A	0.03432635844844723	359	14
hrc_e2f	biological_discriminator	b	HALLMARK_E2F_TARGETS	control	SERINC5	3.0690782845068667	12049	24
hrc_e2f	biological_discriminator	b	HALLMARK_E2F_TARGETS	control	SERP1	0.6915118513320885	6271	23
hrc_e2f	biological_discriminator	b	HALLMARK_E2F_TARGETS	control	SERPINB6	0.5095697732535137	4763	22
hrc_e2f	biological_discriminator	b	HALLMARK_E2F_TARGETS	control	SFMBT1	0.9811620980983324	7427	23
hrc_e2f	biological_discriminator	b	HALLMARK_E2F_TARGETS	control	SH2B1	0.1405898364168525	1981	18
hrc_e2f	biological_discriminator	b	HALLMARK_E2F_TARGETS	control	SH3BGR	0.02200367323529736	315	13
hrc_e2f	biological_discriminator	b	HALLMARK_E2F_TARGETS	control	SHH	0.0514082476218386	717	15
hrc_e2f	biological_discriminator	b	HALLMARK_E2F_TARGETS	control	SLC16A2	0.011268599457553876	172	12
hrc_e2f	biological_discriminator	b	HALLMARK_E2F_TARGETS	control	SLC16A5	0.14066103608062117	1890	18
hrc_e2f	biological_discriminator	b	HALLMARK_E2F_TARGETS	control	SLC25A1	0.172365770344285	2043	19
hrc_e2f	biological_discriminator	b	HALLMARK_E2F_TARGETS	control	SLC25A20	0.05878440688652583	852	16
hrc_e2f	biological_discriminator	b	HALLMARK_E2F_TARGETS	control	SLC25A37	0.4204577710569093	4410	21
hrc_e2f	biological_discriminator	b	HALLMARK_E2F_TARGETS	control	SLC27A1	0.10144286027734445	1409	17
hrc_e2f	biological_discriminator	b	HALLMARK_E2F_TARGETS	control	SLC27A2	0.23565895464398148	2624	20
hrc_e2f	biological_discriminator	b	HALLMARK_E2F_TARGETS	control	SLC28A3	0.09869082865902527	1003	17
hrc_e2f	biological_discriminator	b	HALLMARK_E2F_TARGETS	control	SLC2A14	0.030514716372304358	352	14
hrc_e2f	biological_discriminator	b	HALLMARK_E2F_TARGETS	control	SLC35E2B	0.16655302471801497	2276	19
hrc_e2f	biological_discriminator	b	HALLMARK_E2F_TARGETS	control	SLC38A6	0.17624504282559536	2328	19
hrc_e2f	biological_discriminator	b	HALLMARK_E2F_TARGETS	control	SLC39A14	0.4003583448729884	4105	21
hrc_e2f	biological_discriminator	b	HALLMARK_E2F_TARGETS	control	SLC9A2	0.3819761033939518	3339	21
hrc_e2f	biological_discriminator	b	HALLMARK_E2F_TARGETS	control	SMCHD1	1.4830309543696878	8873	24
hrc_e2f	biological_discriminator	b	HALLMARK_E2F_TARGETS	control	SMG1	1.8320222346234158	10533	24
hrc_e2f	biological_discriminator	b	HALLMARK_E2F_TARGETS	control	SMNDC1	0.17819691411752928	2298	19
hrc_e2f	biological_discriminator	b	HALLMARK_E2F_TARGETS	control	SNHG17	0.3358869549261421	3731	21
hrc_e2f	biological_discriminator	b	HALLMARK_E2F_TARGETS	control	SNN	0.014934569100197593	242	12
hrc_e2f	biological_discriminator	b	HALLMARK_E2F_TARGETS	control	SNRNP25	0.07157500029481458	960	16
hrc_e2f	biological_discriminator	b	HALLMARK_E2F_TARGETS	control	SNX27	0.434330174256715	4565	22
hrc_e2f	biological_discriminator	b	HALLMARK_E2F_TARGETS	control	SPACA6	0.035336215097197254	560	14
hrc_e2f	biological_discriminator	b	HALLMARK_E2F_TARGETS	control	SPDYE1	0.042360830687889775	640	15
hrc_e2f	biological_discriminator	b	HALLMARK_E2F_TARGETS	control	SPECC1	0.1742193474244245	2018	19
hrc_e2f	biological_discriminator	b	HALLMARK_E2F_TARGETS	control	SPIDR	4.759801481071569	13398	24
hrc_e2f	biological_discriminator	b	HALLMARK_E2F_TARGETS	control	SPIN3	0.14320279170381284	1869	18
hrc_e2f	biological_discriminator	b	HALLMARK_E2F_TARGETS	control	SPIRE1	0.24424068953856656	2160	20
hrc_e2f	biological_discriminator	b	HALLMARK_E2F_TARGETS	control	SRSF7	0.8141342837230129	7108	23
hrc_e2f	biological_discriminator	b	HALLMARK_E2F_TARGETS	control	ST3GAL4	0.11074873570112415	1292	17
hrc_e2f	biological_discriminator	b	HALLMARK_E2F_TARGETS	control	STAMBPL1	0.6257385000929969	5384	22
hrc_e2f	biological_discriminator	b	HALLMARK_E2F_TARGETS	control	STK17A	0.2631068009075933	3243	20
hrc_e2f	biological_discriminator	b	HALLMARK_E2F_TARGETS	control	STK38L	0.9017875312947172	6625	23
hrc_e2f	biological_discriminator	b	HALLMARK_E2F_TARGETS	control	STXBP1	0.21593073527782713	2336	19
hrc_e2f	biological_discriminator	b	HALLMARK_E2F_TARGETS	control	SUMF1	2.3705897308637915	11128	24
hrc_e2f	biological_discriminator	b	HALLMARK_E2F_TARGETS	control	SUSD1	0.9064696361592072	7248	23
hrc_e2f	biological_discriminator	b	HALLMARK_E2F_TARGETS	control	TANK	0.9909624675957451	7945	23
hrc_e2f	biological_discriminator	b	HALLMARK_E2F_TARGETS	control	TASOR	0.7365724539368064	6497	23
hrc_e2f	biological_discriminator	b	HALLMARK_E2F_TARGETS	control	TBC1D10B	0.0772373584597731	1118	16
hrc_e2f	biological_discriminator	b	HALLMARK_E2F_TARGETS	control	TBL1XR1	4.68043101438541	13405	24
hrc_e2f	biological_discriminator	b	HALLMARK_E2F_TARGETS	control	TBX19	0.09256113711291941	1280	17
hrc_e2f	biological_discriminator	b	HALLMARK_E2F_TARGETS	control	TDP2	0.45515993678694106	4544	22
hrc_e2f	biological_discriminator	b	HALLMARK_E2F_TARGETS	control	TENT5C	0.039195496881914364	575	15
hrc_e2f	biological_discriminator	b	HALLMARK_E2F_TARGETS	control	TESK2	0.3938105458475013	3902	21
hrc_e2f	biological_discriminator	b	HALLMARK_E2F_TARGETS	control	TEX2	0.3022807886311719	3407	21
hrc_e2f	biological_discriminator	b	HALLMARK_E2F_TARGETS	control	TFDP2	1.7727612466042584	9912	24
hrc_e2f	biological_discriminator	b	HALLMARK_E2F_TARGETS	control	THNSL1	0.042333045632188815	615	15
hrc_e2f	biological_discriminator	b	HALLMARK_E2F_TARGETS	control	THOC2	1.8060091535858438	10299	24
hrc_e2f	biological_discriminator	b	HALLMARK_E2F_TARGETS	control	THSD1	0.038261131082307	551	15
hrc_e2f	biological_discriminator	b	HALLMARK_E2F_TARGETS	control	TIMM22	0.05000675795370029	734	15
hrc_e2f	biological_discriminator	b	HALLMARK_E2F_TARGETS	control	TIMP3	0.9963826865685182	2736	23
hrc_e2f	biological_discriminator	b	HALLMARK_E2F_TARGETS	control	TM4SF5	0.13277906747587814	1589	18
hrc_e2f	biological_discriminator	b	HALLMARK_E2F_TARGETS	control	TMCO4	0.4746403661909953	4884	22
hrc_e2f	biological_discriminator	b	HALLMARK_E2F_TARGETS	control	TMED5	0.34109931322485687	3886	21
hrc_e2f	biological_discriminator	b	HALLMARK_E2F_TARGETS	control	TMED8	0.21440490028295106	2408	19
hrc_e2f	biological_discriminator	b	HALLMARK_E2F_TARGETS	control	TMED9	0.5675530952910312	4960	22
hrc_e2f	biological_discriminator	b	HALLMARK_E2F_TARGETS	control	TMEM132A	0.10055600866713545	1323	17
hrc_e2f	biological_discriminator	b	HALLMARK_E2F_TARGETS	control	TMEM199	0.07882969589524999	1159	16
hrc_e2f	biological_discriminator	b	HALLMARK_E2F_TARGETS	control	TMEM214	0.13628133906364376	1842	18
hrc_e2f	biological_discriminator	b	HALLMARK_E2F_TARGETS	control	TMEM220	0.019312425767484185	297	13
hrc_e2f	biological_discriminator	b	HALLMARK_E2F_TARGETS	control	TMEM231	0.07678425956899786	1052	16
hrc_e2f	biological_discriminator	b	HALLMARK_E2F_TARGETS	control	TMEM25	0.03684108702141158	523	14
hrc_e2f	biological_discriminator	b	HALLMARK_E2F_TARGETS	control	TMEM30B	0.11278800822427236	1433	17
hrc_e2f	biological_discriminator	b	HALLMARK_E2F_TARGETS	control	TMEM38B	0.3872500225660517	4059	21
hrc_e2f	biological_discriminator	b	HALLMARK_E2F_TARGETS	control	TMEM69	0.1331730634113695	1790	18
hrc_e2f	biological_discriminator	b	HALLMARK_E2F_TARGETS	control	TMEM9B-AS1	0.0936748284791393	1344	17
hrc_e2f	biological_discriminator	b	HALLMARK_E2F_TARGETS	control	TMX1	0.3144974512735636	3495	21
hrc_e2f	biological_discriminator	b	HALLMARK_E2F_TARGETS	control	TNFSF13B	0.12238014025548631	1645	18
hrc_e2f	biological_discriminator	b	HALLMARK_E2F_TARGETS	control	TNNI3	0.014098881870960561	213	12
hrc_e2f	biological_discriminator	b	HALLMARK_E2F_TARGETS	control	TOB1	0.47441456028088214	4394	22
hrc_e2f	biological_discriminator	b	HALLMARK_E2F_TARGETS	control	TPM2	0.12963389094484523	1665	18
hrc_e2f	biological_discriminator	b	HALLMARK_E2F_TARGETS	control	TRIM73	0.20689769066417404	2680	19
hrc_e2f	biological_discriminator	b	HALLMARK_E2F_TARGETS	control	TSEN54	0.2380790029960686	2973	20
hrc_e2f	biological_discriminator	b	HALLMARK_E2F_TARGETS	control	TSG101	0.6081450197279522	5953	22
hrc_e2f	biological_discriminator	b	HALLMARK_E2F_TARGETS	control	TTC33	0.17402524272248351	2240	19
hrc_e2f	biological_discriminator	b	HALLMARK_E2F_TARGETS	control	TTC6	0.21561501945634015	2104	19
hrc_e2f	biological_discriminator	b	HALLMARK_E2F_TARGETS	control	TTC7B	0.2779350865987624	2582	20
hrc_e2f	biological_discriminator	b	HALLMARK_E2F_TARGETS	control	TTLL4	0.15745817078769053	2039	18
hrc_e2f	biological_discriminator	b	HALLMARK_E2F_TARGETS	control	TTLL7	0.03443318178186238	438	14
hrc_e2f	biological_discriminator	b	HALLMARK_E2F_TARGETS	control	TTPA	0.13844262355494913	1495	18
hrc_e2f	biological_discriminator	b	HALLMARK_E2F_TARGETS	control	TTTY10	0.061800175791298026	825	16
hrc_e2f	biological_discriminator	b	HALLMARK_E2F_TARGETS	control	TXNDC11	0.4352132277360183	4710	22
hrc_e2f	biological_discriminator	b	HALLMARK_E2F_TARGETS	control	U73166.1	0.01724729322986531	270	13
hrc_e2f	biological_discriminator	b	HALLMARK_E2F_TARGETS	control	UBL4A	0.07770904162009167	986	16
hrc_e2f	biological_discriminator	b	HALLMARK_E2F_TARGETS	control	UBOX5	0.1421789210281571	1885	18
hrc_e2f	biological_discriminator	b	HALLMARK_E2F_TARGETS	control	UBR4	0.481716062298602	5170	22
hrc_e2f	biological_discriminator	b	HALLMARK_E2F_TARGETS	control	UCN	0.010166992696028995	158	12
hrc_e2f	biological_discriminator	b	HALLMARK_E2F_TARGETS	control	UNC119	0.06920785637051977	1011	16
hrc_e2f	biological_discriminator	b	HALLMARK_E2F_TARGETS	control	UPP1	0.08723927267450156	1306	17
hrc_e2f	biological_discriminator	b	HALLMARK_E2F_TARGETS	control	USP28	0.209654473167154	2649	19
hrc_e2f	biological_discriminator	b	HALLMARK_E2F_TARGETS	control	USP44	0.02133811140828892	242	13
hrc_e2f	biological_discriminator	b	HALLMARK_E2F_TARGETS	control	UTP14A	0.27435647976659916	2941	20
hrc_e2f	biological_discriminator	b	HALLMARK_E2F_TARGETS	control	UTP18	0.28751375978418475	3223	20
hrc_e2f	biological_discriminator	b	HALLMARK_E2F_TARGETS	control	VAV2	0.5520963771816162	5370	22
hrc_e2f	biological_discriminator	b	HALLMARK_E2F_TARGETS	control	VPS16	0.09432833613517749	1343	17
hrc_e2f	biological_discriminator	b	HALLMARK_E2F_TARGETS	control	VSTM2A	0.010067050085723622	137	12
hrc_e2f	biological_discriminator	b	HALLMARK_E2F_TARGETS	control	VWA2	0.4262281990533794	4137	22
hrc_e2f	biological_discriminator	b	HALLMARK_E2F_TARGETS	control	VWDE	0.06796146771772879	584	16
hrc_e2f	biological_discriminator	b	HALLMARK_E2F_TARGETS	control	WDHD1	0.22597564344991736	2201	20
hrc_e2f	biological_discriminator	b	HALLMARK_E2F_TARGETS	control	WDR6	0.3120649354925034	3681	21
hrc_e2f	biological_discriminator	b	HALLMARK_E2F_TARGETS	control	YWHAH	0.2721025510767025	2883	20
hrc_e2f	biological_discriminator	b	HALLMARK_E2F_TARGETS	control	Z93020.1	0.022933025971158354	357	13
hrc_e2f	biological_discriminator	b	HALLMARK_E2F_TARGETS	control	ZADH2	0.16372058776214432	2173	19
hrc_e2f	biological_discriminator	b	HALLMARK_E2F_TARGETS	control	ZBTB3	0.021012752203858263	330	13
hrc_e2f	biological_discriminator	b	HALLMARK_E2F_TARGETS	control	ZBTB33	0.06746376179369512	937	16
hrc_e2f	biological_discriminator	b	HALLMARK_E2F_TARGETS	control	ZDHHC5	0.3276861532503382	3735	21
hrc_e2f	biological_discriminator	b	HALLMARK_E2F_TARGETS	control	ZFP2	0.024225343423435075	362	14
hrc_e2f	biological_discriminator	b	HALLMARK_E2F_TARGETS	control	ZFP30	0.16097395628964406	2052	18
hrc_e2f	biological_discriminator	b	HALLMARK_E2F_TARGETS	control	ZFX	0.3832582267299942	4185	21
hrc_e2f	biological_discriminator	b	HALLMARK_E2F_TARGETS	control	ZFYVE1	0.111151441791174	1498	17
hrc_e2f	biological_discriminator	b	HALLMARK_E2F_TARGETS	control	ZFYVE27	0.3747599087118009	4270	21
hrc_e2f	biological_discriminator	b	HALLMARK_E2F_TARGETS	control	ZMYM3	0.06995237962661535	1022	16
hrc_e2f	biological_discriminator	b	HALLMARK_E2F_TARGETS	control	ZMYND19	0.07435823168594624	1058	16
hrc_e2f	biological_discriminator	b	HALLMARK_E2F_TARGETS	control	ZNF117	0.18129494859609438	2353	19
hrc_e2f	biological_discriminator	b	HALLMARK_E2F_TARGETS	control	ZNF136	0.07232675932916033	1056	16
hrc_e2f	biological_discriminator	b	HALLMARK_E2F_TARGETS	control	ZNF226	0.10434494286848182	1495	17
hrc_e2f	biological_discriminator	b	HALLMARK_E2F_TARGETS	control	ZNF232	0.044711592622383826	666	15
hrc_e2f	biological_discriminator	b	HALLMARK_E2F_TARGETS	control	ZNF318	0.12508368538294087	1698	18
hrc_e2f	biological_discriminator	b	HALLMARK_E2F_TARGETS	control	ZNF337-AS1	0.8632933036757843	6381	23
hrc_e2f	biological_discriminator	b	HALLMARK_E2F_TARGETS	control	ZNF350	0.06075809782331591	879	16
hrc_e2f	biological_discriminator	b	HALLMARK_E2F_TARGETS	control	ZNF506	0.47200962571984884	5007	22
hrc_e2f	biological_discriminator	b	HALLMARK_E2F_TARGETS	control	ZNF507	0.38051758974732797	4273	21
hrc_e2f	biological_discriminator	b	HALLMARK_E2F_TARGETS	control	ZNF615	0.04535270524699608	676	15
hrc_e2f	biological_discriminator	b	HALLMARK_E2F_TARGETS	control	ZNF627	0.16520101352115918	2181	19
hrc_e2f	biological_discriminator	b	HALLMARK_E2F_TARGETS	control	ZNF655	0.30626589131973253	3210	21
hrc_e2f	biological_discriminator	b	HALLMARK_E2F_TARGETS	control	ZNF662	0.02325219677705234	349	13
hrc_e2f	biological_discriminator	b	HALLMARK_E2F_TARGETS	control	ZNF697	0.053826532035356846	764	15
hrc_e2f	biological_discriminator	b	HALLMARK_E2F_TARGETS	control	ZNF717	0.3874008190818768	4168	21
hrc_e2f	biological_discriminator	b	HALLMARK_E2F_TARGETS	control	ZNF750	0.010210666376693689	161	12
hrc_e2f	biological_discriminator	b	HALLMARK_E2F_TARGETS	control	ZNF778	0.05434764886946387	789	15
hrc_e2f	biological_discriminator	b	HALLMARK_E2F_TARGETS	control	ZNF93	0.1067314273392999	1301	17
hrc_e2f	biological_discriminator	b	HALLMARK_E2F_TARGETS	control	ZNRF3-AS1	0.0232487074052068	343	13
hrc_e2f	biological_discriminator	b	HALLMARK_E2F_TARGETS	target	AK2	0.4333908190598555	4606	22
hrc_e2f	biological_discriminator	b	HALLMARK_E2F_TARGETS	target	ANP32E	0.1272749741632626	1495	18
hrc_e2f	biological_discriminator	b	HALLMARK_E2F_TARGETS	target	ASF1A	0.08385210083324618	1164	17
hrc_e2f	biological_discriminator	b	HALLMARK_E2F_TARGETS	target	ASF1B	0.09698192358344607	1093	17
hrc_e2f	biological_discriminator	b	HALLMARK_E2F_TARGETS	target	ATAD2	0.8887729695969314	4588	23
hrc_e2f	biological_discriminator	b	HALLMARK_E2F_TARGETS	target	AURKA	0.21256250760729356	1841	19
hrc_e2f	biological_discriminator	b	HALLMARK_E2F_TARGETS	target	AURKB	0.1292937757915439	1235	18
hrc_e2f	biological_discriminator	b	HALLMARK_E2F_TARGETS	target	BARD1	0.530958092838545	4366	22
hrc_e2f	biological_discriminator	b	HALLMARK_E2F_TARGETS	target	BIRC5	0.11289038276291105	1182	17
hrc_e2f	biological_discriminator	b	HALLMARK_E2F_TARGETS	target	BRCA1	0.45386830417375257	3720	22
hrc_e2f	biological_discriminator	b	HALLMARK_E2F_TARGETS	target	BRCA2	0.38887687991668995	2740	21
hrc_e2f	biological_discriminator	b	HALLMARK_E2F_TARGETS	target	BRMS1L	0.15104482634702432	1831	18
hrc_e2f	biological_discriminator	b	HALLMARK_E2F_TARGETS	target	BUB1B	0.17216150769511845	1648	19
hrc_e2f	biological_discriminator	b	HALLMARK_E2F_TARGETS	target	CBX5	0.30859029417042677	3181	21
hrc_e2f	biological_discriminator	b	HALLMARK_E2F_TARGETS	target	CCNB2	0.08138327729553808	947	16
hrc_e2f	biological_discriminator	b	HALLMARK_E2F_TARGETS	target	CCNE1	0.028423648103499195	409	14
hrc_e2f	biological_discriminator	b	HALLMARK_E2F_TARGETS	target	CCP110	0.16747302327018135	2101	19
hrc_e2f	biological_discriminator	b	HALLMARK_E2F_TARGETS	target	CDC20	0.09489881057817885	1024	17
hrc_e2f	biological_discriminator	b	HALLMARK_E2F_TARGETS	target	CDC25A	0.051503210714393705	684	15
hrc_e2f	biological_discriminator	b	HALLMARK_E2F_TARGETS	target	CDC25B	0.22344545986615347	2355	20
hrc_e2f	biological_discriminator	b	HALLMARK_E2F_TARGETS	target	CDCA3	0.07560357529067538	868	16
hrc_e2f	biological_discriminator	b	HALLMARK_E2F_TARGETS	target	CDCA8	0.1438055947209827	1480	18
hrc_e2f	biological_discriminator	b	HALLMARK_E2F_TARGETS	target	CDK1	0.24843903407068202	1893	20
hrc_e2f	biological_discriminator	b	HALLMARK_E2F_TARGETS	target	CDK4	0.2707773999261175	2793	20
hrc_e2f	biological_discriminator	b	HALLMARK_E2F_TARGETS	target	CDKN1A	0.1322809551434115	1451	18
hrc_e2f	biological_discriminator	b	HALLMARK_E2F_TARGETS	target	CDKN1B	0.31531903067834943	3374	21
hrc_e2f	biological_discriminator	b	HALLMARK_E2F_TARGETS	target	CDKN2A	0.2669194641996198	2029	20
hrc_e2f	biological_discriminator	b	HALLMARK_E2F_TARGETS	target	CDKN2C	0.013540884835096488	206	12
hrc_e2f	biological_discriminator	b	HALLMARK_E2F_TARGETS	target	CDKN3	0.10951359231867117	1167	17
hrc_e2f	biological_discriminator	b	HALLMARK_E2F_TARGETS	target	CENPE	0.32467857973290637	1985	21
hrc_e2f	biological_discriminator	b	HALLMARK_E2F_TARGETS	target	CENPM	0.06866017444731415	885	16
hrc_e2f	biological_discriminator	b	HALLMARK_E2F_TARGETS	target	CHEK1	0.21789082218150232	2170	19
hrc_e2f	biological_discriminator	b	HALLMARK_E2F_TARGETS	target	CHEK2	0.22077054239553978	2372	20
hrc_e2f	biological_discriminator	b	HALLMARK_E2F_TARGETS	target	CIT	0.37596618670110826	2458	21
hrc_e2f	biological_discriminator	b	HALLMARK_E2F_TARGETS	target	CKS1B	0.24750530647457294	2394	20
hrc_e2f	biological_discriminator	b	HALLMARK_E2F_TARGETS	target	CKS2	0.24698864165278164	2413	20
hrc_e2f	biological_discriminator	b	HALLMARK_E2F_TARGETS	target	CNOT9	0.3205802551482863	3700	21
hrc_e2f	biological_discriminator	b	HALLMARK_E2F_TARGETS	target	CSE1L	0.9383768315254661	6745	23
hrc_e2f	biological_discriminator	b	HALLMARK_E2F_TARGETS	target	CTCF	0.5316271943973481	5102	22
hrc_e2f	biological_discriminator	b	HALLMARK_E2F_TARGETS	target	CTPS1	0.20625464127954193	2438	19
hrc_e2f	biological_discriminator	b	HALLMARK_E2F_TARGETS	target	DCK	0.05634499903777845	824	15
hrc_e2f	biological_discriminator	b	HALLMARK_E2F_TARGETS	target	DCLRE1B	0.01698247927983165	260	13
hrc_e2f	biological_discriminator	b	HALLMARK_E2F_TARGETS	target	DCTPP1	0.16857099580737964	1985	19
hrc_e2f	biological_discriminator	b	HALLMARK_E2F_TARGETS	target	DDX39A	0.1903358684003713	2337	19
hrc_e2f	biological_discriminator	b	HALLMARK_E2F_TARGETS	target	DEK	1.2850577948660682	8405	24
hrc_e2f	biological_discriminator	b	HALLMARK_E2F_TARGETS	target	DEPDC1	0.07212073640691102	744	16
hrc_e2f	biological_discriminator	b	HALLMARK_E2F_TARGETS	target	DIAPH3	1.3739005614357565	3366	24
hrc_e2f	biological_discriminator	b	HALLMARK_E2F_TARGETS	target	DLGAP5	0.11588244640638788	1111	17
hrc_e2f	biological_discriminator	b	HALLMARK_E2F_TARGETS	target	DNMT1	0.4081299110257623	3760	21
hrc_e2f	biological_discriminator	b	HALLMARK_E2F_TARGETS	target	DONSON	0.08715139682113185	1216	17
hrc_e2f	biological_discriminator	b	HALLMARK_E2F_TARGETS	target	DSCC1	0.12700192898826476	1420	18
hrc_e2f	biological_discriminator	b	HALLMARK_E2F_TARGETS	target	DUT	0.26895870476378503	3114	20
hrc_e2f	biological_discriminator	b	HALLMARK_E2F_TARGETS	target	E2F8	0.06108372037880896	728	16
hrc_e2f	biological_discriminator	b	HALLMARK_E2F_TARGETS	target	EED	0.23820000170388	2874	20
hrc_e2f	biological_discriminator	b	HALLMARK_E2F_TARGETS	target	EIF2S1	0.41179656213954197	4210	21
hrc_e2f	biological_discriminator	b	HALLMARK_E2F_TARGETS	target	ESPL1	0.04707802195367015	593	15
hrc_e2f	biological_discriminator	b	HALLMARK_E2F_TARGETS	target	EXOSC8	0.3138405851886225	3623	21
hrc_e2f	biological_discriminator	b	HALLMARK_E2F_TARGETS	target	EZH2	1.0908597434149383	6816	23
hrc_e2f	biological_discriminator	b	HALLMARK_E2F_TARGETS	target	GINS1	0.35236958851559047	2761	21
hrc_e2f	biological_discriminator	b	HALLMARK_E2F_TARGETS	target	GINS3	0.028258667949644527	420	14
hrc_e2f	biological_discriminator	b	HALLMARK_E2F_TARGETS	target	GINS4	0.07614024271933174	976	16
hrc_e2f	biological_discriminator	b	HALLMARK_E2F_TARGETS	target	GSPT1	1.1346762676183604	8176	24
hrc_e2f	biological_discriminator	b	HALLMARK_E2F_TARGETS	target	HELLS	0.40341632438708225	3096	21
hrc_e2f	biological_discriminator	b	HALLMARK_E2F_TARGETS	target	HMGA1	0.5013129280861373	4207	22
hrc_e2f	biological_discriminator	b	HALLMARK_E2F_TARGETS	target	HMGB2	0.4165286175114081	3143	21
hrc_e2f	biological_discriminator	b	HALLMARK_E2F_TARGETS	target	HMGB3	0.23047577525013227	2121	20
hrc_e2f	biological_discriminator	b	HALLMARK_E2F_TARGETS	target	HMMR	0.13092178618619754	1131	18
hrc_e2f	biological_discriminator	b	HALLMARK_E2F_TARGETS	target	HNRNPD	1.5241063242514494	9799	24
hrc_e2f	biological_discriminator	b	HALLMARK_E2F_TARGETS	target	HUS1	0.16750314293173402	2252	19
hrc_e2f	biological_discriminator	b	HALLMARK_E2F_TARGETS	target	ILF3	0.9845677159088542	7946	23
hrc_e2f	biological_discriminator	b	HALLMARK_E2F_TARGETS	target	ING3	0.16333668085195768	2150	19
hrc_e2f	biological_discriminator	b	HALLMARK_E2F_TARGETS	target	IPO7	1.0454189548993424	7456	23
hrc_e2f	biological_discriminator	b	HALLMARK_E2F_TARGETS	target	JPT1	0.555962429601984	4628	22
hrc_e2f	biological_discriminator	b	HALLMARK_E2F_TARGETS	target	KIF18B	0.24618019910016303	1592	20
hrc_e2f	biological_discriminator	b	HALLMARK_E2F_TARGETS	target	KIF22	0.15283206404763358	1807	18
hrc_e2f	biological_discriminator	b	HALLMARK_E2F_TARGETS	target	KIF2C	0.1172020334062318	1203	17
hrc_e2f	biological_discriminator	b	HALLMARK_E2F_TARGETS	target	KIF4A	0.20561191726873176	1606	19
hrc_e2f	biological_discriminator	b	HALLMARK_E2F_TARGETS	target	KPNA2	0.2349369746806642	2144	20
hrc_e2f	biological_discriminator	b	HALLMARK_E2F_TARGETS	target	LBR	1.364255604439998	7695	24
hrc_e2f	biological_discriminator	b	HALLMARK_E2F_TARGETS	target	LIG1	0.15145944086912164	1853	18
hrc_e2f	biological_discriminator	b	HALLMARK_E2F_TARGETS	target	LMNB1	0.259594779256148	2583	20
hrc_e2f	biological_discriminator	b	HALLMARK_E2F_TARGETS	target	LUC7L3	1.9861072489290301	11497	24
hrc_e2f	biological_discriminator	b	HALLMARK_E2F_TARGETS	target	LYAR	0.16379971309562744	2054	19
hrc_e2f	biological_discriminator	b	HALLMARK_E2F_TARGETS	target	MAD2L1	0.0987125821418591	1128	17
hrc_e2f	biological_discriminator	b	HALLMARK_E2F_TARGETS	target	MCM2	0.08532862279705387	1058	17
hrc_e2f	biological_discriminator	b	HALLMARK_E2F_TARGETS	target	MCM3	0.3094423438296554	2985	21
hrc_e2f	biological_discriminator	b	HALLMARK_E2F_TARGETS	target	MCM4	0.29586796949250693	2692	20
hrc_e2f	biological_discriminator	b	HALLMARK_E2F_TARGETS	target	MCM5	0.10391225205667225	1338	17
hrc_e2f	biological_discriminator	b	HALLMARK_E2F_TARGETS	target	MCM6	0.15567507621118928	1743	18
hrc_e2f	biological_discriminator	b	HALLMARK_E2F_TARGETS	target	MCM7	0.4136106475458892	4127	21
hrc_e2f	biological_discriminator	b	HALLMARK_E2F_TARGETS	target	MELK	0.3248314409061177	2295	21
hrc_e2f	biological_discriminator	b	HALLMARK_E2F_TARGETS	target	MKI67	0.47168093421218066	2779	22
hrc_e2f	biological_discriminator	b	HALLMARK_E2F_TARGETS	target	MLH1	0.15826043541884588	2072	18
hrc_e2f	biological_discriminator	b	HALLMARK_E2F_TARGETS	target	MMS22L	0.7526792595958239	5082	23
hrc_e2f	biological_discriminator	b	HALLMARK_E2F_TARGETS	target	MRE11	0.6341741008094034	5817	22
hrc_e2f	biological_discriminator	b	HALLMARK_E2F_TARGETS	target	MSH2	0.42891467395173705	4021	22
hrc_e2f	biological_discriminator	b	HALLMARK_E2F_TARGETS	target	MTHFD2	0.24996185496526727	2618	20
hrc_e2f	biological_discriminator	b	HALLMARK_E2F_TARGETS	target	MXD3	0.05473587250149568	761	15
hrc_e2f	biological_discriminator	b	HALLMARK_E2F_TARGETS	target	MYBL2	0.21369150381292554	1746	19
hrc_e2f	biological_discriminator	b	HALLMARK_E2F_TARGETS	target	MYC	0.7031610190209371	4714	23
hrc_e2f	biological_discriminator	b	HALLMARK_E2F_TARGETS	target	NAA38	0.2868176937006477	3364	20
hrc_e2f	biological_discriminator	b	HALLMARK_E2F_TARGETS	target	NAP1L1	1.5602649255206642	8365	24
hrc_e2f	biological_discriminator	b	HALLMARK_E2F_TARGETS	target	NASP	0.579045910757528	5106	22
hrc_e2f	biological_discriminator	b	HALLMARK_E2F_TARGETS	target	NBN	0.4402344899395294	4412	22
hrc_e2f	biological_discriminator	b	HALLMARK_E2F_TARGETS	target	NCAPD2	0.2467541812070719	2537	20
hrc_e2f	biological_discriminator	b	HALLMARK_E2F_TARGETS	target	NME1	0.45883059498855533	3804	22
hrc_e2f	biological_discriminator	b	HALLMARK_E2F_TARGETS	target	NOLC1	0.2852087168275348	3020	20
hrc_e2f	biological_discriminator	b	HALLMARK_E2F_TARGETS	target	NOP56	0.6715397308764709	5726	23
hrc_e2f	biological_discriminator	b	HALLMARK_E2F_TARGETS	target	NUDT21	0.28090189112789754	3235	20
hrc_e2f	biological_discriminator	b	HALLMARK_E2F_TARGETS	target	NUP107	0.7504836560985985	6155	23
hrc_e2f	biological_discriminator	b	HALLMARK_E2F_TARGETS	target	NUP153	0.9061192250414106	7170	23
hrc_e2f	biological_discriminator	b	HALLMARK_E2F_TARGETS	target	NUP205	0.5354927744083682	5076	22
hrc_e2f	biological_discriminator	b	HALLMARK_E2F_TARGETS	target	ORC2	0.9997949122943228	7690	23
hrc_e2f	biological_discriminator	b	HALLMARK_E2F_TARGETS	target	ORC6	0.1521830805364128	1684	18
hrc_e2f	biological_discriminator	b	HALLMARK_E2F_TARGETS	target	PA2G4	0.6864201811521742	5326	23
hrc_e2f	biological_discriminator	b	HALLMARK_E2F_TARGETS	target	PAICS	0.5348724488859371	4882	22
hrc_e2f	biological_discriminator	b	HALLMARK_E2F_TARGETS	target	PAN2	0.164829399894898	2225	19
hrc_e2f	biological_discriminator	b	HALLMARK_E2F_TARGETS	target	PCNA	0.37355808297239496	3272	21
hrc_e2f	biological_discriminator	b	HALLMARK_E2F_TARGETS	target	PDS5B	1.755131454301421	9910	24
hrc_e2f	biological_discriminator	b	HALLMARK_E2F_TARGETS	target	PHF5A	0.08389446721829658	1142	17
hrc_e2f	biological_discriminator	b	HALLMARK_E2F_TARGETS	target	PLK1	0.08299273600606004	895	16
hrc_e2f	biological_discriminator	b	HALLMARK_E2F_TARGETS	target	PLK4	0.08920796187144847	1030	17
hrc_e2f	biological_discriminator	b	HALLMARK_E2F_TARGETS	target	PMS2	0.14209575514275433	1945	18
hrc_e2f	biological_discriminator	b	HALLMARK_E2F_TARGETS	target	PNN	0.8350412960509412	7324	23
hrc_e2f	biological_discriminator	b	HALLMARK_E2F_TARGETS	target	POLA2	0.20506886509135114	2299	19
hrc_e2f	biological_discriminator	b	HALLMARK_E2F_TARGETS	target	POLD1	0.0771569775212555	1047	16
hrc_e2f	biological_discriminator	b	HALLMARK_E2F_TARGETS	target	POLD2	0.304562394258881	3237	21
hrc_e2f	biological_discriminator	b	HALLMARK_E2F_TARGETS	target	POLD3	0.26610067633084644	2930	20
hrc_e2f	biological_discriminator	b	HALLMARK_E2F_TARGETS	target	POLE	0.25362087501652386	2773	20
hrc_e2f	biological_discriminator	b	HALLMARK_E2F_TARGETS	target	POLE4	0.22038720248156393	2410	19
hrc_e2f	biological_discriminator	b	HALLMARK_E2F_TARGETS	target	POP7	0.11263187382935921	1457	17
hrc_e2f	biological_discriminator	b	HALLMARK_E2F_TARGETS	target	PPM1D	0.27320770097148184	3141	20
hrc_e2f	biological_discriminator	b	HALLMARK_E2F_TARGETS	target	PPP1R8	0.12937842609657624	1698	18
hrc_e2f	biological_discriminator	b	HALLMARK_E2F_TARGETS	target	PRDX4	0.6583181905287763	5201	23
hrc_e2f	biological_discriminator	b	HALLMARK_E2F_TARGETS	target	PRIM2	1.3373167843577871	7939	24
hrc_e2f	biological_discriminator	b	HALLMARK_E2F_TARGETS	target	PRKDC	2.7991162315639326	11012	24
hrc_e2f	biological_discriminator	b	HALLMARK_E2F_TARGETS	target	PRPS1	0.04567226234378309	672	15
hrc_e2f	biological_discriminator	b	HALLMARK_E2F_TARGETS	target	PSIP1	0.3343093782129055	3606	21
hrc_e2f	biological_discriminator	b	HALLMARK_E2F_TARGETS	target	PSMC3IP	0.025011344423329168	364	14
hrc_e2f	biological_discriminator	b	HALLMARK_E2F_TARGETS	target	PTTG1	0.17365281325648327	1528	19
hrc_e2f	biological_discriminator	b	HALLMARK_E2F_TARGETS	target	RACGAP1	0.17497233851829117	1741	19
hrc_e2f	biological_discriminator	b	HALLMARK_E2F_TARGETS	target	RAD1	0.1114335795562535	1462	17
hrc_e2f	biological_discriminator	b	HALLMARK_E2F_TARGETS	target	RAD21	1.2738157088584245	7931	24
hrc_e2f	biological_discriminator	b	HALLMARK_E2F_TARGETS	target	RAD50	0.9988171335788409	7772	23
hrc_e2f	biological_discriminator	b	HALLMARK_E2F_TARGETS	target	RAD51AP1	0.1312976134911312	1374	18
hrc_e2f	biological_discriminator	b	HALLMARK_E2F_TARGETS	target	RAD51C	0.11544379454369749	1501	17
hrc_e2f	biological_discriminator	b	HALLMARK_E2F_TARGETS	target	RAN	0.9358691421311082	5893	23
hrc_e2f	biological_discriminator	b	HALLMARK_E2F_TARGETS	target	RANBP1	0.3434975114259798	3251	21
hrc_e2f	biological_discriminator	b	HALLMARK_E2F_TARGETS	target	RBBP7	0.42238626270709917	4317	22
hrc_e2f	biological_discriminator	b	HALLMARK_E2F_TARGETS	target	RFC1	0.426804317418457	4520	22
hrc_e2f	biological_discriminator	b	HALLMARK_E2F_TARGETS	target	RFC2	0.14455992456631925	1794	18
hrc_e2f	biological_discriminator	b	HALLMARK_E2F_TARGETS	target	RFC3	0.5046339259952455	3815	22
hrc_e2f	biological_discriminator	b	HALLMARK_E2F_TARGETS	target	RNASEH2A	0.022143509592894704	330	13
hrc_e2f	biological_discriminator	b	HALLMARK_E2F_TARGETS	target	RPA1	0.2541112306340067	2874	20
hrc_e2f	biological_discriminator	b	HALLMARK_E2F_TARGETS	target	RPA2	0.13170766601281622	1716	18
hrc_e2f	biological_discriminator	b	HALLMARK_E2F_TARGETS	target	RPA3	0.3949298799518213	4225	21
hrc_e2f	biological_discriminator	b	HALLMARK_E2F_TARGETS	target	RRM2	0.47734649557483144	2650	22
hrc_e2f	biological_discriminator	b	HALLMARK_E2F_TARGETS	target	SHMT1	0.14679764945485163	1852	18
hrc_e2f	biological_discriminator	b	HALLMARK_E2F_TARGETS	target	SLBP	0.18456980763462216	2287	19
hrc_e2f	biological_discriminator	b	HALLMARK_E2F_TARGETS	target	SMC1A	0.44920171023130007	4192	22
hrc_e2f	biological_discriminator	b	HALLMARK_E2F_TARGETS	target	SMC3	0.497769974498359	4697	22
hrc_e2f	biological_discriminator	b	HALLMARK_E2F_TARGETS	target	SMC4	0.820696970790085	4892	23
hrc_e2f	biological_discriminator	b	HALLMARK_E2F_TARGETS	target	SMC6	0.6054120567250929	5442	22
hrc_e2f	biological_discriminator	b	HALLMARK_E2F_TARGETS	target	SNRPB	1.1635543704703095	6717	24
hrc_e2f	biological_discriminator	b	HALLMARK_E2F_TARGETS	target	SPAG5	0.05094152101087456	651	15
hrc_e2f	biological_discriminator	b	HALLMARK_E2F_TARGETS	target	SPC24	0.04178903737158428	553	15
hrc_e2f	biological_discriminator	b	HALLMARK_E2F_TARGETS	target	SPC25	0.2405330545898231	2246	20
hrc_e2f	biological_discriminator	b	HALLMARK_E2F_TARGETS	target	SRSF1	0.8755420188676226	7537	23
hrc_e2f	biological_discriminator	b	HALLMARK_E2F_TARGETS	target	SRSF2	1.206966248321996	8504	24
hrc_e2f	biological_discriminator	b	HALLMARK_E2F_TARGETS	target	SSRP1	0.2928200637283747	3150	20
hrc_e2f	biological_discriminator	b	HALLMARK_E2F_TARGETS	target	STAG1	2.8011112995992478	11671	24
hrc_e2f	biological_discriminator	b	HALLMARK_E2F_TARGETS	target	STMN1	0.3774388171841793	3349	21
hrc_e2f	biological_discriminator	b	HALLMARK_E2F_TARGETS	target	SUV39H1	0.018852365088422612	288	13
hrc_e2f	biological_discriminator	b	HALLMARK_E2F_TARGETS	target	SYNCRIP	0.9907463291585836	7356	23
hrc_e2f	biological_discriminator	b	HALLMARK_E2F_TARGETS	target	TACC3	0.14087095635881058	1549	18
hrc_e2f	biological_discriminator	b	HALLMARK_E2F_TARGETS	target	TBRG4	0.23592546417098248	2926	20
hrc_e2f	biological_discriminator	b	HALLMARK_E2F_TARGETS	target	TCF19	0.05426244800240764	714	15
hrc_e2f	biological_discriminator	b	HALLMARK_E2F_TARGETS	target	TFRC	0.8005370974179548	6792	23
hrc_e2f	biological_discriminator	b	HALLMARK_E2F_TARGETS	target	TIMELESS	0.09978596458533956	1280	17
hrc_e2f	biological_discriminator	b	HALLMARK_E2F_TARGETS	target	TIPIN	0.07374479882505215	1031	16
hrc_e2f	biological_discriminator	b	HALLMARK_E2F_TARGETS	target	TK1	0.09970883828232897	1146	17
hrc_e2f	biological_discriminator	b	HALLMARK_E2F_TARGETS	target	TMPO	0.8264973545418481	6232	23
hrc_e2f	biological_discriminator	b	HALLMARK_E2F_TARGETS	target	TOP2A	0.7736513387167291	3276	23
hrc_e2f	biological_discriminator	b	HALLMARK_E2F_TARGETS	target	TP53	0.2633700562793789	2830	20
hrc_e2f	biological_discriminator	b	HALLMARK_E2F_TARGETS	target	TRA2B	0.873690649910802	7189	23
hrc_e2f	biological_discriminator	b	HALLMARK_E2F_TARGETS	target	TRIP13	0.06394047164196175	856	16
hrc_e2f	biological_discriminator	b	HALLMARK_E2F_TARGETS	target	TUBB	0.5806191898805576	4578	22
hrc_e2f	biological_discriminator	b	HALLMARK_E2F_TARGETS	target	TUBG1	0.060410137443541304	831	16
hrc_e2f	biological_discriminator	b	HALLMARK_E2F_TARGETS	target	UBE2S	0.26169890323564815	2395	20
hrc_e2f	biological_discriminator	b	HALLMARK_E2F_TARGETS	target	UBE2T	0.11719266305269743	1395	17
hrc_e2f	biological_discriminator	b	HALLMARK_E2F_TARGETS	target	UBR7	0.09014211989065667	1189	17
hrc_e2f	biological_discriminator	b	HALLMARK_E2F_TARGETS	target	UNG	0.1367840172498497	1689	18
hrc_e2f	biological_discriminator	b	HALLMARK_E2F_TARGETS	target	USP1	0.22951122127471887	2516	20
hrc_e2f	biological_discriminator	b	HALLMARK_E2F_TARGETS	target	WDR90	0.13639430142229367	1780	18
hrc_e2f	biological_discriminator	b	HALLMARK_E2F_TARGETS	target	WEE1	0.7607431995726445	5130	23
hrc_e2f	biological_discriminator	b	HALLMARK_E2F_TARGETS	target	XPO1	1.7852586233602503	10124	24
hrc_e2f	biological_discriminator	b	HALLMARK_E2F_TARGETS	target	XRCC6	0.672421738510017	5610	23
hrc_e2f	biological_discriminator	b	HALLMARK_E2F_TARGETS	target	ZW10	0.1684701418443266	2088	19
hrc_tight_junction	primary	a	CANELLAS_CORE_HRC	control	ABCA7	0.08728770248499275	1214	17
hrc_tight_junction	primary	a	CANELLAS_CORE_HRC	control	ABCB10	0.24309552720741387	2862	20
hrc_tight_junction	primary	a	CANELLAS_CORE_HRC	control	ABCD1	0.04835164527047456	744	15
hrc_tight_junction	primary	a	CANELLAS_CORE_HRC	control	ABCF3	0.06608449951632418	974	16
hrc_tight_junction	primary	a	CANELLAS_CORE_HRC	control	ABHD5	0.149899260401986	1977	18
hrc_tight_junction	primary	a	CANELLAS_CORE_HRC	control	AC002429.2	0.23110665034976768	2569	20
hrc_tight_junction	primary	a	CANELLAS_CORE_HRC	control	AC004039.1	0.04314240667864504	630	15
hrc_tight_junction	primary	a	CANELLAS_CORE_HRC	control	AC004130.2	0.03285705267701679	490	14
hrc_tight_junction	primary	a	CANELLAS_CORE_HRC	control	AC004908.2	0.025476377441789377	395	14
hrc_tight_junction	primary	a	CANELLAS_CORE_HRC	control	AC005753.2	0.04045357601318616	513	15
hrc_tight_junction	primary	a	CANELLAS_CORE_HRC	control	AC007387.2	0.024282695456442904	347	14
hrc_tight_junction	primary	a	CANELLAS_CORE_HRC	control	AC008569.1	0.02895355964966899	421	14
hrc_tight_junction	primary	a	CANELLAS_CORE_HRC	control	AC009501.3	0.05043916843863652	622	15
hrc_tight_junction	primary	a	CANELLAS_CORE_HRC	control	AC011092.3	0.057917274577053694	822	16
hrc_tight_junction	primary	a	CANELLAS_CORE_HRC	control	AC011997.1	0.26412613561728404	2839	20
hrc_tight_junction	primary	a	CANELLAS_CORE_HRC	control	AC016746.1	0.055852777421477956	810	15
hrc_tight_junction	primary	a	CANELLAS_CORE_HRC	control	AC018682.1	0.03196948269940949	536	14
hrc_tight_junction	primary	a	CANELLAS_CORE_HRC	control	AC019197.1	0.13948272922304308	1099	18
hrc_tight_junction	primary	a	CANELLAS_CORE_HRC	control	AC020978.5	0.054204092610894386	818	15
hrc_tight_junction	primary	a	CANELLAS_CORE_HRC	control	AC022872.1	0.053824101351501744	787	15
hrc_tight_junction	primary	a	CANELLAS_CORE_HRC	control	AC022893.1	0.07779412557320874	1095	16
hrc_tight_junction	primary	a	CANELLAS_CORE_HRC	control	AC023509.6	0.2606267585239994	3103	20
hrc_tight_junction	primary	a	CANELLAS_CORE_HRC	control	AC024060.2	0.04743355360340302	711	15
hrc_tight_junction	primary	a	CANELLAS_CORE_HRC	control	AC025265.1	0.024706496599798962	363	14
hrc_tight_junction	primary	a	CANELLAS_CORE_HRC	control	AC034114.2	0.07123439320470086	583	16
hrc_tight_junction	primary	a	CANELLAS_CORE_HRC	control	AC046130.1	0.02636037802769204	399	14
hrc_tight_junction	primary	a	CANELLAS_CORE_HRC	control	AC068724.3	0.19729239002844712	2518	19
hrc_tight_junction	primary	a	CANELLAS_CORE_HRC	control	AC087284.1	0.03062289571045741	476	14
hrc_tight_junction	primary	a	CANELLAS_CORE_HRC	control	AC092745.5	0.03557423797595864	486	14
hrc_tight_junction	primary	a	CANELLAS_CORE_HRC	control	AC098484.4	0.08745958237818097	1223	17
hrc_tight_junction	primary	a	CANELLAS_CORE_HRC	control	AC098588.3	0.07748649458248082	866	16
hrc_tight_junction	primary	a	CANELLAS_CORE_HRC	control	AC100810.1	0.0269050674870293	431	14
hrc_tight_junction	primary	a	CANELLAS_CORE_HRC	control	AC103702.2	1.3469081847223512	8458	24
hrc_tight_junction	primary	a	CANELLAS_CORE_HRC	control	AC103876.1	0.024169653682035948	355	14
hrc_tight_junction	primary	a	CANELLAS_CORE_HRC	control	AC108047.1	0.09288870204849531	1251	17
hrc_tight_junction	primary	a	CANELLAS_CORE_HRC	control	AC109460.2	0.05844184956400785	845	16
hrc_tight_junction	primary	a	CANELLAS_CORE_HRC	control	AC119674.1	0.08231972508819857	1040	16
hrc_tight_junction	primary	a	CANELLAS_CORE_HRC	control	AC124254.2	0.0495014873880294	491	15
hrc_tight_junction	primary	a	CANELLAS_CORE_HRC	control	AC138150.1	0.29078432202182786	3389	20
hrc_tight_junction	primary	a	CANELLAS_CORE_HRC	control	AC233296.1	0.07046384796210711	616	16
hrc_tight_junction	primary	a	CANELLAS_CORE_HRC	control	AC244197.2	0.03728879970229081	557	15
hrc_tight_junction	primary	a	CANELLAS_CORE_HRC	control	ACER2	0.19377721217721283	1987	19
hrc_tight_junction	primary	a	CANELLAS_CORE_HRC	control	ACOT11	0.486868883610457	5076	22
hrc_tight_junction	primary	a	CANELLAS_CORE_HRC	control	ADGRG6	0.2080041609680758	2046	19
hrc_tight_junction	primary	a	CANELLAS_CORE_HRC	control	ADGRL2	0.038283906676334495	488	15
hrc_tight_junction	primary	a	CANELLAS_CORE_HRC	control	ADH1C	0.06576282978504648	793	16
hrc_tight_junction	primary	a	CANELLAS_CORE_HRC	control	ADIPOR2	0.9365438312539717	7059	23
hrc_tight_junction	primary	a	CANELLAS_CORE_HRC	control	AGPAT1	0.068980318276974	1007	16
hrc_tight_junction	primary	a	CANELLAS_CORE_HRC	control	AL109615.3	0.03640007814481457	483	14
hrc_tight_junction	primary	a	CANELLAS_CORE_HRC	control	AL121761.1	0.04038905234002948	449	15
hrc_tight_junction	primary	a	CANELLAS_CORE_HRC	control	AL133268.4	0.10477698020429713	1086	17
hrc_tight_junction	primary	a	CANELLAS_CORE_HRC	control	AL137003.2	0.02393939108395534	375	14
hrc_tight_junction	primary	a	CANELLAS_CORE_HRC	control	AL139317.5	0.029248586186177046	407	14
hrc_tight_junction	primary	a	CANELLAS_CORE_HRC	control	AL161665.1	0.034569325270751905	529	14
hrc_tight_junction	primary	a	CANELLAS_CORE_HRC	control	AL354822.1	0.04745573532917164	728	15
hrc_tight_junction	primary	a	CANELLAS_CORE_HRC	control	AL442067.3	0.037270314607519575	543	15
hrc_tight_junction	primary	a	CANELLAS_CORE_HRC	control	AL513303.1	0.026238781268491346	318	14
hrc_tight_junction	primary	a	CANELLAS_CORE_HRC	control	AL596223.1	0.02578174009024668	374	14
hrc_tight_junction	primary	a	CANELLAS_CORE_HRC	control	ALAD	0.13485253922786927	1815	18
hrc_tight_junction	primary	a	CANELLAS_CORE_HRC	control	ALDH3A2	0.33757435756468634	3534	21
hrc_tight_junction	primary	a	CANELLAS_CORE_HRC	control	ALDH7A1	0.4769136234005611	4705	22
hrc_tight_junction	primary	a	CANELLAS_CORE_HRC	control	ANG	0.11810092164929664	1486	17
hrc_tight_junction	primary	a	CANELLAS_CORE_HRC	control	ANKRD10	1.8806097833293611	10993	24
hrc_tight_junction	primary	a	CANELLAS_CORE_HRC	control	ANXA2	2.523041038744704	10358	24
hrc_tight_junction	primary	a	CANELLAS_CORE_HRC	control	AP000697.1	0.03183407289142325	446	14
hrc_tight_junction	primary	a	CANELLAS_CORE_HRC	control	AP000943.2	0.20596692610355902	2516	19
hrc_tight_junction	primary	a	CANELLAS_CORE_HRC	control	AP000944.7	0.033746255815003096	493	14
hrc_tight_junction	primary	a	CANELLAS_CORE_HRC	control	AP1B1	0.2012666053304416	2645	19
hrc_tight_junction	primary	a	CANELLAS_CORE_HRC	control	AP1G1	0.6639868074122728	6472	23
hrc_tight_junction	primary	a	CANELLAS_CORE_HRC	control	AP2A1	0.15691810205008264	2071	18
hrc_tight_junction	primary	a	CANELLAS_CORE_HRC	control	ARAP2	0.6440035205073109	5762	23
hrc_tight_junction	primary	a	CANELLAS_CORE_HRC	control	ARG2	0.09794511582226063	997	17
hrc_tight_junction	primary	a	CANELLAS_CORE_HRC	control	ARHGAP31	0.03617206092499319	716	14
hrc_tight_junction	primary	a	CANELLAS_CORE_HRC	control	ARHGAP35	0.8073852826355481	6876	23
hrc_tight_junction	primary	a	CANELLAS_CORE_HRC	control	ARHGEF10L	1.0695403951106013	8296	23
hrc_tight_junction	primary	a	CANELLAS_CORE_HRC	control	ARID5B	2.0918520001745873	9533	24
hrc_tight_junction	primary	a	CANELLAS_CORE_HRC	control	ARL10	0.04296444840643131	661	15
hrc_tight_junction	primary	a	CANELLAS_CORE_HRC	control	ARMC10	0.4901569434172569	5071	22
hrc_tight_junction	primary	a	CANELLAS_CORE_HRC	control	ARMT1	0.0840212838685047	1155	17
hrc_tight_junction	primary	a	CANELLAS_CORE_HRC	control	ARPC1B	0.562420879249771	5394	22
hrc_tight_junction	primary	a	CANELLAS_CORE_HRC	control	ASB3	0.5706285771818594	5538	22
hrc_tight_junction	primary	a	CANELLAS_CORE_HRC	control	ASCC1	0.4029735733917068	4101	21
hrc_tight_junction	primary	a	CANELLAS_CORE_HRC	control	ATP10D	0.07632567259516845	1156	16
hrc_tight_junction	primary	a	CANELLAS_CORE_HRC	control	ATP13A2	0.10769605595269202	1460	17
hrc_tight_junction	primary	a	CANELLAS_CORE_HRC	control	ATP5F1E	2.037249378933062	9452	24
hrc_tight_junction	primary	a	CANELLAS_CORE_HRC	control	ATP6V1C1	0.5240711318954355	5207	22
hrc_tight_junction	primary	a	CANELLAS_CORE_HRC	control	ATRN	0.5958374721212835	5275	22
hrc_tight_junction	primary	a	CANELLAS_CORE_HRC	control	ATXN2L	0.4082485378268835	4666	21
hrc_tight_junction	primary	a	CANELLAS_CORE_HRC	control	B3GNTL1	0.12225484172076224	1644	18
hrc_tight_junction	primary	a	CANELLAS_CORE_HRC	control	BAG1	0.29393160073238495	3343	20
hrc_tight_junction	primary	a	CANELLAS_CORE_HRC	control	BAZ2B	3.1484888373923057	12497	24
hrc_tight_junction	primary	a	CANELLAS_CORE_HRC	control	BCL2L13	0.49566028410441776	4920	22
hrc_tight_junction	primary	a	CANELLAS_CORE_HRC	control	BCLAF3	0.3912521492676119	4258	21
hrc_tight_junction	primary	a	CANELLAS_CORE_HRC	control	BDNF-AS	0.16058972608783206	1836	18
hrc_tight_junction	primary	a	CANELLAS_CORE_HRC	control	BLCAP	0.9670854473413362	7244	23
hrc_tight_junction	primary	a	CANELLAS_CORE_HRC	control	BMPR2	1.5800677547821758	9663	24
hrc_tight_junction	primary	a	CANELLAS_CORE_HRC	control	BMS1	0.3892776046614473	4322	21
hrc_tight_junction	primary	a	CANELLAS_CORE_HRC	control	BOLA3	0.12368488055983988	1517	18
hrc_tight_junction	primary	a	CANELLAS_CORE_HRC	control	BRF1	0.2285681322204887	2871	20
hrc_tight_junction	primary	a	CANELLAS_CORE_HRC	control	BSG	1.0842231271998064	7160	23
hrc_tight_junction	primary	a	CANELLAS_CORE_HRC	control	BTBD10	0.5648535228742105	5293	22
hrc_tight_junction	primary	a	CANELLAS_CORE_HRC	control	BUD13	0.10302375601503933	1437	17
hrc_tight_junction	primary	a	CANELLAS_CORE_HRC	control	C12ORF76	0.08870878824772771	1284	17
hrc_tight_junction	primary	a	CANELLAS_CORE_HRC	control	C14ORF28	0.03174922882010145	498	14
hrc_tight_junction	primary	a	CANELLAS_CORE_HRC	control	C1ORF116	0.10592091140863837	1361	17
hrc_tight_junction	primary	a	CANELLAS_CORE_HRC	control	C1ORF54	0.04710998334438754	708	15
hrc_tight_junction	primary	a	CANELLAS_CORE_HRC	control	C1RL	0.2988947918029495	3596	20
hrc_tight_junction	primary	a	CANELLAS_CORE_HRC	control	C20ORF96	0.1316666643782911	1776	18
hrc_tight_junction	primary	a	CANELLAS_CORE_HRC	control	C4ORF33	0.0683417436526877	1007	16
hrc_tight_junction	primary	a	CANELLAS_CORE_HRC	control	C5ORF17	0.6907119672904191	2720	23
hrc_tight_junction	primary	a	CANELLAS_CORE_HRC	control	C9ORF40	0.09531845846661047	1339	17
hrc_tight_junction	primary	a	CANELLAS_CORE_HRC	control	CA12	0.4115596147571387	3962	21
hrc_tight_junction	primary	a	CANELLAS_CORE_HRC	control	CA9	0.2710773500528524	1868	20
hrc_tight_junction	primary	a	CANELLAS_CORE_HRC	control	CAD	0.19106128451617055	2338	19
hrc_tight_junction	primary	a	CANELLAS_CORE_HRC	control	CAMTA1	1.0820421097585287	8116	23
hrc_tight_junction	primary	a	CANELLAS_CORE_HRC	control	CAPN10	0.07686883583455455	1145	16
hrc_tight_junction	primary	a	CANELLAS_CORE_HRC	control	CASP8	0.4426027064830831	4698	22
hrc_tight_junction	primary	a	CANELLAS_CORE_HRC	control	CC2D2B	0.061233742704694186	868	16
hrc_tight_junction	primary	a	CANELLAS_CORE_HRC	control	CCDC124	0.1435351063782365	1835	18
hrc_tight_junction	primary	a	CANELLAS_CORE_HRC	control	CCDC127	0.05963000715676188	886	16
hrc_tight_junction	primary	a	CANELLAS_CORE_HRC	control	CCDC149	0.17290404123431627	2199	19
hrc_tight_junction	primary	a	CANELLAS_CORE_HRC	control	CCDC18	0.3965783309829306	3523	21
hrc_tight_junction	primary	a	CANELLAS_CORE_HRC	control	CCDC7	0.47424329491794603	4336	22
hrc_tight_junction	primary	a	CANELLAS_CORE_HRC	control	CCDC71	0.02877400250771154	438	14
hrc_tight_junction	primary	a	CANELLAS_CORE_HRC	control	CCT4	0.6980115559592708	5850	23
hrc_tight_junction	primary	a	CANELLAS_CORE_HRC	control	CDK5RAP1	0.436801339433392	4582	22
hrc_tight_junction	primary	a	CANELLAS_CORE_HRC	control	CDS2	0.4499626017851425	4845	22
hrc_tight_junction	primary	a	CANELLAS_CORE_HRC	control	CEBPB	0.4104749636346577	3937	21
hrc_tight_junction	primary	a	CANELLAS_CORE_HRC	control	CELF5	0.03458205758836501	481	14
hrc_tight_junction	primary	a	CANELLAS_CORE_HRC	control	CEMIP	2.2115033919536216	6215	24
hrc_tight_junction	primary	a	CANELLAS_CORE_HRC	control	CENPV	0.30836375115313747	3497	21
hrc_tight_junction	primary	a	CANELLAS_CORE_HRC	control	CEP250	0.3256969839340076	3609	21
hrc_tight_junction	primary	a	CANELLAS_CORE_HRC	control	CFB	0.12414337390459833	1577	18
hrc_tight_junction	primary	a	CANELLAS_CORE_HRC	control	CHAF1B	0.05491704837365504	735	15
hrc_tight_junction	primary	a	CANELLAS_CORE_HRC	control	CHCHD5	0.0916973819600269	1219	17
hrc_tight_junction	primary	a	CANELLAS_CORE_HRC	control	CHD1L	0.043319162590319434	645	15
hrc_tight_junction	primary	a	CANELLAS_CORE_HRC	control	CHGA	0.20417107450976188	1103	19
hrc_tight_junction	primary	a	CANELLAS_CORE_HRC	control	CHMP7	0.06951853831931769	968	16
hrc_tight_junction	primary	a	CANELLAS_CORE_HRC	control	CHRNA5	0.08673388000073413	1145	17
hrc_tight_junction	primary	a	CANELLAS_CORE_HRC	control	CHST15	0.031044703938812146	546	14
hrc_tight_junction	primary	a	CANELLAS_CORE_HRC	control	CLEC11A	0.05042307678831383	787	15
hrc_tight_junction	primary	a	CANELLAS_CORE_HRC	control	CMBL	0.16241606529547295	1935	19
hrc_tight_junction	primary	a	CANELLAS_CORE_HRC	control	CNTD2	0.028514204365419647	403	14
hrc_tight_junction	primary	a	CANELLAS_CORE_HRC	control	COA6	0.16511904345370992	1998	19
hrc_tight_junction	primary	a	CANELLAS_CORE_HRC	control	COG8	0.09369215440151431	1325	17
hrc_tight_junction	primary	a	CANELLAS_CORE_HRC	control	CPLANE1	0.30550517995827087	3271	21
hrc_tight_junction	primary	a	CANELLAS_CORE_HRC	control	CRACR2B	0.14442478273443382	1966	18
hrc_tight_junction	primary	a	CANELLAS_CORE_HRC	control	CREBZF	0.4323777561371217	4859	22
hrc_tight_junction	primary	a	CANELLAS_CORE_HRC	control	CTDSPL2	0.6808160121045187	6419	23
hrc_tight_junction	primary	a	CANELLAS_CORE_HRC	control	CWC25	0.22093284971911079	2872	20
hrc_tight_junction	primary	a	CANELLAS_CORE_HRC	control	CYB561A3	0.0836441359170948	1246	17
hrc_tight_junction	primary	a	CANELLAS_CORE_HRC	control	CYB561D2	0.14167033785309452	1902	18
hrc_tight_junction	primary	a	CANELLAS_CORE_HRC	control	DARS-AS1	0.030558077800101894	453	14
hrc_tight_junction	primary	a	CANELLAS_CORE_HRC	control	DBR1	0.05620947033418199	828	15
hrc_tight_junction	primary	a	CANELLAS_CORE_HRC	control	DCAF17	0.2287843995295647	2717	20
hrc_tight_junction	primary	a	CANELLAS_CORE_HRC	control	DCTN3	0.1020903684628421	1333	17
hrc_tight_junction	primary	a	CANELLAS_CORE_HRC	control	DCUN1D1	0.4268991452342711	4557	22
hrc_tight_junction	primary	a	CANELLAS_CORE_HRC	control	DDX11-AS1	0.07391894685387349	1002	16
hrc_tight_junction	primary	a	CANELLAS_CORE_HRC	control	DDX59	0.11092942374152771	1521	17
hrc_tight_junction	primary	a	CANELLAS_CORE_HRC	control	DEC1	0.058009023538285194	660	16
hrc_tight_junction	primary	a	CANELLAS_CORE_HRC	control	DEGS2	0.11840077101517864	1515	18
hrc_tight_junction	primary	a	CANELLAS_CORE_HRC	control	DENND11	0.4002912518748622	4595	21
hrc_tight_junction	primary	a	CANELLAS_CORE_HRC	control	DEPDC4	0.06102164899754089	853	16
hrc_tight_junction	primary	a	CANELLAS_CORE_HRC	control	DGCR6L	0.053345624629022564	756	15
hrc_tight_junction	primary	a	CANELLAS_CORE_HRC	control	DIP2B	2.1472100974659503	10808	24
hrc_tight_junction	primary	a	CANELLAS_CORE_HRC	control	DLL1	0.0361251998300652	534	14
hrc_tight_junction	primary	a	CANELLAS_CORE_HRC	control	DNAH6	0.23361564535540333	2540	20
hrc_tight_junction	primary	a	CANELLAS_CORE_HRC	control	DNAJC15	1.537504465432252	8622	24
hrc_tight_junction	primary	a	CANELLAS_CORE_HRC	control	DNAJC2	0.6827843930081021	6174	23
hrc_tight_junction	primary	a	CANELLAS_CORE_HRC	control	DNASE1	0.5617822853709765	5574	22
hrc_tight_junction	primary	a	CANELLAS_CORE_HRC	control	DPP4	0.2609634401191888	2465	20
hrc_tight_junction	primary	a	CANELLAS_CORE_HRC	control	DUXAP8	0.6667754497083318	4253	23
hrc_tight_junction	primary	a	CANELLAS_CORE_HRC	control	DYRK1A	1.7864340677465533	10131	24
hrc_tight_junction	primary	a	CANELLAS_CORE_HRC	control	EBNA1BP2	0.2289904934661931	2649	20
hrc_tight_junction	primary	a	CANELLAS_CORE_HRC	control	EEF1B2	2.564713047463526	9986	24
hrc_tight_junction	primary	a	CANELLAS_CORE_HRC	control	EIF3B	0.926595523047769	7437	23
hrc_tight_junction	primary	a	CANELLAS_CORE_HRC	control	EIF4E	0.6324847657855935	5681	22
hrc_tight_junction	primary	a	CANELLAS_CORE_HRC	control	EIF5B	1.4399478558195662	8822	24
hrc_tight_junction	primary	a	CANELLAS_CORE_HRC	control	ELAC2	0.14529322615620843	1933	18
hrc_tight_junction	primary	a	CANELLAS_CORE_HRC	control	EMP2	0.7727505470613767	5666	23
hrc_tight_junction	primary	a	CANELLAS_CORE_HRC	control	ENG	0.024121975219277624	556	14
hrc_tight_junction	primary	a	CANELLAS_CORE_HRC	control	EPDR1	0.21890075156882063	2495	19
hrc_tight_junction	primary	a	CANELLAS_CORE_HRC	control	EPN2	0.6926708025595463	6164	23
hrc_tight_junction	primary	a	CANELLAS_CORE_HRC	control	ERBIN	1.936815912173333	10083	24
hrc_tight_junction	primary	a	CANELLAS_CORE_HRC	control	ESYT1	0.18922906762831554	2403	19
hrc_tight_junction	primary	a	CANELLAS_CORE_HRC	control	ETFA	0.8418782026504562	7273	23
hrc_tight_junction	primary	a	CANELLAS_CORE_HRC	control	EXOSC7	0.330713719585654	3753	21
hrc_tight_junction	primary	a	CANELLAS_CORE_HRC	control	EYS	0.20553370971423238	1992	19
hrc_tight_junction	primary	a	CANELLAS_CORE_HRC	control	FAM192A	0.5500657222981218	5687	22
hrc_tight_junction	primary	a	CANELLAS_CORE_HRC	control	FAM210B	0.17855244750599492	2113	19
hrc_tight_junction	primary	a	CANELLAS_CORE_HRC	control	FAM214A	0.41043297138333323	4513	21
hrc_tight_junction	primary	a	CANELLAS_CORE_HRC	control	FAM221A	0.21817222167032402	2676	19
hrc_tight_junction	primary	a	CANELLAS_CORE_HRC	control	FBXO32	0.4806504126967909	4128	22
hrc_tight_junction	primary	a	CANELLAS_CORE_HRC	control	FBXW7	2.378096124493911	10353	24
hrc_tight_junction	primary	a	CANELLAS_CORE_HRC	control	FBXW8	0.6504633968354042	6001	23
hrc_tight_junction	primary	a	CANELLAS_CORE_HRC	control	FCSK	0.1567312736776022	2181	18
hrc_tight_junction	primary	a	CANELLAS_CORE_HRC	control	FGD6	0.6979784581728071	5479	23
hrc_tight_junction	primary	a	CANELLAS_CORE_HRC	control	FNBP4	1.733710919844903	10569	24
hrc_tight_junction	primary	a	CANELLAS_CORE_HRC	control	FRAS1	0.5547569692935349	3268	22
hrc_tight_junction	primary	a	CANELLAS_CORE_HRC	control	FRAT2	0.06478284792045547	924	16
hrc_tight_junction	primary	a	CANELLAS_CORE_HRC	control	FUT8	1.9532984306676098	8865	24
hrc_tight_junction	primary	a	CANELLAS_CORE_HRC	control	GCAT	0.054679283684574406	762	15
hrc_tight_junction	primary	a	CANELLAS_CORE_HRC	control	GCFC2	0.32300629320869456	3553	21
hrc_tight_junction	primary	a	CANELLAS_CORE_HRC	control	GCHFR	0.07946055793112132	1042	16
hrc_tight_junction	primary	a	CANELLAS_CORE_HRC	control	GDF11	0.03988837904833015	580	15
hrc_tight_junction	primary	a	CANELLAS_CORE_HRC	control	GGCX	0.17443561310830413	2298	19
hrc_tight_junction	primary	a	CANELLAS_CORE_HRC	control	GNPDA1	0.15006687725436957	1884	18
hrc_tight_junction	primary	a	CANELLAS_CORE_HRC	control	GOLGA4	2.6900875336043852	12230	24
hrc_tight_junction	primary	a	CANELLAS_CORE_HRC	control	GPC1	0.04922366846143152	588	15
hrc_tight_junction	primary	a	CANELLAS_CORE_HRC	control	GPT	0.0257458872765021	383	14
hrc_tight_junction	primary	a	CANELLAS_CORE_HRC	control	GRIK1	0.03808937497980119	551	15
hrc_tight_junction	primary	a	CANELLAS_CORE_HRC	control	GTF2IRD2	0.19884769209052736	2609	19
hrc_tight_junction	primary	a	CANELLAS_CORE_HRC	control	GTF3C4	0.16631761655510222	2085	19
hrc_tight_junction	primary	a	CANELLAS_CORE_HRC	control	GTPBP10	0.5881841363451303	5629	22
hrc_tight_junction	primary	a	CANELLAS_CORE_HRC	control	HADH	0.2646847530716365	3080	20
hrc_tight_junction	primary	a	CANELLAS_CORE_HRC	control	HCG18	0.402748273931189	4419	21
hrc_tight_junction	primary	a	CANELLAS_CORE_HRC	control	HDAC4-AS1	0.02448915939125832	389	14
hrc_tight_junction	primary	a	CANELLAS_CORE_HRC	control	HEATR3	0.1610215982805371	2022	18
hrc_tight_junction	primary	a	CANELLAS_CORE_HRC	control	HECTD1	1.5935356637414204	9315	24
hrc_tight_junction	primary	a	CANELLAS_CORE_HRC	control	HELLPAR	0.14352979729434542	1458	18
hrc_tight_junction	primary	a	CANELLAS_CORE_HRC	control	HIP1R	0.35465403036603904	4081	21
hrc_tight_junction	primary	a	CANELLAS_CORE_HRC	control	HIST1H1E	0.13734977400328022	1777	18
hrc_tight_junction	primary	a	CANELLAS_CORE_HRC	control	HIST1H2BH	0.07435833147876852	941	16
hrc_tight_junction	primary	a	CANELLAS_CORE_HRC	control	HLA-DPA1	0.059867083518260866	1241	16
hrc_tight_junction	primary	a	CANELLAS_CORE_HRC	control	HMGCR	0.33541721037212474	3249	21
hrc_tight_junction	primary	a	CANELLAS_CORE_HRC	control	HNRNPH3	0.771963920291833	6790	23
hrc_tight_junction	primary	a	CANELLAS_CORE_HRC	control	HNRNPL	0.49920582669658037	5306	22
hrc_tight_junction	primary	a	CANELLAS_CORE_HRC	control	HOMER3	0.030022122867364005	453	14
hrc_tight_junction	primary	a	CANELLAS_CORE_HRC	control	HOMEZ	0.07832561297139376	1098	16
hrc_tight_junction	primary	a	CANELLAS_CORE_HRC	control	HOXA9	0.23281450153655525	2624	20
hrc_tight_junction	primary	a	CANELLAS_CORE_HRC	control	HOXB3	1.0605725273811035	7294	23
hrc_tight_junction	primary	a	CANELLAS_CORE_HRC	control	HS1BP3	0.12007868175086898	1599	18
hrc_tight_junction	primary	a	CANELLAS_CORE_HRC	control	HSF2	0.1360464380000262	1741	18
hrc_tight_junction	primary	a	CANELLAS_CORE_HRC	control	HSF4	0.06173647246434343	909	16
hrc_tight_junction	primary	a	CANELLAS_CORE_HRC	control	HSPB1	1.2253779243749785	6314	24
hrc_tight_junction	primary	a	CANELLAS_CORE_HRC	control	HSPB11	0.1681003369839144	2125	19
hrc_tight_junction	primary	a	CANELLAS_CORE_HRC	control	IBTK	0.961136050791793	7506	23
hrc_tight_junction	primary	a	CANELLAS_CORE_HRC	control	ID3	0.2040701757195699	1654	19
hrc_tight_junction	primary	a	CANELLAS_CORE_HRC	control	IFNAR1	0.33897716659945204	3778	21
hrc_tight_junction	primary	a	CANELLAS_CORE_HRC	control	IFNLR1	0.2741001192139427	3064	20
hrc_tight_junction	primary	a	CANELLAS_CORE_HRC	control	IFRD2	0.23164187093701086	2800	20
hrc_tight_junction	primary	a	CANELLAS_CORE_HRC	control	IGF2BP1	0.10333392357452428	1009	17
hrc_tight_junction	primary	a	CANELLAS_CORE_HRC	control	IGHG3	0.08319423700973093	1103	17
hrc_tight_junction	primary	a	CANELLAS_CORE_HRC	control	IL22RA1	0.20977530162438135	2523	19
hrc_tight_junction	primary	a	CANELLAS_CORE_HRC	control	ILF2	0.3557131141023941	3508	21
hrc_tight_junction	primary	a	CANELLAS_CORE_HRC	control	INAVA	0.39160198650500827	3993	21
hrc_tight_junction	primary	a	CANELLAS_CORE_HRC	control	ING5	0.30728663595248934	3644	21
hrc_tight_junction	primary	a	CANELLAS_CORE_HRC	control	INPP4B	2.850618527602626	10392	24
hrc_tight_junction	primary	a	CANELLAS_CORE_HRC	control	INSIG2	0.2793538844710518	3230	20
hrc_tight_junction	primary	a	CANELLAS_CORE_HRC	control	IPO13	0.03978192411212798	595	15
hrc_tight_junction	primary	a	CANELLAS_CORE_HRC	control	IRF1	0.30024447548478034	2868	20
hrc_tight_junction	primary	a	CANELLAS_CORE_HRC	control	IRF3	0.22350403453715614	2841	20
hrc_tight_junction	primary	a	CANELLAS_CORE_HRC	control	ITCH	2.198373964415305	11238	24
hrc_tight_junction	primary	a	CANELLAS_CORE_HRC	control	ITFG2-AS1	0.047579858701303136	700	15
hrc_tight_junction	primary	a	CANELLAS_CORE_HRC	control	ITGB5	0.38129079531957555	4245	21
hrc_tight_junction	primary	a	CANELLAS_CORE_HRC	control	KARS	0.38462597653721253	4003	21
hrc_tight_junction	primary	a	CANELLAS_CORE_HRC	control	KCNJ2	0.038245096758963926	541	15
hrc_tight_junction	primary	a	CANELLAS_CORE_HRC	control	KCTD20	0.4347185693791535	4650	22
hrc_tight_junction	primary	a	CANELLAS_CORE_HRC	control	KDM4B	0.42362316508371783	4666	22
hrc_tight_junction	primary	a	CANELLAS_CORE_HRC	control	KDM4C	2.1308417862925886	11106	24
hrc_tight_junction	primary	a	CANELLAS_CORE_HRC	control	KDM6B	0.203618765318518	2522	19
hrc_tight_junction	primary	a	CANELLAS_CORE_HRC	control	KDM7A-DT	0.09071231552584848	1203	17
hrc_tight_junction	primary	a	CANELLAS_CORE_HRC	control	KIAA0319L	0.9265226562764511	7529	23
hrc_tight_junction	primary	a	CANELLAS_CORE_HRC	control	KIAA1109	1.363336452954017	9448	24
hrc_tight_junction	primary	a	CANELLAS_CORE_HRC	control	KIAA1522	0.45768884571407853	4800	22
hrc_tight_junction	primary	a	CANELLAS_CORE_HRC	control	KIAA1841	0.24269867210498672	2749	20
hrc_tight_junction	primary	a	CANELLAS_CORE_HRC	control	KLF12	1.3385420092103226	5705	24
hrc_tight_junction	primary	a	CANELLAS_CORE_HRC	control	KLF9	0.040324603884336375	651	15
hrc_tight_junction	primary	a	CANELLAS_CORE_HRC	control	KLK8	0.030173322345622373	338	14
hrc_tight_junction	primary	a	CANELLAS_CORE_HRC	control	LANCL1-AS1	0.05170305912376564	765	15
hrc_tight_junction	primary	a	CANELLAS_CORE_HRC	control	LAP3	0.17784872857737521	2244	19
hrc_tight_junction	primary	a	CANELLAS_CORE_HRC	control	LIMK1	0.13892940204671778	1854	18
hrc_tight_junction	primary	a	CANELLAS_CORE_HRC	control	LINC00310	0.034826959301645144	496	14
hrc_tight_junction	primary	a	CANELLAS_CORE_HRC	control	LINC00393	0.260254838125004	1495	20
hrc_tight_junction	primary	a	CANELLAS_CORE_HRC	control	LINC00470	0.2626434244097743	2059	20
hrc_tight_junction	primary	a	CANELLAS_CORE_HRC	control	LINC00616	0.11173408933147236	542	17
hrc_tight_junction	primary	a	CANELLAS_CORE_HRC	control	LINC00623	0.2764614476047491	3244	20
hrc_tight_junction	primary	a	CANELLAS_CORE_HRC	control	LINC00863	0.028710282115488314	439	14
hrc_tight_junction	primary	a	CANELLAS_CORE_HRC	control	LINC01004	1.5500302012062555	9146	24
hrc_tight_junction	primary	a	CANELLAS_CORE_HRC	control	LINC02021	0.031512638188754785	475	14
hrc_tight_junction	primary	a	CANELLAS_CORE_HRC	control	LINC02254	0.18871398222380148	2242	19
hrc_tight_junction	primary	a	CANELLAS_CORE_HRC	control	LINC02694	0.3820311174460301	3406	21
hrc_tight_junction	primary	a	CANELLAS_CORE_HRC	control	LINC02820	0.029531415166782638	417	14
hrc_tight_junction	primary	a	CANELLAS_CORE_HRC	control	LINC02839	0.07569718566048945	480	16
hrc_tight_junction	primary	a	CANELLAS_CORE_HRC	control	LMF2	0.07713722442134542	1125	16
hrc_tight_junction	primary	a	CANELLAS_CORE_HRC	control	LNX2	0.7652457838979141	6522	23
hrc_tight_junction	primary	a	CANELLAS_CORE_HRC	control	LPP	6.713578444807521	14452	24
hrc_tight_junction	primary	a	CANELLAS_CORE_HRC	control	LRP4-AS1	0.12124161512819338	1310	18
hrc_tight_junction	primary	a	CANELLAS_CORE_HRC	control	LSM11	0.052532565389688375	746	15
hrc_tight_junction	primary	a	CANELLAS_CORE_HRC	control	LSM5	0.39939786098281704	4128	21
hrc_tight_junction	primary	a	CANELLAS_CORE_HRC	control	LZTFL1	0.09488275652841272	1316	17
hrc_tight_junction	primary	a	CANELLAS_CORE_HRC	control	MAPK8IP3	0.4000240034479688	4434	21
hrc_tight_junction	primary	a	CANELLAS_CORE_HRC	control	MARCH6	1.5860662432700996	10265	24
hrc_tight_junction	primary	a	CANELLAS_CORE_HRC	control	MBD3	0.2096301443096218	2678	19
hrc_tight_junction	primary	a	CANELLAS_CORE_HRC	control	MBD5	2.8117630468167425	11974	24
hrc_tight_junction	primary	a	CANELLAS_CORE_HRC	control	MCEE	0.18818400210566982	2382	19
hrc_tight_junction	primary	a	CANELLAS_CORE_HRC	control	MCPH1	0.7128438661530604	5519	23
hrc_tight_junction	primary	a	CANELLAS_CORE_HRC	control	MED21	0.11579709389355852	1563	17
hrc_tight_junction	primary	a	CANELLAS_CORE_HRC	control	MED25	0.24369775034797678	3060	20
hrc_tight_junction	primary	a	CANELLAS_CORE_HRC	control	MEF2C-AS1	0.0414193803147297	498	15
hrc_tight_junction	primary	a	CANELLAS_CORE_HRC	control	MFHAS1	0.8517364839903921	5896	23
hrc_tight_junction	primary	a	CANELLAS_CORE_HRC	control	MICA	0.0500302160959006	733	15
hrc_tight_junction	primary	a	CANELLAS_CORE_HRC	control	MIER3	0.2110752245496558	2586	19
hrc_tight_junction	primary	a	CANELLAS_CORE_HRC	control	MIOS	0.36032823281796256	3982	21
hrc_tight_junction	primary	a	CANELLAS_CORE_HRC	control	MIPEP	0.8435132271070377	6612	23
hrc_tight_junction	primary	a	CANELLAS_CORE_HRC	control	MISP3	0.06384736301004029	920	16
hrc_tight_junction	primary	a	CANELLAS_CORE_HRC	control	MLX	0.144736518775868	1947	18
hrc_tight_junction	primary	a	CANELLAS_CORE_HRC	control	MOGAT3	0.261457016410116	2853	20
hrc_tight_junction	primary	a	CANELLAS_CORE_HRC	control	MPC2	0.4185910909461366	3874	21
hrc_tight_junction	primary	a	CANELLAS_CORE_HRC	control	MPHOSPH10	0.29735553250469776	3267	20
hrc_tight_junction	primary	a	CANELLAS_CORE_HRC	control	MPPE1	0.1497932606674506	1985	18
hrc_tight_junction	primary	a	CANELLAS_CORE_HRC	control	MPRIP	0.7850748433507696	6808	23
hrc_tight_junction	primary	a	CANELLAS_CORE_HRC	control	MRFAP1	0.2066803740895853	2459	19
hrc_tight_junction	primary	a	CANELLAS_CORE_HRC	control	MRM1	0.06124296691134875	907	16
hrc_tight_junction	primary	a	CANELLAS_CORE_HRC	control	MRPL28	0.09984921983123997	1343	17
hrc_tight_junction	primary	a	CANELLAS_CORE_HRC	control	MRPL39	0.12807653805728372	1716	18
hrc_tight_junction	primary	a	CANELLAS_CORE_HRC	control	MRPL44	0.11434288710789521	1488	17
hrc_tight_junction	primary	a	CANELLAS_CORE_HRC	control	MSANTD4	0.07865961031074105	1089	16
hrc_tight_junction	primary	a	CANELLAS_CORE_HRC	control	MTA1	0.18457107111607826	2408	19
hrc_tight_junction	primary	a	CANELLAS_CORE_HRC	control	MTR	0.7526350081045161	6454	23
hrc_tight_junction	primary	a	CANELLAS_CORE_HRC	control	MTREX	0.8732350501325207	7083	23
hrc_tight_junction	primary	a	CANELLAS_CORE_HRC	control	MYCBP	0.12943213616627366	1715	18
hrc_tight_junction	primary	a	CANELLAS_CORE_HRC	control	MYEOV	0.34656979968586504	2848	21
hrc_tight_junction	primary	a	CANELLAS_CORE_HRC	control	MYOM1	0.10924649674809123	1314	17
hrc_tight_junction	primary	a	CANELLAS_CORE_HRC	control	NARF	0.22877108350231434	2878	20
hrc_tight_junction	primary	a	CANELLAS_CORE_HRC	control	NBPF9	0.12068765262756496	1647	18
hrc_tight_junction	primary	a	CANELLAS_CORE_HRC	control	NCOR1	2.3929225417759485	11708	24
hrc_tight_junction	primary	a	CANELLAS_CORE_HRC	control	NDST3	0.028281492334413412	384	14
hrc_tight_junction	primary	a	CANELLAS_CORE_HRC	control	NDUFAB1	0.4488600309184482	4141	22
hrc_tight_junction	primary	a	CANELLAS_CORE_HRC	control	NDUFB5	0.29152100013907695	3379	20
hrc_tight_junction	primary	a	CANELLAS_CORE_HRC	control	NDUFS1	0.791504505907946	6996	23
hrc_tight_junction	primary	a	CANELLAS_CORE_HRC	control	NDUFS7	0.23164995326950563	2599	20
hrc_tight_junction	primary	a	CANELLAS_CORE_HRC	control	NDUFV2-AS1	0.07552937049765626	1050	16
hrc_tight_junction	primary	a	CANELLAS_CORE_HRC	control	NECAP2	0.1458320821688305	1981	18
hrc_tight_junction	primary	a	CANELLAS_CORE_HRC	control	NID1	0.038746468597502665	617	15
hrc_tight_junction	primary	a	CANELLAS_CORE_HRC	control	NLRP1	0.18729344420651461	1838	19
hrc_tight_junction	primary	a	CANELLAS_CORE_HRC	control	NLRP2	0.04914130240108245	673	15
hrc_tight_junction	primary	a	CANELLAS_CORE_HRC	control	NMU	0.09548023139613555	893	17
hrc_tight_junction	primary	a	CANELLAS_CORE_HRC	control	NOB1	0.1867424951434262	2324	19
hrc_tight_junction	primary	a	CANELLAS_CORE_HRC	control	NOD2	0.030556229883450626	462	14
hrc_tight_junction	primary	a	CANELLAS_CORE_HRC	control	NOL4	0.05142036014645988	374	15
hrc_tight_junction	primary	a	CANELLAS_CORE_HRC	control	NOXA1	0.2749453268452355	3337	20
hrc_tight_junction	primary	a	CANELLAS_CORE_HRC	control	NR4A2	0.16774504644183874	2266	19
hrc_tight_junction	primary	a	CANELLAS_CORE_HRC	control	NRF1	1.1043150862730635	8142	24
hrc_tight_junction	primary	a	CANELLAS_CORE_HRC	control	NSUN2	0.4404933110779576	4605	22
hrc_tight_junction	primary	a	CANELLAS_CORE_HRC	control	NUDT4	0.835004755026758	6603	23
hrc_tight_junction	primary	a	CANELLAS_CORE_HRC	control	NUP58	0.7143961654789747	6318	23
hrc_tight_junction	primary	a	CANELLAS_CORE_HRC	control	NVL	0.700912753213493	6067	23
hrc_tight_junction	primary	a	CANELLAS_CORE_HRC	control	OBSCN	0.12018933496102012	1484	18
hrc_tight_junction	primary	a	CANELLAS_CORE_HRC	control	ODF2L	0.850569775024251	7035	23
hrc_tight_junction	primary	a	CANELLAS_CORE_HRC	control	OGFOD3	0.1298685713088061	1725	18
hrc_tight_junction	primary	a	CANELLAS_CORE_HRC	control	OPA1	1.1076389769006887	8287	24
hrc_tight_junction	primary	a	CANELLAS_CORE_HRC	control	OSBPL2	0.7954244586914944	7115	23
hrc_tight_junction	primary	a	CANELLAS_CORE_HRC	control	OSGIN2	0.18693430805624803	2241	19
hrc_tight_junction	primary	a	CANELLAS_CORE_HRC	control	OSTC	0.4475705630589081	4495	22
hrc_tight_junction	primary	a	CANELLAS_CORE_HRC	control	OTOGL	0.02614472351944548	369	14
hrc_tight_junction	primary	a	CANELLAS_CORE_HRC	control	OTUB2	0.03317026632463133	456	14
hrc_tight_junction	primary	a	CANELLAS_CORE_HRC	control	PABPC1	6.705917918504862	13898	24
hrc_tight_junction	primary	a	CANELLAS_CORE_HRC	control	PARP11	0.18099333256440275	2302	19
hrc_tight_junction	primary	a	CANELLAS_CORE_HRC	control	PARP8	1.3668596876059254	8101	24
hrc_tight_junction	primary	a	CANELLAS_CORE_HRC	control	PCBD2	0.5637660253367381	5121	22
hrc_tight_junction	primary	a	CANELLAS_CORE_HRC	control	PCDHGA10	0.07442183376244703	1021	16
hrc_tight_junction	primary	a	CANELLAS_CORE_HRC	control	PCNX1	1.1067361077559577	7985	24
hrc_tight_junction	primary	a	CANELLAS_CORE_HRC	control	PCSK7	0.6505866748149294	6067	23
hrc_tight_junction	primary	a	CANELLAS_CORE_HRC	control	PDCD6	0.5942632575024381	5743	22
hrc_tight_junction	primary	a	CANELLAS_CORE_HRC	control	PDHA1	0.41349338230451516	4217	21
hrc_tight_junction	primary	a	CANELLAS_CORE_HRC	control	PGAM1	0.3372059626860466	3466	21
hrc_tight_junction	primary	a	CANELLAS_CORE_HRC	control	PICALM	2.657682566775608	11833	24
hrc_tight_junction	primary	a	CANELLAS_CORE_HRC	control	PIGA	0.04558254674414914	680	15
hrc_tight_junction	primary	a	CANELLAS_CORE_HRC	control	PIK3R2	0.13219865949754517	1679	18
hrc_tight_junction	primary	a	CANELLAS_CORE_HRC	control	PIP5K1B	3.2801086449877923	11741	24
hrc_tight_junction	primary	a	CANELLAS_CORE_HRC	control	PKDCC	0.18872475000449135	2246	19
hrc_tight_junction	primary	a	CANELLAS_CORE_HRC	control	PKIG	0.2502822598039977	2639	20
hrc_tight_junction	primary	a	CANELLAS_CORE_HRC	control	PLA2G10	0.07312081183162404	986	16
hrc_tight_junction	primary	a	CANELLAS_CORE_HRC	control	PLA2G4C	0.050886306401396374	675	15
hrc_tight_junction	primary	a	CANELLAS_CORE_HRC	control	PLAG1	0.518824037642183	4444	22
hrc_tight_junction	primary	a	CANELLAS_CORE_HRC	control	PLCH1	1.1045551254551542	7455	24
hrc_tight_junction	primary	a	CANELLAS_CORE_HRC	control	PLGRKT	0.3162992995187711	3348	21
hrc_tight_junction	primary	a	CANELLAS_CORE_HRC	control	PLIN2	0.35124136270227196	3541	21
hrc_tight_junction	primary	a	CANELLAS_CORE_HRC	control	PLXND1	0.029532230584782642	679	14
hrc_tight_junction	primary	a	CANELLAS_CORE_HRC	control	PMP22	0.07160049181408293	725	16
hrc_tight_junction	primary	a	CANELLAS_CORE_HRC	control	PMVK	0.11457045101435864	1524	17
hrc_tight_junction	primary	a	CANELLAS_CORE_HRC	control	PNKP	0.22171428315427547	2903	20
hrc_tight_junction	primary	a	CANELLAS_CORE_HRC	control	PODXL	0.13388794413929758	1593	18
hrc_tight_junction	primary	a	CANELLAS_CORE_HRC	control	POLR3G	0.1170202021007869	1311	17
hrc_tight_junction	primary	a	CANELLAS_CORE_HRC	control	POR	0.44481704977240194	4633	22
hrc_tight_junction	primary	a	CANELLAS_CORE_HRC	control	POT1	0.27953742644916285	3126	20
hrc_tight_junction	primary	a	CANELLAS_CORE_HRC	control	PPIL2	0.3411874713296926	4067	21
hrc_tight_junction	primary	a	CANELLAS_CORE_HRC	control	PRAC1	0.19385201085536374	1968	19
hrc_tight_junction	primary	a	CANELLAS_CORE_HRC	control	PRKAA1	0.5585185033822769	5559	22
hrc_tight_junction	primary	a	CANELLAS_CORE_HRC	control	PRPF19	0.20278472966738031	2372	19
hrc_tight_junction	primary	a	CANELLAS_CORE_HRC	control	PRR12	0.14006191201671395	1847	18
hrc_tight_junction	primary	a	CANELLAS_CORE_HRC	control	PSMD1	1.1019294499993553	7959	24
hrc_tight_junction	primary	a	CANELLAS_CORE_HRC	control	PTK2	7.473803850048026	14583	24
hrc_tight_junction	primary	a	CANELLAS_CORE_HRC	control	PTPA	0.17342770922466194	2230	19
hrc_tight_junction	primary	a	CANELLAS_CORE_HRC	control	PWWP3A	0.3869059769387495	4457	21
hrc_tight_junction	primary	a	CANELLAS_CORE_HRC	control	PXK	0.2278295025453776	2719	20
hrc_tight_junction	primary	a	CANELLAS_CORE_HRC	control	PYCR2	0.14390684752768376	1844	18
hrc_tight_junction	primary	a	CANELLAS_CORE_HRC	control	RAB3B	0.02993064863555132	306	14
hrc_tight_junction	primary	a	CANELLAS_CORE_HRC	control	RAP1A	0.6854961461091629	6305	23
hrc_tight_junction	primary	a	CANELLAS_CORE_HRC	control	RAPGEF4	0.24558819252024144	2121	20
hrc_tight_junction	primary	a	CANELLAS_CORE_HRC	control	RASEF	0.8495691238407842	6369	23
hrc_tight_junction	primary	a	CANELLAS_CORE_HRC	control	RCE1	0.07086582161852419	1043	16
hrc_tight_junction	primary	a	CANELLAS_CORE_HRC	control	RECK	0.04177395985181179	569	15
hrc_tight_junction	primary	a	CANELLAS_CORE_HRC	control	REST	0.4278277728907425	4388	22
hrc_tight_junction	primary	a	CANELLAS_CORE_HRC	control	RFX7	1.0372137503599672	7502	23
hrc_tight_junction	primary	a	CANELLAS_CORE_HRC	control	RGMB-AS1	0.026802847138037277	384	14
hrc_tight_junction	primary	a	CANELLAS_CORE_HRC	control	RHOT1	0.693444379766324	6296	23
hrc_tight_junction	primary	a	CANELLAS_CORE_HRC	control	RNF13	1.2129831530330146	8607	24
hrc_tight_junction	primary	a	CANELLAS_CORE_HRC	control	RNF138	0.2803913753311479	3198	20
hrc_tight_junction	primary	a	CANELLAS_CORE_HRC	control	RPRD2	0.9845824682725248	7637	23
hrc_tight_junction	primary	a	CANELLAS_CORE_HRC	control	RSBN1	0.4552387489977798	4807	22
hrc_tight_junction	primary	a	CANELLAS_CORE_HRC	control	RSBN1L	1.2028601192185984	8804	24
hrc_tight_junction	primary	a	CANELLAS_CORE_HRC	control	SAMHD1	0.36835027575861473	3791	21
hrc_tight_junction	primary	a	CANELLAS_CORE_HRC	control	SAMM50	0.13461358825780192	1769	18
hrc_tight_junction	primary	a	CANELLAS_CORE_HRC	control	SATB1-AS1	0.38515753588243573	3122	21
hrc_tight_junction	primary	a	CANELLAS_CORE_HRC	control	SCNM1	0.07747353827925779	1114	16
hrc_tight_junction	primary	a	CANELLAS_CORE_HRC	control	SCO2	0.08926608779866879	1249	17
hrc_tight_junction	primary	a	CANELLAS_CORE_HRC	control	SCYL2	0.7025255878202942	6281	23
hrc_tight_junction	primary	a	CANELLAS_CORE_HRC	control	SEC23B	0.47101514099598807	4789	22
hrc_tight_junction	primary	a	CANELLAS_CORE_HRC	control	SERPINH1	0.22774453469361206	2605	20
hrc_tight_junction	primary	a	CANELLAS_CORE_HRC	control	SETDB2	0.3734964667946551	4045	21
hrc_tight_junction	primary	a	CANELLAS_CORE_HRC	control	SF3B6	0.43498781420794486	4144	22
hrc_tight_junction	primary	a	CANELLAS_CORE_HRC	control	SFRP4	0.08942753029827218	1191	17
hrc_tight_junction	primary	a	CANELLAS_CORE_HRC	control	SH2D4A	0.2628193062230006	2876	20
hrc_tight_junction	primary	a	CANELLAS_CORE_HRC	control	SHANK3	0.024081861978372875	404	14
hrc_tight_junction	primary	a	CANELLAS_CORE_HRC	control	SHC1	0.1255835134905324	1733	18
hrc_tight_junction	primary	a	CANELLAS_CORE_HRC	control	SIN3A	0.35928962003046305	4116	21
hrc_tight_junction	primary	a	CANELLAS_CORE_HRC	control	SLC26A11	0.06466869456539127	1012	16
hrc_tight_junction	primary	a	CANELLAS_CORE_HRC	control	SLC35F2	0.37056452247939914	3861	21
hrc_tight_junction	primary	a	CANELLAS_CORE_HRC	control	SLC38A4	0.06707279244655971	891	16
hrc_tight_junction	primary	a	CANELLAS_CORE_HRC	control	SLC3A1	0.10857498032572095	1403	17
hrc_tight_junction	primary	a	CANELLAS_CORE_HRC	control	SLC52A2	0.40566519623775565	3958	21
hrc_tight_junction	primary	a	CANELLAS_CORE_HRC	control	SLC7A6	0.5518891228485884	5223	22
hrc_tight_junction	primary	a	CANELLAS_CORE_HRC	control	SLC7A8	0.17791436758229523	1991	19
hrc_tight_junction	primary	a	CANELLAS_CORE_HRC	control	SLC9A3R2	0.05169322431083771	774	15
hrc_tight_junction	primary	a	CANELLAS_CORE_HRC	control	SMCR8	0.06198320981750141	884	16
hrc_tight_junction	primary	a	CANELLAS_CORE_HRC	control	SMYD5	0.06364678506275136	931	16
hrc_tight_junction	primary	a	CANELLAS_CORE_HRC	control	SNHG10	0.11615898077265582	1627	17
hrc_tight_junction	primary	a	CANELLAS_CORE_HRC	control	SNIP1	0.09930519385380707	1405	17
hrc_tight_junction	primary	a	CANELLAS_CORE_HRC	control	SNUPN	0.08755008783336889	1251	17
hrc_tight_junction	primary	a	CANELLAS_CORE_HRC	control	SNX2	0.4237100860487101	4526	22
hrc_tight_junction	primary	a	CANELLAS_CORE_HRC	control	SPATA6	0.32091984122077605	3425	21
hrc_tight_junction	primary	a	CANELLAS_CORE_HRC	control	SPATA7	0.2908974706854824	3130	20
hrc_tight_junction	primary	a	CANELLAS_CORE_HRC	control	SPINT1-AS1	0.09540637284172888	1338	17
hrc_tight_junction	primary	a	CANELLAS_CORE_HRC	control	SPRED1	0.8890703593376283	6499	23
hrc_tight_junction	primary	a	CANELLAS_CORE_HRC	control	SPRTN	0.12132396988928594	1595	18
hrc_tight_junction	primary	a	CANELLAS_CORE_HRC	control	SPSB1	0.12471182075462861	1549	18
hrc_tight_junction	primary	a	CANELLAS_CORE_HRC	control	SRF	0.0955053662492763	1278	17
hrc_tight_junction	primary	a	CANELLAS_CORE_HRC	control	ST13	0.6973752624813278	5746	23
hrc_tight_junction	primary	a	CANELLAS_CORE_HRC	control	STIM1	0.5198499881723809	4978	22
hrc_tight_junction	primary	a	CANELLAS_CORE_HRC	control	STK32A	0.028341155003336733	282	14
hrc_tight_junction	primary	a	CANELLAS_CORE_HRC	control	STOML2	0.25968708078853336	2847	20
hrc_tight_junction	primary	a	CANELLAS_CORE_HRC	control	STX19	0.13564663345060604	1699	18
hrc_tight_junction	primary	a	CANELLAS_CORE_HRC	control	STXBP5	1.525650998990399	9596	24
hrc_tight_junction	primary	a	CANELLAS_CORE_HRC	control	SUMO3	0.14063804436983962	1685	18
hrc_tight_junction	primary	a	CANELLAS_CORE_HRC	control	TAPBP	0.8368842072449306	6911	23
hrc_tight_junction	primary	a	CANELLAS_CORE_HRC	control	TARID	0.04739185932597153	512	15
hrc_tight_junction	primary	a	CANELLAS_CORE_HRC	control	TDRD1	0.040980944704927046	367	15
hrc_tight_junction	primary	a	CANELLAS_CORE_HRC	control	TEX10	0.45263871147524054	4514	22
hrc_tight_junction	primary	a	CANELLAS_CORE_HRC	control	TFAP4	0.081422086989636	1166	16
hrc_tight_junction	primary	a	CANELLAS_CORE_HRC	control	TFEB	0.09820489920394188	1383	17
hrc_tight_junction	primary	a	CANELLAS_CORE_HRC	control	TH2LCRR	0.04431854985671574	660	15
hrc_tight_junction	primary	a	CANELLAS_CORE_HRC	control	THAP7	0.059238496149298825	834	16
hrc_tight_junction	primary	a	CANELLAS_CORE_HRC	control	THOC1	0.47495734647313864	4891	22
hrc_tight_junction	primary	a	CANELLAS_CORE_HRC	control	THOC7	0.36646527777204135	3972	21
hrc_tight_junction	primary	a	CANELLAS_CORE_HRC	control	TICAM1	0.12460758533563564	1580	18
hrc_tight_junction	primary	a	CANELLAS_CORE_HRC	control	TIMM17B	0.1619368252759276	1994	18
hrc_tight_junction	primary	a	CANELLAS_CORE_HRC	control	TIMM23B-AGAP6	0.06368049210742248	946	16
hrc_tight_junction	primary	a	CANELLAS_CORE_HRC	control	TIMM29	0.08407284717875828	1200	17
hrc_tight_junction	primary	a	CANELLAS_CORE_HRC	control	TIRAP	0.07757927581143868	1113	16
hrc_tight_junction	primary	a	CANELLAS_CORE_HRC	control	TLK1	1.495900614416209	9644	24
hrc_tight_junction	primary	a	CANELLAS_CORE_HRC	control	TMED10	0.8251659384103069	6636	23
hrc_tight_junction	primary	a	CANELLAS_CORE_HRC	control	TMEM126B	0.23196943406497564	2862	20
hrc_tight_junction	primary	a	CANELLAS_CORE_HRC	control	TMEM175	0.0552694054868579	835	15
hrc_tight_junction	primary	a	CANELLAS_CORE_HRC	control	TMEM176A	0.6243694433364764	5190	22
hrc_tight_junction	primary	a	CANELLAS_CORE_HRC	control	TMEM216	0.06948849586195759	990	16
hrc_tight_junction	primary	a	CANELLAS_CORE_HRC	control	TMEM238L	0.07348605420202384	1018	16
hrc_tight_junction	primary	a	CANELLAS_CORE_HRC	control	TMEM243	0.3709909439801767	4122	21
hrc_tight_junction	primary	a	CANELLAS_CORE_HRC	control	TMEM50A	0.44841595051684613	4610	22
hrc_tight_junction	primary	a	CANELLAS_CORE_HRC	control	TMEM92	0.04465586322893372	648	15
hrc_tight_junction	primary	a	CANELLAS_CORE_HRC	control	TMUB2	0.1531077053197074	2109	18
hrc_tight_junction	primary	a	CANELLAS_CORE_HRC	control	TNFRSF6B	0.047541923286228395	518	15
hrc_tight_junction	primary	a	CANELLAS_CORE_HRC	control	TOMM20	0.9015096205075701	6744	23
hrc_tight_junction	primary	a	CANELLAS_CORE_HRC	control	TOMM40	0.22363896182359458	2592	20
hrc_tight_junction	primary	a	CANELLAS_CORE_HRC	control	TOP2B	1.073469238934598	7923	23
hrc_tight_junction	primary	a	CANELLAS_CORE_HRC	control	TOPORS	0.18710804293504035	2391	19
hrc_tight_junction	primary	a	CANELLAS_CORE_HRC	control	TP53INP1	0.08600219998184533	1267	17
hrc_tight_junction	primary	a	CANELLAS_CORE_HRC	control	TPM1	1.7457858712696699	9223	24
hrc_tight_junction	primary	a	CANELLAS_CORE_HRC	control	TRADD	0.10450704586305584	1504	17
hrc_tight_junction	primary	a	CANELLAS_CORE_HRC	control	TRAV30	0.02730373427336068	303	14
hrc_tight_junction	primary	a	CANELLAS_CORE_HRC	control	TRIM68	0.02816863340428681	426	14
hrc_tight_junction	primary	a	CANELLAS_CORE_HRC	control	TRIQK	0.45542015943873493	4414	22
hrc_tight_junction	primary	a	CANELLAS_CORE_HRC	control	TRMT6	0.16702689042699903	2059	19
hrc_tight_junction	primary	a	CANELLAS_CORE_HRC	control	TSC2	0.22326787057290162	2904	20
hrc_tight_junction	primary	a	CANELLAS_CORE_HRC	control	TSEN15	0.26303353531869	2979	20
hrc_tight_junction	primary	a	CANELLAS_CORE_HRC	control	TSG101	0.6081450197279522	5953	22
hrc_tight_junction	primary	a	CANELLAS_CORE_HRC	control	TSPAN8	4.529161344983988	12228	24
hrc_tight_junction	primary	a	CANELLAS_CORE_HRC	control	TSPYL1	0.12530755909581326	1594	18
hrc_tight_junction	primary	a	CANELLAS_CORE_HRC	control	TUFM	0.5630401998183073	4829	22
hrc_tight_junction	primary	a	CANELLAS_CORE_HRC	control	TXNRD2	0.1401722105459059	1905	18
hrc_tight_junction	primary	a	CANELLAS_CORE_HRC	control	TYMS	0.12470617548754735	1412	18
hrc_tight_junction	primary	a	CANELLAS_CORE_HRC	control	UBE2Z	0.36882719829994093	4092	21
hrc_tight_junction	primary	a	CANELLAS_CORE_HRC	control	UBOX5	0.1421789210281571	1885	18
hrc_tight_junction	primary	a	CANELLAS_CORE_HRC	control	UBR3	1.3665790627001122	9267	24
hrc_tight_junction	primary	a	CANELLAS_CORE_HRC	control	UQCRFS1	0.34684344621100544	3791	21
hrc_tight_junction	primary	a	CANELLAS_CORE_HRC	control	URB1	0.3892938679538992	4005	21
hrc_tight_junction	primary	a	CANELLAS_CORE_HRC	control	UTP18	0.28751375978418475	3223	20
hrc_tight_junction	primary	a	CANELLAS_CORE_HRC	control	VCAN	0.056231523234670504	990	15
hrc_tight_junction	primary	a	CANELLAS_CORE_HRC	control	VMP1	4.876568473061554	12795	24
hrc_tight_junction	primary	a	CANELLAS_CORE_HRC	control	VPS51	0.485762022035885	5023	22
hrc_tight_junction	primary	a	CANELLAS_CORE_HRC	control	VTA1	0.4403224957972955	4577	22
hrc_tight_junction	primary	a	CANELLAS_CORE_HRC	control	WASHC1	0.17640842598898898	2369	19
hrc_tight_junction	primary	a	CANELLAS_CORE_HRC	control	WASHC3	0.44605501146809085	4424	22
hrc_tight_junction	primary	a	CANELLAS_CORE_HRC	control	WDR13	0.1498656647143847	1957	18
hrc_tight_junction	primary	a	CANELLAS_CORE_HRC	control	WFDC3	0.10412020595681742	1173	17
hrc_tight_junction	primary	a	CANELLAS_CORE_HRC	control	YBEY	0.09846716879070778	1326	17
hrc_tight_junction	primary	a	CANELLAS_CORE_HRC	control	YIPF2	0.17257135237124857	2213	19
hrc_tight_junction	primary	a	CANELLAS_CORE_HRC	control	YME1L1	0.8202249667461174	6916	23
hrc_tight_junction	primary	a	CANELLAS_CORE_HRC	control	YPEL2	0.30895629330926844	3517	21
hrc_tight_junction	primary	a	CANELLAS_CORE_HRC	control	ZCWPW2	0.09831085343357612	1248	17
hrc_tight_junction	primary	a	CANELLAS_CORE_HRC	control	ZDHHC12	0.1886374445841412	2119	19
hrc_tight_junction	primary	a	CANELLAS_CORE_HRC	control	ZDHHC5	0.3276861532503382	3735	21
hrc_tight_junction	primary	a	CANELLAS_CORE_HRC	control	ZDHHC6	0.23537211529028598	2954	20
hrc_tight_junction	primary	a	CANELLAS_CORE_HRC	control	ZMYND8	3.3662489614135582	12383	24
hrc_tight_junction	primary	a	CANELLAS_CORE_HRC	control	ZNF136	0.07232675932916033	1056	16
hrc_tight_junction	primary	a	CANELLAS_CORE_HRC	control	ZNF200	0.0563934635003537	818	15
hrc_tight_junction	primary	a	CANELLAS_CORE_HRC	control	ZNF207	1.5711345935539511	10280	24
hrc_tight_junction	primary	a	CANELLAS_CORE_HRC	control	ZNF22	0.1432824443926396	1824	18
hrc_tight_junction	primary	a	CANELLAS_CORE_HRC	control	ZNF227	0.07777473259943171	1101	16
hrc_tight_junction	primary	a	CANELLAS_CORE_HRC	control	ZNF280C	0.18308701232011426	2190	19
hrc_tight_junction	primary	a	CANELLAS_CORE_HRC	control	ZNF284	0.026309556529336375	395	14
hrc_tight_junction	primary	a	CANELLAS_CORE_HRC	control	ZNF330	0.19252918883008588	2454	19
hrc_tight_junction	primary	a	CANELLAS_CORE_HRC	control	ZNF343	0.08893831677302497	1261	17
hrc_tight_junction	primary	a	CANELLAS_CORE_HRC	control	ZNF398	0.2824488205282445	3268	20
hrc_tight_junction	primary	a	CANELLAS_CORE_HRC	control	ZNF426	0.06515083734305158	946	16
hrc_tight_junction	primary	a	CANELLAS_CORE_HRC	control	ZNF487	0.09010445162978772	1223	17
hrc_tight_junction	primary	a	CANELLAS_CORE_HRC	control	ZNF532	0.2485265389994206	2818	20
hrc_tight_junction	primary	a	CANELLAS_CORE_HRC	control	ZNF551	0.1890034854534945	2394	19
hrc_tight_junction	primary	a	CANELLAS_CORE_HRC	control	ZNF554	0.03339138887117545	508	14
hrc_tight_junction	primary	a	CANELLAS_CORE_HRC	control	ZNF571	0.05402268762628411	774	15
hrc_tight_junction	primary	a	CANELLAS_CORE_HRC	control	ZNF607	0.05874145841608188	863	16
hrc_tight_junction	primary	a	CANELLAS_CORE_HRC	control	ZNF630	0.10697955631049606	1456	17
hrc_tight_junction	primary	a	CANELLAS_CORE_HRC	control	ZNF653	0.04041007334827533	605	15
hrc_tight_junction	primary	a	CANELLAS_CORE_HRC	control	ZNF670	0.18929223168669976	2078	19
hrc_tight_junction	primary	a	CANELLAS_CORE_HRC	control	ZNF709	0.09554013411625983	1343	17
hrc_tight_junction	primary	a	CANELLAS_CORE_HRC	control	ZRANB2-AS1	0.03411264330273426	537	14
hrc_tight_junction	primary	a	CANELLAS_CORE_HRC	control	ZRANB2-AS2	0.1970820655470688	2046	19
hrc_tight_junction	primary	a	CANELLAS_CORE_HRC	control	ZSCAN9	0.11347571437009907	1606	17
hrc_tight_junction	primary	a	CANELLAS_CORE_HRC	control	ZYX	0.18684641727502277	2313	19
hrc_tight_junction	primary	a	CANELLAS_CORE_HRC	target	ADAM9	1.042053480124559	6651	23
hrc_tight_junction	primary	a	CANELLAS_CORE_HRC	target	AHNAK	0.5831374875706432	4757	22
hrc_tight_junction	primary	a	CANELLAS_CORE_HRC	target	AHNAK2	0.08151601546373213	908	16
hrc_tight_junction	primary	a	CANELLAS_CORE_HRC	target	ANXA11	0.862716633998458	6986	23
hrc_tight_junction	primary	a	CANELLAS_CORE_HRC	target	ARFGAP3	0.3675485895175808	3815	21
hrc_tight_junction	primary	a	CANELLAS_CORE_HRC	target	B4GALNT3	1.5688677042307513	7826	24
hrc_tight_junction	primary	a	CANELLAS_CORE_HRC	target	B4GALT1	0.4557996708610015	4407	22
hrc_tight_junction	primary	a	CANELLAS_CORE_HRC	target	BAIAP2L1	2.723511759074237	11176	24
hrc_tight_junction	primary	a	CANELLAS_CORE_HRC	target	BMP2	0.1214546480969043	1171	18
hrc_tight_junction	primary	a	CANELLAS_CORE_HRC	target	C19ORF33	0.4688323319844405	4116	22
hrc_tight_junction	primary	a	CANELLAS_CORE_HRC	target	CAMK2N1	0.7803973993412708	6274	23
hrc_tight_junction	primary	a	CANELLAS_CORE_HRC	target	CD55	1.0269018201331637	5171	23
hrc_tight_junction	primary	a	CANELLAS_CORE_HRC	target	CD59	0.6540745484537804	5753	23
hrc_tight_junction	primary	a	CANELLAS_CORE_HRC	target	CD68	0.07729839230150233	1315	16
hrc_tight_junction	primary	a	CANELLAS_CORE_HRC	target	CDA	0.08434388331254185	997	17
hrc_tight_junction	primary	a	CANELLAS_CORE_HRC	target	CDCP1	0.7241636753767343	6165	23
hrc_tight_junction	primary	a	CANELLAS_CORE_HRC	target	CDKN2B	0.07669896163449866	826	16
hrc_tight_junction	primary	a	CANELLAS_CORE_HRC	target	CEACAM1	1.1227457259492393	6241	24
hrc_tight_junction	primary	a	CANELLAS_CORE_HRC	target	CEACAM5	8.883825759220786	12581	24
hrc_tight_junction	primary	a	CANELLAS_CORE_HRC	target	CGN	0.35380020878198737	3885	21
hrc_tight_junction	primary	a	CANELLAS_CORE_HRC	target	CLIC3	0.032860020116354194	413	14
hrc_tight_junction	primary	a	CANELLAS_CORE_HRC	target	COL17A1	0.2994998568701884	2279	20
hrc_tight_junction	primary	a	CANELLAS_CORE_HRC	target	CXCL16	0.13807901164095718	1670	18
hrc_tight_junction	primary	a	CANELLAS_CORE_HRC	target	CYP3A5	1.008768905593422	6592	23
hrc_tight_junction	primary	a	CANELLAS_CORE_HRC	target	CYSTM1	0.6923950778134175	6033	23
hrc_tight_junction	primary	a	CANELLAS_CORE_HRC	target	DDR1	0.3325721182064545	3717	21
hrc_tight_junction	primary	a	CANELLAS_CORE_HRC	target	DSG2	1.6501572597472849	9398	24
hrc_tight_junction	primary	a	CANELLAS_CORE_HRC	target	DUSP5	0.08131345739491933	837	16
hrc_tight_junction	primary	a	CANELLAS_CORE_HRC	target	EFNB1	0.1474108345147129	1821	18
hrc_tight_junction	primary	a	CANELLAS_CORE_HRC	target	EMP1	0.5276297590670245	2401	22
hrc_tight_junction	primary	a	CANELLAS_CORE_HRC	target	EPS8L1	0.07990839960678017	1031	16
hrc_tight_junction	primary	a	CANELLAS_CORE_HRC	target	EZR	2.4826374488451997	9136	24
hrc_tight_junction	primary	a	CANELLAS_CORE_HRC	target	FA2H	0.573300736644772	4588	22
hrc_tight_junction	primary	a	CANELLAS_CORE_HRC	target	FLNB	2.6037322303008215	10936	24
hrc_tight_junction	primary	a	CANELLAS_CORE_HRC	target	GBP3	0.201280406833597	2494	19
hrc_tight_junction	primary	a	CANELLAS_CORE_HRC	target	GJB3	0.05527785189765777	727	15
hrc_tight_junction	primary	a	CANELLAS_CORE_HRC	target	GPRC5A	2.854808470922721	9594	24
hrc_tight_junction	primary	a	CANELLAS_CORE_HRC	target	HEBP2	0.5012165367365026	4729	22
hrc_tight_junction	primary	a	CANELLAS_CORE_HRC	target	ITGA2	1.9024797042258048	8275	24
hrc_tight_junction	primary	a	CANELLAS_CORE_HRC	target	ITGA3	0.49307905590000306	4504	22
hrc_tight_junction	primary	a	CANELLAS_CORE_HRC	target	ITGB1	2.1504740162318354	10439	24
hrc_tight_junction	primary	a	CANELLAS_CORE_HRC	target	ITGB4	0.6314004547994052	5291	22
hrc_tight_junction	primary	a	CANELLAS_CORE_HRC	target	JUP	0.989564449356444	6819	23
hrc_tight_junction	primary	a	CANELLAS_CORE_HRC	target	KLK10	0.17202363062101478	835	19
hrc_tight_junction	primary	a	CANELLAS_CORE_HRC	target	KRT80	0.14325124695892433	1289	18
hrc_tight_junction	primary	a	CANELLAS_CORE_HRC	target	LAMA3	0.9749367873645878	4645	23
hrc_tight_junction	primary	a	CANELLAS_CORE_HRC	target	LAMB3	0.6006283627562222	5001	22
hrc_tight_junction	primary	a	CANELLAS_CORE_HRC	target	LAMC2	0.7957043951504457	4137	23
hrc_tight_junction	primary	a	CANELLAS_CORE_HRC	target	LIPH	0.8066017195192348	5438	23
hrc_tight_junction	primary	a	CANELLAS_CORE_HRC	target	LMO7	3.1143128837478073	11823	24
hrc_tight_junction	primary	a	CANELLAS_CORE_HRC	target	LRP10	0.42813841885112747	3983	22
hrc_tight_junction	primary	a	CANELLAS_CORE_HRC	target	MISP	0.4514186075130036	4067	22
hrc_tight_junction	primary	a	CANELLAS_CORE_HRC	target	MUC13	1.6760194957855756	8603	24
hrc_tight_junction	primary	a	CANELLAS_CORE_HRC	target	MXD1	0.9306704145478929	5194	23
hrc_tight_junction	primary	a	CANELLAS_CORE_HRC	target	MYH14	2.2653094459216025	11050	24
hrc_tight_junction	primary	a	CANELLAS_CORE_HRC	target	MYOF	0.8326455365148074	5657	23
hrc_tight_junction	primary	a	CANELLAS_CORE_HRC	target	PCDH1	0.2016773665634177	2446	19
hrc_tight_junction	primary	a	CANELLAS_CORE_HRC	target	PDZK1IP1	0.30034336478804446	3224	20
hrc_tight_junction	primary	a	CANELLAS_CORE_HRC	target	PINK1	0.07167298492660636	1024	16
hrc_tight_junction	primary	a	CANELLAS_CORE_HRC	target	PLAUR	0.482304113192252	3604	22
hrc_tight_junction	primary	a	CANELLAS_CORE_HRC	target	PLEC	0.8607494477549137	5909	23
hrc_tight_junction	primary	a	CANELLAS_CORE_HRC	target	PPARD	0.39307694484191325	3881	21
hrc_tight_junction	primary	a	CANELLAS_CORE_HRC	target	PPP2CB	0.5194088179306078	4812	22
hrc_tight_junction	primary	a	CANELLAS_CORE_HRC	target	PRSS22	0.10562062835371655	1186	17
hrc_tight_junction	primary	a	CANELLAS_CORE_HRC	target	PTK6	0.26420616815401304	3119	20
hrc_tight_junction	primary	a	CANELLAS_CORE_HRC	target	PTPRH	0.09604387846197954	1317	17
hrc_tight_junction	primary	a	CANELLAS_CORE_HRC	target	RHOF	0.0641099385113442	862	16
hrc_tight_junction	primary	a	CANELLAS_CORE_HRC	target	RIOK3	0.7095080630956034	5480	23
hrc_tight_junction	primary	a	CANELLAS_CORE_HRC	target	RNF103	0.33736821163734987	3716	21
hrc_tight_junction	primary	a	CANELLAS_CORE_HRC	target	RRAS	0.11547123956921553	1469	17
hrc_tight_junction	primary	a	CANELLAS_CORE_HRC	target	SDCBP2	0.19914823032213305	1941	19
hrc_tight_junction	primary	a	CANELLAS_CORE_HRC	target	SEMA3B	0.2418384753464088	2440	20
hrc_tight_junction	primary	a	CANELLAS_CORE_HRC	target	SERINC2	0.4292554253268658	4338	22
hrc_tight_junction	primary	a	CANELLAS_CORE_HRC	target	SLC2A1	0.851625555174377	4257	23
hrc_tight_junction	primary	a	CANELLAS_CORE_HRC	target	SLC44A4	0.53366909208644	5166	22
hrc_tight_junction	primary	a	CANELLAS_CORE_HRC	target	SLC6A8	0.18429328456825378	1601	19
hrc_tight_junction	primary	a	CANELLAS_CORE_HRC	target	SLPI	0.5382734855523035	3149	22
hrc_tight_junction	primary	a	CANELLAS_CORE_HRC	target	SMAD3	0.8178359550080155	6771	23
hrc_tight_junction	primary	a	CANELLAS_CORE_HRC	target	SNX9	1.6130880481507626	9426	24
hrc_tight_junction	primary	a	CANELLAS_CORE_HRC	target	SPINT1	0.4655911144455807	4666	22
hrc_tight_junction	primary	a	CANELLAS_CORE_HRC	target	STK24	1.5083046888354203	9638	24
hrc_tight_junction	primary	a	CANELLAS_CORE_HRC	target	TIMP2	0.0749873759576654	1163	16
hrc_tight_junction	primary	a	CANELLAS_CORE_HRC	target	TINAGL1	0.3059112852462212	3266	21
hrc_tight_junction	primary	a	CANELLAS_CORE_HRC	target	TJP3	0.37577817560143456	4145	21
hrc_tight_junction	primary	a	CANELLAS_CORE_HRC	target	TM4SF1	0.6414971324183589	3968	23
hrc_tight_junction	primary	a	CANELLAS_CORE_HRC	target	TMBIM1	0.4922410491364119	4397	22
hrc_tight_junction	primary	a	CANELLAS_CORE_HRC	target	TMPRSS2	1.0039291873595702	7135	23
hrc_tight_junction	primary	a	CANELLAS_CORE_HRC	target	TMPRSS4	1.718024656330155	9840	24
hrc_tight_junction	primary	a	CANELLAS_CORE_HRC	target	TNFRSF21	0.85655779161387	5392	23
hrc_tight_junction	primary	a	CANELLAS_CORE_HRC	target	TSPAN1	0.5757140681800059	3868	22
hrc_tight_junction	primary	a	CANELLAS_CORE_HRC	target	TSPAN3	0.9211984207873797	7306	23
hrc_tight_junction	primary	a	CANELLAS_CORE_HRC	target	UGCG	0.4945263254127943	4889	22
hrc_tight_junction	primary	a	CANELLAS_CORE_HRC	target	USP53	2.441743401873007	9622	24
hrc_tight_junction	primary	b	REACTOME_TIGHT_JUNCTION_INTERACTIONS	control	A2M	0.004794161557250526	603	10
hrc_tight_junction	primary	b	REACTOME_TIGHT_JUNCTION_INTERACTIONS	control	AAK1	0.6731476335321378	5989	23
hrc_tight_junction	primary	b	REACTOME_TIGHT_JUNCTION_INTERACTIONS	control	ABI2	0.7037999176135407	6320	23
hrc_tight_junction	primary	b	REACTOME_TIGHT_JUNCTION_INTERACTIONS	control	ABRACL	0.2427055511098417	2697	20
hrc_tight_junction	primary	b	REACTOME_TIGHT_JUNCTION_INTERACTIONS	control	AC003035.2	0.0007495783621712788	11	5
hrc_tight_junction	primary	b	REACTOME_TIGHT_JUNCTION_INTERACTIONS	control	AC003965.2	0.017673743851620186	254	13
hrc_tight_junction	primary	b	REACTOME_TIGHT_JUNCTION_INTERACTIONS	control	AC004556.3	0.0075547906823604715	102	11
hrc_tight_junction	primary	b	REACTOME_TIGHT_JUNCTION_INTERACTIONS	control	AC004593.2	0.0024541330200510787	40	8
hrc_tight_junction	primary	b	REACTOME_TIGHT_JUNCTION_INTERACTIONS	control	AC004803.1	0.007749202439976965	124	11
hrc_tight_junction	primary	b	REACTOME_TIGHT_JUNCTION_INTERACTIONS	control	AC004994.1	5.595841468240582e-05	1	0
hrc_tight_junction	primary	b	REACTOME_TIGHT_JUNCTION_INTERACTIONS	control	AC005014.4	0.016886298262847335	259	13
hrc_tight_junction	primary	b	REACTOME_TIGHT_JUNCTION_INTERACTIONS	control	AC005586.1	0.014259372572738354	222	12
hrc_tight_junction	primary	b	REACTOME_TIGHT_JUNCTION_INTERACTIONS	control	AC005592.2	6.246486351427322e-05	1	0
hrc_tight_junction	primary	b	REACTOME_TIGHT_JUNCTION_INTERACTIONS	control	AC006449.2	0.010508645079004711	166	12
hrc_tight_junction	primary	b	REACTOME_TIGHT_JUNCTION_INTERACTIONS	control	AC006511.4	0.00868050958939142	130	11
hrc_tight_junction	primary	b	REACTOME_TIGHT_JUNCTION_INTERACTIONS	control	AC006960.2	0.002114881149080872	30	8
hrc_tight_junction	primary	b	REACTOME_TIGHT_JUNCTION_INTERACTIONS	control	AC007114.1	0.022444832592307177	330	13
hrc_tight_junction	primary	b	REACTOME_TIGHT_JUNCTION_INTERACTIONS	control	AC007325.2	0.005412089213327722	78	10
hrc_tight_junction	primary	b	REACTOME_TIGHT_JUNCTION_INTERACTIONS	control	AC007448.4	0.006041356679746729	91	10
hrc_tight_junction	primary	b	REACTOME_TIGHT_JUNCTION_INTERACTIONS	control	AC007608.2	0.007990969836551771	126	11
hrc_tight_junction	primary	b	REACTOME_TIGHT_JUNCTION_INTERACTIONS	control	AC007639.1	0.008270411560943335	127	11
hrc_tight_junction	primary	b	REACTOME_TIGHT_JUNCTION_INTERACTIONS	control	AC007688.3	0.00018739459054281966	3	2
hrc_tight_junction	primary	b	REACTOME_TIGHT_JUNCTION_INTERACTIONS	control	AC008115.1	0.005310985799866037	81	10
hrc_tight_junction	primary	b	REACTOME_TIGHT_JUNCTION_INTERACTIONS	control	AC008403.2	0.0008745080891998253	14	5
hrc_tight_junction	primary	b	REACTOME_TIGHT_JUNCTION_INTERACTIONS	control	AC008464.1	6.246486351427322e-05	1	0
hrc_tight_junction	primary	b	REACTOME_TIGHT_JUNCTION_INTERACTIONS	control	AC009081.1	0.0056785730055981115	83	10
hrc_tight_junction	primary	b	REACTOME_TIGHT_JUNCTION_INTERACTIONS	control	AC009118.1	6.246486351427322e-05	1	0
hrc_tight_junction	primary	b	REACTOME_TIGHT_JUNCTION_INTERACTIONS	control	AC009434.1	0.00018739459054281966	3	2
hrc_tight_junction	primary	b	REACTOME_TIGHT_JUNCTION_INTERACTIONS	control	AC009563.1	0.011263635545900137	164	12
hrc_tight_junction	primary	b	REACTOME_TIGHT_JUNCTION_INTERACTIONS	control	AC010266.2	0.00021147627812336174	4	2
hrc_tight_junction	primary	b	REACTOME_TIGHT_JUNCTION_INTERACTIONS	control	AC010275.1	0.0007981454323052041	25	5
hrc_tight_junction	primary	b	REACTOME_TIGHT_JUNCTION_INTERACTIONS	control	AC010468.2	0.00012492972702855617	3	2
hrc_tight_junction	primary	b	REACTOME_TIGHT_JUNCTION_INTERACTIONS	control	AC010643.1	0.004583516497847002	67	10
hrc_tight_junction	primary	b	REACTOME_TIGHT_JUNCTION_INTERACTIONS	control	AC010761.2	0.008438646074788635	131	11
hrc_tight_junction	primary	b	REACTOME_TIGHT_JUNCTION_INTERACTIONS	control	AC010883.3	0.02260826285785374	349	13
hrc_tight_junction	primary	b	REACTOME_TIGHT_JUNCTION_INTERACTIONS	control	AC011352.3	6.246486351427322e-05	1	0
hrc_tight_junction	primary	b	REACTOME_TIGHT_JUNCTION_INTERACTIONS	control	AC011365.2	0.0008120432256855521	13	5
hrc_tight_junction	primary	b	REACTOME_TIGHT_JUNCTION_INTERACTIONS	control	AC011444.2	0.01896424438797174	279	13
hrc_tight_junction	primary	b	REACTOME_TIGHT_JUNCTION_INTERACTIONS	control	AC011446.2	0.0008745080891998253	14	5
hrc_tight_junction	primary	b	REACTOME_TIGHT_JUNCTION_INTERACTIONS	control	AC011479.4	0.009016382254162621	141	11
hrc_tight_junction	primary	b	REACTOME_TIGHT_JUNCTION_INTERACTIONS	control	AC011899.1	0.0008728116410044732	14	5
hrc_tight_junction	primary	b	REACTOME_TIGHT_JUNCTION_INTERACTIONS	control	AC012417.1	0.00018739459054281966	3	2
hrc_tight_junction	primary	b	REACTOME_TIGHT_JUNCTION_INTERACTIONS	control	AC012501.2	0.33720411296504044	1985	21
hrc_tight_junction	primary	b	REACTOME_TIGHT_JUNCTION_INTERACTIONS	control	AC012510.1	0.0055755103644905294	85	10
hrc_tight_junction	primary	b	REACTOME_TIGHT_JUNCTION_INTERACTIONS	control	AC012557.2	0.0025274027659032377	40	8
hrc_tight_junction	primary	b	REACTOME_TIGHT_JUNCTION_INTERACTIONS	control	AC012640.4	0.0026049777773260742	41	8
hrc_tight_junction	primary	b	REACTOME_TIGHT_JUNCTION_INTERACTIONS	control	AC013436.1	0.0008120432256855521	13	5
hrc_tight_junction	primary	b	REACTOME_TIGHT_JUNCTION_INTERACTIONS	control	AC015845.1	0.009052251442512307	142	11
hrc_tight_junction	primary	b	REACTOME_TIGHT_JUNCTION_INTERACTIONS	control	AC015849.4	0.015861242557198937	249	13
hrc_tight_junction	primary	b	REACTOME_TIGHT_JUNCTION_INTERACTIONS	control	AC016597.1	0.03747780791481081	562	15
hrc_tight_junction	primary	b	REACTOME_TIGHT_JUNCTION_INTERACTIONS	control	AC016737.1	0.007170562521791354	114	11
hrc_tight_junction	primary	b	REACTOME_TIGHT_JUNCTION_INTERACTIONS	control	AC016745.1	0.3708452579529683	3196	21
hrc_tight_junction	primary	b	REACTOME_TIGHT_JUNCTION_INTERACTIONS	control	AC017074.2	0.0019988756324567434	32	8
hrc_tight_junction	primary	b	REACTOME_TIGHT_JUNCTION_INTERACTIONS	control	AC018754.1	0.005125237792754531	72	10
hrc_tight_junction	primary	b	REACTOME_TIGHT_JUNCTION_INTERACTIONS	control	AC021594.2	0.0001927298485015625	7	2
hrc_tight_junction	primary	b	REACTOME_TIGHT_JUNCTION_INTERACTIONS	control	AC021613.1	0.002555974899653944	40	8
hrc_tight_junction	primary	b	REACTOME_TIGHT_JUNCTION_INTERACTIONS	control	AC021723.2	0.017238887505293343	177	13
hrc_tight_junction	primary	b	REACTOME_TIGHT_JUNCTION_INTERACTIONS	control	AC022730.3	0.000812043225685552	12	5
hrc_tight_junction	primary	b	REACTOME_TIGHT_JUNCTION_INTERACTIONS	control	AC023590.1	0.7793898341493245	6541	23
hrc_tight_junction	primary	b	REACTOME_TIGHT_JUNCTION_INTERACTIONS	control	AC023644.1	0.004310075582484847	64	10
hrc_tight_junction	primary	b	REACTOME_TIGHT_JUNCTION_INTERACTIONS	control	AC025030.2	0.009446518754324671	146	11
hrc_tight_junction	primary	b	REACTOME_TIGHT_JUNCTION_INTERACTIONS	control	AC026310.2	5.9247136049010305e-05	1	0
hrc_tight_junction	primary	b	REACTOME_TIGHT_JUNCTION_INTERACTIONS	control	AC026462.5	0.02335232155961481	328	13
hrc_tight_junction	primary	b	REACTOME_TIGHT_JUNCTION_INTERACTIONS	control	AC026471.2	0.006214773500797419	99	10
hrc_tight_junction	primary	b	REACTOME_TIGHT_JUNCTION_INTERACTIONS	control	AC026765.3	0.0209015536422963	290	13
hrc_tight_junction	primary	b	REACTOME_TIGHT_JUNCTION_INTERACTIONS	control	AC026979.4	0.01477928361445022	225	12
hrc_tight_junction	primary	b	REACTOME_TIGHT_JUNCTION_INTERACTIONS	control	AC027045.2	0.0007355313319255623	12	5
hrc_tight_junction	primary	b	REACTOME_TIGHT_JUNCTION_INTERACTIONS	control	AC027117.1	0.008619894891892008	134	11
hrc_tight_junction	primary	b	REACTOME_TIGHT_JUNCTION_INTERACTIONS	control	AC027796.1	0.011578874049936436	179	12
hrc_tight_junction	primary	b	REACTOME_TIGHT_JUNCTION_INTERACTIONS	control	AC034236.3	0.0008590378114348968	14	5
hrc_tight_junction	primary	b	REACTOME_TIGHT_JUNCTION_INTERACTIONS	control	AC055854.1	0.002209476136693621	34	8
hrc_tight_junction	primary	b	REACTOME_TIGHT_JUNCTION_INTERACTIONS	control	AC063960.2	0.01583522520608004	245	13
hrc_tight_junction	primary	b	REACTOME_TIGHT_JUNCTION_INTERACTIONS	control	AC067751.1	0.012601630019932655	206	12
hrc_tight_junction	primary	b	REACTOME_TIGHT_JUNCTION_INTERACTIONS	control	AC068338.3	0.007880415023024752	123	11
hrc_tight_junction	primary	b	REACTOME_TIGHT_JUNCTION_INTERACTIONS	control	AC068473.5	0.011358303035308603	181	12
hrc_tight_junction	primary	b	REACTOME_TIGHT_JUNCTION_INTERACTIONS	control	AC068633.1	0.010718707018286077	159	12
hrc_tight_junction	primary	b	REACTOME_TIGHT_JUNCTION_INTERACTIONS	control	AC068790.5	0.0022710713954358463	38	8
hrc_tight_junction	primary	b	REACTOME_TIGHT_JUNCTION_INTERACTIONS	control	AC069185.1	0.010589526493251943	164	12
hrc_tight_junction	primary	b	REACTOME_TIGHT_JUNCTION_INTERACTIONS	control	AC069234.3	6.246486351427322e-05	1	0
hrc_tight_junction	primary	b	REACTOME_TIGHT_JUNCTION_INTERACTIONS	control	AC072061.1	0.007470478532881563	117	11
hrc_tight_junction	primary	b	REACTOME_TIGHT_JUNCTION_INTERACTIONS	control	AC073517.1	0.0008967138221362326	15	5
hrc_tight_junction	primary	b	REACTOME_TIGHT_JUNCTION_INTERACTIONS	control	AC073878.2	6.246486351427322e-05	1	0
hrc_tight_junction	primary	b	REACTOME_TIGHT_JUNCTION_INTERACTIONS	control	AC074132.1	6.246486351427322e-05	1	0
hrc_tight_junction	primary	b	REACTOME_TIGHT_JUNCTION_INTERACTIONS	control	AC078962.3	0.007181982057249	111	11
hrc_tight_junction	primary	b	REACTOME_TIGHT_JUNCTION_INTERACTIONS	control	AC079305.3	0.020347080818084288	312	13
hrc_tight_junction	primary	b	REACTOME_TIGHT_JUNCTION_INTERACTIONS	control	AC084816.1	0.03207183766055283	332	14
hrc_tight_junction	primary	b	REACTOME_TIGHT_JUNCTION_INTERACTIONS	control	AC087277.1	0.00024570646347964723	4	2
hrc_tight_junction	primary	b	REACTOME_TIGHT_JUNCTION_INTERACTIONS	control	AC087468.2	0.0007957157304430077	13	5
hrc_tight_junction	primary	b	REACTOME_TIGHT_JUNCTION_INTERACTIONS	control	AC090004.2	0.0019945051700008963	28	8
hrc_tight_junction	primary	b	REACTOME_TIGHT_JUNCTION_INTERACTIONS	control	AC090559.2	0.014637199602520846	232	12
hrc_tight_junction	primary	b	REACTOME_TIGHT_JUNCTION_INTERACTIONS	control	AC091953.1	6.246486351427322e-05	1	0
hrc_tight_junction	primary	b	REACTOME_TIGHT_JUNCTION_INTERACTIONS	control	AC092153.1	0.009021306340970977	143	11
hrc_tight_junction	primary	b	REACTOME_TIGHT_JUNCTION_INTERACTIONS	control	AC092287.1	0.02184798400803725	328	13
hrc_tight_junction	primary	b	REACTOME_TIGHT_JUNCTION_INTERACTIONS	control	AC092667.1	0.00018739459054281966	2	2
hrc_tight_junction	primary	b	REACTOME_TIGHT_JUNCTION_INTERACTIONS	control	AC092757.2	0.009463516417400954	150	11
hrc_tight_junction	primary	b	REACTOME_TIGHT_JUNCTION_INTERACTIONS	control	AC093734.1	6.246486351427322e-05	1	0
hrc_tight_junction	primary	b	REACTOME_TIGHT_JUNCTION_INTERACTIONS	control	AC093765.3	0.0008662060881414588	14	5
hrc_tight_junction	primary	b	REACTOME_TIGHT_JUNCTION_INTERACTIONS	control	AC096586.1	0.006942970598277895	115	11
hrc_tight_junction	primary	b	REACTOME_TIGHT_JUNCTION_INTERACTIONS	control	AC096734.2	0.0002498594540570929	4	2
hrc_tight_junction	primary	b	REACTOME_TIGHT_JUNCTION_INTERACTIONS	control	AC097625.1	0.0006392758566060335	11	5
hrc_tight_junction	primary	b	REACTOME_TIGHT_JUNCTION_INTERACTIONS	control	AC099343.2	0.006495949720724269	106	11
hrc_tight_junction	primary	b	REACTOME_TIGHT_JUNCTION_INTERACTIONS	control	AC099554.1	6.246486351427322e-05	1	0
hrc_tight_junction	primary	b	REACTOME_TIGHT_JUNCTION_INTERACTIONS	control	AC099661.1	0.016301850311551666	252	13
hrc_tight_junction	primary	b	REACTOME_TIGHT_JUNCTION_INTERACTIONS	control	AC100800.1	0.030138936888792354	445	14
hrc_tight_junction	primary	b	REACTOME_TIGHT_JUNCTION_INTERACTIONS	control	AC103809.1	0.00018739459054281966	3	2
hrc_tight_junction	primary	b	REACTOME_TIGHT_JUNCTION_INTERACTIONS	control	AC104009.1	0.0006700983142203459	11	5
hrc_tight_junction	primary	b	REACTOME_TIGHT_JUNCTION_INTERACTIONS	control	AC104793.1	6.246486351427322e-05	1	0
hrc_tight_junction	primary	b	REACTOME_TIGHT_JUNCTION_INTERACTIONS	control	AC104794.3	0.010495117483002615	171	12
hrc_tight_junction	primary	b	REACTOME_TIGHT_JUNCTION_INTERACTIONS	control	AC105446.1	0.008068048609242056	126	11
hrc_tight_junction	primary	b	REACTOME_TIGHT_JUNCTION_INTERACTIONS	control	AC106782.5	0.002155802837279848	37	8
hrc_tight_junction	primary	b	REACTOME_TIGHT_JUNCTION_INTERACTIONS	control	AC106795.5	0.0002441238817875848	3	2
hrc_tight_junction	primary	b	REACTOME_TIGHT_JUNCTION_INTERACTIONS	control	AC107464.3	0.0007203316299835934	14	5
hrc_tight_junction	primary	b	REACTOME_TIGHT_JUNCTION_INTERACTIONS	control	AC108102.1	0.0006843206139177958	11	5
hrc_tight_junction	primary	b	REACTOME_TIGHT_JUNCTION_INTERACTIONS	control	AC114811.2	0.00708091670043523	110	11
hrc_tight_junction	primary	b	REACTOME_TIGHT_JUNCTION_INTERACTIONS	control	AC115618.1	0.002564462669576782	42	8
hrc_tight_junction	primary	b	REACTOME_TIGHT_JUNCTION_INTERACTIONS	control	AC116366.2	0.005512037324655211	89	10
hrc_tight_junction	primary	b	REACTOME_TIGHT_JUNCTION_INTERACTIONS	control	AC116407.2	0.034689537336128035	509	14
hrc_tight_junction	primary	b	REACTOME_TIGHT_JUNCTION_INTERACTIONS	control	AC119150.1	0.01831140506050856	269	13
hrc_tight_junction	primary	b	REACTOME_TIGHT_JUNCTION_INTERACTIONS	control	AC122710.1	6.246486351427322e-05	1	0
hrc_tight_junction	primary	b	REACTOME_TIGHT_JUNCTION_INTERACTIONS	control	AC123023.1	0.012109446588123442	186	12
hrc_tight_junction	primary	b	REACTOME_TIGHT_JUNCTION_INTERACTIONS	control	AC125793.1	0.0049457800396527215	76	10
hrc_tight_junction	primary	b	REACTOME_TIGHT_JUNCTION_INTERACTIONS	control	AC126178.1	0.011789677807166166	164	12
hrc_tight_junction	primary	b	REACTOME_TIGHT_JUNCTION_INTERACTIONS	control	AC129926.2	0.0006537300946599458	11	5
hrc_tight_junction	primary	b	REACTOME_TIGHT_JUNCTION_INTERACTIONS	control	AC136944.2	0.0028175435445095542	46	8
hrc_tight_junction	primary	b	REACTOME_TIGHT_JUNCTION_INTERACTIONS	control	AC137936.1	0.0006246486351427324	10	5
hrc_tight_junction	primary	b	REACTOME_TIGHT_JUNCTION_INTERACTIONS	control	AC138393.3	0.004577538202983821	73	10
hrc_tight_junction	primary	b	REACTOME_TIGHT_JUNCTION_INTERACTIONS	control	AC139493.2	0.00492220677310205	74	10
hrc_tight_junction	primary	b	REACTOME_TIGHT_JUNCTION_INTERACTIONS	control	AC139718.2	0.0023043588789556785	36	8
hrc_tight_junction	primary	b	REACTOME_TIGHT_JUNCTION_INTERACTIONS	control	AC142472.1	0.026724223838441332	405	14
hrc_tight_junction	primary	b	REACTOME_TIGHT_JUNCTION_INTERACTIONS	control	AC145207.1	0.0061806782254482185	93	10
hrc_tight_junction	primary	b	REACTOME_TIGHT_JUNCTION_INTERACTIONS	control	AC145207.4	0.00018739459054281966	3	2
hrc_tight_junction	primary	b	REACTOME_TIGHT_JUNCTION_INTERACTIONS	control	AC211476.2	0.004548504165814063	71	10
hrc_tight_junction	primary	b	REACTOME_TIGHT_JUNCTION_INTERACTIONS	control	AC215217.1	6.246486351427322e-05	1	0
hrc_tight_junction	primary	b	REACTOME_TIGHT_JUNCTION_INTERACTIONS	control	AC231759.2	0.008881787482635824	142	11
hrc_tight_junction	primary	b	REACTOME_TIGHT_JUNCTION_INTERACTIONS	control	AC239584.1	0.014607600324627039	200	12
hrc_tight_junction	primary	b	REACTOME_TIGHT_JUNCTION_INTERACTIONS	control	AC242426.2	0.18856699401996194	2294	19
hrc_tight_junction	primary	b	REACTOME_TIGHT_JUNCTION_INTERACTIONS	control	AC243967.2	0.20056422776229776	2277	19
hrc_tight_junction	primary	b	REACTOME_TIGHT_JUNCTION_INTERACTIONS	control	AC244517.7	6.246486351427322e-05	1	0
hrc_tight_junction	primary	b	REACTOME_TIGHT_JUNCTION_INTERACTIONS	control	AC244636.3	0.002533000684170208	40	8
hrc_tight_junction	primary	b	REACTOME_TIGHT_JUNCTION_INTERACTIONS	control	AC245060.6	0.01123402744775501	179	12
hrc_tight_junction	primary	b	REACTOME_TIGHT_JUNCTION_INTERACTIONS	control	ACADL	0.0008463117977989493	19	5
hrc_tight_junction	primary	b	REACTOME_TIGHT_JUNCTION_INTERACTIONS	control	ACAT1	0.1794480742479786	2255	19
hrc_tight_junction	primary	b	REACTOME_TIGHT_JUNCTION_INTERACTIONS	control	ACP6	0.2519910219079202	3011	20
hrc_tight_junction	primary	b	REACTOME_TIGHT_JUNCTION_INTERACTIONS	control	ACRV1	0.006300414950390858	98	10
hrc_tight_junction	primary	b	REACTOME_TIGHT_JUNCTION_INTERACTIONS	control	ACSL1	0.11576842576595514	1739	17
hrc_tight_junction	primary	b	REACTOME_TIGHT_JUNCTION_INTERACTIONS	control	ADAM17	0.7840759491509447	7024	23
hrc_tight_junction	primary	b	REACTOME_TIGHT_JUNCTION_INTERACTIONS	control	ADAM32	0.26459159851223185	2514	20
hrc_tight_junction	primary	b	REACTOME_TIGHT_JUNCTION_INTERACTIONS	control	ADAMTS9-AS2	0.00444417776446571	180	10
hrc_tight_junction	primary	b	REACTOME_TIGHT_JUNCTION_INTERACTIONS	control	ADCY5	0.03120215808978423	323	14
hrc_tight_junction	primary	b	REACTOME_TIGHT_JUNCTION_INTERACTIONS	control	ADCY7	0.10639328974777863	1510	17
hrc_tight_junction	primary	b	REACTOME_TIGHT_JUNCTION_INTERACTIONS	control	ADGRB2	0.005979816384464117	93	10
hrc_tight_junction	primary	b	REACTOME_TIGHT_JUNCTION_INTERACTIONS	control	ADGRD1	0.005775458567615642	111	10
hrc_tight_junction	primary	b	REACTOME_TIGHT_JUNCTION_INTERACTIONS	control	ADGRD2	0.0008745080891998253	14	5
hrc_tight_junction	primary	b	REACTOME_TIGHT_JUNCTION_INTERACTIONS	control	ADRA2A	0.041869563470067594	576	15
hrc_tight_junction	primary	b	REACTOME_TIGHT_JUNCTION_INTERACTIONS	control	AF001548.2	0.009071927464829672	142	11
hrc_tight_junction	primary	b	REACTOME_TIGHT_JUNCTION_INTERACTIONS	control	AF064858.1	0.17243427467849526	1872	19
hrc_tight_junction	primary	b	REACTOME_TIGHT_JUNCTION_INTERACTIONS	control	AF111167.2	0.0007556541731225179	12	5
hrc_tight_junction	primary	b	REACTOME_TIGHT_JUNCTION_INTERACTIONS	control	AF127577.2	0.04829698190436504	713	15
hrc_tight_junction	primary	b	REACTOME_TIGHT_JUNCTION_INTERACTIONS	control	AF130417.1	0.005009634783403647	71	10
hrc_tight_junction	primary	b	REACTOME_TIGHT_JUNCTION_INTERACTIONS	control	AL031651.1	0.00012492972702854644	2	2
hrc_tight_junction	primary	b	REACTOME_TIGHT_JUNCTION_INTERACTIONS	control	AL031705.1	0.004328609313365558	71	10
hrc_tight_junction	primary	b	REACTOME_TIGHT_JUNCTION_INTERACTIONS	control	AL033523.1	0.006415750910952616	97	11
hrc_tight_junction	primary	b	REACTOME_TIGHT_JUNCTION_INTERACTIONS	control	AL034417.2	0.04064111799477624	563	15
hrc_tight_junction	primary	b	REACTOME_TIGHT_JUNCTION_INTERACTIONS	control	AL035658.1	0.01267138817143683	201	12
hrc_tight_junction	primary	b	REACTOME_TIGHT_JUNCTION_INTERACTIONS	control	AL049840.5	0.03626632971344826	562	14
hrc_tight_junction	primary	b	REACTOME_TIGHT_JUNCTION_INTERACTIONS	control	AL078582.1	6.246486351427322e-05	1	0
hrc_tight_junction	primary	b	REACTOME_TIGHT_JUNCTION_INTERACTIONS	control	AL109809.5	0.022580688836431613	320	13
hrc_tight_junction	primary	b	REACTOME_TIGHT_JUNCTION_INTERACTIONS	control	AL121757.2	0.033150706179353895	422	14
hrc_tight_junction	primary	b	REACTOME_TIGHT_JUNCTION_INTERACTIONS	control	AL121772.3	0.021807627236644266	334	13
hrc_tight_junction	primary	b	REACTOME_TIGHT_JUNCTION_INTERACTIONS	control	AL121906.2	0.002093343364953384	34	8
hrc_tight_junction	primary	b	REACTOME_TIGHT_JUNCTION_INTERACTIONS	control	AL136115.1	0.010911230626860743	172	12
hrc_tight_junction	primary	b	REACTOME_TIGHT_JUNCTION_INTERACTIONS	control	AL136131.3	0.026302802556384116	394	14
hrc_tight_junction	primary	b	REACTOME_TIGHT_JUNCTION_INTERACTIONS	control	AL137246.2	0.00016757163602933942	3	2
hrc_tight_junction	primary	b	REACTOME_TIGHT_JUNCTION_INTERACTIONS	control	AL138731.1	0.00022202711562859139	5	2
hrc_tight_junction	primary	b	REACTOME_TIGHT_JUNCTION_INTERACTIONS	control	AL138756.1	0.08511453775368011	1182	17
hrc_tight_junction	primary	b	REACTOME_TIGHT_JUNCTION_INTERACTIONS	control	AL138831.2	0.0002498594540570929	4	2
hrc_tight_junction	primary	b	REACTOME_TIGHT_JUNCTION_INTERACTIONS	control	AL139193.1	0.000246035139776198	4	2
hrc_tight_junction	primary	b	REACTOME_TIGHT_JUNCTION_INTERACTIONS	control	AL139287.1	0.0006245860593875484	10	5
hrc_tight_junction	primary	b	REACTOME_TIGHT_JUNCTION_INTERACTIONS	control	AL139420.1	6.246486351427322e-05	1	0
hrc_tight_junction	primary	b	REACTOME_TIGHT_JUNCTION_INTERACTIONS	control	AL157938.4	0.0002496103350126853	4	2
hrc_tight_junction	primary	b	REACTOME_TIGHT_JUNCTION_INTERACTIONS	control	AL160154.1	0.0001861364071951032	3	2
hrc_tight_junction	primary	b	REACTOME_TIGHT_JUNCTION_INTERACTIONS	control	AL161636.1	0.0002498594540570929	4	2
hrc_tight_junction	primary	b	REACTOME_TIGHT_JUNCTION_INTERACTIONS	control	AL163952.1	0.011605230376642841	148	12
hrc_tight_junction	primary	b	REACTOME_TIGHT_JUNCTION_INTERACTIONS	control	AL352984.1	0.01901949424494642	285	13
hrc_tight_junction	primary	b	REACTOME_TIGHT_JUNCTION_INTERACTIONS	control	AL353576.1	0.0140052835903636	212	12
hrc_tight_junction	primary	b	REACTOME_TIGHT_JUNCTION_INTERACTIONS	control	AL353600.1	6.246486351427322e-05	1	0
hrc_tight_junction	primary	b	REACTOME_TIGHT_JUNCTION_INTERACTIONS	control	AL353604.1	0.0007968749884729936	15	5
hrc_tight_junction	primary	b	REACTOME_TIGHT_JUNCTION_INTERACTIONS	control	AL353633.1	0.0026235242675994746	32	8
hrc_tight_junction	primary	b	REACTOME_TIGHT_JUNCTION_INTERACTIONS	control	AL353689.3	0.010857538229313075	168	12
hrc_tight_junction	primary	b	REACTOME_TIGHT_JUNCTION_INTERACTIONS	control	AL353796.1	0.015124594854738153	235	13
hrc_tight_junction	primary	b	REACTOME_TIGHT_JUNCTION_INTERACTIONS	control	AL355075.4	0.019605212826210305	285	13
hrc_tight_junction	primary	b	REACTOME_TIGHT_JUNCTION_INTERACTIONS	control	AL355337.1	6.246486351427322e-05	1	0
hrc_tight_junction	primary	b	REACTOME_TIGHT_JUNCTION_INTERACTIONS	control	AL356276.1	3.999510013347518e-05	3	0
hrc_tight_junction	primary	b	REACTOME_TIGHT_JUNCTION_INTERACTIONS	control	AL356608.1	6.246486351427322e-05	1	0
hrc_tight_junction	primary	b	REACTOME_TIGHT_JUNCTION_INTERACTIONS	control	AL357093.2	0.03973662199633914	591	15
hrc_tight_junction	primary	b	REACTOME_TIGHT_JUNCTION_INTERACTIONS	control	AL358876.2	6.246486351427322e-05	1	0
hrc_tight_junction	primary	b	REACTOME_TIGHT_JUNCTION_INTERACTIONS	control	AL359378.1	0.005391354818571676	74	10
hrc_tight_junction	primary	b	REACTOME_TIGHT_JUNCTION_INTERACTIONS	control	AL365181.3	0.04776898930272199	587	15
hrc_tight_junction	primary	b	REACTOME_TIGHT_JUNCTION_INTERACTIONS	control	AL365259.1	0.0021915982349716575	40	8
hrc_tight_junction	primary	b	REACTOME_TIGHT_JUNCTION_INTERACTIONS	control	AL390860.1	0.012265647583566595	160	12
hrc_tight_junction	primary	b	REACTOME_TIGHT_JUNCTION_INTERACTIONS	control	AL390961.2	0.0062897480385271706	102	10
hrc_tight_junction	primary	b	REACTOME_TIGHT_JUNCTION_INTERACTIONS	control	AL391650.1	0.0006246486351427322	9	5
hrc_tight_junction	primary	b	REACTOME_TIGHT_JUNCTION_INTERACTIONS	control	AL442125.1	0.026458530234950973	398	14
hrc_tight_junction	primary	b	REACTOME_TIGHT_JUNCTION_INTERACTIONS	control	AL450263.1	0.014532091508271215	226	12
hrc_tight_junction	primary	b	REACTOME_TIGHT_JUNCTION_INTERACTIONS	control	AL450345.2	0.010482219166695804	151	12
hrc_tight_junction	primary	b	REACTOME_TIGHT_JUNCTION_INTERACTIONS	control	AL451042.2	0.005365994777229079	80	10
hrc_tight_junction	primary	b	REACTOME_TIGHT_JUNCTION_INTERACTIONS	control	AL451069.2	0.013294283957549584	206	12
hrc_tight_junction	primary	b	REACTOME_TIGHT_JUNCTION_INTERACTIONS	control	AL512641.1	0.0006871134986570056	11	5
hrc_tight_junction	primary	b	REACTOME_TIGHT_JUNCTION_INTERACTIONS	control	AL590822.2	0.006117195942778815	98	10
hrc_tight_junction	primary	b	REACTOME_TIGHT_JUNCTION_INTERACTIONS	control	AL591178.2	6.246486351427322e-05	1	0
hrc_tight_junction	primary	b	REACTOME_TIGHT_JUNCTION_INTERACTIONS	control	AL592430.2	0.0008713480340406134	14	5
hrc_tight_junction	primary	b	REACTOME_TIGHT_JUNCTION_INTERACTIONS	control	AL592464.2	6.246486351427322e-05	1	0
hrc_tight_junction	primary	b	REACTOME_TIGHT_JUNCTION_INTERACTIONS	control	AL662844.3	0.0006223779919369544	9	5
hrc_tight_junction	primary	b	REACTOME_TIGHT_JUNCTION_INTERACTIONS	control	AL731533.3	0.00018739459054281966	3	2
hrc_tight_junction	primary	b	REACTOME_TIGHT_JUNCTION_INTERACTIONS	control	AL831784.1	0.00018739459054281966	3	2
hrc_tight_junction	primary	b	REACTOME_TIGHT_JUNCTION_INTERACTIONS	control	ALDOC	0.04535208027503846	606	15
hrc_tight_junction	primary	b	REACTOME_TIGHT_JUNCTION_INTERACTIONS	control	ALG1L	0.020259054304025546	300	13
hrc_tight_junction	primary	b	REACTOME_TIGHT_JUNCTION_INTERACTIONS	control	ALKBH6	0.045755557604662336	694	15
hrc_tight_junction	primary	b	REACTOME_TIGHT_JUNCTION_INTERACTIONS	control	AMFR	0.307447686974787	3534	21
hrc_tight_junction	primary	b	REACTOME_TIGHT_JUNCTION_INTERACTIONS	control	ANKRD45	0.0026319456641102617	36	8
hrc_tight_junction	primary	b	REACTOME_TIGHT_JUNCTION_INTERACTIONS	control	ANKRD62P1-PARP4P3	0.0002369596819806437	4	2
hrc_tight_junction	primary	b	REACTOME_TIGHT_JUNCTION_INTERACTIONS	control	ANKRD7	0.010573433847905132	131	12
hrc_tight_junction	primary	b	REACTOME_TIGHT_JUNCTION_INTERACTIONS	control	ANLN	0.3454450363929369	2227	21
hrc_tight_junction	primary	b	REACTOME_TIGHT_JUNCTION_INTERACTIONS	control	ANXA5	0.3027185150711589	3275	21
hrc_tight_junction	primary	b	REACTOME_TIGHT_JUNCTION_INTERACTIONS	control	AP000462.1	0.022506398091765106	331	13
hrc_tight_junction	primary	b	REACTOME_TIGHT_JUNCTION_INTERACTIONS	control	AP001107.3	6.246486351427322e-05	1	0
hrc_tight_junction	primary	b	REACTOME_TIGHT_JUNCTION_INTERACTIONS	control	AP001160.1	0.0245978376637378	378	14
hrc_tight_junction	primary	b	REACTOME_TIGHT_JUNCTION_INTERACTIONS	control	AP001432.1	0.012013392379471693	192	12
hrc_tight_junction	primary	b	REACTOME_TIGHT_JUNCTION_INTERACTIONS	control	AP001831.1	0.3031982255463035	3173	21
hrc_tight_junction	primary	b	REACTOME_TIGHT_JUNCTION_INTERACTIONS	control	AP002807.1	0.02769983958182311	428	14
hrc_tight_junction	primary	b	REACTOME_TIGHT_JUNCTION_INTERACTIONS	control	AP002957.1	6.246486351427322e-05	1	0
hrc_tight_junction	primary	b	REACTOME_TIGHT_JUNCTION_INTERACTIONS	control	AP002993.1	6.246486351427322e-05	1	0
hrc_tight_junction	primary	b	REACTOME_TIGHT_JUNCTION_INTERACTIONS	control	AP003717.4	0.002234740048838671	36	8
hrc_tight_junction	primary	b	REACTOME_TIGHT_JUNCTION_INTERACTIONS	control	AP003774.2	0.09611247283796262	1241	17
hrc_tight_junction	primary	b	REACTOME_TIGHT_JUNCTION_INTERACTIONS	control	AP005329.2	0.03117232968965231	442	14
hrc_tight_junction	primary	b	REACTOME_TIGHT_JUNCTION_INTERACTIONS	control	AP4M1	0.1767744181794169	2355	19
hrc_tight_junction	primary	b	REACTOME_TIGHT_JUNCTION_INTERACTIONS	control	AQP9	0.0001570545090682329	116	2
hrc_tight_junction	primary	b	REACTOME_TIGHT_JUNCTION_INTERACTIONS	control	ARFGEF1	2.806008279143005	11972	24
hrc_tight_junction	primary	b	REACTOME_TIGHT_JUNCTION_INTERACTIONS	control	ARHGAP1	0.22052553905204034	2710	19
hrc_tight_junction	primary	b	REACTOME_TIGHT_JUNCTION_INTERACTIONS	control	ARL15	4.154973657439548	11986	24
hrc_tight_junction	primary	b	REACTOME_TIGHT_JUNCTION_INTERACTIONS	control	ARMCX3	0.196559297451335	2368	19
hrc_tight_junction	primary	b	REACTOME_TIGHT_JUNCTION_INTERACTIONS	control	ARMS2	0.00018739459054281966	3	2
hrc_tight_junction	primary	b	REACTOME_TIGHT_JUNCTION_INTERACTIONS	control	ARPC2	1.1221081920991478	8292	24
hrc_tight_junction	primary	b	REACTOME_TIGHT_JUNCTION_INTERACTIONS	control	ARRDC3	0.36851926636793475	3307	21
hrc_tight_junction	primary	b	REACTOME_TIGHT_JUNCTION_INTERACTIONS	control	ASAH2	0.006782214235295892	109	11
hrc_tight_junction	primary	b	REACTOME_TIGHT_JUNCTION_INTERACTIONS	control	ASTN2	0.2198960865874585	2378	19
hrc_tight_junction	primary	b	REACTOME_TIGHT_JUNCTION_INTERACTIONS	control	ATG16L1	0.24626686392788633	2941	20
hrc_tight_junction	primary	b	REACTOME_TIGHT_JUNCTION_INTERACTIONS	control	ATG7	1.5693107511196935	9559	24
hrc_tight_junction	primary	b	REACTOME_TIGHT_JUNCTION_INTERACTIONS	control	ATOX1	0.3364548807484026	3522	21
hrc_tight_junction	primary	b	REACTOME_TIGHT_JUNCTION_INTERACTIONS	control	ATP10A	0.0269391580907006	430	14
hrc_tight_junction	primary	b	REACTOME_TIGHT_JUNCTION_INTERACTIONS	control	ATP2A2	1.281372946173878	8688	24
hrc_tight_junction	primary	b	REACTOME_TIGHT_JUNCTION_INTERACTIONS	control	ATP6V1B2	0.09464248370741511	1488	17
hrc_tight_junction	primary	b	REACTOME_TIGHT_JUNCTION_INTERACTIONS	control	ATP8B1	1.5635341488300065	9880	24
hrc_tight_junction	primary	b	REACTOME_TIGHT_JUNCTION_INTERACTIONS	control	BAALC-AS2	0.0002474748810536932	4	2
hrc_tight_junction	primary	b	REACTOME_TIGHT_JUNCTION_INTERACTIONS	control	BABAM1	0.20457769427488223	2628	19
hrc_tight_junction	primary	b	REACTOME_TIGHT_JUNCTION_INTERACTIONS	control	BAG4	0.17151252363658812	2119	19
hrc_tight_junction	primary	b	REACTOME_TIGHT_JUNCTION_INTERACTIONS	control	BCL11B	0.4075195267251999	3989	21
hrc_tight_junction	primary	b	REACTOME_TIGHT_JUNCTION_INTERACTIONS	control	BCLAF1	1.1151770031875095	8280	24
hrc_tight_junction	primary	b	REACTOME_TIGHT_JUNCTION_INTERACTIONS	control	BFAR	0.302758011847569	3489	21
hrc_tight_junction	primary	b	REACTOME_TIGHT_JUNCTION_INTERACTIONS	control	BNIP3L	0.32313110792642846	3216	21
hrc_tight_junction	primary	b	REACTOME_TIGHT_JUNCTION_INTERACTIONS	control	BPIFB2	0.00012492972702854644	2	2
hrc_tight_junction	primary	b	REACTOME_TIGHT_JUNCTION_INTERACTIONS	control	BPNT1	0.17271142810056267	2141	19
hrc_tight_junction	primary	b	REACTOME_TIGHT_JUNCTION_INTERACTIONS	control	BRPF1	0.04759045884136971	705	15
hrc_tight_junction	primary	b	REACTOME_TIGHT_JUNCTION_INTERACTIONS	control	BTG3-AS1	0.022121122331814035	307	13
hrc_tight_junction	primary	b	REACTOME_TIGHT_JUNCTION_INTERACTIONS	control	C1ORF127	0.004716091420650629	76	10
hrc_tight_junction	primary	b	REACTOME_TIGHT_JUNCTION_INTERACTIONS	control	C1ORF146	0.0006639655625710698	11	5
hrc_tight_junction	primary	b	REACTOME_TIGHT_JUNCTION_INTERACTIONS	control	C1ORF167	0.0022991847516118913	39	8
hrc_tight_junction	primary	b	REACTOME_TIGHT_JUNCTION_INTERACTIONS	control	C1QC	0.0072917512678367285	328	11
hrc_tight_junction	primary	b	REACTOME_TIGHT_JUNCTION_INTERACTIONS	control	C2ORF68	0.1842091586530391	2469	19
hrc_tight_junction	primary	b	REACTOME_TIGHT_JUNCTION_INTERACTIONS	control	C2ORF78	0.0002498594540570929	4	2
hrc_tight_junction	primary	b	REACTOME_TIGHT_JUNCTION_INTERACTIONS	control	C3ORF14	0.03651874028465064	534	14
hrc_tight_junction	primary	b	REACTOME_TIGHT_JUNCTION_INTERACTIONS	control	C6ORF223	0.09668944715090873	1133	17
hrc_tight_junction	primary	b	REACTOME_TIGHT_JUNCTION_INTERACTIONS	control	C8G	0.0025939512475558727	67	8
hrc_tight_junction	primary	b	REACTOME_TIGHT_JUNCTION_INTERACTIONS	control	CA1	0.21552296892693665	2243	19
hrc_tight_junction	primary	b	REACTOME_TIGHT_JUNCTION_INTERACTIONS	control	CA14	0.0006857125791442098	11	5
hrc_tight_junction	primary	b	REACTOME_TIGHT_JUNCTION_INTERACTIONS	control	CA4	0.0019988756324567434	26	8
hrc_tight_junction	primary	b	REACTOME_TIGHT_JUNCTION_INTERACTIONS	control	CACNA1C-AS4	0.00017403405434530242	3	2
hrc_tight_junction	primary	b	REACTOME_TIGHT_JUNCTION_INTERACTIONS	control	CACNG8	0.02023473281749101	278	13
hrc_tight_junction	primary	b	REACTOME_TIGHT_JUNCTION_INTERACTIONS	control	CAP1	0.6430996925846924	5621	23
hrc_tight_junction	primary	b	REACTOME_TIGHT_JUNCTION_INTERACTIONS	control	CATSPERE	0.0847816907702011	1064	17
hrc_tight_junction	primary	b	REACTOME_TIGHT_JUNCTION_INTERACTIONS	control	CAVIN3	0.01883553881354519	259	13
hrc_tight_junction	primary	b	REACTOME_TIGHT_JUNCTION_INTERACTIONS	control	CAVIN4	0.007502189352508038	123	11
hrc_tight_junction	primary	b	REACTOME_TIGHT_JUNCTION_INTERACTIONS	control	CBX7	0.049176805341732986	756	15
hrc_tight_junction	primary	b	REACTOME_TIGHT_JUNCTION_INTERACTIONS	control	CCDC175	0.17534949123632282	1991	19
hrc_tight_junction	primary	b	REACTOME_TIGHT_JUNCTION_INTERACTIONS	control	CCDC3	0.021797021554367746	384	13
hrc_tight_junction	primary	b	REACTOME_TIGHT_JUNCTION_INTERACTIONS	control	CCDC86	0.055853938179956236	784	15
hrc_tight_junction	primary	b	REACTOME_TIGHT_JUNCTION_INTERACTIONS	control	CCNI	0.7288625887194009	6184	23
hrc_tight_junction	primary	b	REACTOME_TIGHT_JUNCTION_INTERACTIONS	control	CCNYL1	0.27932356516986834	3253	20
hrc_tight_junction	primary	b	REACTOME_TIGHT_JUNCTION_INTERACTIONS	control	CD40LG	3.95842066409486e-05	22	0
hrc_tight_junction	primary	b	REACTOME_TIGHT_JUNCTION_INTERACTIONS	control	CDC23	0.11544719501679206	1585	17
hrc_tight_junction	primary	b	REACTOME_TIGHT_JUNCTION_INTERACTIONS	control	CDH22	0.0045025813504350745	64	10
hrc_tight_junction	primary	b	REACTOME_TIGHT_JUNCTION_INTERACTIONS	control	CDHR1	0.3075940655816072	3335	21
hrc_tight_junction	primary	b	REACTOME_TIGHT_JUNCTION_INTERACTIONS	control	CDHR2	0.20504172148833452	2357	19
hrc_tight_junction	primary	b	REACTOME_TIGHT_JUNCTION_INTERACTIONS	control	CDK17	0.747079227964621	6541	23
hrc_tight_junction	primary	b	REACTOME_TIGHT_JUNCTION_INTERACTIONS	control	CDK5	0.032290239487204275	488	14
hrc_tight_junction	primary	b	REACTOME_TIGHT_JUNCTION_INTERACTIONS	control	CDKL1	0.16794370861397231	1972	19
hrc_tight_junction	primary	b	REACTOME_TIGHT_JUNCTION_INTERACTIONS	control	CDPF1	0.020641046543914826	323	13
hrc_tight_junction	primary	b	REACTOME_TIGHT_JUNCTION_INTERACTIONS	control	CEP164	0.26235393958756215	3269	20
hrc_tight_junction	primary	b	REACTOME_TIGHT_JUNCTION_INTERACTIONS	control	CEP85L	0.04866891991243781	839	15
hrc_tight_junction	primary	b	REACTOME_TIGHT_JUNCTION_INTERACTIONS	control	CES2	0.7292529316727822	4788	23
hrc_tight_junction	primary	b	REACTOME_TIGHT_JUNCTION_INTERACTIONS	control	CFAP97	0.300153435877555	3264	20
hrc_tight_junction	primary	b	REACTOME_TIGHT_JUNCTION_INTERACTIONS	control	CHI3L1	0.005323639095261958	333	10
hrc_tight_junction	primary	b	REACTOME_TIGHT_JUNCTION_INTERACTIONS	control	CHIA	0.0002498594540570929	4	2
hrc_tight_junction	primary	b	REACTOME_TIGHT_JUNCTION_INTERACTIONS	control	CHMP2B	0.38562932364222413	4025	21
hrc_tight_junction	primary	b	REACTOME_TIGHT_JUNCTION_INTERACTIONS	control	CISD3	0.27453047511832135	2980	20
hrc_tight_junction	primary	b	REACTOME_TIGHT_JUNCTION_INTERACTIONS	control	CKAP2L	0.09073642938184258	987	17
hrc_tight_junction	primary	b	REACTOME_TIGHT_JUNCTION_INTERACTIONS	control	CLEC18C	0.0001822624403723429	3	2
hrc_tight_junction	primary	b	REACTOME_TIGHT_JUNCTION_INTERACTIONS	control	CLP1	0.027870055282724293	420	14
hrc_tight_junction	primary	b	REACTOME_TIGHT_JUNCTION_INTERACTIONS	control	CMTM7	0.3155115918830591	3249	21
hrc_tight_junction	primary	b	REACTOME_TIGHT_JUNCTION_INTERACTIONS	control	CNBP	0.6597864175655993	5959	23
hrc_tight_junction	primary	b	REACTOME_TIGHT_JUNCTION_INTERACTIONS	control	CNP	0.10721484247730732	1372	17
hrc_tight_junction	primary	b	REACTOME_TIGHT_JUNCTION_INTERACTIONS	control	CNTLN	0.23215130758122435	2106	20
hrc_tight_junction	primary	b	REACTOME_TIGHT_JUNCTION_INTERACTIONS	control	COL13A1	0.0020508326232608377	62	8
hrc_tight_junction	primary	b	REACTOME_TIGHT_JUNCTION_INTERACTIONS	control	COL6A1	0.0329247189092898	604	14
hrc_tight_junction	primary	b	REACTOME_TIGHT_JUNCTION_INTERACTIONS	control	COMMD10	1.773052510905663	9469	24
hrc_tight_junction	primary	b	REACTOME_TIGHT_JUNCTION_INTERACTIONS	control	COQ9	0.23484725334544632	3020	20
hrc_tight_junction	primary	b	REACTOME_TIGHT_JUNCTION_INTERACTIONS	control	COX5B	1.1099799970165267	7378	24
hrc_tight_junction	primary	b	REACTOME_TIGHT_JUNCTION_INTERACTIONS	control	COX6C	1.7371373590854746	9023	24
hrc_tight_junction	primary	b	REACTOME_TIGHT_JUNCTION_INTERACTIONS	control	CPEB4	0.2527634034694091	2875	20
hrc_tight_junction	primary	b	REACTOME_TIGHT_JUNCTION_INTERACTIONS	control	CPNE1	1.0211959351523172	7768	23
hrc_tight_junction	primary	b	REACTOME_TIGHT_JUNCTION_INTERACTIONS	control	CRB2	0.02984248389235076	439	14
hrc_tight_junction	primary	b	REACTOME_TIGHT_JUNCTION_INTERACTIONS	control	CREB1	0.8561978960694006	7068	23
hrc_tight_junction	primary	b	REACTOME_TIGHT_JUNCTION_INTERACTIONS	control	CT66	6.246486351427322e-05	1	0
hrc_tight_junction	primary	b	REACTOME_TIGHT_JUNCTION_INTERACTIONS	control	CTDSPL	1.2848974968434044	7961	24
hrc_tight_junction	primary	b	REACTOME_TIGHT_JUNCTION_INTERACTIONS	control	CTXN3	6.246486351427322e-05	1	0
hrc_tight_junction	primary	b	REACTOME_TIGHT_JUNCTION_INTERACTIONS	control	CX3CL1	0.04093913942597787	470	15
hrc_tight_junction	primary	b	REACTOME_TIGHT_JUNCTION_INTERACTIONS	control	CYB5D2	0.10270356304291527	1418	17
hrc_tight_junction	primary	b	REACTOME_TIGHT_JUNCTION_INTERACTIONS	control	CYP2U1	0.015081403988410989	237	13
hrc_tight_junction	primary	b	REACTOME_TIGHT_JUNCTION_INTERACTIONS	control	CYP4F11	0.030382255680877206	446	14
hrc_tight_junction	primary	b	REACTOME_TIGHT_JUNCTION_INTERACTIONS	control	CYP4F3	0.16649619844309851	1965	19
hrc_tight_junction	primary	b	REACTOME_TIGHT_JUNCTION_INTERACTIONS	control	CYP4V2	0.0920732747280543	1377	17
hrc_tight_junction	primary	b	REACTOME_TIGHT_JUNCTION_INTERACTIONS	control	D2HGDH	0.3120238102534566	3793	21
hrc_tight_junction	primary	b	REACTOME_TIGHT_JUNCTION_INTERACTIONS	control	DAO	0.0020193090310169125	34	8
hrc_tight_junction	primary	b	REACTOME_TIGHT_JUNCTION_INTERACTIONS	control	DCAF5	0.6867041055449796	6187	23
hrc_tight_junction	primary	b	REACTOME_TIGHT_JUNCTION_INTERACTIONS	control	DCAKD	0.28092771074938555	3406	20
hrc_tight_junction	primary	b	REACTOME_TIGHT_JUNCTION_INTERACTIONS	control	DCST1	0.007571559986933236	110	11
hrc_tight_junction	primary	b	REACTOME_TIGHT_JUNCTION_INTERACTIONS	control	DCTN5	0.23700723493409695	2855	20
hrc_tight_junction	primary	b	REACTOME_TIGHT_JUNCTION_INTERACTIONS	control	DEAF1	0.25525520015264774	3124	20
hrc_tight_junction	primary	b	REACTOME_TIGHT_JUNCTION_INTERACTIONS	control	DEFB131A	0.00018739459054281966	3	2
hrc_tight_junction	primary	b	REACTOME_TIGHT_JUNCTION_INTERACTIONS	control	DIAPH3-AS2	0.009621035102404623	138	11
hrc_tight_junction	primary	b	REACTOME_TIGHT_JUNCTION_INTERACTIONS	control	DIRC1	6.246486351427322e-05	1	0
hrc_tight_junction	primary	b	REACTOME_TIGHT_JUNCTION_INTERACTIONS	control	DIS3L2	1.2000297342835846	8557	24
hrc_tight_junction	primary	b	REACTOME_TIGHT_JUNCTION_INTERACTIONS	control	DLG4	0.007371436523868021	125	11
hrc_tight_junction	primary	b	REACTOME_TIGHT_JUNCTION_INTERACTIONS	control	DNAJC1	1.0556216151056548	7012	23
hrc_tight_junction	primary	b	REACTOME_TIGHT_JUNCTION_INTERACTIONS	control	DNAJC6	0.24796661038157164	2653	20
hrc_tight_junction	primary	b	REACTOME_TIGHT_JUNCTION_INTERACTIONS	control	DNM3-IT1	0.0007495783621712788	12	5
hrc_tight_junction	primary	b	REACTOME_TIGHT_JUNCTION_INTERACTIONS	control	DNMT3B	0.0948757437333018	1212	17
hrc_tight_junction	primary	b	REACTOME_TIGHT_JUNCTION_INTERACTIONS	control	DOC2A	0.08732103763823137	1161	17
hrc_tight_junction	primary	b	REACTOME_TIGHT_JUNCTION_INTERACTIONS	control	DPM3	0.19565837510901435	2439	19
hrc_tight_junction	primary	b	REACTOME_TIGHT_JUNCTION_INTERACTIONS	control	DPP6	0.04504060206492793	675	15
hrc_tight_junction	primary	b	REACTOME_TIGHT_JUNCTION_INTERACTIONS	control	DSCR4	0.00012492972702854644	2	2
hrc_tight_junction	primary	b	REACTOME_TIGHT_JUNCTION_INTERACTIONS	control	DSG1-AS1	0.007531834688197954	110	11
hrc_tight_junction	primary	b	REACTOME_TIGHT_JUNCTION_INTERACTIONS	control	DTWD2	0.30060051226051443	3093	20
hrc_tight_junction	primary	b	REACTOME_TIGHT_JUNCTION_INTERACTIONS	control	DTX3L	0.20469413103962872	2406	19
hrc_tight_junction	primary	b	REACTOME_TIGHT_JUNCTION_INTERACTIONS	control	DUSP11	0.1103473915785105	1572	17
hrc_tight_junction	primary	b	REACTOME_TIGHT_JUNCTION_INTERACTIONS	control	DYNC1H1	1.1151853021429998	7764	24
hrc_tight_junction	primary	b	REACTOME_TIGHT_JUNCTION_INTERACTIONS	control	EDA2R	0.007381269434969947	102	11
hrc_tight_junction	primary	b	REACTOME_TIGHT_JUNCTION_INTERACTIONS	control	EDN2	0.031866417732235176	273	14
hrc_tight_junction	primary	b	REACTOME_TIGHT_JUNCTION_INTERACTIONS	control	EFEMP2	0.006721729884178822	151	11
hrc_tight_junction	primary	b	REACTOME_TIGHT_JUNCTION_INTERACTIONS	control	EFR3B	0.02859687236643751	396	14
hrc_tight_junction	primary	b	REACTOME_TIGHT_JUNCTION_INTERACTIONS	control	EID3	0.011184420038471454	178	12
hrc_tight_junction	primary	b	REACTOME_TIGHT_JUNCTION_INTERACTIONS	control	EIF3M	0.8262151475029874	6864	23
hrc_tight_junction	primary	b	REACTOME_TIGHT_JUNCTION_INTERACTIONS	control	ELP1	0.2939237850924201	3438	20
hrc_tight_junction	primary	b	REACTOME_TIGHT_JUNCTION_INTERACTIONS	control	EMX2	0.000805632839033699	11	5
hrc_tight_junction	primary	b	REACTOME_TIGHT_JUNCTION_INTERACTIONS	control	ENDOV	0.0972786981665266	1406	17
hrc_tight_junction	primary	b	REACTOME_TIGHT_JUNCTION_INTERACTIONS	control	EP400	0.6948879504532911	6553	23
hrc_tight_junction	primary	b	REACTOME_TIGHT_JUNCTION_INTERACTIONS	control	EPC2	0.6933705924980867	6341	23
hrc_tight_junction	primary	b	REACTOME_TIGHT_JUNCTION_INTERACTIONS	control	EPHA1-AS1	0.03332233068410083	523	14
hrc_tight_junction	primary	b	REACTOME_TIGHT_JUNCTION_INTERACTIONS	control	EPHA2	0.3423563903645009	2983	21
hrc_tight_junction	primary	b	REACTOME_TIGHT_JUNCTION_INTERACTIONS	control	EPRS	0.7955006438385036	6319	23
hrc_tight_junction	primary	b	REACTOME_TIGHT_JUNCTION_INTERACTIONS	control	ERGIC3	0.926071040306722	7053	23
hrc_tight_junction	primary	b	REACTOME_TIGHT_JUNCTION_INTERACTIONS	control	ERLIN1	0.30273818626634047	3330	21
hrc_tight_junction	primary	b	REACTOME_TIGHT_JUNCTION_INTERACTIONS	control	ERVK3-1	0.1624163142506967	2214	19
hrc_tight_junction	primary	b	REACTOME_TIGHT_JUNCTION_INTERACTIONS	control	ETV3	0.10909831271462579	1449	17
hrc_tight_junction	primary	b	REACTOME_TIGHT_JUNCTION_INTERACTIONS	control	EVPLL	0.004701845132401341	75	10
hrc_tight_junction	primary	b	REACTOME_TIGHT_JUNCTION_INTERACTIONS	control	EXOC8	0.049603534326375216	708	15
hrc_tight_junction	primary	b	REACTOME_TIGHT_JUNCTION_INTERACTIONS	control	F13A1	0.010150901459625878	186	12
hrc_tight_junction	primary	b	REACTOME_TIGHT_JUNCTION_INTERACTIONS	control	F9	0.00014023033717061766	10	2
hrc_tight_junction	primary	b	REACTOME_TIGHT_JUNCTION_INTERACTIONS	control	FAF1	3.28758652542792	12618	24
hrc_tight_junction	primary	b	REACTOME_TIGHT_JUNCTION_INTERACTIONS	control	FAM149B1	0.3168615636934872	3518	21
hrc_tight_junction	primary	b	REACTOME_TIGHT_JUNCTION_INTERACTIONS	control	FAM151A	0.020888151022814327	315	13
hrc_tight_junction	primary	b	REACTOME_TIGHT_JUNCTION_INTERACTIONS	control	FAM153CP	0.021089017977608197	330	13
hrc_tight_junction	primary	b	REACTOME_TIGHT_JUNCTION_INTERACTIONS	control	FAM155A	4.8330271004716385	4349	24
hrc_tight_junction	primary	b	REACTOME_TIGHT_JUNCTION_INTERACTIONS	control	FAM160A1	1.4763833685254601	8299	24
hrc_tight_junction	primary	b	REACTOME_TIGHT_JUNCTION_INTERACTIONS	control	FAM216A	0.05670828030404131	785	15
hrc_tight_junction	primary	b	REACTOME_TIGHT_JUNCTION_INTERACTIONS	control	FAM66B	0.015539221257554045	249	13
hrc_tight_junction	primary	b	REACTOME_TIGHT_JUNCTION_INTERACTIONS	control	FAM91A1	0.8610820329884067	7049	23
hrc_tight_junction	primary	b	REACTOME_TIGHT_JUNCTION_INTERACTIONS	control	FANCA	0.2914222724187964	2720	20
hrc_tight_junction	primary	b	REACTOME_TIGHT_JUNCTION_INTERACTIONS	control	FASTKD5	0.049107799197026625	711	15
hrc_tight_junction	primary	b	REACTOME_TIGHT_JUNCTION_INTERACTIONS	control	FBXO3-DT	6.246486351427322e-05	1	0
hrc_tight_junction	primary	b	REACTOME_TIGHT_JUNCTION_INTERACTIONS	control	FBXO30	0.08456230546132615	1178	17
hrc_tight_junction	primary	b	REACTOME_TIGHT_JUNCTION_INTERACTIONS	control	FCHSD1	0.041278814568020114	655	15
hrc_tight_junction	primary	b	REACTOME_TIGHT_JUNCTION_INTERACTIONS	control	FDXR	0.02786292753672939	405	14
hrc_tight_junction	primary	b	REACTOME_TIGHT_JUNCTION_INTERACTIONS	control	FGFRL1	0.08448087822840679	1101	17
hrc_tight_junction	primary	b	REACTOME_TIGHT_JUNCTION_INTERACTIONS	control	FMN1	1.0751114191318865	7645	23
hrc_tight_junction	primary	b	REACTOME_TIGHT_JUNCTION_INTERACTIONS	control	FNDC7	0.0020002042959047536	28	8
hrc_tight_junction	primary	b	REACTOME_TIGHT_JUNCTION_INTERACTIONS	control	FO393418.1	0.020704421673003327	293	13
hrc_tight_junction	primary	b	REACTOME_TIGHT_JUNCTION_INTERACTIONS	control	FOXC2	0.0007507829845521567	18	5
hrc_tight_junction	primary	b	REACTOME_TIGHT_JUNCTION_INTERACTIONS	control	FOXD2	0.03661076394002534	518	14
hrc_tight_junction	primary	b	REACTOME_TIGHT_JUNCTION_INTERACTIONS	control	FOXJ2	0.04924616761199837	727	15
hrc_tight_junction	primary	b	REACTOME_TIGHT_JUNCTION_INTERACTIONS	control	FOXRED2	0.05540619032232109	749	15
hrc_tight_junction	primary	b	REACTOME_TIGHT_JUNCTION_INTERACTIONS	control	FRAT1	0.011746391100189182	188	12
hrc_tight_junction	primary	b	REACTOME_TIGHT_JUNCTION_INTERACTIONS	control	FRMD6	0.014439359681018466	249	12
hrc_tight_junction	primary	b	REACTOME_TIGHT_JUNCTION_INTERACTIONS	control	FSBP	0.04270801756635015	617	15
hrc_tight_junction	primary	b	REACTOME_TIGHT_JUNCTION_INTERACTIONS	control	FSCN1	0.010764658195791907	207	12
hrc_tight_junction	primary	b	REACTOME_TIGHT_JUNCTION_INTERACTIONS	control	FTO	1.484242132657376	9332	24
hrc_tight_junction	primary	b	REACTOME_TIGHT_JUNCTION_INTERACTIONS	control	GAB2	0.9009470274329038	6802	23
hrc_tight_junction	primary	b	REACTOME_TIGHT_JUNCTION_INTERACTIONS	control	GABARAPL2	0.23105978849967898	2692	20
hrc_tight_junction	primary	b	REACTOME_TIGHT_JUNCTION_INTERACTIONS	control	GACAT3	0.002209687361049133	34	8
hrc_tight_junction	primary	b	REACTOME_TIGHT_JUNCTION_INTERACTIONS	control	GALNT7	1.1941536224732061	8055	24
hrc_tight_junction	primary	b	REACTOME_TIGHT_JUNCTION_INTERACTIONS	control	GALR1	0.002407986027317689	34	8
hrc_tight_junction	primary	b	REACTOME_TIGHT_JUNCTION_INTERACTIONS	control	GCM2	0.000812043225685552	12	5
hrc_tight_junction	primary	b	REACTOME_TIGHT_JUNCTION_INTERACTIONS	control	GCNT4	0.014371685575290118	183	12
hrc_tight_junction	primary	b	REACTOME_TIGHT_JUNCTION_INTERACTIONS	control	GGTLC1	0.00012492972702854644	2	2
hrc_tight_junction	primary	b	REACTOME_TIGHT_JUNCTION_INTERACTIONS	control	GHDC	0.08749455438427785	1213	17
hrc_tight_junction	primary	b	REACTOME_TIGHT_JUNCTION_INTERACTIONS	control	GLB1L2	0.11548795209132577	1553	17
hrc_tight_junction	primary	b	REACTOME_TIGHT_JUNCTION_INTERACTIONS	control	GLOD4	0.18368980910093083	2304	19
hrc_tight_junction	primary	b	REACTOME_TIGHT_JUNCTION_INTERACTIONS	control	GMDS	11.362421212398734	14507	24
hrc_tight_junction	primary	b	REACTOME_TIGHT_JUNCTION_INTERACTIONS	control	GNB2	0.3223499651646674	3536	21
hrc_tight_junction	primary	b	REACTOME_TIGHT_JUNCTION_INTERACTIONS	control	GOLT1B	0.2100089960951178	2570	19
hrc_tight_junction	primary	b	REACTOME_TIGHT_JUNCTION_INTERACTIONS	control	GPR173	0.03243769393387723	450	14
hrc_tight_junction	primary	b	REACTOME_TIGHT_JUNCTION_INTERACTIONS	control	GPR176	0.0157341476510909	236	13
hrc_tight_junction	primary	b	REACTOME_TIGHT_JUNCTION_INTERACTIONS	control	GPRC5C	0.21506578316954525	2517	19
hrc_tight_junction	primary	b	REACTOME_TIGHT_JUNCTION_INTERACTIONS	control	GRM2	0.00017331004537420006	3	2
hrc_tight_junction	primary	b	REACTOME_TIGHT_JUNCTION_INTERACTIONS	control	GSTA2	0.0006367464624477941	13	5
hrc_tight_junction	primary	b	REACTOME_TIGHT_JUNCTION_INTERACTIONS	control	HAL	0.011763737377276779	190	12
hrc_tight_junction	primary	b	REACTOME_TIGHT_JUNCTION_INTERACTIONS	control	HARBI1	0.025163447468201417	380	14
hrc_tight_junction	primary	b	REACTOME_TIGHT_JUNCTION_INTERACTIONS	control	HECTD2	0.10190819411504203	1340	17
hrc_tight_junction	primary	b	REACTOME_TIGHT_JUNCTION_INTERACTIONS	control	HECW2-AS1	0.0006565865939502761	14	5
hrc_tight_junction	primary	b	REACTOME_TIGHT_JUNCTION_INTERACTIONS	control	HHATL	6.246486351427322e-05	1	0
hrc_tight_junction	primary	b	REACTOME_TIGHT_JUNCTION_INTERACTIONS	control	HHLA1	0.0020590640185171056	32	8
hrc_tight_junction	primary	b	REACTOME_TIGHT_JUNCTION_INTERACTIONS	control	HIP1	0.26934215106855147	2653	20
hrc_tight_junction	primary	b	REACTOME_TIGHT_JUNCTION_INTERACTIONS	control	HIST1H4L	0.005355580595909924	83	10
hrc_tight_junction	primary	b	REACTOME_TIGHT_JUNCTION_INTERACTIONS	control	HIST2H2AB	0.012970838382783383	190	12
hrc_tight_junction	primary	b	REACTOME_TIGHT_JUNCTION_INTERACTIONS	control	HLA-DQA2	0.004378652569495488	121	10
hrc_tight_junction	primary	b	REACTOME_TIGHT_JUNCTION_INTERACTIONS	control	HM13-IT1	0.009497250237436024	151	11
hrc_tight_junction	primary	b	REACTOME_TIGHT_JUNCTION_INTERACTIONS	control	HMX2	0.00012492972702855197	3	2
hrc_tight_junction	primary	b	REACTOME_TIGHT_JUNCTION_INTERACTIONS	control	HRNR	0.0007969243756066184	14	5
hrc_tight_junction	primary	b	REACTOME_TIGHT_JUNCTION_INTERACTIONS	control	HSD17B6	0.009643418930931217	156	11
hrc_tight_junction	primary	b	REACTOME_TIGHT_JUNCTION_INTERACTIONS	control	HSPD1	2.8279249406306124	10452	24
hrc_tight_junction	primary	b	REACTOME_TIGHT_JUNCTION_INTERACTIONS	control	HTR2B	0.02620273569558188	404	14
hrc_tight_junction	primary	b	REACTOME_TIGHT_JUNCTION_INTERACTIONS	control	HTT	0.7025895943959778	6534	23
hrc_tight_junction	primary	b	REACTOME_TIGHT_JUNCTION_INTERACTIONS	control	HYAL1	0.020479995545817333	315	13
hrc_tight_junction	primary	b	REACTOME_TIGHT_JUNCTION_INTERACTIONS	control	IDH3A	0.22411794694569503	2822	20
hrc_tight_junction	primary	b	REACTOME_TIGHT_JUNCTION_INTERACTIONS	control	IFI27L1	0.09624390293012071	1296	17
hrc_tight_junction	primary	b	REACTOME_TIGHT_JUNCTION_INTERACTIONS	control	IGLV2-23	5.514869029297508e-05	1	0
hrc_tight_junction	primary	b	REACTOME_TIGHT_JUNCTION_INTERACTIONS	control	IK	0.2344400369236373	2681	20
hrc_tight_junction	primary	b	REACTOME_TIGHT_JUNCTION_INTERACTIONS	control	IL31RA	0.0006908765572884067	15	5
hrc_tight_junction	primary	b	REACTOME_TIGHT_JUNCTION_INTERACTIONS	control	IL7R	3.344967008334887e-14	309	0
hrc_tight_junction	primary	b	REACTOME_TIGHT_JUNCTION_INTERACTIONS	control	IMPAD1	0.3366100938608038	3641	21
hrc_tight_junction	primary	b	REACTOME_TIGHT_JUNCTION_INTERACTIONS	control	INIP	0.2599917745480753	3045	20
hrc_tight_junction	primary	b	REACTOME_TIGHT_JUNCTION_INTERACTIONS	control	INSM1	0.007916992780262594	78	11
hrc_tight_junction	primary	b	REACTOME_TIGHT_JUNCTION_INTERACTIONS	control	ITPRID1	0.016677410823429554	125	13
hrc_tight_junction	primary	b	REACTOME_TIGHT_JUNCTION_INTERACTIONS	control	IZUMO2	0.017809546487500705	261	13
hrc_tight_junction	primary	b	REACTOME_TIGHT_JUNCTION_INTERACTIONS	control	JPH1	0.8524805929943866	5474	23
hrc_tight_junction	primary	b	REACTOME_TIGHT_JUNCTION_INTERACTIONS	control	KATNB1	0.050767324200739226	730	15
hrc_tight_junction	primary	b	REACTOME_TIGHT_JUNCTION_INTERACTIONS	control	KCNMA1	0.035782574413574776	723	14
hrc_tight_junction	primary	b	REACTOME_TIGHT_JUNCTION_INTERACTIONS	control	KCNN4	0.4153540369698703	4194	21
hrc_tight_junction	primary	b	REACTOME_TIGHT_JUNCTION_INTERACTIONS	control	KCNT2	0.002700397030502956	87	8
hrc_tight_junction	primary	b	REACTOME_TIGHT_JUNCTION_INTERACTIONS	control	KHDRBS1	1.1509511203115521	8328	24
hrc_tight_junction	primary	b	REACTOME_TIGHT_JUNCTION_INTERACTIONS	control	KIAA1614	0.006353767552317114	100	10
hrc_tight_junction	primary	b	REACTOME_TIGHT_JUNCTION_INTERACTIONS	control	KIAA2026	1.1329889511755267	8365	24
hrc_tight_junction	primary	b	REACTOME_TIGHT_JUNCTION_INTERACTIONS	control	LBX2	0.008825213616208102	137	11
hrc_tight_junction	primary	b	REACTOME_TIGHT_JUNCTION_INTERACTIONS	control	LCK	0.01758341203544025	345	13
hrc_tight_junction	primary	b	REACTOME_TIGHT_JUNCTION_INTERACTIONS	control	LDLRAD4	1.7230809840567918	8690	24
hrc_tight_junction	primary	b	REACTOME_TIGHT_JUNCTION_INTERACTIONS	control	LENG8	0.29084044298007844	3577	20
hrc_tight_junction	primary	b	REACTOME_TIGHT_JUNCTION_INTERACTIONS	control	LEPROTL1	0.27716305444618705	3139	20
hrc_tight_junction	primary	b	REACTOME_TIGHT_JUNCTION_INTERACTIONS	control	LGMN	0.3555636529620086	3743	21
hrc_tight_junction	primary	b	REACTOME_TIGHT_JUNCTION_INTERACTIONS	control	LILRA5	0.00022052901208111675	12	2
hrc_tight_junction	primary	b	REACTOME_TIGHT_JUNCTION_INTERACTIONS	control	LIN28B-AS1	0.0025812422762328748	42	8
hrc_tight_junction	primary	b	REACTOME_TIGHT_JUNCTION_INTERACTIONS	control	LIN7C	0.1824425100736628	2296	19
hrc_tight_junction	primary	b	REACTOME_TIGHT_JUNCTION_INTERACTIONS	control	LINC00222	0.006334739047781475	99	10
hrc_tight_junction	primary	b	REACTOME_TIGHT_JUNCTION_INTERACTIONS	control	LINC00395	6.246486351427322e-05	1	0
hrc_tight_junction	primary	b	REACTOME_TIGHT_JUNCTION_INTERACTIONS	control	LINC00397	0.004310075582484846	68	10
hrc_tight_junction	primary	b	REACTOME_TIGHT_JUNCTION_INTERACTIONS	control	LINC00456	0.015159775680006135	235	13
hrc_tight_junction	primary	b	REACTOME_TIGHT_JUNCTION_INTERACTIONS	control	LINC00457	0.0025937438189882834	42	8
hrc_tight_junction	primary	b	REACTOME_TIGHT_JUNCTION_INTERACTIONS	control	LINC00461	0.004717291998709818	69	10
hrc_tight_junction	primary	b	REACTOME_TIGHT_JUNCTION_INTERACTIONS	control	LINC00519	0.002602574122943412	47	8
hrc_tight_junction	primary	b	REACTOME_TIGHT_JUNCTION_INTERACTIONS	control	LINC00539	0.035417669811026266	536	14
hrc_tight_junction	primary	b	REACTOME_TIGHT_JUNCTION_INTERACTIONS	control	LINC00570	0.0023526910303146697	38	8
hrc_tight_junction	primary	b	REACTOME_TIGHT_JUNCTION_INTERACTIONS	control	LINC00665	0.05464858384041435	811	15
hrc_tight_junction	primary	b	REACTOME_TIGHT_JUNCTION_INTERACTIONS	control	LINC00840	0.0049926781964872435	75	10
hrc_tight_junction	primary	b	REACTOME_TIGHT_JUNCTION_INTERACTIONS	control	LINC00954	0.08775456466590051	1199	17
hrc_tight_junction	primary	b	REACTOME_TIGHT_JUNCTION_INTERACTIONS	control	LINC01135	0.09566830082712337	1286	17
hrc_tight_junction	primary	b	REACTOME_TIGHT_JUNCTION_INTERACTIONS	control	LINC01268	0.03353201599837139	487	14
hrc_tight_junction	primary	b	REACTOME_TIGHT_JUNCTION_INTERACTIONS	control	LINC01290	0.027636496010543875	398	14
hrc_tight_junction	primary	b	REACTOME_TIGHT_JUNCTION_INTERACTIONS	control	LINC01352	0.0008633086374425691	14	5
hrc_tight_junction	primary	b	REACTOME_TIGHT_JUNCTION_INTERACTIONS	control	LINC01393	0.005127056802046635	72	10
hrc_tight_junction	primary	b	REACTOME_TIGHT_JUNCTION_INTERACTIONS	control	LINC01419	0.0021463853406372964	30	8
hrc_tight_junction	primary	b	REACTOME_TIGHT_JUNCTION_INTERACTIONS	control	LINC01422	0.03031013152054855	452	14
hrc_tight_junction	primary	b	REACTOME_TIGHT_JUNCTION_INTERACTIONS	control	LINC01424	0.004479494828467166	72	10
hrc_tight_junction	primary	b	REACTOME_TIGHT_JUNCTION_INTERACTIONS	control	LINC01572	2.2540926929788814	9515	24
hrc_tight_junction	primary	b	REACTOME_TIGHT_JUNCTION_INTERACTIONS	control	LINC01619	0.10354000364977566	1189	17
hrc_tight_junction	primary	b	REACTOME_TIGHT_JUNCTION_INTERACTIONS	control	LINC01806	0.026695549260952574	409	14
hrc_tight_junction	primary	b	REACTOME_TIGHT_JUNCTION_INTERACTIONS	control	LINC01818	0.0022434282551566146	46	8
hrc_tight_junction	primary	b	REACTOME_TIGHT_JUNCTION_INTERACTIONS	control	LINC01821	0.005981061674384084	85	10
hrc_tight_junction	primary	b	REACTOME_TIGHT_JUNCTION_INTERACTIONS	control	LINC01840	0.0052104136827504435	79	10
hrc_tight_junction	primary	b	REACTOME_TIGHT_JUNCTION_INTERACTIONS	control	LINC01876	4.0446657485209405	11828	24
hrc_tight_junction	primary	b	REACTOME_TIGHT_JUNCTION_INTERACTIONS	control	LINC01907	0.0008713495419349937	14	5
hrc_tight_junction	primary	b	REACTOME_TIGHT_JUNCTION_INTERACTIONS	control	LINC01954	0.00272809978472359	44	8
hrc_tight_junction	primary	b	REACTOME_TIGHT_JUNCTION_INTERACTIONS	control	LINC01992	0.0020303046377931296	32	8
hrc_tight_junction	primary	b	REACTOME_TIGHT_JUNCTION_INTERACTIONS	control	LINC02022	6.246486351427322e-05	1	0
hrc_tight_junction	primary	b	REACTOME_TIGHT_JUNCTION_INTERACTIONS	control	LINC02026	0.026231141393163397	371	14
hrc_tight_junction	primary	b	REACTOME_TIGHT_JUNCTION_INTERACTIONS	control	LINC02147	0.002735892397884707	85	8
hrc_tight_junction	primary	b	REACTOME_TIGHT_JUNCTION_INTERACTIONS	control	LINC02192	6.246486351427322e-05	1	0
hrc_tight_junction	primary	b	REACTOME_TIGHT_JUNCTION_INTERACTIONS	control	LINC02262	0.038224201965200946	425	15
hrc_tight_junction	primary	b	REACTOME_TIGHT_JUNCTION_INTERACTIONS	control	LINC02307	0.010635023069706373	131	12
hrc_tight_junction	primary	b	REACTOME_TIGHT_JUNCTION_INTERACTIONS	control	LINC02356	0.010131947553331308	152	12
hrc_tight_junction	primary	b	REACTOME_TIGHT_JUNCTION_INTERACTIONS	control	LINC02439	0.00018739459054281966	3	2
hrc_tight_junction	primary	b	REACTOME_TIGHT_JUNCTION_INTERACTIONS	control	LINC02466	0.10365407170447519	1070	17
hrc_tight_junction	primary	b	REACTOME_TIGHT_JUNCTION_INTERACTIONS	control	LINC02489	0.0006246486351427324	10	5
hrc_tight_junction	primary	b	REACTOME_TIGHT_JUNCTION_INTERACTIONS	control	LINC02517	6.246486351427322e-05	1	0
hrc_tight_junction	primary	b	REACTOME_TIGHT_JUNCTION_INTERACTIONS	control	LINC02567	6.246486351427322e-05	1	0
hrc_tight_junction	primary	b	REACTOME_TIGHT_JUNCTION_INTERACTIONS	control	LINC02568	0.025908738119671093	356	14
hrc_tight_junction	primary	b	REACTOME_TIGHT_JUNCTION_INTERACTIONS	control	LINC02692	6.246486351427322e-05	1	0
hrc_tight_junction	primary	b	REACTOME_TIGHT_JUNCTION_INTERACTIONS	control	LINC02712	0.000806512853640427	14	5
hrc_tight_junction	primary	b	REACTOME_TIGHT_JUNCTION_INTERACTIONS	control	LINC02717	0.005496900457230531	63	10
hrc_tight_junction	primary	b	REACTOME_TIGHT_JUNCTION_INTERACTIONS	control	LINC02821	0.0026072572296135903	43	8
hrc_tight_junction	primary	b	REACTOME_TIGHT_JUNCTION_INTERACTIONS	control	LINC02857	0.0006226360168661955	9	5
hrc_tight_junction	primary	b	REACTOME_TIGHT_JUNCTION_INTERACTIONS	control	LRIG1	0.6610092695499239	5506	23
hrc_tight_junction	primary	b	REACTOME_TIGHT_JUNCTION_INTERACTIONS	control	LRIG2	0.418041763091058	4635	21
hrc_tight_junction	primary	b	REACTOME_TIGHT_JUNCTION_INTERACTIONS	control	LRMP	0.028976081816982583	137	14
hrc_tight_junction	primary	b	REACTOME_TIGHT_JUNCTION_INTERACTIONS	control	LRRC40	0.20399793930939494	2552	19
hrc_tight_junction	primary	b	REACTOME_TIGHT_JUNCTION_INTERACTIONS	control	LRRC69	0.360974703452985	3584	21
hrc_tight_junction	primary	b	REACTOME_TIGHT_JUNCTION_INTERACTIONS	control	LRRC75A	0.4081657776767643	4069	21
hrc_tight_junction	primary	b	REACTOME_TIGHT_JUNCTION_INTERACTIONS	control	LRRC8E	0.03553670785496939	515	14
hrc_tight_junction	primary	b	REACTOME_TIGHT_JUNCTION_INTERACTIONS	control	LY6K	0.0001249297297194385	4	2
hrc_tight_junction	primary	b	REACTOME_TIGHT_JUNCTION_INTERACTIONS	control	LY86-AS1	0.006068388152405396	102	10
hrc_tight_junction	primary	b	REACTOME_TIGHT_JUNCTION_INTERACTIONS	control	LYG2	0.007758024705551691	119	11
hrc_tight_junction	primary	b	REACTOME_TIGHT_JUNCTION_INTERACTIONS	control	MAGEA4-AS1	0.004722083830149852	66	10
hrc_tight_junction	primary	b	REACTOME_TIGHT_JUNCTION_INTERACTIONS	control	MAGED1	1.3554180625362369	8599	24
hrc_tight_junction	primary	b	REACTOME_TIGHT_JUNCTION_INTERACTIONS	control	MAGED2	0.18414169152304638	2260	19
hrc_tight_junction	primary	b	REACTOME_TIGHT_JUNCTION_INTERACTIONS	control	MAP3K20-AS1	0.32403832166927216	2202	21
hrc_tight_junction	primary	b	REACTOME_TIGHT_JUNCTION_INTERACTIONS	control	MAP3K5	1.074140289122967	7063	23
hrc_tight_junction	primary	b	REACTOME_TIGHT_JUNCTION_INTERACTIONS	control	MASTL	0.17519474350855746	1939	19
hrc_tight_junction	primary	b	REACTOME_TIGHT_JUNCTION_INTERACTIONS	control	MBOAT4	0.0025758868981229787	37	8
hrc_tight_junction	primary	b	REACTOME_TIGHT_JUNCTION_INTERACTIONS	control	MBOAT7	0.32310190319724597	3638	21
hrc_tight_junction	primary	b	REACTOME_TIGHT_JUNCTION_INTERACTIONS	control	MCM8	0.29431811644319245	3031	20
hrc_tight_junction	primary	b	REACTOME_TIGHT_JUNCTION_INTERACTIONS	control	MGAT5	5.193979484727859	12169	24
hrc_tight_junction	primary	b	REACTOME_TIGHT_JUNCTION_INTERACTIONS	control	MGAT5B	0.00235188558760064	39	8
hrc_tight_junction	primary	b	REACTOME_TIGHT_JUNCTION_INTERACTIONS	control	MINCR	0.10815184022836849	1524	17
hrc_tight_junction	primary	b	REACTOME_TIGHT_JUNCTION_INTERACTIONS	control	MOB3A	0.09553875648161482	1370	17
hrc_tight_junction	primary	b	REACTOME_TIGHT_JUNCTION_INTERACTIONS	control	MPV17L	0.10111525724044253	1192	17
hrc_tight_junction	primary	b	REACTOME_TIGHT_JUNCTION_INTERACTIONS	control	MRC2	0.015283271057636643	295	13
hrc_tight_junction	primary	b	REACTOME_TIGHT_JUNCTION_INTERACTIONS	control	MRLN	0.05277993574201409	375	15
hrc_tight_junction	primary	b	REACTOME_TIGHT_JUNCTION_INTERACTIONS	control	MRPL16	0.23576956222636558	2791	20
hrc_tight_junction	primary	b	REACTOME_TIGHT_JUNCTION_INTERACTIONS	control	MRPS33	0.23141360130619304	2695	20
hrc_tight_junction	primary	b	REACTOME_TIGHT_JUNCTION_INTERACTIONS	control	MRTFB	1.5262174113930558	9546	24
hrc_tight_junction	primary	b	REACTOME_TIGHT_JUNCTION_INTERACTIONS	control	MS4A12	0.051473710600102134	526	15
hrc_tight_junction	primary	b	REACTOME_TIGHT_JUNCTION_INTERACTIONS	control	MSC-AS1	2.1694128797013047e-15	140	0
hrc_tight_junction	primary	b	REACTOME_TIGHT_JUNCTION_INTERACTIONS	control	MSRB2	0.30533606287943016	3391	21
hrc_tight_junction	primary	b	REACTOME_TIGHT_JUNCTION_INTERACTIONS	control	MSS51	0.030172950217766874	462	14
hrc_tight_junction	primary	b	REACTOME_TIGHT_JUNCTION_INTERACTIONS	control	MT1F	0.02998369538120962	442	14
hrc_tight_junction	primary	b	REACTOME_TIGHT_JUNCTION_INTERACTIONS	control	MTFMT	0.26675900030392263	3141	20
hrc_tight_junction	primary	b	REACTOME_TIGHT_JUNCTION_INTERACTIONS	control	MTOR	0.3446731368471065	3907	21
hrc_tight_junction	primary	b	REACTOME_TIGHT_JUNCTION_INTERACTIONS	control	MUC15	0.0008745021618717919	13	5
hrc_tight_junction	primary	b	REACTOME_TIGHT_JUNCTION_INTERACTIONS	control	MYCNUT	0.0006406827257860541	12	5
hrc_tight_junction	primary	b	REACTOME_TIGHT_JUNCTION_INTERACTIONS	control	MYH9	1.961282548166709	9568	24
hrc_tight_junction	primary	b	REACTOME_TIGHT_JUNCTION_INTERACTIONS	control	MYL6	1.8169186825780999	9777	24
hrc_tight_junction	primary	b	REACTOME_TIGHT_JUNCTION_INTERACTIONS	control	MYLK-AS1	0.09608403638119754	1284	17
hrc_tight_junction	primary	b	REACTOME_TIGHT_JUNCTION_INTERACTIONS	control	MYO5C	0.7523469040090596	6849	23
hrc_tight_junction	primary	b	REACTOME_TIGHT_JUNCTION_INTERACTIONS	control	MYO9A	1.2118904555608665	8586	24
hrc_tight_junction	primary	b	REACTOME_TIGHT_JUNCTION_INTERACTIONS	control	NACA	2.35859507150486	9965	24
hrc_tight_junction	primary	b	REACTOME_TIGHT_JUNCTION_INTERACTIONS	control	NCBP1	0.35902776588349045	4052	21
hrc_tight_junction	primary	b	REACTOME_TIGHT_JUNCTION_INTERACTIONS	control	NCOA7	0.9322187284447381	6247	23
hrc_tight_junction	primary	b	REACTOME_TIGHT_JUNCTION_INTERACTIONS	control	NDUFB6	0.3013930506192139	3264	21
hrc_tight_junction	primary	b	REACTOME_TIGHT_JUNCTION_INTERACTIONS	control	NELL1	0.00569897373683657	95	10
hrc_tight_junction	primary	b	REACTOME_TIGHT_JUNCTION_INTERACTIONS	control	NGRN	0.19012471109961884	2320	19
hrc_tight_junction	primary	b	REACTOME_TIGHT_JUNCTION_INTERACTIONS	control	NIPAL4	0.000693783207771906	13	5
hrc_tight_junction	primary	b	REACTOME_TIGHT_JUNCTION_INTERACTIONS	control	NIPBL-DT	0.05120855576355074	771	15
hrc_tight_junction	primary	b	REACTOME_TIGHT_JUNCTION_INTERACTIONS	control	NKAIN2	0.6755442653428202	2860	23
hrc_tight_junction	primary	b	REACTOME_TIGHT_JUNCTION_INTERACTIONS	control	NKX1-2	6.246486351427322e-05	1	0
hrc_tight_junction	primary	b	REACTOME_TIGHT_JUNCTION_INTERACTIONS	control	NKX2-1	0.10735837745967321	870	17
hrc_tight_junction	primary	b	REACTOME_TIGHT_JUNCTION_INTERACTIONS	control	NLRC5	0.6661067998262569	4990	23
hrc_tight_junction	primary	b	REACTOME_TIGHT_JUNCTION_INTERACTIONS	control	NOTCH1	0.3966175618747451	4257	21
hrc_tight_junction	primary	b	REACTOME_TIGHT_JUNCTION_INTERACTIONS	control	NPIPA5	0.014982560668479233	238	13
hrc_tight_junction	primary	b	REACTOME_TIGHT_JUNCTION_INTERACTIONS	control	NPTN-IT1	0.020301966800018938	334	13
hrc_tight_junction	primary	b	REACTOME_TIGHT_JUNCTION_INTERACTIONS	control	NRAV	0.027136016840699162	408	14
hrc_tight_junction	primary	b	REACTOME_TIGHT_JUNCTION_INTERACTIONS	control	NSDHL	0.09313406457057449	1239	17
hrc_tight_junction	primary	b	REACTOME_TIGHT_JUNCTION_INTERACTIONS	control	NSUN5	0.2182959553727619	2723	19
hrc_tight_junction	primary	b	REACTOME_TIGHT_JUNCTION_INTERACTIONS	control	NUDT2	0.1136780532662311	1556	17
hrc_tight_junction	primary	b	REACTOME_TIGHT_JUNCTION_INTERACTIONS	control	NUDT9	0.18816976111552852	2345	19
hrc_tight_junction	primary	b	REACTOME_TIGHT_JUNCTION_INTERACTIONS	control	NUMBL	0.03714288965224088	561	15
hrc_tight_junction	primary	b	REACTOME_TIGHT_JUNCTION_INTERACTIONS	control	OAS3	0.17164049969933828	1738	19
hrc_tight_junction	primary	b	REACTOME_TIGHT_JUNCTION_INTERACTIONS	control	OBSL1	0.03619088654112518	549	14
hrc_tight_junction	primary	b	REACTOME_TIGHT_JUNCTION_INTERACTIONS	control	OLA1	2.127323438798977	10376	24
hrc_tight_junction	primary	b	REACTOME_TIGHT_JUNCTION_INTERACTIONS	control	OPN1SW	0.002299835493670493	35	8
hrc_tight_junction	primary	b	REACTOME_TIGHT_JUNCTION_INTERACTIONS	control	OR2A1-AS1	0.030068568599105713	469	14
hrc_tight_junction	primary	b	REACTOME_TIGHT_JUNCTION_INTERACTIONS	control	OR51Q1	6.246486351427322e-05	1	0
hrc_tight_junction	primary	b	REACTOME_TIGHT_JUNCTION_INTERACTIONS	control	OSBPL8	0.9780169166594329	7109	23
hrc_tight_junction	primary	b	REACTOME_TIGHT_JUNCTION_INTERACTIONS	control	OXTR	0.011461866703178818	166	12
hrc_tight_junction	primary	b	REACTOME_TIGHT_JUNCTION_INTERACTIONS	control	P2RY10	1.0526726743802695e-09	62	0
hrc_tight_junction	primary	b	REACTOME_TIGHT_JUNCTION_INTERACTIONS	control	PACERR	0.00024633557190788745	4	2
hrc_tight_junction	primary	b	REACTOME_TIGHT_JUNCTION_INTERACTIONS	control	PADI1	0.013406474994715053	175	12
hrc_tight_junction	primary	b	REACTOME_TIGHT_JUNCTION_INTERACTIONS	control	PAQR4	0.09901059676887637	1283	17
hrc_tight_junction	primary	b	REACTOME_TIGHT_JUNCTION_INTERACTIONS	control	PAQR9	0.00012492972702888558	4	2
hrc_tight_junction	primary	b	REACTOME_TIGHT_JUNCTION_INTERACTIONS	control	PARP10	0.1882201135437779	2397	19
hrc_tight_junction	primary	b	REACTOME_TIGHT_JUNCTION_INTERACTIONS	control	PARS2	0.01783104127988399	274	13
hrc_tight_junction	primary	b	REACTOME_TIGHT_JUNCTION_INTERACTIONS	control	PART1	0.019506204620844205	279	13
hrc_tight_junction	primary	b	REACTOME_TIGHT_JUNCTION_INTERACTIONS	control	PBLD	0.21508237796792115	2445	19
hrc_tight_junction	primary	b	REACTOME_TIGHT_JUNCTION_INTERACTIONS	control	PCDH9-AS3	6.246486351427322e-05	1	0
hrc_tight_junction	primary	b	REACTOME_TIGHT_JUNCTION_INTERACTIONS	control	PCDHA5	0.0028109188581422933	43	8
hrc_tight_junction	primary	b	REACTOME_TIGHT_JUNCTION_INTERACTIONS	control	PCSK4	0.0324612618585434	491	14
hrc_tight_junction	primary	b	REACTOME_TIGHT_JUNCTION_INTERACTIONS	control	PDLIM1	0.7529752113302521	6272	23
hrc_tight_junction	primary	b	REACTOME_TIGHT_JUNCTION_INTERACTIONS	control	PHOX2A	0.00018739459054281966	3	2
hrc_tight_junction	primary	b	REACTOME_TIGHT_JUNCTION_INTERACTIONS	control	PICART1	0.0027550426590739765	44	8
hrc_tight_junction	primary	b	REACTOME_TIGHT_JUNCTION_INTERACTIONS	control	PLA2G4E	0.004647311633229958	72	10
hrc_tight_junction	primary	b	REACTOME_TIGHT_JUNCTION_INTERACTIONS	control	PLAGL2	0.22425083641898969	2668	20
hrc_tight_junction	primary	b	REACTOME_TIGHT_JUNCTION_INTERACTIONS	control	PLBD1-AS1	0.20729224120694167	2451	19
hrc_tight_junction	primary	b	REACTOME_TIGHT_JUNCTION_INTERACTIONS	control	PLD1	0.9214446265686786	6461	23
hrc_tight_junction	primary	b	REACTOME_TIGHT_JUNCTION_INTERACTIONS	control	PLS1	2.0667717817111355	10351	24
hrc_tight_junction	primary	b	REACTOME_TIGHT_JUNCTION_INTERACTIONS	control	POGLUT1	0.19927515794219838	2559	19
hrc_tight_junction	primary	b	REACTOME_TIGHT_JUNCTION_INTERACTIONS	control	POGLUT3	0.09748397046826113	1273	17
hrc_tight_junction	primary	b	REACTOME_TIGHT_JUNCTION_INTERACTIONS	control	POLR1C	0.32723602241695043	3692	21
hrc_tight_junction	primary	b	REACTOME_TIGHT_JUNCTION_INTERACTIONS	control	POLR2J3	0.8814813900250016	7434	23
hrc_tight_junction	primary	b	REACTOME_TIGHT_JUNCTION_INTERACTIONS	control	POLRMT	0.09189347085175956	1243	17
hrc_tight_junction	primary	b	REACTOME_TIGHT_JUNCTION_INTERACTIONS	control	POMZP3	0.08887253403179589	1262	17
hrc_tight_junction	primary	b	REACTOME_TIGHT_JUNCTION_INTERACTIONS	control	PON1	0.006813785535602274	124	11
hrc_tight_junction	primary	b	REACTOME_TIGHT_JUNCTION_INTERACTIONS	control	POTEE	0.0076534414665190564	112	11
hrc_tight_junction	primary	b	REACTOME_TIGHT_JUNCTION_INTERACTIONS	control	PPDPF	1.1058994591593532	7464	24
hrc_tight_junction	primary	b	REACTOME_TIGHT_JUNCTION_INTERACTIONS	control	PPIP5K1	0.24850058029143027	2912	20
hrc_tight_junction	primary	b	REACTOME_TIGHT_JUNCTION_INTERACTIONS	control	PPP1CA	0.35092069864556086	3346	21
hrc_tight_junction	primary	b	REACTOME_TIGHT_JUNCTION_INTERACTIONS	control	PPP1R26-AS1	0.2741724134303172	3183	20
hrc_tight_junction	primary	b	REACTOME_TIGHT_JUNCTION_INTERACTIONS	control	PPP1R3D	0.08349263226861584	1165	17
hrc_tight_junction	primary	b	REACTOME_TIGHT_JUNCTION_INTERACTIONS	control	PPP6C	0.33403199607677186	3758	21
hrc_tight_junction	primary	b	REACTOME_TIGHT_JUNCTION_INTERACTIONS	control	PRF1	0.0008907434134963467	63	5
hrc_tight_junction	primary	b	REACTOME_TIGHT_JUNCTION_INTERACTIONS	control	PRICKLE2-AS2	0.00018631440947270125	3	2
hrc_tight_junction	primary	b	REACTOME_TIGHT_JUNCTION_INTERACTIONS	control	PRKCB	0.00023437326735860768	396	2
hrc_tight_junction	primary	b	REACTOME_TIGHT_JUNCTION_INTERACTIONS	control	PRR9	0.00012492972703908735	3	2
hrc_tight_junction	primary	b	REACTOME_TIGHT_JUNCTION_INTERACTIONS	control	PRSS2	0.024264458723976416	214	14
hrc_tight_junction	primary	b	REACTOME_TIGHT_JUNCTION_INTERACTIONS	control	PSCA	0.012853507619172878	99	12
hrc_tight_junction	primary	b	REACTOME_TIGHT_JUNCTION_INTERACTIONS	control	PSKH1	0.10051692693399844	1404	17
hrc_tight_junction	primary	b	REACTOME_TIGHT_JUNCTION_INTERACTIONS	control	PSMD8	0.34022155166923324	3562	21
hrc_tight_junction	primary	b	REACTOME_TIGHT_JUNCTION_INTERACTIONS	control	PSME4	1.3505558085732738	8970	24
hrc_tight_junction	primary	b	REACTOME_TIGHT_JUNCTION_INTERACTIONS	control	PSORS1C2	0.0002498594540570929	4	2
hrc_tight_junction	primary	b	REACTOME_TIGHT_JUNCTION_INTERACTIONS	control	PTRHD1	0.084340508686803	1111	17
hrc_tight_junction	primary	b	REACTOME_TIGHT_JUNCTION_INTERACTIONS	control	QRSL1	0.3999775188711911	4272	21
hrc_tight_junction	primary	b	REACTOME_TIGHT_JUNCTION_INTERACTIONS	control	QTRT1	0.28450631308625685	3427	20
hrc_tight_junction	primary	b	REACTOME_TIGHT_JUNCTION_INTERACTIONS	control	RAB26	0.0477205540784049	676	15
hrc_tight_junction	primary	b	REACTOME_TIGHT_JUNCTION_INTERACTIONS	control	RAB4B	0.0981222855373849	1392	17
hrc_tight_junction	primary	b	REACTOME_TIGHT_JUNCTION_INTERACTIONS	control	RABEPK	0.18668921640598507	2255	19
hrc_tight_junction	primary	b	REACTOME_TIGHT_JUNCTION_INTERACTIONS	control	RAC1	1.9206618736198164	10522	24
hrc_tight_junction	primary	b	REACTOME_TIGHT_JUNCTION_INTERACTIONS	control	RAD51-AS1	0.2565186803647261	3180	20
hrc_tight_junction	primary	b	REACTOME_TIGHT_JUNCTION_INTERACTIONS	control	RASA4B	0.014818615936363234	242	12
hrc_tight_junction	primary	b	REACTOME_TIGHT_JUNCTION_INTERACTIONS	control	RASSF10	0.032756372267022396	459	14
hrc_tight_junction	primary	b	REACTOME_TIGHT_JUNCTION_INTERACTIONS	control	RBM11	0.013242808494243828	200	12
hrc_tight_junction	primary	b	REACTOME_TIGHT_JUNCTION_INTERACTIONS	control	RBM20	0.018707176264254655	235	13
hrc_tight_junction	primary	b	REACTOME_TIGHT_JUNCTION_INTERACTIONS	control	RBM24	0.008370033838634404	126	11
hrc_tight_junction	primary	b	REACTOME_TIGHT_JUNCTION_INTERACTIONS	control	RBM26	2.8398734290548178	12300	24
hrc_tight_junction	primary	b	REACTOME_TIGHT_JUNCTION_INTERACTIONS	control	RBMS2	0.3684632764391901	3765	21
hrc_tight_junction	primary	b	REACTOME_TIGHT_JUNCTION_INTERACTIONS	control	RBX1	0.3825772664177474	4081	21
hrc_tight_junction	primary	b	REACTOME_TIGHT_JUNCTION_INTERACTIONS	control	RC3H1	1.2328729137756842	8598	24
hrc_tight_junction	primary	b	REACTOME_TIGHT_JUNCTION_INTERACTIONS	control	RCBTB1	0.17891515419562	2229	19
hrc_tight_junction	primary	b	REACTOME_TIGHT_JUNCTION_INTERACTIONS	control	RHOA	0.8336880306303565	6761	23
hrc_tight_junction	primary	b	REACTOME_TIGHT_JUNCTION_INTERACTIONS	control	RHOA-IT1	0.004521979614873537	73	10
hrc_tight_junction	primary	b	REACTOME_TIGHT_JUNCTION_INTERACTIONS	control	RIMS3	0.015351666290343487	226	13
hrc_tight_junction	primary	b	REACTOME_TIGHT_JUNCTION_INTERACTIONS	control	RIN3	0.27458117964875106	3327	20
hrc_tight_junction	primary	b	REACTOME_TIGHT_JUNCTION_INTERACTIONS	control	RNF223	0.008588210748877048	133	11
hrc_tight_junction	primary	b	REACTOME_TIGHT_JUNCTION_INTERACTIONS	control	RNF6	0.17062297997509548	2103	19
hrc_tight_junction	primary	b	REACTOME_TIGHT_JUNCTION_INTERACTIONS	control	RPP38	0.3660570909606282	3948	21
hrc_tight_junction	primary	b	REACTOME_TIGHT_JUNCTION_INTERACTIONS	control	RPUSD3	0.08465822937114875	1185	17
hrc_tight_junction	primary	b	REACTOME_TIGHT_JUNCTION_INTERACTIONS	control	RRP36	0.17770441813146928	2201	19
hrc_tight_junction	primary	b	REACTOME_TIGHT_JUNCTION_INTERACTIONS	control	RRP7A	0.29275678478433115	3200	20
hrc_tight_junction	primary	b	REACTOME_TIGHT_JUNCTION_INTERACTIONS	control	RXRB	0.11638707787057236	1673	17
hrc_tight_junction	primary	b	REACTOME_TIGHT_JUNCTION_INTERACTIONS	control	S100A2	0.05184227582985254	608	15
hrc_tight_junction	primary	b	REACTOME_TIGHT_JUNCTION_INTERACTIONS	control	S1PR3	0.008536607233460456	148	11
hrc_tight_junction	primary	b	REACTOME_TIGHT_JUNCTION_INTERACTIONS	control	SACS	0.041393013152469106	596	15
hrc_tight_junction	primary	b	REACTOME_TIGHT_JUNCTION_INTERACTIONS	control	SCGB1C1	6.246486351427322e-05	1	0
hrc_tight_junction	primary	b	REACTOME_TIGHT_JUNCTION_INTERACTIONS	control	SEC11C	0.29388459657243693	3255	20
hrc_tight_junction	primary	b	REACTOME_TIGHT_JUNCTION_INTERACTIONS	control	SEC13	0.3261964481122203	3834	21
hrc_tight_junction	primary	b	REACTOME_TIGHT_JUNCTION_INTERACTIONS	control	SEC22B	0.27352557122964244	3359	20
hrc_tight_junction	primary	b	REACTOME_TIGHT_JUNCTION_INTERACTIONS	control	SEPTIN2	1.2531944870245122	8807	24
hrc_tight_junction	primary	b	REACTOME_TIGHT_JUNCTION_INTERACTIONS	control	SERBP1	1.5392136454909908	8880	24
hrc_tight_junction	primary	b	REACTOME_TIGHT_JUNCTION_INTERACTIONS	control	SERPINA10	0.012152068681344292	183	12
hrc_tight_junction	primary	b	REACTOME_TIGHT_JUNCTION_INTERACTIONS	control	SGMS2	0.23482204094767428	2347	20
hrc_tight_junction	primary	b	REACTOME_TIGHT_JUNCTION_INTERACTIONS	control	SGO1	0.0838256119952016	969	17
hrc_tight_junction	primary	b	REACTOME_TIGHT_JUNCTION_INTERACTIONS	control	SHQ1	0.3914417017071384	4142	21
hrc_tight_junction	primary	b	REACTOME_TIGHT_JUNCTION_INTERACTIONS	control	SIAE	0.24623451763316653	2985	20
hrc_tight_junction	primary	b	REACTOME_TIGHT_JUNCTION_INTERACTIONS	control	SIK3	2.0740748632314663	10573	24
hrc_tight_junction	primary	b	REACTOME_TIGHT_JUNCTION_INTERACTIONS	control	SIRT5	0.30025554539910254	3545	20
hrc_tight_junction	primary	b	REACTOME_TIGHT_JUNCTION_INTERACTIONS	control	SLC25A29	0.2929706046076989	3348	20
hrc_tight_junction	primary	b	REACTOME_TIGHT_JUNCTION_INTERACTIONS	control	SLC25A36	1.314197869268523	9304	24
hrc_tight_junction	primary	b	REACTOME_TIGHT_JUNCTION_INTERACTIONS	control	SLC30A5	0.3159934766690656	3593	21
hrc_tight_junction	primary	b	REACTOME_TIGHT_JUNCTION_INTERACTIONS	control	SLC35E2A	0.20175156169101835	2679	19
hrc_tight_junction	primary	b	REACTOME_TIGHT_JUNCTION_INTERACTIONS	control	SLC51B	0.009361412074819206	133	11
hrc_tight_junction	primary	b	REACTOME_TIGHT_JUNCTION_INTERACTIONS	control	SLC5A2	0.0128917274115288	198	12
hrc_tight_junction	primary	b	REACTOME_TIGHT_JUNCTION_INTERACTIONS	control	SLC7A7	0.05579780651472509	782	15
hrc_tight_junction	primary	b	REACTOME_TIGHT_JUNCTION_INTERACTIONS	control	SLF1	0.24868153251493033	2783	20
hrc_tight_junction	primary	b	REACTOME_TIGHT_JUNCTION_INTERACTIONS	control	SLITRK5	0.002670738946357206	40	8
hrc_tight_junction	primary	b	REACTOME_TIGHT_JUNCTION_INTERACTIONS	control	SMIM27	0.04263194805901575	639	15
hrc_tight_junction	primary	b	REACTOME_TIGHT_JUNCTION_INTERACTIONS	control	SMURF2	1.0385520414194611	7432	23
hrc_tight_junction	primary	b	REACTOME_TIGHT_JUNCTION_INTERACTIONS	control	SNRPA1	0.41451427294526016	4646	21
hrc_tight_junction	primary	b	REACTOME_TIGHT_JUNCTION_INTERACTIONS	control	SNRPD3	0.28312019432378027	2834	20
hrc_tight_junction	primary	b	REACTOME_TIGHT_JUNCTION_INTERACTIONS	control	SOWAHB	0.01608295721477269	235	13
hrc_tight_junction	primary	b	REACTOME_TIGHT_JUNCTION_INTERACTIONS	control	SP5	0.05012381976293435	577	15
hrc_tight_junction	primary	b	REACTOME_TIGHT_JUNCTION_INTERACTIONS	control	SPATA24	0.02353087976622363	353	13
hrc_tight_junction	primary	b	REACTOME_TIGHT_JUNCTION_INTERACTIONS	control	SPATA5	1.2027236093113676	7848	24
hrc_tight_junction	primary	b	REACTOME_TIGHT_JUNCTION_INTERACTIONS	control	SPATC1	0.012898281182181831	197	12
hrc_tight_junction	primary	b	REACTOME_TIGHT_JUNCTION_INTERACTIONS	control	SPIN1	0.8910114131404826	7458	23
hrc_tight_junction	primary	b	REACTOME_TIGHT_JUNCTION_INTERACTIONS	control	SPINK1	0.8419555862542376	4448	23
hrc_tight_junction	primary	b	REACTOME_TIGHT_JUNCTION_INTERACTIONS	control	SPINT2	1.9754294427220465	10325	24
hrc_tight_junction	primary	b	REACTOME_TIGHT_JUNCTION_INTERACTIONS	control	SPTLC2	0.9036298131792351	6909	23
hrc_tight_junction	primary	b	REACTOME_TIGHT_JUNCTION_INTERACTIONS	control	SRRM1	1.005422654377693	8131	23
hrc_tight_junction	primary	b	REACTOME_TIGHT_JUNCTION_INTERACTIONS	control	ST3GAL2	0.29015987379329417	3178	20
hrc_tight_junction	primary	b	REACTOME_TIGHT_JUNCTION_INTERACTIONS	control	STARD5	0.041204579859121244	627	15
hrc_tight_junction	primary	b	REACTOME_TIGHT_JUNCTION_INTERACTIONS	control	STAU1	1.5031405333107288	9301	24
hrc_tight_junction	primary	b	REACTOME_TIGHT_JUNCTION_INTERACTIONS	control	STK11IP	0.04654250124331996	705	15
hrc_tight_junction	primary	b	REACTOME_TIGHT_JUNCTION_INTERACTIONS	control	STRIT1	0.011598614582198423	146	12
hrc_tight_junction	primary	b	REACTOME_TIGHT_JUNCTION_INTERACTIONS	control	STUB1	0.23500987666596973	2797	20
hrc_tight_junction	primary	b	REACTOME_TIGHT_JUNCTION_INTERACTIONS	control	STXBP2	0.18738919455953426	2427	19
hrc_tight_junction	primary	b	REACTOME_TIGHT_JUNCTION_INTERACTIONS	control	STXBP4	0.3728072802483895	3664	21
hrc_tight_junction	primary	b	REACTOME_TIGHT_JUNCTION_INTERACTIONS	control	SUCLG2	2.110174595430987	10926	24
hrc_tight_junction	primary	b	REACTOME_TIGHT_JUNCTION_INTERACTIONS	control	SUMO1	0.4070946753110682	4287	21
hrc_tight_junction	primary	b	REACTOME_TIGHT_JUNCTION_INTERACTIONS	control	SUPT20H	1.000714957970982	8043	23
hrc_tight_junction	primary	b	REACTOME_TIGHT_JUNCTION_INTERACTIONS	control	SUPT6H	0.3930281033927126	4419	21
hrc_tight_junction	primary	b	REACTOME_TIGHT_JUNCTION_INTERACTIONS	control	SWI5	0.10830706465556311	1484	17
hrc_tight_junction	primary	b	REACTOME_TIGHT_JUNCTION_INTERACTIONS	control	SYCP2L	0.017812131368448964	249	13
hrc_tight_junction	primary	b	REACTOME_TIGHT_JUNCTION_INTERACTIONS	control	SYN1	0.013665348345386132	213	12
hrc_tight_junction	primary	b	REACTOME_TIGHT_JUNCTION_INTERACTIONS	control	TAF1A-AS1	0.010095658494572978	155	12
hrc_tight_junction	primary	b	REACTOME_TIGHT_JUNCTION_INTERACTIONS	control	TAS1R1	0.0028502644095014856	35	8
hrc_tight_junction	primary	b	REACTOME_TIGHT_JUNCTION_INTERACTIONS	control	TAS2R40	0.00018739459054281966	3	2
hrc_tight_junction	primary	b	REACTOME_TIGHT_JUNCTION_INTERACTIONS	control	TBC1D19	0.2492694973841366	2937	20
hrc_tight_junction	primary	b	REACTOME_TIGHT_JUNCTION_INTERACTIONS	control	TBC1D5	6.1942169499342725	13868	24
hrc_tight_junction	primary	b	REACTOME_TIGHT_JUNCTION_INTERACTIONS	control	TBCE	0.04499780071378155	673	15
hrc_tight_junction	primary	b	REACTOME_TIGHT_JUNCTION_INTERACTIONS	control	TBXA2R	0.0007574616339914443	17	5
hrc_tight_junction	primary	b	REACTOME_TIGHT_JUNCTION_INTERACTIONS	control	TCP11L1	0.16857258511502524	2200	19
hrc_tight_junction	primary	b	REACTOME_TIGHT_JUNCTION_INTERACTIONS	control	THEM4	0.19650379104381638	2412	19
hrc_tight_junction	primary	b	REACTOME_TIGHT_JUNCTION_INTERACTIONS	control	TLR9	0.0021263203956035518	36	8
hrc_tight_junction	primary	b	REACTOME_TIGHT_JUNCTION_INTERACTIONS	control	TMBIM6	1.9580639910672608	9572	24
hrc_tight_junction	primary	b	REACTOME_TIGHT_JUNCTION_INTERACTIONS	control	TMEM106C	0.2983216448126271	3324	20
hrc_tight_junction	primary	b	REACTOME_TIGHT_JUNCTION_INTERACTIONS	control	TMEM163	0.054662719127303416	773	15
hrc_tight_junction	primary	b	REACTOME_TIGHT_JUNCTION_INTERACTIONS	control	TMEM164	0.6697418678483744	5845	23
hrc_tight_junction	primary	b	REACTOME_TIGHT_JUNCTION_INTERACTIONS	control	TMEM200C	0.018270758043648146	236	13
hrc_tight_junction	primary	b	REACTOME_TIGHT_JUNCTION_INTERACTIONS	control	TMEM202-AS1	0.02973204074864145	437	14
hrc_tight_junction	primary	b	REACTOME_TIGHT_JUNCTION_INTERACTIONS	control	TMEM45B	1.2950412086219534	8518	24
hrc_tight_junction	primary	b	REACTOME_TIGHT_JUNCTION_INTERACTIONS	control	TMEM65	0.9805618817222533	6889	23
hrc_tight_junction	primary	b	REACTOME_TIGHT_JUNCTION_INTERACTIONS	control	TMEM72	0.006637966958994982	101	11
hrc_tight_junction	primary	b	REACTOME_TIGHT_JUNCTION_INTERACTIONS	control	TMEM82	0.005849580317540203	88	10
hrc_tight_junction	primary	b	REACTOME_TIGHT_JUNCTION_INTERACTIONS	control	TMPRSS13	0.04093282642277523	550	15
hrc_tight_junction	primary	b	REACTOME_TIGHT_JUNCTION_INTERACTIONS	control	TMX4	0.21325291160700513	2448	19
hrc_tight_junction	primary	b	REACTOME_TIGHT_JUNCTION_INTERACTIONS	control	TOMM20L	0.002767983233655396	45	8
hrc_tight_junction	primary	b	REACTOME_TIGHT_JUNCTION_INTERACTIONS	control	TRAK1	1.084283863789246	8344	23
hrc_tight_junction	primary	b	REACTOME_TIGHT_JUNCTION_INTERACTIONS	control	TRAV8-1	6.246486351427322e-05	1	0
hrc_tight_junction	primary	b	REACTOME_TIGHT_JUNCTION_INTERACTIONS	control	TRIM14	0.4021417669725271	4255	21
hrc_tight_junction	primary	b	REACTOME_TIGHT_JUNCTION_INTERACTIONS	control	TRIM16L	0.05669021072166679	802	15
hrc_tight_junction	primary	b	REACTOME_TIGHT_JUNCTION_INTERACTIONS	control	TRIM3	0.04105159752566549	622	15
hrc_tight_junction	primary	b	REACTOME_TIGHT_JUNCTION_INTERACTIONS	control	TRIM52-AS1	0.0372344763589178	546	15
hrc_tight_junction	primary	b	REACTOME_TIGHT_JUNCTION_INTERACTIONS	control	TSACC	0.043749002094859726	651	15
hrc_tight_junction	primary	b	REACTOME_TIGHT_JUNCTION_INTERACTIONS	control	TSC1	0.32589754410675814	3769	21
hrc_tight_junction	primary	b	REACTOME_TIGHT_JUNCTION_INTERACTIONS	control	TSEN54	0.2380790029960686	2973	20
hrc_tight_junction	primary	b	REACTOME_TIGHT_JUNCTION_INTERACTIONS	control	TSPAN2	0.0838495917416756	996	17
hrc_tight_junction	primary	b	REACTOME_TIGHT_JUNCTION_INTERACTIONS	control	TSPEAR-AS2	0.006753041084630771	100	11
hrc_tight_junction	primary	b	REACTOME_TIGHT_JUNCTION_INTERACTIONS	control	TTC30A	0.01815432163038127	272	13
hrc_tight_junction	primary	b	REACTOME_TIGHT_JUNCTION_INTERACTIONS	control	TTC34	0.00968408611587898	153	11
hrc_tight_junction	primary	b	REACTOME_TIGHT_JUNCTION_INTERACTIONS	control	TTC9	0.050372094494896345	603	15
hrc_tight_junction	primary	b	REACTOME_TIGHT_JUNCTION_INTERACTIONS	control	TTC9B	0.0008745080891998253	14	5
hrc_tight_junction	primary	b	REACTOME_TIGHT_JUNCTION_INTERACTIONS	control	TTL	0.20881528657859863	2432	19
hrc_tight_junction	primary	b	REACTOME_TIGHT_JUNCTION_INTERACTIONS	control	TTTY7	6.160059058023605e-05	1	0
hrc_tight_junction	primary	b	REACTOME_TIGHT_JUNCTION_INTERACTIONS	control	TTYH1	0.0123558979700429	173	12
hrc_tight_junction	primary	b	REACTOME_TIGHT_JUNCTION_INTERACTIONS	control	TUBA1B	1.0389166965990346	5705	23
hrc_tight_junction	primary	b	REACTOME_TIGHT_JUNCTION_INTERACTIONS	control	TUBA3D	0.007486752453195256	116	11
hrc_tight_junction	primary	b	REACTOME_TIGHT_JUNCTION_INTERACTIONS	control	TYRP1	0.005979750100405712	81	10
hrc_tight_junction	primary	b	REACTOME_TIGHT_JUNCTION_INTERACTIONS	control	UAP1L1	0.047588166988977956	712	15
hrc_tight_junction	primary	b	REACTOME_TIGHT_JUNCTION_INTERACTIONS	control	UBE2Q2L	0.0007678071297907622	12	5
hrc_tight_junction	primary	b	REACTOME_TIGHT_JUNCTION_INTERACTIONS	control	UCKL1-AS1	0.041675563896310726	620	15
hrc_tight_junction	primary	b	REACTOME_TIGHT_JUNCTION_INTERACTIONS	control	UGT1A8	0.025319145080098818	366	14
hrc_tight_junction	primary	b	REACTOME_TIGHT_JUNCTION_INTERACTIONS	control	VCAN-AS1	0.0022828929051149473	89	8
hrc_tight_junction	primary	b	REACTOME_TIGHT_JUNCTION_INTERACTIONS	control	VHL	0.20860125762703352	2618	19
hrc_tight_junction	primary	b	REACTOME_TIGHT_JUNCTION_INTERACTIONS	control	VIPR1-AS1	0.03505593755718947	509	14
hrc_tight_junction	primary	b	REACTOME_TIGHT_JUNCTION_INTERACTIONS	control	VMA21	0.17845979345768942	2093	19
hrc_tight_junction	primary	b	REACTOME_TIGHT_JUNCTION_INTERACTIONS	control	VPS50	0.8382479525631099	7160	23
hrc_tight_junction	primary	b	REACTOME_TIGHT_JUNCTION_INTERACTIONS	control	VWF	0.001981566959122516	88	8
hrc_tight_junction	primary	b	REACTOME_TIGHT_JUNCTION_INTERACTIONS	control	WDR59	0.7533045669965132	6819	23
hrc_tight_junction	primary	b	REACTOME_TIGHT_JUNCTION_INTERACTIONS	control	WDR60	0.7597982600416024	6839	23
hrc_tight_junction	primary	b	REACTOME_TIGHT_JUNCTION_INTERACTIONS	control	WDR88	0.022442265418879125	343	13
hrc_tight_junction	primary	b	REACTOME_TIGHT_JUNCTION_INTERACTIONS	control	XPNPEP2	0.035242155677367264	515	14
hrc_tight_junction	primary	b	REACTOME_TIGHT_JUNCTION_INTERACTIONS	control	YAF2	0.6781685645154809	5988	23
hrc_tight_junction	primary	b	REACTOME_TIGHT_JUNCTION_INTERACTIONS	control	YBX2	0.04944336632888734	707	15
hrc_tight_junction	primary	b	REACTOME_TIGHT_JUNCTION_INTERACTIONS	control	Z83745.1	0.014571068478119086	228	12
hrc_tight_junction	primary	b	REACTOME_TIGHT_JUNCTION_INTERACTIONS	control	ZBTB32	0.006845818009574002	111	11
hrc_tight_junction	primary	b	REACTOME_TIGHT_JUNCTION_INTERACTIONS	control	ZBTB8A	0.17612556672809584	2144	19
hrc_tight_junction	primary	b	REACTOME_TIGHT_JUNCTION_INTERACTIONS	control	ZDHHC2	0.17818416367353632	2106	19
hrc_tight_junction	primary	b	REACTOME_TIGHT_JUNCTION_INTERACTIONS	control	ZFP1	0.048360037802905216	703	15
hrc_tight_junction	primary	b	REACTOME_TIGHT_JUNCTION_INTERACTIONS	control	ZIM3	0.00012492972703002193	3	2
hrc_tight_junction	primary	b	REACTOME_TIGHT_JUNCTION_INTERACTIONS	control	ZNF223	0.040285706296688775	603	15
hrc_tight_junction	primary	b	REACTOME_TIGHT_JUNCTION_INTERACTIONS	control	ZNF24	0.21155144906154205	2605	19
hrc_tight_junction	primary	b	REACTOME_TIGHT_JUNCTION_INTERACTIONS	control	ZNF28	0.09077870732981833	1266	17
hrc_tight_junction	primary	b	REACTOME_TIGHT_JUNCTION_INTERACTIONS	control	ZNF280D	0.6892809991878528	6297	23
hrc_tight_junction	primary	b	REACTOME_TIGHT_JUNCTION_INTERACTIONS	control	ZNF295-AS1	0.010732596033301109	168	12
hrc_tight_junction	primary	b	REACTOME_TIGHT_JUNCTION_INTERACTIONS	control	ZNF366	0.00012557673222004397	9	2
hrc_tight_junction	primary	b	REACTOME_TIGHT_JUNCTION_INTERACTIONS	control	ZNF41	0.09420111467676116	1304	17
hrc_tight_junction	primary	b	REACTOME_TIGHT_JUNCTION_INTERACTIONS	control	ZNF428	0.0861946484256085	1216	17
hrc_tight_junction	primary	b	REACTOME_TIGHT_JUNCTION_INTERACTIONS	control	ZNF433	0.044575501954475856	671	15
hrc_tight_junction	primary	b	REACTOME_TIGHT_JUNCTION_INTERACTIONS	control	ZNF462	0.8538708137638573	6942	23
hrc_tight_junction	primary	b	REACTOME_TIGHT_JUNCTION_INTERACTIONS	control	ZNF491	0.00472905139820261	80	10
hrc_tight_junction	primary	b	REACTOME_TIGHT_JUNCTION_INTERACTIONS	control	ZNF549	0.03608772904006578	556	14
hrc_tight_junction	primary	b	REACTOME_TIGHT_JUNCTION_INTERACTIONS	control	ZNF81	0.2774233848137625	3245	20
hrc_tight_junction	primary	b	REACTOME_TIGHT_JUNCTION_INTERACTIONS	control	ZNF853	0.007938322288805798	123	11
hrc_tight_junction	primary	b	REACTOME_TIGHT_JUNCTION_INTERACTIONS	control	ZXDA	0.008631912845385437	140	11
hrc_tight_junction	primary	b	REACTOME_TIGHT_JUNCTION_INTERACTIONS	control	ZYG11B	0.3861042981673773	4247	21
hrc_tight_junction	primary	b	REACTOME_TIGHT_JUNCTION_INTERACTIONS	target	CLDN1	0.7401467175142356	5204	23
hrc_tight_junction	primary	b	REACTOME_TIGHT_JUNCTION_INTERACTIONS	target	CLDN10	0.056173523262270895	559	15
hrc_tight_junction	primary	b	REACTOME_TIGHT_JUNCTION_INTERACTIONS	target	CLDN11	0.05206503404900215	630	15
hrc_tight_junction	primary	b	REACTOME_TIGHT_JUNCTION_INTERACTIONS	target	CLDN12	0.35629173620880966	3840	21
hrc_tight_junction	primary	b	REACTOME_TIGHT_JUNCTION_INTERACTIONS	target	CLDN14	0.0043030364386962335	90	10
hrc_tight_junction	primary	b	REACTOME_TIGHT_JUNCTION_INTERACTIONS	target	CLDN15	0.2210615570901579	2375	20
hrc_tight_junction	primary	b	REACTOME_TIGHT_JUNCTION_INTERACTIONS	target	CLDN16	0.08425921451718932	984	17
hrc_tight_junction	primary	b	REACTOME_TIGHT_JUNCTION_INTERACTIONS	target	CLDN18	0.0502327584232892	363	15
hrc_tight_junction	primary	b	REACTOME_TIGHT_JUNCTION_INTERACTIONS	target	CLDN19	0.0006246486351427324	10	5
hrc_tight_junction	primary	b	REACTOME_TIGHT_JUNCTION_INTERACTIONS	target	CLDN2	0.16305492584818077	1257	19
hrc_tight_junction	primary	b	REACTOME_TIGHT_JUNCTION_INTERACTIONS	target	CLDN20	0.04594191429847199	683	15
hrc_tight_junction	primary	b	REACTOME_TIGHT_JUNCTION_INTERACTIONS	target	CLDN22	6.246486351427322e-05	1	0
hrc_tight_junction	primary	b	REACTOME_TIGHT_JUNCTION_INTERACTIONS	target	CLDN23	0.032262158632889025	471	14
hrc_tight_junction	primary	b	REACTOME_TIGHT_JUNCTION_INTERACTIONS	target	CLDN3	2.661804816738723	10314	24
hrc_tight_junction	primary	b	REACTOME_TIGHT_JUNCTION_INTERACTIONS	target	CLDN4	2.9669986305513665	10871	24
hrc_tight_junction	primary	b	REACTOME_TIGHT_JUNCTION_INTERACTIONS	target	CLDN5	0.0001732363102698182	26	2
hrc_tight_junction	primary	b	REACTOME_TIGHT_JUNCTION_INTERACTIONS	target	CLDN6	0.0027116388166276164	40	8
hrc_tight_junction	primary	b	REACTOME_TIGHT_JUNCTION_INTERACTIONS	target	CLDN7	1.4741119457904046	8689	24
hrc_tight_junction	primary	b	REACTOME_TIGHT_JUNCTION_INTERACTIONS	target	CLDN8	0.002238685450761499	27	8
hrc_tight_junction	primary	b	REACTOME_TIGHT_JUNCTION_INTERACTIONS	target	CLDN9	0.006655118021471372	100	11
hrc_tight_junction	primary	b	REACTOME_TIGHT_JUNCTION_INTERACTIONS	target	PARD3	6.531203660078736	13625	24
hrc_tight_junction	primary	b	REACTOME_TIGHT_JUNCTION_INTERACTIONS	target	PARD6A	0.0160638824923435	249	13
hrc_tight_junction	primary	b	REACTOME_TIGHT_JUNCTION_INTERACTIONS	target	PARD6B	0.7400831427771648	6111	23
hrc_tight_junction	primary	b	REACTOME_TIGHT_JUNCTION_INTERACTIONS	target	PARD6G	0.011561133025268743	197	12
hrc_tight_junction	primary	b	REACTOME_TIGHT_JUNCTION_INTERACTIONS	target	PATJ	4.934652310828392	14145	24
hrc_tight_junction	primary	b	REACTOME_TIGHT_JUNCTION_INTERACTIONS	target	PRKCI	0.7339433990253689	6415	23
pemt_tight_junction	key_secondary	a	PUBLISHED_PEMT	control	AADACL2-AS1	0.032274993375624166	443	14
pemt_tight_junction	key_secondary	a	PUBLISHED_PEMT	control	AC002128.2	0.005553132839567449	88	10
pemt_tight_junction	key_secondary	a	PUBLISHED_PEMT	control	AC004221.1	0.0008120432256855521	13	5
pemt_tight_junction	key_secondary	a	PUBLISHED_PEMT	control	AC004691.1	0.004615395388125744	75	10
pemt_tight_junction	key_secondary	a	PUBLISHED_PEMT	control	AC004784.1	0.04330478042030879	434	15
pemt_tight_junction	key_secondary	a	PUBLISHED_PEMT	control	AC004938.2	0.002950480134849492	47	9
pemt_tight_junction	key_secondary	a	PUBLISHED_PEMT	control	AC004988.1	0.004254781922981926	78	9
pemt_tight_junction	key_secondary	a	PUBLISHED_PEMT	control	AC005006.1	0.0010797038941493867	18	6
pemt_tight_junction	key_secondary	a	PUBLISHED_PEMT	control	AC005008.2	0.0003123243175713661	5	3
pemt_tight_junction	key_secondary	a	PUBLISHED_PEMT	control	AC005037.1	0.1267037928137907	1613	18
pemt_tight_junction	key_secondary	a	PUBLISHED_PEMT	control	AC005042.2	0.0006871134986570056	11	5
pemt_tight_junction	key_secondary	a	PUBLISHED_PEMT	control	AC005476.2	0.028956238308616496	424	14
pemt_tight_junction	key_secondary	a	PUBLISHED_PEMT	control	AC005523.2	0.03492233028893793	509	14
pemt_tight_junction	key_secondary	a	PUBLISHED_PEMT	control	AC005670.3	0.5630769752437449	5524	22
pemt_tight_junction	key_secondary	a	PUBLISHED_PEMT	control	AC005845.1	0.0002498594540570929	4	3
pemt_tight_junction	key_secondary	a	PUBLISHED_PEMT	control	AC006333.1	0.0008679776741553013	10	5
pemt_tight_junction	key_secondary	a	PUBLISHED_PEMT	control	AC007220.1	0.011275869817169024	176	12
pemt_tight_junction	key_secondary	a	PUBLISHED_PEMT	control	AC007285.1	0.05936148159731343	852	16
pemt_tight_junction	key_secondary	a	PUBLISHED_PEMT	control	AC007681.1	0.11586013129339943	1274	17
pemt_tight_junction	key_secondary	a	PUBLISHED_PEMT	control	AC007906.1	0.0011053715478071557	19	6
pemt_tight_junction	key_secondary	a	PUBLISHED_PEMT	control	AC007923.1	0.00018739459054281966	3	2
pemt_tight_junction	key_secondary	a	PUBLISHED_PEMT	control	AC008269.1	0.059429482748100566	702	16
pemt_tight_junction	key_secondary	a	PUBLISHED_PEMT	control	AC008406.1	0.00037478918108563937	6	3
pemt_tight_junction	key_secondary	a	PUBLISHED_PEMT	control	AC008870.4	0.022685505778809324	336	13
pemt_tight_junction	key_secondary	a	PUBLISHED_PEMT	control	AC009041.1	0.0003110242631614256	5	3
pemt_tight_junction	key_secondary	a	PUBLISHED_PEMT	control	AC009065.1	0.0009994378162283717	16	6
pemt_tight_junction	key_secondary	a	PUBLISHED_PEMT	control	AC009113.1	0.029083968551954116	434	14
pemt_tight_junction	key_secondary	a	PUBLISHED_PEMT	control	AC009141.1	0.003848449772380783	62	9
pemt_tight_junction	key_secondary	a	PUBLISHED_PEMT	control	AC009236.1	0.004114592553406262	63	9
pemt_tight_junction	key_secondary	a	PUBLISHED_PEMT	control	AC009269.4	0.001061902679742645	17	6
pemt_tight_junction	key_secondary	a	PUBLISHED_PEMT	control	AC009446.1	0.0006246486351427324	10	5
pemt_tight_junction	key_secondary	a	PUBLISHED_PEMT	control	AC009542.1	0.007904550782580818	139	11
pemt_tight_junction	key_secondary	a	PUBLISHED_PEMT	control	AC009831.3	0.0008261212528764524	17	5
pemt_tight_junction	key_secondary	a	PUBLISHED_PEMT	control	AC009835.1	0.00037478918108563937	6	3
pemt_tight_junction	key_secondary	a	PUBLISHED_PEMT	control	AC009884.1	0.014191258850189398	218	12
pemt_tight_junction	key_secondary	a	PUBLISHED_PEMT	control	AC009975.1	0.733199455698011	2523	23
pemt_tight_junction	key_secondary	a	PUBLISHED_PEMT	control	AC010168.1	0.20595829550066777	2428	19
pemt_tight_junction	key_secondary	a	PUBLISHED_PEMT	control	AC010271.2	0.0009369729527140986	15	6
pemt_tight_junction	key_secondary	a	PUBLISHED_PEMT	control	AC010328.1	0.0002498594540570929	4	3
pemt_tight_junction	key_secondary	a	PUBLISHED_PEMT	control	AC010494.1	0.001043228115250016	17	6
pemt_tight_junction	key_secondary	a	PUBLISHED_PEMT	control	AC010528.2	0.00018739459054281966	3	2
pemt_tight_junction	key_secondary	a	PUBLISHED_PEMT	control	AC010531.5	0.0381647801107332	574	15
pemt_tight_junction	key_secondary	a	PUBLISHED_PEMT	control	AC010536.1	0.004450399755083777	73	10
pemt_tight_junction	key_secondary	a	PUBLISHED_PEMT	control	AC010680.3	0.005544534747623939	90	10
pemt_tight_junction	key_secondary	a	PUBLISHED_PEMT	control	AC011131.1	0.0006871134986570055	9	5
pemt_tight_junction	key_secondary	a	PUBLISHED_PEMT	control	AC011239.1	0.005443837635372208	86	10
pemt_tight_junction	key_secondary	a	PUBLISHED_PEMT	control	AC011294.1	0.00037478918108563937	6	3
pemt_tight_junction	key_secondary	a	PUBLISHED_PEMT	control	AC011446.2	0.0008745080891998253	14	5
pemt_tight_junction	key_secondary	a	PUBLISHED_PEMT	control	AC012435.3	0.005049698032916713	81	10
pemt_tight_junction	key_secondary	a	PUBLISHED_PEMT	control	AC012442.2	0.028721862856024818	417	14
pemt_tight_junction	key_secondary	a	PUBLISHED_PEMT	control	AC012568.1	0.014124962605768218	216	12
pemt_tight_junction	key_secondary	a	PUBLISHED_PEMT	control	AC012615.6	0.001164716306055305	19	6
pemt_tight_junction	key_secondary	a	PUBLISHED_PEMT	control	AC013265.1	0.00018739459054281966	3	2
pemt_tight_junction	key_secondary	a	PUBLISHED_PEMT	control	AC013565.3	0.0009369729527140985	13	6
pemt_tight_junction	key_secondary	a	PUBLISHED_PEMT	control	AC015813.1	0.17851696882504647	2270	19
pemt_tight_junction	key_secondary	a	PUBLISHED_PEMT	control	AC016396.1	0.0007451328661464292	12	5
pemt_tight_junction	key_secondary	a	PUBLISHED_PEMT	control	AC016590.1	0.01412061850354005	221	12
pemt_tight_junction	key_secondary	a	PUBLISHED_PEMT	control	AC016598.2	0.00037478918108563937	6	3
pemt_tight_junction	key_secondary	a	PUBLISHED_PEMT	control	AC016877.1	0.0035569637211490964	51	9
pemt_tight_junction	key_secondary	a	PUBLISHED_PEMT	control	AC017002.3	0.001232894423946019	21	6
pemt_tight_junction	key_secondary	a	PUBLISHED_PEMT	control	AC017074.1	0.12325426458277351	1573	18
pemt_tight_junction	key_secondary	a	PUBLISHED_PEMT	control	AC018442.2	0.0029194956716691997	47	9
pemt_tight_junction	key_secondary	a	PUBLISHED_PEMT	control	AC018464.1	0.0003123243175713661	5	3
pemt_tight_junction	key_secondary	a	PUBLISHED_PEMT	control	AC021483.2	0.0003123243175713661	5	3
pemt_tight_junction	key_secondary	a	PUBLISHED_PEMT	control	AC022215.2	0.011472292564163836	176	12
pemt_tight_junction	key_secondary	a	PUBLISHED_PEMT	control	AC022274.1	0.1047328571866971	1323	17
pemt_tight_junction	key_secondary	a	PUBLISHED_PEMT	control	AC022306.2	0.01410873432252949	218	12
pemt_tight_junction	key_secondary	a	PUBLISHED_PEMT	control	AC022387.2	0.01418848654727768	206	12
pemt_tight_junction	key_secondary	a	PUBLISHED_PEMT	control	AC022400.1	0.00016764400751320127	3	2
pemt_tight_junction	key_secondary	a	PUBLISHED_PEMT	control	AC022601.1	0.006159532356101355	91	10
pemt_tight_junction	key_secondary	a	PUBLISHED_PEMT	control	AC022634.2	0.00018739459054281966	3	2
pemt_tight_junction	key_secondary	a	PUBLISHED_PEMT	control	AC022726.2	0.0010896668315596508	18	6
pemt_tight_junction	key_secondary	a	PUBLISHED_PEMT	control	AC022874.1	0.0341858726854186	427	14
pemt_tight_junction	key_secondary	a	PUBLISHED_PEMT	control	AC022893.1	0.07779412557320874	1095	16
pemt_tight_junction	key_secondary	a	PUBLISHED_PEMT	control	AC022903.1	0.0003673836437139321	6	3
pemt_tight_junction	key_secondary	a	PUBLISHED_PEMT	control	AC022973.3	0.042017058873729134	631	15
pemt_tight_junction	key_secondary	a	PUBLISHED_PEMT	control	AC023421.2	0.010142941192863839	136	12
pemt_tight_junction	key_secondary	a	PUBLISHED_PEMT	control	AC023481.1	0.016565324704065784	252	13
pemt_tight_junction	key_secondary	a	PUBLISHED_PEMT	control	AC023946.1	0.0007119477483987795	12	5
pemt_tight_junction	key_secondary	a	PUBLISHED_PEMT	control	AC025162.2	0.0009979943740940518	16	6
pemt_tight_junction	key_secondary	a	PUBLISHED_PEMT	control	AC026202.2	0.1203570701942817	1684	18
pemt_tight_junction	key_secondary	a	PUBLISHED_PEMT	control	AC026347.1	0.016355459648319737	263	13
pemt_tight_junction	key_secondary	a	PUBLISHED_PEMT	control	AC027237.2	0.005831365303406745	87	10
pemt_tight_junction	key_secondary	a	PUBLISHED_PEMT	control	AC027288.3	0.13928981046329958	1545	18
pemt_tight_junction	key_secondary	a	PUBLISHED_PEMT	control	AC027584.1	0.0010610647521435085	16	6
pemt_tight_junction	key_secondary	a	PUBLISHED_PEMT	control	AC036103.1	0.036583843278262314	548	14
pemt_tight_junction	key_secondary	a	PUBLISHED_PEMT	control	AC036176.1	0.008313435973860953	130	11
pemt_tight_junction	key_secondary	a	PUBLISHED_PEMT	control	AC040896.1	0.00040793893591767436	7	3
pemt_tight_junction	key_secondary	a	PUBLISHED_PEMT	control	AC040970.1	0.03358672088928583	504	14
pemt_tight_junction	key_secondary	a	PUBLISHED_PEMT	control	AC046195.1	0.003081073932864854	57	9
pemt_tight_junction	key_secondary	a	PUBLISHED_PEMT	control	AC051619.11	0.0008745080891998253	14	5
pemt_tight_junction	key_secondary	a	PUBLISHED_PEMT	control	AC051619.4	0.006293576898830382	91	10
pemt_tight_junction	key_secondary	a	PUBLISHED_PEMT	control	AC062028.1	0.0012679119918487737	21	6
pemt_tight_junction	key_secondary	a	PUBLISHED_PEMT	control	AC068446.2	0.0006243745362455757	16	5
pemt_tight_junction	key_secondary	a	PUBLISHED_PEMT	control	AC068491.2	0.020944173971187672	318	13
pemt_tight_junction	key_secondary	a	PUBLISHED_PEMT	control	AC068722.1	0.016322560827590173	217	13
pemt_tight_junction	key_secondary	a	PUBLISHED_PEMT	control	AC069287.2	0.004848435724970769	77	10
pemt_tight_junction	key_secondary	a	PUBLISHED_PEMT	control	AC073130.1	0.00037478918108563937	6	3
pemt_tight_junction	key_secondary	a	PUBLISHED_PEMT	control	AC073321.1	0.00023500933229562773	6	2
pemt_tight_junction	key_secondary	a	PUBLISHED_PEMT	control	AC073342.2	0.00018739459054281966	3	2
pemt_tight_junction	key_secondary	a	PUBLISHED_PEMT	control	AC073517.1	0.0008967138221362326	15	5
pemt_tight_junction	key_secondary	a	PUBLISHED_PEMT	control	AC073593.2	0.036100089818088425	519	14
pemt_tight_junction	key_secondary	a	PUBLISHED_PEMT	control	AC079467.1	0.0002498594540570929	2	2
pemt_tight_junction	key_secondary	a	PUBLISHED_PEMT	control	AC084116.3	0.00020936588685824845	4	2
pemt_tight_junction	key_secondary	a	PUBLISHED_PEMT	control	AC084125.4	0.008986484867411437	143	11
pemt_tight_junction	key_secondary	a	PUBLISHED_PEMT	control	AC084724.1	0.004376850525662232	68	10
pemt_tight_junction	key_secondary	a	PUBLISHED_PEMT	control	AC087284.1	0.03062289571045741	476	14
pemt_tight_junction	key_secondary	a	PUBLISHED_PEMT	control	AC087516.2	0.00018739459054281966	3	2
pemt_tight_junction	key_secondary	a	PUBLISHED_PEMT	control	AC087683.3	0.0002498594540570929	4	3
pemt_tight_junction	key_secondary	a	PUBLISHED_PEMT	control	AC090061.1	0.004107118963458059	64	9
pemt_tight_junction	key_secondary	a	PUBLISHED_PEMT	control	AC090186.1	0.004459363165157289	72	10
pemt_tight_junction	key_secondary	a	PUBLISHED_PEMT	control	AC090348.1	0.0009349320455943485	12	6
pemt_tight_junction	key_secondary	a	PUBLISHED_PEMT	control	AC090844.2	0.019908350194905642	293	13
pemt_tight_junction	key_secondary	a	PUBLISHED_PEMT	control	AC090970.2	0.0003123309500405438	6	3
pemt_tight_junction	key_secondary	a	PUBLISHED_PEMT	control	AC090971.2	0.034733388269258106	526	14
pemt_tight_junction	key_secondary	a	PUBLISHED_PEMT	control	AC091153.3	0.006488587800593707	103	11
pemt_tight_junction	key_secondary	a	PUBLISHED_PEMT	control	AC091185.1	0.001105047015427754	18	6
pemt_tight_junction	key_secondary	a	PUBLISHED_PEMT	control	AC091938.1	0.0008095274584246752	13	5
pemt_tight_junction	key_secondary	a	PUBLISHED_PEMT	control	AC091979.1	0.00018739459054281966	3	2
pemt_tight_junction	key_secondary	a	PUBLISHED_PEMT	control	AC092120.3	0.10453597408699523	1415	17
pemt_tight_junction	key_secondary	a	PUBLISHED_PEMT	control	AC092142.1	0.037822714862553	531	15
pemt_tight_junction	key_secondary	a	PUBLISHED_PEMT	control	AC092171.1	0.01309825442286924	206	12
pemt_tight_junction	key_secondary	a	PUBLISHED_PEMT	control	AC092691.1	0.014135213435589294	83	12
pemt_tight_junction	key_secondary	a	PUBLISHED_PEMT	control	AC092819.3	0.00018739459054281966	3	2
pemt_tight_junction	key_secondary	a	PUBLISHED_PEMT	control	AC092839.1	0.011120632893997904	173	12
pemt_tight_junction	key_secondary	a	PUBLISHED_PEMT	control	AC093305.1	0.0006246486351427324	9	5
pemt_tight_junction	key_secondary	a	PUBLISHED_PEMT	control	AC093323.1	0.07336171140333592	1028	16
pemt_tight_junction	key_secondary	a	PUBLISHED_PEMT	control	AC093459.1	0.32120726347488165	1939	21
pemt_tight_junction	key_secondary	a	PUBLISHED_PEMT	control	AC093752.3	0.0037787597882650097	62	9
pemt_tight_junction	key_secondary	a	PUBLISHED_PEMT	control	AC093766.1	0.0006832800402068068	12	5
pemt_tight_junction	key_secondary	a	PUBLISHED_PEMT	control	AC096536.1	0.0008712891479726662	14	5
pemt_tight_junction	key_secondary	a	PUBLISHED_PEMT	control	AC096564.2	0.0031924884706071	50	9
pemt_tight_junction	key_secondary	a	PUBLISHED_PEMT	control	AC097358.2	0.0009369729527140986	15	6
pemt_tight_junction	key_secondary	a	PUBLISHED_PEMT	control	AC097382.2	0.0028961351969395643	47	9
pemt_tight_junction	key_secondary	a	PUBLISHED_PEMT	control	AC099791.2	0.012624681762919542	195	12
pemt_tight_junction	key_secondary	a	PUBLISHED_PEMT	control	AC100771.2	0.006433579068961588	99	11
pemt_tight_junction	key_secondary	a	PUBLISHED_PEMT	control	AC100803.3	0.0009853918880486712	14	6
pemt_tight_junction	key_secondary	a	PUBLISHED_PEMT	control	AC100810.1	0.0269050674870293	431	14
pemt_tight_junction	key_secondary	a	PUBLISHED_PEMT	control	AC103996.2	0.0003029193085282008	5	3
pemt_tight_junction	key_secondary	a	PUBLISHED_PEMT	control	AC104035.1	0.6791272548605324	3470	23
pemt_tight_junction	key_secondary	a	PUBLISHED_PEMT	control	AC104335.2	0.00030890127446264395	5	3
pemt_tight_junction	key_secondary	a	PUBLISHED_PEMT	control	AC104461.1	0.03010254391494503	509	14
pemt_tight_junction	key_secondary	a	PUBLISHED_PEMT	control	AC104574.2	0.009223996287945823	106	11
pemt_tight_junction	key_secondary	a	PUBLISHED_PEMT	control	AC104958.1	0.07675046834845023	1045	16
pemt_tight_junction	key_secondary	a	PUBLISHED_PEMT	control	AC105206.3	0.0008905960712437819	16	5
pemt_tight_junction	key_secondary	a	PUBLISHED_PEMT	control	AC105339.3	0.015077263342089897	235	13
pemt_tight_junction	key_secondary	a	PUBLISHED_PEMT	control	AC105345.1	0.003487678913838098	59	9
pemt_tight_junction	key_secondary	a	PUBLISHED_PEMT	control	AC105402.4	0.000783901363080666	13	5
pemt_tight_junction	key_secondary	a	PUBLISHED_PEMT	control	AC106845.1	0.011695073661618397	159	12
pemt_tight_junction	key_secondary	a	PUBLISHED_PEMT	control	AC107398.3	0.041540764821849784	369	15
pemt_tight_junction	key_secondary	a	PUBLISHED_PEMT	control	AC107918.5	0.0003123243175713661	5	3
pemt_tight_junction	key_secondary	a	PUBLISHED_PEMT	control	AC108073.3	0.0009333608236169993	16	6
pemt_tight_junction	key_secondary	a	PUBLISHED_PEMT	control	AC108125.1	0.00018739459054281966	3	2
pemt_tight_junction	key_secondary	a	PUBLISHED_PEMT	control	AC109439.2	0.0037459380227998604	49	9
pemt_tight_junction	key_secondary	a	PUBLISHED_PEMT	control	AC116366.2	0.005512037324655211	89	10
pemt_tight_junction	key_secondary	a	PUBLISHED_PEMT	control	AC116424.1	0.007042154972271331	109	11
pemt_tight_junction	key_secondary	a	PUBLISHED_PEMT	control	AC117460.1	0.0003123243175713661	5	3
pemt_tight_junction	key_secondary	a	PUBLISHED_PEMT	control	AC126696.2	0.00018739459054281966	3	2
pemt_tight_junction	key_secondary	a	PUBLISHED_PEMT	control	AC129926.1	0.0008745080891998253	13	5
pemt_tight_junction	key_secondary	a	PUBLISHED_PEMT	control	AC130650.2	0.05625639288725839	861	15
pemt_tight_junction	key_secondary	a	PUBLISHED_PEMT	control	AC131568.1	0.12344000475628107	1676	18
pemt_tight_junction	key_secondary	a	PUBLISHED_PEMT	control	AC131956.2	0.0056900035932594675	70	10
pemt_tight_junction	key_secondary	a	PUBLISHED_PEMT	control	AC134312.1	0.00017786456030114643	3	2
pemt_tight_junction	key_secondary	a	PUBLISHED_PEMT	control	AC135048.2	0.0002498594540570929	4	3
pemt_tight_junction	key_secondary	a	PUBLISHED_PEMT	control	AC137932.2	0.0013017501563133502	24	6
pemt_tight_junction	key_secondary	a	PUBLISHED_PEMT	control	AC138207.7	0.009225356519441934	148	11
pemt_tight_junction	key_secondary	a	PUBLISHED_PEMT	control	AC138304.1	0.00024646076809660736	4	2
pemt_tight_junction	key_secondary	a	PUBLISHED_PEMT	control	AC139722.1	0.004589485123570176	61	10
pemt_tight_junction	key_secondary	a	PUBLISHED_PEMT	control	AC233280.1	0.011359785403457117	178	12
pemt_tight_junction	key_secondary	a	PUBLISHED_PEMT	control	AC233296.1	0.07046384796210711	616	16
pemt_tight_junction	key_secondary	a	PUBLISHED_PEMT	control	AC245014.3	0.015365784065036452	239	13
pemt_tight_junction	key_secondary	a	PUBLISHED_PEMT	control	AC245140.3	0.006699454783276351	95	11
pemt_tight_junction	key_secondary	a	PUBLISHED_PEMT	control	ACAT1	0.1794480742479786	2255	19
pemt_tight_junction	key_secondary	a	PUBLISHED_PEMT	control	ACBD7	0.008560799477853792	128	11
pemt_tight_junction	key_secondary	a	PUBLISHED_PEMT	control	ACOT13	0.3070739438796048	3313	21
pemt_tight_junction	key_secondary	a	PUBLISHED_PEMT	control	ACSS3	0.7613260060502206	1427	23
pemt_tight_junction	key_secondary	a	PUBLISHED_PEMT	control	ACVR1	0.4276205645847957	4482	22
pemt_tight_junction	key_secondary	a	PUBLISHED_PEMT	control	ACVRL1	0.047398079030070976	736	15
pemt_tight_junction	key_secondary	a	PUBLISHED_PEMT	control	ADCK2	0.10051100627048623	1400	17
pemt_tight_junction	key_secondary	a	PUBLISHED_PEMT	control	ADGRB3	0.005232569411303344	116	10
pemt_tight_junction	key_secondary	a	PUBLISHED_PEMT	control	ADGRG2	0.2095813937529435	1181	19
pemt_tight_junction	key_secondary	a	PUBLISHED_PEMT	control	ADORA2A	0.004153859627240157	80	9
pemt_tight_junction	key_secondary	a	PUBLISHED_PEMT	control	ADPGK	0.28995477239928785	3674	20
pemt_tight_junction	key_secondary	a	PUBLISHED_PEMT	control	ADRM1	0.33140183480647106	3275	21
pemt_tight_junction	key_secondary	a	PUBLISHED_PEMT	control	AGPAT1	0.068980318276974	1007	16
pemt_tight_junction	key_secondary	a	PUBLISHED_PEMT	control	AHCTF1	0.9177934630939232	7000	23
pemt_tight_junction	key_secondary	a	PUBLISHED_PEMT	control	AKAP5	0.010419135605274714	169	12
pemt_tight_junction	key_secondary	a	PUBLISHED_PEMT	control	AKAP7	0.25390113786386914	2674	20
pemt_tight_junction	key_secondary	a	PUBLISHED_PEMT	control	AL022069.1	0.009724100608278833	150	11
pemt_tight_junction	key_secondary	a	PUBLISHED_PEMT	control	AL022322.1	0.00561640754661343	90	10
pemt_tight_junction	key_secondary	a	PUBLISHED_PEMT	control	AL024508.1	0.018094111242094136	277	13
pemt_tight_junction	key_secondary	a	PUBLISHED_PEMT	control	AL031727.2	0.0008036407430135605	15	5
pemt_tight_junction	key_secondary	a	PUBLISHED_PEMT	control	AL035420.1	0.04072033577479431	568	15
pemt_tight_junction	key_secondary	a	PUBLISHED_PEMT	control	AL035454.1	0.00012492972702854644	2	2
pemt_tight_junction	key_secondary	a	PUBLISHED_PEMT	control	AL035681.1	0.027158881352212727	417	14
pemt_tight_junction	key_secondary	a	PUBLISHED_PEMT	control	AL109659.1	0.024782298148717123	346	14
pemt_tight_junction	key_secondary	a	PUBLISHED_PEMT	control	AL109829.1	0.0029642981773715777	43	9
pemt_tight_junction	key_secondary	a	PUBLISHED_PEMT	control	AL117209.1	0.045023993207763666	644	15
pemt_tight_junction	key_secondary	a	PUBLISHED_PEMT	control	AL121974.1	0.0007189607808632975	13	5
pemt_tight_junction	key_secondary	a	PUBLISHED_PEMT	control	AL121990.1	0.0013092473382930174	20	6
pemt_tight_junction	key_secondary	a	PUBLISHED_PEMT	control	AL133343.2	0.00037478918108563937	6	3
pemt_tight_junction	key_secondary	a	PUBLISHED_PEMT	control	AL133372.3	0.0008510522857597866	14	5
pemt_tight_junction	key_secondary	a	PUBLISHED_PEMT	control	AL133410.1	0.15658785819679646	2053	18
pemt_tight_junction	key_secondary	a	PUBLISHED_PEMT	control	AL133419.1	0.0001764739803665643	7	2
pemt_tight_junction	key_secondary	a	PUBLISHED_PEMT	control	AL133551.1	0.006690866719761253	102	11
pemt_tight_junction	key_secondary	a	PUBLISHED_PEMT	control	AL135925.1	0.0406460617936241	630	15
pemt_tight_junction	key_secondary	a	PUBLISHED_PEMT	control	AL136040.1	0.005593712887301403	88	10
pemt_tight_junction	key_secondary	a	PUBLISHED_PEMT	control	AL136962.1	0.5006401200249795	3645	22
pemt_tight_junction	key_secondary	a	PUBLISHED_PEMT	control	AL136988.2	0.018910710511078618	290	13
pemt_tight_junction	key_secondary	a	PUBLISHED_PEMT	control	AL138930.1	0.0002810163962182218	9	3
pemt_tight_junction	key_secondary	a	PUBLISHED_PEMT	control	AL139023.1	0.36929263452563543	2494	21
pemt_tight_junction	key_secondary	a	PUBLISHED_PEMT	control	AL139254.2	0.0003123243175713661	5	3
pemt_tight_junction	key_secondary	a	PUBLISHED_PEMT	control	AL139286.3	0.0047038075955045545	75	10
pemt_tight_junction	key_secondary	a	PUBLISHED_PEMT	control	AL139397.1	0.0007495783621712788	12	5
pemt_tight_junction	key_secondary	a	PUBLISHED_PEMT	control	AL139815.1	0.5386044556773336	4009	22
pemt_tight_junction	key_secondary	a	PUBLISHED_PEMT	control	AL139819.1	0.0008742846602078226	15	5
pemt_tight_junction	key_secondary	a	PUBLISHED_PEMT	control	AL157392.3	0.1654977590912353	2210	19
pemt_tight_junction	key_secondary	a	PUBLISHED_PEMT	control	AL157756.1	0.006605768190331846	105	11
pemt_tight_junction	key_secondary	a	PUBLISHED_PEMT	control	AL157838.1	0.046468776191552104	706	15
pemt_tight_junction	key_secondary	a	PUBLISHED_PEMT	control	AL157886.1	0.017346744244164772	263	13
pemt_tight_junction	key_secondary	a	PUBLISHED_PEMT	control	AL157902.1	0.00018739459054281966	3	2
pemt_tight_junction	key_secondary	a	PUBLISHED_PEMT	control	AL157938.2	0.2768834018865146	3388	20
pemt_tight_junction	key_secondary	a	PUBLISHED_PEMT	control	AL157938.4	0.0002496103350126853	4	2
pemt_tight_junction	key_secondary	a	PUBLISHED_PEMT	control	AL158837.1	0.0029358485851708393	45	9
pemt_tight_junction	key_secondary	a	PUBLISHED_PEMT	control	AL160412.1	0.00037089439042764706	6	3
pemt_tight_junction	key_secondary	a	PUBLISHED_PEMT	control	AL161652.1	0.00018739459054281966	3	2
pemt_tight_junction	key_secondary	a	PUBLISHED_PEMT	control	AL161668.3	0.06189686933041245	779	16
pemt_tight_junction	key_secondary	a	PUBLISHED_PEMT	control	AL162431.1	0.02109803290182154	324	13
pemt_tight_junction	key_secondary	a	PUBLISHED_PEMT	control	AL163541.1	0.1443846357539664	1493	18
pemt_tight_junction	key_secondary	a	PUBLISHED_PEMT	control	AL353596.1	0.0007369917592800374	12	5
pemt_tight_junction	key_secondary	a	PUBLISHED_PEMT	control	AL359317.1	0.007596034974323312	114	11
pemt_tight_junction	key_secondary	a	PUBLISHED_PEMT	control	AL365256.1	0.004094813566114357	64	9
pemt_tight_junction	key_secondary	a	PUBLISHED_PEMT	control	AL365356.1	0.18612287227743596	2313	19
pemt_tight_junction	key_secondary	a	PUBLISHED_PEMT	control	AL390838.1	0.0013093265455647685	19	6
pemt_tight_junction	key_secondary	a	PUBLISHED_PEMT	control	AL512328.1	0.01727579985025918	247	13
pemt_tight_junction	key_secondary	a	PUBLISHED_PEMT	control	AL513523.3	0.0033687770243803227	54	9
pemt_tight_junction	key_secondary	a	PUBLISHED_PEMT	control	AL583722.1	0.0008671438234557859	14	5
pemt_tight_junction	key_secondary	a	PUBLISHED_PEMT	control	AL583824.1	0.004737754010031467	71	10
pemt_tight_junction	key_secondary	a	PUBLISHED_PEMT	control	AL589765.6	0.006472444663124337	97	11
pemt_tight_junction	key_secondary	a	PUBLISHED_PEMT	control	AL590438.1	0.0030598946637533614	43	9
pemt_tight_junction	key_secondary	a	PUBLISHED_PEMT	control	AL590560.5	0.000812043225685552	12	5
pemt_tight_junction	key_secondary	a	PUBLISHED_PEMT	control	AL591069.1	0.035225334810252924	524	14
pemt_tight_junction	key_secondary	a	PUBLISHED_PEMT	control	AL591074.2	0.0003123243175713661	5	3
pemt_tight_junction	key_secondary	a	PUBLISHED_PEMT	control	AL591506.1	0.04313434747092113	550	15
pemt_tight_junction	key_secondary	a	PUBLISHED_PEMT	control	AL592166.1	0.012335534318113439	193	12
pemt_tight_junction	key_secondary	a	PUBLISHED_PEMT	control	AL592295.4	0.0523016228894915	744	15
pemt_tight_junction	key_secondary	a	PUBLISHED_PEMT	control	AL603839.3	0.05831554848336594	814	16
pemt_tight_junction	key_secondary	a	PUBLISHED_PEMT	control	ALG6	0.17685457777951696	2278	19
pemt_tight_junction	key_secondary	a	PUBLISHED_PEMT	control	ALKBH6	0.045755557604662336	694	15
pemt_tight_junction	key_secondary	a	PUBLISHED_PEMT	control	ALOX12	0.015041283381201956	238	13
pemt_tight_junction	key_secondary	a	PUBLISHED_PEMT	control	ALPG	0.0030590422938769407	44	9
pemt_tight_junction	key_secondary	a	PUBLISHED_PEMT	control	AMBRA1	1.475449361690349	9673	24
pemt_tight_junction	key_secondary	a	PUBLISHED_PEMT	control	AMER3	0.00562183771628458	85	10
pemt_tight_junction	key_secondary	a	PUBLISHED_PEMT	control	ANGPTL7	0.0040993917642910644	67	9
pemt_tight_junction	key_secondary	a	PUBLISHED_PEMT	control	ANKH	1.7761496218659394	9437	24
pemt_tight_junction	key_secondary	a	PUBLISHED_PEMT	control	ANKRD13D	0.22997042432672196	2935	20
pemt_tight_junction	key_secondary	a	PUBLISHED_PEMT	control	ANKRD33B	0.010894611178759376	208	12
pemt_tight_junction	key_secondary	a	PUBLISHED_PEMT	control	ANKRD44	0.11533954079855192	1866	17
pemt_tight_junction	key_secondary	a	PUBLISHED_PEMT	control	ANKUB1	0.5178938434370299	5209	22
pemt_tight_junction	key_secondary	a	PUBLISHED_PEMT	control	ANO1	0.15731403290268722	1658	18
pemt_tight_junction	key_secondary	a	PUBLISHED_PEMT	control	ANXA4	2.260949804089757	11132	24
pemt_tight_junction	key_secondary	a	PUBLISHED_PEMT	control	AOC2	0.003054698266112698	46	9
pemt_tight_junction	key_secondary	a	PUBLISHED_PEMT	control	AP000253.1	0.0088670961384294	143	11
pemt_tight_junction	key_secondary	a	PUBLISHED_PEMT	control	AP000462.1	0.022506398091765106	331	13
pemt_tight_junction	key_secondary	a	PUBLISHED_PEMT	control	AP001056.2	0.00038836810413697535	7	3
pemt_tight_junction	key_secondary	a	PUBLISHED_PEMT	control	AP001065.3	0.0008146642439741728	14	5
pemt_tight_junction	key_secondary	a	PUBLISHED_PEMT	control	AP001092.1	0.00037478918108564045	7	3
pemt_tight_junction	key_secondary	a	PUBLISHED_PEMT	control	AP001107.1	0.011110933725477518	180	12
pemt_tight_junction	key_secondary	a	PUBLISHED_PEMT	control	AP001107.9	0.09389075554022595	1320	17
pemt_tight_junction	key_secondary	a	PUBLISHED_PEMT	control	AP001160.2	0.0030282039531084885	50	9
pemt_tight_junction	key_secondary	a	PUBLISHED_PEMT	control	AP001407.1	0.00037254275354665006	6	3
pemt_tight_junction	key_secondary	a	PUBLISHED_PEMT	control	AP001476.1	0.00022429653390282372	4	2
pemt_tight_junction	key_secondary	a	PUBLISHED_PEMT	control	AP001554.1	0.0008745080891998253	14	5
pemt_tight_junction	key_secondary	a	PUBLISHED_PEMT	control	AP002433.1	0.010694396552411679	167	12
pemt_tight_junction	key_secondary	a	PUBLISHED_PEMT	control	AP003025.1	0.0002365442775564523	4	2
pemt_tight_junction	key_secondary	a	PUBLISHED_PEMT	control	AP003498.1	0.00018739459054281966	3	2
pemt_tight_junction	key_secondary	a	PUBLISHED_PEMT	control	AP005131.3	0.01077688118974961	177	12
pemt_tight_junction	key_secondary	a	PUBLISHED_PEMT	control	AP006545.1	0.007207964717489208	111	11
pemt_tight_junction	key_secondary	a	PUBLISHED_PEMT	control	AP1B1	0.2012666053304416	2645	19
pemt_tight_junction	key_secondary	a	PUBLISHED_PEMT	control	AP1S2	0.12029288032286622	1646	18
pemt_tight_junction	key_secondary	a	PUBLISHED_PEMT	control	AP4B1-AS1	0.06403963520142802	912	16
pemt_tight_junction	key_secondary	a	PUBLISHED_PEMT	control	APBA1	0.12143624770271502	1043	18
pemt_tight_junction	key_secondary	a	PUBLISHED_PEMT	control	APOBEC3F	0.021948378677631466	355	13
pemt_tight_junction	key_secondary	a	PUBLISHED_PEMT	control	ARAP2	0.6440035205073109	5762	23
pemt_tight_junction	key_secondary	a	PUBLISHED_PEMT	control	ARHGAP19	0.11039869503019319	1377	17
pemt_tight_junction	key_secondary	a	PUBLISHED_PEMT	control	ARHGEF3	1.2106011735711864	7190	24
pemt_tight_junction	key_secondary	a	PUBLISHED_PEMT	control	ARID1A	0.7806407726044062	6565	23
pemt_tight_junction	key_secondary	a	PUBLISHED_PEMT	control	ARMC6	0.07816876736041113	1124	16
pemt_tight_junction	key_secondary	a	PUBLISHED_PEMT	control	ARNTL	0.057886107109016455	953	16
pemt_tight_junction	key_secondary	a	PUBLISHED_PEMT	control	ARPC5L	0.27128645291639086	2997	20
pemt_tight_junction	key_secondary	a	PUBLISHED_PEMT	control	ASIP	0.05269320613626473	723	15
pemt_tight_junction	key_secondary	a	PUBLISHED_PEMT	control	ATN1	0.1708049013036964	2232	19
pemt_tight_junction	key_secondary	a	PUBLISHED_PEMT	control	ATP2A1	0.04138065382276985	604	15
pemt_tight_junction	key_secondary	a	PUBLISHED_PEMT	control	ATP5ME	0.4465389810076685	4502	22
pemt_tight_junction	key_secondary	a	PUBLISHED_PEMT	control	ATP6AP1L	0.10950928794666741	1472	17
pemt_tight_junction	key_secondary	a	PUBLISHED_PEMT	control	ATP6V1G2	0.0046187809693671086	77	10
pemt_tight_junction	key_secondary	a	PUBLISHED_PEMT	control	AZI2	0.27069682786850213	3384	20
pemt_tight_junction	key_secondary	a	PUBLISHED_PEMT	control	B3GALNT2	0.7158094020240982	6199	23
pemt_tight_junction	key_secondary	a	PUBLISHED_PEMT	control	B3GAT1	0.0454688635784768	626	15
pemt_tight_junction	key_secondary	a	PUBLISHED_PEMT	control	B4GALT4	0.23149470186030938	2761	20
pemt_tight_junction	key_secondary	a	PUBLISHED_PEMT	control	BCAN	0.0060897620421702745	96	10
pemt_tight_junction	key_secondary	a	PUBLISHED_PEMT	control	BICD1	0.6870133268002127	4939	23
pemt_tight_junction	key_secondary	a	PUBLISHED_PEMT	control	BMP1	0.06840453918068508	1040	16
pemt_tight_junction	key_secondary	a	PUBLISHED_PEMT	control	BORCS7	0.10689476291559513	1465	17
pemt_tight_junction	key_secondary	a	PUBLISHED_PEMT	control	BPIFB1	0.0011148095890452395	15	6
pemt_tight_junction	key_secondary	a	PUBLISHED_PEMT	control	BRDT	0.00364243232788379	58	9
pemt_tight_junction	key_secondary	a	PUBLISHED_PEMT	control	BRI3	0.9148089001322308	7416	23
pemt_tight_junction	key_secondary	a	PUBLISHED_PEMT	control	BRINP1	0.003481629666959524	55	9
pemt_tight_junction	key_secondary	a	PUBLISHED_PEMT	control	BSG	1.0842231271998064	7160	23
pemt_tight_junction	key_secondary	a	PUBLISHED_PEMT	control	BTNL3	0.06150995747154997	750	16
pemt_tight_junction	key_secondary	a	PUBLISHED_PEMT	control	BTRC	0.598382543902071	5603	22
pemt_tight_junction	key_secondary	a	PUBLISHED_PEMT	control	BX255925.1	0.004449876915977389	69	10
pemt_tight_junction	key_secondary	a	PUBLISHED_PEMT	control	C12ORF54	0.0012433034832037193	19	6
pemt_tight_junction	key_secondary	a	PUBLISHED_PEMT	control	C17ORF113	0.008646437185635236	135	11
pemt_tight_junction	key_secondary	a	PUBLISHED_PEMT	control	C19ORF18	0.019829159986665987	309	13
pemt_tight_junction	key_secondary	a	PUBLISHED_PEMT	control	C19ORF57	0.038578529157304316	539	15
pemt_tight_junction	key_secondary	a	PUBLISHED_PEMT	control	C1QTNF12	0.011636375945306492	176	12
pemt_tight_junction	key_secondary	a	PUBLISHED_PEMT	control	C1QTNF9B	0.0007495783621712788	12	5
pemt_tight_junction	key_secondary	a	PUBLISHED_PEMT	control	C1R	0.008944452689233686	380	11
pemt_tight_junction	key_secondary	a	PUBLISHED_PEMT	control	C20ORF194	0.04073000028152346	627	15
pemt_tight_junction	key_secondary	a	PUBLISHED_PEMT	control	C22ORF34	0.08526902157267405	1133	17
pemt_tight_junction	key_secondary	a	PUBLISHED_PEMT	control	C3ORF62	0.03064650033748802	476	14
pemt_tight_junction	key_secondary	a	PUBLISHED_PEMT	control	C8ORF58	0.009039988034459906	151	11
pemt_tight_junction	key_secondary	a	PUBLISHED_PEMT	control	C9ORF40	0.09531845846661047	1339	17
pemt_tight_junction	key_secondary	a	PUBLISHED_PEMT	control	CABLES1	0.3091249044737228	3006	21
pemt_tight_junction	key_secondary	a	PUBLISHED_PEMT	control	CACNA1C-AS1	0.0068778825011733815	112	11
pemt_tight_junction	key_secondary	a	PUBLISHED_PEMT	control	CADPS2	0.9204847556636319	4954	23
pemt_tight_junction	key_secondary	a	PUBLISHED_PEMT	control	CALHM6	0.001337388137324765	72	6
pemt_tight_junction	key_secondary	a	PUBLISHED_PEMT	control	CASP4	0.20972338124753173	2568	19
pemt_tight_junction	key_secondary	a	PUBLISHED_PEMT	control	CBLB	1.8621611696648075	10139	24
pemt_tight_junction	key_secondary	a	PUBLISHED_PEMT	control	CCDC144A	0.06010872925225481	970	16
pemt_tight_junction	key_secondary	a	PUBLISHED_PEMT	control	CCDC192	0.17704604020742098	1741	19
pemt_tight_junction	key_secondary	a	PUBLISHED_PEMT	control	CCDC60	0.017002301681451285	234	13
pemt_tight_junction	key_secondary	a	PUBLISHED_PEMT	control	CCDC68	0.15688446818482946	1919	18
pemt_tight_junction	key_secondary	a	PUBLISHED_PEMT	control	CCL2	0.003848326483583614	176	9
pemt_tight_junction	key_secondary	a	PUBLISHED_PEMT	control	CCL25	0.01132414893718579	157	12
pemt_tight_junction	key_secondary	a	PUBLISHED_PEMT	control	CCL26	0.03378037695539485	376	14
pemt_tight_junction	key_secondary	a	PUBLISHED_PEMT	control	CCPG1	0.29394336576740043	3327	20
pemt_tight_junction	key_secondary	a	PUBLISHED_PEMT	control	CD300LF	0.0003549167324849177	46	3
pemt_tight_junction	key_secondary	a	PUBLISHED_PEMT	control	CDS2	0.4499626017851425	4845	22
pemt_tight_junction	key_secondary	a	PUBLISHED_PEMT	control	CDX1	0.32897169768784257	3104	21
pemt_tight_junction	key_secondary	a	PUBLISHED_PEMT	control	CENPI	0.16659746304674677	1513	19
pemt_tight_junction	key_secondary	a	PUBLISHED_PEMT	control	CENPS	0.051061423574413456	723	15
pemt_tight_junction	key_secondary	a	PUBLISHED_PEMT	control	CEP350	1.2044589222333846	8674	24
pemt_tight_junction	key_secondary	a	PUBLISHED_PEMT	control	CERT1	0.9393800713465824	7414	23
pemt_tight_junction	key_secondary	a	PUBLISHED_PEMT	control	CFAP157	0.016317310227662165	251	13
pemt_tight_junction	key_secondary	a	PUBLISHED_PEMT	control	CFD	0.028375905660091988	491	14
pemt_tight_junction	key_secondary	a	PUBLISHED_PEMT	control	CHCHD4	0.03925284080393978	592	15
pemt_tight_junction	key_secondary	a	PUBLISHED_PEMT	control	CHD3	0.19553076727220914	2517	19
pemt_tight_junction	key_secondary	a	PUBLISHED_PEMT	control	CHDH	0.4348864086310673	4547	22
pemt_tight_junction	key_secondary	a	PUBLISHED_PEMT	control	CHIC2	0.44230706315028806	4747	22
pemt_tight_junction	key_secondary	a	PUBLISHED_PEMT	control	CHODL-AS1	0.005648749107289591	82	10
pemt_tight_junction	key_secondary	a	PUBLISHED_PEMT	control	CHRFAM7A	0.00033375968030010015	7	3
pemt_tight_junction	key_secondary	a	PUBLISHED_PEMT	control	CHST12	0.08200431267879645	1206	16
pemt_tight_junction	key_secondary	a	PUBLISHED_PEMT	control	CISD2	0.2068591274624058	2504	19
pemt_tight_junction	key_secondary	a	PUBLISHED_PEMT	control	CKMT2	0.13438032011069415	1608	18
pemt_tight_junction	key_secondary	a	PUBLISHED_PEMT	control	CLCNKB	0.00037478918108563937	6	3
pemt_tight_junction	key_secondary	a	PUBLISHED_PEMT	control	CLPTM1L	0.2405108194175753	2895	20
pemt_tight_junction	key_secondary	a	PUBLISHED_PEMT	control	CLTC	1.3517532868279216	8986	24
pemt_tight_junction	key_secondary	a	PUBLISHED_PEMT	control	CNN1	0.0011593202238295546	31	6
pemt_tight_junction	key_secondary	a	PUBLISHED_PEMT	control	CNNM1	0.020268853603248406	270	13
pemt_tight_junction	key_secondary	a	PUBLISHED_PEMT	control	CNOT7	0.22162849216815408	2610	20
pemt_tight_junction	key_secondary	a	PUBLISHED_PEMT	control	CNRIP1	0.0003252322380986095	21	3
pemt_tight_junction	key_secondary	a	PUBLISHED_PEMT	control	CNTD2	0.028514204365419647	403	14
pemt_tight_junction	key_secondary	a	PUBLISHED_PEMT	control	CNTN5	0.02096628118882332	277	13
pemt_tight_junction	key_secondary	a	PUBLISHED_PEMT	control	COL15A1	0.00034104289206766383	88	3
pemt_tight_junction	key_secondary	a	PUBLISHED_PEMT	control	COL24A1	0.03174733031246578	391	14
pemt_tight_junction	key_secondary	a	PUBLISHED_PEMT	control	COL6A2	0.0009328851816724057	212	6
pemt_tight_junction	key_secondary	a	PUBLISHED_PEMT	control	COL9A3	0.09072978847723341	1052	17
pemt_tight_junction	key_secondary	a	PUBLISHED_PEMT	control	COMMD10	1.773052510905663	9469	24
pemt_tight_junction	key_secondary	a	PUBLISHED_PEMT	control	COMMD9	0.07527431958663959	1085	16
pemt_tight_junction	key_secondary	a	PUBLISHED_PEMT	control	COPS9	0.2136290185127883	2550	19
pemt_tight_junction	key_secondary	a	PUBLISHED_PEMT	control	CORO2B	0.008589293834970854	135	11
pemt_tight_junction	key_secondary	a	PUBLISHED_PEMT	control	COX17	0.21942397984099252	2620	19
pemt_tight_junction	key_secondary	a	PUBLISHED_PEMT	control	CRAT	0.05005487520963248	674	15
pemt_tight_junction	key_secondary	a	PUBLISHED_PEMT	control	CREM	0.2610265621146965	3063	20
pemt_tight_junction	key_secondary	a	PUBLISHED_PEMT	control	CRIP2	0.009269238384768251	195	11
pemt_tight_junction	key_secondary	a	PUBLISHED_PEMT	control	CRISPLD1	0.025308184879055052	336	14
pemt_tight_junction	key_secondary	a	PUBLISHED_PEMT	control	CRY2	0.18268545196730845	2361	19
pemt_tight_junction	key_secondary	a	PUBLISHED_PEMT	control	CRYAB	0.0719353423249499	559	16
pemt_tight_junction	key_secondary	a	PUBLISHED_PEMT	control	CSF1	0.010900748051555307	221	12
pemt_tight_junction	key_secondary	a	PUBLISHED_PEMT	control	CSTF1	0.16804076180078897	2136	19
pemt_tight_junction	key_secondary	a	PUBLISHED_PEMT	control	CTCFL	0.001061902679742645	17	6
pemt_tight_junction	key_secondary	a	PUBLISHED_PEMT	control	CTLA4	0.00020179257279648248	62	2
pemt_tight_junction	key_secondary	a	PUBLISHED_PEMT	control	CTR9	0.28687439162210326	3258	20
pemt_tight_junction	key_secondary	a	PUBLISHED_PEMT	control	CXCL14	0.4780119959560775	1267	22
pemt_tight_junction	key_secondary	a	PUBLISHED_PEMT	control	CXCR6	0.004977705256263097	125	10
pemt_tight_junction	key_secondary	a	PUBLISHED_PEMT	control	CYHR1	0.4285601033947884	4677	22
pemt_tight_junction	key_secondary	a	PUBLISHED_PEMT	control	CYP2C9	0.009058507374250556	176	11
pemt_tight_junction	key_secondary	a	PUBLISHED_PEMT	control	CYP4F3	0.16649619844309851	1965	19
pemt_tight_junction	key_secondary	a	PUBLISHED_PEMT	control	DAB2	0.36039482024542796	3016	21
pemt_tight_junction	key_secondary	a	PUBLISHED_PEMT	control	DARS2	0.16091201080359444	1999	18
pemt_tight_junction	key_secondary	a	PUBLISHED_PEMT	control	DCAF8L1	0.00012492972702854644	2	2
pemt_tight_junction	key_secondary	a	PUBLISHED_PEMT	control	DCLRE1C	0.3975624967890263	4088	21
pemt_tight_junction	key_secondary	a	PUBLISHED_PEMT	control	DCTN1	0.1860359358909659	2307	19
pemt_tight_junction	key_secondary	a	PUBLISHED_PEMT	control	DCTN4	0.5135154047877007	5220	22
pemt_tight_junction	key_secondary	a	PUBLISHED_PEMT	control	DDIT4-AS1	0.007032588207116316	115	11
pemt_tight_junction	key_secondary	a	PUBLISHED_PEMT	control	DDX21	1.4447131095563088	8340	24
pemt_tight_junction	key_secondary	a	PUBLISHED_PEMT	control	DFFB	0.07327285771426831	1048	16
pemt_tight_junction	key_secondary	a	PUBLISHED_PEMT	control	DIAPH3-AS1	0.013210453451874939	189	12
pemt_tight_junction	key_secondary	a	PUBLISHED_PEMT	control	DIO2-AS1	0.009306849683646859	136	11
pemt_tight_junction	key_secondary	a	PUBLISHED_PEMT	control	DIPK1B	0.017390593812842314	261	13
pemt_tight_junction	key_secondary	a	PUBLISHED_PEMT	control	DKK3	0.008476952628425991	176	11
pemt_tight_junction	key_secondary	a	PUBLISHED_PEMT	control	DKK4	0.003986744093890492	44	9
pemt_tight_junction	key_secondary	a	PUBLISHED_PEMT	control	DMWD	0.09514307499944599	1377	17
pemt_tight_junction	key_secondary	a	PUBLISHED_PEMT	control	DMXL2	0.20239774827493862	3172	19
pemt_tight_junction	key_secondary	a	PUBLISHED_PEMT	control	DNAH6	0.23361564535540333	2540	20
pemt_tight_junction	key_secondary	a	PUBLISHED_PEMT	control	DNAJB14	0.6681238159661103	6274	23
pemt_tight_junction	key_secondary	a	PUBLISHED_PEMT	control	DNAJB9	0.0981157180877098	1221	17
pemt_tight_junction	key_secondary	a	PUBLISHED_PEMT	control	DNAJC22	0.12377575176691023	1593	18
pemt_tight_junction	key_secondary	a	PUBLISHED_PEMT	control	DNAJC9	0.34900543360262204	3809	21
pemt_tight_junction	key_secondary	a	PUBLISHED_PEMT	control	DNM2	1.2591652078012445	8825	24
pemt_tight_junction	key_secondary	a	PUBLISHED_PEMT	control	DNTTIP1	0.49702685466748825	4621	22
pemt_tight_junction	key_secondary	a	PUBLISHED_PEMT	control	DOCK1	2.807365359566158	12156	24
pemt_tight_junction	key_secondary	a	PUBLISHED_PEMT	control	DPYD	0.10227132096756755	1608	17
pemt_tight_junction	key_secondary	a	PUBLISHED_PEMT	control	DSC3	0.05860576490986825	582	16
pemt_tight_junction	key_secondary	a	PUBLISHED_PEMT	control	DSCR8	0.0009369729527140985	14	6
pemt_tight_junction	key_secondary	a	PUBLISHED_PEMT	control	DUBR	0.015312541431724449	258	13
pemt_tight_junction	key_secondary	a	PUBLISHED_PEMT	control	DUSP11	0.1103473915785105	1572	17
pemt_tight_junction	key_secondary	a	PUBLISHED_PEMT	control	E4F1	0.1078688156017247	1515	17
pemt_tight_junction	key_secondary	a	PUBLISHED_PEMT	control	EBP	0.37800573058008846	3667	21
pemt_tight_junction	key_secondary	a	PUBLISHED_PEMT	control	EDARADD	0.023855588784748152	329	13
pemt_tight_junction	key_secondary	a	PUBLISHED_PEMT	control	EEF2KMT	0.06620173621940176	936	16
pemt_tight_junction	key_secondary	a	PUBLISHED_PEMT	control	EFCAB11	0.3823600587131336	3535	21
pemt_tight_junction	key_secondary	a	PUBLISHED_PEMT	control	EFCAB5	0.06578504459513457	906	16
pemt_tight_junction	key_secondary	a	PUBLISHED_PEMT	control	EGFR-AS1	0.008760688097742487	130	11
pemt_tight_junction	key_secondary	a	PUBLISHED_PEMT	control	EHD3	0.010060516621381577	159	12
pemt_tight_junction	key_secondary	a	PUBLISHED_PEMT	control	ELMO1-AS1	0.0012116606640945897	46	6
pemt_tight_junction	key_secondary	a	PUBLISHED_PEMT	control	ENPEP	0.17691108437174835	1999	19
pemt_tight_junction	key_secondary	a	PUBLISHED_PEMT	control	EP300	0.7591884774355756	6815	23
pemt_tight_junction	key_secondary	a	PUBLISHED_PEMT	control	EPB41L4B	0.7779852525456225	6403	23
pemt_tight_junction	key_secondary	a	PUBLISHED_PEMT	control	EPO	0.000310340658313323	5	3
pemt_tight_junction	key_secondary	a	PUBLISHED_PEMT	control	ERG28	0.15543215720030595	1886	18
pemt_tight_junction	key_secondary	a	PUBLISHED_PEMT	control	ESAM	0.008155941833693097	194	11
pemt_tight_junction	key_secondary	a	PUBLISHED_PEMT	control	EXTL1	0.0010204645414416324	18	6
pemt_tight_junction	key_secondary	a	PUBLISHED_PEMT	control	F10	0.047209223007841514	669	15
pemt_tight_junction	key_secondary	a	PUBLISHED_PEMT	control	FAM131A	0.0560018885879546	845	15
pemt_tight_junction	key_secondary	a	PUBLISHED_PEMT	control	FAM193B	0.35448355042805485	4121	21
pemt_tight_junction	key_secondary	a	PUBLISHED_PEMT	control	FAM226B	0.021362384032529935	332	13
pemt_tight_junction	key_secondary	a	PUBLISHED_PEMT	control	FAM3D	1.228245396232891	7561	24
pemt_tight_junction	key_secondary	a	PUBLISHED_PEMT	control	FAM71D	0.013611450261734331	202	12
pemt_tight_junction	key_secondary	a	PUBLISHED_PEMT	control	FAM83B	0.7357729955194284	5760	23
pemt_tight_junction	key_secondary	a	PUBLISHED_PEMT	control	FAM83E	0.2430802542218045	2810	20
pemt_tight_junction	key_secondary	a	PUBLISHED_PEMT	control	FARSA	0.1842571120176061	2286	19
pemt_tight_junction	key_secondary	a	PUBLISHED_PEMT	control	FBN3	0.0030196917943902616	48	9
pemt_tight_junction	key_secondary	a	PUBLISHED_PEMT	control	FBXO17	0.07670188978062152	710	16
pemt_tight_junction	key_secondary	a	PUBLISHED_PEMT	control	FBXO21	0.3436423599425875	3811	21
pemt_tight_junction	key_secondary	a	PUBLISHED_PEMT	control	FCF1	0.17452599903028412	2190	19
pemt_tight_junction	key_secondary	a	PUBLISHED_PEMT	control	FDCSP	0.0010221230949480934	29	6
pemt_tight_junction	key_secondary	a	PUBLISHED_PEMT	control	FDXACB1	0.012017545520838589	189	12
pemt_tight_junction	key_secondary	a	PUBLISHED_PEMT	control	FGF14-IT1	0.00018739459054281966	3	2
pemt_tight_junction	key_secondary	a	PUBLISHED_PEMT	control	FGG	0.004276700492598262	280	10
pemt_tight_junction	key_secondary	a	PUBLISHED_PEMT	control	FHL2	1.194611987370494	6203	24
pemt_tight_junction	key_secondary	a	PUBLISHED_PEMT	control	FIBP	0.11259625512273284	1444	17
pemt_tight_junction	key_secondary	a	PUBLISHED_PEMT	control	FIGLA	0.0002498594540570929	4	2
pemt_tight_junction	key_secondary	a	PUBLISHED_PEMT	control	FITM2	0.22103056596618034	2631	20
pemt_tight_junction	key_secondary	a	PUBLISHED_PEMT	control	FKBP1A	0.40894829884550465	4192	21
pemt_tight_junction	key_secondary	a	PUBLISHED_PEMT	control	FKBP2	0.055644071082037096	807	15
pemt_tight_junction	key_secondary	a	PUBLISHED_PEMT	control	FLOT2	0.20976440577691924	2634	19
pemt_tight_junction	key_secondary	a	PUBLISHED_PEMT	control	FNDC10	0.012344366089007535	188	12
pemt_tight_junction	key_secondary	a	PUBLISHED_PEMT	control	FOSL1	0.14164877914079116	1159	18
pemt_tight_junction	key_secondary	a	PUBLISHED_PEMT	control	FOXN3-AS2	0.0002796410382430643	4	3
pemt_tight_junction	key_secondary	a	PUBLISHED_PEMT	control	FP565260.6	0.015428330544730225	245	13
pemt_tight_junction	key_secondary	a	PUBLISHED_PEMT	control	FRS3	0.018318507991402114	285	13
pemt_tight_junction	key_secondary	a	PUBLISHED_PEMT	control	FRYL	6.010556672174024	13311	24
pemt_tight_junction	key_secondary	a	PUBLISHED_PEMT	control	FXYD2	0.007354845380536289	123	11
pemt_tight_junction	key_secondary	a	PUBLISHED_PEMT	control	FXYD5	0.30522569871354965	3243	21
pemt_tight_junction	key_secondary	a	PUBLISHED_PEMT	control	FYB1	0.02708781190377543	809	14
pemt_tight_junction	key_secondary	a	PUBLISHED_PEMT	control	G2E3	0.6272364233113346	5257	22
pemt_tight_junction	key_secondary	a	PUBLISHED_PEMT	control	GART	0.5859509084797914	5376	22
pemt_tight_junction	key_secondary	a	PUBLISHED_PEMT	control	GAS1	0.00016604945654699187	17	2
pemt_tight_junction	key_secondary	a	PUBLISHED_PEMT	control	GBA2	0.26671180864196325	3360	20
pemt_tight_junction	key_secondary	a	PUBLISHED_PEMT	control	GCC2	1.5563640333542215	9149	24
pemt_tight_junction	key_secondary	a	PUBLISHED_PEMT	control	GCDH	0.11892252335788774	1639	18
pemt_tight_junction	key_secondary	a	PUBLISHED_PEMT	control	GCSAML	0.0010330432865276978	16	6
pemt_tight_junction	key_secondary	a	PUBLISHED_PEMT	control	GEM	0.09458926370897622	1311	17
pemt_tight_junction	key_secondary	a	PUBLISHED_PEMT	control	GFRA3	0.0029061894457317427	46	9
pemt_tight_junction	key_secondary	a	PUBLISHED_PEMT	control	GHET1	0.0033718072181862244	52	9
pemt_tight_junction	key_secondary	a	PUBLISHED_PEMT	control	GIP	0.00037478918108563937	6	3
pemt_tight_junction	key_secondary	a	PUBLISHED_PEMT	control	GK	0.22825301505098866	2695	20
pemt_tight_junction	key_secondary	a	PUBLISHED_PEMT	control	GLIPR1L2	0.010491653808655944	157	12
pemt_tight_junction	key_secondary	a	PUBLISHED_PEMT	control	GLIPR2	0.016184333965912966	361	13
pemt_tight_junction	key_secondary	a	PUBLISHED_PEMT	control	GMEB2	0.23136317626445113	2867	20
pemt_tight_junction	key_secondary	a	PUBLISHED_PEMT	control	GNL1	0.15245807508003306	2042	18
pemt_tight_junction	key_secondary	a	PUBLISHED_PEMT	control	GNRHR	0.00558612636164891	89	10
pemt_tight_junction	key_secondary	a	PUBLISHED_PEMT	control	GOLGA7	0.24099359674139229	2658	20
pemt_tight_junction	key_secondary	a	PUBLISHED_PEMT	control	GOLGA8M	0.0001745297637295499	7	2
pemt_tight_junction	key_secondary	a	PUBLISHED_PEMT	control	GON4L	0.6238088586044632	5996	22
pemt_tight_junction	key_secondary	a	PUBLISHED_PEMT	control	GPBP1L1	1.4804365783287554	10142	24
pemt_tight_junction	key_secondary	a	PUBLISHED_PEMT	control	GPR19	0.027214298059562263	367	14
pemt_tight_junction	key_secondary	a	PUBLISHED_PEMT	control	GRIN2C	0.017171369481946776	240	13
pemt_tight_junction	key_secondary	a	PUBLISHED_PEMT	control	GRM7-AS3	0.015804764779013644	229	13
pemt_tight_junction	key_secondary	a	PUBLISHED_PEMT	control	GSK3B	2.7882420255783633	11534	24
pemt_tight_junction	key_secondary	a	PUBLISHED_PEMT	control	GSTM3	0.06660601638793492	874	16
pemt_tight_junction	key_secondary	a	PUBLISHED_PEMT	control	GTDC1	0.7407775919511406	6024	23
pemt_tight_junction	key_secondary	a	PUBLISHED_PEMT	control	GTF2IRD1	1.8986799397610938	10104	24
pemt_tight_junction	key_secondary	a	PUBLISHED_PEMT	control	GUCY2F	0.0008409914394642921	13	5
pemt_tight_junction	key_secondary	a	PUBLISHED_PEMT	control	GYG1	0.08749681646227132	1226	17
pemt_tight_junction	key_secondary	a	PUBLISHED_PEMT	control	HAPLN4	0.000940736195410994	17	6
pemt_tight_junction	key_secondary	a	PUBLISHED_PEMT	control	HAS1	0.00018739459054281966	3	2
pemt_tight_junction	key_secondary	a	PUBLISHED_PEMT	control	HAUS2	0.10271508153161467	1383	17
pemt_tight_junction	key_secondary	a	PUBLISHED_PEMT	control	HCN4	0.000685064988771022	10	5
pemt_tight_junction	key_secondary	a	PUBLISHED_PEMT	control	HEATR4	0.07815587346353794	1086	16
pemt_tight_junction	key_secondary	a	PUBLISHED_PEMT	control	HGFAC	0.0006746476390120905	17	5
pemt_tight_junction	key_secondary	a	PUBLISHED_PEMT	control	HHIPL1	0.004118373538993703	70	9
pemt_tight_junction	key_secondary	a	PUBLISHED_PEMT	control	HIC2	0.06338039916447348	920	16
pemt_tight_junction	key_secondary	a	PUBLISHED_PEMT	control	HIST1H2AB	0.005447755897057792	86	10
pemt_tight_junction	key_secondary	a	PUBLISHED_PEMT	control	HIST1H2AJ	0.006392815363415325	91	10
pemt_tight_junction	key_secondary	a	PUBLISHED_PEMT	control	HIST1H3H	0.022130233040829363	330	13
pemt_tight_junction	key_secondary	a	PUBLISHED_PEMT	control	HLA-DMB	0.016974487405812658	407	13
pemt_tight_junction	key_secondary	a	PUBLISHED_PEMT	control	HLA-DQB1	0.0691746865260582	1135	16
pemt_tight_junction	key_secondary	a	PUBLISHED_PEMT	control	HLA-DRA	0.19511006192343952	2673	19
pemt_tight_junction	key_secondary	a	PUBLISHED_PEMT	control	HMCES	0.14264847535435954	1826	18
pemt_tight_junction	key_secondary	a	PUBLISHED_PEMT	control	HMGN3	0.3282813759447006	3636	21
pemt_tight_junction	key_secondary	a	PUBLISHED_PEMT	control	HMX2	0.00012492972702855197	3	2
pemt_tight_junction	key_secondary	a	PUBLISHED_PEMT	control	HOXB3	1.0605725273811035	7294	23
pemt_tight_junction	key_secondary	a	PUBLISHED_PEMT	control	HOXD1	0.002963097409429388	43	9
pemt_tight_junction	key_secondary	a	PUBLISHED_PEMT	control	HOXD3	0.03447771315683318	496	14
pemt_tight_junction	key_secondary	a	PUBLISHED_PEMT	control	HSD3B1	0.0006246486351427324	10	5
pemt_tight_junction	key_secondary	a	PUBLISHED_PEMT	control	HTR4	0.08534854452051038	821	17
pemt_tight_junction	key_secondary	a	PUBLISHED_PEMT	control	IAH1	0.18030196579460672	2388	19
pemt_tight_junction	key_secondary	a	PUBLISHED_PEMT	control	IBTK	0.961136050791793	7506	23
pemt_tight_junction	key_secondary	a	PUBLISHED_PEMT	control	IFI30	0.13977553270104787	2382	18
pemt_tight_junction	key_secondary	a	PUBLISHED_PEMT	control	IFT74	0.42897766367232815	4496	22
pemt_tight_junction	key_secondary	a	PUBLISHED_PEMT	control	IGLV2-11	0.0001702020293254901	3	2
pemt_tight_junction	key_secondary	a	PUBLISHED_PEMT	control	IGSF3	0.1145854812699273	1558	17
pemt_tight_junction	key_secondary	a	PUBLISHED_PEMT	control	IKBKG	0.06349518307070427	952	16
pemt_tight_junction	key_secondary	a	PUBLISHED_PEMT	control	IL17RC	0.060195520485770676	908	16
pemt_tight_junction	key_secondary	a	PUBLISHED_PEMT	control	IL17RE	0.2679376031928149	3216	20
pemt_tight_junction	key_secondary	a	PUBLISHED_PEMT	control	INAFM1	0.02776198029086237	425	14
pemt_tight_junction	key_secondary	a	PUBLISHED_PEMT	control	INPP5J	0.034102636215665796	507	14
pemt_tight_junction	key_secondary	a	PUBLISHED_PEMT	control	INTS13	0.1920602004520153	2318	19
pemt_tight_junction	key_secondary	a	PUBLISHED_PEMT	control	IQCK	0.2749319339358489	2855	20
pemt_tight_junction	key_secondary	a	PUBLISHED_PEMT	control	ISLR2	0.0006667308398119342	10	5
pemt_tight_junction	key_secondary	a	PUBLISHED_PEMT	control	ISOC2	0.1275474965568632	1626	18
pemt_tight_junction	key_secondary	a	PUBLISHED_PEMT	control	ITGA8	0.0003326949804455552	59	3
pemt_tight_junction	key_secondary	a	PUBLISHED_PEMT	control	ITGB2-AS1	0.0011448988669929623	63	6
pemt_tight_junction	key_secondary	a	PUBLISHED_PEMT	control	JPH3	0.0033986600842732906	55	9
pemt_tight_junction	key_secondary	a	PUBLISHED_PEMT	control	KAT2B	0.1323260796879475	1785	18
pemt_tight_junction	key_secondary	a	PUBLISHED_PEMT	control	KBTBD6	0.050215374348172415	700	15
pemt_tight_junction	key_secondary	a	PUBLISHED_PEMT	control	KCNJ12	0.014362913761812677	215	12
pemt_tight_junction	key_secondary	a	PUBLISHED_PEMT	control	KCNJ8	0.003779871175607284	63	9
pemt_tight_junction	key_secondary	a	PUBLISHED_PEMT	control	KCTD20	0.4347185693791535	4650	22
pemt_tight_junction	key_secondary	a	PUBLISHED_PEMT	control	KDM1B	0.4691501545670755	4606	22
pemt_tight_junction	key_secondary	a	PUBLISHED_PEMT	control	KDM7A-DT	0.09071231552584848	1203	17
pemt_tight_junction	key_secondary	a	PUBLISHED_PEMT	control	KEL	0.003512935972526084	70	9
pemt_tight_junction	key_secondary	a	PUBLISHED_PEMT	control	KIAA0586	0.4391816943107612	4182	22
pemt_tight_junction	key_secondary	a	PUBLISHED_PEMT	control	KIAA1614-AS1	0.007904436067188833	126	11
pemt_tight_junction	key_secondary	a	PUBLISHED_PEMT	control	KIFC2	0.19964408528254493	2576	19
pemt_tight_junction	key_secondary	a	PUBLISHED_PEMT	control	KLF16	0.07990813471627745	1055	16
pemt_tight_junction	key_secondary	a	PUBLISHED_PEMT	control	KLF3	1.2915481779098659	8272	24
pemt_tight_junction	key_secondary	a	PUBLISHED_PEMT	control	KMT2E-AS1	0.0881063163902261	1302	17
pemt_tight_junction	key_secondary	a	PUBLISHED_PEMT	control	KRT19	2.5648436484073907	9227	24
pemt_tight_junction	key_secondary	a	PUBLISHED_PEMT	control	KRT74	0.0002498594540570929	4	3
pemt_tight_junction	key_secondary	a	PUBLISHED_PEMT	control	KRT8	3.75813160954814	11447	24
pemt_tight_junction	key_secondary	a	PUBLISHED_PEMT	control	KTN1-AS1	0.08622931626520818	1106	17
pemt_tight_junction	key_secondary	a	PUBLISHED_PEMT	control	L1CAM	0.023400293938544307	292	13
pemt_tight_junction	key_secondary	a	PUBLISHED_PEMT	control	L3MBTL3	0.29692870184329584	3266	20
pemt_tight_junction	key_secondary	a	PUBLISHED_PEMT	control	LAGE3	0.14227658716473168	1607	18
pemt_tight_junction	key_secondary	a	PUBLISHED_PEMT	control	LAP3	0.17784872857737521	2244	19
pemt_tight_junction	key_secondary	a	PUBLISHED_PEMT	control	LCA5	0.05106354488174017	698	15
pemt_tight_junction	key_secondary	a	PUBLISHED_PEMT	control	LHX9	0.0002466250615665308	4	2
pemt_tight_junction	key_secondary	a	PUBLISHED_PEMT	control	LIN7A	0.18171701569980328	1062	19
pemt_tight_junction	key_secondary	a	PUBLISHED_PEMT	control	LINC00305	0.0006246486351427324	10	5
pemt_tight_junction	key_secondary	a	PUBLISHED_PEMT	control	LINC00487	0.00037478918108563937	6	3
pemt_tight_junction	key_secondary	a	PUBLISHED_PEMT	control	LINC00513	1.1122836326330086	7289	24
pemt_tight_junction	key_secondary	a	PUBLISHED_PEMT	control	LINC00551	0.017035685736076077	254	13
pemt_tight_junction	key_secondary	a	PUBLISHED_PEMT	control	LINC00649	0.16280475054237584	2083	19
pemt_tight_junction	key_secondary	a	PUBLISHED_PEMT	control	LINC00863	0.028710282115488314	439	14
pemt_tight_junction	key_secondary	a	PUBLISHED_PEMT	control	LINC00881	0.010833897356969414	167	12
pemt_tight_junction	key_secondary	a	PUBLISHED_PEMT	control	LINC00958	0.012470166060976536	182	12
pemt_tight_junction	key_secondary	a	PUBLISHED_PEMT	control	LINC00996	0.0012467061399528932	35	6
pemt_tight_junction	key_secondary	a	PUBLISHED_PEMT	control	LINC01002	0.028915235655797292	460	14
pemt_tight_junction	key_secondary	a	PUBLISHED_PEMT	control	LINC01141	0.0007205244282420985	12	5
pemt_tight_junction	key_secondary	a	PUBLISHED_PEMT	control	LINC01363	0.00037478918108563937	6	3
pemt_tight_junction	key_secondary	a	PUBLISHED_PEMT	control	LINC01393	0.005127056802046635	72	10
pemt_tight_junction	key_secondary	a	PUBLISHED_PEMT	control	LINC01447	0.0002498594540570929	4	2
pemt_tight_junction	key_secondary	a	PUBLISHED_PEMT	control	LINC01455	0.0003041638687017506	5	3
pemt_tight_junction	key_secondary	a	PUBLISHED_PEMT	control	LINC01474	0.0010192540936613437	18	6
pemt_tight_junction	key_secondary	a	PUBLISHED_PEMT	control	LINC01543	0.0008662694345982149	14	5
pemt_tight_junction	key_secondary	a	PUBLISHED_PEMT	control	LINC01675	0.0030731100437084006	49	9
pemt_tight_junction	key_secondary	a	PUBLISHED_PEMT	control	LINC01707	0.003570027254278442	54	9
pemt_tight_junction	key_secondary	a	PUBLISHED_PEMT	control	LINC01798	0.007122647361398379	48	11
pemt_tight_junction	key_secondary	a	PUBLISHED_PEMT	control	LINC01825	0.00517325309641066	79	10
pemt_tight_junction	key_secondary	a	PUBLISHED_PEMT	control	LINC01880	0.000863256765875887	14	5
pemt_tight_junction	key_secondary	a	PUBLISHED_PEMT	control	LINC01888	0.00018739459054281966	3	2
pemt_tight_junction	key_secondary	a	PUBLISHED_PEMT	control	LINC01946	0.00037478918108565054	7	3
pemt_tight_junction	key_secondary	a	PUBLISHED_PEMT	control	LINC01962	0.0029829234393027658	46	9
pemt_tight_junction	key_secondary	a	PUBLISHED_PEMT	control	LINC01970	0.005585065857669648	89	10
pemt_tight_junction	key_secondary	a	PUBLISHED_PEMT	control	LINC02253	1.0262080029214435	6382	23
pemt_tight_junction	key_secondary	a	PUBLISHED_PEMT	control	LINC02259	0.00480539521246774	79	10
pemt_tight_junction	key_secondary	a	PUBLISHED_PEMT	control	LINC02315	1.06698396442474	3993	23
pemt_tight_junction	key_secondary	a	PUBLISHED_PEMT	control	LINC02386	0.0006443533744599938	9	5
pemt_tight_junction	key_secondary	a	PUBLISHED_PEMT	control	LINC02418	0.07380195110487127	862	16
pemt_tight_junction	key_secondary	a	PUBLISHED_PEMT	control	LINC02426	0.0006745130454766416	10	5
pemt_tight_junction	key_secondary	a	PUBLISHED_PEMT	control	LINC02466	0.10365407170447519	1070	17
pemt_tight_junction	key_secondary	a	PUBLISHED_PEMT	control	LINC02513	0.0003123243175713661	5	3
pemt_tight_junction	key_secondary	a	PUBLISHED_PEMT	control	LINC02606	0.0011117962399088428	18	6
pemt_tight_junction	key_secondary	a	PUBLISHED_PEMT	control	LINC02609	0.027907996960214905	403	14
pemt_tight_junction	key_secondary	a	PUBLISHED_PEMT	control	LINC02620	0.0003123243175713661	5	3
pemt_tight_junction	key_secondary	a	PUBLISHED_PEMT	control	LINC02636	0.008671238015969727	126	11
pemt_tight_junction	key_secondary	a	PUBLISHED_PEMT	control	LINC02641	0.014586420579781358	198	12
pemt_tight_junction	key_secondary	a	PUBLISHED_PEMT	control	LINC02680	0.010848417306640351	179	12
pemt_tight_junction	key_secondary	a	PUBLISHED_PEMT	control	LINC02689	0.004948445188983532	73	10
pemt_tight_junction	key_secondary	a	PUBLISHED_PEMT	control	LINC02746	0.00018739459054281966	3	2
pemt_tight_junction	key_secondary	a	PUBLISHED_PEMT	control	LINC02749	0.0030685846404509822	49	9
pemt_tight_junction	key_secondary	a	PUBLISHED_PEMT	control	LINC02750	0.00018739459054281966	3	2
pemt_tight_junction	key_secondary	a	PUBLISHED_PEMT	control	LINC02753	0.035234775789092704	461	14
pemt_tight_junction	key_secondary	a	PUBLISHED_PEMT	control	LINC02791	0.00012492972702855294	3	2
pemt_tight_junction	key_secondary	a	PUBLISHED_PEMT	control	LIPA	0.143881199266482	2062	18
pemt_tight_junction	key_secondary	a	PUBLISHED_PEMT	control	LIPC	0.007860430610868859	145	11
pemt_tight_junction	key_secondary	a	PUBLISHED_PEMT	control	LMBR1L	0.14896525532050048	2074	18
pemt_tight_junction	key_secondary	a	PUBLISHED_PEMT	control	LPIN3	0.3058796499609328	3685	21
pemt_tight_junction	key_secondary	a	PUBLISHED_PEMT	control	LPL	0.008335664898612422	181	11
pemt_tight_junction	key_secondary	a	PUBLISHED_PEMT	control	LRIG2	0.418041763091058	4635	21
pemt_tight_junction	key_secondary	a	PUBLISHED_PEMT	control	LRRC10B	0.0059311022518114265	91	10
pemt_tight_junction	key_secondary	a	PUBLISHED_PEMT	control	LRRC26	0.03065425519069326	328	14
pemt_tight_junction	key_secondary	a	PUBLISHED_PEMT	control	LRRC74A	0.010189828723231575	146	12
pemt_tight_junction	key_secondary	a	PUBLISHED_PEMT	control	LRRC9	0.031212829197210395	425	14
pemt_tight_junction	key_secondary	a	PUBLISHED_PEMT	control	LUZP4	0.00012492972702854644	2	2
pemt_tight_junction	key_secondary	a	PUBLISHED_PEMT	control	LYVE1	0.0008703472366286761	25	5
pemt_tight_junction	key_secondary	a	PUBLISHED_PEMT	control	MACF1	2.5488601078102673	11605	24
pemt_tight_junction	key_secondary	a	PUBLISHED_PEMT	control	MAEL	0.009631138633047962	137	11
pemt_tight_junction	key_secondary	a	PUBLISHED_PEMT	control	MAG	0.0002498594540570929	4	3
pemt_tight_junction	key_secondary	a	PUBLISHED_PEMT	control	MAGEA2	0.00012492972702854644	2	2
pemt_tight_junction	key_secondary	a	PUBLISHED_PEMT	control	MAGEC2	0.00012492972702854644	1	2
pemt_tight_junction	key_secondary	a	PUBLISHED_PEMT	control	MAGED2	0.18414169152304638	2260	19
pemt_tight_junction	key_secondary	a	PUBLISHED_PEMT	control	MAP1LC3B2	0.004477589322816379	70	10
pemt_tight_junction	key_secondary	a	PUBLISHED_PEMT	control	MAP3K4	0.5910761210404477	5830	22
pemt_tight_junction	key_secondary	a	PUBLISHED_PEMT	control	MAPK12	0.009997714443756031	155	12
pemt_tight_junction	key_secondary	a	PUBLISHED_PEMT	control	MARVELD2	0.25884966875896365	2946	20
pemt_tight_junction	key_secondary	a	PUBLISHED_PEMT	control	MBOAT7	0.32310190319724597	3638	21
pemt_tight_junction	key_secondary	a	PUBLISHED_PEMT	control	MDGA1	0.004343035330025561	88	10
pemt_tight_junction	key_secondary	a	PUBLISHED_PEMT	control	MED11	0.053542063162368356	798	15
pemt_tight_junction	key_secondary	a	PUBLISHED_PEMT	control	MED13L	4.084017155869882	13500	24
pemt_tight_junction	key_secondary	a	PUBLISHED_PEMT	control	MED17	0.37888731604044235	4195	21
pemt_tight_junction	key_secondary	a	PUBLISHED_PEMT	control	MED29	0.07340958429846835	1036	16
pemt_tight_junction	key_secondary	a	PUBLISHED_PEMT	control	MELTF-AS1	0.028483592672346233	429	14
pemt_tight_junction	key_secondary	a	PUBLISHED_PEMT	control	MESD	0.3420416891697724	3809	21
pemt_tight_junction	key_secondary	a	PUBLISHED_PEMT	control	METTL14-DT	0.004743186130657117	71	10
pemt_tight_junction	key_secondary	a	PUBLISHED_PEMT	control	METTL3	0.24327034635162248	2909	20
pemt_tight_junction	key_secondary	a	PUBLISHED_PEMT	control	MGRN1	0.3936844939566448	4523	21
pemt_tight_junction	key_secondary	a	PUBLISHED_PEMT	control	MGST2	0.8115607188928822	7003	23
pemt_tight_junction	key_secondary	a	PUBLISHED_PEMT	control	MIA2	0.579553274941464	5625	22
pemt_tight_junction	key_secondary	a	PUBLISHED_PEMT	control	MICB	0.014591644046918555	224	12
pemt_tight_junction	key_secondary	a	PUBLISHED_PEMT	control	MICOS13	0.29019669117728886	3086	20
pemt_tight_junction	key_secondary	a	PUBLISHED_PEMT	control	MIEF2	0.02306048794059009	351	13
pemt_tight_junction	key_secondary	a	PUBLISHED_PEMT	control	MINDY1	0.07262013881357958	1058	16
pemt_tight_junction	key_secondary	a	PUBLISHED_PEMT	control	MIR133A1HG	0.009010859980068783	143	11
pemt_tight_junction	key_secondary	a	PUBLISHED_PEMT	control	MIR29B2CHG	0.2731823388414271	3081	20
pemt_tight_junction	key_secondary	a	PUBLISHED_PEMT	control	MIR31HG	0.2966506145515229	1684	20
pemt_tight_junction	key_secondary	a	PUBLISHED_PEMT	control	MIR378D2HG	0.0029542189087022686	48	9
pemt_tight_junction	key_secondary	a	PUBLISHED_PEMT	control	MIR4713HG	1.334837010690294	8186	24
pemt_tight_junction	key_secondary	a	PUBLISHED_PEMT	control	MLXIPL	0.5494721794762866	4881	22
pemt_tight_junction	key_secondary	a	PUBLISHED_PEMT	control	MMP26	0.00895107532993636	79	11
pemt_tight_junction	key_secondary	a	PUBLISHED_PEMT	control	MON1B	0.15831586097344	2069	18
pemt_tight_junction	key_secondary	a	PUBLISHED_PEMT	control	MOSPD3	0.046934599867914865	696	15
pemt_tight_junction	key_secondary	a	PUBLISHED_PEMT	control	MPST	0.5036982661430208	4450	22
pemt_tight_junction	key_secondary	a	PUBLISHED_PEMT	control	MRAP	0.017025469277872924	254	13
pemt_tight_junction	key_secondary	a	PUBLISHED_PEMT	control	MRGBP	0.1633857205967164	2079	19
pemt_tight_junction	key_secondary	a	PUBLISHED_PEMT	control	MRGPRF	0.0008051182025934979	15	5
pemt_tight_junction	key_secondary	a	PUBLISHED_PEMT	control	MRPL11	0.19669682714938988	2294	19
pemt_tight_junction	key_secondary	a	PUBLISHED_PEMT	control	MRPS35	0.5890149907505365	5358	22
pemt_tight_junction	key_secondary	a	PUBLISHED_PEMT	control	MSMO1	0.41760118553554954	3368	21
pemt_tight_junction	key_secondary	a	PUBLISHED_PEMT	control	MSTN	0.0012704933732959802	22	6
pemt_tight_junction	key_secondary	a	PUBLISHED_PEMT	control	MTHFR	0.10438995327931054	1445	17
pemt_tight_junction	key_secondary	a	PUBLISHED_PEMT	control	MUC12	0.6741792100590875	4998	23
pemt_tight_junction	key_secondary	a	PUBLISHED_PEMT	control	MUC3A	0.3031198664558663	3465	21
pemt_tight_junction	key_secondary	a	PUBLISHED_PEMT	control	MXD4	0.1257830524129598	1750	18
pemt_tight_junction	key_secondary	a	PUBLISHED_PEMT	control	MYCL	0.03347753769558073	473	14
pemt_tight_junction	key_secondary	a	PUBLISHED_PEMT	control	MYRF-AS1	0.00567445892986526	89	10
pemt_tight_junction	key_secondary	a	PUBLISHED_PEMT	control	NAGS	0.011625503405050867	184	12
pemt_tight_junction	key_secondary	a	PUBLISHED_PEMT	control	NAIP	0.0808375208343137	1267	16
pemt_tight_junction	key_secondary	a	PUBLISHED_PEMT	control	NBPF11	0.3106012943199199	3681	21
pemt_tight_junction	key_secondary	a	PUBLISHED_PEMT	control	NCK1-DT	0.116474912955556	1588	17
pemt_tight_junction	key_secondary	a	PUBLISHED_PEMT	control	NCKAP5-AS1	0.008382161136897407	117	11
pemt_tight_junction	key_secondary	a	PUBLISHED_PEMT	control	NDUFAF2	1.0328735753608127	6863	23
pemt_tight_junction	key_secondary	a	PUBLISHED_PEMT	control	NECTIN3	0.5391791480062188	4554	22
pemt_tight_junction	key_secondary	a	PUBLISHED_PEMT	control	NEIL1	0.08000475333165721	1181	16
pemt_tight_junction	key_secondary	a	PUBLISHED_PEMT	control	NEU1	0.2835424936527356	2794	20
pemt_tight_junction	key_secondary	a	PUBLISHED_PEMT	control	NFYC-AS1	0.02164515715728383	333	13
pemt_tight_junction	key_secondary	a	PUBLISHED_PEMT	control	NIF3L1	0.1365667159608426	1867	18
pemt_tight_junction	key_secondary	a	PUBLISHED_PEMT	control	NIPA2	0.31246935804106596	3648	21
pemt_tight_junction	key_secondary	a	PUBLISHED_PEMT	control	NKX2-1	0.10735837745967321	870	17
pemt_tight_junction	key_secondary	a	PUBLISHED_PEMT	control	NMNAT3	0.35202586345173964	3435	21
pemt_tight_junction	key_secondary	a	PUBLISHED_PEMT	control	NNT	0.5018922279594294	4731	22
pemt_tight_junction	key_secondary	a	PUBLISHED_PEMT	control	NOL12	0.08513710019485546	1214	17
pemt_tight_junction	key_secondary	a	PUBLISHED_PEMT	control	NPHP4	0.14141318211885204	1800	18
pemt_tight_junction	key_secondary	a	PUBLISHED_PEMT	control	NPIPB5	0.39215616385824575	4487	21
pemt_tight_junction	key_secondary	a	PUBLISHED_PEMT	control	NSF	0.4620139345855269	4865	22
pemt_tight_junction	key_secondary	a	PUBLISHED_PEMT	control	NTMT1	0.32479311609872763	3691	21
pemt_tight_junction	key_secondary	a	PUBLISHED_PEMT	control	NUAK2	0.13443596871730668	1617	18
pemt_tight_junction	key_secondary	a	PUBLISHED_PEMT	control	NUDCD1	0.6821343212960499	5840	23
pemt_tight_junction	key_secondary	a	PUBLISHED_PEMT	control	NUP54	0.5132494530401374	5220	22
pemt_tight_junction	key_secondary	a	PUBLISHED_PEMT	control	OLA1	2.127323438798977	10376	24
pemt_tight_junction	key_secondary	a	PUBLISHED_PEMT	control	OLFML2A	0.0076994585586750595	127	11
pemt_tight_junction	key_secondary	a	PUBLISHED_PEMT	control	OPCML	0.007595828161458587	141	11
pemt_tight_junction	key_secondary	a	PUBLISHED_PEMT	control	OR2AG2	0.00500977720682026	80	10
pemt_tight_junction	key_secondary	a	PUBLISHED_PEMT	control	OR2T35	0.00018739459054281966	3	2
pemt_tight_junction	key_secondary	a	PUBLISHED_PEMT	control	OR52N1	0.0010185056656377516	16	6
pemt_tight_junction	key_secondary	a	PUBLISHED_PEMT	control	OR6J1	0.00354464821905145	53	9
pemt_tight_junction	key_secondary	a	PUBLISHED_PEMT	control	OSTM1-AS1	0.001059255033156227	16	6
pemt_tight_junction	key_secondary	a	PUBLISHED_PEMT	control	OTOP2	0.0002498594540570929	4	3
pemt_tight_junction	key_secondary	a	PUBLISHED_PEMT	control	OTX1	0.005109058197749913	80	10
pemt_tight_junction	key_secondary	a	PUBLISHED_PEMT	control	OXR1	2.314386001897053	10976	24
pemt_tight_junction	key_secondary	a	PUBLISHED_PEMT	control	OXSR1	1.1178922991599474	8025	24
pemt_tight_junction	key_secondary	a	PUBLISHED_PEMT	control	P2RX7	0.003399341032336974	221	9
pemt_tight_junction	key_secondary	a	PUBLISHED_PEMT	control	PACS1	1.16400142700119	8083	24
pemt_tight_junction	key_secondary	a	PUBLISHED_PEMT	control	PAF1	0.057415998267222	795	16
pemt_tight_junction	key_secondary	a	PUBLISHED_PEMT	control	PAQR7	0.022284460403581275	332	13
pemt_tight_junction	key_secondary	a	PUBLISHED_PEMT	control	PARL	0.43971843439758784	4668	22
pemt_tight_junction	key_secondary	a	PUBLISHED_PEMT	control	PARN	0.8604015192418737	7264	23
pemt_tight_junction	key_secondary	a	PUBLISHED_PEMT	control	PARS2	0.01783104127988399	274	13
pemt_tight_junction	key_secondary	a	PUBLISHED_PEMT	control	PAXX	0.21025043555072673	2652	19
pemt_tight_junction	key_secondary	a	PUBLISHED_PEMT	control	PBDC1	0.1343495665685073	1654	18
pemt_tight_junction	key_secondary	a	PUBLISHED_PEMT	control	PCAT6	0.03019850188828448	452	14
pemt_tight_junction	key_secondary	a	PUBLISHED_PEMT	control	PCNP	0.5381419757958519	5547	22
pemt_tight_junction	key_secondary	a	PUBLISHED_PEMT	control	PCSK9	0.10103642861589492	1172	17
pemt_tight_junction	key_secondary	a	PUBLISHED_PEMT	control	PDE11A	0.059250701516466504	765	16
pemt_tight_junction	key_secondary	a	PUBLISHED_PEMT	control	PDLIM4	0.012006457618825907	161	12
pemt_tight_junction	key_secondary	a	PUBLISHED_PEMT	control	PET100	0.2665311156515692	3051	20
pemt_tight_junction	key_secondary	a	PUBLISHED_PEMT	control	PGM5P3-AS1	0.0009994378162283717	16	6
pemt_tight_junction	key_secondary	a	PUBLISHED_PEMT	control	PHB	0.610047649511414	4815	22
pemt_tight_junction	key_secondary	a	PUBLISHED_PEMT	control	PHB2	0.4618997573815301	4087	22
pemt_tight_junction	key_secondary	a	PUBLISHED_PEMT	control	PHF13	0.04712853688080944	686	15
pemt_tight_junction	key_secondary	a	PUBLISHED_PEMT	control	PHOSPHO2	0.05322164803086209	787	15
pemt_tight_junction	key_secondary	a	PUBLISHED_PEMT	control	PHTF1	0.17562892401387428	2174	19
pemt_tight_junction	key_secondary	a	PUBLISHED_PEMT	control	PISD	0.3498962941939095	3953	21
pemt_tight_junction	key_secondary	a	PUBLISHED_PEMT	control	PITPNM3	0.07820138759486128	1097	16
pemt_tight_junction	key_secondary	a	PUBLISHED_PEMT	control	PKD1L3	0.012879841358405563	168	12
pemt_tight_junction	key_secondary	a	PUBLISHED_PEMT	control	PKDCC	0.18872475000449135	2246	19
pemt_tight_junction	key_secondary	a	PUBLISHED_PEMT	control	PLA2G4D	0.00510758745714252	64	10
pemt_tight_junction	key_secondary	a	PUBLISHED_PEMT	control	PLEKHA2	0.6087148054374043	5364	22
pemt_tight_junction	key_secondary	a	PUBLISHED_PEMT	control	PLEKHH3	0.0781058957005017	1107	16
pemt_tight_junction	key_secondary	a	PUBLISHED_PEMT	control	PLIN5	0.015105201415561707	253	13
pemt_tight_junction	key_secondary	a	PUBLISHED_PEMT	control	PLRG1	0.1494115309761736	1894	18
pemt_tight_junction	key_secondary	a	PUBLISHED_PEMT	control	PLSCR3	0.034812050978883805	533	14
pemt_tight_junction	key_secondary	a	PUBLISHED_PEMT	control	PLXDC1	0.007484801232022884	160	11
pemt_tight_junction	key_secondary	a	PUBLISHED_PEMT	control	PLXNA2	0.7501428536468052	6306	23
pemt_tight_junction	key_secondary	a	PUBLISHED_PEMT	control	PNPLA3	0.042745985455819716	502	15
pemt_tight_junction	key_secondary	a	PUBLISHED_PEMT	control	POLR2B	0.5124503815298447	5214	22
pemt_tight_junction	key_secondary	a	PUBLISHED_PEMT	control	PORCN	0.01765960328165973	266	13
pemt_tight_junction	key_secondary	a	PUBLISHED_PEMT	control	POU5F1	0.0812250589421897	1134	16
pemt_tight_junction	key_secondary	a	PUBLISHED_PEMT	control	POU6F2	2.958184060981034	9484	24
pemt_tight_junction	key_secondary	a	PUBLISHED_PEMT	control	PPIL3	0.12033403222092812	1662	18
pemt_tight_junction	key_secondary	a	PUBLISHED_PEMT	control	PPIL6	0.09661096808420251	1265	17
pemt_tight_junction	key_secondary	a	PUBLISHED_PEMT	control	PPM1F	0.09915320159263187	1392	17
pemt_tight_junction	key_secondary	a	PUBLISHED_PEMT	control	PPM1H	1.965937372191175	8816	24
pemt_tight_junction	key_secondary	a	PUBLISHED_PEMT	control	PPP1R32	0.010343421119106374	165	12
pemt_tight_junction	key_secondary	a	PUBLISHED_PEMT	control	PRELID3B	0.4763967807954607	4541	22
pemt_tight_junction	key_secondary	a	PUBLISHED_PEMT	control	PRKY	0.6461818444843518	5311	23
pemt_tight_junction	key_secondary	a	PUBLISHED_PEMT	control	PRR15L	0.398217574963601	3631	21
pemt_tight_junction	key_secondary	a	PUBLISHED_PEMT	control	PRR3	0.10865993856140167	1484	17
pemt_tight_junction	key_secondary	a	PUBLISHED_PEMT	control	PRRT3-AS1	0.09819038498520025	1327	17
pemt_tight_junction	key_secondary	a	PUBLISHED_PEMT	control	PRSS23	1.3920872583515307	5731	24
pemt_tight_junction	key_secondary	a	PUBLISHED_PEMT	control	PRSS55	0.005465615833711851	78	10
pemt_tight_junction	key_secondary	a	PUBLISHED_PEMT	control	PSEN1	1.0488915025063492	7852	23
pemt_tight_junction	key_secondary	a	PUBLISHED_PEMT	control	PTGFRN	0.30422097430013795	3362	21
pemt_tight_junction	key_secondary	a	PUBLISHED_PEMT	control	PTGIS	0.0009442108750320514	65	6
pemt_tight_junction	key_secondary	a	PUBLISHED_PEMT	control	PTPN1	0.6959530384649718	6287	23
pemt_tight_junction	key_secondary	a	PUBLISHED_PEMT	control	PTPRK	10.870299198103378	14630	24
pemt_tight_junction	key_secondary	a	PUBLISHED_PEMT	control	PXK	0.2278295025453776	2719	20
pemt_tight_junction	key_secondary	a	PUBLISHED_PEMT	control	R3HDM1	1.2882568932289218	8027	24
pemt_tight_junction	key_secondary	a	PUBLISHED_PEMT	control	RAB3B	0.02993064863555132	306	14
pemt_tight_junction	key_secondary	a	PUBLISHED_PEMT	control	RAB3IP	0.7352924493394376	6243	23
pemt_tight_junction	key_secondary	a	PUBLISHED_PEMT	control	RAB7A	1.369876577540815	9263	24
pemt_tight_junction	key_secondary	a	PUBLISHED_PEMT	control	RAB9A	0.21619222905293423	2587	19
pemt_tight_junction	key_secondary	a	PUBLISHED_PEMT	control	RAMP2	0.01983188723511072	330	13
pemt_tight_junction	key_secondary	a	PUBLISHED_PEMT	control	RASA1	1.5723891780269035	9703	24
pemt_tight_junction	key_secondary	a	PUBLISHED_PEMT	control	RASEF	0.8495691238407842	6369	23
pemt_tight_junction	key_secondary	a	PUBLISHED_PEMT	control	RASGRF2-AS1	0.0002667352755442499	5	3
pemt_tight_junction	key_secondary	a	PUBLISHED_PEMT	control	RBM19	0.3164562558489649	3724	21
pemt_tight_junction	key_secondary	a	PUBLISHED_PEMT	control	RBP2	0.05081618704156339	720	15
pemt_tight_junction	key_secondary	a	PUBLISHED_PEMT	control	RCOR1	0.9784092765825728	7009	23
pemt_tight_junction	key_secondary	a	PUBLISHED_PEMT	control	REP15	0.02889676288480469	214	14
pemt_tight_junction	key_secondary	a	PUBLISHED_PEMT	control	RETNLB	0.0755319764258317	866	16
pemt_tight_junction	key_secondary	a	PUBLISHED_PEMT	control	RETREG2	0.14875610578483886	1916	18
pemt_tight_junction	key_secondary	a	PUBLISHED_PEMT	control	REV3L-IT1	0.0009668442100757469	16	6
pemt_tight_junction	key_secondary	a	PUBLISHED_PEMT	control	RIBC2	0.027285177320906507	375	14
pemt_tight_junction	key_secondary	a	PUBLISHED_PEMT	control	RIT2	0.0037477639116273763	59	9
pemt_tight_junction	key_secondary	a	PUBLISHED_PEMT	control	RNASE1	0.2527083718054496	2678	20
pemt_tight_junction	key_secondary	a	PUBLISHED_PEMT	control	RNF144B	0.0158780873589951	447	13
pemt_tight_junction	key_secondary	a	PUBLISHED_PEMT	control	RNF150	0.004813595093507312	104	10
pemt_tight_junction	key_secondary	a	PUBLISHED_PEMT	control	RNF180	0.011192455262860262	188	12
pemt_tight_junction	key_secondary	a	PUBLISHED_PEMT	control	RNF213	1.8748006570349565	9837	24
pemt_tight_junction	key_secondary	a	PUBLISHED_PEMT	control	RNF227	0.012699432596140777	193	12
pemt_tight_junction	key_secondary	a	PUBLISHED_PEMT	control	ROBO1	0.4777987170093025	2348	22
pemt_tight_junction	key_secondary	a	PUBLISHED_PEMT	control	RPE65	0.00037478918108563937	6	3
pemt_tight_junction	key_secondary	a	PUBLISHED_PEMT	control	RPGR	0.3574286925628126	3966	21
pemt_tight_junction	key_secondary	a	PUBLISHED_PEMT	control	RRP36	0.17770441813146928	2201	19
pemt_tight_junction	key_secondary	a	PUBLISHED_PEMT	control	RSL1D1	0.4419029565819259	4196	22
pemt_tight_junction	key_secondary	a	PUBLISHED_PEMT	control	RSL24D1	0.2680931551867941	3004	20
pemt_tight_junction	key_secondary	a	PUBLISHED_PEMT	control	RTN4IP1	0.18235637662233348	2193	19
pemt_tight_junction	key_secondary	a	PUBLISHED_PEMT	control	RUFY3	0.6448424893317144	5908	23
pemt_tight_junction	key_secondary	a	PUBLISHED_PEMT	control	RUNX2-AS1	0.003298169214740834	53	9
pemt_tight_junction	key_secondary	a	PUBLISHED_PEMT	control	RUSC2	0.24028721351046878	2723	20
pemt_tight_junction	key_secondary	a	PUBLISHED_PEMT	control	RXFP1	0.004954752467792787	108	10
pemt_tight_junction	key_secondary	a	PUBLISHED_PEMT	control	S100A1	0.001171676511953367	18	6
pemt_tight_junction	key_secondary	a	PUBLISHED_PEMT	control	S100A11	1.9319879740450563	8518	24
pemt_tight_junction	key_secondary	a	PUBLISHED_PEMT	control	S1PR3	0.008536607233460456	148	11
pemt_tight_junction	key_secondary	a	PUBLISHED_PEMT	control	SAMD14	0.004054770030156059	76	9
pemt_tight_junction	key_secondary	a	PUBLISHED_PEMT	control	SAMD5	1.2900459199680248	5626	24
pemt_tight_junction	key_secondary	a	PUBLISHED_PEMT	control	SATB2-AS1	0.3407122170063588	3634	21
pemt_tight_junction	key_secondary	a	PUBLISHED_PEMT	control	SAYSD1	0.07450581305261872	1065	16
pemt_tight_junction	key_secondary	a	PUBLISHED_PEMT	control	SCART1	0.07364787758271649	968	16
pemt_tight_junction	key_secondary	a	PUBLISHED_PEMT	control	SCGN	0.008470147842544481	82	11
pemt_tight_junction	key_secondary	a	PUBLISHED_PEMT	control	SCMH1	2.1740970620768563	10548	24
pemt_tight_junction	key_secondary	a	PUBLISHED_PEMT	control	SCN1B	0.003550093101111379	66	9
pemt_tight_junction	key_secondary	a	PUBLISHED_PEMT	control	SEC61B	0.5860245237307891	5201	22
pemt_tight_junction	key_secondary	a	PUBLISHED_PEMT	control	SELENOF	0.8776165166505263	7352	23
pemt_tight_junction	key_secondary	a	PUBLISHED_PEMT	control	SELENOK	0.25826612607485117	2898	20
pemt_tight_junction	key_secondary	a	PUBLISHED_PEMT	control	SELENOT	0.2831324125611065	3308	20
pemt_tight_junction	key_secondary	a	PUBLISHED_PEMT	control	SEMA6A-AS2	0.007474066614099403	110	11
pemt_tight_junction	key_secondary	a	PUBLISHED_PEMT	control	SEPHS1	0.27184238998795746	3204	20
pemt_tight_junction	key_secondary	a	PUBLISHED_PEMT	control	SEPTIN1	0.02188264672824257	353	13
pemt_tight_junction	key_secondary	a	PUBLISHED_PEMT	control	SERGEF	0.6280290480630769	5735	22
pemt_tight_junction	key_secondary	a	PUBLISHED_PEMT	control	SERPINA3	0.014099562514488658	280	12
pemt_tight_junction	key_secondary	a	PUBLISHED_PEMT	control	SF3B5	0.37797273209871046	3810	21
pemt_tight_junction	key_secondary	a	PUBLISHED_PEMT	control	SFMBT2	0.024672125013741445	711	14
pemt_tight_junction	key_secondary	a	PUBLISHED_PEMT	control	SFT2D1	0.41642877018327257	4465	21
pemt_tight_junction	key_secondary	a	PUBLISHED_PEMT	control	SH3GLB1	0.6097275352290369	5829	22
pemt_tight_junction	key_secondary	a	PUBLISHED_PEMT	control	SHB	0.652396248348112	5510	23
pemt_tight_junction	key_secondary	a	PUBLISHED_PEMT	control	SHC1	0.1255835134905324	1733	18
pemt_tight_junction	key_secondary	a	PUBLISHED_PEMT	control	SIAH1	0.3208326622476074	3777	21
pemt_tight_junction	key_secondary	a	PUBLISHED_PEMT	control	SIGLEC5	0.0010916708577469727	30	6
pemt_tight_junction	key_secondary	a	PUBLISHED_PEMT	control	SIMC1	0.5447116718547867	5001	22
pemt_tight_junction	key_secondary	a	PUBLISHED_PEMT	control	SLAIN1	0.04304889964194712	514	15
pemt_tight_junction	key_secondary	a	PUBLISHED_PEMT	control	SLC16A14	0.04075858034544901	548	15
pemt_tight_junction	key_secondary	a	PUBLISHED_PEMT	control	SLC1A6	0.001276776552930064	21	6
pemt_tight_junction	key_secondary	a	PUBLISHED_PEMT	control	SLC22A5	0.15884758278404493	2102	18
pemt_tight_junction	key_secondary	a	PUBLISHED_PEMT	control	SLC25A21	0.13794653617522454	1091	18
pemt_tight_junction	key_secondary	a	PUBLISHED_PEMT	control	SLC25A21-AS1	0.009516024576135066	144	11
pemt_tight_junction	key_secondary	a	PUBLISHED_PEMT	control	SLC25A3	1.1494956158282585	7231	24
pemt_tight_junction	key_secondary	a	PUBLISHED_PEMT	control	SLC2A12	0.15748701736566448	1757	18
pemt_tight_junction	key_secondary	a	PUBLISHED_PEMT	control	SLC30A6	0.3966415154657665	4335	21
pemt_tight_junction	key_secondary	a	PUBLISHED_PEMT	control	SLC35C2	0.3226803623652254	3774	21
pemt_tight_junction	key_secondary	a	PUBLISHED_PEMT	control	SLC35F4	0.009834781356121317	138	12
pemt_tight_junction	key_secondary	a	PUBLISHED_PEMT	control	SLC6A1	0.0007799594116612702	29	5
pemt_tight_junction	key_secondary	a	PUBLISHED_PEMT	control	SLC6A2	0.0008120432256855521	13	5
pemt_tight_junction	key_secondary	a	PUBLISHED_PEMT	control	SLC9A4	0.0011715420077746453	18	6
pemt_tight_junction	key_secondary	a	PUBLISHED_PEMT	control	SLIT3	0.010841317989964617	215	12
pemt_tight_junction	key_secondary	a	PUBLISHED_PEMT	control	SMIM31	0.1790565618964411	1866	19
pemt_tight_junction	key_secondary	a	PUBLISHED_PEMT	control	SMIM6	0.011735040691450095	176	12
pemt_tight_junction	key_secondary	a	PUBLISHED_PEMT	control	SMPDL3B	0.12410630290486963	1654	18
pemt_tight_junction	key_secondary	a	PUBLISHED_PEMT	control	SNAPC5	0.07901039387658665	1140	16
pemt_tight_junction	key_secondary	a	PUBLISHED_PEMT	control	SNHG4	0.20965409714111177	2456	19
pemt_tight_junction	key_secondary	a	PUBLISHED_PEMT	control	SNRNP48	0.20369490957459702	2540	19
pemt_tight_junction	key_secondary	a	PUBLISHED_PEMT	control	SNX12	0.08919660269085976	1258	17
pemt_tight_junction	key_secondary	a	PUBLISHED_PEMT	control	SNX25	0.8362073427107737	5861	23
pemt_tight_junction	key_secondary	a	PUBLISHED_PEMT	control	SON	1.3291401262062637	8980	24
pemt_tight_junction	key_secondary	a	PUBLISHED_PEMT	control	SOX30	0.01993941438288188	284	13
pemt_tight_junction	key_secondary	a	PUBLISHED_PEMT	control	SP7	0.00018739459054281966	3	2
pemt_tight_junction	key_secondary	a	PUBLISHED_PEMT	control	SPATA9	0.020330430246231976	270	13
pemt_tight_junction	key_secondary	a	PUBLISHED_PEMT	control	SPDYE2	0.0629897254516663	926	16
pemt_tight_junction	key_secondary	a	PUBLISHED_PEMT	control	SPSB2	0.054787113029272104	753	15
pemt_tight_junction	key_secondary	a	PUBLISHED_PEMT	control	SRP14-AS1	0.05736352949431674	870	15
pemt_tight_junction	key_secondary	a	PUBLISHED_PEMT	control	SRPRB	0.2611881835864701	2962	20
pemt_tight_junction	key_secondary	a	PUBLISHED_PEMT	control	SRPX	0.0091022163647392	129	11
pemt_tight_junction	key_secondary	a	PUBLISHED_PEMT	control	SSH3	0.14438139360419686	1991	18
pemt_tight_junction	key_secondary	a	PUBLISHED_PEMT	control	STAM-AS1	0.02878286776503047	431	14
pemt_tight_junction	key_secondary	a	PUBLISHED_PEMT	control	STK35	0.2283809285628825	2793	20
pemt_tight_junction	key_secondary	a	PUBLISHED_PEMT	control	STK39	3.1147608158366586	11346	24
pemt_tight_junction	key_secondary	a	PUBLISHED_PEMT	control	STX17-AS1	0.05501354548997998	769	15
pemt_tight_junction	key_secondary	a	PUBLISHED_PEMT	control	STX18	0.6509219564353671	6029	23
pemt_tight_junction	key_secondary	a	PUBLISHED_PEMT	control	SULT1A2	0.025490128606403345	357	14
pemt_tight_junction	key_secondary	a	PUBLISHED_PEMT	control	SUPT7L	0.11632719192344654	1640	17
pemt_tight_junction	key_secondary	a	PUBLISHED_PEMT	control	SUPV3L1	0.30956268375702867	3488	21
pemt_tight_junction	key_secondary	a	PUBLISHED_PEMT	control	SUV39H2	0.14244786201436885	1829	18
pemt_tight_junction	key_secondary	a	PUBLISHED_PEMT	control	SYT14	0.004325821920340449	69	10
pemt_tight_junction	key_secondary	a	PUBLISHED_PEMT	control	TAF1B	0.40176602327754246	4174	21
pemt_tight_junction	key_secondary	a	PUBLISHED_PEMT	control	TAF6L	0.06433434066859439	947	16
pemt_tight_junction	key_secondary	a	PUBLISHED_PEMT	control	TAF7L	0.0033400133359185744	52	9
pemt_tight_junction	key_secondary	a	PUBLISHED_PEMT	control	TAFA3	0.0002498594540570929	4	2
pemt_tight_junction	key_secondary	a	PUBLISHED_PEMT	control	TAL1	0.00019600583281461362	5	2
pemt_tight_junction	key_secondary	a	PUBLISHED_PEMT	control	TARBP2	0.03867001089777802	585	15
pemt_tight_junction	key_secondary	a	PUBLISHED_PEMT	control	TAS1R3	0.02958602507710569	385	14
pemt_tight_junction	key_secondary	a	PUBLISHED_PEMT	control	TAS2R40	0.00018739459054281966	3	2
pemt_tight_junction	key_secondary	a	PUBLISHED_PEMT	control	TAS2R50	0.0012221436220862833	20	6
pemt_tight_junction	key_secondary	a	PUBLISHED_PEMT	control	TBC1D10A	0.07813634818226783	1118	16
pemt_tight_junction	key_secondary	a	PUBLISHED_PEMT	control	TBC1D20	0.2655660054865229	3230	20
pemt_tight_junction	key_secondary	a	PUBLISHED_PEMT	control	TBC1D26	0.0006246486351427324	10	5
pemt_tight_junction	key_secondary	a	PUBLISHED_PEMT	control	TBC1D2B	0.263488045808965	3273	20
pemt_tight_junction	key_secondary	a	PUBLISHED_PEMT	control	TBC1D3	0.0008431309033053768	14	5
pemt_tight_junction	key_secondary	a	PUBLISHED_PEMT	control	TBPL2	0.003966382180693531	60	9
pemt_tight_junction	key_secondary	a	PUBLISHED_PEMT	control	TCF21	0.0035299489454058424	56	9
pemt_tight_junction	key_secondary	a	PUBLISHED_PEMT	control	TDRD7	0.3616517531416809	3978	21
pemt_tight_junction	key_secondary	a	PUBLISHED_PEMT	control	TECPR2	0.2540915761392193	2992	20
pemt_tight_junction	key_secondary	a	PUBLISHED_PEMT	control	TEX19	0.0003123243175713661	5	3
pemt_tight_junction	key_secondary	a	PUBLISHED_PEMT	control	TEX261	0.08564282583188092	1181	17
pemt_tight_junction	key_secondary	a	PUBLISHED_PEMT	control	TFR2	0.05142308946413113	693	15
pemt_tight_junction	key_secondary	a	PUBLISHED_PEMT	control	TGFB2-AS1	0.00037317830682716746	6	3
pemt_tight_junction	key_secondary	a	PUBLISHED_PEMT	control	THAP3	0.04361909471912519	661	15
pemt_tight_junction	key_secondary	a	PUBLISHED_PEMT	control	TIGD2	0.025307650471978676	377	14
pemt_tight_junction	key_secondary	a	PUBLISHED_PEMT	control	TIGIT	0.0008280308369117507	105	5
pemt_tight_junction	key_secondary	a	PUBLISHED_PEMT	control	TLE6	0.00777427847406703	113	11
pemt_tight_junction	key_secondary	a	PUBLISHED_PEMT	control	TMCC3	0.23507771445687783	2511	20
pemt_tight_junction	key_secondary	a	PUBLISHED_PEMT	control	TMEM115	0.09105067099642672	1283	17
pemt_tight_junction	key_secondary	a	PUBLISHED_PEMT	control	TMEM170B	0.07402276001188053	1033	16
pemt_tight_junction	key_secondary	a	PUBLISHED_PEMT	control	TMEM179B	0.4166601022154049	4564	21
pemt_tight_junction	key_secondary	a	PUBLISHED_PEMT	control	TMEM185A	0.13330680346554477	1822	18
pemt_tight_junction	key_secondary	a	PUBLISHED_PEMT	control	TMEM192	0.22958849092822242	2662	20
pemt_tight_junction	key_secondary	a	PUBLISHED_PEMT	control	TMEM250	0.07869920344718775	1066	16
pemt_tight_junction	key_secondary	a	PUBLISHED_PEMT	control	TMEM256	0.13670149265703363	1678	18
pemt_tight_junction	key_secondary	a	PUBLISHED_PEMT	control	TMEM30A	0.38040937197462343	4134	21
pemt_tight_junction	key_secondary	a	PUBLISHED_PEMT	control	TMEM54	0.4509941914503192	4330	22
pemt_tight_junction	key_secondary	a	PUBLISHED_PEMT	control	TMEM65	0.9805618817222533	6889	23
pemt_tight_junction	key_secondary	a	PUBLISHED_PEMT	control	TMEM92	0.04465586322893372	648	15
pemt_tight_junction	key_secondary	a	PUBLISHED_PEMT	control	TOMM7	0.9441036010277752	6914	23
pemt_tight_junction	key_secondary	a	PUBLISHED_PEMT	control	TOP1MT	0.3640544472453199	3735	21
pemt_tight_junction	key_secondary	a	PUBLISHED_PEMT	control	TP53AIP1	0.0006246486351427324	10	5
pemt_tight_junction	key_secondary	a	PUBLISHED_PEMT	control	TPH1	0.04445857676376123	222	15
pemt_tight_junction	key_secondary	a	PUBLISHED_PEMT	control	TRABD2A	1.199915295904842	7861	24
pemt_tight_junction	key_secondary	a	PUBLISHED_PEMT	control	TRAF3IP1	0.2855052296140885	3234	20
pemt_tight_junction	key_secondary	a	PUBLISHED_PEMT	control	TRAF3IP3	0.0031180384378608796	235	9
pemt_tight_junction	key_secondary	a	PUBLISHED_PEMT	control	TRAM2-AS1	0.02297015184241859	347	13
pemt_tight_junction	key_secondary	a	PUBLISHED_PEMT	control	TRBV23-1	0.0001758224431426962	6	2
pemt_tight_junction	key_secondary	a	PUBLISHED_PEMT	control	TREH	0.009324457645565186	147	11
pemt_tight_junction	key_secondary	a	PUBLISHED_PEMT	control	TRIM17	0.025917117808937275	390	14
pemt_tight_junction	key_secondary	a	PUBLISHED_PEMT	control	TRIM3	0.04105159752566549	622	15
pemt_tight_junction	key_secondary	a	PUBLISHED_PEMT	control	TRMT1L	0.1688480752011406	2183	19
pemt_tight_junction	key_secondary	a	PUBLISHED_PEMT	control	TRPV1	0.1020878310600893	1417	17
pemt_tight_junction	key_secondary	a	PUBLISHED_PEMT	control	TSPAN15	0.5593040719794937	5285	22
pemt_tight_junction	key_secondary	a	PUBLISHED_PEMT	control	TSR2	0.10184635403184714	1348	17
pemt_tight_junction	key_secondary	a	PUBLISHED_PEMT	control	TSTD1	0.29879694791541234	3299	20
pemt_tight_junction	key_secondary	a	PUBLISHED_PEMT	control	TSTD3	0.4453819199909724	4790	22
pemt_tight_junction	key_secondary	a	PUBLISHED_PEMT	control	TTC27	0.6529083984007902	5833	23
pemt_tight_junction	key_secondary	a	PUBLISHED_PEMT	control	TTC7A	0.2737737757100476	3357	20
pemt_tight_junction	key_secondary	a	PUBLISHED_PEMT	control	UBA1	0.3380759753707085	3735	21
pemt_tight_junction	key_secondary	a	PUBLISHED_PEMT	control	UBD	0.026887196742868037	323	14
pemt_tight_junction	key_secondary	a	PUBLISHED_PEMT	control	UBE2Q1	0.13569243800983385	1751	18
pemt_tight_junction	key_secondary	a	PUBLISHED_PEMT	control	UBE3A	1.1073907868048591	8532	24
pemt_tight_junction	key_secondary	a	PUBLISHED_PEMT	control	UBE3D	0.8709513809904488	6437	23
pemt_tight_junction	key_secondary	a	PUBLISHED_PEMT	control	UBXN6	0.11087945931870251	1516	17
pemt_tight_junction	key_secondary	a	PUBLISHED_PEMT	control	UCHL1-AS1	0.00122789276912841	20	6
pemt_tight_junction	key_secondary	a	PUBLISHED_PEMT	control	UGT2B15	0.015371802905504257	197	13
pemt_tight_junction	key_secondary	a	PUBLISHED_PEMT	control	UNC13C	0.013098364372570333	133	12
pemt_tight_junction	key_secondary	a	PUBLISHED_PEMT	control	UPK3B	0.00462563126558843	75	10
pemt_tight_junction	key_secondary	a	PUBLISHED_PEMT	control	URGCP	0.8056643188346017	7027	23
pemt_tight_junction	key_secondary	a	PUBLISHED_PEMT	control	USO1	0.7768984878224764	6910	23
pemt_tight_junction	key_secondary	a	PUBLISHED_PEMT	control	USP25	1.5115278875930536	9175	24
pemt_tight_junction	key_secondary	a	PUBLISHED_PEMT	control	USP30-AS1	0.005610797036497588	91	10
pemt_tight_junction	key_secondary	a	PUBLISHED_PEMT	control	USP38	0.16862250971268403	2161	19
pemt_tight_junction	key_secondary	a	PUBLISHED_PEMT	control	USP43	0.249926418916775	2914	20
pemt_tight_junction	key_secondary	a	PUBLISHED_PEMT	control	UTP11	0.10556881684032467	1399	17
pemt_tight_junction	key_secondary	a	PUBLISHED_PEMT	control	UTP18	0.28751375978418475	3223	20
pemt_tight_junction	key_secondary	a	PUBLISHED_PEMT	control	UTP3	0.09961863760051927	1386	17
pemt_tight_junction	key_secondary	a	PUBLISHED_PEMT	control	VANGL1	0.16161402407096995	2057	18
pemt_tight_junction	key_secondary	a	PUBLISHED_PEMT	control	VAV2	0.5520963771816162	5370	22
pemt_tight_junction	key_secondary	a	PUBLISHED_PEMT	control	VNN3	0.0007091999683175287	21	5
pemt_tight_junction	key_secondary	a	PUBLISHED_PEMT	control	VSNL1	0.9506911413086885	4641	23
pemt_tight_junction	key_secondary	a	PUBLISHED_PEMT	control	VTCN1	0.020240179436067575	208	13
pemt_tight_junction	key_secondary	a	PUBLISHED_PEMT	control	WDR12	0.42856168628178226	4454	22
pemt_tight_junction	key_secondary	a	PUBLISHED_PEMT	control	WDR18	0.08713697595594523	1154	17
pemt_tight_junction	key_secondary	a	PUBLISHED_PEMT	control	WDR31	0.11011387084513209	1423	17
pemt_tight_junction	key_secondary	a	PUBLISHED_PEMT	control	WDR45B	0.7498148981163228	6219	23
pemt_tight_junction	key_secondary	a	PUBLISHED_PEMT	control	WHRN	0.19526618964273415	2409	19
pemt_tight_junction	key_secondary	a	PUBLISHED_PEMT	control	WNT11	0.04858598903308346	599	15
pemt_tight_junction	key_secondary	a	PUBLISHED_PEMT	control	WNT2B	0.15866779851782384	1841	18
pemt_tight_junction	key_secondary	a	PUBLISHED_PEMT	control	WWC3	0.21858799258638328	2640	19
pemt_tight_junction	key_secondary	a	PUBLISHED_PEMT	control	XIST	1.6930003641315756	1464	24
pemt_tight_junction	key_secondary	a	PUBLISHED_PEMT	control	XRCC4	0.6107779713605278	5096	22
pemt_tight_junction	key_secondary	a	PUBLISHED_PEMT	control	XRN1	1.2855497440039882	9073	24
pemt_tight_junction	key_secondary	a	PUBLISHED_PEMT	control	YAF2	0.6781685645154809	5988	23
pemt_tight_junction	key_secondary	a	PUBLISHED_PEMT	control	YBX3	0.7402858517329136	6415	23
pemt_tight_junction	key_secondary	a	PUBLISHED_PEMT	control	Z82214.1	0.00012492972702854644	2	2
pemt_tight_junction	key_secondary	a	PUBLISHED_PEMT	control	Z94721.3	0.05557408305049669	786	15
pemt_tight_junction	key_secondary	a	PUBLISHED_PEMT	control	ZAN	0.0047054346321568664	75	10
pemt_tight_junction	key_secondary	a	PUBLISHED_PEMT	control	ZBTB44	0.7291139488746238	6497	23
pemt_tight_junction	key_secondary	a	PUBLISHED_PEMT	control	ZC3H11A	0.01608361490245344	259	13
pemt_tight_junction	key_secondary	a	PUBLISHED_PEMT	control	ZEB1-AS1	0.007810611700634124	157	11
pemt_tight_junction	key_secondary	a	PUBLISHED_PEMT	control	ZFX	0.3832582267299942	4185	21
pemt_tight_junction	key_secondary	a	PUBLISHED_PEMT	control	ZMAT1	0.05127190572775719	689	15
pemt_tight_junction	key_secondary	a	PUBLISHED_PEMT	control	ZMYND11	0.9436767956561795	7142	23
pemt_tight_junction	key_secondary	a	PUBLISHED_PEMT	control	ZNF177	0.029303040266319913	444	14
pemt_tight_junction	key_secondary	a	PUBLISHED_PEMT	control	ZNF197-AS1	0.00018739459054281966	3	2
pemt_tight_junction	key_secondary	a	PUBLISHED_PEMT	control	ZNF226	0.10434494286848182	1495	17
pemt_tight_junction	key_secondary	a	PUBLISHED_PEMT	control	ZNF256	0.009878402032845617	157	12
pemt_tight_junction	key_secondary	a	PUBLISHED_PEMT	control	ZNF267	0.2751408929983888	3239	20
pemt_tight_junction	key_secondary	a	PUBLISHED_PEMT	control	ZNF486	0.10453455103308215	1343	17
pemt_tight_junction	key_secondary	a	PUBLISHED_PEMT	control	ZNF518B	0.06226652865853953	898	16
pemt_tight_junction	key_secondary	a	PUBLISHED_PEMT	control	ZNF525	0.10472198472090602	1466	17
pemt_tight_junction	key_secondary	a	PUBLISHED_PEMT	control	ZNF562	0.4461911197858112	4643	22
pemt_tight_junction	key_secondary	a	PUBLISHED_PEMT	control	ZNF566	0.1693575757493588	2189	19
pemt_tight_junction	key_secondary	a	PUBLISHED_PEMT	control	ZNF615	0.04535270524699608	676	15
pemt_tight_junction	key_secondary	a	PUBLISHED_PEMT	control	ZNF622	0.13810453966173414	1794	18
pemt_tight_junction	key_secondary	a	PUBLISHED_PEMT	control	ZNF644	2.1324364101278466	11048	24
pemt_tight_junction	key_secondary	a	PUBLISHED_PEMT	control	ZNF646	0.030181431017866762	476	14
pemt_tight_junction	key_secondary	a	PUBLISHED_PEMT	control	ZNF655	0.30626589131973253	3210	21
pemt_tight_junction	key_secondary	a	PUBLISHED_PEMT	control	ZNF665	0.03510519100222924	511	14
pemt_tight_junction	key_secondary	a	PUBLISHED_PEMT	control	ZNF723	0.0009369729527140986	15	6
pemt_tight_junction	key_secondary	a	PUBLISHED_PEMT	control	ZNF737	0.13821148928224083	1816	18
pemt_tight_junction	key_secondary	a	PUBLISHED_PEMT	control	ZNF75A	0.14896390684964972	1992	18
pemt_tight_junction	key_secondary	a	PUBLISHED_PEMT	control	ZNF771	0.05471845822954133	807	15
pemt_tight_junction	key_secondary	a	PUBLISHED_PEMT	control	ZNF786	0.14612201394396807	1844	18
pemt_tight_junction	key_secondary	a	PUBLISHED_PEMT	control	ZNF792	0.012987340801220418	202	12
pemt_tight_junction	key_secondary	a	PUBLISHED_PEMT	control	ZNF81	0.2774233848137625	3245	20
pemt_tight_junction	key_secondary	a	PUBLISHED_PEMT	control	ZNF91	1.242385237874764	9013	24
pemt_tight_junction	key_secondary	a	PUBLISHED_PEMT	control	ZNHIT1	0.3779797030795376	3995	21
pemt_tight_junction	key_secondary	a	PUBLISHED_PEMT	control	ZSCAN2	0.04984961929740661	723	15
pemt_tight_junction	key_secondary	a	PUBLISHED_PEMT	control	ZYX	0.18684641727502277	2313	19
pemt_tight_junction	key_secondary	a	PUBLISHED_PEMT	target	ANPEP	0.011583990110408445	283	12
pemt_tight_junction	key_secondary	a	PUBLISHED_PEMT	target	AREG	3.363075450947936	5418	24
pemt_tight_junction	key_secondary	a	PUBLISHED_PEMT	target	CALU	0.7805520564911529	6684	23
pemt_tight_junction	key_secondary	a	PUBLISHED_PEMT	target	CAPG	0.20552763237444405	2458	19
pemt_tight_junction	key_secondary	a	PUBLISHED_PEMT	target	CCL8	0.0008152908969546634	25	5
pemt_tight_junction	key_secondary	a	PUBLISHED_PEMT	target	CD44	1.7977884736020588	8787	24
pemt_tight_junction	key_secondary	a	PUBLISHED_PEMT	target	CD59	0.6540745484537804	5753	23
pemt_tight_junction	key_secondary	a	PUBLISHED_PEMT	target	COL12A1	0.0010667233731655964	121	6
pemt_tight_junction	key_secondary	a	PUBLISHED_PEMT	target	COL5A3	0.002987658399603796	68	9
pemt_tight_junction	key_secondary	a	PUBLISHED_PEMT	target	COL7A1	0.015715557316594013	226	13
pemt_tight_junction	key_secondary	a	PUBLISHED_PEMT	target	COLGALT1	0.24029674849628452	2965	20
pemt_tight_junction	key_secondary	a	PUBLISHED_PEMT	target	COPA	0.8905759857926416	7389	23
pemt_tight_junction	key_secondary	a	PUBLISHED_PEMT	target	CXCL1	0.22350676251355828	1287	20
pemt_tight_junction	key_secondary	a	PUBLISHED_PEMT	target	CXCL6	0.0010860521825459915	30	6
pemt_tight_junction	key_secondary	a	PUBLISHED_PEMT	target	CXCL8	0.11943190733400048	930	18
pemt_tight_junction	key_secondary	a	PUBLISHED_PEMT	target	DKK1	0.009980488407381008	55	12
pemt_tight_junction	key_secondary	a	PUBLISHED_PEMT	target	DST	2.4490412416955674	9482	24
pemt_tight_junction	key_secondary	a	PUBLISHED_PEMT	target	ECM1	0.1235107021329851	1317	18
pemt_tight_junction	key_secondary	a	PUBLISHED_PEMT	target	ENO2	0.06349376864250558	848	16
pemt_tight_junction	key_secondary	a	PUBLISHED_PEMT	target	ETV1	0.08805853622129009	816	17
pemt_tight_junction	key_secondary	a	PUBLISHED_PEMT	target	FAS	0.04906253561910899	747	15
pemt_tight_junction	key_secondary	a	PUBLISHED_PEMT	target	FBN2	0.005053735776276855	74	10
pemt_tight_junction	key_secondary	a	PUBLISHED_PEMT	target	FUCA1	0.17330830618929965	2239	19
pemt_tight_junction	key_secondary	a	PUBLISHED_PEMT	target	GADD45A	0.14373039877967994	1513	18
pemt_tight_junction	key_secondary	a	PUBLISHED_PEMT	target	GADD45B	0.046258161217840425	764	15
pemt_tight_junction	key_secondary	a	PUBLISHED_PEMT	target	GLIPR1	0.04869096779812174	707	15
pemt_tight_junction	key_secondary	a	PUBLISHED_PEMT	target	ID2	0.41892990714127737	3672	21
pemt_tight_junction	key_secondary	a	PUBLISHED_PEMT	target	IGFBP2	0.6703597061490543	3453	23
pemt_tight_junction	key_secondary	a	PUBLISHED_PEMT	target	IL15	0.16954565748151604	2028	19
pemt_tight_junction	key_secondary	a	PUBLISHED_PEMT	target	IL32	0.7435384571973009	5316	23
pemt_tight_junction	key_secondary	a	PUBLISHED_PEMT	target	IL6	0.00016438363828427582	15	2
pemt_tight_junction	key_secondary	a	PUBLISHED_PEMT	target	ITGA2	1.9024797042258048	8275	24
pemt_tight_junction	key_secondary	a	PUBLISHED_PEMT	target	ITGB1	2.1504740162318354	10439	24
pemt_tight_junction	key_secondary	a	PUBLISHED_PEMT	target	JUN	1.4414365466716048	8311	24
pemt_tight_junction	key_secondary	a	PUBLISHED_PEMT	target	LAMA1	0.0070100181481132255	135	11
pemt_tight_junction	key_secondary	a	PUBLISHED_PEMT	target	LAMA3	0.9749367873645878	4645	23
pemt_tight_junction	key_secondary	a	PUBLISHED_PEMT	target	LAMC1	0.8694202451622823	6496	23
pemt_tight_junction	key_secondary	a	PUBLISHED_PEMT	target	LAMC2	0.7957043951504457	4137	23
pemt_tight_junction	key_secondary	a	PUBLISHED_PEMT	target	LOXL2	0.012553464359658218	343	12
pemt_tight_junction	key_secondary	a	PUBLISHED_PEMT	target	LRP1	0.4495724585830879	4476	22
pemt_tight_junction	key_secondary	a	PUBLISHED_PEMT	target	MCM7	0.4136106475458892	4127	21
pemt_tight_junction	key_secondary	a	PUBLISHED_PEMT	target	MMP1	0.010525191557743209	53	12
pemt_tight_junction	key_secondary	a	PUBLISHED_PEMT	target	MMP3	0.020891336391983203	265	13
pemt_tight_junction	key_secondary	a	PUBLISHED_PEMT	target	NT5E	0.1237917000164776	1550	18
pemt_tight_junction	key_secondary	a	PUBLISHED_PEMT	target	PLAUR	0.482304113192252	3604	22
pemt_tight_junction	key_secondary	a	PUBLISHED_PEMT	target	PLOD1	0.11010946097543889	1499	17
pemt_tight_junction	key_secondary	a	PUBLISHED_PEMT	target	PLOD2	1.0714930661506246	6647	23
pemt_tight_junction	key_secondary	a	PUBLISHED_PEMT	target	PLOD3	0.4251815614325624	4527	22
pemt_tight_junction	key_secondary	a	PUBLISHED_PEMT	target	PPIB	1.3333903388314199	8340	24
pemt_tight_junction	key_secondary	a	PUBLISHED_PEMT	target	PTHLH	0.007704070314744402	95	11
pemt_tight_junction	key_secondary	a	PUBLISHED_PEMT	target	PVR	0.28742105481000446	3313	20
pemt_tight_junction	key_secondary	a	PUBLISHED_PEMT	target	QSOX1	0.43705787075601715	3927	22
pemt_tight_junction	key_secondary	a	PUBLISHED_PEMT	target	RHOB	0.24323644096206185	2212	20
pemt_tight_junction	key_secondary	a	PUBLISHED_PEMT	target	SAT1	2.06968233898981	9547	24
pemt_tight_junction	key_secondary	a	PUBLISHED_PEMT	target	SDC1	0.3518568211793522	3465	21
pemt_tight_junction	key_secondary	a	PUBLISHED_PEMT	target	SDC4	0.7512237159631276	5530	23
pemt_tight_junction	key_secondary	a	PUBLISHED_PEMT	target	SERPINE1	0.00022086447266491397	590	2
pemt_tight_junction	key_secondary	a	PUBLISHED_PEMT	target	SGCB	0.08285363375287977	1123	16
pemt_tight_junction	key_secondary	a	PUBLISHED_PEMT	target	SLC6A8	0.18429328456825378	1601	19
pemt_tight_junction	key_secondary	a	PUBLISHED_PEMT	target	SNAI1	0.009403580652562388	155	11
pemt_tight_junction	key_secondary	a	PUBLISHED_PEMT	target	SNAI2	0.0003141047853601168	10	3
pemt_tight_junction	key_secondary	a	PUBLISHED_PEMT	target	SPP1	0.324859967018859	6343	21
pemt_tight_junction	key_secondary	a	PUBLISHED_PEMT	target	TFPI2	0.001025120898969363	24	6
pemt_tight_junction	key_secondary	a	PUBLISHED_PEMT	target	TGM2	0.1079718755480563	1239	17
pemt_tight_junction	key_secondary	a	PUBLISHED_PEMT	target	TMEM158	0.032236498773742135	411	14
pemt_tight_junction	key_secondary	a	PUBLISHED_PEMT	target	TNFRSF11B	0.13187133775368562	860	18
pemt_tight_junction	key_secondary	a	PUBLISHED_PEMT	target	TNFRSF12A	0.3731027623500402	3420	21
pemt_tight_junction	key_secondary	a	PUBLISHED_PEMT	target	TPM4	1.4085212572383305	8208	24
pemt_tight_junction	key_secondary	a	PUBLISHED_PEMT	target	TWIST1	0.0002420604160888136	21	2
pemt_tight_junction	key_secondary	a	PUBLISHED_PEMT	target	VEGFA	1.742266112898843	8505	24
pemt_tight_junction	key_secondary	a	PUBLISHED_PEMT	target	WNT5A	0.0031899341539189433	94	9
pemt_tight_junction	key_secondary	b	REACTOME_TIGHT_JUNCTION_INTERACTIONS	control	A1BG-AS1	0.002485527482505813	55	8
pemt_tight_junction	key_secondary	b	REACTOME_TIGHT_JUNCTION_INTERACTIONS	control	AARS2	0.0963030965079953	1368	17
pemt_tight_junction	key_secondary	b	REACTOME_TIGHT_JUNCTION_INTERACTIONS	control	ABCA7	0.08728770248499275	1214	17
pemt_tight_junction	key_secondary	b	REACTOME_TIGHT_JUNCTION_INTERACTIONS	control	ABCB7	0.5780343747956608	5578	22
pemt_tight_junction	key_secondary	b	REACTOME_TIGHT_JUNCTION_INTERACTIONS	control	AC000068.2	0.0008120432256855521	13	5
pemt_tight_junction	key_secondary	b	REACTOME_TIGHT_JUNCTION_INTERACTIONS	control	AC003975.1	6.246486351427322e-05	1	0
pemt_tight_junction	key_secondary	b	REACTOME_TIGHT_JUNCTION_INTERACTIONS	control	AC004223.4	0.0008088112048708424	13	5
pemt_tight_junction	key_secondary	b	REACTOME_TIGHT_JUNCTION_INTERACTIONS	control	AC004233.2	0.017629086237813344	270	13
pemt_tight_junction	key_secondary	b	REACTOME_TIGHT_JUNCTION_INTERACTIONS	control	AC004470.1	0.0023138015332336065	36	8
pemt_tight_junction	key_secondary	b	REACTOME_TIGHT_JUNCTION_INTERACTIONS	control	AC004540.2	0.0027553924980165956	43	8
pemt_tight_junction	key_secondary	b	REACTOME_TIGHT_JUNCTION_INTERACTIONS	control	AC004969.1	0.0027918195626194906	45	8
pemt_tight_junction	key_secondary	b	REACTOME_TIGHT_JUNCTION_INTERACTIONS	control	AC004974.1	0.00821005187808138	130	11
pemt_tight_junction	key_secondary	b	REACTOME_TIGHT_JUNCTION_INTERACTIONS	control	AC005034.6	0.006557447604150421	104	11
pemt_tight_junction	key_secondary	b	REACTOME_TIGHT_JUNCTION_INTERACTIONS	control	AC005144.1	0.012367609965106111	168	12
pemt_tight_junction	key_secondary	b	REACTOME_TIGHT_JUNCTION_INTERACTIONS	control	AC005342.2	6.246486351427322e-05	1	0
pemt_tight_junction	key_secondary	b	REACTOME_TIGHT_JUNCTION_INTERACTIONS	control	AC005697.2	0.0025610594040852007	39	8
pemt_tight_junction	key_secondary	b	REACTOME_TIGHT_JUNCTION_INTERACTIONS	control	AC006115.2	0.005462595547097816	97	10
pemt_tight_junction	key_secondary	b	REACTOME_TIGHT_JUNCTION_INTERACTIONS	control	AC006946.2	0.002804056456879975	43	8
pemt_tight_junction	key_secondary	b	REACTOME_TIGHT_JUNCTION_INTERACTIONS	control	AC007221.1	0.02381201576818736	321	13
pemt_tight_junction	key_secondary	b	REACTOME_TIGHT_JUNCTION_INTERACTIONS	control	AC007285.2	0.02507656255677724	382	14
pemt_tight_junction	key_secondary	b	REACTOME_TIGHT_JUNCTION_INTERACTIONS	control	AC007405.3	0.03236459011781059	429	14
pemt_tight_junction	key_secondary	b	REACTOME_TIGHT_JUNCTION_INTERACTIONS	control	AC007448.4	0.006041356679746729	91	10
pemt_tight_junction	key_secondary	b	REACTOME_TIGHT_JUNCTION_INTERACTIONS	control	AC007496.1	0.0008033038496233939	13	5
pemt_tight_junction	key_secondary	b	REACTOME_TIGHT_JUNCTION_INTERACTIONS	control	AC007686.3	0.007189768587405874	117	11
pemt_tight_junction	key_secondary	b	REACTOME_TIGHT_JUNCTION_INTERACTIONS	control	AC007878.1	0.030024933799364984	471	14
pemt_tight_junction	key_secondary	b	REACTOME_TIGHT_JUNCTION_INTERACTIONS	control	AC008268.1	0.0002498594540570929	4	2
pemt_tight_junction	key_secondary	b	REACTOME_TIGHT_JUNCTION_INTERACTIONS	control	AC008554.1	0.03861198695272766	571	15
pemt_tight_junction	key_secondary	b	REACTOME_TIGHT_JUNCTION_INTERACTIONS	control	AC008610.1	0.019647845520324773	304	13
pemt_tight_junction	key_secondary	b	REACTOME_TIGHT_JUNCTION_INTERACTIONS	control	AC008649.2	0.05032002448186746	720	15
pemt_tight_junction	key_secondary	b	REACTOME_TIGHT_JUNCTION_INTERACTIONS	control	AC008969.1	0.02248324819914196	357	13
pemt_tight_junction	key_secondary	b	REACTOME_TIGHT_JUNCTION_INTERACTIONS	control	AC009120.2	0.3894393601403551	4420	21
pemt_tight_junction	key_secondary	b	REACTOME_TIGHT_JUNCTION_INTERACTIONS	control	AC009137.1	0.017596009375712613	264	13
pemt_tight_junction	key_secondary	b	REACTOME_TIGHT_JUNCTION_INTERACTIONS	control	AC009148.1	0.013731247678494974	216	12
pemt_tight_junction	key_secondary	b	REACTOME_TIGHT_JUNCTION_INTERACTIONS	control	AC009242.1	0.015087205708842281	235	13
pemt_tight_junction	key_secondary	b	REACTOME_TIGHT_JUNCTION_INTERACTIONS	control	AC009387.1	0.007808107749401146	109	11
pemt_tight_junction	key_secondary	b	REACTOME_TIGHT_JUNCTION_INTERACTIONS	control	AC009495.3	0.03547411005474196	511	14
pemt_tight_junction	key_secondary	b	REACTOME_TIGHT_JUNCTION_INTERACTIONS	control	AC009511.2	0.0008626449814786382	14	5
pemt_tight_junction	key_secondary	b	REACTOME_TIGHT_JUNCTION_INTERACTIONS	control	AC010280.3	0.0021825377785799852	33	8
pemt_tight_junction	key_secondary	b	REACTOME_TIGHT_JUNCTION_INTERACTIONS	control	AC010331.1	0.022523224975564023	356	13
pemt_tight_junction	key_secondary	b	REACTOME_TIGHT_JUNCTION_INTERACTIONS	control	AC010519.1	0.004658340666859873	76	10
pemt_tight_junction	key_secondary	b	REACTOME_TIGHT_JUNCTION_INTERACTIONS	control	AC010654.1	0.00272730552462875	44	8
pemt_tight_junction	key_secondary	b	REACTOME_TIGHT_JUNCTION_INTERACTIONS	control	AC010768.1	6.246486351427322e-05	1	0
pemt_tight_junction	key_secondary	b	REACTOME_TIGHT_JUNCTION_INTERACTIONS	control	AC010883.1	0.008808115467771556	138	11
pemt_tight_junction	key_secondary	b	REACTOME_TIGHT_JUNCTION_INTERACTIONS	control	AC010894.2	0.002439008902711121	40	8
pemt_tight_junction	key_secondary	b	REACTOME_TIGHT_JUNCTION_INTERACTIONS	control	AC011303.1	0.005434443125741766	54	10
pemt_tight_junction	key_secondary	b	REACTOME_TIGHT_JUNCTION_INTERACTIONS	control	AC011346.1	0.2584967850397111	2393	20
pemt_tight_junction	key_secondary	b	REACTOME_TIGHT_JUNCTION_INTERACTIONS	control	AC011445.1	0.00015324692610269394	3	2
pemt_tight_junction	key_secondary	b	REACTOME_TIGHT_JUNCTION_INTERACTIONS	control	AC011676.2	0.0042956647810970874	69	10
pemt_tight_junction	key_secondary	b	REACTOME_TIGHT_JUNCTION_INTERACTIONS	control	AC012100.2	0.0021646878945551225	33	8
pemt_tight_junction	key_secondary	b	REACTOME_TIGHT_JUNCTION_INTERACTIONS	control	AC012404.1	0.01019530715926196	168	12
pemt_tight_junction	key_secondary	b	REACTOME_TIGHT_JUNCTION_INTERACTIONS	control	AC012442.1	0.0006871134986570055	10	5
pemt_tight_junction	key_secondary	b	REACTOME_TIGHT_JUNCTION_INTERACTIONS	control	AC012447.1	0.03258073462285156	495	14
pemt_tight_junction	key_secondary	b	REACTOME_TIGHT_JUNCTION_INTERACTIONS	control	AC012615.1	0.03858750595785231	600	15
pemt_tight_junction	key_secondary	b	REACTOME_TIGHT_JUNCTION_INTERACTIONS	control	AC013468.1	0.004404586868928305	71	10
pemt_tight_junction	key_secondary	b	REACTOME_TIGHT_JUNCTION_INTERACTIONS	control	AC013565.1	0.009974790893523468	142	12
pemt_tight_junction	key_secondary	b	REACTOME_TIGHT_JUNCTION_INTERACTIONS	control	AC016026.2	0.00619558985626923	97	10
pemt_tight_junction	key_secondary	b	REACTOME_TIGHT_JUNCTION_INTERACTIONS	control	AC016590.3	0.0007475668720231304	12	5
pemt_tight_junction	key_secondary	b	REACTOME_TIGHT_JUNCTION_INTERACTIONS	control	AC016597.1	0.03747780791481081	562	15
pemt_tight_junction	key_secondary	b	REACTOME_TIGHT_JUNCTION_INTERACTIONS	control	AC016642.1	0.00450307001618887	71	10
pemt_tight_junction	key_secondary	b	REACTOME_TIGHT_JUNCTION_INTERACTIONS	control	AC020913.1	0.012321619851330512	214	12
pemt_tight_junction	key_secondary	b	REACTOME_TIGHT_JUNCTION_INTERACTIONS	control	AC021092.1	0.02932051195554145	431	14
pemt_tight_junction	key_secondary	b	REACTOME_TIGHT_JUNCTION_INTERACTIONS	control	AC021739.2	0.0055082542782787704	91	10
pemt_tight_junction	key_secondary	b	REACTOME_TIGHT_JUNCTION_INTERACTIONS	control	AC022469.1	5.351155260991421e-05	1	0
pemt_tight_junction	key_secondary	b	REACTOME_TIGHT_JUNCTION_INTERACTIONS	control	AC022868.2	0.0006246486351427324	10	5
pemt_tight_junction	key_secondary	b	REACTOME_TIGHT_JUNCTION_INTERACTIONS	control	AC025164.2	0.00012492972702855075	3	2
pemt_tight_junction	key_secondary	b	REACTOME_TIGHT_JUNCTION_INTERACTIONS	control	AC025271.4	0.00015880998780870505	3	2
pemt_tight_junction	key_secondary	b	REACTOME_TIGHT_JUNCTION_INTERACTIONS	control	AC026523.1	0.019595512187982063	257	13
pemt_tight_junction	key_secondary	b	REACTOME_TIGHT_JUNCTION_INTERACTIONS	control	AC026740.1	0.0022111061854114965	35	8
pemt_tight_junction	key_secondary	b	REACTOME_TIGHT_JUNCTION_INTERACTIONS	control	AC040904.1	0.0076827871221628935	127	11
pemt_tight_junction	key_secondary	b	REACTOME_TIGHT_JUNCTION_INTERACTIONS	control	AC051619.8	6.246486351427322e-05	1	0
pemt_tight_junction	key_secondary	b	REACTOME_TIGHT_JUNCTION_INTERACTIONS	control	AC055855.2	0.01028080664268402	158	12
pemt_tight_junction	key_secondary	b	REACTOME_TIGHT_JUNCTION_INTERACTIONS	control	AC060234.3	3.407148165453197e-17	5	0
pemt_tight_junction	key_secondary	b	REACTOME_TIGHT_JUNCTION_INTERACTIONS	control	AC062032.1	0.0002498594540570929	4	2
pemt_tight_junction	key_secondary	b	REACTOME_TIGHT_JUNCTION_INTERACTIONS	control	AC068733.1	0.00018739459054281966	3	2
pemt_tight_junction	key_secondary	b	REACTOME_TIGHT_JUNCTION_INTERACTIONS	control	AC073320.1	0.016600262657812215	263	13
pemt_tight_junction	key_secondary	b	REACTOME_TIGHT_JUNCTION_INTERACTIONS	control	AC073389.3	0.007255366464506803	113	11
pemt_tight_junction	key_secondary	b	REACTOME_TIGHT_JUNCTION_INTERACTIONS	control	AC073878.2	6.246486351427322e-05	1	0
pemt_tight_junction	key_secondary	b	REACTOME_TIGHT_JUNCTION_INTERACTIONS	control	AC078777.1	0.007485890066059989	118	11
pemt_tight_junction	key_secondary	b	REACTOME_TIGHT_JUNCTION_INTERACTIONS	control	AC079612.1	6.246486351427322e-05	1	0
pemt_tight_junction	key_secondary	b	REACTOME_TIGHT_JUNCTION_INTERACTIONS	control	AC082651.3	0.00018739459054281966	3	2
pemt_tight_junction	key_secondary	b	REACTOME_TIGHT_JUNCTION_INTERACTIONS	control	AC084346.1	0.0007866474062909908	13	5
pemt_tight_junction	key_secondary	b	REACTOME_TIGHT_JUNCTION_INTERACTIONS	control	AC087362.1	0.004911217782445125	78	10
pemt_tight_junction	key_secondary	b	REACTOME_TIGHT_JUNCTION_INTERACTIONS	control	AC087500.2	6.246486351427322e-05	1	0
pemt_tight_junction	key_secondary	b	REACTOME_TIGHT_JUNCTION_INTERACTIONS	control	AC087857.1	0.03618356841286189	377	14
pemt_tight_junction	key_secondary	b	REACTOME_TIGHT_JUNCTION_INTERACTIONS	control	AC090159.1	0.004892189882928836	68	10
pemt_tight_junction	key_secondary	b	REACTOME_TIGHT_JUNCTION_INTERACTIONS	control	AC090197.1	0.0007605728349388004	26	5
pemt_tight_junction	key_secondary	b	REACTOME_TIGHT_JUNCTION_INTERACTIONS	control	AC090204.1	0.023348171801935033	311	13
pemt_tight_junction	key_secondary	b	REACTOME_TIGHT_JUNCTION_INTERACTIONS	control	AC090409.2	0.00023916214229806058	4	2
pemt_tight_junction	key_secondary	b	REACTOME_TIGHT_JUNCTION_INTERACTIONS	control	AC090826.3	6.246486351427322e-05	1	0
pemt_tight_junction	key_secondary	b	REACTOME_TIGHT_JUNCTION_INTERACTIONS	control	AC091043.1	0.005722523502574072	87	10
pemt_tight_junction	key_secondary	b	REACTOME_TIGHT_JUNCTION_INTERACTIONS	control	AC091564.5	0.004620747620135021	75	10
pemt_tight_junction	key_secondary	b	REACTOME_TIGHT_JUNCTION_INTERACTIONS	control	AC091729.3	0.028497309347133997	434	14
pemt_tight_junction	key_secondary	b	REACTOME_TIGHT_JUNCTION_INTERACTIONS	control	AC091868.2	0.002458532373514577	40	8
pemt_tight_junction	key_secondary	b	REACTOME_TIGHT_JUNCTION_INTERACTIONS	control	AC092354.2	0.0006246486351427324	10	5
pemt_tight_junction	key_secondary	b	REACTOME_TIGHT_JUNCTION_INTERACTIONS	control	AC092650.1	0.09064226943106655	990	17
pemt_tight_junction	key_secondary	b	REACTOME_TIGHT_JUNCTION_INTERACTIONS	control	AC092718.6	0.006486518317944648	100	11
pemt_tight_junction	key_secondary	b	REACTOME_TIGHT_JUNCTION_INTERACTIONS	control	AC092723.4	0.010877214620215986	160	12
pemt_tight_junction	key_secondary	b	REACTOME_TIGHT_JUNCTION_INTERACTIONS	control	AC092794.1	0.007143476032601632	114	11
pemt_tight_junction	key_secondary	b	REACTOME_TIGHT_JUNCTION_INTERACTIONS	control	AC092894.1	0.16460442135712017	1831	19
pemt_tight_junction	key_secondary	b	REACTOME_TIGHT_JUNCTION_INTERACTIONS	control	AC093151.8	0.004840868105943904	72	10
pemt_tight_junction	key_secondary	b	REACTOME_TIGHT_JUNCTION_INTERACTIONS	control	AC093157.2	0.002216348203372759	35	8
pemt_tight_junction	key_secondary	b	REACTOME_TIGHT_JUNCTION_INTERACTIONS	control	AC093567.1	0.002054979728359675	35	8
pemt_tight_junction	key_secondary	b	REACTOME_TIGHT_JUNCTION_INTERACTIONS	control	AC096570.1	0.004505899890878449	67	10
pemt_tight_junction	key_secondary	b	REACTOME_TIGHT_JUNCTION_INTERACTIONS	control	AC096996.3	0.00018739459054281966	3	2
pemt_tight_junction	key_secondary	b	REACTOME_TIGHT_JUNCTION_INTERACTIONS	control	AC097110.1	6.246486351427322e-05	1	0
pemt_tight_junction	key_secondary	b	REACTOME_TIGHT_JUNCTION_INTERACTIONS	control	AC097478.2	0.00018739459054281966	3	2
pemt_tight_junction	key_secondary	b	REACTOME_TIGHT_JUNCTION_INTERACTIONS	control	AC097521.1	0.004887828385928965	72	10
pemt_tight_junction	key_secondary	b	REACTOME_TIGHT_JUNCTION_INTERACTIONS	control	AC099342.1	0.002226596531202869	35	8
pemt_tight_junction	key_secondary	b	REACTOME_TIGHT_JUNCTION_INTERACTIONS	control	AC099509.1	0.0002498594540570929	4	2
pemt_tight_junction	key_secondary	b	REACTOME_TIGHT_JUNCTION_INTERACTIONS	control	AC099811.4	0.002710742256137861	44	8
pemt_tight_junction	key_secondary	b	REACTOME_TIGHT_JUNCTION_INTERACTIONS	control	AC100821.2	0.007396489067180092	113	11
pemt_tight_junction	key_secondary	b	REACTOME_TIGHT_JUNCTION_INTERACTIONS	control	AC104417.2	6.246486351427322e-05	1	0
pemt_tight_junction	key_secondary	b	REACTOME_TIGHT_JUNCTION_INTERACTIONS	control	AC104532.2	0.0263925323562877	414	14
pemt_tight_junction	key_secondary	b	REACTOME_TIGHT_JUNCTION_INTERACTIONS	control	AC104699.1	0.0076725242980691605	121	11
pemt_tight_junction	key_secondary	b	REACTOME_TIGHT_JUNCTION_INTERACTIONS	control	AC104781.2	0.008693662628152613	131	11
pemt_tight_junction	key_secondary	b	REACTOME_TIGHT_JUNCTION_INTERACTIONS	control	AC105219.2	0.006736276839881353	106	11
pemt_tight_junction	key_secondary	b	REACTOME_TIGHT_JUNCTION_INTERACTIONS	control	AC105227.1	0.00018739459054281966	3	2
pemt_tight_junction	key_secondary	b	REACTOME_TIGHT_JUNCTION_INTERACTIONS	control	AC105339.6	0.006354830774229451	103	10
pemt_tight_junction	key_secondary	b	REACTOME_TIGHT_JUNCTION_INTERACTIONS	control	AC106028.3	0.006544159803379182	103	11
pemt_tight_junction	key_secondary	b	REACTOME_TIGHT_JUNCTION_INTERACTIONS	control	AC106742.1	6.246486351427322e-05	1	0
pemt_tight_junction	key_secondary	b	REACTOME_TIGHT_JUNCTION_INTERACTIONS	control	AC107396.1	6.246486351427322e-05	1	0
pemt_tight_junction	key_secondary	b	REACTOME_TIGHT_JUNCTION_INTERACTIONS	control	AC107398.5	0.00018739459054281966	3	2
pemt_tight_junction	key_secondary	b	REACTOME_TIGHT_JUNCTION_INTERACTIONS	control	AC108051.1	0.0002498594540570929	4	2
pemt_tight_junction	key_secondary	b	REACTOME_TIGHT_JUNCTION_INTERACTIONS	control	AC108721.1	0.00018739459054281966	3	2
pemt_tight_junction	key_secondary	b	REACTOME_TIGHT_JUNCTION_INTERACTIONS	control	AC108860.2	0.04304534663742405	639	15
pemt_tight_junction	key_secondary	b	REACTOME_TIGHT_JUNCTION_INTERACTIONS	control	AC109131.1	0.0002498594540570929	4	2
pemt_tight_junction	key_secondary	b	REACTOME_TIGHT_JUNCTION_INTERACTIONS	control	AC109462.1	0.00024287602658557432	4	2
pemt_tight_junction	key_secondary	b	REACTOME_TIGHT_JUNCTION_INTERACTIONS	control	AC110491.2	0.009439496806667324	146	11
pemt_tight_junction	key_secondary	b	REACTOME_TIGHT_JUNCTION_INTERACTIONS	control	AC110609.1	0.00018739459054281966	3	2
pemt_tight_junction	key_secondary	b	REACTOME_TIGHT_JUNCTION_INTERACTIONS	control	AC115220.1	0.00018739459054281966	3	2
pemt_tight_junction	key_secondary	b	REACTOME_TIGHT_JUNCTION_INTERACTIONS	control	AC116158.3	0.009375547738538369	155	11
pemt_tight_junction	key_secondary	b	REACTOME_TIGHT_JUNCTION_INTERACTIONS	control	AC116317.1	0.000806763316758591	13	5
pemt_tight_junction	key_secondary	b	REACTOME_TIGHT_JUNCTION_INTERACTIONS	control	AC116348.1	0.00018739459054281966	3	2
pemt_tight_junction	key_secondary	b	REACTOME_TIGHT_JUNCTION_INTERACTIONS	control	AC116609.3	0.00018739459054281966	3	2
pemt_tight_junction	key_secondary	b	REACTOME_TIGHT_JUNCTION_INTERACTIONS	control	AC119403.1	0.043726736984393506	639	15
pemt_tight_junction	key_secondary	b	REACTOME_TIGHT_JUNCTION_INTERACTIONS	control	AC123023.2	6.246486351427322e-05	1	0
pemt_tight_junction	key_secondary	b	REACTOME_TIGHT_JUNCTION_INTERACTIONS	control	AC124016.2	0.011402376945062402	171	12
pemt_tight_junction	key_secondary	b	REACTOME_TIGHT_JUNCTION_INTERACTIONS	control	AC127526.5	0.030202577998587506	452	14
pemt_tight_junction	key_secondary	b	REACTOME_TIGHT_JUNCTION_INTERACTIONS	control	AC137579.1	0.014754310621671114	214	12
pemt_tight_junction	key_secondary	b	REACTOME_TIGHT_JUNCTION_INTERACTIONS	control	AC138028.1	0.005350894166287078	89	10
pemt_tight_junction	key_secondary	b	REACTOME_TIGHT_JUNCTION_INTERACTIONS	control	AC138207.5	0.0001821054294737969	3	2
pemt_tight_junction	key_secondary	b	REACTOME_TIGHT_JUNCTION_INTERACTIONS	control	AC138466.1	6.246486351427322e-05	1	0
pemt_tight_junction	key_secondary	b	REACTOME_TIGHT_JUNCTION_INTERACTIONS	control	AC141273.1	6.246486351427322e-05	1	0
pemt_tight_junction	key_secondary	b	REACTOME_TIGHT_JUNCTION_INTERACTIONS	control	AC232271.1	0.006469111903795438	102	11
pemt_tight_junction	key_secondary	b	REACTOME_TIGHT_JUNCTION_INTERACTIONS	control	AC243830.1	0.0008745080891998253	14	5
pemt_tight_junction	key_secondary	b	REACTOME_TIGHT_JUNCTION_INTERACTIONS	control	AC244093.4	0.005283718199530055	86	10
pemt_tight_junction	key_secondary	b	REACTOME_TIGHT_JUNCTION_INTERACTIONS	control	AC244102.4	0.03990750766960608	489	15
pemt_tight_junction	key_secondary	b	REACTOME_TIGHT_JUNCTION_INTERACTIONS	control	AC244517.5	0.002167192350746549	35	8
pemt_tight_junction	key_secondary	b	REACTOME_TIGHT_JUNCTION_INTERACTIONS	control	ACTL6A	0.28966433946893794	3266	20
pemt_tight_junction	key_secondary	b	REACTOME_TIGHT_JUNCTION_INTERACTIONS	control	ADD3-AS1	0.31325341672779417	2730	21
pemt_tight_junction	key_secondary	b	REACTOME_TIGHT_JUNCTION_INTERACTIONS	control	ADGRL4	0.002076381200951945	128	8
pemt_tight_junction	key_secondary	b	REACTOME_TIGHT_JUNCTION_INTERACTIONS	control	ADTRP	0.05252456315989433	679	15
pemt_tight_junction	key_secondary	b	REACTOME_TIGHT_JUNCTION_INTERACTIONS	control	AF001550.1	0.0007495783621712787	11	5
pemt_tight_junction	key_secondary	b	REACTOME_TIGHT_JUNCTION_INTERACTIONS	control	AGTPBP1	0.8025942004552028	6302	23
pemt_tight_junction	key_secondary	b	REACTOME_TIGHT_JUNCTION_INTERACTIONS	control	AHCY	0.5976973676809608	4949	22
pemt_tight_junction	key_secondary	b	REACTOME_TIGHT_JUNCTION_INTERACTIONS	control	AKAIN1	0.004416766183962639	66	10
pemt_tight_junction	key_secondary	b	REACTOME_TIGHT_JUNCTION_INTERACTIONS	control	AL021707.7	0.0024414152154559688	40	8
pemt_tight_junction	key_secondary	b	REACTOME_TIGHT_JUNCTION_INTERACTIONS	control	AL022157.1	0.012244899984495917	190	12
pemt_tight_junction	key_secondary	b	REACTOME_TIGHT_JUNCTION_INTERACTIONS	control	AL022397.1	0.00018739459054281966	3	2
pemt_tight_junction	key_secondary	b	REACTOME_TIGHT_JUNCTION_INTERACTIONS	control	AL031123.2	0.008824757468850085	139	11
pemt_tight_junction	key_secondary	b	REACTOME_TIGHT_JUNCTION_INTERACTIONS	control	AL031846.2	0.008638831183944476	143	11
pemt_tight_junction	key_secondary	b	REACTOME_TIGHT_JUNCTION_INTERACTIONS	control	AL035696.1	6.246486351427322e-05	1	0
pemt_tight_junction	key_secondary	b	REACTOME_TIGHT_JUNCTION_INTERACTIONS	control	AL049780.2	0.018422765744917143	281	13
pemt_tight_junction	key_secondary	b	REACTOME_TIGHT_JUNCTION_INTERACTIONS	control	AL078582.1	6.246486351427322e-05	1	0
pemt_tight_junction	key_secondary	b	REACTOME_TIGHT_JUNCTION_INTERACTIONS	control	AL078612.2	6.246486351427322e-05	1	0
pemt_tight_junction	key_secondary	b	REACTOME_TIGHT_JUNCTION_INTERACTIONS	control	AL080273.1	0.00012492972702854644	2	2
pemt_tight_junction	key_secondary	b	REACTOME_TIGHT_JUNCTION_INTERACTIONS	control	AL109615.3	0.03640007814481457	483	14
pemt_tight_junction	key_secondary	b	REACTOME_TIGHT_JUNCTION_INTERACTIONS	control	AL117379.1	0.025453893079757067	395	14
pemt_tight_junction	key_secondary	b	REACTOME_TIGHT_JUNCTION_INTERACTIONS	control	AL121603.2	0.012120955880528656	189	12
pemt_tight_junction	key_secondary	b	REACTOME_TIGHT_JUNCTION_INTERACTIONS	control	AL121718.1	6.246486351427322e-05	1	0
pemt_tight_junction	key_secondary	b	REACTOME_TIGHT_JUNCTION_INTERACTIONS	control	AL121888.1	0.0008120432256855521	13	5
pemt_tight_junction	key_secondary	b	REACTOME_TIGHT_JUNCTION_INTERACTIONS	control	AL132799.1	6.246486351427322e-05	1	0
pemt_tight_junction	key_secondary	b	REACTOME_TIGHT_JUNCTION_INTERACTIONS	control	AL133367.1	0.014788121768763889	226	12
pemt_tight_junction	key_secondary	b	REACTOME_TIGHT_JUNCTION_INTERACTIONS	control	AL135791.1	0.014218567528546876	222	12
pemt_tight_junction	key_secondary	b	REACTOME_TIGHT_JUNCTION_INTERACTIONS	control	AL136298.1	0.006518194011078462	95	11
pemt_tight_junction	key_secondary	b	REACTOME_TIGHT_JUNCTION_INTERACTIONS	control	AL137077.2	0.009567402707651001	149	11
pemt_tight_junction	key_secondary	b	REACTOME_TIGHT_JUNCTION_INTERACTIONS	control	AL137781.1	0.008715728908782817	118	11
pemt_tight_junction	key_secondary	b	REACTOME_TIGHT_JUNCTION_INTERACTIONS	control	AL138955.1	0.010843459537008557	173	12
pemt_tight_junction	key_secondary	b	REACTOME_TIGHT_JUNCTION_INTERACTIONS	control	AL139420.1	6.246486351427322e-05	1	0
pemt_tight_junction	key_secondary	b	REACTOME_TIGHT_JUNCTION_INTERACTIONS	control	AL157871.4	0.040648202858439335	509	15
pemt_tight_junction	key_secondary	b	REACTOME_TIGHT_JUNCTION_INTERACTIONS	control	AL157911.1	0.03856052832560564	474	15
pemt_tight_junction	key_secondary	b	REACTOME_TIGHT_JUNCTION_INTERACTIONS	control	AL157944.1	0.0503938426451826	632	15
pemt_tight_junction	key_secondary	b	REACTOME_TIGHT_JUNCTION_INTERACTIONS	control	AL161640.2	6.246486351427322e-05	1	0
pemt_tight_junction	key_secondary	b	REACTOME_TIGHT_JUNCTION_INTERACTIONS	control	AL162258.2	0.017394639971895304	274	13
pemt_tight_junction	key_secondary	b	REACTOME_TIGHT_JUNCTION_INTERACTIONS	control	AL162586.1	0.022153531055222823	336	13
pemt_tight_junction	key_secondary	b	REACTOME_TIGHT_JUNCTION_INTERACTIONS	control	AL354740.1	0.04714087506089389	684	15
pemt_tight_junction	key_secondary	b	REACTOME_TIGHT_JUNCTION_INTERACTIONS	control	AL354950.2	0.0001849196034477387	3	2
pemt_tight_junction	key_secondary	b	REACTOME_TIGHT_JUNCTION_INTERACTIONS	control	AL355347.1	0.002775150276122485	45	8
pemt_tight_junction	key_secondary	b	REACTOME_TIGHT_JUNCTION_INTERACTIONS	control	AL355472.3	0.006420625802005006	101	11
pemt_tight_junction	key_secondary	b	REACTOME_TIGHT_JUNCTION_INTERACTIONS	control	AL355597.1	0.0008743448866263301	14	5
pemt_tight_junction	key_secondary	b	REACTOME_TIGHT_JUNCTION_INTERACTIONS	control	AL356020.1	0.0021751128024019586	37	8
pemt_tight_junction	key_secondary	b	REACTOME_TIGHT_JUNCTION_INTERACTIONS	control	AL356133.2	0.00018739459054281966	3	2
pemt_tight_junction	key_secondary	b	REACTOME_TIGHT_JUNCTION_INTERACTIONS	control	AL356807.1	0.0026715292617258838	34	8
pemt_tight_junction	key_secondary	b	REACTOME_TIGHT_JUNCTION_INTERACTIONS	control	AL357146.1	0.0008802400313532325	14	5
pemt_tight_junction	key_secondary	b	REACTOME_TIGHT_JUNCTION_INTERACTIONS	control	AL357153.1	0.00515872714029379	73	10
pemt_tight_junction	key_secondary	b	REACTOME_TIGHT_JUNCTION_INTERACTIONS	control	AL358781.1	0.02106524266996494	326	13
pemt_tight_junction	key_secondary	b	REACTOME_TIGHT_JUNCTION_INTERACTIONS	control	AL359555.4	0.0007159843481460466	12	5
pemt_tight_junction	key_secondary	b	REACTOME_TIGHT_JUNCTION_INTERACTIONS	control	AL359878.1	0.03677817379574216	538	14
pemt_tight_junction	key_secondary	b	REACTOME_TIGHT_JUNCTION_INTERACTIONS	control	AL360012.1	0.016584605393697747	257	13
pemt_tight_junction	key_secondary	b	REACTOME_TIGHT_JUNCTION_INTERACTIONS	control	AL391730.2	0.0002498594540570929	4	2
pemt_tight_junction	key_secondary	b	REACTOME_TIGHT_JUNCTION_INTERACTIONS	control	AL442071.1	0.008385739174794045	135	11
pemt_tight_junction	key_secondary	b	REACTOME_TIGHT_JUNCTION_INTERACTIONS	control	AL450326.3	0.0008120432256855521	13	5
pemt_tight_junction	key_secondary	b	REACTOME_TIGHT_JUNCTION_INTERACTIONS	control	AL499602.1	0.04307281702163029	622	15
pemt_tight_junction	key_secondary	b	REACTOME_TIGHT_JUNCTION_INTERACTIONS	control	AL512288.1	0.01888045699690675	288	13
pemt_tight_junction	key_secondary	b	REACTOME_TIGHT_JUNCTION_INTERACTIONS	control	AL589826.2	0.00018739459054281966	3	2
pemt_tight_junction	key_secondary	b	REACTOME_TIGHT_JUNCTION_INTERACTIONS	control	AL590867.1	0.0028328890579765007	47	8
pemt_tight_junction	key_secondary	b	REACTOME_TIGHT_JUNCTION_INTERACTIONS	control	AL591518.1	0.014233504061692801	214	12
pemt_tight_junction	key_secondary	b	REACTOME_TIGHT_JUNCTION_INTERACTIONS	control	AL591806.1	0.0007466740310061797	11	5
pemt_tight_junction	key_secondary	b	REACTOME_TIGHT_JUNCTION_INTERACTIONS	control	AL596330.1	0.00012492972702855427	3	2
pemt_tight_junction	key_secondary	b	REACTOME_TIGHT_JUNCTION_INTERACTIONS	control	AL627309.5	0.02566022613492506	391	14
pemt_tight_junction	key_secondary	b	REACTOME_TIGHT_JUNCTION_INTERACTIONS	control	AL691515.2	6.246486351427322e-05	1	0
pemt_tight_junction	key_secondary	b	REACTOME_TIGHT_JUNCTION_INTERACTIONS	control	ALDH1A3	0.015189427821232922	225	13
pemt_tight_junction	key_secondary	b	REACTOME_TIGHT_JUNCTION_INTERACTIONS	control	ALKBH5	0.17804152919638633	2187	19
pemt_tight_junction	key_secondary	b	REACTOME_TIGHT_JUNCTION_INTERACTIONS	control	ALOX12-AS1	0.2286612525451069	2801	20
pemt_tight_junction	key_secondary	b	REACTOME_TIGHT_JUNCTION_INTERACTIONS	control	AMDHD1	0.008800599077847126	138	11
pemt_tight_junction	key_secondary	b	REACTOME_TIGHT_JUNCTION_INTERACTIONS	control	ANKRD6	0.03458098226773519	467	14
pemt_tight_junction	key_secondary	b	REACTOME_TIGHT_JUNCTION_INTERACTIONS	control	ANXA3	0.8110883134809391	5962	23
pemt_tight_junction	key_secondary	b	REACTOME_TIGHT_JUNCTION_INTERACTIONS	control	AP000424.1	0.005615356450893687	79	10
pemt_tight_junction	key_secondary	b	REACTOME_TIGHT_JUNCTION_INTERACTIONS	control	AP000766.1	0.029725004492741895	461	14
pemt_tight_junction	key_secondary	b	REACTOME_TIGHT_JUNCTION_INTERACTIONS	control	AP001021.3	0.106371639879385	1045	17
pemt_tight_junction	key_secondary	b	REACTOME_TIGHT_JUNCTION_INTERACTIONS	control	AP001372.3	0.004385665154961952	69	10
pemt_tight_junction	key_secondary	b	REACTOME_TIGHT_JUNCTION_INTERACTIONS	control	AP001496.4	0.0026235242675994746	35	8
pemt_tight_junction	key_secondary	b	REACTOME_TIGHT_JUNCTION_INTERACTIONS	control	AP002761.4	0.004478969790813541	70	10
pemt_tight_junction	key_secondary	b	REACTOME_TIGHT_JUNCTION_INTERACTIONS	control	AP003049.2	0.002417545748185875	41	8
pemt_tight_junction	key_secondary	b	REACTOME_TIGHT_JUNCTION_INTERACTIONS	control	AP004608.1	0.26181273282344975	3092	20
pemt_tight_junction	key_secondary	b	REACTOME_TIGHT_JUNCTION_INTERACTIONS	control	AP005136.4	0.0022371865702387286	39	8
pemt_tight_junction	key_secondary	b	REACTOME_TIGHT_JUNCTION_INTERACTIONS	control	AP005209.1	0.00018550197087338597	3	2
pemt_tight_junction	key_secondary	b	REACTOME_TIGHT_JUNCTION_INTERACTIONS	control	AP005329.2	0.03117232968965231	442	14
pemt_tight_junction	key_secondary	b	REACTOME_TIGHT_JUNCTION_INTERACTIONS	control	AP006261.1	0.01011190877237209	157	12
pemt_tight_junction	key_secondary	b	REACTOME_TIGHT_JUNCTION_INTERACTIONS	control	AP006748.2	0.00529221338233611	83	10
pemt_tight_junction	key_secondary	b	REACTOME_TIGHT_JUNCTION_INTERACTIONS	control	APBB2	2.2774695768981275	8883	24
pemt_tight_junction	key_secondary	b	REACTOME_TIGHT_JUNCTION_INTERACTIONS	control	APH1A	0.2793583817530098	3155	20
pemt_tight_junction	key_secondary	b	REACTOME_TIGHT_JUNCTION_INTERACTIONS	control	APOBEC3B	0.006862846236366241	104	11
pemt_tight_junction	key_secondary	b	REACTOME_TIGHT_JUNCTION_INTERACTIONS	control	APOBEC3D	0.00938796949599564	168	11
pemt_tight_junction	key_secondary	b	REACTOME_TIGHT_JUNCTION_INTERACTIONS	control	APTX	0.6101204325461943	5788	22
pemt_tight_junction	key_secondary	b	REACTOME_TIGHT_JUNCTION_INTERACTIONS	control	ARHGEF1	0.24204912779202212	3052	20
pemt_tight_junction	key_secondary	b	REACTOME_TIGHT_JUNCTION_INTERACTIONS	control	ARHGEF26	0.11375153091162471	1476	17
pemt_tight_junction	key_secondary	b	REACTOME_TIGHT_JUNCTION_INTERACTIONS	control	ARHGEF26-AS1	0.045513209043254135	545	15
pemt_tight_junction	key_secondary	b	REACTOME_TIGHT_JUNCTION_INTERACTIONS	control	ARHGEF5	0.11684875371298409	1622	17
pemt_tight_junction	key_secondary	b	REACTOME_TIGHT_JUNCTION_INTERACTIONS	control	ARID3A	0.78062879672387	6003	23
pemt_tight_junction	key_secondary	b	REACTOME_TIGHT_JUNCTION_INTERACTIONS	control	ARL17A	0.4113734251994607	4159	21
pemt_tight_junction	key_secondary	b	REACTOME_TIGHT_JUNCTION_INTERACTIONS	control	ARMC5	0.029453886728818712	459	14
pemt_tight_junction	key_secondary	b	REACTOME_TIGHT_JUNCTION_INTERACTIONS	control	ARMT1	0.0840212838685047	1155	17
pemt_tight_junction	key_secondary	b	REACTOME_TIGHT_JUNCTION_INTERACTIONS	control	ASB14	0.007668602894006151	119	11
pemt_tight_junction	key_secondary	b	REACTOME_TIGHT_JUNCTION_INTERACTIONS	control	ASPG	0.008806798165679551	144	11
pemt_tight_junction	key_secondary	b	REACTOME_TIGHT_JUNCTION_INTERACTIONS	control	ATIC	0.49169937216429116	4821	22
pemt_tight_junction	key_secondary	b	REACTOME_TIGHT_JUNCTION_INTERACTIONS	control	ATP11C	0.7123838666303118	5976	23
pemt_tight_junction	key_secondary	b	REACTOME_TIGHT_JUNCTION_INTERACTIONS	control	ATXN2	1.8081625706065758	10225	24
pemt_tight_junction	key_secondary	b	REACTOME_TIGHT_JUNCTION_INTERACTIONS	control	B4GALT5	1.8943198166037885	9986	24
pemt_tight_junction	key_secondary	b	REACTOME_TIGHT_JUNCTION_INTERACTIONS	control	BAX	0.2377120638442476	2735	20
pemt_tight_junction	key_secondary	b	REACTOME_TIGHT_JUNCTION_INTERACTIONS	control	BCKDHA	0.10091782129639677	1391	17
pemt_tight_junction	key_secondary	b	REACTOME_TIGHT_JUNCTION_INTERACTIONS	control	BCL2L1	0.7997404478559689	6125	23
pemt_tight_junction	key_secondary	b	REACTOME_TIGHT_JUNCTION_INTERACTIONS	control	BEND2	0.0007402008861625387	12	5
pemt_tight_junction	key_secondary	b	REACTOME_TIGHT_JUNCTION_INTERACTIONS	control	BOK-AS1	0.016591776829536123	223	13
pemt_tight_junction	key_secondary	b	REACTOME_TIGHT_JUNCTION_INTERACTIONS	control	BTN3A1	0.20362422733454566	2550	19
pemt_tight_junction	key_secondary	b	REACTOME_TIGHT_JUNCTION_INTERACTIONS	control	C10ORF99	0.2472897182026808	2634	20
pemt_tight_junction	key_secondary	b	REACTOME_TIGHT_JUNCTION_INTERACTIONS	control	C11ORF53	0.009371655216237288	107	11
pemt_tight_junction	key_secondary	b	REACTOME_TIGHT_JUNCTION_INTERACTIONS	control	C16ORF70	0.18830854549898815	2456	19
pemt_tight_junction	key_secondary	b	REACTOME_TIGHT_JUNCTION_INTERACTIONS	control	C19ORF38	0.010150686262208141	154	12
pemt_tight_junction	key_secondary	b	REACTOME_TIGHT_JUNCTION_INTERACTIONS	control	C19ORF53	0.30007395470333714	3206	20
pemt_tight_junction	key_secondary	b	REACTOME_TIGHT_JUNCTION_INTERACTIONS	control	C1ORF167	0.0022991847516118913	39	8
pemt_tight_junction	key_secondary	b	REACTOME_TIGHT_JUNCTION_INTERACTIONS	control	C2ORF27A	0.31731141349317565	3279	21
pemt_tight_junction	key_secondary	b	REACTOME_TIGHT_JUNCTION_INTERACTIONS	control	C3	0.010480893696377305	490	12
pemt_tight_junction	key_secondary	b	REACTOME_TIGHT_JUNCTION_INTERACTIONS	control	C9ORF50	0.02277790020121143	350	13
pemt_tight_junction	key_secondary	b	REACTOME_TIGHT_JUNCTION_INTERACTIONS	control	C9ORF72	0.32393905447278426	3918	21
pemt_tight_junction	key_secondary	b	REACTOME_TIGHT_JUNCTION_INTERACTIONS	control	CA9	0.2710773500528524	1868	20
pemt_tight_junction	key_secondary	b	REACTOME_TIGHT_JUNCTION_INTERACTIONS	control	CALCOCO2	0.4182455429720174	4539	21
pemt_tight_junction	key_secondary	b	REACTOME_TIGHT_JUNCTION_INTERACTIONS	control	CAPN5	0.27273716427443045	3222	20
pemt_tight_junction	key_secondary	b	REACTOME_TIGHT_JUNCTION_INTERACTIONS	control	CARD18	0.009681990408898881	119	11
pemt_tight_junction	key_secondary	b	REACTOME_TIGHT_JUNCTION_INTERACTIONS	control	CATIP-AS2	0.015429205060176438	236	13
pemt_tight_junction	key_secondary	b	REACTOME_TIGHT_JUNCTION_INTERACTIONS	control	CBX3	1.09045719218377	8179	23
pemt_tight_junction	key_secondary	b	REACTOME_TIGHT_JUNCTION_INTERACTIONS	control	CCDC110	0.011692130811001924	172	12
pemt_tight_junction	key_secondary	b	REACTOME_TIGHT_JUNCTION_INTERACTIONS	control	CCDC171	0.4048918333325524	3825	21
pemt_tight_junction	key_secondary	b	REACTOME_TIGHT_JUNCTION_INTERACTIONS	control	CCDC173	0.01876601425104627	257	13
pemt_tight_junction	key_secondary	b	REACTOME_TIGHT_JUNCTION_INTERACTIONS	control	CCDC30	0.16234005814050173	1953	19
pemt_tight_junction	key_secondary	b	REACTOME_TIGHT_JUNCTION_INTERACTIONS	control	CCDC38	0.005978477589268992	95	10
pemt_tight_junction	key_secondary	b	REACTOME_TIGHT_JUNCTION_INTERACTIONS	control	CCDC51	0.056281501073007466	815	15
pemt_tight_junction	key_secondary	b	REACTOME_TIGHT_JUNCTION_INTERACTIONS	control	CCDC62	0.019402920609672008	274	13
pemt_tight_junction	key_secondary	b	REACTOME_TIGHT_JUNCTION_INTERACTIONS	control	CCDC85A	0.014174148057337242	181	12
pemt_tight_junction	key_secondary	b	REACTOME_TIGHT_JUNCTION_INTERACTIONS	control	CCT4	0.6980115559592708	5850	23
pemt_tight_junction	key_secondary	b	REACTOME_TIGHT_JUNCTION_INTERACTIONS	control	CD177	0.0006654536356180945	12	5
pemt_tight_junction	key_secondary	b	REACTOME_TIGHT_JUNCTION_INTERACTIONS	control	CD44-AS1	0.020016675342722105	313	13
pemt_tight_junction	key_secondary	b	REACTOME_TIGHT_JUNCTION_INTERACTIONS	control	CD70	0.01340400990768639	192	12
pemt_tight_junction	key_secondary	b	REACTOME_TIGHT_JUNCTION_INTERACTIONS	control	CDC37	0.5980789633129772	5964	22
pemt_tight_junction	key_secondary	b	REACTOME_TIGHT_JUNCTION_INTERACTIONS	control	CDK12	0.7928612770917459	7074	23
pemt_tight_junction	key_secondary	b	REACTOME_TIGHT_JUNCTION_INTERACTIONS	control	CDK20	0.012200626925642034	196	12
pemt_tight_junction	key_secondary	b	REACTOME_TIGHT_JUNCTION_INTERACTIONS	control	CEACAM21	0.004523630848411803	88	10
pemt_tight_junction	key_secondary	b	REACTOME_TIGHT_JUNCTION_INTERACTIONS	control	CEACAM6	4.125625515961102	9585	24
pemt_tight_junction	key_secondary	b	REACTOME_TIGHT_JUNCTION_INTERACTIONS	control	CEBPZOS	0.31993730783134966	3725	21
pemt_tight_junction	key_secondary	b	REACTOME_TIGHT_JUNCTION_INTERACTIONS	control	CENPK	0.328783277446158	2488	21
pemt_tight_junction	key_secondary	b	REACTOME_TIGHT_JUNCTION_INTERACTIONS	control	CENPT	0.08687671993128596	1239	17
pemt_tight_junction	key_secondary	b	REACTOME_TIGHT_JUNCTION_INTERACTIONS	control	CENPX	0.22877444206152917	2702	20
pemt_tight_junction	key_secondary	b	REACTOME_TIGHT_JUNCTION_INTERACTIONS	control	CERNA2	0.035372096118805464	462	14
pemt_tight_junction	key_secondary	b	REACTOME_TIGHT_JUNCTION_INTERACTIONS	control	CFAP46	0.006410236893740305	91	10
pemt_tight_junction	key_secondary	b	REACTOME_TIGHT_JUNCTION_INTERACTIONS	control	CFDP1	1.076099461965272	7923	23
pemt_tight_junction	key_secondary	b	REACTOME_TIGHT_JUNCTION_INTERACTIONS	control	CFP	0.002340501385357018	43	8
pemt_tight_junction	key_secondary	b	REACTOME_TIGHT_JUNCTION_INTERACTIONS	control	CHD5	0.004914944403786165	78	10
pemt_tight_junction	key_secondary	b	REACTOME_TIGHT_JUNCTION_INTERACTIONS	control	CHKA	0.7816862565333742	6155	23
pemt_tight_junction	key_secondary	b	REACTOME_TIGHT_JUNCTION_INTERACTIONS	control	CHPF	0.16842762424353244	2030	19
pemt_tight_junction	key_secondary	b	REACTOME_TIGHT_JUNCTION_INTERACTIONS	control	CHRDL2	0.0008329788926942142	17	5
pemt_tight_junction	key_secondary	b	REACTOME_TIGHT_JUNCTION_INTERACTIONS	control	CHRNA5	0.08673388000073413	1145	17
pemt_tight_junction	key_secondary	b	REACTOME_TIGHT_JUNCTION_INTERACTIONS	control	CHRNA7	0.03934500770928063	490	15
pemt_tight_junction	key_secondary	b	REACTOME_TIGHT_JUNCTION_INTERACTIONS	control	CLCA2	0.000669706701018599	11	5
pemt_tight_junction	key_secondary	b	REACTOME_TIGHT_JUNCTION_INTERACTIONS	control	CLCN7	0.23969369876897773	3100	20
pemt_tight_junction	key_secondary	b	REACTOME_TIGHT_JUNCTION_INTERACTIONS	control	CLNS1A	0.715116008469269	6337	23
pemt_tight_junction	key_secondary	b	REACTOME_TIGHT_JUNCTION_INTERACTIONS	control	CLSPN	0.1130560152058122	1184	17
pemt_tight_junction	key_secondary	b	REACTOME_TIGHT_JUNCTION_INTERACTIONS	control	CLTB	0.3011462668526949	3260	21
pemt_tight_junction	key_secondary	b	REACTOME_TIGHT_JUNCTION_INTERACTIONS	control	CNTFR	0.016538044940048482	227	13
pemt_tight_junction	key_secondary	b	REACTOME_TIGHT_JUNCTION_INTERACTIONS	control	COA4	0.30495282858880063	3409	21
pemt_tight_junction	key_secondary	b	REACTOME_TIGHT_JUNCTION_INTERACTIONS	control	COX6C	1.7371373590854746	9023	24
pemt_tight_junction	key_secondary	b	REACTOME_TIGHT_JUNCTION_INTERACTIONS	control	CPXM2	0.02088295955561607	263	13
pemt_tight_junction	key_secondary	b	REACTOME_TIGHT_JUNCTION_INTERACTIONS	control	CRIPAK	0.04647347713605456	712	15
pemt_tight_junction	key_secondary	b	REACTOME_TIGHT_JUNCTION_INTERACTIONS	control	CSNK1G1	0.8096538688928167	6965	23
pemt_tight_junction	key_secondary	b	REACTOME_TIGHT_JUNCTION_INTERACTIONS	control	CSRP3	0.0008732668426707161	14	5
pemt_tight_junction	key_secondary	b	REACTOME_TIGHT_JUNCTION_INTERACTIONS	control	CTBP1	0.255726032484493	3164	20
pemt_tight_junction	key_secondary	b	REACTOME_TIGHT_JUNCTION_INTERACTIONS	control	CTDSPL	1.2848974968434044	7961	24
pemt_tight_junction	key_secondary	b	REACTOME_TIGHT_JUNCTION_INTERACTIONS	control	CTSF	0.04002757804324745	598	15
pemt_tight_junction	key_secondary	b	REACTOME_TIGHT_JUNCTION_INTERACTIONS	control	CTSZ	0.38565193255703023	4175	21
pemt_tight_junction	key_secondary	b	REACTOME_TIGHT_JUNCTION_INTERACTIONS	control	CU633967.1	0.00827365514228163	128	11
pemt_tight_junction	key_secondary	b	REACTOME_TIGHT_JUNCTION_INTERACTIONS	control	CX3CL1	0.04093913942597787	470	15
pemt_tight_junction	key_secondary	b	REACTOME_TIGHT_JUNCTION_INTERACTIONS	control	CXORF58	0.002276764407685526	36	8
pemt_tight_junction	key_secondary	b	REACTOME_TIGHT_JUNCTION_INTERACTIONS	control	CYB5A	0.29050836973443755	3420	20
pemt_tight_junction	key_secondary	b	REACTOME_TIGHT_JUNCTION_INTERACTIONS	control	CYBB	0.011887770802742198	438	12
pemt_tight_junction	key_secondary	b	REACTOME_TIGHT_JUNCTION_INTERACTIONS	control	CYLC2	6.246486351427322e-05	1	0
pemt_tight_junction	key_secondary	b	REACTOME_TIGHT_JUNCTION_INTERACTIONS	control	CYSLTR1	0.002196283466255036	89	8
pemt_tight_junction	key_secondary	b	REACTOME_TIGHT_JUNCTION_INTERACTIONS	control	CYTH1	0.5276271272133061	5469	22
pemt_tight_junction	key_secondary	b	REACTOME_TIGHT_JUNCTION_INTERACTIONS	control	DAGLA	0.10487796903751151	1436	17
pemt_tight_junction	key_secondary	b	REACTOME_TIGHT_JUNCTION_INTERACTIONS	control	DCAF1	0.4468602660788128	4606	22
pemt_tight_junction	key_secondary	b	REACTOME_TIGHT_JUNCTION_INTERACTIONS	control	DCBLD2	0.35922947947723183	3038	21
pemt_tight_junction	key_secondary	b	REACTOME_TIGHT_JUNCTION_INTERACTIONS	control	DCUN1D2-AS	0.01260863360790334	195	12
pemt_tight_junction	key_secondary	b	REACTOME_TIGHT_JUNCTION_INTERACTIONS	control	DDAH1	1.337354270814987	8533	24
pemt_tight_junction	key_secondary	b	REACTOME_TIGHT_JUNCTION_INTERACTIONS	control	DDIT4L	0.0020331971999356705	26	8
pemt_tight_junction	key_secondary	b	REACTOME_TIGHT_JUNCTION_INTERACTIONS	control	DDX5	1.7044644731593332	9410	24
pemt_tight_junction	key_secondary	b	REACTOME_TIGHT_JUNCTION_INTERACTIONS	control	DDX53	0.0008333421444504179	14	5
pemt_tight_junction	key_secondary	b	REACTOME_TIGHT_JUNCTION_INTERACTIONS	control	DDX55	0.2557097143456423	3075	20
pemt_tight_junction	key_secondary	b	REACTOME_TIGHT_JUNCTION_INTERACTIONS	control	DEFB104A	6.246486351427322e-05	1	0
pemt_tight_junction	key_secondary	b	REACTOME_TIGHT_JUNCTION_INTERACTIONS	control	DGAT1	0.4060667282719331	4168	21
pemt_tight_junction	key_secondary	b	REACTOME_TIGHT_JUNCTION_INTERACTIONS	control	DHDDS	0.2080974247641906	2622	19
pemt_tight_junction	key_secondary	b	REACTOME_TIGHT_JUNCTION_INTERACTIONS	control	DHRSX	1.1744421569938683	8030	24
pemt_tight_junction	key_secondary	b	REACTOME_TIGHT_JUNCTION_INTERACTIONS	control	DHTKD1	0.23969171904327674	2811	20
pemt_tight_junction	key_secondary	b	REACTOME_TIGHT_JUNCTION_INTERACTIONS	control	DHX30	0.3224714105703653	3673	21
pemt_tight_junction	key_secondary	b	REACTOME_TIGHT_JUNCTION_INTERACTIONS	control	DHX9	1.0173070785464513	7646	23
pemt_tight_junction	key_secondary	b	REACTOME_TIGHT_JUNCTION_INTERACTIONS	control	DKKL1	0.002431630455313516	38	8
pemt_tight_junction	key_secondary	b	REACTOME_TIGHT_JUNCTION_INTERACTIONS	control	DLEU1	9.567820282158596	14484	24
pemt_tight_junction	key_secondary	b	REACTOME_TIGHT_JUNCTION_INTERACTIONS	control	DLGAP1	0.16421077136704026	1520	19
pemt_tight_junction	key_secondary	b	REACTOME_TIGHT_JUNCTION_INTERACTIONS	control	DMRT3	0.000809437584196414	12	5
pemt_tight_junction	key_secondary	b	REACTOME_TIGHT_JUNCTION_INTERACTIONS	control	DNAH14	3.391968589489592	9697	24
pemt_tight_junction	key_secondary	b	REACTOME_TIGHT_JUNCTION_INTERACTIONS	control	DOP1B	0.586752809929931	5550	22
pemt_tight_junction	key_secondary	b	REACTOME_TIGHT_JUNCTION_INTERACTIONS	control	DOT1L	0.23357331941729273	2900	20
pemt_tight_junction	key_secondary	b	REACTOME_TIGHT_JUNCTION_INTERACTIONS	control	DPH1	0.03926518800718973	605	15
pemt_tight_junction	key_secondary	b	REACTOME_TIGHT_JUNCTION_INTERACTIONS	control	DSC1	0.002115471495315549	34	8
pemt_tight_junction	key_secondary	b	REACTOME_TIGHT_JUNCTION_INTERACTIONS	control	DUS1L	0.3615056746821697	3829	21
pemt_tight_junction	key_secondary	b	REACTOME_TIGHT_JUNCTION_INTERACTIONS	control	DYDC1	0.0008275052286473688	13	5
pemt_tight_junction	key_secondary	b	REACTOME_TIGHT_JUNCTION_INTERACTIONS	control	E2F5	0.4312536430482495	4285	22
pemt_tight_junction	key_secondary	b	REACTOME_TIGHT_JUNCTION_INTERACTIONS	control	EBAG9	0.28053614765068696	3235	20
pemt_tight_junction	key_secondary	b	REACTOME_TIGHT_JUNCTION_INTERACTIONS	control	ECHDC1	0.7451857512340804	6430	23
pemt_tight_junction	key_secondary	b	REACTOME_TIGHT_JUNCTION_INTERACTIONS	control	EDA	0.6098002312787875	3228	22
pemt_tight_junction	key_secondary	b	REACTOME_TIGHT_JUNCTION_INTERACTIONS	control	EDNRB-AS1	0.0027641683011204146	48	8
pemt_tight_junction	key_secondary	b	REACTOME_TIGHT_JUNCTION_INTERACTIONS	control	EFHB	0.015811851182640144	243	13
pemt_tight_junction	key_secondary	b	REACTOME_TIGHT_JUNCTION_INTERACTIONS	control	EFNA2	0.10699333363614687	1373	17
pemt_tight_junction	key_secondary	b	REACTOME_TIGHT_JUNCTION_INTERACTIONS	control	EHHADH	0.16561993057972516	1977	19
pemt_tight_junction	key_secondary	b	REACTOME_TIGHT_JUNCTION_INTERACTIONS	control	EIF3G	0.3908573156986551	3774	21
pemt_tight_junction	key_secondary	b	REACTOME_TIGHT_JUNCTION_INTERACTIONS	control	EIF4G2	1.0696744549091228	7708	23
pemt_tight_junction	key_secondary	b	REACTOME_TIGHT_JUNCTION_INTERACTIONS	control	EIF5B	1.4399478558195662	8822	24
pemt_tight_junction	key_secondary	b	REACTOME_TIGHT_JUNCTION_INTERACTIONS	control	ELFN1	0.0085616085534863	140	11
pemt_tight_junction	key_secondary	b	REACTOME_TIGHT_JUNCTION_INTERACTIONS	control	ELFN1-AS1	0.039513007436524444	534	15
pemt_tight_junction	key_secondary	b	REACTOME_TIGHT_JUNCTION_INTERACTIONS	control	ELL	0.17300138236008067	2386	19
pemt_tight_junction	key_secondary	b	REACTOME_TIGHT_JUNCTION_INTERACTIONS	control	ELN	0.010145171661359148	224	12
pemt_tight_junction	key_secondary	b	REACTOME_TIGHT_JUNCTION_INTERACTIONS	control	EMC4	0.18546111601283186	2364	19
pemt_tight_junction	key_secondary	b	REACTOME_TIGHT_JUNCTION_INTERACTIONS	control	EMP2	0.7727505470613767	5666	23
pemt_tight_junction	key_secondary	b	REACTOME_TIGHT_JUNCTION_INTERACTIONS	control	ENDOV	0.0972786981665266	1406	17
pemt_tight_junction	key_secondary	b	REACTOME_TIGHT_JUNCTION_INTERACTIONS	control	ENOPH1	0.2263576969996752	2708	20
pemt_tight_junction	key_secondary	b	REACTOME_TIGHT_JUNCTION_INTERACTIONS	control	ENTPD5	0.3228374924321063	3583	21
pemt_tight_junction	key_secondary	b	REACTOME_TIGHT_JUNCTION_INTERACTIONS	control	ERBB4	0.018209590782354144	232	13
pemt_tight_junction	key_secondary	b	REACTOME_TIGHT_JUNCTION_INTERACTIONS	control	ERCC2	0.08336281185557018	1178	17
pemt_tight_junction	key_secondary	b	REACTOME_TIGHT_JUNCTION_INTERACTIONS	control	ERICH4	0.0009012130289865886	14	5
pemt_tight_junction	key_secondary	b	REACTOME_TIGHT_JUNCTION_INTERACTIONS	control	ESF1	1.277048460674268	8381	24
pemt_tight_junction	key_secondary	b	REACTOME_TIGHT_JUNCTION_INTERACTIONS	control	ESYT3	0.025166960050450736	340	14
pemt_tight_junction	key_secondary	b	REACTOME_TIGHT_JUNCTION_INTERACTIONS	control	ETFB	0.503410159929067	4145	22
pemt_tight_junction	key_secondary	b	REACTOME_TIGHT_JUNCTION_INTERACTIONS	control	ETNK1	2.0958555553957186	10347	24
pemt_tight_junction	key_secondary	b	REACTOME_TIGHT_JUNCTION_INTERACTIONS	control	ETV2	0.005733236064543929	89	10
pemt_tight_junction	key_secondary	b	REACTOME_TIGHT_JUNCTION_INTERACTIONS	control	EWSAT1	0.0028669385826932433	43	8
pemt_tight_junction	key_secondary	b	REACTOME_TIGHT_JUNCTION_INTERACTIONS	control	EXO5	0.021649016733954075	335	13
pemt_tight_junction	key_secondary	b	REACTOME_TIGHT_JUNCTION_INTERACTIONS	control	EXOC6	0.6791582988638262	5727	23
pemt_tight_junction	key_secondary	b	REACTOME_TIGHT_JUNCTION_INTERACTIONS	control	EXOG	0.27024506692310346	3194	20
pemt_tight_junction	key_secondary	b	REACTOME_TIGHT_JUNCTION_INTERACTIONS	control	EXT1	6.864405033087136	13604	24
pemt_tight_junction	key_secondary	b	REACTOME_TIGHT_JUNCTION_INTERACTIONS	control	F12	0.09310389734705499	1165	17
pemt_tight_junction	key_secondary	b	REACTOME_TIGHT_JUNCTION_INTERACTIONS	control	F7	0.004579441497056188	74	10
pemt_tight_junction	key_secondary	b	REACTOME_TIGHT_JUNCTION_INTERACTIONS	control	FAM13A-AS1	0.0440832865782521	694	15
pemt_tight_junction	key_secondary	b	REACTOME_TIGHT_JUNCTION_INTERACTIONS	control	FAM163B	6.142785662501043e-05	3	0
pemt_tight_junction	key_secondary	b	REACTOME_TIGHT_JUNCTION_INTERACTIONS	control	FAR2	1.420334240447368	8776	24
pemt_tight_junction	key_secondary	b	REACTOME_TIGHT_JUNCTION_INTERACTIONS	control	FBXW9	0.04198428987153608	621	15
pemt_tight_junction	key_secondary	b	REACTOME_TIGHT_JUNCTION_INTERACTIONS	control	FCHSD1	0.041278814568020114	655	15
pemt_tight_junction	key_secondary	b	REACTOME_TIGHT_JUNCTION_INTERACTIONS	control	FCN2	8.60209910086164e-18	2	0
pemt_tight_junction	key_secondary	b	REACTOME_TIGHT_JUNCTION_INTERACTIONS	control	FER1L6-AS2	0.029186542476166925	307	14
pemt_tight_junction	key_secondary	b	REACTOME_TIGHT_JUNCTION_INTERACTIONS	control	FIGNL2	0.0021717068096693258	40	8
pemt_tight_junction	key_secondary	b	REACTOME_TIGHT_JUNCTION_INTERACTIONS	control	FOXG1-AS1	0.00942248903139071	134	11
pemt_tight_junction	key_secondary	b	REACTOME_TIGHT_JUNCTION_INTERACTIONS	control	FP236241.1	0.008792038841498949	137	11
pemt_tight_junction	key_secondary	b	REACTOME_TIGHT_JUNCTION_INTERACTIONS	control	FP700111.1	0.004955966156600855	84	10
pemt_tight_junction	key_secondary	b	REACTOME_TIGHT_JUNCTION_INTERACTIONS	control	FSCN3	0.004933956855762246	77	10
pemt_tight_junction	key_secondary	b	REACTOME_TIGHT_JUNCTION_INTERACTIONS	control	FUZ	0.013675140600320497	218	12
pemt_tight_junction	key_secondary	b	REACTOME_TIGHT_JUNCTION_INTERACTIONS	control	FZD10-AS1	0.017808490749212393	245	13
pemt_tight_junction	key_secondary	b	REACTOME_TIGHT_JUNCTION_INTERACTIONS	control	GALNTL6	0.016142724890854724	238	13
pemt_tight_junction	key_secondary	b	REACTOME_TIGHT_JUNCTION_INTERACTIONS	control	GAN	0.48381467091984387	4651	22
pemt_tight_junction	key_secondary	b	REACTOME_TIGHT_JUNCTION_INTERACTIONS	control	GCA	0.23566858321232792	2967	20
pemt_tight_junction	key_secondary	b	REACTOME_TIGHT_JUNCTION_INTERACTIONS	control	GCFC2	0.32300629320869456	3553	21
pemt_tight_junction	key_secondary	b	REACTOME_TIGHT_JUNCTION_INTERACTIONS	control	GID8	0.45362121600245037	4561	22
pemt_tight_junction	key_secondary	b	REACTOME_TIGHT_JUNCTION_INTERACTIONS	control	GIMAP2	0.02407632067402118	397	14
pemt_tight_junction	key_secondary	b	REACTOME_TIGHT_JUNCTION_INTERACTIONS	control	GLRX3	0.619786767645653	5608	22
pemt_tight_junction	key_secondary	b	REACTOME_TIGHT_JUNCTION_INTERACTIONS	control	GLT8D2	0.002329709315134409	67	8
pemt_tight_junction	key_secondary	b	REACTOME_TIGHT_JUNCTION_INTERACTIONS	control	GLUL	0.273859397633571	3571	20
pemt_tight_junction	key_secondary	b	REACTOME_TIGHT_JUNCTION_INTERACTIONS	control	GMDS-DT	3.023597327187283	11797	24
pemt_tight_junction	key_secondary	b	REACTOME_TIGHT_JUNCTION_INTERACTIONS	control	GNAZ	0.010944206901236705	166	12
pemt_tight_junction	key_secondary	b	REACTOME_TIGHT_JUNCTION_INTERACTIONS	control	GNG12	1.2313043617116586	8672	24
pemt_tight_junction	key_secondary	b	REACTOME_TIGHT_JUNCTION_INTERACTIONS	control	GOLGA8R	0.0025430167292539276	44	8
pemt_tight_junction	key_secondary	b	REACTOME_TIGHT_JUNCTION_INTERACTIONS	control	GP2	0.0007992190084255451	12	5
pemt_tight_junction	key_secondary	b	REACTOME_TIGHT_JUNCTION_INTERACTIONS	control	GPR171	0.00018768391818588763	122	2
pemt_tight_junction	key_secondary	b	REACTOME_TIGHT_JUNCTION_INTERACTIONS	control	GPR82	0.035098691588376196	528	14
pemt_tight_junction	key_secondary	b	REACTOME_TIGHT_JUNCTION_INTERACTIONS	control	GTF2E1	0.08488773832732785	1181	17
pemt_tight_junction	key_secondary	b	REACTOME_TIGHT_JUNCTION_INTERACTIONS	control	GTF3C1	0.26550101883533966	3332	20
pemt_tight_junction	key_secondary	b	REACTOME_TIGHT_JUNCTION_INTERACTIONS	control	GTPBP8	0.0958136790372407	1361	17
pemt_tight_junction	key_secondary	b	REACTOME_TIGHT_JUNCTION_INTERACTIONS	control	GUCY1A2	0.025673323034033826	305	14
pemt_tight_junction	key_secondary	b	REACTOME_TIGHT_JUNCTION_INTERACTIONS	control	GYPB	0.000867850463717545	14	5
pemt_tight_junction	key_secondary	b	REACTOME_TIGHT_JUNCTION_INTERACTIONS	control	H2AFB1	0.00012492972702854644	2	2
pemt_tight_junction	key_secondary	b	REACTOME_TIGHT_JUNCTION_INTERACTIONS	control	H3F3A	3.513186943111999	11446	24
pemt_tight_junction	key_secondary	b	REACTOME_TIGHT_JUNCTION_INTERACTIONS	control	HEG1	0.012016950119590053	364	12
pemt_tight_junction	key_secondary	b	REACTOME_TIGHT_JUNCTION_INTERACTIONS	control	HELB	0.28378890953212005	3078	20
pemt_tight_junction	key_secondary	b	REACTOME_TIGHT_JUNCTION_INTERACTIONS	control	HHLA1	0.0020590640185171056	32	8
pemt_tight_junction	key_secondary	b	REACTOME_TIGHT_JUNCTION_INTERACTIONS	control	HHLA3	0.03244914526167644	483	14
pemt_tight_junction	key_secondary	b	REACTOME_TIGHT_JUNCTION_INTERACTIONS	control	HIC1	0.0009005273134841192	36	5
pemt_tight_junction	key_secondary	b	REACTOME_TIGHT_JUNCTION_INTERACTIONS	control	HIKESHI	0.3120764081002604	3493	21
pemt_tight_junction	key_secondary	b	REACTOME_TIGHT_JUNCTION_INTERACTIONS	control	HINT3	0.18590228654687602	2277	19
pemt_tight_junction	key_secondary	b	REACTOME_TIGHT_JUNCTION_INTERACTIONS	control	HIST1H2AD	0.0146509890918528	226	12
pemt_tight_junction	key_secondary	b	REACTOME_TIGHT_JUNCTION_INTERACTIONS	control	HIST1H4J	0.010974043804668857	162	12
pemt_tight_junction	key_secondary	b	REACTOME_TIGHT_JUNCTION_INTERACTIONS	control	HIST3H2A	0.09459040050496459	1223	17
pemt_tight_junction	key_secondary	b	REACTOME_TIGHT_JUNCTION_INTERACTIONS	control	HMGA2	1.4562552589223945	7021	24
pemt_tight_junction	key_secondary	b	REACTOME_TIGHT_JUNCTION_INTERACTIONS	control	HNRNPA1	2.0407730987267203	9166	24
pemt_tight_junction	key_secondary	b	REACTOME_TIGHT_JUNCTION_INTERACTIONS	control	HPD	0.006278932445485207	127	10
pemt_tight_junction	key_secondary	b	REACTOME_TIGHT_JUNCTION_INTERACTIONS	control	HRAS	0.09284518487940904	1261	17
pemt_tight_junction	key_secondary	b	REACTOME_TIGHT_JUNCTION_INTERACTIONS	control	HSD17B7	0.20600088553437834	2461	19
pemt_tight_junction	key_secondary	b	REACTOME_TIGHT_JUNCTION_INTERACTIONS	control	HSPG2	0.3208921768692267	3532	21
pemt_tight_junction	key_secondary	b	REACTOME_TIGHT_JUNCTION_INTERACTIONS	control	ICAM1	0.05689598040457343	741	15
pemt_tight_junction	key_secondary	b	REACTOME_TIGHT_JUNCTION_INTERACTIONS	control	ICAM2	0.0485185044487484	713	15
pemt_tight_junction	key_secondary	b	REACTOME_TIGHT_JUNCTION_INTERACTIONS	control	ID1	0.8036298839493703	3915	23
pemt_tight_junction	key_secondary	b	REACTOME_TIGHT_JUNCTION_INTERACTIONS	control	IDH3B	0.2665717748842367	3124	20
pemt_tight_junction	key_secondary	b	REACTOME_TIGHT_JUNCTION_INTERACTIONS	control	IGFBP7	0.0057716707509762365	1012	10
pemt_tight_junction	key_secondary	b	REACTOME_TIGHT_JUNCTION_INTERACTIONS	control	IGKC	0.38043479991719437	2145	21
pemt_tight_junction	key_secondary	b	REACTOME_TIGHT_JUNCTION_INTERACTIONS	control	IGKV1-5	0.00018544265291470263	3	2
pemt_tight_junction	key_secondary	b	REACTOME_TIGHT_JUNCTION_INTERACTIONS	control	IGSF23	0.04182185480511073	576	15
pemt_tight_junction	key_secondary	b	REACTOME_TIGHT_JUNCTION_INTERACTIONS	control	IL20RB-AS1	0.015028849001179198	224	13
pemt_tight_junction	key_secondary	b	REACTOME_TIGHT_JUNCTION_INTERACTIONS	control	IL3RA	0.025026481153693738	423	14
pemt_tight_junction	key_secondary	b	REACTOME_TIGHT_JUNCTION_INTERACTIONS	control	IMMP1L	0.7456467746310702	6308	23
pemt_tight_junction	key_secondary	b	REACTOME_TIGHT_JUNCTION_INTERACTIONS	control	IMMT	0.47798127923164396	4936	22
pemt_tight_junction	key_secondary	b	REACTOME_TIGHT_JUNCTION_INTERACTIONS	control	INIP	0.2599917745480753	3045	20
pemt_tight_junction	key_secondary	b	REACTOME_TIGHT_JUNCTION_INTERACTIONS	control	IRF5	0.017021405261906538	295	13
pemt_tight_junction	key_secondary	b	REACTOME_TIGHT_JUNCTION_INTERACTIONS	control	IRX3	0.006082724017752602	86	10
pemt_tight_junction	key_secondary	b	REACTOME_TIGHT_JUNCTION_INTERACTIONS	control	ITGB5-AS1	0.034381808421622105	516	14
pemt_tight_junction	key_secondary	b	REACTOME_TIGHT_JUNCTION_INTERACTIONS	control	JHY	0.03536864206203405	524	14
pemt_tight_junction	key_secondary	b	REACTOME_TIGHT_JUNCTION_INTERACTIONS	control	KANSL1	3.1715586399110864	12618	24
pemt_tight_junction	key_secondary	b	REACTOME_TIGHT_JUNCTION_INTERACTIONS	control	KCNH1	0.008144287387959411	131	11
pemt_tight_junction	key_secondary	b	REACTOME_TIGHT_JUNCTION_INTERACTIONS	control	KCNK17	0.0022082965537667137	30	8
pemt_tight_junction	key_secondary	b	REACTOME_TIGHT_JUNCTION_INTERACTIONS	control	KCTD5	0.10014372965376446	1375	17
pemt_tight_junction	key_secondary	b	REACTOME_TIGHT_JUNCTION_INTERACTIONS	control	KIAA1522	0.45768884571407853	4800	22
pemt_tight_junction	key_secondary	b	REACTOME_TIGHT_JUNCTION_INTERACTIONS	control	KIF25-AS1	6.246486351427322e-05	1	0
pemt_tight_junction	key_secondary	b	REACTOME_TIGHT_JUNCTION_INTERACTIONS	control	KIRREL3	0.005993269467203766	101	10
pemt_tight_junction	key_secondary	b	REACTOME_TIGHT_JUNCTION_INTERACTIONS	control	KITLG	0.2414638813324657	1919	20
pemt_tight_junction	key_secondary	b	REACTOME_TIGHT_JUNCTION_INTERACTIONS	control	KLF17	0.00018739459054281966	3	2
pemt_tight_junction	key_secondary	b	REACTOME_TIGHT_JUNCTION_INTERACTIONS	control	KLF9	0.040324603884336375	651	15
pemt_tight_junction	key_secondary	b	REACTOME_TIGHT_JUNCTION_INTERACTIONS	control	KLHL15	0.03901943608534846	584	15
pemt_tight_junction	key_secondary	b	REACTOME_TIGHT_JUNCTION_INTERACTIONS	control	KLRC4	0.00024098650100118498	23	2
pemt_tight_junction	key_secondary	b	REACTOME_TIGHT_JUNCTION_INTERACTIONS	control	KPNA3	1.0782542671572908	7732	23
pemt_tight_junction	key_secondary	b	REACTOME_TIGHT_JUNCTION_INTERACTIONS	control	KRT20	0.7735108435917208	4805	23
pemt_tight_junction	key_secondary	b	REACTOME_TIGHT_JUNCTION_INTERACTIONS	control	KRT73-AS1	6.246486351427322e-05	1	0
pemt_tight_junction	key_secondary	b	REACTOME_TIGHT_JUNCTION_INTERACTIONS	control	KRT76	6.246486351427322e-05	1	0
pemt_tight_junction	key_secondary	b	REACTOME_TIGHT_JUNCTION_INTERACTIONS	control	L29074.1	0.0027839110810392257	44	8
pemt_tight_junction	key_secondary	b	REACTOME_TIGHT_JUNCTION_INTERACTIONS	control	LAMP3	0.02696053343178429	373	14
pemt_tight_junction	key_secondary	b	REACTOME_TIGHT_JUNCTION_INTERACTIONS	control	LARGE2	0.20548478841736836	2426	19
pemt_tight_junction	key_secondary	b	REACTOME_TIGHT_JUNCTION_INTERACTIONS	control	LBX2	0.008825213616208102	137	11
pemt_tight_junction	key_secondary	b	REACTOME_TIGHT_JUNCTION_INTERACTIONS	control	LINC00173	0.011154168691199668	167	12
pemt_tight_junction	key_secondary	b	REACTOME_TIGHT_JUNCTION_INTERACTIONS	control	LINC00210	0.0002498594540570929	4	2
pemt_tight_junction	key_secondary	b	REACTOME_TIGHT_JUNCTION_INTERACTIONS	control	LINC00235	0.006550655238997283	104	11
pemt_tight_junction	key_secondary	b	REACTOME_TIGHT_JUNCTION_INTERACTIONS	control	LINC00322	0.00019296488269546626	6	2
pemt_tight_junction	key_secondary	b	REACTOME_TIGHT_JUNCTION_INTERACTIONS	control	LINC00365	0.00529942409603069	82	10
pemt_tight_junction	key_secondary	b	REACTOME_TIGHT_JUNCTION_INTERACTIONS	control	LINC00442	0.0008659006520343442	14	5
pemt_tight_junction	key_secondary	b	REACTOME_TIGHT_JUNCTION_INTERACTIONS	control	LINC00526	0.0198264146619603	308	13
pemt_tight_junction	key_secondary	b	REACTOME_TIGHT_JUNCTION_INTERACTIONS	control	LINC00582	0.005129280323553026	82	10
pemt_tight_junction	key_secondary	b	REACTOME_TIGHT_JUNCTION_INTERACTIONS	control	LINC00629	0.0026317752720422184	40	8
pemt_tight_junction	key_secondary	b	REACTOME_TIGHT_JUNCTION_INTERACTIONS	control	LINC00630	0.41107854516652576	4292	21
pemt_tight_junction	key_secondary	b	REACTOME_TIGHT_JUNCTION_INTERACTIONS	control	LINC00661	1.1082772308455525e-17	1	0
pemt_tight_junction	key_secondary	b	REACTOME_TIGHT_JUNCTION_INTERACTIONS	control	LINC00683	0.005022791359201047	78	10
pemt_tight_junction	key_secondary	b	REACTOME_TIGHT_JUNCTION_INTERACTIONS	control	LINC00824	0.020804927617756385	307	13
pemt_tight_junction	key_secondary	b	REACTOME_TIGHT_JUNCTION_INTERACTIONS	control	LINC01176	0.19389057370901341	2442	19
pemt_tight_junction	key_secondary	b	REACTOME_TIGHT_JUNCTION_INTERACTIONS	control	LINC01219	0.005761828348241566	89	10
pemt_tight_junction	key_secondary	b	REACTOME_TIGHT_JUNCTION_INTERACTIONS	control	LINC01260	0.0020121895049079845	33	8
pemt_tight_junction	key_secondary	b	REACTOME_TIGHT_JUNCTION_INTERACTIONS	control	LINC01350	0.009999589851090344	131	12
pemt_tight_junction	key_secondary	b	REACTOME_TIGHT_JUNCTION_INTERACTIONS	control	LINC01391	0.0002498594540570929	4	2
pemt_tight_junction	key_secondary	b	REACTOME_TIGHT_JUNCTION_INTERACTIONS	control	LINC01436	0.002593053248040463	40	8
pemt_tight_junction	key_secondary	b	REACTOME_TIGHT_JUNCTION_INTERACTIONS	control	LINC01532	0.00018739459054281966	3	2
pemt_tight_junction	key_secondary	b	REACTOME_TIGHT_JUNCTION_INTERACTIONS	control	LINC01572	2.2540926929788814	9515	24
pemt_tight_junction	key_secondary	b	REACTOME_TIGHT_JUNCTION_INTERACTIONS	control	LINC01579	0.026261689546173916	371	14
pemt_tight_junction	key_secondary	b	REACTOME_TIGHT_JUNCTION_INTERACTIONS	control	LINC01677	0.0006801648905144856	11	5
pemt_tight_junction	key_secondary	b	REACTOME_TIGHT_JUNCTION_INTERACTIONS	control	LINC01687	0.012571745537171638	167	12
pemt_tight_junction	key_secondary	b	REACTOME_TIGHT_JUNCTION_INTERACTIONS	control	LINC01731	0.00023547070515923514	4	2
pemt_tight_junction	key_secondary	b	REACTOME_TIGHT_JUNCTION_INTERACTIONS	control	LINC01924	0.014683915682156932	125	12
pemt_tight_junction	key_secondary	b	REACTOME_TIGHT_JUNCTION_INTERACTIONS	control	LINC01958	0.0008644215900838857	14	5
pemt_tight_junction	key_secondary	b	REACTOME_TIGHT_JUNCTION_INTERACTIONS	control	LINC01960	0.00018739459054281966	3	2
pemt_tight_junction	key_secondary	b	REACTOME_TIGHT_JUNCTION_INTERACTIONS	control	LINC02014	0.005045184778447848	78	10
pemt_tight_junction	key_secondary	b	REACTOME_TIGHT_JUNCTION_INTERACTIONS	control	LINC02022	6.246486351427322e-05	1	0
pemt_tight_junction	key_secondary	b	REACTOME_TIGHT_JUNCTION_INTERACTIONS	control	LINC02092	0.00022624569402672425	4	2
pemt_tight_junction	key_secondary	b	REACTOME_TIGHT_JUNCTION_INTERACTIONS	control	LINC02147	0.002735892397884707	85	8
pemt_tight_junction	key_secondary	b	REACTOME_TIGHT_JUNCTION_INTERACTIONS	control	LINC02148	0.0002498594540570929	4	2
pemt_tight_junction	key_secondary	b	REACTOME_TIGHT_JUNCTION_INTERACTIONS	control	LINC02151	6.246486351427322e-05	1	0
pemt_tight_junction	key_secondary	b	REACTOME_TIGHT_JUNCTION_INTERACTIONS	control	LINC02240	0.012844042258554835	181	12
pemt_tight_junction	key_secondary	b	REACTOME_TIGHT_JUNCTION_INTERACTIONS	control	LINC02249	0.0007495783621712788	12	5
pemt_tight_junction	key_secondary	b	REACTOME_TIGHT_JUNCTION_INTERACTIONS	control	LINC02320	0.2585884582753245	2225	20
pemt_tight_junction	key_secondary	b	REACTOME_TIGHT_JUNCTION_INTERACTIONS	control	LINC02400	0.00018739459054281966	3	2
pemt_tight_junction	key_secondary	b	REACTOME_TIGHT_JUNCTION_INTERACTIONS	control	LINC02515	4.329591071749535e-05	2	0
pemt_tight_junction	key_secondary	b	REACTOME_TIGHT_JUNCTION_INTERACTIONS	control	LINC02553	5.998410546539114e-05	1	0
pemt_tight_junction	key_secondary	b	REACTOME_TIGHT_JUNCTION_INTERACTIONS	control	LINC02603	0.028973029319421976	435	14
pemt_tight_junction	key_secondary	b	REACTOME_TIGHT_JUNCTION_INTERACTIONS	control	LINC02648	0.0006668056130938293	12	5
pemt_tight_junction	key_secondary	b	REACTOME_TIGHT_JUNCTION_INTERACTIONS	control	LINC02678	0.002186270222999563	32	8
pemt_tight_junction	key_secondary	b	REACTOME_TIGHT_JUNCTION_INTERACTIONS	control	LINC02804	0.005865448265215967	94	10
pemt_tight_junction	key_secondary	b	REACTOME_TIGHT_JUNCTION_INTERACTIONS	control	LINC02820	0.029531415166782638	417	14
pemt_tight_junction	key_secondary	b	REACTOME_TIGHT_JUNCTION_INTERACTIONS	control	LINC2194	6.246486351427322e-05	1	0
pemt_tight_junction	key_secondary	b	REACTOME_TIGHT_JUNCTION_INTERACTIONS	control	LLGL1	0.008958867101012574	146	11
pemt_tight_junction	key_secondary	b	REACTOME_TIGHT_JUNCTION_INTERACTIONS	control	LMBR1	1.9224876619433708	10129	24
pemt_tight_junction	key_secondary	b	REACTOME_TIGHT_JUNCTION_INTERACTIONS	control	LRG1	0.048153745977479	675	15
pemt_tight_junction	key_secondary	b	REACTOME_TIGHT_JUNCTION_INTERACTIONS	control	LRIG2-DT	0.055396553183176815	769	15
pemt_tight_junction	key_secondary	b	REACTOME_TIGHT_JUNCTION_INTERACTIONS	control	LRRC2	0.17569544911012175	2131	19
pemt_tight_junction	key_secondary	b	REACTOME_TIGHT_JUNCTION_INTERACTIONS	control	LRRC3	0.008883026081972578	138	11
pemt_tight_junction	key_secondary	b	REACTOME_TIGHT_JUNCTION_INTERACTIONS	control	LRRC37A	0.04602958480052913	690	15
pemt_tight_junction	key_secondary	b	REACTOME_TIGHT_JUNCTION_INTERACTIONS	control	LRRK2	0.0072863018471213065	213	11
pemt_tight_junction	key_secondary	b	REACTOME_TIGHT_JUNCTION_INTERACTIONS	control	LRRN1	0.25437570760874	2540	20
pemt_tight_junction	key_secondary	b	REACTOME_TIGHT_JUNCTION_INTERACTIONS	control	LSM4	0.43652693687421135	4057	22
pemt_tight_junction	key_secondary	b	REACTOME_TIGHT_JUNCTION_INTERACTIONS	control	LTBR	0.406420268633579	4462	21
pemt_tight_junction	key_secondary	b	REACTOME_TIGHT_JUNCTION_INTERACTIONS	control	LURAP1	0.010991402742367928	170	12
pemt_tight_junction	key_secondary	b	REACTOME_TIGHT_JUNCTION_INTERACTIONS	control	LURAP1L	0.7719737995355194	5315	23
pemt_tight_junction	key_secondary	b	REACTOME_TIGHT_JUNCTION_INTERACTIONS	control	LY6G6D	0.4570664873731689	3057	22
pemt_tight_junction	key_secondary	b	REACTOME_TIGHT_JUNCTION_INTERACTIONS	control	LYG1	0.012774424310835274	198	12
pemt_tight_junction	key_secondary	b	REACTOME_TIGHT_JUNCTION_INTERACTIONS	control	LYPLAL1	0.9522172635593026	6721	23
pemt_tight_junction	key_secondary	b	REACTOME_TIGHT_JUNCTION_INTERACTIONS	control	MAD1L1	0.4868458264793967	5023	22
pemt_tight_junction	key_secondary	b	REACTOME_TIGHT_JUNCTION_INTERACTIONS	control	MAGEH1	0.017656990362364823	287	13
pemt_tight_junction	key_secondary	b	REACTOME_TIGHT_JUNCTION_INTERACTIONS	control	MAGIX	0.021028193057205186	323	13
pemt_tight_junction	key_secondary	b	REACTOME_TIGHT_JUNCTION_INTERACTIONS	control	MAP1LC3A	0.43116695405139965	4595	22
pemt_tight_junction	key_secondary	b	REACTOME_TIGHT_JUNCTION_INTERACTIONS	control	MAPK8IP2	0.017636551834059738	265	13
pemt_tight_junction	key_secondary	b	REACTOME_TIGHT_JUNCTION_INTERACTIONS	control	MAST2	1.1412728058419872	7974	24
pemt_tight_junction	key_secondary	b	REACTOME_TIGHT_JUNCTION_INTERACTIONS	control	MAST4-IT1	6.246486351427322e-05	1	0
pemt_tight_junction	key_secondary	b	REACTOME_TIGHT_JUNCTION_INTERACTIONS	control	MBD4	0.21174616030559856	2772	19
pemt_tight_junction	key_secondary	b	REACTOME_TIGHT_JUNCTION_INTERACTIONS	control	MCCC2	0.5585946145652045	5439	22
pemt_tight_junction	key_secondary	b	REACTOME_TIGHT_JUNCTION_INTERACTIONS	control	MCTS1	0.2876885362103048	3258	20
pemt_tight_junction	key_secondary	b	REACTOME_TIGHT_JUNCTION_INTERACTIONS	control	MDN1	1.1590891832753272	7983	24
pemt_tight_junction	key_secondary	b	REACTOME_TIGHT_JUNCTION_INTERACTIONS	control	MED1	0.2866356368104791	3240	20
pemt_tight_junction	key_secondary	b	REACTOME_TIGHT_JUNCTION_INTERACTIONS	control	MED12L	0.03703771971664184	421	14
pemt_tight_junction	key_secondary	b	REACTOME_TIGHT_JUNCTION_INTERACTIONS	control	MFF	0.7363962572901267	6685	23
pemt_tight_junction	key_secondary	b	REACTOME_TIGHT_JUNCTION_INTERACTIONS	control	MFSD6	0.6513748859896036	6023	23
pemt_tight_junction	key_secondary	b	REACTOME_TIGHT_JUNCTION_INTERACTIONS	control	MGAT5	5.193979484727859	12169	24
pemt_tight_junction	key_secondary	b	REACTOME_TIGHT_JUNCTION_INTERACTIONS	control	MIDN	0.4267572162543608	4070	22
pemt_tight_junction	key_secondary	b	REACTOME_TIGHT_JUNCTION_INTERACTIONS	control	MINAR1	0.026676734123471844	396	14
pemt_tight_junction	key_secondary	b	REACTOME_TIGHT_JUNCTION_INTERACTIONS	control	MIPEP	0.8435132271070377	6612	23
pemt_tight_junction	key_secondary	b	REACTOME_TIGHT_JUNCTION_INTERACTIONS	control	MIR200CHG	0.05039459300879647	741	15
pemt_tight_junction	key_secondary	b	REACTOME_TIGHT_JUNCTION_INTERACTIONS	control	MIR4422HG	0.0024022924508375026	42	8
pemt_tight_junction	key_secondary	b	REACTOME_TIGHT_JUNCTION_INTERACTIONS	control	MLIP-IT1	6.246486351427322e-05	1	0
pemt_tight_junction	key_secondary	b	REACTOME_TIGHT_JUNCTION_INTERACTIONS	control	MMACHC	0.03779122942845805	553	15
pemt_tight_junction	key_secondary	b	REACTOME_TIGHT_JUNCTION_INTERACTIONS	control	MMD	0.11421171665280999	1548	17
pemt_tight_junction	key_secondary	b	REACTOME_TIGHT_JUNCTION_INTERACTIONS	control	MMGT1	0.10064955670692555	1291	17
pemt_tight_junction	key_secondary	b	REACTOME_TIGHT_JUNCTION_INTERACTIONS	control	MNX1-AS1	0.03209593019194173	470	14
pemt_tight_junction	key_secondary	b	REACTOME_TIGHT_JUNCTION_INTERACTIONS	control	MOGAT3	0.261457016410116	2853	20
pemt_tight_junction	key_secondary	b	REACTOME_TIGHT_JUNCTION_INTERACTIONS	control	MON2	1.3786573286684747	9348	24
pemt_tight_junction	key_secondary	b	REACTOME_TIGHT_JUNCTION_INTERACTIONS	control	MORC2	0.35809779543590375	3882	21
pemt_tight_junction	key_secondary	b	REACTOME_TIGHT_JUNCTION_INTERACTIONS	control	MORC2-AS1	0.023816062056621377	369	13
pemt_tight_junction	key_secondary	b	REACTOME_TIGHT_JUNCTION_INTERACTIONS	control	MPV17	0.162324421065418	2202	19
pemt_tight_junction	key_secondary	b	REACTOME_TIGHT_JUNCTION_INTERACTIONS	control	MRNIP	0.1741787335532944	2270	19
pemt_tight_junction	key_secondary	b	REACTOME_TIGHT_JUNCTION_INTERACTIONS	control	MRPL18	0.21837088895161247	2456	19
pemt_tight_junction	key_secondary	b	REACTOME_TIGHT_JUNCTION_INTERACTIONS	control	MRPL44	0.11434288710789521	1488	17
pemt_tight_junction	key_secondary	b	REACTOME_TIGHT_JUNCTION_INTERACTIONS	control	MSLN	0.10640460937085242	1033	17
pemt_tight_junction	key_secondary	b	REACTOME_TIGHT_JUNCTION_INTERACTIONS	control	MTA1	0.18457107111607826	2408	19
pemt_tight_junction	key_secondary	b	REACTOME_TIGHT_JUNCTION_INTERACTIONS	control	MTERF4	0.19624223094183346	2594	19
pemt_tight_junction	key_secondary	b	REACTOME_TIGHT_JUNCTION_INTERACTIONS	control	MTMR2	0.4221237053005279	4413	22
pemt_tight_junction	key_secondary	b	REACTOME_TIGHT_JUNCTION_INTERACTIONS	control	MYCBP2	1.9606831428358162	10320	24
pemt_tight_junction	key_secondary	b	REACTOME_TIGHT_JUNCTION_INTERACTIONS	control	MYH15	0.03241460362725152	468	14
pemt_tight_junction	key_secondary	b	REACTOME_TIGHT_JUNCTION_INTERACTIONS	control	MYH7B	0.03165093841897652	444	14
pemt_tight_junction	key_secondary	b	REACTOME_TIGHT_JUNCTION_INTERACTIONS	control	MYO6	2.4822771187888573	11424	24
pemt_tight_junction	key_secondary	b	REACTOME_TIGHT_JUNCTION_INTERACTIONS	control	MYOM2	0.007020886357996737	118	11
pemt_tight_junction	key_secondary	b	REACTOME_TIGHT_JUNCTION_INTERACTIONS	control	NAA80	0.035036104397395754	532	14
pemt_tight_junction	key_secondary	b	REACTOME_TIGHT_JUNCTION_INTERACTIONS	control	NAGK	0.08839349577596546	1373	17
pemt_tight_junction	key_secondary	b	REACTOME_TIGHT_JUNCTION_INTERACTIONS	control	NAP1L3	0.00023602180146167247	4	2
pemt_tight_junction	key_secondary	b	REACTOME_TIGHT_JUNCTION_INTERACTIONS	control	NBR2	0.3360794864697783	3911	21
pemt_tight_junction	key_secondary	b	REACTOME_TIGHT_JUNCTION_INTERACTIONS	control	NDUFAF4	0.16681441750515405	2142	19
pemt_tight_junction	key_secondary	b	REACTOME_TIGHT_JUNCTION_INTERACTIONS	control	NDUFB7	0.5399447115716081	4665	22
pemt_tight_junction	key_secondary	b	REACTOME_TIGHT_JUNCTION_INTERACTIONS	control	NDUFB8	0.41148062695479304	4178	21
pemt_tight_junction	key_secondary	b	REACTOME_TIGHT_JUNCTION_INTERACTIONS	control	NEK11	0.3731644952294976	3890	21
pemt_tight_junction	key_secondary	b	REACTOME_TIGHT_JUNCTION_INTERACTIONS	control	NIBAN1	0.014789691986701608	602	12
pemt_tight_junction	key_secondary	b	REACTOME_TIGHT_JUNCTION_INTERACTIONS	control	NIPAL1	0.43630771041177024	4309	22
pemt_tight_junction	key_secondary	b	REACTOME_TIGHT_JUNCTION_INTERACTIONS	control	NIT2	0.20101710226349803	2562	19
pemt_tight_junction	key_secondary	b	REACTOME_TIGHT_JUNCTION_INTERACTIONS	control	NKAIN3	0.24687030179651331	1528	20
pemt_tight_junction	key_secondary	b	REACTOME_TIGHT_JUNCTION_INTERACTIONS	control	NKAP	0.1962682800592612	2368	19
pemt_tight_junction	key_secondary	b	REACTOME_TIGHT_JUNCTION_INTERACTIONS	control	NLGN4X	0.0008878095246815716	43	5
pemt_tight_junction	key_secondary	b	REACTOME_TIGHT_JUNCTION_INTERACTIONS	control	NLRP2	0.04914130240108245	673	15
pemt_tight_junction	key_secondary	b	REACTOME_TIGHT_JUNCTION_INTERACTIONS	control	NME2	1.9721944922519303	8806	24
pemt_tight_junction	key_secondary	b	REACTOME_TIGHT_JUNCTION_INTERACTIONS	control	NME7	0.46504220320031	4404	22
pemt_tight_junction	key_secondary	b	REACTOME_TIGHT_JUNCTION_INTERACTIONS	control	NOD1	0.4124717288665416	4533	21
pemt_tight_junction	key_secondary	b	REACTOME_TIGHT_JUNCTION_INTERACTIONS	control	NOL4L	0.44862100664795823	4637	22
pemt_tight_junction	key_secondary	b	REACTOME_TIGHT_JUNCTION_INTERACTIONS	control	NPAS2	1.4249631892779158	8148	24
pemt_tight_junction	key_secondary	b	REACTOME_TIGHT_JUNCTION_INTERACTIONS	control	NPFF	0.01362771660720574	215	12
pemt_tight_junction	key_secondary	b	REACTOME_TIGHT_JUNCTION_INTERACTIONS	control	NPIPB2	0.03152089859799062	485	14
pemt_tight_junction	key_secondary	b	REACTOME_TIGHT_JUNCTION_INTERACTIONS	control	NR1I3	0.0025879821373945423	52	8
pemt_tight_junction	key_secondary	b	REACTOME_TIGHT_JUNCTION_INTERACTIONS	control	NR3C1	0.029864518992145404	911	14
pemt_tight_junction	key_secondary	b	REACTOME_TIGHT_JUNCTION_INTERACTIONS	control	NR4A1	0.4446970776791095	3150	22
pemt_tight_junction	key_secondary	b	REACTOME_TIGHT_JUNCTION_INTERACTIONS	control	NRTN	0.014348419637159996	225	12
pemt_tight_junction	key_secondary	b	REACTOME_TIGHT_JUNCTION_INTERACTIONS	control	NRXN3	1.502903807544127	4187	24
pemt_tight_junction	key_secondary	b	REACTOME_TIGHT_JUNCTION_INTERACTIONS	control	NUDT15	0.11147002049720786	1436	17
pemt_tight_junction	key_secondary	b	REACTOME_TIGHT_JUNCTION_INTERACTIONS	control	NUDT7	0.045926465388128966	660	15
pemt_tight_junction	key_secondary	b	REACTOME_TIGHT_JUNCTION_INTERACTIONS	control	NUP155	0.33955146461954183	3597	21
pemt_tight_junction	key_secondary	b	REACTOME_TIGHT_JUNCTION_INTERACTIONS	control	NUS1	0.3823993266377177	4107	21
pemt_tight_junction	key_secondary	b	REACTOME_TIGHT_JUNCTION_INTERACTIONS	control	OLFM2	0.11588112365351348	1312	17
pemt_tight_junction	key_secondary	b	REACTOME_TIGHT_JUNCTION_INTERACTIONS	control	OR10A3	6.246486351427322e-05	1	0
pemt_tight_junction	key_secondary	b	REACTOME_TIGHT_JUNCTION_INTERACTIONS	control	OR2A12	0.0007483375289169257	12	5
pemt_tight_junction	key_secondary	b	REACTOME_TIGHT_JUNCTION_INTERACTIONS	control	OR52K2	0.0008459612992442936	13	5
pemt_tight_junction	key_secondary	b	REACTOME_TIGHT_JUNCTION_INTERACTIONS	control	OR6K3	6.246486351427322e-05	1	0
pemt_tight_junction	key_secondary	b	REACTOME_TIGHT_JUNCTION_INTERACTIONS	control	OR8A1	0.005798124989278377	82	10
pemt_tight_junction	key_secondary	b	REACTOME_TIGHT_JUNCTION_INTERACTIONS	control	OTUD3	0.19429126586463658	2356	19
pemt_tight_junction	key_secondary	b	REACTOME_TIGHT_JUNCTION_INTERACTIONS	control	PAK2	0.9850816937380202	7761	23
pemt_tight_junction	key_secondary	b	REACTOME_TIGHT_JUNCTION_INTERACTIONS	control	PALLD	0.8419227829576841	5796	23
pemt_tight_junction	key_secondary	b	REACTOME_TIGHT_JUNCTION_INTERACTIONS	control	PAPLN	0.04556225498341126	625	15
pemt_tight_junction	key_secondary	b	REACTOME_TIGHT_JUNCTION_INTERACTIONS	control	PARP10	0.1882201135437779	2397	19
pemt_tight_junction	key_secondary	b	REACTOME_TIGHT_JUNCTION_INTERACTIONS	control	PATE2	0.0008560511194510662	13	5
pemt_tight_junction	key_secondary	b	REACTOME_TIGHT_JUNCTION_INTERACTIONS	control	PCBD1	0.4555333511425337	4320	22
pemt_tight_junction	key_secondary	b	REACTOME_TIGHT_JUNCTION_INTERACTIONS	control	PCDH11Y	0.006151318690049675	103	10
pemt_tight_junction	key_secondary	b	REACTOME_TIGHT_JUNCTION_INTERACTIONS	control	PCDHA11	0.0008539354691716019	14	5
pemt_tight_junction	key_secondary	b	REACTOME_TIGHT_JUNCTION_INTERACTIONS	control	PDE5A	0.45674584929296275	4604	22
pemt_tight_junction	key_secondary	b	REACTOME_TIGHT_JUNCTION_INTERACTIONS	control	PDE8A	1.8869183193353556	10570	24
pemt_tight_junction	key_secondary	b	REACTOME_TIGHT_JUNCTION_INTERACTIONS	control	PDK3	0.5907000522694982	4904	22
pemt_tight_junction	key_secondary	b	REACTOME_TIGHT_JUNCTION_INTERACTIONS	control	PDS5A	1.4233590723670124	9388	24
pemt_tight_junction	key_secondary	b	REACTOME_TIGHT_JUNCTION_INTERACTIONS	control	PDZD2	0.04960908551030053	764	15
pemt_tight_junction	key_secondary	b	REACTOME_TIGHT_JUNCTION_INTERACTIONS	control	PELI3	0.008149113232656513	134	11
pemt_tight_junction	key_secondary	b	REACTOME_TIGHT_JUNCTION_INTERACTIONS	control	PERM1	0.0007495783621712788	12	5
pemt_tight_junction	key_secondary	b	REACTOME_TIGHT_JUNCTION_INTERACTIONS	control	PGAP1	0.7439820963778364	5195	23
pemt_tight_junction	key_secondary	b	REACTOME_TIGHT_JUNCTION_INTERACTIONS	control	PGM1	0.2365508654967364	2782	20
pemt_tight_junction	key_secondary	b	REACTOME_TIGHT_JUNCTION_INTERACTIONS	control	PI4KA	0.5541018630646761	5527	22
pemt_tight_junction	key_secondary	b	REACTOME_TIGHT_JUNCTION_INTERACTIONS	control	PIFO	0.004360425084302492	68	10
pemt_tight_junction	key_secondary	b	REACTOME_TIGHT_JUNCTION_INTERACTIONS	control	PIGK	0.2697586352656573	3085	20
pemt_tight_junction	key_secondary	b	REACTOME_TIGHT_JUNCTION_INTERACTIONS	control	PIK3IP1	0.11592929650327762	1614	17
pemt_tight_junction	key_secondary	b	REACTOME_TIGHT_JUNCTION_INTERACTIONS	control	PINK1-AS	0.027138376200219225	406	14
pemt_tight_junction	key_secondary	b	REACTOME_TIGHT_JUNCTION_INTERACTIONS	control	PKIA	0.19603151885434406	1892	19
pemt_tight_junction	key_secondary	b	REACTOME_TIGHT_JUNCTION_INTERACTIONS	control	PLA2R1	0.8685448818735753	6385	23
pemt_tight_junction	key_secondary	b	REACTOME_TIGHT_JUNCTION_INTERACTIONS	control	PLAA	0.35661715403123867	3944	21
pemt_tight_junction	key_secondary	b	REACTOME_TIGHT_JUNCTION_INTERACTIONS	control	PLCE1-AS1	0.005088927495024607	81	10
pemt_tight_junction	key_secondary	b	REACTOME_TIGHT_JUNCTION_INTERACTIONS	control	PLCXD3	0.002406425181643879	39	8
pemt_tight_junction	key_secondary	b	REACTOME_TIGHT_JUNCTION_INTERACTIONS	control	PLEKHA1	0.7285662120752324	6305	23
pemt_tight_junction	key_secondary	b	REACTOME_TIGHT_JUNCTION_INTERACTIONS	control	PLET1	0.007600595967611311	122	11
pemt_tight_junction	key_secondary	b	REACTOME_TIGHT_JUNCTION_INTERACTIONS	control	PLP2	0.49915162042165934	4404	22
pemt_tight_junction	key_secondary	b	REACTOME_TIGHT_JUNCTION_INTERACTIONS	control	PLXDC2	0.4518845631267496	2849	22
pemt_tight_junction	key_secondary	b	REACTOME_TIGHT_JUNCTION_INTERACTIONS	control	PMS1	0.5864394116024895	5429	22
pemt_tight_junction	key_secondary	b	REACTOME_TIGHT_JUNCTION_INTERACTIONS	control	PNMA5	0.005419883435607615	78	10
pemt_tight_junction	key_secondary	b	REACTOME_TIGHT_JUNCTION_INTERACTIONS	control	PNRC1	0.2561950782202593	3034	20
pemt_tight_junction	key_secondary	b	REACTOME_TIGHT_JUNCTION_INTERACTIONS	control	POGLUT3	0.09748397046826113	1273	17
pemt_tight_junction	key_secondary	b	REACTOME_TIGHT_JUNCTION_INTERACTIONS	control	POLR2J3	0.8814813900250016	7434	23
pemt_tight_junction	key_secondary	b	REACTOME_TIGHT_JUNCTION_INTERACTIONS	control	POLR3GL	0.08895733317345031	1219	17
pemt_tight_junction	key_secondary	b	REACTOME_TIGHT_JUNCTION_INTERACTIONS	control	POM121	0.760896865259635	6938	23
pemt_tight_junction	key_secondary	b	REACTOME_TIGHT_JUNCTION_INTERACTIONS	control	PON2	1.0877968257375568	8153	23
pemt_tight_junction	key_secondary	b	REACTOME_TIGHT_JUNCTION_INTERACTIONS	control	POT1	0.27953742644916285	3126	20
pemt_tight_junction	key_secondary	b	REACTOME_TIGHT_JUNCTION_INTERACTIONS	control	PPFIBP2	0.4800932258832943	5034	22
pemt_tight_junction	key_secondary	b	REACTOME_TIGHT_JUNCTION_INTERACTIONS	control	PPP1R12A-AS1	0.021871632367728083	320	13
pemt_tight_junction	key_secondary	b	REACTOME_TIGHT_JUNCTION_INTERACTIONS	control	PPP1R18	0.019024691981541483	365	13
pemt_tight_junction	key_secondary	b	REACTOME_TIGHT_JUNCTION_INTERACTIONS	control	PPP1R26-AS1	0.2741724134303172	3183	20
pemt_tight_junction	key_secondary	b	REACTOME_TIGHT_JUNCTION_INTERACTIONS	control	PPP1R36	0.05362851289175116	728	15
pemt_tight_junction	key_secondary	b	REACTOME_TIGHT_JUNCTION_INTERACTIONS	control	PPWD1	0.3497454456594529	4027	21
pemt_tight_junction	key_secondary	b	REACTOME_TIGHT_JUNCTION_INTERACTIONS	control	PRDM9	0.0006976417587016255	12	5
pemt_tight_junction	key_secondary	b	REACTOME_TIGHT_JUNCTION_INTERACTIONS	control	PRKD3	0.5190071886130412	5125	22
pemt_tight_junction	key_secondary	b	REACTOME_TIGHT_JUNCTION_INTERACTIONS	control	PROM1	0.8636387640244877	5296	23
pemt_tight_junction	key_secondary	b	REACTOME_TIGHT_JUNCTION_INTERACTIONS	control	PRPF18	0.3412469808952124	3898	21
pemt_tight_junction	key_secondary	b	REACTOME_TIGHT_JUNCTION_INTERACTIONS	control	PRPF19	0.20278472966738031	2372	19
pemt_tight_junction	key_secondary	b	REACTOME_TIGHT_JUNCTION_INTERACTIONS	control	PRPS2	0.18678478814428354	2209	19
pemt_tight_junction	key_secondary	b	REACTOME_TIGHT_JUNCTION_INTERACTIONS	control	PRRT4	0.0007495783621712787	11	5
pemt_tight_junction	key_secondary	b	REACTOME_TIGHT_JUNCTION_INTERACTIONS	control	PRSS21	0.016988590891283118	223	13
pemt_tight_junction	key_secondary	b	REACTOME_TIGHT_JUNCTION_INTERACTIONS	control	PRXL2B	0.08685607079957998	1174	17
pemt_tight_junction	key_secondary	b	REACTOME_TIGHT_JUNCTION_INTERACTIONS	control	PSAT1	0.21236899835052625	2014	19
pemt_tight_junction	key_secondary	b	REACTOME_TIGHT_JUNCTION_INTERACTIONS	control	PSD3	1.722821493702671	7128	24
pemt_tight_junction	key_secondary	b	REACTOME_TIGHT_JUNCTION_INTERACTIONS	control	PTPN14	0.44949521739527976	4136	22
pemt_tight_junction	key_secondary	b	REACTOME_TIGHT_JUNCTION_INTERACTIONS	control	PTPRJ-AS1	0.0023202376844017997	38	8
pemt_tight_junction	key_secondary	b	REACTOME_TIGHT_JUNCTION_INTERACTIONS	control	PUF60	0.4766078619159017	4136	22
pemt_tight_junction	key_secondary	b	REACTOME_TIGHT_JUNCTION_INTERACTIONS	control	R3HCC1L	0.7503716880939018	6470	23
pemt_tight_junction	key_secondary	b	REACTOME_TIGHT_JUNCTION_INTERACTIONS	control	RAB27B	0.09282876285594323	896	17
pemt_tight_junction	key_secondary	b	REACTOME_TIGHT_JUNCTION_INTERACTIONS	control	RAB3GAP1	1.2592814902640765	9079	24
pemt_tight_junction	key_secondary	b	REACTOME_TIGHT_JUNCTION_INTERACTIONS	control	RAD17	0.20771164291392996	2508	19
pemt_tight_junction	key_secondary	b	REACTOME_TIGHT_JUNCTION_INTERACTIONS	control	RAD18	0.5484344338881503	4462	22
pemt_tight_junction	key_secondary	b	REACTOME_TIGHT_JUNCTION_INTERACTIONS	control	RALY-AS1	0.04365297131628047	652	15
pemt_tight_junction	key_secondary	b	REACTOME_TIGHT_JUNCTION_INTERACTIONS	control	RANBP17	1.7023205830041293	8069	24
pemt_tight_junction	key_secondary	b	REACTOME_TIGHT_JUNCTION_INTERACTIONS	control	RASA3-IT1	6.246486351427322e-05	1	0
pemt_tight_junction	key_secondary	b	REACTOME_TIGHT_JUNCTION_INTERACTIONS	control	RBBP4	0.6958841875570595	6446	23
pemt_tight_junction	key_secondary	b	REACTOME_TIGHT_JUNCTION_INTERACTIONS	control	RBBP5	0.17978668339851595	2212	19
pemt_tight_junction	key_secondary	b	REACTOME_TIGHT_JUNCTION_INTERACTIONS	control	RBM39	4.8487319751863724	14155	24
pemt_tight_junction	key_secondary	b	REACTOME_TIGHT_JUNCTION_INTERACTIONS	control	RBM41	0.525438347541309	5101	22
pemt_tight_junction	key_secondary	b	REACTOME_TIGHT_JUNCTION_INTERACTIONS	control	RBMXL2	0.00024091911849079633	4	2
pemt_tight_junction	key_secondary	b	REACTOME_TIGHT_JUNCTION_INTERACTIONS	control	RC3H1	1.2328729137756842	8598	24
pemt_tight_junction	key_secondary	b	REACTOME_TIGHT_JUNCTION_INTERACTIONS	control	RCC2-AS1	0.00018739459054281966	3	2
pemt_tight_junction	key_secondary	b	REACTOME_TIGHT_JUNCTION_INTERACTIONS	control	RFX1	0.1642170160295844	2180	19
pemt_tight_junction	key_secondary	b	REACTOME_TIGHT_JUNCTION_INTERACTIONS	control	RFX6	0.025735523767880533	122	14
pemt_tight_junction	key_secondary	b	REACTOME_TIGHT_JUNCTION_INTERACTIONS	control	RMDN2	0.25095032711480014	2806	20
pemt_tight_junction	key_secondary	b	REACTOME_TIGHT_JUNCTION_INTERACTIONS	control	RNASEH1	0.2174085828948789	2697	19
pemt_tight_junction	key_secondary	b	REACTOME_TIGHT_JUNCTION_INTERACTIONS	control	RNF169	0.6568847872794784	6186	23
pemt_tight_junction	key_secondary	b	REACTOME_TIGHT_JUNCTION_INTERACTIONS	control	RNF212B	0.012264299671195265	178	12
pemt_tight_junction	key_secondary	b	REACTOME_TIGHT_JUNCTION_INTERACTIONS	control	RP9	0.26646765785263754	3181	20
pemt_tight_junction	key_secondary	b	REACTOME_TIGHT_JUNCTION_INTERACTIONS	control	RPGRIP1L	0.18666071682801674	2202	19
pemt_tight_junction	key_secondary	b	REACTOME_TIGHT_JUNCTION_INTERACTIONS	control	RRP1B	0.36086550156138913	3755	21
pemt_tight_junction	key_secondary	b	REACTOME_TIGHT_JUNCTION_INTERACTIONS	control	RTF1	0.48055557672159316	4973	22
pemt_tight_junction	key_secondary	b	REACTOME_TIGHT_JUNCTION_INTERACTIONS	control	RTN4	2.053052414281946	10195	24
pemt_tight_junction	key_secondary	b	REACTOME_TIGHT_JUNCTION_INTERACTIONS	control	RTN4RL2	0.01572835194088322	241	13
pemt_tight_junction	key_secondary	b	REACTOME_TIGHT_JUNCTION_INTERACTIONS	control	RUSC1-AS1	0.014786595775927837	232	12
pemt_tight_junction	key_secondary	b	REACTOME_TIGHT_JUNCTION_INTERACTIONS	control	RWDD2B	0.04258816001997415	613	15
pemt_tight_junction	key_secondary	b	REACTOME_TIGHT_JUNCTION_INTERACTIONS	control	RWDD3	0.19675067919572015	2538	19
pemt_tight_junction	key_secondary	b	REACTOME_TIGHT_JUNCTION_INTERACTIONS	control	RXRA	0.17322410382383938	2271	19
pemt_tight_junction	key_secondary	b	REACTOME_TIGHT_JUNCTION_INTERACTIONS	control	RYR1	0.006831807080538394	115	11
pemt_tight_junction	key_secondary	b	REACTOME_TIGHT_JUNCTION_INTERACTIONS	control	S100P	0.790346849511255	5100	23
pemt_tight_junction	key_secondary	b	REACTOME_TIGHT_JUNCTION_INTERACTIONS	control	SAA1	0.017579020626432955	290	13
pemt_tight_junction	key_secondary	b	REACTOME_TIGHT_JUNCTION_INTERACTIONS	control	SAMSN1	2.2425897252766192e-05	422	0
pemt_tight_junction	key_secondary	b	REACTOME_TIGHT_JUNCTION_INTERACTIONS	control	SATB1-AS1	0.38515753588243573	3122	21
pemt_tight_junction	key_secondary	b	REACTOME_TIGHT_JUNCTION_INTERACTIONS	control	SCAF1	0.08328672967447674	1177	17
pemt_tight_junction	key_secondary	b	REACTOME_TIGHT_JUNCTION_INTERACTIONS	control	SCAND1	0.570842859206503	5057	22
pemt_tight_junction	key_secondary	b	REACTOME_TIGHT_JUNCTION_INTERACTIONS	control	SCAT2	0.01808706242971606	264	13
pemt_tight_junction	key_secondary	b	REACTOME_TIGHT_JUNCTION_INTERACTIONS	control	SCOC-AS1	0.035559212232903495	512	14
pemt_tight_junction	key_secondary	b	REACTOME_TIGHT_JUNCTION_INTERACTIONS	control	SDF2	0.22256400688456007	2807	20
pemt_tight_junction	key_secondary	b	REACTOME_TIGHT_JUNCTION_INTERACTIONS	control	SDF4	0.3349487900881008	3775	21
pemt_tight_junction	key_secondary	b	REACTOME_TIGHT_JUNCTION_INTERACTIONS	control	SEMA3D	0.09353179041871269	836	17
pemt_tight_junction	key_secondary	b	REACTOME_TIGHT_JUNCTION_INTERACTIONS	control	SGF29	0.09574713590769261	1334	17
pemt_tight_junction	key_secondary	b	REACTOME_TIGHT_JUNCTION_INTERACTIONS	control	SGK1	0.018572504516888418	676	13
pemt_tight_junction	key_secondary	b	REACTOME_TIGHT_JUNCTION_INTERACTIONS	control	SGSM1	0.11134679419192066	1346	17
pemt_tight_junction	key_secondary	b	REACTOME_TIGHT_JUNCTION_INTERACTIONS	control	SH3BGR	0.02200367323529736	315	13
pemt_tight_junction	key_secondary	b	REACTOME_TIGHT_JUNCTION_INTERACTIONS	control	SH3BP5L	0.05435824950471564	806	15
pemt_tight_junction	key_secondary	b	REACTOME_TIGHT_JUNCTION_INTERACTIONS	control	SHISA9	1.0847852343955295	3625	23
pemt_tight_junction	key_secondary	b	REACTOME_TIGHT_JUNCTION_INTERACTIONS	control	SIK2	1.060701311697586	7838	23
pemt_tight_junction	key_secondary	b	REACTOME_TIGHT_JUNCTION_INTERACTIONS	control	SIPA1L2	0.7567300035803985	5986	23
pemt_tight_junction	key_secondary	b	REACTOME_TIGHT_JUNCTION_INTERACTIONS	control	SKA2	0.19855429356382168	2096	19
pemt_tight_junction	key_secondary	b	REACTOME_TIGHT_JUNCTION_INTERACTIONS	control	SLC10A7	0.59941370263896	5525	22
pemt_tight_junction	key_secondary	b	REACTOME_TIGHT_JUNCTION_INTERACTIONS	control	SLC16A1-AS1	0.4078529858430563	3846	21
pemt_tight_junction	key_secondary	b	REACTOME_TIGHT_JUNCTION_INTERACTIONS	control	SLC16A6	0.008728909685568553	234	11
pemt_tight_junction	key_secondary	b	REACTOME_TIGHT_JUNCTION_INTERACTIONS	control	SLC2A8	0.1849316977212529	2160	19
pemt_tight_junction	key_secondary	b	REACTOME_TIGHT_JUNCTION_INTERACTIONS	control	SLC6A4	0.037098149430953506	508	14
pemt_tight_junction	key_secondary	b	REACTOME_TIGHT_JUNCTION_INTERACTIONS	control	SLC7A6OS	0.22409672600740863	2865	20
pemt_tight_junction	key_secondary	b	REACTOME_TIGHT_JUNCTION_INTERACTIONS	control	SLFN12L	0.0007418962344525741	264	5
pemt_tight_junction	key_secondary	b	REACTOME_TIGHT_JUNCTION_INTERACTIONS	control	SMARCD3	0.012740791300055726	222	12
pemt_tight_junction	key_secondary	b	REACTOME_TIGHT_JUNCTION_INTERACTIONS	control	SNAI3-AS1	0.024214605271939114	379	14
pemt_tight_junction	key_secondary	b	REACTOME_TIGHT_JUNCTION_INTERACTIONS	control	SNAP25-AS1	0.10210079858215224	1255	17
pemt_tight_junction	key_secondary	b	REACTOME_TIGHT_JUNCTION_INTERACTIONS	control	SNRPB2	0.506552795668077	4423	22
pemt_tight_junction	key_secondary	b	REACTOME_TIGHT_JUNCTION_INTERACTIONS	control	SNX8	0.22185217964856963	2807	20
pemt_tight_junction	key_secondary	b	REACTOME_TIGHT_JUNCTION_INTERACTIONS	control	SOAT1	0.1700090932466651	2339	19
pemt_tight_junction	key_secondary	b	REACTOME_TIGHT_JUNCTION_INTERACTIONS	control	SOCS3	0.008025504284747494	238	11
pemt_tight_junction	key_secondary	b	REACTOME_TIGHT_JUNCTION_INTERACTIONS	control	SP3	1.0500522787476825	8009	23
pemt_tight_junction	key_secondary	b	REACTOME_TIGHT_JUNCTION_INTERACTIONS	control	SPRY4	0.11156870580470148	1479	17
pemt_tight_junction	key_secondary	b	REACTOME_TIGHT_JUNCTION_INTERACTIONS	control	SPTLC1	0.6096260651887435	5896	22
pemt_tight_junction	key_secondary	b	REACTOME_TIGHT_JUNCTION_INTERACTIONS	control	SPTSSB	0.01302000877821317	138	12
pemt_tight_junction	key_secondary	b	REACTOME_TIGHT_JUNCTION_INTERACTIONS	control	SREBF1	0.36891105645034566	3716	21
pemt_tight_junction	key_secondary	b	REACTOME_TIGHT_JUNCTION_INTERACTIONS	control	SREBF2-AS1	0.014429086107578936	224	12
pemt_tight_junction	key_secondary	b	REACTOME_TIGHT_JUNCTION_INTERACTIONS	control	SRFBP1	0.4019444077244571	4147	21
pemt_tight_junction	key_secondary	b	REACTOME_TIGHT_JUNCTION_INTERACTIONS	control	SRRM3	0.3019279001173752	2227	21
pemt_tight_junction	key_secondary	b	REACTOME_TIGHT_JUNCTION_INTERACTIONS	control	SRRT	0.25671040003196455	3203	20
pemt_tight_junction	key_secondary	b	REACTOME_TIGHT_JUNCTION_INTERACTIONS	control	SRSF4	1.0797980919576207	8226	23
pemt_tight_junction	key_secondary	b	REACTOME_TIGHT_JUNCTION_INTERACTIONS	control	SRSF7	0.8141342837230129	7108	23
pemt_tight_junction	key_secondary	b	REACTOME_TIGHT_JUNCTION_INTERACTIONS	control	STAB2	0.014215881128851336	263	12
pemt_tight_junction	key_secondary	b	REACTOME_TIGHT_JUNCTION_INTERACTIONS	control	STAU1	1.5031405333107288	9301	24
pemt_tight_junction	key_secondary	b	REACTOME_TIGHT_JUNCTION_INTERACTIONS	control	STK38	1.6556030755911628	9959	24
pemt_tight_junction	key_secondary	b	REACTOME_TIGHT_JUNCTION_INTERACTIONS	control	STXBP6	1.4322302591697131	8142	24
pemt_tight_junction	key_secondary	b	REACTOME_TIGHT_JUNCTION_INTERACTIONS	control	SWI5	0.10830706465556311	1484	17
pemt_tight_junction	key_secondary	b	REACTOME_TIGHT_JUNCTION_INTERACTIONS	control	SYCE1L	0.03456716268958692	520	14
pemt_tight_junction	key_secondary	b	REACTOME_TIGHT_JUNCTION_INTERACTIONS	control	SYNE2	3.113909536069184	10247	24
pemt_tight_junction	key_secondary	b	REACTOME_TIGHT_JUNCTION_INTERACTIONS	control	SYT10	0.000901089286705907	15	5
pemt_tight_junction	key_secondary	b	REACTOME_TIGHT_JUNCTION_INTERACTIONS	control	TBC1D32	0.9057665302138516	6604	23
pemt_tight_junction	key_secondary	b	REACTOME_TIGHT_JUNCTION_INTERACTIONS	control	TBX5	0.0006783853554771814	9	5
pemt_tight_junction	key_secondary	b	REACTOME_TIGHT_JUNCTION_INTERACTIONS	control	TCEAL8	0.08788078519985096	1197	17
pemt_tight_junction	key_secondary	b	REACTOME_TIGHT_JUNCTION_INTERACTIONS	control	TCF3	0.2935225350195988	3339	20
pemt_tight_junction	key_secondary	b	REACTOME_TIGHT_JUNCTION_INTERACTIONS	control	TCTN3	0.3594028468104927	3910	21
pemt_tight_junction	key_secondary	b	REACTOME_TIGHT_JUNCTION_INTERACTIONS	control	TEAD3	0.22765401509679498	2832	20
pemt_tight_junction	key_secondary	b	REACTOME_TIGHT_JUNCTION_INTERACTIONS	control	TECRL	0.0007454549226004908	11	5
pemt_tight_junction	key_secondary	b	REACTOME_TIGHT_JUNCTION_INTERACTIONS	control	THAP1	0.028855484272421142	430	14
pemt_tight_junction	key_secondary	b	REACTOME_TIGHT_JUNCTION_INTERACTIONS	control	THOC7	0.36646527777204135	3972	21
pemt_tight_junction	key_secondary	b	REACTOME_TIGHT_JUNCTION_INTERACTIONS	control	TINCR	0.028798434920355376	433	14
pemt_tight_junction	key_secondary	b	REACTOME_TIGHT_JUNCTION_INTERACTIONS	control	TLE4	0.40228730164995596	3609	21
pemt_tight_junction	key_secondary	b	REACTOME_TIGHT_JUNCTION_INTERACTIONS	control	TMEM106C	0.2983216448126271	3324	20
pemt_tight_junction	key_secondary	b	REACTOME_TIGHT_JUNCTION_INTERACTIONS	control	TMEM120B	0.3019288372327755	3310	21
pemt_tight_junction	key_secondary	b	REACTOME_TIGHT_JUNCTION_INTERACTIONS	control	TMEM184C	0.18690101345792204	2363	19
pemt_tight_junction	key_secondary	b	REACTOME_TIGHT_JUNCTION_INTERACTIONS	control	TMEM202	0.00018739459054281966	3	2
pemt_tight_junction	key_secondary	b	REACTOME_TIGHT_JUNCTION_INTERACTIONS	control	TMEM218	0.05648586165712149	855	15
pemt_tight_junction	key_secondary	b	REACTOME_TIGHT_JUNCTION_INTERACTIONS	control	TMEM38A	0.10708835084907875	1385	17
pemt_tight_junction	key_secondary	b	REACTOME_TIGHT_JUNCTION_INTERACTIONS	control	TMUB1	0.1683670424217661	2149	19
pemt_tight_junction	key_secondary	b	REACTOME_TIGHT_JUNCTION_INTERACTIONS	control	TNFSF12	0.005698420534486836	131	10
pemt_tight_junction	key_secondary	b	REACTOME_TIGHT_JUNCTION_INTERACTIONS	control	TNIK	1.8721709020015944	8044	24
pemt_tight_junction	key_secondary	b	REACTOME_TIGHT_JUNCTION_INTERACTIONS	control	TNNI3	0.014098881870960561	213	12
pemt_tight_junction	key_secondary	b	REACTOME_TIGHT_JUNCTION_INTERACTIONS	control	TNNI3K	0.03615687669972896	479	14
pemt_tight_junction	key_secondary	b	REACTOME_TIGHT_JUNCTION_INTERACTIONS	control	TOMM34	0.2019536002294826	2432	19
pemt_tight_junction	key_secondary	b	REACTOME_TIGHT_JUNCTION_INTERACTIONS	control	TOPORS	0.18710804293504035	2391	19
pemt_tight_junction	key_secondary	b	REACTOME_TIGHT_JUNCTION_INTERACTIONS	control	TPCN2	0.11105905335008634	1588	17
pemt_tight_junction	key_secondary	b	REACTOME_TIGHT_JUNCTION_INTERACTIONS	control	TPRG1-AS2	6.246486351427322e-05	1	0
pemt_tight_junction	key_secondary	b	REACTOME_TIGHT_JUNCTION_INTERACTIONS	control	TRABD2B	0.04695147660160303	605	15
pemt_tight_junction	key_secondary	b	REACTOME_TIGHT_JUNCTION_INTERACTIONS	control	TRAK1	1.084283863789246	8344	23
pemt_tight_junction	key_secondary	b	REACTOME_TIGHT_JUNCTION_INTERACTIONS	control	TRAK2	0.38843557757406116	4166	21
pemt_tight_junction	key_secondary	b	REACTOME_TIGHT_JUNCTION_INTERACTIONS	control	TRAV32	6.246486351427322e-05	1	0
pemt_tight_junction	key_secondary	b	REACTOME_TIGHT_JUNCTION_INTERACTIONS	control	TRAV8-3	6.246486351427322e-05	1	0
pemt_tight_junction	key_secondary	b	REACTOME_TIGHT_JUNCTION_INTERACTIONS	control	TRBV6-6	9.640299865829019e-17	1	0
pemt_tight_junction	key_secondary	b	REACTOME_TIGHT_JUNCTION_INTERACTIONS	control	TRGJP	6.246486351427322e-05	1	0
pemt_tight_junction	key_secondary	b	REACTOME_TIGHT_JUNCTION_INTERACTIONS	control	TRIM35	0.09170236177097912	1241	17
pemt_tight_junction	key_secondary	b	REACTOME_TIGHT_JUNCTION_INTERACTIONS	control	TRIM54	0.023254247558087804	322	13
pemt_tight_junction	key_secondary	b	REACTOME_TIGHT_JUNCTION_INTERACTIONS	control	TRMO	0.04085631791898524	625	15
pemt_tight_junction	key_secondary	b	REACTOME_TIGHT_JUNCTION_INTERACTIONS	control	TRPC4AP	1.8697660396678204	10672	24
pemt_tight_junction	key_secondary	b	REACTOME_TIGHT_JUNCTION_INTERACTIONS	control	TRPM3	1.1072679899940194	1756	24
pemt_tight_junction	key_secondary	b	REACTOME_TIGHT_JUNCTION_INTERACTIONS	control	TUBB2B	0.020492909216584424	262	13
pemt_tight_junction	key_secondary	b	REACTOME_TIGHT_JUNCTION_INTERACTIONS	control	TXNDC16	0.21448962018940995	2398	19
pemt_tight_junction	key_secondary	b	REACTOME_TIGHT_JUNCTION_INTERACTIONS	control	UPK3A	0.011408030239919228	178	12
pemt_tight_junction	key_secondary	b	REACTOME_TIGHT_JUNCTION_INTERACTIONS	control	UQCRFS1	0.34684344621100544	3791	21
pemt_tight_junction	key_secondary	b	REACTOME_TIGHT_JUNCTION_INTERACTIONS	control	VAMP1	0.008230875626283655	151	11
pemt_tight_junction	key_secondary	b	REACTOME_TIGHT_JUNCTION_INTERACTIONS	control	VARS2	0.05433672752183187	820	15
pemt_tight_junction	key_secondary	b	REACTOME_TIGHT_JUNCTION_INTERACTIONS	control	VAV3	2.8059425497737887	9888	24
pemt_tight_junction	key_secondary	b	REACTOME_TIGHT_JUNCTION_INTERACTIONS	control	VCPIP1	0.3018440663892745	3340	21
pemt_tight_junction	key_secondary	b	REACTOME_TIGHT_JUNCTION_INTERACTIONS	control	VCX3A	5.800165252285229e-05	1	0
pemt_tight_junction	key_secondary	b	REACTOME_TIGHT_JUNCTION_INTERACTIONS	control	VDAC2	0.7342003410146531	6350	23
pemt_tight_junction	key_secondary	b	REACTOME_TIGHT_JUNCTION_INTERACTIONS	control	WARS2-AS1	0.7857465139148122	6617	23
pemt_tight_junction	key_secondary	b	REACTOME_TIGHT_JUNCTION_INTERACTIONS	control	WARS2-IT1	0.013358316571404669	209	12
pemt_tight_junction	key_secondary	b	REACTOME_TIGHT_JUNCTION_INTERACTIONS	control	WDFY2	0.5389527247213289	4886	22
pemt_tight_junction	key_secondary	b	REACTOME_TIGHT_JUNCTION_INTERACTIONS	control	WDR24	0.041940982437526954	593	15
pemt_tight_junction	key_secondary	b	REACTOME_TIGHT_JUNCTION_INTERACTIONS	control	WDR5	0.2678397854216369	3266	20
pemt_tight_junction	key_secondary	b	REACTOME_TIGHT_JUNCTION_INTERACTIONS	control	WNT9B	0.0008504702609854352	15	5
pemt_tight_junction	key_secondary	b	REACTOME_TIGHT_JUNCTION_INTERACTIONS	control	WRAP73	0.09282117773393563	1346	17
pemt_tight_junction	key_secondary	b	REACTOME_TIGHT_JUNCTION_INTERACTIONS	control	WWTR1-IT1	0.00024229577393526232	5	2
pemt_tight_junction	key_secondary	b	REACTOME_TIGHT_JUNCTION_INTERACTIONS	control	XPO7	0.45097852605474487	4437	22
pemt_tight_junction	key_secondary	b	REACTOME_TIGHT_JUNCTION_INTERACTIONS	control	YTHDF2	0.5137174360957185	5161	22
pemt_tight_junction	key_secondary	b	REACTOME_TIGHT_JUNCTION_INTERACTIONS	control	Z82244.2	0.00018739459054281966	3	2
pemt_tight_junction	key_secondary	b	REACTOME_TIGHT_JUNCTION_INTERACTIONS	control	Z95115.2	0.0006212756950825918	10	5
pemt_tight_junction	key_secondary	b	REACTOME_TIGHT_JUNCTION_INTERACTIONS	control	Z99572.1	0.03366658958118976	498	14
pemt_tight_junction	key_secondary	b	REACTOME_TIGHT_JUNCTION_INTERACTIONS	control	ZC3H12C	0.2664774492088878	2539	20
pemt_tight_junction	key_secondary	b	REACTOME_TIGHT_JUNCTION_INTERACTIONS	control	ZC3H7A	0.42961676761966716	4673	22
pemt_tight_junction	key_secondary	b	REACTOME_TIGHT_JUNCTION_INTERACTIONS	control	ZCCHC7	4.412011974967685	13115	24
pemt_tight_junction	key_secondary	b	REACTOME_TIGHT_JUNCTION_INTERACTIONS	control	ZFPM2	0.017116815528642235	499	13
pemt_tight_junction	key_secondary	b	REACTOME_TIGHT_JUNCTION_INTERACTIONS	control	ZFYVE27	0.3747599087118009	4270	21
pemt_tight_junction	key_secondary	b	REACTOME_TIGHT_JUNCTION_INTERACTIONS	control	ZFYVE28	0.19889319899047356	2340	19
pemt_tight_junction	key_secondary	b	REACTOME_TIGHT_JUNCTION_INTERACTIONS	control	ZNF106	0.3791023915042151	4122	21
pemt_tight_junction	key_secondary	b	REACTOME_TIGHT_JUNCTION_INTERACTIONS	control	ZNF134	0.023860438506766602	372	13
pemt_tight_junction	key_secondary	b	REACTOME_TIGHT_JUNCTION_INTERACTIONS	control	ZNF142	0.11666153143195243	1610	17
pemt_tight_junction	key_secondary	b	REACTOME_TIGHT_JUNCTION_INTERACTIONS	control	ZNF18	0.04692710990148918	688	15
pemt_tight_junction	key_secondary	b	REACTOME_TIGHT_JUNCTION_INTERACTIONS	control	ZNF311	0.03945260187457991	577	15
pemt_tight_junction	key_secondary	b	REACTOME_TIGHT_JUNCTION_INTERACTIONS	control	ZNF404	0.012679285781284771	201	12
pemt_tight_junction	key_secondary	b	REACTOME_TIGHT_JUNCTION_INTERACTIONS	control	ZNF416	0.006787675817571712	109	11
pemt_tight_junction	key_secondary	b	REACTOME_TIGHT_JUNCTION_INTERACTIONS	control	ZNF43	0.2028823099742006	2229	19
pemt_tight_junction	key_secondary	b	REACTOME_TIGHT_JUNCTION_INTERACTIONS	control	ZNF451	0.8542988668994345	7057	23
pemt_tight_junction	key_secondary	b	REACTOME_TIGHT_JUNCTION_INTERACTIONS	control	ZNF512	0.21726569656778885	2569	19
pemt_tight_junction	key_secondary	b	REACTOME_TIGHT_JUNCTION_INTERACTIONS	control	ZNF536	0.00441525463340388	69	10
pemt_tight_junction	key_secondary	b	REACTOME_TIGHT_JUNCTION_INTERACTIONS	control	ZNF695	0.09223240943440209	993	17
pemt_tight_junction	key_secondary	b	REACTOME_TIGHT_JUNCTION_INTERACTIONS	control	ZNF707	0.09518762256674852	1335	17
pemt_tight_junction	key_secondary	b	REACTOME_TIGHT_JUNCTION_INTERACTIONS	control	ZNF766	0.20452430091662857	2582	19
pemt_tight_junction	key_secondary	b	REACTOME_TIGHT_JUNCTION_INTERACTIONS	control	ZNF777	0.08628402027186358	1170	17
pemt_tight_junction	key_secondary	b	REACTOME_TIGHT_JUNCTION_INTERACTIONS	control	ZNF830	0.09786991902834553	1319	17
pemt_tight_junction	key_secondary	b	REACTOME_TIGHT_JUNCTION_INTERACTIONS	control	ZNF836	0.048788242824401244	724	15
pemt_tight_junction	key_secondary	b	REACTOME_TIGHT_JUNCTION_INTERACTIONS	target	CLDN1	0.7401467175142356	5204	23
pemt_tight_junction	key_secondary	b	REACTOME_TIGHT_JUNCTION_INTERACTIONS	target	CLDN10	0.056173523262270895	559	15
pemt_tight_junction	key_secondary	b	REACTOME_TIGHT_JUNCTION_INTERACTIONS	target	CLDN11	0.05206503404900215	630	15
pemt_tight_junction	key_secondary	b	REACTOME_TIGHT_JUNCTION_INTERACTIONS	target	CLDN12	0.35629173620880966	3840	21
pemt_tight_junction	key_secondary	b	REACTOME_TIGHT_JUNCTION_INTERACTIONS	target	CLDN14	0.0043030364386962335	90	10
pemt_tight_junction	key_secondary	b	REACTOME_TIGHT_JUNCTION_INTERACTIONS	target	CLDN15	0.2210615570901579	2375	20
pemt_tight_junction	key_secondary	b	REACTOME_TIGHT_JUNCTION_INTERACTIONS	target	CLDN16	0.08425921451718932	984	17
pemt_tight_junction	key_secondary	b	REACTOME_TIGHT_JUNCTION_INTERACTIONS	target	CLDN18	0.0502327584232892	363	15
pemt_tight_junction	key_secondary	b	REACTOME_TIGHT_JUNCTION_INTERACTIONS	target	CLDN19	0.0006246486351427324	10	5
pemt_tight_junction	key_secondary	b	REACTOME_TIGHT_JUNCTION_INTERACTIONS	target	CLDN2	0.16305492584818077	1257	19
pemt_tight_junction	key_secondary	b	REACTOME_TIGHT_JUNCTION_INTERACTIONS	target	CLDN20	0.04594191429847199	683	15
pemt_tight_junction	key_secondary	b	REACTOME_TIGHT_JUNCTION_INTERACTIONS	target	CLDN22	6.246486351427322e-05	1	0
pemt_tight_junction	key_secondary	b	REACTOME_TIGHT_JUNCTION_INTERACTIONS	target	CLDN23	0.032262158632889025	471	14
pemt_tight_junction	key_secondary	b	REACTOME_TIGHT_JUNCTION_INTERACTIONS	target	CLDN3	2.661804816738723	10314	24
pemt_tight_junction	key_secondary	b	REACTOME_TIGHT_JUNCTION_INTERACTIONS	target	CLDN4	2.9669986305513665	10871	24
pemt_tight_junction	key_secondary	b	REACTOME_TIGHT_JUNCTION_INTERACTIONS	target	CLDN5	0.0001732363102698182	26	2
pemt_tight_junction	key_secondary	b	REACTOME_TIGHT_JUNCTION_INTERACTIONS	target	CLDN6	0.0027116388166276164	40	8
pemt_tight_junction	key_secondary	b	REACTOME_TIGHT_JUNCTION_INTERACTIONS	target	CLDN7	1.4741119457904046	8689	24
pemt_tight_junction	key_secondary	b	REACTOME_TIGHT_JUNCTION_INTERACTIONS	target	CLDN8	0.002238685450761499	27	8
pemt_tight_junction	key_secondary	b	REACTOME_TIGHT_JUNCTION_INTERACTIONS	target	CLDN9	0.006655118021471372	100	11
pemt_tight_junction	key_secondary	b	REACTOME_TIGHT_JUNCTION_INTERACTIONS	target	CRB3	0.09467347039892827	1233	17
pemt_tight_junction	key_secondary	b	REACTOME_TIGHT_JUNCTION_INTERACTIONS	target	F11R	0.6222576551035556	5590	22
pemt_tight_junction	key_secondary	b	REACTOME_TIGHT_JUNCTION_INTERACTIONS	target	PARD3	6.531203660078736	13625	24
pemt_tight_junction	key_secondary	b	REACTOME_TIGHT_JUNCTION_INTERACTIONS	target	PARD6A	0.0160638824923435	249	13
pemt_tight_junction	key_secondary	b	REACTOME_TIGHT_JUNCTION_INTERACTIONS	target	PARD6B	0.7400831427771648	6111	23
pemt_tight_junction	key_secondary	b	REACTOME_TIGHT_JUNCTION_INTERACTIONS	target	PARD6G	0.011561133025268743	197	12
pemt_tight_junction	key_secondary	b	REACTOME_TIGHT_JUNCTION_INTERACTIONS	target	PATJ	4.934652310828392	14145	24
pemt_tight_junction	key_secondary	b	REACTOME_TIGHT_JUNCTION_INTERACTIONS	target	PRKCI	0.7339433990253689	6415	23
