set_id	gene_rank	gene
"FROZEN_REC_TOP50"	1	"ANKRD37"
"FROZEN_REC_TOP50"	2	"SDCBP2"
"FROZEN_REC_TOP50"	3	"DUOXA2"
"FROZEN_REC_TOP50"	4	"DUOX2"
"FROZEN_REC_TOP50"	5	"TSPAN1"
"FROZEN_REC_TOP50"	6	"PLAUR"
"FROZEN_REC_TOP50"	7	"QSOX1"
"FROZEN_REC_TOP50"	8	"MUC13"
"FROZEN_REC_TOP50"	9	"KRT20"
"FROZEN_REC_TOP50"	10	"C4BPB"
"FROZEN_REC_TOP50"	11	"SLC16A3"
"FROZEN_REC_TOP50"	12	"STBD1"
"FROZEN_REC_TOP50"	13	"CEACAM1"
"FROZEN_REC_TOP50"	14	"P4HA2"
"FROZEN_REC_TOP50"	15	"KRT80"
"FROZEN_REC_TOP50"	16	"NDRG1"
"FROZEN_REC_TOP50"	17	"DDX60"
"FROZEN_REC_TOP50"	18	"KLF4"
"FROZEN_REC_TOP50"	19	"CYP3A5"
"FROZEN_REC_TOP50"	20	"BIRC3"
"FROZEN_REC_TOP50"	21	"APOL1"
"FROZEN_REC_TOP50"	22	"ADGRF1"
"FROZEN_REC_TOP50"	23	"GSN"
"FROZEN_REC_TOP50"	24	"HIF1A-AS3"
"FROZEN_REC_TOP50"	25	"ADM"
"FROZEN_REC_TOP50"	26	"NDUFA4L2"
"FROZEN_REC_TOP50"	27	"CDHR5"
"FROZEN_REC_TOP50"	28	"MX2"
"FROZEN_REC_TOP50"	29	"OAS1"
"FROZEN_REC_TOP50"	30	"COL17A1"
"FROZEN_REC_TOP50"	31	"FXYD3"
"FROZEN_REC_TOP50"	32	"BTG1"
"FROZEN_REC_TOP50"	33	"JUP"
"FROZEN_REC_TOP50"	34	"ANGPTL4"
"FROZEN_REC_TOP50"	35	"ISG15"
"FROZEN_REC_TOP50"	36	"MXD1"
"FROZEN_REC_TOP50"	37	"ARFGAP3"
"FROZEN_REC_TOP50"	38	"CLDN3"
"FROZEN_REC_TOP50"	39	"IL32"
"FROZEN_REC_TOP50"	40	"APOL6"
"FROZEN_REC_TOP50"	41	"RHOC"
"FROZEN_REC_TOP50"	42	"ABCG1"
"FROZEN_REC_TOP50"	43	"RSAD2"
"FROZEN_REC_TOP50"	44	"DUSP5"
"FROZEN_REC_TOP50"	45	"PNCK"
"FROZEN_REC_TOP50"	46	"PTPRH"
"FROZEN_REC_TOP50"	47	"FHL2"
"FROZEN_REC_TOP50"	48	"LDHA"
"FROZEN_REC_TOP50"	49	"GRHL1"
"FROZEN_REC_TOP50"	50	"EGLN3"
"OGDEN_EPIHR"	1	"NGRN"
"OGDEN_EPIHR"	2	"FBXL13"
"OGDEN_EPIHR"	3	"ITGA3"
"OGDEN_EPIHR"	4	"SLC25A25"
"OGDEN_EPIHR"	5	"SEMA4B"
"OGDEN_EPIHR"	6	"MAPK3"
"OGDEN_EPIHR"	7	"RIN1"
"OGDEN_EPIHR"	8	"PNPLA2"
"OGDEN_EPIHR"	9	"RHOD"
"OGDEN_EPIHR"	10	"MID1IP1"
"OGDEN_EPIHR"	11	"DDR1"
"OGDEN_EPIHR"	12	"LAMB3"
"OGDEN_EPIHR"	13	"FLRT1"
"OGDEN_EPIHR"	14	"PRSS22"
"OGDEN_EPIHR"	15	"LAMC2"
"OGDEN_EPIHR"	16	"HOXA4"
"OGDEN_EPIHR"	17	"FAM83A"
"OGDEN_EPIHR"	18	"EXOC7"
"OGDEN_EPIHR"	19	"TNFRSF21"
"OGDEN_EPIHR"	20	"RIPK4"
"OGDEN_EPIHR"	21	"PRPH"
"OGDEN_EPIHR"	22	"KRT19"
"OGDEN_EPIHR"	23	"COLEC10"
"OGDEN_EPIHR"	24	"SPINT1"
"OGDEN_EPIHR"	25	"VGLL1"
"OGDEN_EPIHR"	26	"ZNF185"
"OGDEN_EPIHR"	27	"GJB3"
"OGDEN_EPIHR"	28	"PAEP"
"OGDEN_EPIHR"	29	"RIMBP2"
"OGDEN_EPIHR"	30	"WFDC3"
"OGDEN_EPIHR"	31	"GAS6"
"OGDEN_EPIHR"	32	"HTR2C"
"OGDEN_EPIHR"	33	"MROH6"
"OGDEN_EPIHR"	34	"CAPN12"
"OGDEN_EPIHR"	35	"FBXL14"
"OGDEN_EPIHR"	36	"MAGI2"
"OGDEN_EPIHR"	37	"ANXA3"
"OGDEN_EPIHR"	38	"PPL"
"OGDEN_EPIHR"	39	"BAIAP2"
"OGDEN_EPIHR"	40	"LINGO1"
"OGDEN_EPIHR"	41	"KLK7"
"OGDEN_EPIHR"	42	"EPHA2"
"OGDEN_EPIHR"	43	"KRT17"
"OGDEN_EPIHR"	44	"SCGN"
"OGDEN_EPIHR"	45	"KLK5"
"OGDEN_EPIHR"	46	"LAMA3"
"OGDEN_EPIHR"	47	"EPS8L1"
"OGDEN_EPIHR"	48	"FXYD4"
"OGDEN_EPIHR"	49	"SNX24"
"OGDEN_EPIHR"	50	"SLC22A18"
"OGDEN_EPIHR"	51	"KLK8"
"OGDEN_EPIHR"	52	"KCNN4"
"OGDEN_EPIHR"	53	"RASAL1"
"OGDEN_EPIHR"	54	"LEMD1"
"OGDEN_EPIHR"	55	"KCNK3"
"OGDEN_EPIHR"	56	"RNF39"
"OGDEN_EPIHR"	57	"HIST2H2BE"
"OGDEN_EPIHR"	58	"LMO7"
"OGDEN_EPIHR"	59	"C1ORF116"
"OGDEN_EPIHR"	60	"PSORS1C1"
"OGDEN_EPIHR"	61	"GPRC5A"
"OGDEN_EPIHR"	62	"SEZ6L2"
"OGDEN_EPIHR"	63	"C19ORF33"
"OGDEN_EPIHR"	64	"GDPD3"
"OGDEN_EPIHR"	65	"KLK10"
"OGDEN_EPIHR"	66	"SLC20A1"
"OGDEN_EPIHR"	67	"KLK11"
"OGDEN_EPIHR"	68	"KLK6"
"OGDEN_EPIHR"	69	"SCEL"
"OGDEN_EPIHR"	70	"KCNJ16"
"OGDEN_EPIHR"	71	"KRT80"
"OGDEN_EPIHR"	72	"CAMK2N1"
"OGDEN_EPIHR"	73	"KRT6A"
"OGDEN_EPIHR"	74	"DISP2"
"OGDEN_EPIHR"	75	"SLC2A1"
"OGDEN_EPIHR"	76	"SCNN1A"
"OGDEN_EPIHR"	77	"TM4SF4"
"OGDEN_EPIHR"	78	"MSLN"
"OGDEN_EPIHR"	79	"COL17A1"
"OGDEN_EPIHR"	80	"FAM155A"
"OGDEN_EPIHR"	81	"KRT6B"
"OGDEN_EPIHR"	82	"PLA2G10"
"OGDEN_EPIHR"	83	"MYBPC1"
"OGDEN_EPIHR"	84	"SFTA2"
"OGDEN_EPIHR"	85	"SLPI"
"OGDEN_EPIHR"	86	"VSIG2"
"OGDEN_EPIHR"	87	"RHBDL2"
"OGDEN_EPIHR"	88	"SERPINB5"
"OGDEN_EPIHR"	89	"S100A2"
"OGDEN_EPIHR"	90	"MMP7"
"OGDEN_EPIHR"	91	"CTSE"
"OGDEN_EPIHR"	92	"NXF3"
"OGDEN_EPIHR"	93	"GSTA2"
"OGDEN_EPIHR"	94	"GSTA1"
"OGDEN_EPIHR"	95	"CLSTN2"
"OGDEN_EPIHR"	96	"HOXB8"
"OGDEN_EPIHR"	97	"GABRP"
"OGDEN_EPIHR"	98	"TACSTD2"
"OGDEN_EPIHR"	99	"DUSP27"
"CANELLAS_CORE_HRC"	1	"LAMB3"
"CANELLAS_CORE_HRC"	2	"SDCBP2"
"CANELLAS_CORE_HRC"	3	"EMP1"
"CANELLAS_CORE_HRC"	4	"EPS8L1"
"CANELLAS_CORE_HRC"	5	"JUP"
"CANELLAS_CORE_HRC"	6	"LMO7"
"CANELLAS_CORE_HRC"	7	"MYOF"
"CANELLAS_CORE_HRC"	8	"ITGB4"
"CANELLAS_CORE_HRC"	9	"GPRC5A"
"CANELLAS_CORE_HRC"	10	"AHNAK"
"CANELLAS_CORE_HRC"	11	"CAMK2N1"
"CANELLAS_CORE_HRC"	12	"C19ORF33"
"CANELLAS_CORE_HRC"	13	"MYH14"
"CANELLAS_CORE_HRC"	14	"CD55"
"CANELLAS_CORE_HRC"	15	"RHOF"
"CANELLAS_CORE_HRC"	16	"TMBIM1"
"CANELLAS_CORE_HRC"	17	"SEMA3B"
"CANELLAS_CORE_HRC"	18	"TINAGL1"
"CANELLAS_CORE_HRC"	19	"MISP"
"CANELLAS_CORE_HRC"	20	"COL17A1"
"CANELLAS_CORE_HRC"	21	"PLEC"
"CANELLAS_CORE_HRC"	22	"TSPAN1"
"CANELLAS_CORE_HRC"	23	"ABHD11-AS1"
"CANELLAS_CORE_HRC"	24	"PTPRH"
"CANELLAS_CORE_HRC"	25	"CRB3"
"CANELLAS_CORE_HRC"	26	"ITGA3"
"CANELLAS_CORE_HRC"	27	"RIOK3"
"CANELLAS_CORE_HRC"	28	"LAMC2"
"CANELLAS_CORE_HRC"	29	"CYP3A5"
"CANELLAS_CORE_HRC"	30	"FA2H"
"CANELLAS_CORE_HRC"	31	"RRAS"
"CANELLAS_CORE_HRC"	32	"MUC13"
"CANELLAS_CORE_HRC"	33	"CEACAM1"
"CANELLAS_CORE_HRC"	34	"TMPRSS2"
"CANELLAS_CORE_HRC"	35	"SERINC2"
"CANELLAS_CORE_HRC"	36	"SLC44A4"
"CANELLAS_CORE_HRC"	37	"PCDH1"
"CANELLAS_CORE_HRC"	38	"USP53"
"CANELLAS_CORE_HRC"	39	"C1ORF106"
"CANELLAS_CORE_HRC"	40	"FLNB"
"CANELLAS_CORE_HRC"	41	"CXCL16"
"CANELLAS_CORE_HRC"	42	"EZR"
"CANELLAS_CORE_HRC"	43	"TNFRSF21"
"CANELLAS_CORE_HRC"	44	"CDA"
"CANELLAS_CORE_HRC"	45	"ADAM9"
"CANELLAS_CORE_HRC"	46	"RNF103"
"CANELLAS_CORE_HRC"	47	"KRT80"
"CANELLAS_CORE_HRC"	48	"EFNB1"
"CANELLAS_CORE_HRC"	49	"SMAD3"
"CANELLAS_CORE_HRC"	50	"PDZK1IP1"
"CANELLAS_CORE_HRC"	51	"LRP10"
"CANELLAS_CORE_HRC"	52	"PRSS22"
"CANELLAS_CORE_HRC"	53	"AHNAK2"
"CANELLAS_CORE_HRC"	54	"B4GALT1"
"CANELLAS_CORE_HRC"	55	"ANXA11"
"CANELLAS_CORE_HRC"	56	"BAIAP2L1"
"CANELLAS_CORE_HRC"	57	"F11R"
"CANELLAS_CORE_HRC"	58	"DUSP5"
"CANELLAS_CORE_HRC"	59	"DDR1"
"CANELLAS_CORE_HRC"	60	"ITGB1"
"CANELLAS_CORE_HRC"	61	"SLC2A1"
"CANELLAS_CORE_HRC"	62	"CDKN2B"
"CANELLAS_CORE_HRC"	63	"PLAUR"
"CANELLAS_CORE_HRC"	64	"ITGA2"
"CANELLAS_CORE_HRC"	65	"CDCP1"
"CANELLAS_CORE_HRC"	66	"CD59"
"CANELLAS_CORE_HRC"	67	"DSG2"
"CANELLAS_CORE_HRC"	68	"KLK10"
"CANELLAS_CORE_HRC"	69	"ARFGAP3"
"CANELLAS_CORE_HRC"	70	"CD68"
"CANELLAS_CORE_HRC"	71	"CGN"
"CANELLAS_CORE_HRC"	72	"TM4SF1"
"CANELLAS_CORE_HRC"	73	"PPP2CB"
"CANELLAS_CORE_HRC"	74	"HEBP2"
"CANELLAS_CORE_HRC"	75	"UGCG"
"CANELLAS_CORE_HRC"	76	"GBP3"
"CANELLAS_CORE_HRC"	77	"TIMP2"
"CANELLAS_CORE_HRC"	78	"PINK1"
"CANELLAS_CORE_HRC"	79	"CYSTM1"
"CANELLAS_CORE_HRC"	80	"SLC6A8"
"CANELLAS_CORE_HRC"	81	"PPARD"
"CANELLAS_CORE_HRC"	82	"LIPH"
"CANELLAS_CORE_HRC"	83	"CLIC3"
"CANELLAS_CORE_HRC"	84	"SPINT1"
"CANELLAS_CORE_HRC"	85	"PTK6"
"CANELLAS_CORE_HRC"	86	"TJP3"
"CANELLAS_CORE_HRC"	87	"STK24"
"CANELLAS_CORE_HRC"	88	"AC009133.12"
"CANELLAS_CORE_HRC"	89	"CEACAM5"
"CANELLAS_CORE_HRC"	90	"MXD1"
"CANELLAS_CORE_HRC"	91	"SNX9"
"CANELLAS_CORE_HRC"	92	"ERO1L"
"CANELLAS_CORE_HRC"	93	"SSFA2"
"CANELLAS_CORE_HRC"	94	"TSPAN3"
"CANELLAS_CORE_HRC"	95	"SLPI"
"CANELLAS_CORE_HRC"	96	"BMP2"
"CANELLAS_CORE_HRC"	97	"GJB3"
"CANELLAS_CORE_HRC"	98	"LAMA3"
"CANELLAS_CORE_HRC"	99	"TMPRSS4"
"CANELLAS_CORE_HRC"	100	"B4GALNT3"
"PUBLISHED_FETAL"	1	"SPP1"
"PUBLISHED_FETAL"	2	"GJA1"
"PUBLISHED_FETAL"	3	"BASP1"
"PUBLISHED_FETAL"	4	"TACSTD2"
"PUBLISHED_FETAL"	5	"SFTPD"
"PUBLISHED_FETAL"	6	"MAL"
"PUBLISHED_FETAL"	7	"CLU"
"PUBLISHED_FETAL"	8	"WFDC2"
"PUBLISHED_FETAL"	9	"MSLN"
"PUBLISHED_FETAL"	10	"VSIG1"
"PUBLISHED_FETAL"	11	"TUBB6"
"PUBLISHED_FETAL"	12	"CRIP2"
"PUBLISHED_FETAL"	13	"ANXA1"
"PUBLISHED_FETAL"	14	"COL4A1"
"PUBLISHED_FETAL"	15	"IL33"
"PUBLISHED_FETAL"	16	"COL4A2"
"PUBLISHED_FETAL"	17	"KRT4"
"PUBLISHED_FETAL"	18	"IGFBP7"
"PUBLISHED_FETAL"	19	"AKAP13"
"PUBLISHED_FETAL"	20	"ECSCR"
"PUBLISHED_FETAL"	21	"GKN1"
"PUBLISHED_FETAL"	22	"CDH13"
"PUBLISHED_FETAL"	23	"SLC45A3"
"PUBLISHED_FETAL"	24	"EFNA5"
"PUBLISHED_FETAL"	25	"ANXA8"
"PUBLISHED_FETAL"	26	"ACSM3"
"PUBLISHED_FETAL"	27	"PPIC"
"PUBLISHED_FETAL"	28	"ANXA3"
"PUBLISHED_FETAL"	29	"EDA2R"
"PUBLISHED_FETAL"	30	"S100A6"
"PUBLISHED_FETAL"	31	"EFEMP1"
"PUBLISHED_FETAL"	32	"DDIT4L"
"PUBLISHED_FETAL"	33	"PDZK1IP1"
"PUBLISHED_FETAL"	34	"LY6D"
"PUBLISHED_FETAL"	35	"LAPTM5"
"PUBLISHED_FETAL"	36	"PLEKHS1"
"PUBLISHED_FETAL"	37	"HS6ST2"
"PUBLISHED_FETAL"	38	"SLC4A11"
"PUBLISHED_FETAL"	39	"CRYAB"
"PUBLISHED_FETAL"	40	"SH3KBP1"
"PUBLISHED_FETAL"	41	"SAMD5"
"PUBLISHED_FETAL"	42	"PHLDA3"
"PUBLISHED_FETAL"	43	"KRT7"
"PUBLISHED_FETAL"	44	"IL1RN"
"PUBLISHED_FETAL"	45	"CCND1"
"PUBLISHED_FETAL"	46	"PLAUR"
"PUBLISHED_FETAL"	47	"SYT8"
"PUBLISHED_FETAL"	48	"TMEM40"
"PUBLISHED_FETAL"	49	"PTP4A3"
"PUBLISHED_FETAL"	50	"GPX2"
"PUBLISHED_FETAL"	51	"PSAPL1"
"PUBLISHED_FETAL"	52	"S100A11"
"PUBLISHED_FETAL"	53	"PSCA"
"PUBLISHED_FETAL"	54	"SOX21"
"PUBLISHED_FETAL"	55	"FABP5"
"PUBLISHED_FETAL"	56	"COL18A1"
"PUBLISHED_FETAL"	57	"CD14"
"PUBLISHED_FETAL"	58	"PMM1"
"PUBLISHED_FETAL"	59	"PLK2"
"PUBLISHED_FETAL"	60	"CLIC3"
"PUBLISHED_FETAL"	61	"NCMAP"
"PUBLISHED_FETAL"	62	"EREG"
"PUBLISHED_FETAL"	63	"ICAM1"
"PUBLISHED_FETAL"	64	"CCNG1"
"PUBLISHED_FETAL"	65	"RBMS1"
"PUBLISHED_FETAL"	66	"MGAT4C"
"PUBLISHED_FETAL"	67	"RDH10"
"PUBLISHED_FETAL"	68	"ENAH"
"PUBLISHED_FETAL"	69	"VNN1"
"PUBLISHED_FETAL"	70	"EPHA4"
"PUBLISHED_FETAL"	71	"PDLIM4"
"PUBLISHED_FETAL"	72	"TNNI2"
"PUBLISHED_FETAL"	73	"IER3"
"PUBLISHED_FETAL"	74	"GLIPR1"
"PUBLISHED_FETAL"	75	"IL17RE"
"PUBLISHED_FETAL"	76	"PRSS22"
"PUBLISHED_FETAL"	77	"TSPAN6"
"PUBLISHED_FETAL"	78	"TNS4"
"PUBLISHED_FETAL"	79	"S100A14"
"PUBLISHED_FETAL"	80	"LAMC2"
"PUBLISHED_FETAL"	81	"ECM1"
"PUBLISHED_FETAL"	82	"SCEL"
"PUBLISHED_FETAL"	83	"OSBPL5"
"PUBLISHED_FETAL"	84	"TLR4"
"PUBLISHED_FETAL"	85	"TIMP2"
"PUBLISHED_FETAL"	86	"TREX2"
"PUBLISHED_FETAL"	87	"GATM"
"PUBLISHED_FETAL"	88	"ZIC4"
"PUBLISHED_FETAL"	89	"ARL4C"
"PUBLISHED_FETAL"	90	"WWTR1"
"PUBLISHED_FETAL"	91	"AQP5"
"PUBLISHED_FETAL"	92	"CAPN2"
"PUBLISHED_FETAL"	93	"CCP110"
"PUBLISHED_FETAL"	94	"EMP2"
"PUBLISHED_FETAL"	95	"ABCC4"
"PUBLISHED_FETAL"	96	"HYAL1"
"PUBLISHED_FETAL"	97	"IFT57"
"PUBLISHED_FETAL"	98	"SLC25A48"
"PUBLISHED_FETAL"	99	"PSRC1"
"PUBLISHED_FETAL"	100	"SLC44A2"
"PUBLISHED_FETAL"	101	"HSPA1A"
"PUBLISHED_FETAL"	102	"PPL"
"PUBLISHED_FETAL"	103	"MGMT"
"PUBLISHED_FETAL"	104	"CXCL16"
"PUBLISHED_FETAL"	105	"P2RY6"
"PUBLISHED_FETAL"	106	"DDAH1"
"PUBLISHED_FETAL"	107	"PMEPA1"
"PUBLISHED_FETAL"	108	"GCNT1"
"PUBLISHED_FETAL"	109	"CGNL1"
"PUBLISHED_FETAL"	110	"EMP1"
"PUBLISHED_FETAL"	111	"BOK"
"PUBLISHED_FETAL"	112	"ILDR1"
"PUBLISHED_FETAL"	113	"ARHGEF3"
"PUBLISHED_FETAL"	114	"MSN"
"PUBLISHED_FETAL"	115	"DCXR"
"PUBLISHED_FETAL"	116	"SPATA6"
"PUBLISHED_FETAL"	117	"ARHGAP44"
"PUBLISHED_FETAL"	118	"RGS19"
"PUBLISHED_FETAL"	119	"NOXO1"
"PUBLISHED_FETAL"	120	"VANGL1"
"PUBLISHED_FETAL"	121	"S100A4"
"PUBLISHED_FETAL"	122	"TSPAN4"
"PUBLISHED_FETAL"	123	"GPR137B"
"PUBLISHED_FETAL"	124	"CCND2"
"PUBLISHED_FETAL"	125	"TTC9"
"PUBLISHED_FETAL"	126	"PDRG1"
"PUBLISHED_FETAL"	127	"VAMP5"
"PUBLISHED_FETAL"	128	"FAR1"
"PUBLISHED_FETAL"	129	"SERPINB5"
"PUBLISHED_FETAL"	130	"CTSH"
"PUBLISHED_FETAL"	131	"AKR1B10"
"PUBLISHED_FETAL"	132	"RAB15"
"PUBLISHED_FETAL"	133	"ZMAT3"
"PUBLISHED_FETAL"	134	"AHNAK"
"PUBLISHED_FETAL"	135	"KRT18"
"PUBLISHED_FETAL"	136	"DAPK1"
"PUBLISHED_FETAL"	137	"FLOT2"
"PUBLISHED_FETAL"	138	"AVPI1"
"PUBLISHED_FETAL"	139	"RAB11FIP5"
"PUBLISHED_FETAL"	140	"PAQR8"
"PUBLISHED_FETAL"	141	"SERPINB11"
"PUBLISHED_FETAL"	142	"PRKAR1A"
"PUBLISHED_FETAL"	143	"LAMA3"
"PUBLISHED_FETAL"	144	"TINAGL1"
"PUBLISHED_FETAL"	145	"MCAM"
"PUBLISHED_FETAL"	146	"NFE2L3"
"PUBLISHED_FETAL"	147	"SH3BGRL2"
"PUBLISHED_FETAL"	148	"LMNA"
"PUBLISHED_FETAL"	149	"SCMH1"
"PUBLISHED_FETAL"	150	"PDLIM7"
"PUBLISHED_FETAL"	151	"FOXQ1"
"PUBLISHED_FETAL"	152	"GCNT3"
"PUBLISHED_FETAL"	153	"TMEM43"
"PUBLISHED_FETAL"	154	"MDM2"
"PUBLISHED_FETAL"	155	"GTSE1"
"PUBLISHED_FETAL"	156	"GPC1"
"PUBLISHED_FETAL"	157	"CAMSAP2"
"PUBLISHED_FETAL"	158	"HSPB1"
"PUBLISHED_FETAL"	159	"EPS8L1"
"PUBLISHED_FETAL"	160	"CKAP2"
"PUBLISHED_FETAL"	161	"GOLGA8S"
"PUBLISHED_FETAL"	162	"PLAT"
"PUBLISHED_FETAL"	163	"WWC2"
"PUBLISHED_FETAL"	164	"INF2"
"PUBLISHED_FETAL"	165	"MRAS"
"PUBLISHED_FETAL"	166	"CHRNB1"
"PUBLISHED_FETAL"	167	"ANXA5"
"PUBLISHED_FETAL"	168	"AK1"
"PUBLISHED_FETAL"	169	"VAX1"
"PUBLISHED_FETAL"	170	"TEAD4"
"PUBLISHED_FETAL"	171	"DYRK3"
"PUBLISHED_FETAL"	172	"ITGB4"
"PUBLISHED_FETAL"	173	"BAX"
"PUBLISHED_FETAL"	174	"ARL1"
"PUBLISHED_FETAL"	175	"RHOD"
"PUBLISHED_FETAL"	176	"MSANTD3"
"PUBLISHED_FETAL"	177	"KLRG2"
"PUBLISHED_FETAL"	178	"CLCF1"
"PUBLISHED_FETAL"	179	"ID2"
"PUBLISHED_FETAL"	180	"SGCB"
"PUBLISHED_FETAL"	181	"AEN"
"PUBLISHED_FETAL"	182	"ABCC5"
"PUBLISHED_FETAL"	183	"FLNC"
"PUBLISHED_FETAL"	184	"PIR"
"PUBLISHED_FETAL"	185	"FMNL2"
"PUBLISHED_FETAL"	186	"CD44"
"PUBLISHED_FETAL"	187	"SLC39A10"
"PUBLISHED_FETAL"	188	"ENDOD1"
"PUBLISHED_FETAL"	189	"MBOAT1"
"PUBLISHED_FETAL"	190	"KIFC3"
"PUBLISHED_FETAL"	191	"CCDC92"
"PUBLISHED_FETAL"	192	"SUSD4"
"PUBLISHED_FETAL"	193	"CNN2"
"PUBLISHED_FETAL"	194	"GNAI1"
"PUBLISHED_FETAL"	195	"RAB27B"
"PUBLISHED_FETAL"	196	"TSPAN2"
"PUBLISHED_FETAL"	197	"USP46"
"PUBLISHED_FETAL"	198	"P2RY2"
"PUBLISHED_FETAL"	199	"CD55"
"PUBLISHED_FETAL"	200	"KRT23"
"PUBLISHED_FETAL"	201	"GSN"
"PUBLISHED_FETAL"	202	"S100A16"
"PUBLISHED_FETAL"	203	"TBC1D2"
"PUBLISHED_FETAL"	204	"SORL1"
"PUBLISHED_FETAL"	205	"FKBP9"
"PUBLISHED_FETAL"	206	"AAAS"
"PUBLISHED_FETAL"	207	"EPN3"
"PUBLISHED_FETAL"	208	"FRMD6"
"PUBLISHED_FETAL"	209	"ALCAM"
"PUBLISHED_FETAL"	210	"ABI3"
"PUBLISHED_FETAL"	211	"B9D1"
"PUBLISHED_FETAL"	212	"ZBTB32"
"PUBLISHED_FETAL"	213	"GJB3"
"PUBLISHED_FETAL"	214	"PLCD3"
"PUBLISHED_FETAL"	215	"BTG2"
"PUBLISHED_FETAL"	216	"SLC19A2"
"PUBLISHED_FETAL"	217	"SLCO4A1"
"PUBLISHED_FETAL"	218	"BAIAP2"
"PUBLISHED_FETAL"	219	"BIVM-ERCC5"
"PUBLISHED_FETAL"	220	"ABHD4"
"PUBLISHED_FETAL"	221	"KCNN4"
"PUBLISHED_FETAL"	222	"DHH"
"PUBLISHED_FETAL"	223	"AP1S3"
"PUBLISHED_FETAL"	224	"WNT4"
"PUBLISHED_FETAL"	225	"GLIS3"
"PUBLISHED_FETAL"	226	"TNFAIP8"
"PUBLISHED_FETAL"	227	"MLKL"
"PUBLISHED_FETAL"	228	"PHLDA2"
"PUBLISHED_FETAL"	229	"FOSL1"
"PUBLISHED_FETAL"	230	"DUSP22"
"PUBLISHED_FETAL"	231	"HSPA2"
"PUBLISHED_FETAL"	232	"WTIP"
"PUBLISHED_FETAL"	233	"KLHL13"
"PUBLISHED_FETAL"	234	"CAMKK1"
"PUBLISHED_FETAL"	235	"CAPN5"
"PUBLISHED_FETAL"	236	"ICA1"
"PUBLISHED_FETAL"	237	"TNFRSF10B"
"PUBLISHED_FETAL"	238	"GADD45B"
"PUBLISHED_FETAL"	239	"EXOC4"
"PUBLISHED_FETAL"	240	"RGS17"
"PUBLISHED_FETAL"	241	"STX11"
"PUBLISHED_FETAL"	242	"RPS19"
"PUBLISHED_FETAL"	243	"GUSB"
"PUBLISHED_FETAL"	244	"SERPINH1"
"PUBLISHED_FETAL"	245	"CPT1C"
"PUBLISHED_FETAL"	246	"BTBD11"
"PUBLISHED_FETAL"	247	"FAM149A"
"PUBLISHED_YAP"	1	"PHLDB2"
"PUBLISHED_YAP"	2	"DOK2"
"PUBLISHED_YAP"	3	"CA2"
"PUBLISHED_YAP"	4	"LAMC2"
"PUBLISHED_YAP"	5	"CDH16"
"PUBLISHED_YAP"	6	"SLC9A4"
"PUBLISHED_YAP"	7	"PHLDA1"
"PUBLISHED_YAP"	8	"P2RX2"
"PUBLISHED_YAP"	9	"SYDE1"
"PUBLISHED_YAP"	10	"EPHA2"
"PUBLISHED_YAP"	11	"CALCB"
"PUBLISHED_YAP"	12	"RND1"
"PUBLISHED_YAP"	13	"SLC7A11"
"PUBLISHED_YAP"	14	"CHRNB1"
"PUBLISHED_YAP"	15	"IL33"
"PUBLISHED_YAP"	16	"ADAM8"
"PUBLISHED_YAP"	17	"TLN2"
"PUBLISHED_YAP"	18	"PTPRT"
"PUBLISHED_YAP"	19	"PSCA"
"PUBLISHED_YAP"	20	"MYOF"
"PUBLISHED_YAP"	21	"ZNF185"
"PUBLISHED_YAP"	22	"SLC25A48"
"PUBLISHED_YAP"	23	"TM4SF4"
"PUBLISHED_YAP"	24	"EREG"
"PUBLISHED_YAP"	25	"LGALS3"
"PUBLISHED_YAP"	26	"ABCC5"
"PUBLISHED_YAP"	27	"AMOTL1"
"PUBLISHED_YAP"	28	"MBOAT1"
"PUBLISHED_YAP"	29	"HSPA1A"
"PUBLISHED_YAP"	30	"LYNX1"
"PUBLISHED_YAP"	31	"GPRC5A"
"PUBLISHED_YAP"	32	"ANXA5"
"PUBLISHED_YAP"	33	"LY6S"
"PUBLISHED_YAP"	34	"SERPINB5"
"PUBLISHED_YAP"	35	"GJB4"
"PUBLISHED_YAP"	36	"RHOD"
"PUBLISHED_YAP"	37	"FOSL1"
"PUBLISHED_YAP"	38	"CYP1A1"
"PUBLISHED_YAP"	39	"PEAR1"
"PUBLISHED_YAP"	40	"C17ORF97"
"PUBLISHED_YAP"	41	"MDFI"
"PUBLISHED_YAP"	42	"UNC13D"
"PUBLISHED_YAP"	43	"OXCT2"
"PUBLISHED_YAP"	44	"LAMA3"
"PUBLISHED_YAP"	45	"PAQR8"
"PUBLISHED_YAP"	46	"MCAM"
"PUBLISHED_YAP"	47	"SLC35E4"
"PUBLISHED_YAP"	48	"DUSP9"
"PUBLISHED_YAP"	49	"F3"
"PUBLISHED_YAP"	50	"CAPN2"
"PUBLISHED_YAP"	51	"GNGT2"
"PUBLISHED_YAP"	52	"S100A6"
"PUBLISHED_YAP"	53	"CLU"
"PUBLISHED_YAP"	54	"GLIPR1"
"PUBLISHED_YAP"	55	"PTRH1"
"PUBLISHED_YAP"	56	"EDN3"
"PUBLISHED_YAP"	57	"GJB3"
"PUBLISHED_YAP"	58	"SGK2"
"PUBLISHED_YAP"	59	"MRC1"
"PUBLISHED_YAP"	60	"KLRG2"
"PUBLISHED_YAP"	61	"EMP1"
"PUBLISHED_YAP"	62	"ACOT9"
"PUBLISHED_YAP"	63	"TRPM6"
"PUBLISHED_YAP"	64	"ANO1"
"PUBLISHED_YAP"	65	"ARHGAP22"
"PUBLISHED_YAP"	66	"PDLIM2"
"PUBLISHED_YAP"	67	"S100A11"
"PUBLISHED_YAP"	68	"TSPAN4"
"PUBLISHED_YAP"	69	"RBMS1"
"PUBLISHED_YAP"	70	"HPCAL4"
"PUBLISHED_YAP"	71	"ARHGAP40"
"PUBLISHED_YAP"	72	"LDHD"
"PUBLISHED_YAP"	73	"GCNT1"
"PUBLISHED_YAP"	74	"SYT12"
"PUBLISHED_YAP"	75	"S100A16"
"PUBLISHED_YAP"	76	"SUOX"
"PUBLISHED_YAP"	77	"ANXA8L1"
"PUBLISHED_YAP"	78	"CXCL16"
"PUBLISHED_YAP"	79	"LAMA5"
"PUBLISHED_YAP"	80	"FGF19"
"PUBLISHED_YAP"	81	"NBL1"
"PUBLISHED_YAP"	82	"MSLN"
"PUBLISHED_YAP"	83	"AHNAK"
"PUBLISHED_YAP"	84	"PMP22"
"PUBLISHED_YAP"	85	"WWC2"
"PUBLISHED_YAP"	86	"CLIC3"
"PUBLISHED_YAP"	87	"ANXA1"
"PUBLISHED_YAP"	88	"SERPINB9"
"PUBLISHED_YAP"	89	"ANXA8"
"PUBLISHED_YAP"	90	"PCOLCE"
"PUBLISHED_YAP"	91	"EHD2"
"PUBLISHED_YAP"	92	"SH3TC2"
"PUBLISHED_YAP"	93	"SYT16"
"PUBLISHED_YAP"	94	"ZFP57"
"PUBLISHED_YAP"	95	"IL1RN"
"PUBLISHED_YAP"	96	"AREG"
"PUBLISHED_YAP"	97	"KRT7"
"PUBLISHED_YAP"	98	"NID1"
"PUBLISHED_YAP"	99	"ANXA3"
"PUBLISHED_YAP"	100	"HSPA1B"
"PUBLISHED_YAP"	101	"SLC12A4"
"PUBLISHED_YAP"	102	"METTL7B"
"PUBLISHED_YAP"	103	"SYT8"
"PUBLISHED_YAP"	104	"SLC25A43"
"PUBLISHED_YAP"	105	"ZFP37"
"PUBLISHED_YAP"	106	"NPNT"
"PUBLISHED_YAP"	107	"AKR1B10"
"PUBLISHED_YAP"	108	"S100A14"
"PUBLISHED_YAP"	109	"RASSF8"
"PUBLISHED_YAP"	110	"KLHL13"
"PUBLISHED_YAP"	111	"KRT23"
"PUBLISHED_YAP"	112	"SH3BP5"
"PUBLISHED_YAP"	113	"ASAP1"
"PUBLISHED_YAP"	114	"CRIP2"
"PUBLISHED_YAP"	115	"TEAD4"
"PUBLISHED_YAP"	116	"S100A4"
"PUBLISHED_YAP"	117	"BICD1"
"PUBLISHED_YAP"	118	"ILDR1"
"PUBLISHED_YAP"	119	"ITGB6"
"PUBLISHED_YAP"	120	"WFDC2"
"PUBLISHED_YAP"	121	"LHFPL2"
"PUBLISHED_YAP"	122	"ANKRD35"
"PUBLISHED_YAP"	123	"TREX2"
"PUBLISHED_YAP"	124	"VNN1"
"PUBLISHED_YAP"	125	"RHOF"
"PUBLISHED_YAP"	126	"PLAUR"
"PUBLISHED_YAP"	127	"WNT7A"
"PUBLISHED_YAP"	128	"TM4SF1"
"PUBLISHED_YAP"	129	"PLAU"
"PUBLISHED_YAP"	130	"GML"
"PUBLISHED_YAP"	131	"DLK2"
"PUBLISHED_YAP"	132	"CWH43"
"PUBLISHED_YAP"	133	"JDP2"
"PUBLISHED_PEMT"	1	"CXCL8"
"PUBLISHED_PEMT"	2	"MMP1"
"PUBLISHED_PEMT"	3	"MMP3"
"PUBLISHED_PEMT"	4	"COL7A1"
"PUBLISHED_PEMT"	5	"CXCL1"
"PUBLISHED_PEMT"	6	"PLAUR"
"PUBLISHED_PEMT"	7	"CXCL6"
"PUBLISHED_PEMT"	8	"IL6"
"PUBLISHED_PEMT"	9	"LAMC2"
"PUBLISHED_PEMT"	10	"LAMA3"
"PUBLISHED_PEMT"	11	"COL5A3"
"PUBLISHED_PEMT"	12	"WNT5A"
"PUBLISHED_PEMT"	13	"ITGA2"
"PUBLISHED_PEMT"	14	"QSOX1"
"PUBLISHED_PEMT"	15	"SERPINE1"
"PUBLISHED_PEMT"	16	"TNFRSF11B"
"PUBLISHED_PEMT"	17	"TMEM158"
"PUBLISHED_PEMT"	18	"COLGALT1"
"PUBLISHED_PEMT"	19	"TFPI2"
"PUBLISHED_PEMT"	20	"SAT1"
"PUBLISHED_PEMT"	21	"SLC6A8"
"PUBLISHED_PEMT"	22	"LOXL2"
"PUBLISHED_PEMT"	23	"PLOD1"
"PUBLISHED_PEMT"	24	"FAS"
"PUBLISHED_PEMT"	25	"ENO2"
"PUBLISHED_PEMT"	26	"PVR"
"PUBLISHED_PEMT"	27	"VEGFA"
"PUBLISHED_PEMT"	28	"ANPEP"
"PUBLISHED_PEMT"	29	"SNAI2"
"PUBLISHED_PEMT"	30	"TPM4"
"PUBLISHED_PEMT"	31	"PPIB"
"PUBLISHED_PEMT"	32	"ITGB1"
"PUBLISHED_PEMT"	33	"CALU"
"PUBLISHED_PEMT"	34	"COL12A1"
"PUBLISHED_PEMT"	35	"GADD45A"
"PUBLISHED_PEMT"	36	"IL15"
"PUBLISHED_PEMT"	37	"TGM2"
"PUBLISHED_PEMT"	38	"SDC1"
"PUBLISHED_PEMT"	39	"AREG"
"PUBLISHED_PEMT"	40	"CD44"
"PUBLISHED_PEMT"	41	"CD59"
"PUBLISHED_PEMT"	42	"TNFRSF12A"
"PUBLISHED_PEMT"	43	"IL32"
"PUBLISHED_PEMT"	44	"CCL8"
"PUBLISHED_PEMT"	45	"COPA"
"PUBLISHED_PEMT"	46	"MCM7"
"PUBLISHED_PEMT"	47	"NT5E"
"PUBLISHED_PEMT"	48	"FBN2"
"PUBLISHED_PEMT"	49	"SGCB"
"PUBLISHED_PEMT"	50	"GADD45B"
"PUBLISHED_PEMT"	51	"LAMA1"
"PUBLISHED_PEMT"	52	"ETV1"
"PUBLISHED_PEMT"	53	"PLOD2"
"PUBLISHED_PEMT"	54	"JUN"
"PUBLISHED_PEMT"	55	"IGFBP2"
"PUBLISHED_PEMT"	56	"DKK1"
"PUBLISHED_PEMT"	57	"RHOB"
"PUBLISHED_PEMT"	58	"ECM1"
"PUBLISHED_PEMT"	59	"GLIPR1"
"PUBLISHED_PEMT"	60	"FUCA1"
"PUBLISHED_PEMT"	61	"LAMC1"
"PUBLISHED_PEMT"	62	"SDC4"
"PUBLISHED_PEMT"	63	"PTHLH"
"PUBLISHED_PEMT"	64	"SNAI1"
"PUBLISHED_PEMT"	65	"DST"
"PUBLISHED_PEMT"	66	"ID2"
"PUBLISHED_PEMT"	67	"CAPG"
"PUBLISHED_PEMT"	68	"LRP1"
"PUBLISHED_PEMT"	69	"PLOD3"
"PUBLISHED_PEMT"	70	"TWIST1"
"PUBLISHED_PEMT"	71	"SPP1"
"HALLMARK_TNFA_NFKB_OGDEN_COPY"	1	"ABCA1"
"HALLMARK_TNFA_NFKB_OGDEN_COPY"	2	"ACKR3"
"HALLMARK_TNFA_NFKB_OGDEN_COPY"	3	"AREG"
"HALLMARK_TNFA_NFKB_OGDEN_COPY"	4	"ATF3"
"HALLMARK_TNFA_NFKB_OGDEN_COPY"	5	"ATP2B1"
"HALLMARK_TNFA_NFKB_OGDEN_COPY"	6	"B4GALT1"
"HALLMARK_TNFA_NFKB_OGDEN_COPY"	7	"B4GALT5"
"HALLMARK_TNFA_NFKB_OGDEN_COPY"	8	"BCL2A1"
"HALLMARK_TNFA_NFKB_OGDEN_COPY"	9	"BCL3"
"HALLMARK_TNFA_NFKB_OGDEN_COPY"	10	"BCL6"
"HALLMARK_TNFA_NFKB_OGDEN_COPY"	11	"BHLHE40"
"HALLMARK_TNFA_NFKB_OGDEN_COPY"	12	"BIRC2"
"HALLMARK_TNFA_NFKB_OGDEN_COPY"	13	"BIRC3"
"HALLMARK_TNFA_NFKB_OGDEN_COPY"	14	"BMP2"
"HALLMARK_TNFA_NFKB_OGDEN_COPY"	15	"BTG1"
"HALLMARK_TNFA_NFKB_OGDEN_COPY"	16	"BTG2"
"HALLMARK_TNFA_NFKB_OGDEN_COPY"	17	"BTG3"
"HALLMARK_TNFA_NFKB_OGDEN_COPY"	18	"CCL2"
"HALLMARK_TNFA_NFKB_OGDEN_COPY"	19	"CCL20"
"HALLMARK_TNFA_NFKB_OGDEN_COPY"	20	"CCL4"
"HALLMARK_TNFA_NFKB_OGDEN_COPY"	21	"CCL5"
"HALLMARK_TNFA_NFKB_OGDEN_COPY"	22	"CCN1"
"HALLMARK_TNFA_NFKB_OGDEN_COPY"	23	"CCND1"
"HALLMARK_TNFA_NFKB_OGDEN_COPY"	24	"CCNL1"
"HALLMARK_TNFA_NFKB_OGDEN_COPY"	25	"CCRL2"
"HALLMARK_TNFA_NFKB_OGDEN_COPY"	26	"CD44"
"HALLMARK_TNFA_NFKB_OGDEN_COPY"	27	"CD69"
"HALLMARK_TNFA_NFKB_OGDEN_COPY"	28	"CD80"
"HALLMARK_TNFA_NFKB_OGDEN_COPY"	29	"CD83"
"HALLMARK_TNFA_NFKB_OGDEN_COPY"	30	"CDKN1A"
"HALLMARK_TNFA_NFKB_OGDEN_COPY"	31	"CEBPB"
"HALLMARK_TNFA_NFKB_OGDEN_COPY"	32	"CEBPD"
"HALLMARK_TNFA_NFKB_OGDEN_COPY"	33	"CFLAR"
"HALLMARK_TNFA_NFKB_OGDEN_COPY"	34	"CLCF1"
"HALLMARK_TNFA_NFKB_OGDEN_COPY"	35	"CSF1"
"HALLMARK_TNFA_NFKB_OGDEN_COPY"	36	"CSF2"
"HALLMARK_TNFA_NFKB_OGDEN_COPY"	37	"CXCL1"
"HALLMARK_TNFA_NFKB_OGDEN_COPY"	38	"CXCL10"
"HALLMARK_TNFA_NFKB_OGDEN_COPY"	39	"CXCL11"
"HALLMARK_TNFA_NFKB_OGDEN_COPY"	40	"CXCL2"
"HALLMARK_TNFA_NFKB_OGDEN_COPY"	41	"CXCL3"
"HALLMARK_TNFA_NFKB_OGDEN_COPY"	42	"CXCL6"
"HALLMARK_TNFA_NFKB_OGDEN_COPY"	43	"DDX58"
"HALLMARK_TNFA_NFKB_OGDEN_COPY"	44	"DENND5A"
"HALLMARK_TNFA_NFKB_OGDEN_COPY"	45	"DNAJB4"
"HALLMARK_TNFA_NFKB_OGDEN_COPY"	46	"DRAM1"
"HALLMARK_TNFA_NFKB_OGDEN_COPY"	47	"DUSP1"
"HALLMARK_TNFA_NFKB_OGDEN_COPY"	48	"DUSP2"
"HALLMARK_TNFA_NFKB_OGDEN_COPY"	49	"DUSP4"
"HALLMARK_TNFA_NFKB_OGDEN_COPY"	50	"DUSP5"
"HALLMARK_TNFA_NFKB_OGDEN_COPY"	51	"EDN1"
"HALLMARK_TNFA_NFKB_OGDEN_COPY"	52	"EFNA1"
"HALLMARK_TNFA_NFKB_OGDEN_COPY"	53	"EGR1"
"HALLMARK_TNFA_NFKB_OGDEN_COPY"	54	"EGR2"
"HALLMARK_TNFA_NFKB_OGDEN_COPY"	55	"EGR3"
"HALLMARK_TNFA_NFKB_OGDEN_COPY"	56	"EHD1"
"HALLMARK_TNFA_NFKB_OGDEN_COPY"	57	"EIF1"
"HALLMARK_TNFA_NFKB_OGDEN_COPY"	58	"ETS2"
"HALLMARK_TNFA_NFKB_OGDEN_COPY"	59	"F2RL1"
"HALLMARK_TNFA_NFKB_OGDEN_COPY"	60	"F3"
"HALLMARK_TNFA_NFKB_OGDEN_COPY"	61	"FJX1"
"HALLMARK_TNFA_NFKB_OGDEN_COPY"	62	"FOS"
"HALLMARK_TNFA_NFKB_OGDEN_COPY"	63	"FOSB"
"HALLMARK_TNFA_NFKB_OGDEN_COPY"	64	"FOSL1"
"HALLMARK_TNFA_NFKB_OGDEN_COPY"	65	"FOSL2"
"HALLMARK_TNFA_NFKB_OGDEN_COPY"	66	"FUT4"
"HALLMARK_TNFA_NFKB_OGDEN_COPY"	67	"G0S2"
"HALLMARK_TNFA_NFKB_OGDEN_COPY"	68	"GADD45A"
"HALLMARK_TNFA_NFKB_OGDEN_COPY"	69	"GADD45B"
"HALLMARK_TNFA_NFKB_OGDEN_COPY"	70	"GCH1"
"HALLMARK_TNFA_NFKB_OGDEN_COPY"	71	"GEM"
"HALLMARK_TNFA_NFKB_OGDEN_COPY"	72	"GFPT2"
"HALLMARK_TNFA_NFKB_OGDEN_COPY"	73	"GPR183"
"HALLMARK_TNFA_NFKB_OGDEN_COPY"	74	"HBEGF"
"HALLMARK_TNFA_NFKB_OGDEN_COPY"	75	"HES1"
"HALLMARK_TNFA_NFKB_OGDEN_COPY"	76	"ICAM1"
"HALLMARK_TNFA_NFKB_OGDEN_COPY"	77	"ICOSLG"
"HALLMARK_TNFA_NFKB_OGDEN_COPY"	78	"ID2"
"HALLMARK_TNFA_NFKB_OGDEN_COPY"	79	"IER2"
"HALLMARK_TNFA_NFKB_OGDEN_COPY"	80	"IER3"
"HALLMARK_TNFA_NFKB_OGDEN_COPY"	81	"IER5"
"HALLMARK_TNFA_NFKB_OGDEN_COPY"	82	"IFIH1"
"HALLMARK_TNFA_NFKB_OGDEN_COPY"	83	"IFIT2"
"HALLMARK_TNFA_NFKB_OGDEN_COPY"	84	"IFNGR2"
"HALLMARK_TNFA_NFKB_OGDEN_COPY"	85	"IL12B"
"HALLMARK_TNFA_NFKB_OGDEN_COPY"	86	"IL15RA"
"HALLMARK_TNFA_NFKB_OGDEN_COPY"	87	"IL18"
"HALLMARK_TNFA_NFKB_OGDEN_COPY"	88	"IL1A"
"HALLMARK_TNFA_NFKB_OGDEN_COPY"	89	"IL1B"
"HALLMARK_TNFA_NFKB_OGDEN_COPY"	90	"IL23A"
"HALLMARK_TNFA_NFKB_OGDEN_COPY"	91	"IL6"
"HALLMARK_TNFA_NFKB_OGDEN_COPY"	92	"IL6ST"
"HALLMARK_TNFA_NFKB_OGDEN_COPY"	93	"IL7R"
"HALLMARK_TNFA_NFKB_OGDEN_COPY"	94	"INHBA"
"HALLMARK_TNFA_NFKB_OGDEN_COPY"	95	"IRF1"
"HALLMARK_TNFA_NFKB_OGDEN_COPY"	96	"IRS2"
"HALLMARK_TNFA_NFKB_OGDEN_COPY"	97	"JAG1"
"HALLMARK_TNFA_NFKB_OGDEN_COPY"	98	"JUN"
"HALLMARK_TNFA_NFKB_OGDEN_COPY"	99	"JUNB"
"HALLMARK_TNFA_NFKB_OGDEN_COPY"	100	"KDM6B"
"HALLMARK_TNFA_NFKB_OGDEN_COPY"	101	"KLF10"
"HALLMARK_TNFA_NFKB_OGDEN_COPY"	102	"KLF2"
"HALLMARK_TNFA_NFKB_OGDEN_COPY"	103	"KLF4"
"HALLMARK_TNFA_NFKB_OGDEN_COPY"	104	"KLF6"
"HALLMARK_TNFA_NFKB_OGDEN_COPY"	105	"KLF9"
"HALLMARK_TNFA_NFKB_OGDEN_COPY"	106	"KYNU"
"HALLMARK_TNFA_NFKB_OGDEN_COPY"	107	"LAMB3"
"HALLMARK_TNFA_NFKB_OGDEN_COPY"	108	"LDLR"
"HALLMARK_TNFA_NFKB_OGDEN_COPY"	109	"LIF"
"HALLMARK_TNFA_NFKB_OGDEN_COPY"	110	"LITAF"
"HALLMARK_TNFA_NFKB_OGDEN_COPY"	111	"MAFF"
"HALLMARK_TNFA_NFKB_OGDEN_COPY"	112	"MAP2K3"
"HALLMARK_TNFA_NFKB_OGDEN_COPY"	113	"MAP3K8"
"HALLMARK_TNFA_NFKB_OGDEN_COPY"	114	"MARCKS"
"HALLMARK_TNFA_NFKB_OGDEN_COPY"	115	"MCL1"
"HALLMARK_TNFA_NFKB_OGDEN_COPY"	116	"MSC"
"HALLMARK_TNFA_NFKB_OGDEN_COPY"	117	"MXD1"
"HALLMARK_TNFA_NFKB_OGDEN_COPY"	118	"MYC"
"HALLMARK_TNFA_NFKB_OGDEN_COPY"	119	"NAMPT"
"HALLMARK_TNFA_NFKB_OGDEN_COPY"	120	"NFAT5"
"HALLMARK_TNFA_NFKB_OGDEN_COPY"	121	"NFE2L2"
"HALLMARK_TNFA_NFKB_OGDEN_COPY"	122	"NFIL3"
"HALLMARK_TNFA_NFKB_OGDEN_COPY"	123	"NFKB1"
"HALLMARK_TNFA_NFKB_OGDEN_COPY"	124	"NFKB2"
"HALLMARK_TNFA_NFKB_OGDEN_COPY"	125	"NFKBIA"
"HALLMARK_TNFA_NFKB_OGDEN_COPY"	126	"NFKBIE"
"HALLMARK_TNFA_NFKB_OGDEN_COPY"	127	"NINJ1"
"HALLMARK_TNFA_NFKB_OGDEN_COPY"	128	"NR4A1"
"HALLMARK_TNFA_NFKB_OGDEN_COPY"	129	"NR4A2"
"HALLMARK_TNFA_NFKB_OGDEN_COPY"	130	"NR4A3"
"HALLMARK_TNFA_NFKB_OGDEN_COPY"	131	"OLR1"
"HALLMARK_TNFA_NFKB_OGDEN_COPY"	132	"PANX1"
"HALLMARK_TNFA_NFKB_OGDEN_COPY"	133	"PDE4B"
"HALLMARK_TNFA_NFKB_OGDEN_COPY"	134	"PDLIM5"
"HALLMARK_TNFA_NFKB_OGDEN_COPY"	135	"PER1"
"HALLMARK_TNFA_NFKB_OGDEN_COPY"	136	"PFKFB3"
"HALLMARK_TNFA_NFKB_OGDEN_COPY"	137	"PHLDA1"
"HALLMARK_TNFA_NFKB_OGDEN_COPY"	138	"PHLDA2"
"HALLMARK_TNFA_NFKB_OGDEN_COPY"	139	"PLAU"
"HALLMARK_TNFA_NFKB_OGDEN_COPY"	140	"PLAUR"
"HALLMARK_TNFA_NFKB_OGDEN_COPY"	141	"PLEK"
"HALLMARK_TNFA_NFKB_OGDEN_COPY"	142	"PLK2"
"HALLMARK_TNFA_NFKB_OGDEN_COPY"	143	"PLPP3"
"HALLMARK_TNFA_NFKB_OGDEN_COPY"	144	"PMEPA1"
"HALLMARK_TNFA_NFKB_OGDEN_COPY"	145	"PNRC1"
"HALLMARK_TNFA_NFKB_OGDEN_COPY"	146	"PPP1R15A"
"HALLMARK_TNFA_NFKB_OGDEN_COPY"	147	"PTGER4"
"HALLMARK_TNFA_NFKB_OGDEN_COPY"	148	"PTGS2"
"HALLMARK_TNFA_NFKB_OGDEN_COPY"	149	"PTPRE"
"HALLMARK_TNFA_NFKB_OGDEN_COPY"	150	"PTX3"
"HALLMARK_TNFA_NFKB_OGDEN_COPY"	151	"RCAN1"
"HALLMARK_TNFA_NFKB_OGDEN_COPY"	152	"REL"
"HALLMARK_TNFA_NFKB_OGDEN_COPY"	153	"RELA"
"HALLMARK_TNFA_NFKB_OGDEN_COPY"	154	"RELB"
"HALLMARK_TNFA_NFKB_OGDEN_COPY"	155	"RHOB"
"HALLMARK_TNFA_NFKB_OGDEN_COPY"	156	"RIPK2"
"HALLMARK_TNFA_NFKB_OGDEN_COPY"	157	"RNF19B"
"HALLMARK_TNFA_NFKB_OGDEN_COPY"	158	"SAT1"
"HALLMARK_TNFA_NFKB_OGDEN_COPY"	159	"SDC4"
"HALLMARK_TNFA_NFKB_OGDEN_COPY"	160	"SERPINB2"
"HALLMARK_TNFA_NFKB_OGDEN_COPY"	161	"SERPINB8"
"HALLMARK_TNFA_NFKB_OGDEN_COPY"	162	"SERPINE1"
"HALLMARK_TNFA_NFKB_OGDEN_COPY"	163	"SGK1"
"HALLMARK_TNFA_NFKB_OGDEN_COPY"	164	"SIK1"
"HALLMARK_TNFA_NFKB_OGDEN_COPY"	165	"SLC16A6"
"HALLMARK_TNFA_NFKB_OGDEN_COPY"	166	"SLC2A3"
"HALLMARK_TNFA_NFKB_OGDEN_COPY"	167	"SLC2A6"
"HALLMARK_TNFA_NFKB_OGDEN_COPY"	168	"SMAD3"
"HALLMARK_TNFA_NFKB_OGDEN_COPY"	169	"SNN"
"HALLMARK_TNFA_NFKB_OGDEN_COPY"	170	"SOCS3"
"HALLMARK_TNFA_NFKB_OGDEN_COPY"	171	"SOD2"
"HALLMARK_TNFA_NFKB_OGDEN_COPY"	172	"SPHK1"
"HALLMARK_TNFA_NFKB_OGDEN_COPY"	173	"SPSB1"
"HALLMARK_TNFA_NFKB_OGDEN_COPY"	174	"SQSTM1"
"HALLMARK_TNFA_NFKB_OGDEN_COPY"	175	"STAT5A"
"HALLMARK_TNFA_NFKB_OGDEN_COPY"	176	"TANK"
"HALLMARK_TNFA_NFKB_OGDEN_COPY"	177	"TAP1"
"HALLMARK_TNFA_NFKB_OGDEN_COPY"	178	"TGIF1"
"HALLMARK_TNFA_NFKB_OGDEN_COPY"	179	"TIPARP"
"HALLMARK_TNFA_NFKB_OGDEN_COPY"	180	"TLR2"
"HALLMARK_TNFA_NFKB_OGDEN_COPY"	181	"TNC"
"HALLMARK_TNFA_NFKB_OGDEN_COPY"	182	"TNF"
"HALLMARK_TNFA_NFKB_OGDEN_COPY"	183	"TNFAIP2"
"HALLMARK_TNFA_NFKB_OGDEN_COPY"	184	"TNFAIP3"
"HALLMARK_TNFA_NFKB_OGDEN_COPY"	185	"TNFAIP6"
"HALLMARK_TNFA_NFKB_OGDEN_COPY"	186	"TNFAIP8"
"HALLMARK_TNFA_NFKB_OGDEN_COPY"	187	"TNFRSF9"
"HALLMARK_TNFA_NFKB_OGDEN_COPY"	188	"TNFSF9"
"HALLMARK_TNFA_NFKB_OGDEN_COPY"	189	"TNIP1"
"HALLMARK_TNFA_NFKB_OGDEN_COPY"	190	"TNIP2"
"HALLMARK_TNFA_NFKB_OGDEN_COPY"	191	"TRAF1"
"HALLMARK_TNFA_NFKB_OGDEN_COPY"	192	"TRIB1"
"HALLMARK_TNFA_NFKB_OGDEN_COPY"	193	"TRIP10"
"HALLMARK_TNFA_NFKB_OGDEN_COPY"	194	"TSC22D1"
"HALLMARK_TNFA_NFKB_OGDEN_COPY"	195	"TUBB2A"
"HALLMARK_TNFA_NFKB_OGDEN_COPY"	196	"VEGFA"
"HALLMARK_TNFA_NFKB_OGDEN_COPY"	197	"YRDC"
"HALLMARK_TNFA_NFKB_OGDEN_COPY"	198	"ZBTB10"
"HALLMARK_TNFA_NFKB_OGDEN_COPY"	199	"ZC3H12A"
"HALLMARK_TNFA_NFKB_OGDEN_COPY"	200	"ZFP36"
"OGDEN_HYPOXIA_MP6"	1	"NDRG1"
"OGDEN_HYPOXIA_MP6"	2	"BNIP3"
"OGDEN_HYPOXIA_MP6"	3	"SLC2A1"
"OGDEN_HYPOXIA_MP6"	4	"P4HA1"
"OGDEN_HYPOXIA_MP6"	5	"VEGFA"
"OGDEN_HYPOXIA_MP6"	6	"ENO2"
"OGDEN_HYPOXIA_MP6"	7	"ADM"
"OGDEN_HYPOXIA_MP6"	8	"HILPDA"
"OGDEN_HYPOXIA_MP6"	9	"PGK1"
"OGDEN_HYPOXIA_MP6"	10	"BNIP3L"
"OGDEN_HYPOXIA_MP6"	11	"FAM162A"
"OGDEN_HYPOXIA_MP6"	12	"PLOD2"
"OGDEN_HYPOXIA_MP6"	13	"EGLN3"
"OGDEN_HYPOXIA_MP6"	14	"LDHA"
"OGDEN_HYPOXIA_MP6"	15	"MT1X"
"OGDEN_HYPOXIA_MP6"	16	"NRN1"
"OGDEN_HYPOXIA_MP6"	17	"DDIT4"
"OGDEN_HYPOXIA_MP6"	18	"DDIT3"
"OGDEN_HYPOXIA_MP6"	19	"ERO1A"
"OGDEN_HYPOXIA_MP6"	20	"ANGPTL4"
"OGDEN_HYPOXIA_MP6"	21	"IGFBP3"
"OGDEN_HYPOXIA_MP6"	22	"PFKP"
"OGDEN_HYPOXIA_MP6"	23	"INSIG2"
"OGDEN_HYPOXIA_MP6"	24	"NDUFA4L2"
"OGDEN_HYPOXIA_MP6"	25	"PDK1"
"OGDEN_HYPOXIA_MP6"	26	"CA9"
"OGDEN_HYPOXIA_MP6"	27	"AKAP12"
"OGDEN_HYPOXIA_MP6"	28	"C4ORF3"
"OGDEN_HYPOXIA_MP6"	29	"IGFBP5"
"OGDEN_HYPOXIA_MP6"	30	"GBE1"
"OGDEN_HYPOXIA_MP6"	31	"LGALS3"
"OGDEN_HYPOXIA_MP6"	32	"TMEM45A"
"OGDEN_HYPOXIA_MP6"	33	"WSB1"
"OGDEN_HYPOXIA_MP6"	34	"GPI"
"OGDEN_HYPOXIA_MP6"	35	"S100A10"
"OGDEN_HYPOXIA_MP6"	36	"SLC16A3"
"OGDEN_HYPOXIA_MP6"	37	"EPB41L4A-AS1"
"OGDEN_HYPOXIA_MP6"	38	"ALDOA"
"OGDEN_HYPOXIA_MP6"	39	"ANKRD37"
"OGDEN_HYPOXIA_MP6"	40	"CAV1"
"OGDEN_HYPOXIA_MP6"	41	"AK4"
"OGDEN_HYPOXIA_MP6"	42	"DNAJB9"
"OGDEN_HYPOXIA_MP6"	43	"ERRFI1"
"OGDEN_HYPOXIA_MP6"	44	"MT2A"
"OGDEN_HYPOXIA_MP6"	45	"SLC3A2"
"OGDEN_HYPOXIA_MP6"	46	"VIM"
"OGDEN_HYPOXIA_MP6"	47	"ENO1"
"OGDEN_HYPOXIA_MP6"	48	"PFKFB3"
"OGDEN_HYPOXIA_MP6"	49	"HK2"
"OGDEN_HYPOXIA_MP6"	50	"CA12"
"HALLMARK_E2F_OGDEN_COPY"	1	"AK2"
"HALLMARK_E2F_OGDEN_COPY"	2	"ANP32E"
"HALLMARK_E2F_OGDEN_COPY"	3	"ASF1A"
"HALLMARK_E2F_OGDEN_COPY"	4	"ASF1B"
"HALLMARK_E2F_OGDEN_COPY"	5	"ATAD2"
"HALLMARK_E2F_OGDEN_COPY"	6	"AURKA"
"HALLMARK_E2F_OGDEN_COPY"	7	"AURKB"
"HALLMARK_E2F_OGDEN_COPY"	8	"BARD1"
"HALLMARK_E2F_OGDEN_COPY"	9	"BIRC5"
"HALLMARK_E2F_OGDEN_COPY"	10	"BRCA1"
"HALLMARK_E2F_OGDEN_COPY"	11	"BRCA2"
"HALLMARK_E2F_OGDEN_COPY"	12	"BRMS1L"
"HALLMARK_E2F_OGDEN_COPY"	13	"BUB1B"
"HALLMARK_E2F_OGDEN_COPY"	14	"CBX5"
"HALLMARK_E2F_OGDEN_COPY"	15	"CCNB2"
"HALLMARK_E2F_OGDEN_COPY"	16	"CCNE1"
"HALLMARK_E2F_OGDEN_COPY"	17	"CCP110"
"HALLMARK_E2F_OGDEN_COPY"	18	"CDC20"
"HALLMARK_E2F_OGDEN_COPY"	19	"CDC25A"
"HALLMARK_E2F_OGDEN_COPY"	20	"CDC25B"
"HALLMARK_E2F_OGDEN_COPY"	21	"CDCA3"
"HALLMARK_E2F_OGDEN_COPY"	22	"CDCA8"
"HALLMARK_E2F_OGDEN_COPY"	23	"CDK1"
"HALLMARK_E2F_OGDEN_COPY"	24	"CDK4"
"HALLMARK_E2F_OGDEN_COPY"	25	"CDKN1A"
"HALLMARK_E2F_OGDEN_COPY"	26	"CDKN1B"
"HALLMARK_E2F_OGDEN_COPY"	27	"CDKN2A"
"HALLMARK_E2F_OGDEN_COPY"	28	"CDKN2C"
"HALLMARK_E2F_OGDEN_COPY"	29	"CDKN3"
"HALLMARK_E2F_OGDEN_COPY"	30	"CENPE"
"HALLMARK_E2F_OGDEN_COPY"	31	"CENPM"
"HALLMARK_E2F_OGDEN_COPY"	32	"CHEK1"
"HALLMARK_E2F_OGDEN_COPY"	33	"CHEK2"
"HALLMARK_E2F_OGDEN_COPY"	34	"CIT"
"HALLMARK_E2F_OGDEN_COPY"	35	"CKS1B"
"HALLMARK_E2F_OGDEN_COPY"	36	"CKS2"
"HALLMARK_E2F_OGDEN_COPY"	37	"CNOT9"
"HALLMARK_E2F_OGDEN_COPY"	38	"CSE1L"
"HALLMARK_E2F_OGDEN_COPY"	39	"CTCF"
"HALLMARK_E2F_OGDEN_COPY"	40	"CTPS1"
"HALLMARK_E2F_OGDEN_COPY"	41	"DCK"
"HALLMARK_E2F_OGDEN_COPY"	42	"DCLRE1B"
"HALLMARK_E2F_OGDEN_COPY"	43	"DCTPP1"
"HALLMARK_E2F_OGDEN_COPY"	44	"DDX39A"
"HALLMARK_E2F_OGDEN_COPY"	45	"DEK"
"HALLMARK_E2F_OGDEN_COPY"	46	"DEPDC1"
"HALLMARK_E2F_OGDEN_COPY"	47	"DIAPH3"
"HALLMARK_E2F_OGDEN_COPY"	48	"DLGAP5"
"HALLMARK_E2F_OGDEN_COPY"	49	"DNMT1"
"HALLMARK_E2F_OGDEN_COPY"	50	"DONSON"
"HALLMARK_E2F_OGDEN_COPY"	51	"DSCC1"
"HALLMARK_E2F_OGDEN_COPY"	52	"DUT"
"HALLMARK_E2F_OGDEN_COPY"	53	"E2F8"
"HALLMARK_E2F_OGDEN_COPY"	54	"EED"
"HALLMARK_E2F_OGDEN_COPY"	55	"EIF2S1"
"HALLMARK_E2F_OGDEN_COPY"	56	"ESPL1"
"HALLMARK_E2F_OGDEN_COPY"	57	"EXOSC8"
"HALLMARK_E2F_OGDEN_COPY"	58	"EZH2"
"HALLMARK_E2F_OGDEN_COPY"	59	"GINS1"
"HALLMARK_E2F_OGDEN_COPY"	60	"GINS3"
"HALLMARK_E2F_OGDEN_COPY"	61	"GINS4"
"HALLMARK_E2F_OGDEN_COPY"	62	"GSPT1"
"HALLMARK_E2F_OGDEN_COPY"	63	"H2AX"
"HALLMARK_E2F_OGDEN_COPY"	64	"H2AZ1"
"HALLMARK_E2F_OGDEN_COPY"	65	"HELLS"
"HALLMARK_E2F_OGDEN_COPY"	66	"HMGA1"
"HALLMARK_E2F_OGDEN_COPY"	67	"HMGB2"
"HALLMARK_E2F_OGDEN_COPY"	68	"HMGB3"
"HALLMARK_E2F_OGDEN_COPY"	69	"HMMR"
"HALLMARK_E2F_OGDEN_COPY"	70	"HNRNPD"
"HALLMARK_E2F_OGDEN_COPY"	71	"HUS1"
"HALLMARK_E2F_OGDEN_COPY"	72	"ILF3"
"HALLMARK_E2F_OGDEN_COPY"	73	"ING3"
"HALLMARK_E2F_OGDEN_COPY"	74	"IPO7"
"HALLMARK_E2F_OGDEN_COPY"	75	"JPT1"
"HALLMARK_E2F_OGDEN_COPY"	76	"KIF18B"
"HALLMARK_E2F_OGDEN_COPY"	77	"KIF22"
"HALLMARK_E2F_OGDEN_COPY"	78	"KIF2C"
"HALLMARK_E2F_OGDEN_COPY"	79	"KIF4A"
"HALLMARK_E2F_OGDEN_COPY"	80	"KPNA2"
"HALLMARK_E2F_OGDEN_COPY"	81	"LBR"
"HALLMARK_E2F_OGDEN_COPY"	82	"LIG1"
"HALLMARK_E2F_OGDEN_COPY"	83	"LMNB1"
"HALLMARK_E2F_OGDEN_COPY"	84	"LUC7L3"
"HALLMARK_E2F_OGDEN_COPY"	85	"LYAR"
"HALLMARK_E2F_OGDEN_COPY"	86	"MAD2L1"
"HALLMARK_E2F_OGDEN_COPY"	87	"MCM2"
"HALLMARK_E2F_OGDEN_COPY"	88	"MCM3"
"HALLMARK_E2F_OGDEN_COPY"	89	"MCM4"
"HALLMARK_E2F_OGDEN_COPY"	90	"MCM5"
"HALLMARK_E2F_OGDEN_COPY"	91	"MCM6"
"HALLMARK_E2F_OGDEN_COPY"	92	"MCM7"
"HALLMARK_E2F_OGDEN_COPY"	93	"MELK"
"HALLMARK_E2F_OGDEN_COPY"	94	"MKI67"
"HALLMARK_E2F_OGDEN_COPY"	95	"MLH1"
"HALLMARK_E2F_OGDEN_COPY"	96	"MMS22L"
"HALLMARK_E2F_OGDEN_COPY"	97	"MRE11"
"HALLMARK_E2F_OGDEN_COPY"	98	"MSH2"
"HALLMARK_E2F_OGDEN_COPY"	99	"MTHFD2"
"HALLMARK_E2F_OGDEN_COPY"	100	"MXD3"
"HALLMARK_E2F_OGDEN_COPY"	101	"MYBL2"
"HALLMARK_E2F_OGDEN_COPY"	102	"MYC"
"HALLMARK_E2F_OGDEN_COPY"	103	"NAA38"
"HALLMARK_E2F_OGDEN_COPY"	104	"NAP1L1"
"HALLMARK_E2F_OGDEN_COPY"	105	"NASP"
"HALLMARK_E2F_OGDEN_COPY"	106	"NBN"
"HALLMARK_E2F_OGDEN_COPY"	107	"NCAPD2"
"HALLMARK_E2F_OGDEN_COPY"	108	"NME1"
"HALLMARK_E2F_OGDEN_COPY"	109	"NOLC1"
"HALLMARK_E2F_OGDEN_COPY"	110	"NOP56"
"HALLMARK_E2F_OGDEN_COPY"	111	"NUDT21"
"HALLMARK_E2F_OGDEN_COPY"	112	"NUP107"
"HALLMARK_E2F_OGDEN_COPY"	113	"NUP153"
"HALLMARK_E2F_OGDEN_COPY"	114	"NUP205"
"HALLMARK_E2F_OGDEN_COPY"	115	"ORC2"
"HALLMARK_E2F_OGDEN_COPY"	116	"ORC6"
"HALLMARK_E2F_OGDEN_COPY"	117	"PA2G4"
"HALLMARK_E2F_OGDEN_COPY"	118	"PAICS"
"HALLMARK_E2F_OGDEN_COPY"	119	"PAN2"
"HALLMARK_E2F_OGDEN_COPY"	120	"PCNA"
"HALLMARK_E2F_OGDEN_COPY"	121	"PDS5B"
"HALLMARK_E2F_OGDEN_COPY"	122	"PHF5A"
"HALLMARK_E2F_OGDEN_COPY"	123	"PLK1"
"HALLMARK_E2F_OGDEN_COPY"	124	"PLK4"
"HALLMARK_E2F_OGDEN_COPY"	125	"PMS2"
"HALLMARK_E2F_OGDEN_COPY"	126	"PNN"
"HALLMARK_E2F_OGDEN_COPY"	127	"POLA2"
"HALLMARK_E2F_OGDEN_COPY"	128	"POLD1"
"HALLMARK_E2F_OGDEN_COPY"	129	"POLD2"
"HALLMARK_E2F_OGDEN_COPY"	130	"POLD3"
"HALLMARK_E2F_OGDEN_COPY"	131	"POLE"
"HALLMARK_E2F_OGDEN_COPY"	132	"POLE4"
"HALLMARK_E2F_OGDEN_COPY"	133	"POP7"
"HALLMARK_E2F_OGDEN_COPY"	134	"PPM1D"
"HALLMARK_E2F_OGDEN_COPY"	135	"PPP1R8"
"HALLMARK_E2F_OGDEN_COPY"	136	"PRDX4"
"HALLMARK_E2F_OGDEN_COPY"	137	"PRIM2"
"HALLMARK_E2F_OGDEN_COPY"	138	"PRKDC"
"HALLMARK_E2F_OGDEN_COPY"	139	"PRPS1"
"HALLMARK_E2F_OGDEN_COPY"	140	"PSIP1"
"HALLMARK_E2F_OGDEN_COPY"	141	"PSMC3IP"
"HALLMARK_E2F_OGDEN_COPY"	142	"PTTG1"
"HALLMARK_E2F_OGDEN_COPY"	143	"RACGAP1"
"HALLMARK_E2F_OGDEN_COPY"	144	"RAD1"
"HALLMARK_E2F_OGDEN_COPY"	145	"RAD21"
"HALLMARK_E2F_OGDEN_COPY"	146	"RAD50"
"HALLMARK_E2F_OGDEN_COPY"	147	"RAD51AP1"
"HALLMARK_E2F_OGDEN_COPY"	148	"RAD51C"
"HALLMARK_E2F_OGDEN_COPY"	149	"RAN"
"HALLMARK_E2F_OGDEN_COPY"	150	"RANBP1"
"HALLMARK_E2F_OGDEN_COPY"	151	"RBBP7"
"HALLMARK_E2F_OGDEN_COPY"	152	"RFC1"
"HALLMARK_E2F_OGDEN_COPY"	153	"RFC2"
"HALLMARK_E2F_OGDEN_COPY"	154	"RFC3"
"HALLMARK_E2F_OGDEN_COPY"	155	"RNASEH2A"
"HALLMARK_E2F_OGDEN_COPY"	156	"RPA1"
"HALLMARK_E2F_OGDEN_COPY"	157	"RPA2"
"HALLMARK_E2F_OGDEN_COPY"	158	"RPA3"
"HALLMARK_E2F_OGDEN_COPY"	159	"RRM2"
"HALLMARK_E2F_OGDEN_COPY"	160	"SHMT1"
"HALLMARK_E2F_OGDEN_COPY"	161	"SLBP"
"HALLMARK_E2F_OGDEN_COPY"	162	"SMC1A"
"HALLMARK_E2F_OGDEN_COPY"	163	"SMC3"
"HALLMARK_E2F_OGDEN_COPY"	164	"SMC4"
"HALLMARK_E2F_OGDEN_COPY"	165	"SMC6"
"HALLMARK_E2F_OGDEN_COPY"	166	"SNRPB"
"HALLMARK_E2F_OGDEN_COPY"	167	"SPAG5"
"HALLMARK_E2F_OGDEN_COPY"	168	"SPC24"
"HALLMARK_E2F_OGDEN_COPY"	169	"SPC25"
"HALLMARK_E2F_OGDEN_COPY"	170	"SRSF1"
"HALLMARK_E2F_OGDEN_COPY"	171	"SRSF2"
"HALLMARK_E2F_OGDEN_COPY"	172	"SSRP1"
"HALLMARK_E2F_OGDEN_COPY"	173	"STAG1"
"HALLMARK_E2F_OGDEN_COPY"	174	"STMN1"
"HALLMARK_E2F_OGDEN_COPY"	175	"SUV39H1"
"HALLMARK_E2F_OGDEN_COPY"	176	"SYNCRIP"
"HALLMARK_E2F_OGDEN_COPY"	177	"TACC3"
"HALLMARK_E2F_OGDEN_COPY"	178	"TBRG4"
"HALLMARK_E2F_OGDEN_COPY"	179	"TCF19"
"HALLMARK_E2F_OGDEN_COPY"	180	"TFRC"
"HALLMARK_E2F_OGDEN_COPY"	181	"TIMELESS"
"HALLMARK_E2F_OGDEN_COPY"	182	"TIPIN"
"HALLMARK_E2F_OGDEN_COPY"	183	"TK1"
"HALLMARK_E2F_OGDEN_COPY"	184	"TMPO"
"HALLMARK_E2F_OGDEN_COPY"	185	"TOP2A"
"HALLMARK_E2F_OGDEN_COPY"	186	"TP53"
"HALLMARK_E2F_OGDEN_COPY"	187	"TRA2B"
"HALLMARK_E2F_OGDEN_COPY"	188	"TRIP13"
"HALLMARK_E2F_OGDEN_COPY"	189	"TUBB"
"HALLMARK_E2F_OGDEN_COPY"	190	"TUBG1"
"HALLMARK_E2F_OGDEN_COPY"	191	"UBE2S"
"HALLMARK_E2F_OGDEN_COPY"	192	"UBE2T"
"HALLMARK_E2F_OGDEN_COPY"	193	"UBR7"
"HALLMARK_E2F_OGDEN_COPY"	194	"UNG"
"HALLMARK_E2F_OGDEN_COPY"	195	"USP1"
"HALLMARK_E2F_OGDEN_COPY"	196	"WDR90"
"HALLMARK_E2F_OGDEN_COPY"	197	"WEE1"
"HALLMARK_E2F_OGDEN_COPY"	198	"XPO1"
"HALLMARK_E2F_OGDEN_COPY"	199	"XRCC6"
"HALLMARK_E2F_OGDEN_COPY"	200	"ZW10"
"CANELLAS_HRC_KRT20_POS"	1	"PLAT"
"CANELLAS_HRC_KRT20_POS"	2	"MOSPD1"
"CANELLAS_HRC_KRT20_POS"	3	"BNIP2"
"CANELLAS_HRC_KRT20_POS"	4	"KDELR3"
"CANELLAS_HRC_KRT20_POS"	5	"PRL"
"CANELLAS_HRC_KRT20_POS"	6	"HYAL1"
"CANELLAS_HRC_KRT20_POS"	7	"CD82"
"CANELLAS_HRC_KRT20_POS"	8	"UTS2"
"CANELLAS_HRC_KRT20_POS"	9	"MGAT4B"
"CANELLAS_HRC_KRT20_POS"	10	"DDIT4"
"CANELLAS_HRC_KRT20_POS"	11	"CLN8"
"CANELLAS_HRC_KRT20_POS"	12	"RUSC2"
"CANELLAS_HRC_KRT20_POS"	13	"CD24"
"CANELLAS_HRC_KRT20_POS"	14	"CCL27"
"CANELLAS_HRC_KRT20_POS"	15	"TMEM50A"
"CANELLAS_HRC_KRT20_POS"	16	"TNFRSF10C"
"CANELLAS_HRC_KRT20_POS"	17	"RNF144B"
"CANELLAS_HRC_KRT20_POS"	18	"CMBL"
"CANELLAS_HRC_KRT20_POS"	19	"HILPDA"
"CANELLAS_HRC_KRT20_POS"	20	"RASA2"
"CANELLAS_HRC_KRT20_POS"	21	"PFDN5"
"CANELLAS_HRC_KRT20_POS"	22	"IGFBP3"
"CANELLAS_HRC_KRT20_POS"	23	"SEMA3E"
"CANELLAS_HRC_KRT20_POS"	24	"YTHDC1"
"CANELLAS_HRC_KRT20_POS"	25	"SRPK2"
"CANELLAS_HRC_KRT20_POS"	26	"REM2"
"CANELLAS_HRC_KRT20_POS"	27	"RHOA"
"CANELLAS_HRC_KRT20_POS"	28	"BCL2L11"
"CANELLAS_HRC_KRT20_POS"	29	"CLPX"
"CANELLAS_HRC_KRT20_POS"	30	"LMO7"
"CANELLAS_HRC_KRT20_POS"	31	"CTSB"
"CANELLAS_HRC_KRT20_POS"	32	"KLF4"
"CANELLAS_HRC_KRT20_POS"	33	"PRDX5"
"CANELLAS_HRC_KRT20_POS"	34	"CCNI"
"CANELLAS_HRC_KRT20_POS"	35	"SARAF"
"CANELLAS_HRC_KRT20_POS"	36	"RABAC1"
"CANELLAS_HRC_KRT20_POS"	37	"PLCD1"
"CANELLAS_HRC_KRT20_POS"	38	"RHOC"
"CANELLAS_HRC_KRT20_POS"	39	"SERPINE1"
"CANELLAS_HRC_KRT20_POS"	40	"RDM1"
"CANELLAS_HRC_KRT20_POS"	41	"NDFIP2"
"CANELLAS_HRC_KRT20_POS"	42	"SMTN"
"CANELLAS_HRC_KRT20_POS"	43	"CIDEA"
"CANELLAS_HRC_KRT20_POS"	44	"MFGE8"
"CANELLAS_HRC_KRT20_POS"	45	"LEFTY1"
"CANELLAS_HRC_KRT20_POS"	46	"CDA"
"CANELLAS_HRC_KRT20_POS"	47	"CSNK1E"
"CANELLAS_HRC_KRT20_POS"	48	"CYP3A5"
"CANELLAS_HRC_KRT20_POS"	49	"SMOX"
"CANELLAS_HRC_KRT20_POS"	50	"GPR87"
"CANELLAS_HRC_KRT20_POS"	51	"RNF128"
"CANELLAS_HRC_KRT20_POS"	52	"STX7"
"CANELLAS_HRC_KRT20_POS"	53	"MXD1"
"CANELLAS_HRC_KRT20_POS"	54	"SWAP70"
"CANELLAS_HRC_KRT20_POS"	55	"N4BP2L1"
"CANELLAS_HRC_KRT20_POS"	56	"ZFAND2A"
"CANELLAS_HRC_KRT20_POS"	57	"BMP2"
"CANELLAS_HRC_KRT20_POS"	58	"CCNG2"
"CANELLAS_HRC_KRT20_POS"	59	"YPEL3"
"CANELLAS_HRC_KRT20_POS"	60	"HMOX1"
"CANELLAS_HRC_KRT20_POS"	61	"TXNIP"
"CANELLAS_HRC_KRT20_POS"	62	"HERPUD1"
"CANELLAS_HRC_KRT20_POS"	63	"LPIN2"
"CANELLAS_HRC_KRT20_POS"	64	"MXI1"
"CANELLAS_HRC_KRT20_POS"	65	"S100A16"
"CANELLAS_HRC_KRT20_POS"	66	"GNA13"
"CANELLAS_HRC_KRT20_POS"	67	"TMEM248"
"CANELLAS_HRC_KRT20_POS"	68	"TMEM212"
"CANELLAS_HRC_KRT20_POS"	69	"ANXA8"
"CANELLAS_HRC_KRT20_POS"	70	"SLC2A1"
"CANELLAS_HRC_KRT20_POS"	71	"BRAP"
"CANELLAS_HRC_KRT20_POS"	72	"ARHGEF9"
"CANELLAS_HRC_KRT20_POS"	73	"IL1A"
"CANELLAS_HRC_KRT20_POS"	74	"SDF2"
"CANELLAS_HRC_KRT20_POS"	75	"ACKR3"
"CANELLAS_HRC_KRT20_POS"	76	"RIT1"
"CANELLAS_HRC_KRT20_POS"	77	"LEPROTL1"
"CANELLAS_HRC_KRT20_POS"	78	"ANXA8L1"
"CANELLAS_HRC_KRT20_POS"	79	"EIF1"
"CANELLAS_HRC_KRT20_POS"	80	"LIMS2"
"CANELLAS_HRC_KRT20_POS"	81	"KLK6"
"CANELLAS_HRC_KRT20_POS"	82	"CREB3"
"CANELLAS_HRC_KRT20_POS"	83	"HCFC1R1"
"CANELLAS_HRC_KRT20_POS"	84	"RAPH1"
"CANELLAS_HRC_KRT20_POS"	85	"YIPF4"
"CANELLAS_HRC_KRT20_POS"	86	"ZNF787"
"CANELLAS_HRC_KRT20_POS"	87	"ARL4D"
"CANELLAS_HRC_KRT20_POS"	88	"SC5D"
"CANELLAS_HRC_KRT20_POS"	89	"R3HDM4"
"CANELLAS_HRC_KRT20_POS"	90	"NDRG1"
"CANELLAS_HRC_KRT20_POS"	91	"KIAA0232"
"CANELLAS_HRC_KRT20_POS"	92	"ASAP2"
"CANELLAS_HRC_KRT20_POS"	93	"STOM"
"CANELLAS_HRC_KRT20_POS"	94	"BNIP3L"
"CANELLAS_HRC_KRT20_POS"	95	"SPAG9"
"CANELLAS_HRC_KRT20_POS"	96	"ZFP36L2"
"CANELLAS_HRC_KRT20_POS"	97	"SYF2"
"CANELLAS_HRC_KRT20_POS"	98	"VEGFA"
"CANELLAS_HRC_KRT20_POS"	99	"GPI"
"CANELLAS_HRC_KRT20_POS"	100	"ST3GAL1"
"CANELLAS_HRC_KRT20_POS"	101	"ANKRD37"
"CANELLAS_HRC_KRT20_POS"	102	"TRIP10"
"CANELLAS_HRC_KRT20_POS"	103	"EIF1B"
"CANELLAS_HRC_KRT20_POS"	104	"CREBRF"
"CANELLAS_HRC_KRT20_POS"	105	"CITED1"
"CANELLAS_HRC_KRT20_POS"	106	"ADAMTSL4"
"CANELLAS_HRC_KRT20_POS"	107	"IP6K2"
"CANELLAS_HRC_KRT20_POS"	108	"RNF186"
"CANELLAS_HRC_KRT20_POS"	109	"CADM4"
"CANELLAS_HRC_KRT20_POS"	110	"APLP2"
"CANELLAS_HRC_KRT20_POS"	111	"NR1D1"
"CANELLAS_HRC_KRT20_POS"	112	"MAPK6"
"CANELLAS_HRC_KRT20_POS"	113	"CD164"
"CANELLAS_HRC_KRT20_POS"	114	"GPRC5A"
"CANELLAS_HRC_KRT20_POS"	115	"SDCBP2"
"CANELLAS_HRC_KRT20_POS"	116	"RAC1"
"CANELLAS_HRC_KRT20_POS"	117	"SRSF5"
"CANELLAS_HRC_KRT20_POS"	118	"TGFA"
"CANELLAS_HRC_KRT20_POS"	119	"BHLHE40"
"CANELLAS_HRC_KRT20_POS"	120	"SIK1"
"CANELLAS_HRC_KRT20_POS"	121	"C15ORF48"
"CANELLAS_HRC_KRT20_POS"	122	"KRT7"
"CANELLAS_HRC_KRT20_POS"	123	"TES"
"CANELLAS_HRC_KRT20_POS"	124	"CRIPT"
"CANELLAS_HRC_KRT20_POS"	125	"GOLGA7"
"CANELLAS_HRC_KRT20_POS"	126	"SBSN"
"CANELLAS_HRC_KRT20_POS"	127	"IL22RA1"
"CANELLAS_HRC_KRT20_POS"	128	"MIEN1"
"CANELLAS_HRC_KRT20_POS"	129	"CYP3A43"
"CANELLAS_HRC_KRT20_POS"	130	"HBEGF"
"CANELLAS_HRC_KRT20_POS"	131	"WFS1"
"CANELLAS_HRC_KRT20_POS"	132	"F11R"
"CANELLAS_HRC_KRT20_POS"	133	"ITPK1"
"CANELLAS_HRC_KRT20_POS"	134	"AFF4"
"CANELLAS_HRC_KRT20_POS"	135	"CAST"
"CANELLAS_HRC_KRT20_POS"	136	"MAF"
"CANELLAS_HRC_KRT20_POS"	137	"JUND"
"CANELLAS_HRC_KRT20_POS"	138	"CDKN1A"
"CANELLAS_HRC_KRT20_POS"	139	"DHRS3"
"CANELLAS_HRC_KRT20_POS"	140	"SLC22A4"
"CANELLAS_HRC_KRT20_POS"	141	"SAMD8"
"CANELLAS_HRC_KRT20_POS"	142	"TMBIM1"
"CANELLAS_HRC_KRT20_POS"	143	"CAPZB"
"CANELLAS_HRC_KRT20_POS"	144	"SAR1B"
"CANELLAS_HRC_KRT20_POS"	145	"DUSP13B"
"CANELLAS_HRC_KRT20_POS"	146	"PGF"
"CANELLAS_HRC_KRT20_POS"	147	"ZFAND5"
"CANELLAS_HRC_KRT20_POS"	148	"ECM1"
"CANELLAS_HRC_KRT20_POS"	149	"KLK9"
"CANELLAS_HRC_KRT20_POS"	150	"SH3GL2"
"CANELLAS_HRC_KRT20_POS"	151	"GRB2"
"CANELLAS_HRC_KRT20_POS"	152	"FAM107B"
"CANELLAS_HRC_KRT20_POS"	153	"CIR1"
"CANELLAS_HRC_KRT20_POS"	154	"FTL"
"CANELLAS_HRC_KRT20_POS"	155	"DGAT2"
"CANELLAS_HRC_KRT20_POS"	156	"S100A14"
"CANELLAS_HRC_KRT20_POS"	157	"PTPRA"
"CANELLAS_HRC_KRT20_POS"	158	"P4HA2"
"CANELLAS_HRC_KRT20_POS"	159	"BAZ2B"
"CANELLAS_HRC_KRT20_POS"	160	"TIPARP"
"CANELLAS_HRC_KRT20_POS"	161	"POLD4"
"CANELLAS_HRC_KRT20_POS"	162	"TNFRSF10B"
"CANELLAS_HRC_KRT20_POS"	163	"CYP3A7"
"CANELLAS_HRC_KRT20_POS"	164	"CALR"
"CANELLAS_HRC_KRT20_POS"	165	"ADSS1"
"CANELLAS_HRC_KRT20_POS"	166	"MAP2K1"
"CANELLAS_HRC_KRT20_POS"	167	"RICTOR"
"CANELLAS_HRC_KRT20_POS"	168	"GABARAP"
"CANELLAS_HRC_KRT20_POS"	169	"CYTH2"
"CANELLAS_HRC_KRT20_POS"	170	"LAMA3"
"CANELLAS_HRC_KRT20_POS"	171	"ATP6V0C"
"CANELLAS_HRC_KRT20_POS"	172	"TOB1"
"CANELLAS_HRC_KRT20_POS"	173	"CDH13"
"CANELLAS_HRC_KRT20_POS"	174	"KLF9"
"CANELLAS_HRC_KRT20_POS"	175	"PMEPA1"
"CANELLAS_HRC_KRT20_POS"	176	"PTTG1IP"
"CANELLAS_HRC_KRT20_POS"	177	"PCIF1"
"CANELLAS_HRC_KRT20_POS"	178	"PPP1R15A"
"CANELLAS_HRC_KRT20_POS"	179	"ADARB1"
"CANELLAS_HRC_KRT20_POS"	180	"ABHD5"
"CANELLAS_HRC_KRT20_POS"	181	"GDE1"
"CANELLAS_HRC_KRT20_POS"	182	"TNFRSF9"
"CANELLAS_HRC_KRT20_POS"	183	"DAZAP2"
"CANELLAS_HRC_KRT20_POS"	184	"CREB3L3"
"CANELLAS_HRC_KRT20_POS"	185	"ARF6"
"CANELLAS_HRC_KRT20_POS"	186	"LEFTY2"
"CANELLAS_HRC_KRT20_POS"	187	"GPA33"
"CANELLAS_HRC_KRT20_POS"	188	"WBP2"
"CANELLAS_HRC_KRT20_POS"	189	"SIN3B"
"CANELLAS_HRC_KRT20_POS"	190	"IGF2BP2"
"CANELLAS_HRC_KRT20_POS"	191	"SPNS2"
"CANELLAS_HRC_KRT20_POS"	192	"ITGB1"
"CANELLAS_HRC_KRT20_POS"	193	"SH3GLB1"
"CANELLAS_HRC_KRT20_POS"	194	"ARL8B"
"CANELLAS_HRC_KRT20_POS"	195	"KMT2E"
"CANELLAS_HRC_KRT20_POS"	196	"ZMIZ1"
"CANELLAS_HRC_KRT20_POS"	197	"UNC5B"
"CANELLAS_HRC_KRT20_POS"	198	"ENDOD1"
"CANELLAS_HRC_KRT20_POS"	199	"KLK8"
"CANELLAS_HRC_KRT20_POS"	200	"ACSBG1"
"CANELLAS_HRC_KRT20_POS"	201	"SMIM14"
"CANELLAS_HRC_KRT20_POS"	202	"WNT7A"
"CANELLAS_HRC_KRT20_POS"	203	"RIOK3"
"CANELLAS_HRC_KRT20_POS"	204	"CDK2AP2"
"CANELLAS_HRC_KRT20_POS"	205	"SMAD7"
"CANELLAS_HRC_KRT20_POS"	206	"KLF3"
"CANELLAS_HRC_KRT20_POS"	207	"FGF18"
"CANELLAS_HRC_KRT20_POS"	208	"CTSE"
"CANELLAS_HRC_KRT20_POS"	209	"PDGFA"
"CANELLAS_HRC_KRT20_POS"	210	"TMEM9B"
"CANELLAS_HRC_KRT20_POS"	211	"ARPC1A"
"CANELLAS_HRC_KRT20_POS"	212	"TPD52"
"CANELLAS_HRC_KRT20_POS"	213	"TMPRSS11E"
"CANELLAS_HRC_KRT20_POS"	214	"NUCB2"
"CANELLAS_HRC_KRT20_POS"	215	"ACTR2"
"CANELLAS_HRC_KRT20_POS"	216	"AMOTL1"
"CANELLAS_HRC_KRT20_POS"	217	"SULT2B1"
"CANELLAS_HRC_KRT20_POS"	218	"DUSP1"
"CANELLAS_HRC_KRT20_POS"	219	"CCR1"
"CANELLAS_HRC_KRT20_POS"	220	"MAP1LC3A"
"CANELLAS_HRC_KRT20_POS"	221	"P4HA1"
"CANELLAS_HRC_KRT20_POS"	222	"ALDOA"
"CANELLAS_HRC_KRT20_POS"	223	"DDIT3"
"CANELLAS_HRC_KRT20_POS"	224	"LGALS3"
"CANELLAS_HRC_KRT20_POS"	225	"NDEL1"
"CANELLAS_HRC_KRT20_POS"	226	"LAMC2"
"CANELLAS_HRC_KRT20_POS"	227	"TRPV2"
"CANELLAS_HRC_KRT20_POS"	228	"ATP6V0A1"
"CANELLAS_HRC_KRT20_POS"	229	"ZDHHC13"
"CANELLAS_HRC_KRT20_POS"	230	"VN1R5"
"CANELLAS_HRC_KRT20_POS"	231	"MAL"
"CANELLAS_HRC_KRT20_POS"	232	"EMP1"
"CANELLAS_HRC_KRT20_POS"	233	"CITED2"
"CANELLAS_HRC_KRT20_POS"	234	"OSTF1"
"CANELLAS_HRC_KRT20_POS"	235	"FBXO32"
"CANELLAS_HRC_KRT20_POS"	236	"TNFRSF10D"
"CANELLAS_HRC_KRT20_POS"	237	"BNIP3"
"CANELLAS_HRC_KRT20_POS"	238	"GADD45B"
"CANELLAS_HRC_KRT20_POS"	239	"TMEM30A"
"CANELLAS_HRC_KRT20_POS"	240	"TCP11L2"
"CANELLAS_HRC_KRT20_POS"	241	"PFKFB3"
"CANELLAS_HRC_KRT20_POS"	242	"MBNL2"
"CANELLAS_HRC_KRT20_POS"	243	"TMEM45B"
"CANELLAS_HRC_KRT20_POS"	244	"GLTP"
"CANELLAS_HRC_KRT20_POS"	245	"AHNAK2"
"CANELLAS_HRC_KRT20_POS"	246	"BAIAP2L1"
"CANELLAS_HRC_KRT20_POS"	247	"GPR137B"
"CANELLAS_HRC_KRT20_POS"	248	"CDSN"
"CANELLAS_HRC_KRT20_POS"	249	"LAMB3"
"CANELLAS_HRC_KRT20_POS"	250	"MALL"
"CANELLAS_HRC_KRT20_POS"	251	"ALDH1A3"
"CANELLAS_HRC_KRT20_POS"	252	"PMAIP1"
"CANELLAS_HRC_KRT20_POS"	253	"PRNP"
"CANELLAS_HRC_KRT20_POS"	254	"ELF3"
"CANELLAS_HRC_KRT20_POS"	255	"ERRFI1"
"CANELLAS_HRC_KRT20_POS"	256	"NPTN"
"CANELLAS_HRC_KRT20_POS"	257	"PLEKHB2"
"CANELLAS_HRC_KRT20_POS"	258	"HAGH"
"CANELLAS_HRC_KRT20_POS"	259	"YJEFN3"
"CANELLAS_HRC_KRT20_POS"	260	"UBL3"
"CANELLAS_HRC_KRT20_POS"	261	"CPE"
"CANELLAS_HRC_KRT20_POS"	262	"ABCB1"
"CANELLAS_HRC_KRT20_POS"	263	"CYSRT1"
"CANELLAS_HRC_KRT20_POS"	264	"RNF103"
"CANELLAS_HRC_KRT20_POS"	265	"CIRBP"
"CANELLAS_HRC_KRT20_POS"	266	"DUSP4"
"CANELLAS_HRC_KRT20_POS"	267	"NBL1"
"CANELLAS_HRC_KRT20_POS"	268	"HMSD"
"CANELLAS_HRC_KRT20_POS"	269	"SAT1"
"CANELLAS_HRC_KRT20_POS"	270	"EDN2"
"CANELLAS_HRC_KRT20_POS"	271	"PAK2"
"CANELLAS_HRC_KRT20_POS"	272	"SLCO2A1"
"CANELLAS_HRC_KRT20_POS"	273	"PTGES"
"CANELLAS_HRC_KRT20_POS"	274	"CYP3A4"
"CANELLAS_HRC_KRT20_POS"	275	"HBP1"
"CANELLAS_HRC_KRT20_POS"	276	"H3-3A"
"CANELLAS_HRC_KRT20_POS"	277	"P2RY12"
"CANELLAS_HRC_KRT20_POS"	278	"RASSF1"
"CANELLAS_HRC_KRT20_POS"	279	"TSC22D3"
"CANELLAS_HRC_KRT20_POS"	280	"AHNAK"
"CANELLAS_HRC_KRT20_POS"	281	"RAB11B"
"CANELLAS_HRC_KRT20_POS"	282	"DNASE1L2"
"CANELLAS_HRC_KRT20_POS"	283	"CTSD"
"CANELLAS_HRC_KRT20_POS"	284	"TNNT2"
"CANELLAS_HRC_KRT20_POS"	285	"BTG1"
"CANELLAS_HRC_KRT20_POS"	286	"MARCKSL1"
"CANELLAS_HRC_KRT20_POS"	287	"BASP1"
"CANELLAS_HRC_KRT20_POS"	288	"ARRDC3"
"CANELLAS_HRC_KRT20_POS"	289	"PRDM1"
"CANELLAS_HRC_KRT20_POS"	290	"PSCA"
"CANELLAS_HRC_KRT20_POS"	291	"WEE1"
"CANELLAS_HRC_KRT20_POS"	292	"H1-0"
"CANELLAS_HRC_KRT20_POS"	293	"ATP6V0E1"
"CANELLAS_HRC_KRT20_POS"	294	"MPZL3"
"CANELLAS_HRC_KRT20_POS"	295	"METRNL"
"CANELLAS_HRC_KRT20_POS"	296	"RBMS1"
"CANELLAS_HRC_KRT20_POS"	297	"TP53INP1"
"CANELLAS_HRC_KRT20_POS"	298	"YPEL5"
"CANELLAS_HRC_KRT20_POS"	299	"EFNA1"
"CANELLAS_HRC_KRT20_NEG"	1	"PLAT"
"CANELLAS_HRC_KRT20_NEG"	2	"ITGAV"
"CANELLAS_HRC_KRT20_NEG"	3	"UTS2"
"CANELLAS_HRC_KRT20_NEG"	4	"MGAT4B"
"CANELLAS_HRC_KRT20_NEG"	5	"SDC1"
"CANELLAS_HRC_KRT20_NEG"	6	"HYAL1"
"CANELLAS_HRC_KRT20_NEG"	7	"CD82"
"CANELLAS_HRC_KRT20_NEG"	8	"TMPRSS4"
"CANELLAS_HRC_KRT20_NEG"	9	"PSMB9"
"CANELLAS_HRC_KRT20_NEG"	10	"ALDH3B2"
"CANELLAS_HRC_KRT20_NEG"	11	"TUBB4B"
"CANELLAS_HRC_KRT20_NEG"	12	"TNFRSF10C"
"CANELLAS_HRC_KRT20_NEG"	13	"EMP2"
"CANELLAS_HRC_KRT20_NEG"	14	"HILPDA"
"CANELLAS_HRC_KRT20_NEG"	15	"RHOG"
"CANELLAS_HRC_KRT20_NEG"	16	"FRMD4B"
"CANELLAS_HRC_KRT20_NEG"	17	"TMCO4"
"CANELLAS_HRC_KRT20_NEG"	18	"FAM114A2"
"CANELLAS_HRC_KRT20_NEG"	19	"SEMA3E"
"CANELLAS_HRC_KRT20_NEG"	20	"RHOA"
"CANELLAS_HRC_KRT20_NEG"	21	"SELENBP1"
"CANELLAS_HRC_KRT20_NEG"	22	"APOL3"
"CANELLAS_HRC_KRT20_NEG"	23	"PRDX5"
"CANELLAS_HRC_KRT20_NEG"	24	"ALDOC"
"CANELLAS_HRC_KRT20_NEG"	25	"INSIG2"
"CANELLAS_HRC_KRT20_NEG"	26	"SARAF"
"CANELLAS_HRC_KRT20_NEG"	27	"TUBB6"
"CANELLAS_HRC_KRT20_NEG"	28	"EIF4EBP1"
"CANELLAS_HRC_KRT20_NEG"	29	"UBE2L6"
"CANELLAS_HRC_KRT20_NEG"	30	"RHBDL2"
"CANELLAS_HRC_KRT20_NEG"	31	"CHP1"
"CANELLAS_HRC_KRT20_NEG"	32	"TNIP1"
"CANELLAS_HRC_KRT20_NEG"	33	"TPI1"
"CANELLAS_HRC_KRT20_NEG"	34	"NDFIP2"
"CANELLAS_HRC_KRT20_NEG"	35	"MSLN"
"CANELLAS_HRC_KRT20_NEG"	36	"GNAI2"
"CANELLAS_HRC_KRT20_NEG"	37	"SMTN"
"CANELLAS_HRC_KRT20_NEG"	38	"CIDEA"
"CANELLAS_HRC_KRT20_NEG"	39	"ANXA2"
"CANELLAS_HRC_KRT20_NEG"	40	"CDA"
"CANELLAS_HRC_KRT20_NEG"	41	"UBXN1"
"CANELLAS_HRC_KRT20_NEG"	42	"ATP6V1D"
"CANELLAS_HRC_KRT20_NEG"	43	"SMOX"
"CANELLAS_HRC_KRT20_NEG"	44	"TMC8"
"CANELLAS_HRC_KRT20_NEG"	45	"TMEM54"
"CANELLAS_HRC_KRT20_NEG"	46	"MXD1"
"CANELLAS_HRC_KRT20_NEG"	47	"ADIPOR1"
"CANELLAS_HRC_KRT20_NEG"	48	"CCNG2"
"CANELLAS_HRC_KRT20_NEG"	49	"HGFAC"
"CANELLAS_HRC_KRT20_NEG"	50	"PGM2"
"CANELLAS_HRC_KRT20_NEG"	51	"GNA13"
"CANELLAS_HRC_KRT20_NEG"	52	"WBP1L"
"CANELLAS_HRC_KRT20_NEG"	53	"CAPG"
"CANELLAS_HRC_KRT20_NEG"	54	"MXI1"
"CANELLAS_HRC_KRT20_NEG"	55	"S100A16"
"CANELLAS_HRC_KRT20_NEG"	56	"FFAR4"
"CANELLAS_HRC_KRT20_NEG"	57	"PRRX2"
"CANELLAS_HRC_KRT20_NEG"	58	"SLC2A1"
"CANELLAS_HRC_KRT20_NEG"	59	"BSG"
"CANELLAS_HRC_KRT20_NEG"	60	"GIPC1"
"CANELLAS_HRC_KRT20_NEG"	61	"CD74"
"CANELLAS_HRC_KRT20_NEG"	62	"FAM3B"
"CANELLAS_HRC_KRT20_NEG"	63	"ADM2"
"CANELLAS_HRC_KRT20_NEG"	64	"ZBTB7A"
"CANELLAS_HRC_KRT20_NEG"	65	"KLF6"
"CANELLAS_HRC_KRT20_NEG"	66	"VMP1"
"CANELLAS_HRC_KRT20_NEG"	67	"IL1A"
"CANELLAS_HRC_KRT20_NEG"	68	"EFHD2"
"CANELLAS_HRC_KRT20_NEG"	69	"PEA15"
"CANELLAS_HRC_KRT20_NEG"	70	"ACP5"
"CANELLAS_HRC_KRT20_NEG"	71	"RRAS"
"CANELLAS_HRC_KRT20_NEG"	72	"SDF2"
"CANELLAS_HRC_KRT20_NEG"	73	"PAFAH1B3"
"CANELLAS_HRC_KRT20_NEG"	74	"EIF1"
"CANELLAS_HRC_KRT20_NEG"	75	"APOL1"
"CANELLAS_HRC_KRT20_NEG"	76	"CAPN5"
"CANELLAS_HRC_KRT20_NEG"	77	"TMEM40"
"CANELLAS_HRC_KRT20_NEG"	78	"B2M"
"CANELLAS_HRC_KRT20_NEG"	79	"TMEM63A"
"CANELLAS_HRC_KRT20_NEG"	80	"UPP1"
"CANELLAS_HRC_KRT20_NEG"	81	"HCFC1R1"
"CANELLAS_HRC_KRT20_NEG"	82	"R3HDM4"
"CANELLAS_HRC_KRT20_NEG"	83	"SC5D"
"CANELLAS_HRC_KRT20_NEG"	84	"DUSP5"
"CANELLAS_HRC_KRT20_NEG"	85	"NDRG1"
"CANELLAS_HRC_KRT20_NEG"	86	"ASAP2"
"CANELLAS_HRC_KRT20_NEG"	87	"GEM"
"CANELLAS_HRC_KRT20_NEG"	88	"SYT8"
"CANELLAS_HRC_KRT20_NEG"	89	"VAMP3"
"CANELLAS_HRC_KRT20_NEG"	90	"BNIP3L"
"CANELLAS_HRC_KRT20_NEG"	91	"LPCAT4"
"CANELLAS_HRC_KRT20_NEG"	92	"VEGFA"
"CANELLAS_HRC_KRT20_NEG"	93	"ADAM10"
"CANELLAS_HRC_KRT20_NEG"	94	"IRGM"
"CANELLAS_HRC_KRT20_NEG"	95	"IRF1"
"CANELLAS_HRC_KRT20_NEG"	96	"IRF7"
"CANELLAS_HRC_KRT20_NEG"	97	"STAP2"
"CANELLAS_HRC_KRT20_NEG"	98	"PFKP"
"CANELLAS_HRC_KRT20_NEG"	99	"LDLRAP1"
"CANELLAS_HRC_KRT20_NEG"	100	"GPI"
"CANELLAS_HRC_KRT20_NEG"	101	"KCTD11"
"CANELLAS_HRC_KRT20_NEG"	102	"ANKRD37"
"CANELLAS_HRC_KRT20_NEG"	103	"SPNS3"
"CANELLAS_HRC_KRT20_NEG"	104	"STARD10"
"CANELLAS_HRC_KRT20_NEG"	105	"ANXA4"
"CANELLAS_HRC_KRT20_NEG"	106	"EIF1B"
"CANELLAS_HRC_KRT20_NEG"	107	"TMEM59"
"CANELLAS_HRC_KRT20_NEG"	108	"CITED1"
"CANELLAS_HRC_KRT20_NEG"	109	"ASL"
"CANELLAS_HRC_KRT20_NEG"	110	"RNF186"
"CANELLAS_HRC_KRT20_NEG"	111	"NDP"
"CANELLAS_HRC_KRT20_NEG"	112	"APLP2"
"CANELLAS_HRC_KRT20_NEG"	113	"CBLC"
"CANELLAS_HRC_KRT20_NEG"	114	"ZBP1"
"CANELLAS_HRC_KRT20_NEG"	115	"SQSTM1"
"CANELLAS_HRC_KRT20_NEG"	116	"RAB24"
"CANELLAS_HRC_KRT20_NEG"	117	"XPNPEP1"
"CANELLAS_HRC_KRT20_NEG"	118	"GPRC5A"
"CANELLAS_HRC_KRT20_NEG"	119	"SDCBP2"
"CANELLAS_HRC_KRT20_NEG"	120	"CLIC5"
"CANELLAS_HRC_KRT20_NEG"	121	"TAP1"
"CANELLAS_HRC_KRT20_NEG"	122	"NDFIP1"
"CANELLAS_HRC_KRT20_NEG"	123	"C15ORF48"
"CANELLAS_HRC_KRT20_NEG"	124	"CRB3"
"CANELLAS_HRC_KRT20_NEG"	125	"JUNB"
"CANELLAS_HRC_KRT20_NEG"	126	"KRT7"
"CANELLAS_HRC_KRT20_NEG"	127	"SNAPIN"
"CANELLAS_HRC_KRT20_NEG"	128	"SORBS1"
"CANELLAS_HRC_KRT20_NEG"	129	"EZR"
"CANELLAS_HRC_KRT20_NEG"	130	"GOLGA7"
"CANELLAS_HRC_KRT20_NEG"	131	"SLC16A6"
"CANELLAS_HRC_KRT20_NEG"	132	"MIEN1"
"CANELLAS_HRC_KRT20_NEG"	133	"APOL4"
"CANELLAS_HRC_KRT20_NEG"	134	"APPL2"
"CANELLAS_HRC_KRT20_NEG"	135	"F11R"
"CANELLAS_HRC_KRT20_NEG"	136	"ITPK1"
"CANELLAS_HRC_KRT20_NEG"	137	"AFF4"
"CANELLAS_HRC_KRT20_NEG"	138	"ERGIC3"
"CANELLAS_HRC_KRT20_NEG"	139	"TAX1BP3"
"CANELLAS_HRC_KRT20_NEG"	140	"LRRC26"
"CANELLAS_HRC_KRT20_NEG"	141	"JUND"
"CANELLAS_HRC_KRT20_NEG"	142	"EGLN1"
"CANELLAS_HRC_KRT20_NEG"	143	"CDKN1A"
"CANELLAS_HRC_KRT20_NEG"	144	"TMBIM1"
"CANELLAS_HRC_KRT20_NEG"	145	"NPEPPS"
"CANELLAS_HRC_KRT20_NEG"	146	"SAR1B"
"CANELLAS_HRC_KRT20_NEG"	147	"SP110"
"CANELLAS_HRC_KRT20_NEG"	148	"PGF"
"CANELLAS_HRC_KRT20_NEG"	149	"CTTN"
"CANELLAS_HRC_KRT20_NEG"	150	"ECM1"
"CANELLAS_HRC_KRT20_NEG"	151	"NIPAL1"
"CANELLAS_HRC_KRT20_NEG"	152	"STK25"
"CANELLAS_HRC_KRT20_NEG"	153	"TMOD3"
"CANELLAS_HRC_KRT20_NEG"	154	"QSOX1"
"CANELLAS_HRC_KRT20_NEG"	155	"MSMO1"
"CANELLAS_HRC_KRT20_NEG"	156	"ARL6IP5"
"CANELLAS_HRC_KRT20_NEG"	157	"EXOC3L4"
"CANELLAS_HRC_KRT20_NEG"	158	"S100A14"
"CANELLAS_HRC_KRT20_NEG"	159	"P4HA2"
"CANELLAS_HRC_KRT20_NEG"	160	"NFKBIA"
"CANELLAS_HRC_KRT20_NEG"	161	"ANKRD22"
"CANELLAS_HRC_KRT20_NEG"	162	"PSMB8"
"CANELLAS_HRC_KRT20_NEG"	163	"TIPARP"
"CANELLAS_HRC_KRT20_NEG"	164	"POLD4"
"CANELLAS_HRC_KRT20_NEG"	165	"TNFRSF10B"
"CANELLAS_HRC_KRT20_NEG"	166	"MAP2K1"
"CANELLAS_HRC_KRT20_NEG"	167	"ADSS1"
"CANELLAS_HRC_KRT20_NEG"	168	"GABARAP"
"CANELLAS_HRC_KRT20_NEG"	169	"PDLIM2"
"CANELLAS_HRC_KRT20_NEG"	170	"LAMA3"
"CANELLAS_HRC_KRT20_NEG"	171	"GBP6"
"CANELLAS_HRC_KRT20_NEG"	172	"GPR39"
"CANELLAS_HRC_KRT20_NEG"	173	"PTTG1IP"
"CANELLAS_HRC_KRT20_NEG"	174	"CDH17"
"CANELLAS_HRC_KRT20_NEG"	175	"RAB11A"
"CANELLAS_HRC_KRT20_NEG"	176	"DAZAP2"
"CANELLAS_HRC_KRT20_NEG"	177	"ARF6"
"CANELLAS_HRC_KRT20_NEG"	178	"CHMP3"
"CANELLAS_HRC_KRT20_NEG"	179	"SCAMP2"
"CANELLAS_HRC_KRT20_NEG"	180	"LRP2BP"
"CANELLAS_HRC_KRT20_NEG"	181	"GPA33"
"CANELLAS_HRC_KRT20_NEG"	182	"PGAM1"
"CANELLAS_HRC_KRT20_NEG"	183	"WBP2"
"CANELLAS_HRC_KRT20_NEG"	184	"STAT1"
"CANELLAS_HRC_KRT20_NEG"	185	"ADPRH"
"CANELLAS_HRC_KRT20_NEG"	186	"CORO2A"
"CANELLAS_HRC_KRT20_NEG"	187	"SPNS2"
"CANELLAS_HRC_KRT20_NEG"	188	"UPK1A"
"CANELLAS_HRC_KRT20_NEG"	189	"SHISA5"
"CANELLAS_HRC_KRT20_NEG"	190	"SMIM14"
"CANELLAS_HRC_KRT20_NEG"	191	"CHMP2A"
"CANELLAS_HRC_KRT20_NEG"	192	"RTN3"
"CANELLAS_HRC_KRT20_NEG"	193	"ENDOD1"
"CANELLAS_HRC_KRT20_NEG"	194	"PI15"
"CANELLAS_HRC_KRT20_NEG"	195	"PKM"
"CANELLAS_HRC_KRT20_NEG"	196	"NEDD9"
"CANELLAS_HRC_KRT20_NEG"	197	"CTSH"
"CANELLAS_HRC_KRT20_NEG"	198	"CDK2AP2"
"CANELLAS_HRC_KRT20_NEG"	199	"FGF18"
"CANELLAS_HRC_KRT20_NEG"	200	"APOL2"
"CANELLAS_HRC_KRT20_NEG"	201	"OAS1"
"CANELLAS_HRC_KRT20_NEG"	202	"KRT19"
"CANELLAS_HRC_KRT20_NEG"	203	"RTP4"
"CANELLAS_HRC_KRT20_NEG"	204	"TMEM9B"
"CANELLAS_HRC_KRT20_NEG"	205	"ARPC1A"
"CANELLAS_HRC_KRT20_NEG"	206	"IRF8"
"CANELLAS_HRC_KRT20_NEG"	207	"ISG15"
"CANELLAS_HRC_KRT20_NEG"	208	"NUCB2"
"CANELLAS_HRC_KRT20_NEG"	209	"SULT2B1"
"CANELLAS_HRC_KRT20_NEG"	210	"DUSP1"
"CANELLAS_HRC_KRT20_NEG"	211	"IDO1"
"CANELLAS_HRC_KRT20_NEG"	212	"IDO2"
"CANELLAS_HRC_KRT20_NEG"	213	"SH3KBP1"
"CANELLAS_HRC_KRT20_NEG"	214	"IFI44"
"CANELLAS_HRC_KRT20_NEG"	215	"MAP1LC3A"
"CANELLAS_HRC_KRT20_NEG"	216	"P4HA1"
"CANELLAS_HRC_KRT20_NEG"	217	"SERPIND1"
"CANELLAS_HRC_KRT20_NEG"	218	"YIPF3"
"CANELLAS_HRC_KRT20_NEG"	219	"ALDOA"
"CANELLAS_HRC_KRT20_NEG"	220	"PLS1"
"CANELLAS_HRC_KRT20_NEG"	221	"NDEL1"
"CANELLAS_HRC_KRT20_NEG"	222	"ARRDC1"
"CANELLAS_HRC_KRT20_NEG"	223	"CXCL16"
"CANELLAS_HRC_KRT20_NEG"	224	"CORO1B"
"CANELLAS_HRC_KRT20_NEG"	225	"MAL"
"CANELLAS_HRC_KRT20_NEG"	226	"EIF2B2"
"CANELLAS_HRC_KRT20_NEG"	227	"ZDHHC21"
"CANELLAS_HRC_KRT20_NEG"	228	"PLEKHA2"
"CANELLAS_HRC_KRT20_NEG"	229	"OSTF1"
"CANELLAS_HRC_KRT20_NEG"	230	"DEGS2"
"CANELLAS_HRC_KRT20_NEG"	231	"SERINC2"
"CANELLAS_HRC_KRT20_NEG"	232	"SIRT7"
"CANELLAS_HRC_KRT20_NEG"	233	"HIGD1A"
"CANELLAS_HRC_KRT20_NEG"	234	"TCTA"
"CANELLAS_HRC_KRT20_NEG"	235	"TNFRSF10D"
"CANELLAS_HRC_KRT20_NEG"	236	"BNIP3"
"CANELLAS_HRC_KRT20_NEG"	237	"ISG20"
"CANELLAS_HRC_KRT20_NEG"	238	"TMEM30A"
"CANELLAS_HRC_KRT20_NEG"	239	"GBA1"
"CANELLAS_HRC_KRT20_NEG"	240	"MBNL2"
"CANELLAS_HRC_KRT20_NEG"	241	"PLAUR"
"CANELLAS_HRC_KRT20_NEG"	242	"TNFAIP2"
"CANELLAS_HRC_KRT20_NEG"	243	"PGAM4"
"CANELLAS_HRC_KRT20_NEG"	244	"GLTP"
"CANELLAS_HRC_KRT20_NEG"	245	"TUBA4A"
"CANELLAS_HRC_KRT20_NEG"	246	"BAIAP2L1"
"CANELLAS_HRC_KRT20_NEG"	247	"GPR137B"
"CANELLAS_HRC_KRT20_NEG"	248	"LIPC"
"CANELLAS_HRC_KRT20_NEG"	249	"GDPD3"
"CANELLAS_HRC_KRT20_NEG"	250	"LGALS3BP"
"CANELLAS_HRC_KRT20_NEG"	251	"ARPC5"
"CANELLAS_HRC_KRT20_NEG"	252	"TTC9"
"CANELLAS_HRC_KRT20_NEG"	253	"MALL"
"CANELLAS_HRC_KRT20_NEG"	254	"PMAIP1"
"CANELLAS_HRC_KRT20_NEG"	255	"CYSTM1"
"CANELLAS_HRC_KRT20_NEG"	256	"LY6D"
"CANELLAS_HRC_KRT20_NEG"	257	"ERRFI1"
"CANELLAS_HRC_KRT20_NEG"	258	"PRNP"
"CANELLAS_HRC_KRT20_NEG"	259	"ARPC2"
"CANELLAS_HRC_KRT20_NEG"	260	"ELF3"
"CANELLAS_HRC_KRT20_NEG"	261	"PLEKHB2"
"CANELLAS_HRC_KRT20_NEG"	262	"CPE"
"CANELLAS_HRC_KRT20_NEG"	263	"LYPD3"
"CANELLAS_HRC_KRT20_NEG"	264	"TUBA1C"
"CANELLAS_HRC_KRT20_NEG"	265	"EGLN3"
"CANELLAS_HRC_KRT20_NEG"	266	"RSRP1"
"CANELLAS_HRC_KRT20_NEG"	267	"CYSRT1"
"CANELLAS_HRC_KRT20_NEG"	268	"DHRS1"
"CANELLAS_HRC_KRT20_NEG"	269	"NBL1"
"CANELLAS_HRC_KRT20_NEG"	270	"HMSD"
"CANELLAS_HRC_KRT20_NEG"	271	"EYA2"
"CANELLAS_HRC_KRT20_NEG"	272	"LAPTM4A"
"CANELLAS_HRC_KRT20_NEG"	273	"PTGES"
"CANELLAS_HRC_KRT20_NEG"	274	"MAP4"
"CANELLAS_HRC_KRT20_NEG"	275	"PSME1"
"CANELLAS_HRC_KRT20_NEG"	276	"RASSF1"
"CANELLAS_HRC_KRT20_NEG"	277	"CTSD"
"CANELLAS_HRC_KRT20_NEG"	278	"MLPH"
"CANELLAS_HRC_KRT20_NEG"	279	"BTG1"
"CANELLAS_HRC_KRT20_NEG"	280	"PRDM1"
"CANELLAS_HRC_KRT20_NEG"	281	"CLK3"
"CANELLAS_HRC_KRT20_NEG"	282	"MPZL3"
"CANELLAS_HRC_KRT20_NEG"	283	"PSCA"
"CANELLAS_HRC_KRT20_NEG"	284	"PGK1"
"CANELLAS_HRC_KRT20_NEG"	285	"STON2"
"CANELLAS_HRC_KRT20_NEG"	286	"UBC"
"CANELLAS_HRC_KRT20_NEG"	287	"METRNL"
"CANELLAS_HRC_KRT20_NEG"	288	"RBMS1"
"CANELLAS_HRC_KRT20_NEG"	289	"WIPI1"
"CANELLAS_HRC_KRT20_NEG"	290	"YPEL5"
"CANELLAS_HRC_KRT20_NEG"	291	"EFNA1"
"NUSSE_REGENERATIVE"	1	"S100A14"
"NUSSE_REGENERATIVE"	2	"ADM"
"NUSSE_REGENERATIVE"	3	"ANXA10"
"NUSSE_REGENERATIVE"	4	"MX1"
"NUSSE_REGENERATIVE"	5	"GBP4"
"NUSSE_REGENERATIVE"	6	"GADD45G"
"NUSSE_REGENERATIVE"	7	"SOCS1"
"NUSSE_REGENERATIVE"	8	"NLRC5"
"NUSSE_REGENERATIVE"	9	"SLC7A11"
"NUSSE_REGENERATIVE"	10	"SPTA1"
"NUSSE_REGENERATIVE"	11	"PLEKHD1"
"NUSSE_REGENERATIVE"	12	"GBP5"
"NUSSE_REGENERATIVE"	13	"OASL"
"NUSSE_REGENERATIVE"	14	"KCNK6"
"NUSSE_REGENERATIVE"	15	"SLFN12"
"NUSSE_REGENERATIVE"	16	"SERPINB5"
"NUSSE_REGENERATIVE"	17	"HLA-DQB2"
"NUSSE_REGENERATIVE"	18	"DUOXA1"
"NUSSE_REGENERATIVE"	19	"PHF11"
"NUSSE_REGENERATIVE"	20	"GCG"
"NUSSE_REGENERATIVE"	21	"SEMA6B"
"NUSSE_REGENERATIVE"	22	"SOCS3"
"NUSSE_REGENERATIVE"	23	"TSPAN4"
"NUSSE_REGENERATIVE"	24	"CCDC88B"
"NUSSE_REGENERATIVE"	25	"ICAM1"
"NUSSE_REGENERATIVE"	26	"GBP6"
"NUSSE_REGENERATIVE"	27	"HSPA1A"
"NUSSE_REGENERATIVE"	28	"LPCAT4"
"NUSSE_REGENERATIVE"	29	"STXBP1"
"NUSSE_REGENERATIVE"	30	"MBOAT1"
"NUSSE_REGENERATIVE"	31	"IL18BP"
"NUSSE_REGENERATIVE"	32	"APOL4"
"NUSSE_REGENERATIVE"	33	"ANXA9"
"NUSSE_REGENERATIVE"	34	"ECSCR"
"NUSSE_REGENERATIVE"	35	"IDO1"
"NUSSE_REGENERATIVE"	36	"IRGM"
"NUSSE_REGENERATIVE"	37	"ISG15"
"NUSSE_REGENERATIVE"	38	"SH3KBP1"
"NUSSE_REGENERATIVE"	39	"HK1"
"NUSSE_REGENERATIVE"	40	"NPTX2"
"NUSSE_REGENERATIVE"	41	"LY6S"
"NUSSE_REGENERATIVE"	42	"APOL3"
"NUSSE_REGENERATIVE"	43	"SLC45A3"
"NUSSE_REGENERATIVE"	44	"AK4P3"
"NUSSE_REGENERATIVE"	45	"IFIT1B"
"NUSSE_REGENERATIVE"	46	"DUOXA2"
"NUSSE_REGENERATIVE"	47	"LRG1"
"NUSSE_REGENERATIVE"	48	"ZBP1"
"NUSSE_REGENERATIVE"	49	"APOL2"
"NUSSE_REGENERATIVE"	50	"IL33"
"NUSSE_REGENERATIVE"	51	"ARL5C"
"NUSSE_REGENERATIVE"	52	"TAP1"
"NUSSE_REGENERATIVE"	53	"APOL1"
"NUSSE_REGENERATIVE"	54	"IRF7"
"NUSSE_REGENERATIVE"	55	"SLC43A1"
"NUSSE_REGENERATIVE"	56	"OAS1"
"NUSSE_REGENERATIVE"	57	"HSPA1B"
"NUSSE_REGENERATIVE"	58	"USP18"
"NUSSE_REGENERATIVE"	59	"OAS3"
"NUSSE_REGENERATIVE"	60	"SLC17A9"
"NUSSE_REGENERATIVE"	61	"TTYH1"
"NUSSE_REGENERATIVE"	62	"SYT11"
"NUSSE_REGENERATIVE"	63	"UBD"
"NUSSE_REGENERATIVE"	64	"CAPN2"
"NUSSE_REGENERATIVE"	65	"SPATS2L"
"NUSSE_REGENERATIVE"	66	"RHOF"
"NUSSE_REGENERATIVE"	67	"TAT"
"NUSSE_REGENERATIVE"	68	"SULF2"
"NUSSE_REGENERATIVE"	69	"AK4"
"NUSSE_REGENERATIVE"	70	"B3GALT5"
"NUSSE_REGENERATIVE"	71	"DUSP1"
"NUSSE_REGENERATIVE"	72	"JDP2"
"NUSSE_REGENERATIVE"	73	"CD74"
"NUSSE_REGENERATIVE"	74	"HLA-DQB1"
"NUSSE_REGENERATIVE"	75	"TEAD4"
"NUSSE_REGENERATIVE"	76	"KHDC1"
"NUSSE_REGENERATIVE"	77	"FKBP11"
"NUSSE_REGENERATIVE"	78	"TNFSF9"
"NUSSE_REGENERATIVE"	79	"INF2"
"NUSSE_REGENERATIVE"	80	"IFI44"
"NUSSE_REGENERATIVE"	81	"KHDC1L"
"NUSSE_REGENERATIVE"	82	"STAT2"
"NUSSE_REGENERATIVE"	83	"HMOX1"
"NUSSE_REGENERATIVE"	84	"CIITA"
"NUSSE_REGENERATIVE"	85	"GBP2"
"NUSSE_REGENERATIVE"	86	"PEAR1"
"NUSSE_REGENERATIVE"	87	"ALOX15"
"NUSSE_REGENERATIVE"	88	"NFKBID"
"NUSSE_REGENERATIVE"	89	"CXCL9"
"NUSSE_REGENERATIVE"	90	"APOBEC2"
"NUSSE_REGENERATIVE"	91	"RETNLB"
"NUSSE_REGENERATIVE"	92	"TAC1"
"NUSSE_REGENERATIVE"	93	"BST2"
"NUSSE_REGENERATIVE"	94	"PDLIM7"
"NUSSE_REGENERATIVE"	95	"WTIP"
"NUSSE_REGENERATIVE"	96	"SLC5A5"
"NUSSE_REGENERATIVE"	97	"NLGN2"
"NUSSE_REGENERATIVE"	98	"GSTA5"
"NUSSE_REGENERATIVE"	99	"ATG9B"
"NUSSE_REGENERATIVE"	100	"HLA-DMB"
"NUSSE_REGENERATIVE"	101	"PRSS16"
"NUSSE_REGENERATIVE"	102	"PHLDA2"
"NUSSE_REGENERATIVE"	103	"TRIB3"
"NUSSE_REGENERATIVE"	104	"S100A6"
"NUSSE_REGENERATIVE"	105	"PLK3"
"NUSSE_REGENERATIVE"	106	"SLFN12L"
"NUSSE_REGENERATIVE"	107	"CHAC1"
"NUSSE_REGENERATIVE"	108	"AREG"
"NUSSE_REGENERATIVE"	109	"SLC16A3"
"NUSSE_REGENERATIVE"	110	"PLA2G2F"
"OGDEN_STATE_REC_MARKERS"	1	"CD55"
"OGDEN_STATE_REC_MARKERS"	2	"EGLN3"
"OGDEN_STATE_REC_MARKERS"	3	"ERO1A"
"OGDEN_STATE_REC_MARKERS"	4	"SLC2A1"
"OGDEN_STATE_REC_MARKERS"	5	"MXD1"
"OGDEN_STATE_REC_MARKERS"	6	"HIF1A-AS3"
"OGDEN_STATE_REC_MARKERS"	7	"CEACAM1"
"OGDEN_STATE_REC_MARKERS"	8	"TSPAN1"
"OGDEN_STATE_REC_MARKERS"	9	"BCAS1"
"OGDEN_STATE_REC_MARKERS"	10	"FHL2"
"OGDEN_STATE_REC_MARKERS"	11	"PTPRR"
"OGDEN_STATE_REC_MARKERS"	12	"PAG1"
"OGDEN_STATE_REC_MARKERS"	13	"PSD3"
"OGDEN_STATE_REC_MARKERS"	14	"NDRG1"
"OGDEN_STATE_REC_MARKERS"	15	"FER1L6"
"OGDEN_STATE_REC_MARKERS"	16	"FAM13A"
"OGDEN_STATE_REC_MARKERS"	17	"USP53"
"OGDEN_STATE_REC_MARKERS"	18	"MUC13"
"OGDEN_STATE_REC_MARKERS"	19	"HDAC9"
"OGDEN_STATE_REC_MARKERS"	20	"DST"
"OGDEN_STATE_REC_MARKERS"	21	"COL17A1"
"OGDEN_STATE_REC_MARKERS"	22	"ADAM9"
"OGDEN_STATE_REC_MARKERS"	23	"LAMC2"
"OGDEN_STATE_REC_MARKERS"	24	"DUOX2"
"OGDEN_STATE_REC_MARKERS"	25	"PLAUR"
"OGDEN_STATE_REC_MARKERS"	26	"CYP3A5"
"OGDEN_STATE_REC_MARKERS"	27	"HKDC1"
"OGDEN_STATE_REC_MARKERS"	28	"PLAC8"
"OGDEN_STATE_REC_MARKERS"	29	"ATP1B1"
"OGDEN_STATE_REC_MARKERS"	30	"ANKRD37"
"OGDEN_STATE_REC_MARKERS"	31	"TCF7L2"
"OGDEN_STATE_REC_MARKERS"	32	"SDCBP2"
"OGDEN_STATE_REC_MARKERS"	33	"IL1RAP"
"OGDEN_STATE_HYPOXIA_MARKERS"	1	"FAM13A"
"OGDEN_STATE_HYPOXIA_MARKERS"	2	"NDRG1"
"OGDEN_STATE_HYPOXIA_MARKERS"	3	"VEGFA"
"OGDEN_STATE_HYPOXIA_MARKERS"	4	"CKB"
"OGDEN_STATE_HYPOXIA_MARKERS"	5	"PLOD2"
"OGDEN_STATE_HYPOXIA_MARKERS"	6	"EGLN3"
"OGDEN_STATE_HYPOXIA_MARKERS"	7	"SLC2A1"
"OGDEN_STATE_HYPOXIA_MARKERS"	8	"FABP1"
"OGDEN_STATE_HYPOXIA_MARKERS"	9	"P4HA1"
"OGDEN_STATE_HYPOXIA_MARKERS"	10	"PPARG"
"OGDEN_STATE_HYPOXIA_MARKERS"	11	"ERRFI1"
"OGDEN_STATE_HYPOXIA_MARKERS"	12	"PLCG2"
"OGDEN_STATE_HYPOXIA_MARKERS"	13	"ERO1A"
"OGDEN_STATE_HYPOXIA_MARKERS"	14	"PTPRR"
"OGDEN_STATE_HYPOXIA_MARKERS"	15	"PGK1"
"OGDEN_STATE_HYPOXIA_MARKERS"	16	"BHLHE40"
"OGDEN_STATE_HYPOXIA_MARKERS"	17	"NEAT1"
"OGDEN_STATE_HYPOXIA_MARKERS"	18	"DTNA"
"OGDEN_STATE_HYPOXIA_MARKERS"	19	"GPCPD1"
"OGDEN_STATE_HYPOXIA_MARKERS"	20	"DDIT4"
"OGDEN_STATE_HYPOXIA_MARKERS"	21	"FHL2"
"OGDEN_STATE_HYPOXIA_MARKERS"	22	"KDM3A"
"OGDEN_STATE_HYPOXIA_MARKERS"	23	"WSB1"
"OGDEN_STATE_HYPOXIA_MARKERS"	24	"LRP4"
"OGDEN_STATE_HYPOXIA_MARKERS"	25	"ANKRD37"
"OGDEN_STATE_HYPOXIA_MARKERS"	26	"CEMIP"
"OGDEN_STATE_HYPOXIA_MARKERS"	27	"PDK1"
"OGDEN_STATE_HYPOXIA_MARKERS"	28	"SMIM2-AS1"
"OGDEN_STATE_HYPOXIA_MARKERS"	29	"FXYD3"
"OGDEN_STATE_HYPOXIA_MARKERS"	30	"EFNA1"
"OGDEN_STATE_HYPOXIA_MARKERS"	31	"HKDC1"
"OGDEN_STATE_HYPOXIA_MARKERS"	32	"FRMD5"
"OGDEN_STATE_HYPOXIA_MARKERS"	33	"TFF3"
"OGDEN_STATE_IREC_MARKERS"	1	"EMP1"
"OGDEN_STATE_IREC_MARKERS"	2	"LAMA3"
"OGDEN_STATE_IREC_MARKERS"	3	"IFI6"
"OGDEN_STATE_IREC_MARKERS"	4	"SERPINB5"
"OGDEN_STATE_IREC_MARKERS"	5	"FOSB"
"OGDEN_STATE_IREC_MARKERS"	6	"TNFRSF11B"
"OGDEN_STATE_IREC_MARKERS"	7	"IFI44L"
"OGDEN_STATE_IREC_MARKERS"	8	"PMP22"
"OGDEN_STATE_IREC_MARKERS"	9	"PMEPA1"
"OGDEN_STATE_IREC_MARKERS"	10	"ATF3"
"OGDEN_STATE_IREC_MARKERS"	11	"EPHA4"
"OGDEN_STATE_IREC_MARKERS"	12	"LAMC2"
"OGDEN_STATE_IREC_MARKERS"	13	"HDAC9"
"OGDEN_STATE_IREC_MARKERS"	14	"RIOK3"
"OGDEN_STATE_IREC_MARKERS"	15	"SOX6"
"OGDEN_STATE_IREC_MARKERS"	16	"RUNX1"
"OGDEN_STATE_IREC_MARKERS"	17	"AGR3"
"OGDEN_STATE_IREC_MARKERS"	18	"LMNA"
"OGDEN_STATE_IREC_MARKERS"	19	"MYO1E"
"OGDEN_STATE_IREC_MARKERS"	20	"ANXA1"
"OGDEN_STATE_IREC_MARKERS"	21	"ANXA2"
"OGDEN_STATE_IREC_MARKERS"	22	"NCEH1"
"OGDEN_STATE_IREC_MARKERS"	23	"FRMD5"
"OGDEN_STATE_IREC_MARKERS"	24	"EZR"
"OGDEN_STATE_IREC_MARKERS"	25	"ISG15"
"OGDEN_STATE_IREC_MARKERS"	26	"NHS"
"OGDEN_STATE_IREC_MARKERS"	27	"SOCS6"
"OGDEN_STATE_IREC_MARKERS"	28	"S100A6"
"OGDEN_STATE_IREC_MARKERS"	29	"NR4A1"
"OGDEN_STATE_IREC_MARKERS"	30	"KRT19"
"OGDEN_STATE_IREC_MARKERS"	31	"LY6E"
"OGDEN_STATE_IREC_MARKERS"	32	"AHR"
"OGDEN_STATE_IREC_MARKERS"	33	"CPA6"
"OGDEN_STATE_UPR_MARKERS"	1	"PCK1"
"OGDEN_STATE_UPR_MARKERS"	2	"HSPH1"
"OGDEN_STATE_UPR_MARKERS"	3	"HSPA1B"
"OGDEN_STATE_UPR_MARKERS"	4	"DNAJB1"
"OGDEN_STATE_UPR_MARKERS"	5	"IL17RB"
"OGDEN_STATE_UPR_MARKERS"	6	"NPSR1"
"OGDEN_STATE_UPR_MARKERS"	7	"HSPB1"
"OGDEN_STATE_UPR_MARKERS"	8	"HSP90AA1"
"OGDEN_STATE_UPR_MARKERS"	9	"RAB11FIP1"
"OGDEN_STATE_UPR_MARKERS"	10	"RUBCNL"
"OGDEN_STATE_UPR_MARKERS"	11	"NR4A1"
"OGDEN_STATE_UPR_MARKERS"	12	"AP001042.1"
"OGDEN_STATE_UPR_MARKERS"	13	"HIST1H2AC"
"OGDEN_STATE_UPR_MARKERS"	14	"ATP2C2"
"OGDEN_STATE_UPR_MARKERS"	15	"ELF3"
"OGDEN_STATE_UPR_MARKERS"	16	"NOX1"
"OGDEN_STATE_UPR_MARKERS"	17	"HSPE1"
"OGDEN_STATE_UPR_MARKERS"	18	"JUN"
"OGDEN_STATE_UPR_MARKERS"	19	"AGR3"
"OGDEN_STATE_UPR_MARKERS"	20	"SHISA9"
"OGDEN_STATE_UPR_MARKERS"	21	"XACT"
"OGDEN_STATE_UPR_MARKERS"	22	"FOS"
"OGDEN_STATE_UPR_MARKERS"	23	"IQCM"
"OGDEN_STATE_UPR_MARKERS"	24	"PPP1R15A"
"OGDEN_STATE_UPR_MARKERS"	25	"LEFTY1"
"OGDEN_STATE_UPR_MARKERS"	26	"PLCL1"
"OGDEN_STATE_UPR_MARKERS"	27	"ST6GALNAC3"
"OGDEN_STATE_UPR_MARKERS"	28	"RBFOX1"
"OGDEN_STATE_UPR_MARKERS"	29	"SERPINH1"
"OGDEN_STATE_UPR_MARKERS"	30	"MUC12"
"OGDEN_STATE_UPR_MARKERS"	31	"TMPRSS2"
"OGDEN_STATE_UPR_MARKERS"	32	"ZFP36L2"
"OGDEN_STATE_UPR_MARKERS"	33	"DUSP2"
"OGDEN_STATE_TA1_MARKERS"	1	"CCND2"
"OGDEN_STATE_TA1_MARKERS"	2	"FGF6"
"OGDEN_STATE_TA1_MARKERS"	3	"PDE3A"
"OGDEN_STATE_TA1_MARKERS"	4	"TIGAR"
"OGDEN_STATE_TA1_MARKERS"	5	"GABRB1"
"OGDEN_STATE_TA1_MARKERS"	6	"IGKC"
"OGDEN_STATE_TA1_MARKERS"	7	"DIAPH3"
"OGDEN_STATE_TA1_MARKERS"	8	"CNTNAP2"
"OGDEN_STATE_TA1_MARKERS"	9	"XIST"
"OGDEN_STATE_TA1_MARKERS"	10	"FREM1"
"OGDEN_STATE_TA1_MARKERS"	11	"REG1A"
"OGDEN_STATE_TA1_MARKERS"	12	"EEF1D"
"OGDEN_STATE_TA1_MARKERS"	13	"AREG"
"OGDEN_STATE_TA1_MARKERS"	14	"RACK1"
"OGDEN_STATE_TA1_MARKERS"	15	"MALRD1"
"OGDEN_STATE_TA1_MARKERS"	16	"RRM2"
"OGDEN_STATE_TA1_MARKERS"	17	"SLC25A6"
"OGDEN_STATE_TA1_MARKERS"	18	"NPM1"
"OGDEN_STATE_TA1_MARKERS"	19	"LSAMP"
"OGDEN_STATE_TA1_MARKERS"	20	"NOX1"
"OGDEN_STATE_TA1_MARKERS"	21	"PIGR"
"OGDEN_STATE_TA1_MARKERS"	22	"FTL"
"OGDEN_STATE_TA1_MARKERS"	23	"NME2"
"OGDEN_STATE_TA1_MARKERS"	24	"TXN"
"OGDEN_STATE_TA1_MARKERS"	25	"TUBA1B"
"OGDEN_STATE_TA1_MARKERS"	26	"ATAD2"
"OGDEN_STATE_TA1_MARKERS"	27	"TOP2A"
"OGDEN_STATE_TA1_MARKERS"	28	"NACA"
"OGDEN_STATE_TA1_MARKERS"	29	"ACSS3"
"OGDEN_STATE_TA1_MARKERS"	30	"ATP5F1E"
"OGDEN_STATE_TA1_MARKERS"	31	"UBA52"
"OGDEN_STATE_TA1_MARKERS"	32	"BRIP1"
"OGDEN_STATE_TA1_MARKERS"	33	"MIF"
"OGDEN_STATE_COLONOCYTE_MARKERS"	1	"SLC26A3"
"OGDEN_STATE_COLONOCYTE_MARKERS"	2	"NEGR1"
"OGDEN_STATE_COLONOCYTE_MARKERS"	3	"SLC4A10"
"OGDEN_STATE_COLONOCYTE_MARKERS"	4	"GRM8"
"OGDEN_STATE_COLONOCYTE_MARKERS"	5	"NXPE1"
"OGDEN_STATE_COLONOCYTE_MARKERS"	6	"NXPE4"
"OGDEN_STATE_COLONOCYTE_MARKERS"	7	"CNTN4"
"OGDEN_STATE_COLONOCYTE_MARKERS"	8	"FAM155A"
"OGDEN_STATE_COLONOCYTE_MARKERS"	9	"SLC26A2"
"OGDEN_STATE_COLONOCYTE_MARKERS"	10	"RIMS2"
"OGDEN_STATE_COLONOCYTE_MARKERS"	11	"CASC16"
"OGDEN_STATE_COLONOCYTE_MARKERS"	12	"SHISA9"
"OGDEN_STATE_COLONOCYTE_MARKERS"	13	"FSIP1"
"OGDEN_STATE_COLONOCYTE_MARKERS"	14	"SAMD3"
"OGDEN_STATE_COLONOCYTE_MARKERS"	15	"FOXP2"
"OGDEN_STATE_COLONOCYTE_MARKERS"	16	"KAZN"
"OGDEN_STATE_COLONOCYTE_MARKERS"	17	"PLCL1"
"OGDEN_STATE_COLONOCYTE_MARKERS"	18	"CA3"
"OGDEN_STATE_COLONOCYTE_MARKERS"	19	"PLA2R1"
"OGDEN_STATE_COLONOCYTE_MARKERS"	20	"SEMA5A"
"OGDEN_STATE_COLONOCYTE_MARKERS"	21	"THRB"
"OGDEN_STATE_COLONOCYTE_MARKERS"	22	"PID1"
"OGDEN_STATE_COLONOCYTE_MARKERS"	23	"ADAMTSL1"
"OGDEN_STATE_COLONOCYTE_MARKERS"	24	"GPR158"
"OGDEN_STATE_COLONOCYTE_MARKERS"	25	"PRKG1"
"OGDEN_STATE_COLONOCYTE_MARKERS"	26	"ATP8A1"
"OGDEN_STATE_COLONOCYTE_MARKERS"	27	"CFTR"
"OGDEN_STATE_COLONOCYTE_MARKERS"	28	"ST6GAL2"
"OGDEN_STATE_COLONOCYTE_MARKERS"	29	"TOX3"
"OGDEN_STATE_COLONOCYTE_MARKERS"	30	"MYO16-AS1"
"OGDEN_STATE_COLONOCYTE_MARKERS"	31	"PPARGC1A"
"OGDEN_STATE_COLONOCYTE_MARKERS"	32	"NOVA1"
"OGDEN_STATE_COLONOCYTE_MARKERS"	33	"VAV3"
"HALLMARK_HYPOXIA"	1	"ACKR3"
"HALLMARK_HYPOXIA"	2	"ADM"
"HALLMARK_HYPOXIA"	3	"ADORA2B"
"HALLMARK_HYPOXIA"	4	"AK4"
"HALLMARK_HYPOXIA"	5	"AKAP12"
"HALLMARK_HYPOXIA"	6	"ALDOA"
"HALLMARK_HYPOXIA"	7	"ALDOB"
"HALLMARK_HYPOXIA"	8	"ALDOC"
"HALLMARK_HYPOXIA"	9	"AMPD3"
"HALLMARK_HYPOXIA"	10	"ANGPTL4"
"HALLMARK_HYPOXIA"	11	"ANKZF1"
"HALLMARK_HYPOXIA"	12	"ANXA2"
"HALLMARK_HYPOXIA"	13	"ATF3"
"HALLMARK_HYPOXIA"	14	"ATP7A"
"HALLMARK_HYPOXIA"	15	"B3GALT6"
"HALLMARK_HYPOXIA"	16	"B4GALNT2"
"HALLMARK_HYPOXIA"	17	"BCAN"
"HALLMARK_HYPOXIA"	18	"BCL2"
"HALLMARK_HYPOXIA"	19	"BGN"
"HALLMARK_HYPOXIA"	20	"BHLHE40"
"HALLMARK_HYPOXIA"	21	"BNIP3L"
"HALLMARK_HYPOXIA"	22	"BRS3"
"HALLMARK_HYPOXIA"	23	"BTG1"
"HALLMARK_HYPOXIA"	24	"CA12"
"HALLMARK_HYPOXIA"	25	"CASP6"
"HALLMARK_HYPOXIA"	26	"CAV1"
"HALLMARK_HYPOXIA"	27	"CAVIN1"
"HALLMARK_HYPOXIA"	28	"CAVIN3"
"HALLMARK_HYPOXIA"	29	"CCN1"
"HALLMARK_HYPOXIA"	30	"CCN2"
"HALLMARK_HYPOXIA"	31	"CCN5"
"HALLMARK_HYPOXIA"	32	"CCNG2"
"HALLMARK_HYPOXIA"	33	"CDKN1A"
"HALLMARK_HYPOXIA"	34	"CDKN1B"
"HALLMARK_HYPOXIA"	35	"CDKN1C"
"HALLMARK_HYPOXIA"	36	"CHST2"
"HALLMARK_HYPOXIA"	37	"CHST3"
"HALLMARK_HYPOXIA"	38	"CITED2"
"HALLMARK_HYPOXIA"	39	"COL5A1"
"HALLMARK_HYPOXIA"	40	"CP"
"HALLMARK_HYPOXIA"	41	"CSRP2"
"HALLMARK_HYPOXIA"	42	"CXCR4"
"HALLMARK_HYPOXIA"	43	"DCN"
"HALLMARK_HYPOXIA"	44	"DDIT3"
"HALLMARK_HYPOXIA"	45	"DDIT4"
"HALLMARK_HYPOXIA"	46	"DPYSL4"
"HALLMARK_HYPOXIA"	47	"DTNA"
"HALLMARK_HYPOXIA"	48	"DUSP1"
"HALLMARK_HYPOXIA"	49	"EDN2"
"HALLMARK_HYPOXIA"	50	"EFNA1"
"HALLMARK_HYPOXIA"	51	"EFNA3"
"HALLMARK_HYPOXIA"	52	"EGFR"
"HALLMARK_HYPOXIA"	53	"ENO1"
"HALLMARK_HYPOXIA"	54	"ENO2"
"HALLMARK_HYPOXIA"	55	"ENO3"
"HALLMARK_HYPOXIA"	56	"ERO1A"
"HALLMARK_HYPOXIA"	57	"ERRFI1"
"HALLMARK_HYPOXIA"	58	"ETS1"
"HALLMARK_HYPOXIA"	59	"EXT1"
"HALLMARK_HYPOXIA"	60	"F3"
"HALLMARK_HYPOXIA"	61	"FAM162A"
"HALLMARK_HYPOXIA"	62	"FBP1"
"HALLMARK_HYPOXIA"	63	"FOS"
"HALLMARK_HYPOXIA"	64	"FOSL2"
"HALLMARK_HYPOXIA"	65	"FOXO3"
"HALLMARK_HYPOXIA"	66	"GAA"
"HALLMARK_HYPOXIA"	67	"GALK1"
"HALLMARK_HYPOXIA"	68	"GAPDH"
"HALLMARK_HYPOXIA"	69	"GAPDHS"
"HALLMARK_HYPOXIA"	70	"GBE1"
"HALLMARK_HYPOXIA"	71	"GCK"
"HALLMARK_HYPOXIA"	72	"GCNT2"
"HALLMARK_HYPOXIA"	73	"GLRX"
"HALLMARK_HYPOXIA"	74	"GPC1"
"HALLMARK_HYPOXIA"	75	"GPC3"
"HALLMARK_HYPOXIA"	76	"GPC4"
"HALLMARK_HYPOXIA"	77	"GPI"
"HALLMARK_HYPOXIA"	78	"GRHPR"
"HALLMARK_HYPOXIA"	79	"GYS1"
"HALLMARK_HYPOXIA"	80	"HAS1"
"HALLMARK_HYPOXIA"	81	"HDLBP"
"HALLMARK_HYPOXIA"	82	"HEXA"
"HALLMARK_HYPOXIA"	83	"HK1"
"HALLMARK_HYPOXIA"	84	"HK2"
"HALLMARK_HYPOXIA"	85	"HMOX1"
"HALLMARK_HYPOXIA"	86	"HOXB9"
"HALLMARK_HYPOXIA"	87	"HS3ST1"
"HALLMARK_HYPOXIA"	88	"HSPA5"
"HALLMARK_HYPOXIA"	89	"IDS"
"HALLMARK_HYPOXIA"	90	"IER3"
"HALLMARK_HYPOXIA"	91	"IGFBP1"
"HALLMARK_HYPOXIA"	92	"IGFBP3"
"HALLMARK_HYPOXIA"	93	"IL6"
"HALLMARK_HYPOXIA"	94	"ILVBL"
"HALLMARK_HYPOXIA"	95	"INHA"
"HALLMARK_HYPOXIA"	96	"IRS2"
"HALLMARK_HYPOXIA"	97	"ISG20"
"HALLMARK_HYPOXIA"	98	"JMJD6"
"HALLMARK_HYPOXIA"	99	"JUN"
"HALLMARK_HYPOXIA"	100	"KDELR3"
"HALLMARK_HYPOXIA"	101	"KDM3A"
"HALLMARK_HYPOXIA"	102	"KIF5A"
"HALLMARK_HYPOXIA"	103	"KLF6"
"HALLMARK_HYPOXIA"	104	"KLF7"
"HALLMARK_HYPOXIA"	105	"KLHL24"
"HALLMARK_HYPOXIA"	106	"LALBA"
"HALLMARK_HYPOXIA"	107	"LARGE1"
"HALLMARK_HYPOXIA"	108	"LDHA"
"HALLMARK_HYPOXIA"	109	"LDHC"
"HALLMARK_HYPOXIA"	110	"LOX"
"HALLMARK_HYPOXIA"	111	"LXN"
"HALLMARK_HYPOXIA"	112	"MAFF"
"HALLMARK_HYPOXIA"	113	"MAP3K1"
"HALLMARK_HYPOXIA"	114	"MIF"
"HALLMARK_HYPOXIA"	115	"MT1E"
"HALLMARK_HYPOXIA"	116	"MT2A"
"HALLMARK_HYPOXIA"	117	"MXI1"
"HALLMARK_HYPOXIA"	118	"MYH9"
"HALLMARK_HYPOXIA"	119	"NAGK"
"HALLMARK_HYPOXIA"	120	"NCAN"
"HALLMARK_HYPOXIA"	121	"NDRG1"
"HALLMARK_HYPOXIA"	122	"NDST1"
"HALLMARK_HYPOXIA"	123	"NDST2"
"HALLMARK_HYPOXIA"	124	"NEDD4L"
"HALLMARK_HYPOXIA"	125	"NFIL3"
"HALLMARK_HYPOXIA"	126	"NOCT"
"HALLMARK_HYPOXIA"	127	"NR3C1"
"HALLMARK_HYPOXIA"	128	"P4HA1"
"HALLMARK_HYPOXIA"	129	"P4HA2"
"HALLMARK_HYPOXIA"	130	"PAM"
"HALLMARK_HYPOXIA"	131	"PCK1"
"HALLMARK_HYPOXIA"	132	"PDGFB"
"HALLMARK_HYPOXIA"	133	"PDK1"
"HALLMARK_HYPOXIA"	134	"PDK3"
"HALLMARK_HYPOXIA"	135	"PFKFB3"
"HALLMARK_HYPOXIA"	136	"PFKL"
"HALLMARK_HYPOXIA"	137	"PFKP"
"HALLMARK_HYPOXIA"	138	"PGAM2"
"HALLMARK_HYPOXIA"	139	"PGF"
"HALLMARK_HYPOXIA"	140	"PGK1"
"HALLMARK_HYPOXIA"	141	"PGM1"
"HALLMARK_HYPOXIA"	142	"PGM2"
"HALLMARK_HYPOXIA"	143	"PHKG1"
"HALLMARK_HYPOXIA"	144	"PIM1"
"HALLMARK_HYPOXIA"	145	"PKLR"
"HALLMARK_HYPOXIA"	146	"PKP1"
"HALLMARK_HYPOXIA"	147	"PLAC8"
"HALLMARK_HYPOXIA"	148	"PLAUR"
"HALLMARK_HYPOXIA"	149	"PLIN2"
"HALLMARK_HYPOXIA"	150	"PNRC1"
"HALLMARK_HYPOXIA"	151	"PPARGC1A"
"HALLMARK_HYPOXIA"	152	"PPFIA4"
"HALLMARK_HYPOXIA"	153	"PPP1R15A"
"HALLMARK_HYPOXIA"	154	"PPP1R3C"
"HALLMARK_HYPOXIA"	155	"PRDX5"
"HALLMARK_HYPOXIA"	156	"PRKCA"
"HALLMARK_HYPOXIA"	157	"PYGM"
"HALLMARK_HYPOXIA"	158	"RBPJ"
"HALLMARK_HYPOXIA"	159	"RORA"
"HALLMARK_HYPOXIA"	160	"RRAGD"
"HALLMARK_HYPOXIA"	161	"S100A4"
"HALLMARK_HYPOXIA"	162	"SAP30"
"HALLMARK_HYPOXIA"	163	"SCARB1"
"HALLMARK_HYPOXIA"	164	"SDC2"
"HALLMARK_HYPOXIA"	165	"SDC3"
"HALLMARK_HYPOXIA"	166	"SDC4"
"HALLMARK_HYPOXIA"	167	"SELENBP1"
"HALLMARK_HYPOXIA"	168	"SERPINE1"
"HALLMARK_HYPOXIA"	169	"SIAH2"
"HALLMARK_HYPOXIA"	170	"SLC25A1"
"HALLMARK_HYPOXIA"	171	"SLC2A1"
"HALLMARK_HYPOXIA"	172	"SLC2A3"
"HALLMARK_HYPOXIA"	173	"SLC2A5"
"HALLMARK_HYPOXIA"	174	"SLC37A4"
"HALLMARK_HYPOXIA"	175	"SLC6A6"
"HALLMARK_HYPOXIA"	176	"SRPX"
"HALLMARK_HYPOXIA"	177	"STBD1"
"HALLMARK_HYPOXIA"	178	"STC1"
"HALLMARK_HYPOXIA"	179	"STC2"
"HALLMARK_HYPOXIA"	180	"SULT2B1"
"HALLMARK_HYPOXIA"	181	"TES"
"HALLMARK_HYPOXIA"	182	"TGFB3"
"HALLMARK_HYPOXIA"	183	"TGFBI"
"HALLMARK_HYPOXIA"	184	"TGM2"
"HALLMARK_HYPOXIA"	185	"TIPARP"
"HALLMARK_HYPOXIA"	186	"TKTL1"
"HALLMARK_HYPOXIA"	187	"TMEM45A"
"HALLMARK_HYPOXIA"	188	"TNFAIP3"
"HALLMARK_HYPOXIA"	189	"TPBG"
"HALLMARK_HYPOXIA"	190	"TPD52"
"HALLMARK_HYPOXIA"	191	"TPI1"
"HALLMARK_HYPOXIA"	192	"TPST2"
"HALLMARK_HYPOXIA"	193	"UGP2"
"HALLMARK_HYPOXIA"	194	"VEGFA"
"HALLMARK_HYPOXIA"	195	"VHL"
"HALLMARK_HYPOXIA"	196	"VLDLR"
"HALLMARK_HYPOXIA"	197	"WSB1"
"HALLMARK_HYPOXIA"	198	"XPNPEP1"
"HALLMARK_HYPOXIA"	199	"ZFP36"
"HALLMARK_HYPOXIA"	200	"ZNF292"
"HALLMARK_UNFOLDED_PROTEIN_RESPONSE"	1	"ALDH18A1"
"HALLMARK_UNFOLDED_PROTEIN_RESPONSE"	2	"ARFGAP1"
"HALLMARK_UNFOLDED_PROTEIN_RESPONSE"	3	"ASNS"
"HALLMARK_UNFOLDED_PROTEIN_RESPONSE"	4	"ATF3"
"HALLMARK_UNFOLDED_PROTEIN_RESPONSE"	5	"ATF4"
"HALLMARK_UNFOLDED_PROTEIN_RESPONSE"	6	"ATF6"
"HALLMARK_UNFOLDED_PROTEIN_RESPONSE"	7	"ATP6V0D1"
"HALLMARK_UNFOLDED_PROTEIN_RESPONSE"	8	"BAG3"
"HALLMARK_UNFOLDED_PROTEIN_RESPONSE"	9	"BANF1"
"HALLMARK_UNFOLDED_PROTEIN_RESPONSE"	10	"CALR"
"HALLMARK_UNFOLDED_PROTEIN_RESPONSE"	11	"CCL2"
"HALLMARK_UNFOLDED_PROTEIN_RESPONSE"	12	"CEBPB"
"HALLMARK_UNFOLDED_PROTEIN_RESPONSE"	13	"CEBPG"
"HALLMARK_UNFOLDED_PROTEIN_RESPONSE"	14	"CHAC1"
"HALLMARK_UNFOLDED_PROTEIN_RESPONSE"	15	"CKS1B"
"HALLMARK_UNFOLDED_PROTEIN_RESPONSE"	16	"CNOT2"
"HALLMARK_UNFOLDED_PROTEIN_RESPONSE"	17	"CNOT4"
"HALLMARK_UNFOLDED_PROTEIN_RESPONSE"	18	"CNOT6"
"HALLMARK_UNFOLDED_PROTEIN_RESPONSE"	19	"CXXC1"
"HALLMARK_UNFOLDED_PROTEIN_RESPONSE"	20	"DCP1A"
"HALLMARK_UNFOLDED_PROTEIN_RESPONSE"	21	"DCP2"
"HALLMARK_UNFOLDED_PROTEIN_RESPONSE"	22	"DCTN1"
"HALLMARK_UNFOLDED_PROTEIN_RESPONSE"	23	"DDIT4"
"HALLMARK_UNFOLDED_PROTEIN_RESPONSE"	24	"DDX10"
"HALLMARK_UNFOLDED_PROTEIN_RESPONSE"	25	"DKC1"
"HALLMARK_UNFOLDED_PROTEIN_RESPONSE"	26	"DNAJA4"
"HALLMARK_UNFOLDED_PROTEIN_RESPONSE"	27	"DNAJB9"
"HALLMARK_UNFOLDED_PROTEIN_RESPONSE"	28	"DNAJC3"
"HALLMARK_UNFOLDED_PROTEIN_RESPONSE"	29	"EDC4"
"HALLMARK_UNFOLDED_PROTEIN_RESPONSE"	30	"EDEM1"
"HALLMARK_UNFOLDED_PROTEIN_RESPONSE"	31	"EEF2"
"HALLMARK_UNFOLDED_PROTEIN_RESPONSE"	32	"EIF2AK3"
"HALLMARK_UNFOLDED_PROTEIN_RESPONSE"	33	"EIF2S1"
"HALLMARK_UNFOLDED_PROTEIN_RESPONSE"	34	"EIF4A1"
"HALLMARK_UNFOLDED_PROTEIN_RESPONSE"	35	"EIF4A2"
"HALLMARK_UNFOLDED_PROTEIN_RESPONSE"	36	"EIF4A3"
"HALLMARK_UNFOLDED_PROTEIN_RESPONSE"	37	"EIF4E"
"HALLMARK_UNFOLDED_PROTEIN_RESPONSE"	38	"EIF4EBP1"
"HALLMARK_UNFOLDED_PROTEIN_RESPONSE"	39	"EIF4G1"
"HALLMARK_UNFOLDED_PROTEIN_RESPONSE"	40	"ERN1"
"HALLMARK_UNFOLDED_PROTEIN_RESPONSE"	41	"ERO1A"
"HALLMARK_UNFOLDED_PROTEIN_RESPONSE"	42	"EXOC2"
"HALLMARK_UNFOLDED_PROTEIN_RESPONSE"	43	"EXOSC1"
"HALLMARK_UNFOLDED_PROTEIN_RESPONSE"	44	"EXOSC10"
"HALLMARK_UNFOLDED_PROTEIN_RESPONSE"	45	"EXOSC2"
"HALLMARK_UNFOLDED_PROTEIN_RESPONSE"	46	"EXOSC4"
"HALLMARK_UNFOLDED_PROTEIN_RESPONSE"	47	"EXOSC5"
"HALLMARK_UNFOLDED_PROTEIN_RESPONSE"	48	"EXOSC9"
"HALLMARK_UNFOLDED_PROTEIN_RESPONSE"	49	"FKBP14"
"HALLMARK_UNFOLDED_PROTEIN_RESPONSE"	50	"FUS"
"HALLMARK_UNFOLDED_PROTEIN_RESPONSE"	51	"GEMIN4"
"HALLMARK_UNFOLDED_PROTEIN_RESPONSE"	52	"GOSR2"
"HALLMARK_UNFOLDED_PROTEIN_RESPONSE"	53	"H2AX"
"HALLMARK_UNFOLDED_PROTEIN_RESPONSE"	54	"HERPUD1"
"HALLMARK_UNFOLDED_PROTEIN_RESPONSE"	55	"HSP90B1"
"HALLMARK_UNFOLDED_PROTEIN_RESPONSE"	56	"HSPA5"
"HALLMARK_UNFOLDED_PROTEIN_RESPONSE"	57	"HSPA9"
"HALLMARK_UNFOLDED_PROTEIN_RESPONSE"	58	"HYOU1"
"HALLMARK_UNFOLDED_PROTEIN_RESPONSE"	59	"IARS1"
"HALLMARK_UNFOLDED_PROTEIN_RESPONSE"	60	"IFIT1"
"HALLMARK_UNFOLDED_PROTEIN_RESPONSE"	61	"IGFBP1"
"HALLMARK_UNFOLDED_PROTEIN_RESPONSE"	62	"IMP3"
"HALLMARK_UNFOLDED_PROTEIN_RESPONSE"	63	"KDELR3"
"HALLMARK_UNFOLDED_PROTEIN_RESPONSE"	64	"KHSRP"
"HALLMARK_UNFOLDED_PROTEIN_RESPONSE"	65	"KIF5B"
"HALLMARK_UNFOLDED_PROTEIN_RESPONSE"	66	"LSM1"
"HALLMARK_UNFOLDED_PROTEIN_RESPONSE"	67	"LSM4"
"HALLMARK_UNFOLDED_PROTEIN_RESPONSE"	68	"MTHFD2"
"HALLMARK_UNFOLDED_PROTEIN_RESPONSE"	69	"MTREX"
"HALLMARK_UNFOLDED_PROTEIN_RESPONSE"	70	"NABP1"
"HALLMARK_UNFOLDED_PROTEIN_RESPONSE"	71	"NFYA"
"HALLMARK_UNFOLDED_PROTEIN_RESPONSE"	72	"NFYB"
"HALLMARK_UNFOLDED_PROTEIN_RESPONSE"	73	"NHP2"
"HALLMARK_UNFOLDED_PROTEIN_RESPONSE"	74	"NOLC1"
"HALLMARK_UNFOLDED_PROTEIN_RESPONSE"	75	"NOP14"
"HALLMARK_UNFOLDED_PROTEIN_RESPONSE"	76	"NOP56"
"HALLMARK_UNFOLDED_PROTEIN_RESPONSE"	77	"NPM1"
"HALLMARK_UNFOLDED_PROTEIN_RESPONSE"	78	"PAIP1"
"HALLMARK_UNFOLDED_PROTEIN_RESPONSE"	79	"PARN"
"HALLMARK_UNFOLDED_PROTEIN_RESPONSE"	80	"PDIA5"
"HALLMARK_UNFOLDED_PROTEIN_RESPONSE"	81	"PDIA6"
"HALLMARK_UNFOLDED_PROTEIN_RESPONSE"	82	"POP4"
"HALLMARK_UNFOLDED_PROTEIN_RESPONSE"	83	"PREB"
"HALLMARK_UNFOLDED_PROTEIN_RESPONSE"	84	"PSAT1"
"HALLMARK_UNFOLDED_PROTEIN_RESPONSE"	85	"RPS14"
"HALLMARK_UNFOLDED_PROTEIN_RESPONSE"	86	"RRP9"
"HALLMARK_UNFOLDED_PROTEIN_RESPONSE"	87	"SDAD1"
"HALLMARK_UNFOLDED_PROTEIN_RESPONSE"	88	"SEC11A"
"HALLMARK_UNFOLDED_PROTEIN_RESPONSE"	89	"SEC31A"
"HALLMARK_UNFOLDED_PROTEIN_RESPONSE"	90	"SERP1"
"HALLMARK_UNFOLDED_PROTEIN_RESPONSE"	91	"SHC1"
"HALLMARK_UNFOLDED_PROTEIN_RESPONSE"	92	"SKIC3"
"HALLMARK_UNFOLDED_PROTEIN_RESPONSE"	93	"SLC1A4"
"HALLMARK_UNFOLDED_PROTEIN_RESPONSE"	94	"SLC30A5"
"HALLMARK_UNFOLDED_PROTEIN_RESPONSE"	95	"SLC7A5"
"HALLMARK_UNFOLDED_PROTEIN_RESPONSE"	96	"SPCS1"
"HALLMARK_UNFOLDED_PROTEIN_RESPONSE"	97	"SPCS3"
"HALLMARK_UNFOLDED_PROTEIN_RESPONSE"	98	"SRPRA"
"HALLMARK_UNFOLDED_PROTEIN_RESPONSE"	99	"SRPRB"
"HALLMARK_UNFOLDED_PROTEIN_RESPONSE"	100	"SSR1"
"HALLMARK_UNFOLDED_PROTEIN_RESPONSE"	101	"STC2"
"HALLMARK_UNFOLDED_PROTEIN_RESPONSE"	102	"TARS1"
"HALLMARK_UNFOLDED_PROTEIN_RESPONSE"	103	"TATDN2"
"HALLMARK_UNFOLDED_PROTEIN_RESPONSE"	104	"TSPYL2"
"HALLMARK_UNFOLDED_PROTEIN_RESPONSE"	105	"TUBB2A"
"HALLMARK_UNFOLDED_PROTEIN_RESPONSE"	106	"VEGFA"
"HALLMARK_UNFOLDED_PROTEIN_RESPONSE"	107	"WFS1"
"HALLMARK_UNFOLDED_PROTEIN_RESPONSE"	108	"WIPI1"
"HALLMARK_UNFOLDED_PROTEIN_RESPONSE"	109	"XBP1"
"HALLMARK_UNFOLDED_PROTEIN_RESPONSE"	110	"XPOT"
"HALLMARK_UNFOLDED_PROTEIN_RESPONSE"	111	"YIF1A"
"HALLMARK_UNFOLDED_PROTEIN_RESPONSE"	112	"YWHAZ"
"HALLMARK_UNFOLDED_PROTEIN_RESPONSE"	113	"ZBTB17"
"HALLMARK_E2F_TARGETS"	1	"AK2"
"HALLMARK_E2F_TARGETS"	2	"ANP32E"
"HALLMARK_E2F_TARGETS"	3	"ASF1A"
"HALLMARK_E2F_TARGETS"	4	"ASF1B"
"HALLMARK_E2F_TARGETS"	5	"ATAD2"
"HALLMARK_E2F_TARGETS"	6	"AURKA"
"HALLMARK_E2F_TARGETS"	7	"AURKB"
"HALLMARK_E2F_TARGETS"	8	"BARD1"
"HALLMARK_E2F_TARGETS"	9	"BIRC5"
"HALLMARK_E2F_TARGETS"	10	"BRCA1"
"HALLMARK_E2F_TARGETS"	11	"BRCA2"
"HALLMARK_E2F_TARGETS"	12	"BRMS1L"
"HALLMARK_E2F_TARGETS"	13	"BUB1B"
"HALLMARK_E2F_TARGETS"	14	"CBX5"
"HALLMARK_E2F_TARGETS"	15	"CCNB2"
"HALLMARK_E2F_TARGETS"	16	"CCNE1"
"HALLMARK_E2F_TARGETS"	17	"CCP110"
"HALLMARK_E2F_TARGETS"	18	"CDC20"
"HALLMARK_E2F_TARGETS"	19	"CDC25A"
"HALLMARK_E2F_TARGETS"	20	"CDC25B"
"HALLMARK_E2F_TARGETS"	21	"CDCA3"
"HALLMARK_E2F_TARGETS"	22	"CDCA8"
"HALLMARK_E2F_TARGETS"	23	"CDK1"
"HALLMARK_E2F_TARGETS"	24	"CDK4"
"HALLMARK_E2F_TARGETS"	25	"CDKN1A"
"HALLMARK_E2F_TARGETS"	26	"CDKN1B"
"HALLMARK_E2F_TARGETS"	27	"CDKN2A"
"HALLMARK_E2F_TARGETS"	28	"CDKN2C"
"HALLMARK_E2F_TARGETS"	29	"CDKN3"
"HALLMARK_E2F_TARGETS"	30	"CENPE"
"HALLMARK_E2F_TARGETS"	31	"CENPM"
"HALLMARK_E2F_TARGETS"	32	"CHEK1"
"HALLMARK_E2F_TARGETS"	33	"CHEK2"
"HALLMARK_E2F_TARGETS"	34	"CIT"
"HALLMARK_E2F_TARGETS"	35	"CKS1B"
"HALLMARK_E2F_TARGETS"	36	"CKS2"
"HALLMARK_E2F_TARGETS"	37	"CNOT9"
"HALLMARK_E2F_TARGETS"	38	"CSE1L"
"HALLMARK_E2F_TARGETS"	39	"CTCF"
"HALLMARK_E2F_TARGETS"	40	"CTPS1"
"HALLMARK_E2F_TARGETS"	41	"DCK"
"HALLMARK_E2F_TARGETS"	42	"DCLRE1B"
"HALLMARK_E2F_TARGETS"	43	"DCTPP1"
"HALLMARK_E2F_TARGETS"	44	"DDX39A"
"HALLMARK_E2F_TARGETS"	45	"DEK"
"HALLMARK_E2F_TARGETS"	46	"DEPDC1"
"HALLMARK_E2F_TARGETS"	47	"DIAPH3"
"HALLMARK_E2F_TARGETS"	48	"DLGAP5"
"HALLMARK_E2F_TARGETS"	49	"DNMT1"
"HALLMARK_E2F_TARGETS"	50	"DONSON"
"HALLMARK_E2F_TARGETS"	51	"DSCC1"
"HALLMARK_E2F_TARGETS"	52	"DUT"
"HALLMARK_E2F_TARGETS"	53	"E2F8"
"HALLMARK_E2F_TARGETS"	54	"EED"
"HALLMARK_E2F_TARGETS"	55	"EIF2S1"
"HALLMARK_E2F_TARGETS"	56	"ESPL1"
"HALLMARK_E2F_TARGETS"	57	"EXOSC8"
"HALLMARK_E2F_TARGETS"	58	"EZH2"
"HALLMARK_E2F_TARGETS"	59	"GINS1"
"HALLMARK_E2F_TARGETS"	60	"GINS3"
"HALLMARK_E2F_TARGETS"	61	"GINS4"
"HALLMARK_E2F_TARGETS"	62	"GSPT1"
"HALLMARK_E2F_TARGETS"	63	"H2AX"
"HALLMARK_E2F_TARGETS"	64	"H2AZ1"
"HALLMARK_E2F_TARGETS"	65	"HELLS"
"HALLMARK_E2F_TARGETS"	66	"HMGA1"
"HALLMARK_E2F_TARGETS"	67	"HMGB2"
"HALLMARK_E2F_TARGETS"	68	"HMGB3"
"HALLMARK_E2F_TARGETS"	69	"HMMR"
"HALLMARK_E2F_TARGETS"	70	"HNRNPD"
"HALLMARK_E2F_TARGETS"	71	"HUS1"
"HALLMARK_E2F_TARGETS"	72	"ILF3"
"HALLMARK_E2F_TARGETS"	73	"ING3"
"HALLMARK_E2F_TARGETS"	74	"IPO7"
"HALLMARK_E2F_TARGETS"	75	"JPT1"
"HALLMARK_E2F_TARGETS"	76	"KIF18B"
"HALLMARK_E2F_TARGETS"	77	"KIF22"
"HALLMARK_E2F_TARGETS"	78	"KIF2C"
"HALLMARK_E2F_TARGETS"	79	"KIF4A"
"HALLMARK_E2F_TARGETS"	80	"KPNA2"
"HALLMARK_E2F_TARGETS"	81	"LBR"
"HALLMARK_E2F_TARGETS"	82	"LIG1"
"HALLMARK_E2F_TARGETS"	83	"LMNB1"
"HALLMARK_E2F_TARGETS"	84	"LUC7L3"
"HALLMARK_E2F_TARGETS"	85	"LYAR"
"HALLMARK_E2F_TARGETS"	86	"MAD2L1"
"HALLMARK_E2F_TARGETS"	87	"MCM2"
"HALLMARK_E2F_TARGETS"	88	"MCM3"
"HALLMARK_E2F_TARGETS"	89	"MCM4"
"HALLMARK_E2F_TARGETS"	90	"MCM5"
"HALLMARK_E2F_TARGETS"	91	"MCM6"
"HALLMARK_E2F_TARGETS"	92	"MCM7"
"HALLMARK_E2F_TARGETS"	93	"MELK"
"HALLMARK_E2F_TARGETS"	94	"MKI67"
"HALLMARK_E2F_TARGETS"	95	"MLH1"
"HALLMARK_E2F_TARGETS"	96	"MMS22L"
"HALLMARK_E2F_TARGETS"	97	"MRE11"
"HALLMARK_E2F_TARGETS"	98	"MSH2"
"HALLMARK_E2F_TARGETS"	99	"MTHFD2"
"HALLMARK_E2F_TARGETS"	100	"MXD3"
"HALLMARK_E2F_TARGETS"	101	"MYBL2"
"HALLMARK_E2F_TARGETS"	102	"MYC"
"HALLMARK_E2F_TARGETS"	103	"NAA38"
"HALLMARK_E2F_TARGETS"	104	"NAP1L1"
"HALLMARK_E2F_TARGETS"	105	"NASP"
"HALLMARK_E2F_TARGETS"	106	"NBN"
"HALLMARK_E2F_TARGETS"	107	"NCAPD2"
"HALLMARK_E2F_TARGETS"	108	"NME1"
"HALLMARK_E2F_TARGETS"	109	"NOLC1"
"HALLMARK_E2F_TARGETS"	110	"NOP56"
"HALLMARK_E2F_TARGETS"	111	"NUDT21"
"HALLMARK_E2F_TARGETS"	112	"NUP107"
"HALLMARK_E2F_TARGETS"	113	"NUP153"
"HALLMARK_E2F_TARGETS"	114	"NUP205"
"HALLMARK_E2F_TARGETS"	115	"ORC2"
"HALLMARK_E2F_TARGETS"	116	"ORC6"
"HALLMARK_E2F_TARGETS"	117	"PA2G4"
"HALLMARK_E2F_TARGETS"	118	"PAICS"
"HALLMARK_E2F_TARGETS"	119	"PAN2"
"HALLMARK_E2F_TARGETS"	120	"PCNA"
"HALLMARK_E2F_TARGETS"	121	"PDS5B"
"HALLMARK_E2F_TARGETS"	122	"PHF5A"
"HALLMARK_E2F_TARGETS"	123	"PLK1"
"HALLMARK_E2F_TARGETS"	124	"PLK4"
"HALLMARK_E2F_TARGETS"	125	"PMS2"
"HALLMARK_E2F_TARGETS"	126	"PNN"
"HALLMARK_E2F_TARGETS"	127	"POLA2"
"HALLMARK_E2F_TARGETS"	128	"POLD1"
"HALLMARK_E2F_TARGETS"	129	"POLD2"
"HALLMARK_E2F_TARGETS"	130	"POLD3"
"HALLMARK_E2F_TARGETS"	131	"POLE"
"HALLMARK_E2F_TARGETS"	132	"POLE4"
"HALLMARK_E2F_TARGETS"	133	"POP7"
"HALLMARK_E2F_TARGETS"	134	"PPM1D"
"HALLMARK_E2F_TARGETS"	135	"PPP1R8"
"HALLMARK_E2F_TARGETS"	136	"PRDX4"
"HALLMARK_E2F_TARGETS"	137	"PRIM2"
"HALLMARK_E2F_TARGETS"	138	"PRKDC"
"HALLMARK_E2F_TARGETS"	139	"PRPS1"
"HALLMARK_E2F_TARGETS"	140	"PSIP1"
"HALLMARK_E2F_TARGETS"	141	"PSMC3IP"
"HALLMARK_E2F_TARGETS"	142	"PTTG1"
"HALLMARK_E2F_TARGETS"	143	"RACGAP1"
"HALLMARK_E2F_TARGETS"	144	"RAD1"
"HALLMARK_E2F_TARGETS"	145	"RAD21"
"HALLMARK_E2F_TARGETS"	146	"RAD50"
"HALLMARK_E2F_TARGETS"	147	"RAD51AP1"
"HALLMARK_E2F_TARGETS"	148	"RAD51C"
"HALLMARK_E2F_TARGETS"	149	"RAN"
"HALLMARK_E2F_TARGETS"	150	"RANBP1"
"HALLMARK_E2F_TARGETS"	151	"RBBP7"
"HALLMARK_E2F_TARGETS"	152	"RFC1"
"HALLMARK_E2F_TARGETS"	153	"RFC2"
"HALLMARK_E2F_TARGETS"	154	"RFC3"
"HALLMARK_E2F_TARGETS"	155	"RNASEH2A"
"HALLMARK_E2F_TARGETS"	156	"RPA1"
"HALLMARK_E2F_TARGETS"	157	"RPA2"
"HALLMARK_E2F_TARGETS"	158	"RPA3"
"HALLMARK_E2F_TARGETS"	159	"RRM2"
"HALLMARK_E2F_TARGETS"	160	"SHMT1"
"HALLMARK_E2F_TARGETS"	161	"SLBP"
"HALLMARK_E2F_TARGETS"	162	"SMC1A"
"HALLMARK_E2F_TARGETS"	163	"SMC3"
"HALLMARK_E2F_TARGETS"	164	"SMC4"
"HALLMARK_E2F_TARGETS"	165	"SMC6"
"HALLMARK_E2F_TARGETS"	166	"SNRPB"
"HALLMARK_E2F_TARGETS"	167	"SPAG5"
"HALLMARK_E2F_TARGETS"	168	"SPC24"
"HALLMARK_E2F_TARGETS"	169	"SPC25"
"HALLMARK_E2F_TARGETS"	170	"SRSF1"
"HALLMARK_E2F_TARGETS"	171	"SRSF2"
"HALLMARK_E2F_TARGETS"	172	"SSRP1"
"HALLMARK_E2F_TARGETS"	173	"STAG1"
"HALLMARK_E2F_TARGETS"	174	"STMN1"
"HALLMARK_E2F_TARGETS"	175	"SUV39H1"
"HALLMARK_E2F_TARGETS"	176	"SYNCRIP"
"HALLMARK_E2F_TARGETS"	177	"TACC3"
"HALLMARK_E2F_TARGETS"	178	"TBRG4"
"HALLMARK_E2F_TARGETS"	179	"TCF19"
"HALLMARK_E2F_TARGETS"	180	"TFRC"
"HALLMARK_E2F_TARGETS"	181	"TIMELESS"
"HALLMARK_E2F_TARGETS"	182	"TIPIN"
"HALLMARK_E2F_TARGETS"	183	"TK1"
"HALLMARK_E2F_TARGETS"	184	"TMPO"
"HALLMARK_E2F_TARGETS"	185	"TOP2A"
"HALLMARK_E2F_TARGETS"	186	"TP53"
"HALLMARK_E2F_TARGETS"	187	"TRA2B"
"HALLMARK_E2F_TARGETS"	188	"TRIP13"
"HALLMARK_E2F_TARGETS"	189	"TUBB"
"HALLMARK_E2F_TARGETS"	190	"TUBG1"
"HALLMARK_E2F_TARGETS"	191	"UBE2S"
"HALLMARK_E2F_TARGETS"	192	"UBE2T"
"HALLMARK_E2F_TARGETS"	193	"UBR7"
"HALLMARK_E2F_TARGETS"	194	"UNG"
"HALLMARK_E2F_TARGETS"	195	"USP1"
"HALLMARK_E2F_TARGETS"	196	"WDR90"
"HALLMARK_E2F_TARGETS"	197	"WEE1"
"HALLMARK_E2F_TARGETS"	198	"XPO1"
"HALLMARK_E2F_TARGETS"	199	"XRCC6"
"HALLMARK_E2F_TARGETS"	200	"ZW10"
"HALLMARK_G2M_CHECKPOINT"	1	"ABL1"
"HALLMARK_G2M_CHECKPOINT"	2	"AMD1"
"HALLMARK_G2M_CHECKPOINT"	3	"ARID4A"
"HALLMARK_G2M_CHECKPOINT"	4	"ATF5"
"HALLMARK_G2M_CHECKPOINT"	5	"ATRX"
"HALLMARK_G2M_CHECKPOINT"	6	"AURKA"
"HALLMARK_G2M_CHECKPOINT"	7	"AURKB"
"HALLMARK_G2M_CHECKPOINT"	8	"BARD1"
"HALLMARK_G2M_CHECKPOINT"	9	"BCL3"
"HALLMARK_G2M_CHECKPOINT"	10	"BIRC5"
"HALLMARK_G2M_CHECKPOINT"	11	"BRCA2"
"HALLMARK_G2M_CHECKPOINT"	12	"BUB1"
"HALLMARK_G2M_CHECKPOINT"	13	"BUB3"
"HALLMARK_G2M_CHECKPOINT"	14	"CASP8AP2"
"HALLMARK_G2M_CHECKPOINT"	15	"CBX1"
"HALLMARK_G2M_CHECKPOINT"	16	"CCNA2"
"HALLMARK_G2M_CHECKPOINT"	17	"CCNB2"
"HALLMARK_G2M_CHECKPOINT"	18	"CCND1"
"HALLMARK_G2M_CHECKPOINT"	19	"CCNF"
"HALLMARK_G2M_CHECKPOINT"	20	"CCNT1"
"HALLMARK_G2M_CHECKPOINT"	21	"CDC20"
"HALLMARK_G2M_CHECKPOINT"	22	"CDC25A"
"HALLMARK_G2M_CHECKPOINT"	23	"CDC25B"
"HALLMARK_G2M_CHECKPOINT"	24	"CDC27"
"HALLMARK_G2M_CHECKPOINT"	25	"CDC45"
"HALLMARK_G2M_CHECKPOINT"	26	"CDC6"
"HALLMARK_G2M_CHECKPOINT"	27	"CDC7"
"HALLMARK_G2M_CHECKPOINT"	28	"CDK1"
"HALLMARK_G2M_CHECKPOINT"	29	"CDK4"
"HALLMARK_G2M_CHECKPOINT"	30	"CDKN1B"
"HALLMARK_G2M_CHECKPOINT"	31	"CDKN2C"
"HALLMARK_G2M_CHECKPOINT"	32	"CDKN3"
"HALLMARK_G2M_CHECKPOINT"	33	"CENPA"
"HALLMARK_G2M_CHECKPOINT"	34	"CENPE"
"HALLMARK_G2M_CHECKPOINT"	35	"CENPF"
"HALLMARK_G2M_CHECKPOINT"	36	"CHAF1A"
"HALLMARK_G2M_CHECKPOINT"	37	"CHEK1"
"HALLMARK_G2M_CHECKPOINT"	38	"CHMP1A"
"HALLMARK_G2M_CHECKPOINT"	39	"CKS1B"
"HALLMARK_G2M_CHECKPOINT"	40	"CKS2"
"HALLMARK_G2M_CHECKPOINT"	41	"CTCF"
"HALLMARK_G2M_CHECKPOINT"	42	"CUL1"
"HALLMARK_G2M_CHECKPOINT"	43	"CUL3"
"HALLMARK_G2M_CHECKPOINT"	44	"CUL4A"
"HALLMARK_G2M_CHECKPOINT"	45	"CUL5"
"HALLMARK_G2M_CHECKPOINT"	46	"DBF4"
"HALLMARK_G2M_CHECKPOINT"	47	"DDX39A"
"HALLMARK_G2M_CHECKPOINT"	48	"DKC1"
"HALLMARK_G2M_CHECKPOINT"	49	"DMD"
"HALLMARK_G2M_CHECKPOINT"	50	"DR1"
"HALLMARK_G2M_CHECKPOINT"	51	"DTYMK"
"HALLMARK_G2M_CHECKPOINT"	52	"E2F1"
"HALLMARK_G2M_CHECKPOINT"	53	"E2F2"
"HALLMARK_G2M_CHECKPOINT"	54	"E2F3"
"HALLMARK_G2M_CHECKPOINT"	55	"E2F4"
"HALLMARK_G2M_CHECKPOINT"	56	"EFNA5"
"HALLMARK_G2M_CHECKPOINT"	57	"EGF"
"HALLMARK_G2M_CHECKPOINT"	58	"ESPL1"
"HALLMARK_G2M_CHECKPOINT"	59	"EWSR1"
"HALLMARK_G2M_CHECKPOINT"	60	"EXO1"
"HALLMARK_G2M_CHECKPOINT"	61	"EZH2"
"HALLMARK_G2M_CHECKPOINT"	62	"FANCC"
"HALLMARK_G2M_CHECKPOINT"	63	"FBXO5"
"HALLMARK_G2M_CHECKPOINT"	64	"FOXN3"
"HALLMARK_G2M_CHECKPOINT"	65	"G3BP1"
"HALLMARK_G2M_CHECKPOINT"	66	"GINS2"
"HALLMARK_G2M_CHECKPOINT"	67	"GSPT1"
"HALLMARK_G2M_CHECKPOINT"	68	"H2AX"
"HALLMARK_G2M_CHECKPOINT"	69	"H2AZ1"
"HALLMARK_G2M_CHECKPOINT"	70	"H2AZ2"
"HALLMARK_G2M_CHECKPOINT"	71	"H2BC12"
"HALLMARK_G2M_CHECKPOINT"	72	"HIF1A"
"HALLMARK_G2M_CHECKPOINT"	73	"HIRA"
"HALLMARK_G2M_CHECKPOINT"	74	"HMGA1"
"HALLMARK_G2M_CHECKPOINT"	75	"HMGB3"
"HALLMARK_G2M_CHECKPOINT"	76	"HMGN2"
"HALLMARK_G2M_CHECKPOINT"	77	"HMMR"
"HALLMARK_G2M_CHECKPOINT"	78	"HNRNPD"
"HALLMARK_G2M_CHECKPOINT"	79	"HNRNPU"
"HALLMARK_G2M_CHECKPOINT"	80	"HOXC10"
"HALLMARK_G2M_CHECKPOINT"	81	"HSPA8"
"HALLMARK_G2M_CHECKPOINT"	82	"HUS1"
"HALLMARK_G2M_CHECKPOINT"	83	"ILF3"
"HALLMARK_G2M_CHECKPOINT"	84	"INCENP"
"HALLMARK_G2M_CHECKPOINT"	85	"JPT1"
"HALLMARK_G2M_CHECKPOINT"	86	"KATNA1"
"HALLMARK_G2M_CHECKPOINT"	87	"KIF11"
"HALLMARK_G2M_CHECKPOINT"	88	"KIF15"
"HALLMARK_G2M_CHECKPOINT"	89	"KIF20B"
"HALLMARK_G2M_CHECKPOINT"	90	"KIF22"
"HALLMARK_G2M_CHECKPOINT"	91	"KIF23"
"HALLMARK_G2M_CHECKPOINT"	92	"KIF2C"
"HALLMARK_G2M_CHECKPOINT"	93	"KIF4A"
"HALLMARK_G2M_CHECKPOINT"	94	"KIF5B"
"HALLMARK_G2M_CHECKPOINT"	95	"KMT5A"
"HALLMARK_G2M_CHECKPOINT"	96	"KNL1"
"HALLMARK_G2M_CHECKPOINT"	97	"KPNA2"
"HALLMARK_G2M_CHECKPOINT"	98	"KPNB1"
"HALLMARK_G2M_CHECKPOINT"	99	"LBR"
"HALLMARK_G2M_CHECKPOINT"	100	"LIG3"
"HALLMARK_G2M_CHECKPOINT"	101	"LMNB1"
"HALLMARK_G2M_CHECKPOINT"	102	"MAD2L1"
"HALLMARK_G2M_CHECKPOINT"	103	"MAP3K20"
"HALLMARK_G2M_CHECKPOINT"	104	"MAPK14"
"HALLMARK_G2M_CHECKPOINT"	105	"MARCKS"
"HALLMARK_G2M_CHECKPOINT"	106	"MCM2"
"HALLMARK_G2M_CHECKPOINT"	107	"MCM3"
"HALLMARK_G2M_CHECKPOINT"	108	"MCM5"
"HALLMARK_G2M_CHECKPOINT"	109	"MCM6"
"HALLMARK_G2M_CHECKPOINT"	110	"MEIS1"
"HALLMARK_G2M_CHECKPOINT"	111	"MEIS2"
"HALLMARK_G2M_CHECKPOINT"	112	"MKI67"
"HALLMARK_G2M_CHECKPOINT"	113	"MNAT1"
"HALLMARK_G2M_CHECKPOINT"	114	"MT2A"
"HALLMARK_G2M_CHECKPOINT"	115	"MTF2"
"HALLMARK_G2M_CHECKPOINT"	116	"MYBL2"
"HALLMARK_G2M_CHECKPOINT"	117	"MYC"
"HALLMARK_G2M_CHECKPOINT"	118	"NASP"
"HALLMARK_G2M_CHECKPOINT"	119	"NCL"
"HALLMARK_G2M_CHECKPOINT"	120	"NDC80"
"HALLMARK_G2M_CHECKPOINT"	121	"NEK2"
"HALLMARK_G2M_CHECKPOINT"	122	"NOLC1"
"HALLMARK_G2M_CHECKPOINT"	123	"NOTCH2"
"HALLMARK_G2M_CHECKPOINT"	124	"NSD2"
"HALLMARK_G2M_CHECKPOINT"	125	"NUMA1"
"HALLMARK_G2M_CHECKPOINT"	126	"NUP50"
"HALLMARK_G2M_CHECKPOINT"	127	"NUP98"
"HALLMARK_G2M_CHECKPOINT"	128	"NUSAP1"
"HALLMARK_G2M_CHECKPOINT"	129	"ODC1"
"HALLMARK_G2M_CHECKPOINT"	130	"ODF2"
"HALLMARK_G2M_CHECKPOINT"	131	"ORC5"
"HALLMARK_G2M_CHECKPOINT"	132	"ORC6"
"HALLMARK_G2M_CHECKPOINT"	133	"PAFAH1B1"
"HALLMARK_G2M_CHECKPOINT"	134	"PBK"
"HALLMARK_G2M_CHECKPOINT"	135	"PDS5B"
"HALLMARK_G2M_CHECKPOINT"	136	"PLK1"
"HALLMARK_G2M_CHECKPOINT"	137	"PLK4"
"HALLMARK_G2M_CHECKPOINT"	138	"PML"
"HALLMARK_G2M_CHECKPOINT"	139	"POLA2"
"HALLMARK_G2M_CHECKPOINT"	140	"POLE"
"HALLMARK_G2M_CHECKPOINT"	141	"POLQ"
"HALLMARK_G2M_CHECKPOINT"	142	"PRC1"
"HALLMARK_G2M_CHECKPOINT"	143	"PRIM2"
"HALLMARK_G2M_CHECKPOINT"	144	"PRMT5"
"HALLMARK_G2M_CHECKPOINT"	145	"PRP4K"
"HALLMARK_G2M_CHECKPOINT"	146	"PTTG1"
"HALLMARK_G2M_CHECKPOINT"	147	"PTTG3P"
"HALLMARK_G2M_CHECKPOINT"	148	"PURA"
"HALLMARK_G2M_CHECKPOINT"	149	"RACGAP1"
"HALLMARK_G2M_CHECKPOINT"	150	"RAD21"
"HALLMARK_G2M_CHECKPOINT"	151	"RAD23B"
"HALLMARK_G2M_CHECKPOINT"	152	"RAD54L"
"HALLMARK_G2M_CHECKPOINT"	153	"RASAL2"
"HALLMARK_G2M_CHECKPOINT"	154	"RBL1"
"HALLMARK_G2M_CHECKPOINT"	155	"RBM14"
"HALLMARK_G2M_CHECKPOINT"	156	"RPA2"
"HALLMARK_G2M_CHECKPOINT"	157	"RPS6KA5"
"HALLMARK_G2M_CHECKPOINT"	158	"SAP30"
"HALLMARK_G2M_CHECKPOINT"	159	"SFPQ"
"HALLMARK_G2M_CHECKPOINT"	160	"SLC12A2"
"HALLMARK_G2M_CHECKPOINT"	161	"SLC38A1"
"HALLMARK_G2M_CHECKPOINT"	162	"SLC7A1"
"HALLMARK_G2M_CHECKPOINT"	163	"SLC7A5"
"HALLMARK_G2M_CHECKPOINT"	164	"SMAD3"
"HALLMARK_G2M_CHECKPOINT"	165	"SMARCC1"
"HALLMARK_G2M_CHECKPOINT"	166	"SMC1A"
"HALLMARK_G2M_CHECKPOINT"	167	"SMC2"
"HALLMARK_G2M_CHECKPOINT"	168	"SMC4"
"HALLMARK_G2M_CHECKPOINT"	169	"SNRPD1"
"HALLMARK_G2M_CHECKPOINT"	170	"SQLE"
"HALLMARK_G2M_CHECKPOINT"	171	"SRSF1"
"HALLMARK_G2M_CHECKPOINT"	172	"SRSF10"
"HALLMARK_G2M_CHECKPOINT"	173	"SRSF2"
"HALLMARK_G2M_CHECKPOINT"	174	"SS18"
"HALLMARK_G2M_CHECKPOINT"	175	"STAG1"
"HALLMARK_G2M_CHECKPOINT"	176	"STIL"
"HALLMARK_G2M_CHECKPOINT"	177	"STMN1"
"HALLMARK_G2M_CHECKPOINT"	178	"SUV39H1"
"HALLMARK_G2M_CHECKPOINT"	179	"SYNCRIP"
"HALLMARK_G2M_CHECKPOINT"	180	"TACC3"
"HALLMARK_G2M_CHECKPOINT"	181	"TENT4A"
"HALLMARK_G2M_CHECKPOINT"	182	"TFDP1"
"HALLMARK_G2M_CHECKPOINT"	183	"TGFB1"
"HALLMARK_G2M_CHECKPOINT"	184	"TLE3"
"HALLMARK_G2M_CHECKPOINT"	185	"TMPO"
"HALLMARK_G2M_CHECKPOINT"	186	"TNPO2"
"HALLMARK_G2M_CHECKPOINT"	187	"TOP1"
"HALLMARK_G2M_CHECKPOINT"	188	"TOP2A"
"HALLMARK_G2M_CHECKPOINT"	189	"TPX2"
"HALLMARK_G2M_CHECKPOINT"	190	"TRA2B"
"HALLMARK_G2M_CHECKPOINT"	191	"TRAIP"
"HALLMARK_G2M_CHECKPOINT"	192	"TROAP"
"HALLMARK_G2M_CHECKPOINT"	193	"TTK"
"HALLMARK_G2M_CHECKPOINT"	194	"UBE2C"
"HALLMARK_G2M_CHECKPOINT"	195	"UBE2S"
"HALLMARK_G2M_CHECKPOINT"	196	"UCK2"
"HALLMARK_G2M_CHECKPOINT"	197	"UPF1"
"HALLMARK_G2M_CHECKPOINT"	198	"WRN"
"HALLMARK_G2M_CHECKPOINT"	199	"XPO1"
"HALLMARK_G2M_CHECKPOINT"	200	"YTHDC1"
"HALLMARK_MYC_TARGETS_V1"	1	"ABCE1"
"HALLMARK_MYC_TARGETS_V1"	2	"ACP1"
"HALLMARK_MYC_TARGETS_V1"	3	"AIMP2"
"HALLMARK_MYC_TARGETS_V1"	4	"AP3S1"
"HALLMARK_MYC_TARGETS_V1"	5	"APEX1"
"HALLMARK_MYC_TARGETS_V1"	6	"BUB3"
"HALLMARK_MYC_TARGETS_V1"	7	"C1QBP"
"HALLMARK_MYC_TARGETS_V1"	8	"CAD"
"HALLMARK_MYC_TARGETS_V1"	9	"CANX"
"HALLMARK_MYC_TARGETS_V1"	10	"CBX3"
"HALLMARK_MYC_TARGETS_V1"	11	"CCNA2"
"HALLMARK_MYC_TARGETS_V1"	12	"CCT2"
"HALLMARK_MYC_TARGETS_V1"	13	"CCT3"
"HALLMARK_MYC_TARGETS_V1"	14	"CCT4"
"HALLMARK_MYC_TARGETS_V1"	15	"CCT5"
"HALLMARK_MYC_TARGETS_V1"	16	"CCT7"
"HALLMARK_MYC_TARGETS_V1"	17	"CDC20"
"HALLMARK_MYC_TARGETS_V1"	18	"CDC45"
"HALLMARK_MYC_TARGETS_V1"	19	"CDK2"
"HALLMARK_MYC_TARGETS_V1"	20	"CDK4"
"HALLMARK_MYC_TARGETS_V1"	21	"CLNS1A"
"HALLMARK_MYC_TARGETS_V1"	22	"CNBP"
"HALLMARK_MYC_TARGETS_V1"	23	"COPS5"
"HALLMARK_MYC_TARGETS_V1"	24	"COX5A"
"HALLMARK_MYC_TARGETS_V1"	25	"CSTF2"
"HALLMARK_MYC_TARGETS_V1"	26	"CTPS1"
"HALLMARK_MYC_TARGETS_V1"	27	"CUL1"
"HALLMARK_MYC_TARGETS_V1"	28	"CYC1"
"HALLMARK_MYC_TARGETS_V1"	29	"DDX18"
"HALLMARK_MYC_TARGETS_V1"	30	"DDX21"
"HALLMARK_MYC_TARGETS_V1"	31	"DEK"
"HALLMARK_MYC_TARGETS_V1"	32	"DHX15"
"HALLMARK_MYC_TARGETS_V1"	33	"DUT"
"HALLMARK_MYC_TARGETS_V1"	34	"EEF1B2"
"HALLMARK_MYC_TARGETS_V1"	35	"EIF1AX"
"HALLMARK_MYC_TARGETS_V1"	36	"EIF2S1"
"HALLMARK_MYC_TARGETS_V1"	37	"EIF2S2"
"HALLMARK_MYC_TARGETS_V1"	38	"EIF3B"
"HALLMARK_MYC_TARGETS_V1"	39	"EIF3D"
"HALLMARK_MYC_TARGETS_V1"	40	"EIF3J"
"HALLMARK_MYC_TARGETS_V1"	41	"EIF4A1"
"HALLMARK_MYC_TARGETS_V1"	42	"EIF4E"
"HALLMARK_MYC_TARGETS_V1"	43	"EIF4G2"
"HALLMARK_MYC_TARGETS_V1"	44	"EIF4H"
"HALLMARK_MYC_TARGETS_V1"	45	"EPRS1"
"HALLMARK_MYC_TARGETS_V1"	46	"ERH"
"HALLMARK_MYC_TARGETS_V1"	47	"ETF1"
"HALLMARK_MYC_TARGETS_V1"	48	"EXOSC7"
"HALLMARK_MYC_TARGETS_V1"	49	"FAM120A"
"HALLMARK_MYC_TARGETS_V1"	50	"FBL"
"HALLMARK_MYC_TARGETS_V1"	51	"G3BP1"
"HALLMARK_MYC_TARGETS_V1"	52	"GLO1"
"HALLMARK_MYC_TARGETS_V1"	53	"GNL3"
"HALLMARK_MYC_TARGETS_V1"	54	"GOT2"
"HALLMARK_MYC_TARGETS_V1"	55	"GSPT1"
"HALLMARK_MYC_TARGETS_V1"	56	"H2AZ1"
"HALLMARK_MYC_TARGETS_V1"	57	"HDAC2"
"HALLMARK_MYC_TARGETS_V1"	58	"HDDC2"
"HALLMARK_MYC_TARGETS_V1"	59	"HDGF"
"HALLMARK_MYC_TARGETS_V1"	60	"HNRNPA1"
"HALLMARK_MYC_TARGETS_V1"	61	"HNRNPA2B1"
"HALLMARK_MYC_TARGETS_V1"	62	"HNRNPA3"
"HALLMARK_MYC_TARGETS_V1"	63	"HNRNPC"
"HALLMARK_MYC_TARGETS_V1"	64	"HNRNPD"
"HALLMARK_MYC_TARGETS_V1"	65	"HNRNPR"
"HALLMARK_MYC_TARGETS_V1"	66	"HNRNPU"
"HALLMARK_MYC_TARGETS_V1"	67	"HPRT1"
"HALLMARK_MYC_TARGETS_V1"	68	"HSP90AB1"
"HALLMARK_MYC_TARGETS_V1"	69	"HSPD1"
"HALLMARK_MYC_TARGETS_V1"	70	"HSPE1"
"HALLMARK_MYC_TARGETS_V1"	71	"IARS1"
"HALLMARK_MYC_TARGETS_V1"	72	"IFRD1"
"HALLMARK_MYC_TARGETS_V1"	73	"ILF2"
"HALLMARK_MYC_TARGETS_V1"	74	"IMPDH2"
"HALLMARK_MYC_TARGETS_V1"	75	"KARS1"
"HALLMARK_MYC_TARGETS_V1"	76	"KPNA2"
"HALLMARK_MYC_TARGETS_V1"	77	"KPNB1"
"HALLMARK_MYC_TARGETS_V1"	78	"LDHA"
"HALLMARK_MYC_TARGETS_V1"	79	"LSM2"
"HALLMARK_MYC_TARGETS_V1"	80	"LSM7"
"HALLMARK_MYC_TARGETS_V1"	81	"MAD2L1"
"HALLMARK_MYC_TARGETS_V1"	82	"MCM2"
"HALLMARK_MYC_TARGETS_V1"	83	"MCM4"
"HALLMARK_MYC_TARGETS_V1"	84	"MCM5"
"HALLMARK_MYC_TARGETS_V1"	85	"MCM6"
"HALLMARK_MYC_TARGETS_V1"	86	"MCM7"
"HALLMARK_MYC_TARGETS_V1"	87	"MRPL23"
"HALLMARK_MYC_TARGETS_V1"	88	"MRPL9"
"HALLMARK_MYC_TARGETS_V1"	89	"MRPS18B"
"HALLMARK_MYC_TARGETS_V1"	90	"MYC"
"HALLMARK_MYC_TARGETS_V1"	91	"NAP1L1"
"HALLMARK_MYC_TARGETS_V1"	92	"NCBP1"
"HALLMARK_MYC_TARGETS_V1"	93	"NCBP2"
"HALLMARK_MYC_TARGETS_V1"	94	"NDUFAB1"
"HALLMARK_MYC_TARGETS_V1"	95	"NHP2"
"HALLMARK_MYC_TARGETS_V1"	96	"NME1"
"HALLMARK_MYC_TARGETS_V1"	97	"NOLC1"
"HALLMARK_MYC_TARGETS_V1"	98	"NOP16"
"HALLMARK_MYC_TARGETS_V1"	99	"NOP56"
"HALLMARK_MYC_TARGETS_V1"	100	"NPM1"
"HALLMARK_MYC_TARGETS_V1"	101	"ODC1"
"HALLMARK_MYC_TARGETS_V1"	102	"ORC2"
"HALLMARK_MYC_TARGETS_V1"	103	"PA2G4"
"HALLMARK_MYC_TARGETS_V1"	104	"PABPC1"
"HALLMARK_MYC_TARGETS_V1"	105	"PABPC4"
"HALLMARK_MYC_TARGETS_V1"	106	"PCBP1"
"HALLMARK_MYC_TARGETS_V1"	107	"PCNA"
"HALLMARK_MYC_TARGETS_V1"	108	"PGK1"
"HALLMARK_MYC_TARGETS_V1"	109	"PHB1"
"HALLMARK_MYC_TARGETS_V1"	110	"PHB2"
"HALLMARK_MYC_TARGETS_V1"	111	"POLD2"
"HALLMARK_MYC_TARGETS_V1"	112	"POLE3"
"HALLMARK_MYC_TARGETS_V1"	113	"PPIA"
"HALLMARK_MYC_TARGETS_V1"	114	"PPM1G"
"HALLMARK_MYC_TARGETS_V1"	115	"PRDX3"
"HALLMARK_MYC_TARGETS_V1"	116	"PRDX4"
"HALLMARK_MYC_TARGETS_V1"	117	"PRPF31"
"HALLMARK_MYC_TARGETS_V1"	118	"PRPS2"
"HALLMARK_MYC_TARGETS_V1"	119	"PSMA1"
"HALLMARK_MYC_TARGETS_V1"	120	"PSMA2"
"HALLMARK_MYC_TARGETS_V1"	121	"PSMA4"
"HALLMARK_MYC_TARGETS_V1"	122	"PSMA6"
"HALLMARK_MYC_TARGETS_V1"	123	"PSMA7"
"HALLMARK_MYC_TARGETS_V1"	124	"PSMB2"
"HALLMARK_MYC_TARGETS_V1"	125	"PSMB3"
"HALLMARK_MYC_TARGETS_V1"	126	"PSMC4"
"HALLMARK_MYC_TARGETS_V1"	127	"PSMC6"
"HALLMARK_MYC_TARGETS_V1"	128	"PSMD1"
"HALLMARK_MYC_TARGETS_V1"	129	"PSMD14"
"HALLMARK_MYC_TARGETS_V1"	130	"PSMD3"
"HALLMARK_MYC_TARGETS_V1"	131	"PSMD7"
"HALLMARK_MYC_TARGETS_V1"	132	"PSMD8"
"HALLMARK_MYC_TARGETS_V1"	133	"PTGES3"
"HALLMARK_MYC_TARGETS_V1"	134	"PWP1"
"HALLMARK_MYC_TARGETS_V1"	135	"RACK1"
"HALLMARK_MYC_TARGETS_V1"	136	"RAD23B"
"HALLMARK_MYC_TARGETS_V1"	137	"RAN"
"HALLMARK_MYC_TARGETS_V1"	138	"RANBP1"
"HALLMARK_MYC_TARGETS_V1"	139	"RFC4"
"HALLMARK_MYC_TARGETS_V1"	140	"RNPS1"
"HALLMARK_MYC_TARGETS_V1"	141	"RPL14"
"HALLMARK_MYC_TARGETS_V1"	142	"RPL18"
"HALLMARK_MYC_TARGETS_V1"	143	"RPL22"
"HALLMARK_MYC_TARGETS_V1"	144	"RPL34"
"HALLMARK_MYC_TARGETS_V1"	145	"RPL6"
"HALLMARK_MYC_TARGETS_V1"	146	"RPLP0"
"HALLMARK_MYC_TARGETS_V1"	147	"RPS10"
"HALLMARK_MYC_TARGETS_V1"	148	"RPS2"
"HALLMARK_MYC_TARGETS_V1"	149	"RPS3"
"HALLMARK_MYC_TARGETS_V1"	150	"RPS5"
"HALLMARK_MYC_TARGETS_V1"	151	"RPS6"
"HALLMARK_MYC_TARGETS_V1"	152	"RRM1"
"HALLMARK_MYC_TARGETS_V1"	153	"RRP9"
"HALLMARK_MYC_TARGETS_V1"	154	"RSL1D1"
"HALLMARK_MYC_TARGETS_V1"	155	"RUVBL2"
"HALLMARK_MYC_TARGETS_V1"	156	"SERBP1"
"HALLMARK_MYC_TARGETS_V1"	157	"SET"
"HALLMARK_MYC_TARGETS_V1"	158	"SF3A1"
"HALLMARK_MYC_TARGETS_V1"	159	"SF3B3"
"HALLMARK_MYC_TARGETS_V1"	160	"SLC25A3"
"HALLMARK_MYC_TARGETS_V1"	161	"SMARCC1"
"HALLMARK_MYC_TARGETS_V1"	162	"SNRPA"
"HALLMARK_MYC_TARGETS_V1"	163	"SNRPA1"
"HALLMARK_MYC_TARGETS_V1"	164	"SNRPB2"
"HALLMARK_MYC_TARGETS_V1"	165	"SNRPD1"
"HALLMARK_MYC_TARGETS_V1"	166	"SNRPD2"
"HALLMARK_MYC_TARGETS_V1"	167	"SNRPD3"
"HALLMARK_MYC_TARGETS_V1"	168	"SNRPG"
"HALLMARK_MYC_TARGETS_V1"	169	"SRM"
"HALLMARK_MYC_TARGETS_V1"	170	"SRPK1"
"HALLMARK_MYC_TARGETS_V1"	171	"SRSF1"
"HALLMARK_MYC_TARGETS_V1"	172	"SRSF2"
"HALLMARK_MYC_TARGETS_V1"	173	"SRSF3"
"HALLMARK_MYC_TARGETS_V1"	174	"SRSF7"
"HALLMARK_MYC_TARGETS_V1"	175	"SSB"
"HALLMARK_MYC_TARGETS_V1"	176	"SSBP1"
"HALLMARK_MYC_TARGETS_V1"	177	"STARD7"
"HALLMARK_MYC_TARGETS_V1"	178	"SYNCRIP"
"HALLMARK_MYC_TARGETS_V1"	179	"TARDBP"
"HALLMARK_MYC_TARGETS_V1"	180	"TCP1"
"HALLMARK_MYC_TARGETS_V1"	181	"TFDP1"
"HALLMARK_MYC_TARGETS_V1"	182	"TOMM70"
"HALLMARK_MYC_TARGETS_V1"	183	"TRA2B"
"HALLMARK_MYC_TARGETS_V1"	184	"TRIM28"
"HALLMARK_MYC_TARGETS_V1"	185	"TUFM"
"HALLMARK_MYC_TARGETS_V1"	186	"TXNL4A"
"HALLMARK_MYC_TARGETS_V1"	187	"TYMS"
"HALLMARK_MYC_TARGETS_V1"	188	"U2AF1"
"HALLMARK_MYC_TARGETS_V1"	189	"UBA2"
"HALLMARK_MYC_TARGETS_V1"	190	"UBE2E1"
"HALLMARK_MYC_TARGETS_V1"	191	"UBE2L3"
"HALLMARK_MYC_TARGETS_V1"	192	"USP1"
"HALLMARK_MYC_TARGETS_V1"	193	"VBP1"
"HALLMARK_MYC_TARGETS_V1"	194	"VDAC1"
"HALLMARK_MYC_TARGETS_V1"	195	"VDAC3"
"HALLMARK_MYC_TARGETS_V1"	196	"XPO1"
"HALLMARK_MYC_TARGETS_V1"	197	"XPOT"
"HALLMARK_MYC_TARGETS_V1"	198	"XRCC6"
"HALLMARK_MYC_TARGETS_V1"	199	"YWHAE"
"HALLMARK_MYC_TARGETS_V1"	200	"YWHAQ"
"HALLMARK_GLYCOLYSIS"	1	"ABCB6"
"HALLMARK_GLYCOLYSIS"	2	"ADORA2B"
"HALLMARK_GLYCOLYSIS"	3	"AGL"
"HALLMARK_GLYCOLYSIS"	4	"AGRN"
"HALLMARK_GLYCOLYSIS"	5	"AK3"
"HALLMARK_GLYCOLYSIS"	6	"AK4"
"HALLMARK_GLYCOLYSIS"	7	"AKR1A1"
"HALLMARK_GLYCOLYSIS"	8	"ALDH7A1"
"HALLMARK_GLYCOLYSIS"	9	"ALDH9A1"
"HALLMARK_GLYCOLYSIS"	10	"ALDOA"
"HALLMARK_GLYCOLYSIS"	11	"ALDOB"
"HALLMARK_GLYCOLYSIS"	12	"ALG1"
"HALLMARK_GLYCOLYSIS"	13	"ANG"
"HALLMARK_GLYCOLYSIS"	14	"ANGPTL4"
"HALLMARK_GLYCOLYSIS"	15	"ANKZF1"
"HALLMARK_GLYCOLYSIS"	16	"ARPP19"
"HALLMARK_GLYCOLYSIS"	17	"ARTN"
"HALLMARK_GLYCOLYSIS"	18	"AURKA"
"HALLMARK_GLYCOLYSIS"	19	"B3GALT6"
"HALLMARK_GLYCOLYSIS"	20	"B3GAT1"
"HALLMARK_GLYCOLYSIS"	21	"B3GAT3"
"HALLMARK_GLYCOLYSIS"	22	"B3GNT3"
"HALLMARK_GLYCOLYSIS"	23	"B4GALT1"
"HALLMARK_GLYCOLYSIS"	24	"B4GALT2"
"HALLMARK_GLYCOLYSIS"	25	"B4GALT4"
"HALLMARK_GLYCOLYSIS"	26	"B4GALT7"
"HALLMARK_GLYCOLYSIS"	27	"BIK"
"HALLMARK_GLYCOLYSIS"	28	"BPNT1"
"HALLMARK_GLYCOLYSIS"	29	"CACNA1H"
"HALLMARK_GLYCOLYSIS"	30	"CAPN5"
"HALLMARK_GLYCOLYSIS"	31	"CASP6"
"HALLMARK_GLYCOLYSIS"	32	"CD44"
"HALLMARK_GLYCOLYSIS"	33	"CDK1"
"HALLMARK_GLYCOLYSIS"	34	"CENPA"
"HALLMARK_GLYCOLYSIS"	35	"CHPF"
"HALLMARK_GLYCOLYSIS"	36	"CHPF2"
"HALLMARK_GLYCOLYSIS"	37	"CHST1"
"HALLMARK_GLYCOLYSIS"	38	"CHST12"
"HALLMARK_GLYCOLYSIS"	39	"CHST2"
"HALLMARK_GLYCOLYSIS"	40	"CHST4"
"HALLMARK_GLYCOLYSIS"	41	"CHST6"
"HALLMARK_GLYCOLYSIS"	42	"CITED2"
"HALLMARK_GLYCOLYSIS"	43	"CLDN3"
"HALLMARK_GLYCOLYSIS"	44	"CLDN9"
"HALLMARK_GLYCOLYSIS"	45	"CLN6"
"HALLMARK_GLYCOLYSIS"	46	"COG2"
"HALLMARK_GLYCOLYSIS"	47	"COL5A1"
"HALLMARK_GLYCOLYSIS"	48	"COPB2"
"HALLMARK_GLYCOLYSIS"	49	"CTH"
"HALLMARK_GLYCOLYSIS"	50	"CXCR4"
"HALLMARK_GLYCOLYSIS"	51	"CYB5A"
"HALLMARK_GLYCOLYSIS"	52	"DCN"
"HALLMARK_GLYCOLYSIS"	53	"DDIT4"
"HALLMARK_GLYCOLYSIS"	54	"DEPDC1"
"HALLMARK_GLYCOLYSIS"	55	"DLD"
"HALLMARK_GLYCOLYSIS"	56	"DPYSL4"
"HALLMARK_GLYCOLYSIS"	57	"DSC2"
"HALLMARK_GLYCOLYSIS"	58	"ECD"
"HALLMARK_GLYCOLYSIS"	59	"EFNA3"
"HALLMARK_GLYCOLYSIS"	60	"EGFR"
"HALLMARK_GLYCOLYSIS"	61	"EGLN3"
"HALLMARK_GLYCOLYSIS"	62	"ELF3"
"HALLMARK_GLYCOLYSIS"	63	"ENO1"
"HALLMARK_GLYCOLYSIS"	64	"ENO2"
"HALLMARK_GLYCOLYSIS"	65	"ERO1A"
"HALLMARK_GLYCOLYSIS"	66	"EXT1"
"HALLMARK_GLYCOLYSIS"	67	"EXT2"
"HALLMARK_GLYCOLYSIS"	68	"FAM162A"
"HALLMARK_GLYCOLYSIS"	69	"FBP2"
"HALLMARK_GLYCOLYSIS"	70	"FKBP4"
"HALLMARK_GLYCOLYSIS"	71	"FUT8"
"HALLMARK_GLYCOLYSIS"	72	"G6PD"
"HALLMARK_GLYCOLYSIS"	73	"GAL3ST1"
"HALLMARK_GLYCOLYSIS"	74	"GALE"
"HALLMARK_GLYCOLYSIS"	75	"GALK1"
"HALLMARK_GLYCOLYSIS"	76	"GALK2"
"HALLMARK_GLYCOLYSIS"	77	"GAPDHS"
"HALLMARK_GLYCOLYSIS"	78	"GCLC"
"HALLMARK_GLYCOLYSIS"	79	"GFPT1"
"HALLMARK_GLYCOLYSIS"	80	"GFUS"
"HALLMARK_GLYCOLYSIS"	81	"GLCE"
"HALLMARK_GLYCOLYSIS"	82	"GLRX"
"HALLMARK_GLYCOLYSIS"	83	"GMPPA"
"HALLMARK_GLYCOLYSIS"	84	"GMPPB"
"HALLMARK_GLYCOLYSIS"	85	"GNE"
"HALLMARK_GLYCOLYSIS"	86	"GNPDA1"
"HALLMARK_GLYCOLYSIS"	87	"GOT1"
"HALLMARK_GLYCOLYSIS"	88	"GOT2"
"HALLMARK_GLYCOLYSIS"	89	"GPC1"
"HALLMARK_GLYCOLYSIS"	90	"GPC3"
"HALLMARK_GLYCOLYSIS"	91	"GPC4"
"HALLMARK_GLYCOLYSIS"	92	"GPR87"
"HALLMARK_GLYCOLYSIS"	93	"GUSB"
"HALLMARK_GLYCOLYSIS"	94	"GYS1"
"HALLMARK_GLYCOLYSIS"	95	"GYS2"
"HALLMARK_GLYCOLYSIS"	96	"HAX1"
"HALLMARK_GLYCOLYSIS"	97	"HDLBP"
"HALLMARK_GLYCOLYSIS"	98	"HK2"
"HALLMARK_GLYCOLYSIS"	99	"HMMR"
"HALLMARK_GLYCOLYSIS"	100	"HOMER1"
"HALLMARK_GLYCOLYSIS"	101	"HS2ST1"
"HALLMARK_GLYCOLYSIS"	102	"HS6ST2"
"HALLMARK_GLYCOLYSIS"	103	"HSPA5"
"HALLMARK_GLYCOLYSIS"	104	"IDH1"
"HALLMARK_GLYCOLYSIS"	105	"IDUA"
"HALLMARK_GLYCOLYSIS"	106	"IER3"
"HALLMARK_GLYCOLYSIS"	107	"IGFBP3"
"HALLMARK_GLYCOLYSIS"	108	"IL13RA1"
"HALLMARK_GLYCOLYSIS"	109	"IRS2"
"HALLMARK_GLYCOLYSIS"	110	"ISG20"
"HALLMARK_GLYCOLYSIS"	111	"KDELR3"
"HALLMARK_GLYCOLYSIS"	112	"KIF20A"
"HALLMARK_GLYCOLYSIS"	113	"KIF2A"
"HALLMARK_GLYCOLYSIS"	114	"LCT"
"HALLMARK_GLYCOLYSIS"	115	"LDHA"
"HALLMARK_GLYCOLYSIS"	116	"LDHC"
"HALLMARK_GLYCOLYSIS"	117	"LHPP"
"HALLMARK_GLYCOLYSIS"	118	"LHX9"
"HALLMARK_GLYCOLYSIS"	119	"MDH1"
"HALLMARK_GLYCOLYSIS"	120	"MDH2"
"HALLMARK_GLYCOLYSIS"	121	"ME1"
"HALLMARK_GLYCOLYSIS"	122	"ME2"
"HALLMARK_GLYCOLYSIS"	123	"MED24"
"HALLMARK_GLYCOLYSIS"	124	"MERTK"
"HALLMARK_GLYCOLYSIS"	125	"MET"
"HALLMARK_GLYCOLYSIS"	126	"MIF"
"HALLMARK_GLYCOLYSIS"	127	"MIOX"
"HALLMARK_GLYCOLYSIS"	128	"MPI"
"HALLMARK_GLYCOLYSIS"	129	"MXI1"
"HALLMARK_GLYCOLYSIS"	130	"NANP"
"HALLMARK_GLYCOLYSIS"	131	"NASP"
"HALLMARK_GLYCOLYSIS"	132	"NDST3"
"HALLMARK_GLYCOLYSIS"	133	"NDUFV3"
"HALLMARK_GLYCOLYSIS"	134	"NOL3"
"HALLMARK_GLYCOLYSIS"	135	"NSDHL"
"HALLMARK_GLYCOLYSIS"	136	"NT5E"
"HALLMARK_GLYCOLYSIS"	137	"P4HA1"
"HALLMARK_GLYCOLYSIS"	138	"P4HA2"
"HALLMARK_GLYCOLYSIS"	139	"PAM"
"HALLMARK_GLYCOLYSIS"	140	"PAXIP1"
"HALLMARK_GLYCOLYSIS"	141	"PC"
"HALLMARK_GLYCOLYSIS"	142	"PDK3"
"HALLMARK_GLYCOLYSIS"	143	"PFKFB1"
"HALLMARK_GLYCOLYSIS"	144	"PFKP"
"HALLMARK_GLYCOLYSIS"	145	"PGAM1"
"HALLMARK_GLYCOLYSIS"	146	"PGAM2"
"HALLMARK_GLYCOLYSIS"	147	"PGK1"
"HALLMARK_GLYCOLYSIS"	148	"PGLS"
"HALLMARK_GLYCOLYSIS"	149	"PGM2"
"HALLMARK_GLYCOLYSIS"	150	"PHKA2"
"HALLMARK_GLYCOLYSIS"	151	"PKM"
"HALLMARK_GLYCOLYSIS"	152	"PKP2"
"HALLMARK_GLYCOLYSIS"	153	"PLOD1"
"HALLMARK_GLYCOLYSIS"	154	"PLOD2"
"HALLMARK_GLYCOLYSIS"	155	"PMM2"
"HALLMARK_GLYCOLYSIS"	156	"POLR3K"
"HALLMARK_GLYCOLYSIS"	157	"PPFIA4"
"HALLMARK_GLYCOLYSIS"	158	"PPIA"
"HALLMARK_GLYCOLYSIS"	159	"PPP2CB"
"HALLMARK_GLYCOLYSIS"	160	"PRPS1"
"HALLMARK_GLYCOLYSIS"	161	"PSMC4"
"HALLMARK_GLYCOLYSIS"	162	"PYGB"
"HALLMARK_GLYCOLYSIS"	163	"PYGL"
"HALLMARK_GLYCOLYSIS"	164	"QSOX1"
"HALLMARK_GLYCOLYSIS"	165	"RARS1"
"HALLMARK_GLYCOLYSIS"	166	"RBCK1"
"HALLMARK_GLYCOLYSIS"	167	"RPE"
"HALLMARK_GLYCOLYSIS"	168	"RRAGD"
"HALLMARK_GLYCOLYSIS"	169	"SAP30"
"HALLMARK_GLYCOLYSIS"	170	"SDC1"
"HALLMARK_GLYCOLYSIS"	171	"SDC2"
"HALLMARK_GLYCOLYSIS"	172	"SDC3"
"HALLMARK_GLYCOLYSIS"	173	"SDHC"
"HALLMARK_GLYCOLYSIS"	174	"SLC16A3"
"HALLMARK_GLYCOLYSIS"	175	"SLC25A10"
"HALLMARK_GLYCOLYSIS"	176	"SLC25A13"
"HALLMARK_GLYCOLYSIS"	177	"SLC35A3"
"HALLMARK_GLYCOLYSIS"	178	"SLC37A4"
"HALLMARK_GLYCOLYSIS"	179	"SOD1"
"HALLMARK_GLYCOLYSIS"	180	"SOX9"
"HALLMARK_GLYCOLYSIS"	181	"SPAG4"
"HALLMARK_GLYCOLYSIS"	182	"SRD5A3"
"HALLMARK_GLYCOLYSIS"	183	"STC1"
"HALLMARK_GLYCOLYSIS"	184	"STC2"
"HALLMARK_GLYCOLYSIS"	185	"STMN1"
"HALLMARK_GLYCOLYSIS"	186	"TALDO1"
"HALLMARK_GLYCOLYSIS"	187	"TFF3"
"HALLMARK_GLYCOLYSIS"	188	"TGFA"
"HALLMARK_GLYCOLYSIS"	189	"TGFBI"
"HALLMARK_GLYCOLYSIS"	190	"TKTL1"
"HALLMARK_GLYCOLYSIS"	191	"TPBG"
"HALLMARK_GLYCOLYSIS"	192	"TPI1"
"HALLMARK_GLYCOLYSIS"	193	"TPST1"
"HALLMARK_GLYCOLYSIS"	194	"TXN"
"HALLMARK_GLYCOLYSIS"	195	"UGP2"
"HALLMARK_GLYCOLYSIS"	196	"VCAN"
"HALLMARK_GLYCOLYSIS"	197	"VEGFA"
"HALLMARK_GLYCOLYSIS"	198	"VLDLR"
"HALLMARK_GLYCOLYSIS"	199	"XYLT2"
"HALLMARK_GLYCOLYSIS"	200	"ZNF292"
"HALLMARK_FATTY_ACID_METABOLISM"	1	"AADAT"
"HALLMARK_FATTY_ACID_METABOLISM"	2	"ACAA1"
"HALLMARK_FATTY_ACID_METABOLISM"	3	"ACAA2"
"HALLMARK_FATTY_ACID_METABOLISM"	4	"ACADL"
"HALLMARK_FATTY_ACID_METABOLISM"	5	"ACADM"
"HALLMARK_FATTY_ACID_METABOLISM"	6	"ACADS"
"HALLMARK_FATTY_ACID_METABOLISM"	7	"ACADVL"
"HALLMARK_FATTY_ACID_METABOLISM"	8	"ACAT2"
"HALLMARK_FATTY_ACID_METABOLISM"	9	"ACO2"
"HALLMARK_FATTY_ACID_METABOLISM"	10	"ACOT2"
"HALLMARK_FATTY_ACID_METABOLISM"	11	"ACOT8"
"HALLMARK_FATTY_ACID_METABOLISM"	12	"ACOX1"
"HALLMARK_FATTY_ACID_METABOLISM"	13	"ACSL1"
"HALLMARK_FATTY_ACID_METABOLISM"	14	"ACSL4"
"HALLMARK_FATTY_ACID_METABOLISM"	15	"ACSL5"
"HALLMARK_FATTY_ACID_METABOLISM"	16	"ACSM3"
"HALLMARK_FATTY_ACID_METABOLISM"	17	"ACSS1"
"HALLMARK_FATTY_ACID_METABOLISM"	18	"ADH1C"
"HALLMARK_FATTY_ACID_METABOLISM"	19	"ADH7"
"HALLMARK_FATTY_ACID_METABOLISM"	20	"ADIPOR2"
"HALLMARK_FATTY_ACID_METABOLISM"	21	"ADSL"
"HALLMARK_FATTY_ACID_METABOLISM"	22	"ALAD"
"HALLMARK_FATTY_ACID_METABOLISM"	23	"ALDH1A1"
"HALLMARK_FATTY_ACID_METABOLISM"	24	"ALDH3A1"
"HALLMARK_FATTY_ACID_METABOLISM"	25	"ALDH3A2"
"HALLMARK_FATTY_ACID_METABOLISM"	26	"ALDH9A1"
"HALLMARK_FATTY_ACID_METABOLISM"	27	"ALDOA"
"HALLMARK_FATTY_ACID_METABOLISM"	28	"AOC3"
"HALLMARK_FATTY_ACID_METABOLISM"	29	"APEX1"
"HALLMARK_FATTY_ACID_METABOLISM"	30	"AQP7"
"HALLMARK_FATTY_ACID_METABOLISM"	31	"AUH"
"HALLMARK_FATTY_ACID_METABOLISM"	32	"BCKDHB"
"HALLMARK_FATTY_ACID_METABOLISM"	33	"BLVRA"
"HALLMARK_FATTY_ACID_METABOLISM"	34	"BMPR1B"
"HALLMARK_FATTY_ACID_METABOLISM"	35	"BPHL"
"HALLMARK_FATTY_ACID_METABOLISM"	36	"CA2"
"HALLMARK_FATTY_ACID_METABOLISM"	37	"CA4"
"HALLMARK_FATTY_ACID_METABOLISM"	38	"CA6"
"HALLMARK_FATTY_ACID_METABOLISM"	39	"CBR1"
"HALLMARK_FATTY_ACID_METABOLISM"	40	"CBR3"
"HALLMARK_FATTY_ACID_METABOLISM"	41	"CD1D"
"HALLMARK_FATTY_ACID_METABOLISM"	42	"CD36"
"HALLMARK_FATTY_ACID_METABOLISM"	43	"CEL"
"HALLMARK_FATTY_ACID_METABOLISM"	44	"CIDEA"
"HALLMARK_FATTY_ACID_METABOLISM"	45	"CPOX"
"HALLMARK_FATTY_ACID_METABOLISM"	46	"CPT1A"
"HALLMARK_FATTY_ACID_METABOLISM"	47	"CPT2"
"HALLMARK_FATTY_ACID_METABOLISM"	48	"CRAT"
"HALLMARK_FATTY_ACID_METABOLISM"	49	"CRYZ"
"HALLMARK_FATTY_ACID_METABOLISM"	50	"CYP1A1"
"HALLMARK_FATTY_ACID_METABOLISM"	51	"CYP4A11"
"HALLMARK_FATTY_ACID_METABOLISM"	52	"CYP4A22"
"HALLMARK_FATTY_ACID_METABOLISM"	53	"D2HGDH"
"HALLMARK_FATTY_ACID_METABOLISM"	54	"DECR1"
"HALLMARK_FATTY_ACID_METABOLISM"	55	"DHCR24"
"HALLMARK_FATTY_ACID_METABOLISM"	56	"DLD"
"HALLMARK_FATTY_ACID_METABOLISM"	57	"DLST"
"HALLMARK_FATTY_ACID_METABOLISM"	58	"ECH1"
"HALLMARK_FATTY_ACID_METABOLISM"	59	"ECHS1"
"HALLMARK_FATTY_ACID_METABOLISM"	60	"ECI1"
"HALLMARK_FATTY_ACID_METABOLISM"	61	"ECI2"
"HALLMARK_FATTY_ACID_METABOLISM"	62	"EHHADH"
"HALLMARK_FATTY_ACID_METABOLISM"	63	"ELOVL5"
"HALLMARK_FATTY_ACID_METABOLISM"	64	"ENO2"
"HALLMARK_FATTY_ACID_METABOLISM"	65	"ENO3"
"HALLMARK_FATTY_ACID_METABOLISM"	66	"EPHX1"
"HALLMARK_FATTY_ACID_METABOLISM"	67	"ERP29"
"HALLMARK_FATTY_ACID_METABOLISM"	68	"ETFDH"
"HALLMARK_FATTY_ACID_METABOLISM"	69	"FABP1"
"HALLMARK_FATTY_ACID_METABOLISM"	70	"FABP2"
"HALLMARK_FATTY_ACID_METABOLISM"	71	"FASN"
"HALLMARK_FATTY_ACID_METABOLISM"	72	"FH"
"HALLMARK_FATTY_ACID_METABOLISM"	73	"FMO1"
"HALLMARK_FATTY_ACID_METABOLISM"	74	"G0S2"
"HALLMARK_FATTY_ACID_METABOLISM"	75	"GABARAPL1"
"HALLMARK_FATTY_ACID_METABOLISM"	76	"GAD2"
"HALLMARK_FATTY_ACID_METABOLISM"	77	"GAPDHS"
"HALLMARK_FATTY_ACID_METABOLISM"	78	"GCDH"
"HALLMARK_FATTY_ACID_METABOLISM"	79	"GLUL"
"HALLMARK_FATTY_ACID_METABOLISM"	80	"GPD1"
"HALLMARK_FATTY_ACID_METABOLISM"	81	"GPD2"
"HALLMARK_FATTY_ACID_METABOLISM"	82	"GRHPR"
"HALLMARK_FATTY_ACID_METABOLISM"	83	"GSTZ1"
"HALLMARK_FATTY_ACID_METABOLISM"	84	"H2AZ1"
"HALLMARK_FATTY_ACID_METABOLISM"	85	"HADH"
"HALLMARK_FATTY_ACID_METABOLISM"	86	"HADHB"
"HALLMARK_FATTY_ACID_METABOLISM"	87	"HAO2"
"HALLMARK_FATTY_ACID_METABOLISM"	88	"HCCS"
"HALLMARK_FATTY_ACID_METABOLISM"	89	"HIBCH"
"HALLMARK_FATTY_ACID_METABOLISM"	90	"HMGCL"
"HALLMARK_FATTY_ACID_METABOLISM"	91	"HMGCS1"
"HALLMARK_FATTY_ACID_METABOLISM"	92	"HMGCS2"
"HALLMARK_FATTY_ACID_METABOLISM"	93	"HPGD"
"HALLMARK_FATTY_ACID_METABOLISM"	94	"HSD17B10"
"HALLMARK_FATTY_ACID_METABOLISM"	95	"HSD17B11"
"HALLMARK_FATTY_ACID_METABOLISM"	96	"HSD17B4"
"HALLMARK_FATTY_ACID_METABOLISM"	97	"HSD17B7"
"HALLMARK_FATTY_ACID_METABOLISM"	98	"HSDL2"
"HALLMARK_FATTY_ACID_METABOLISM"	99	"HSP90AA1"
"HALLMARK_FATTY_ACID_METABOLISM"	100	"HSPH1"
"HALLMARK_FATTY_ACID_METABOLISM"	101	"IDH1"
"HALLMARK_FATTY_ACID_METABOLISM"	102	"IDH3B"
"HALLMARK_FATTY_ACID_METABOLISM"	103	"IDH3G"
"HALLMARK_FATTY_ACID_METABOLISM"	104	"IDI1"
"HALLMARK_FATTY_ACID_METABOLISM"	105	"IL4I1"
"HALLMARK_FATTY_ACID_METABOLISM"	106	"INMT"
"HALLMARK_FATTY_ACID_METABOLISM"	107	"KMT5A"
"HALLMARK_FATTY_ACID_METABOLISM"	108	"LDHA"
"HALLMARK_FATTY_ACID_METABOLISM"	109	"LGALS1"
"HALLMARK_FATTY_ACID_METABOLISM"	110	"LTC4S"
"HALLMARK_FATTY_ACID_METABOLISM"	111	"MAOA"
"HALLMARK_FATTY_ACID_METABOLISM"	112	"MCEE"
"HALLMARK_FATTY_ACID_METABOLISM"	113	"MDH1"
"HALLMARK_FATTY_ACID_METABOLISM"	114	"MDH2"
"HALLMARK_FATTY_ACID_METABOLISM"	115	"ME1"
"HALLMARK_FATTY_ACID_METABOLISM"	116	"METAP1"
"HALLMARK_FATTY_ACID_METABOLISM"	117	"MGLL"
"HALLMARK_FATTY_ACID_METABOLISM"	118	"MIF"
"HALLMARK_FATTY_ACID_METABOLISM"	119	"MIX23"
"HALLMARK_FATTY_ACID_METABOLISM"	120	"MLYCD"
"HALLMARK_FATTY_ACID_METABOLISM"	121	"NBN"
"HALLMARK_FATTY_ACID_METABOLISM"	122	"NCAPH2"
"HALLMARK_FATTY_ACID_METABOLISM"	123	"NSDHL"
"HALLMARK_FATTY_ACID_METABOLISM"	124	"NTHL1"
"HALLMARK_FATTY_ACID_METABOLISM"	125	"ODC1"
"HALLMARK_FATTY_ACID_METABOLISM"	126	"OSTC"
"HALLMARK_FATTY_ACID_METABOLISM"	127	"PCBD1"
"HALLMARK_FATTY_ACID_METABOLISM"	128	"PDHA1"
"HALLMARK_FATTY_ACID_METABOLISM"	129	"PDHB"
"HALLMARK_FATTY_ACID_METABOLISM"	130	"PPARA"
"HALLMARK_FATTY_ACID_METABOLISM"	131	"PRDX6"
"HALLMARK_FATTY_ACID_METABOLISM"	132	"PSME1"
"HALLMARK_FATTY_ACID_METABOLISM"	133	"PTPRG"
"HALLMARK_FATTY_ACID_METABOLISM"	134	"PTS"
"HALLMARK_FATTY_ACID_METABOLISM"	135	"RAP1GDS1"
"HALLMARK_FATTY_ACID_METABOLISM"	136	"RDH11"
"HALLMARK_FATTY_ACID_METABOLISM"	137	"RDH16"
"HALLMARK_FATTY_ACID_METABOLISM"	138	"REEP6"
"HALLMARK_FATTY_ACID_METABOLISM"	139	"RETSAT"
"HALLMARK_FATTY_ACID_METABOLISM"	140	"S100A10"
"HALLMARK_FATTY_ACID_METABOLISM"	141	"SDHA"
"HALLMARK_FATTY_ACID_METABOLISM"	142	"SDHC"
"HALLMARK_FATTY_ACID_METABOLISM"	143	"SDHD"
"HALLMARK_FATTY_ACID_METABOLISM"	144	"SERINC1"
"HALLMARK_FATTY_ACID_METABOLISM"	145	"SLC22A5"
"HALLMARK_FATTY_ACID_METABOLISM"	146	"SMS"
"HALLMARK_FATTY_ACID_METABOLISM"	147	"SUCLA2"
"HALLMARK_FATTY_ACID_METABOLISM"	148	"SUCLG1"
"HALLMARK_FATTY_ACID_METABOLISM"	149	"SUCLG2"
"HALLMARK_FATTY_ACID_METABOLISM"	150	"TDO2"
"HALLMARK_FATTY_ACID_METABOLISM"	151	"TP53INP2"
"HALLMARK_FATTY_ACID_METABOLISM"	152	"UBE2L6"
"HALLMARK_FATTY_ACID_METABOLISM"	153	"UGDH"
"HALLMARK_FATTY_ACID_METABOLISM"	154	"UROD"
"HALLMARK_FATTY_ACID_METABOLISM"	155	"UROS"
"HALLMARK_FATTY_ACID_METABOLISM"	156	"VNN1"
"HALLMARK_FATTY_ACID_METABOLISM"	157	"XIST"
"HALLMARK_FATTY_ACID_METABOLISM"	158	"YWHAH"
"HALLMARK_WNT_BETA_CATENIN_SIGNALING"	1	"ADAM17"
"HALLMARK_WNT_BETA_CATENIN_SIGNALING"	2	"AXIN1"
"HALLMARK_WNT_BETA_CATENIN_SIGNALING"	3	"AXIN2"
"HALLMARK_WNT_BETA_CATENIN_SIGNALING"	4	"CCND2"
"HALLMARK_WNT_BETA_CATENIN_SIGNALING"	5	"CSNK1E"
"HALLMARK_WNT_BETA_CATENIN_SIGNALING"	6	"CTNNB1"
"HALLMARK_WNT_BETA_CATENIN_SIGNALING"	7	"CUL1"
"HALLMARK_WNT_BETA_CATENIN_SIGNALING"	8	"DKK1"
"HALLMARK_WNT_BETA_CATENIN_SIGNALING"	9	"DKK4"
"HALLMARK_WNT_BETA_CATENIN_SIGNALING"	10	"DLL1"
"HALLMARK_WNT_BETA_CATENIN_SIGNALING"	11	"DVL2"
"HALLMARK_WNT_BETA_CATENIN_SIGNALING"	12	"FRAT1"
"HALLMARK_WNT_BETA_CATENIN_SIGNALING"	13	"FZD1"
"HALLMARK_WNT_BETA_CATENIN_SIGNALING"	14	"FZD8"
"HALLMARK_WNT_BETA_CATENIN_SIGNALING"	15	"GNAI1"
"HALLMARK_WNT_BETA_CATENIN_SIGNALING"	16	"HDAC11"
"HALLMARK_WNT_BETA_CATENIN_SIGNALING"	17	"HDAC2"
"HALLMARK_WNT_BETA_CATENIN_SIGNALING"	18	"HDAC5"
"HALLMARK_WNT_BETA_CATENIN_SIGNALING"	19	"HEY1"
"HALLMARK_WNT_BETA_CATENIN_SIGNALING"	20	"HEY2"
"HALLMARK_WNT_BETA_CATENIN_SIGNALING"	21	"JAG1"
"HALLMARK_WNT_BETA_CATENIN_SIGNALING"	22	"JAG2"
"HALLMARK_WNT_BETA_CATENIN_SIGNALING"	23	"KAT2A"
"HALLMARK_WNT_BETA_CATENIN_SIGNALING"	24	"LEF1"
"HALLMARK_WNT_BETA_CATENIN_SIGNALING"	25	"MAML1"
"HALLMARK_WNT_BETA_CATENIN_SIGNALING"	26	"MYC"
"HALLMARK_WNT_BETA_CATENIN_SIGNALING"	27	"NCOR2"
"HALLMARK_WNT_BETA_CATENIN_SIGNALING"	28	"NCSTN"
"HALLMARK_WNT_BETA_CATENIN_SIGNALING"	29	"NKD1"
"HALLMARK_WNT_BETA_CATENIN_SIGNALING"	30	"NOTCH1"
"HALLMARK_WNT_BETA_CATENIN_SIGNALING"	31	"NOTCH4"
"HALLMARK_WNT_BETA_CATENIN_SIGNALING"	32	"NUMB"
"HALLMARK_WNT_BETA_CATENIN_SIGNALING"	33	"PPARD"
"HALLMARK_WNT_BETA_CATENIN_SIGNALING"	34	"PSEN2"
"HALLMARK_WNT_BETA_CATENIN_SIGNALING"	35	"PTCH1"
"HALLMARK_WNT_BETA_CATENIN_SIGNALING"	36	"RBPJ"
"HALLMARK_WNT_BETA_CATENIN_SIGNALING"	37	"SKP2"
"HALLMARK_WNT_BETA_CATENIN_SIGNALING"	38	"TCF7"
"HALLMARK_WNT_BETA_CATENIN_SIGNALING"	39	"TP53"
"HALLMARK_WNT_BETA_CATENIN_SIGNALING"	40	"WNT1"
"HALLMARK_WNT_BETA_CATENIN_SIGNALING"	41	"WNT5B"
"HALLMARK_WNT_BETA_CATENIN_SIGNALING"	42	"WNT6"
"HALLMARK_EPITHELIAL_MESENCHYMAL_TRANSITION"	1	"ABI3BP"
"HALLMARK_EPITHELIAL_MESENCHYMAL_TRANSITION"	2	"ACTA2"
"HALLMARK_EPITHELIAL_MESENCHYMAL_TRANSITION"	3	"ADAM12"
"HALLMARK_EPITHELIAL_MESENCHYMAL_TRANSITION"	4	"ANPEP"
"HALLMARK_EPITHELIAL_MESENCHYMAL_TRANSITION"	5	"APLP1"
"HALLMARK_EPITHELIAL_MESENCHYMAL_TRANSITION"	6	"AREG"
"HALLMARK_EPITHELIAL_MESENCHYMAL_TRANSITION"	7	"BASP1"
"HALLMARK_EPITHELIAL_MESENCHYMAL_TRANSITION"	8	"BDNF"
"HALLMARK_EPITHELIAL_MESENCHYMAL_TRANSITION"	9	"BGN"
"HALLMARK_EPITHELIAL_MESENCHYMAL_TRANSITION"	10	"BMP1"
"HALLMARK_EPITHELIAL_MESENCHYMAL_TRANSITION"	11	"CADM1"
"HALLMARK_EPITHELIAL_MESENCHYMAL_TRANSITION"	12	"CALD1"
"HALLMARK_EPITHELIAL_MESENCHYMAL_TRANSITION"	13	"CALU"
"HALLMARK_EPITHELIAL_MESENCHYMAL_TRANSITION"	14	"CAP2"
"HALLMARK_EPITHELIAL_MESENCHYMAL_TRANSITION"	15	"CAPG"
"HALLMARK_EPITHELIAL_MESENCHYMAL_TRANSITION"	16	"CCN1"
"HALLMARK_EPITHELIAL_MESENCHYMAL_TRANSITION"	17	"CCN2"
"HALLMARK_EPITHELIAL_MESENCHYMAL_TRANSITION"	18	"CD44"
"HALLMARK_EPITHELIAL_MESENCHYMAL_TRANSITION"	19	"CD59"
"HALLMARK_EPITHELIAL_MESENCHYMAL_TRANSITION"	20	"CDH11"
"HALLMARK_EPITHELIAL_MESENCHYMAL_TRANSITION"	21	"CDH2"
"HALLMARK_EPITHELIAL_MESENCHYMAL_TRANSITION"	22	"CDH6"
"HALLMARK_EPITHELIAL_MESENCHYMAL_TRANSITION"	23	"COL11A1"
"HALLMARK_EPITHELIAL_MESENCHYMAL_TRANSITION"	24	"COL12A1"
"HALLMARK_EPITHELIAL_MESENCHYMAL_TRANSITION"	25	"COL16A1"
"HALLMARK_EPITHELIAL_MESENCHYMAL_TRANSITION"	26	"COL1A1"
"HALLMARK_EPITHELIAL_MESENCHYMAL_TRANSITION"	27	"COL1A2"
"HALLMARK_EPITHELIAL_MESENCHYMAL_TRANSITION"	28	"COL3A1"
"HALLMARK_EPITHELIAL_MESENCHYMAL_TRANSITION"	29	"COL4A1"
"HALLMARK_EPITHELIAL_MESENCHYMAL_TRANSITION"	30	"COL4A2"
"HALLMARK_EPITHELIAL_MESENCHYMAL_TRANSITION"	31	"COL5A1"
"HALLMARK_EPITHELIAL_MESENCHYMAL_TRANSITION"	32	"COL5A2"
"HALLMARK_EPITHELIAL_MESENCHYMAL_TRANSITION"	33	"COL5A3"
"HALLMARK_EPITHELIAL_MESENCHYMAL_TRANSITION"	34	"COL6A2"
"HALLMARK_EPITHELIAL_MESENCHYMAL_TRANSITION"	35	"COL6A3"
"HALLMARK_EPITHELIAL_MESENCHYMAL_TRANSITION"	36	"COL7A1"
"HALLMARK_EPITHELIAL_MESENCHYMAL_TRANSITION"	37	"COL8A2"
"HALLMARK_EPITHELIAL_MESENCHYMAL_TRANSITION"	38	"COLGALT1"
"HALLMARK_EPITHELIAL_MESENCHYMAL_TRANSITION"	39	"COMP"
"HALLMARK_EPITHELIAL_MESENCHYMAL_TRANSITION"	40	"COPA"
"HALLMARK_EPITHELIAL_MESENCHYMAL_TRANSITION"	41	"CRLF1"
"HALLMARK_EPITHELIAL_MESENCHYMAL_TRANSITION"	42	"CTHRC1"
"HALLMARK_EPITHELIAL_MESENCHYMAL_TRANSITION"	43	"CXCL1"
"HALLMARK_EPITHELIAL_MESENCHYMAL_TRANSITION"	44	"CXCL12"
"HALLMARK_EPITHELIAL_MESENCHYMAL_TRANSITION"	45	"CXCL6"
"HALLMARK_EPITHELIAL_MESENCHYMAL_TRANSITION"	46	"CXCL8"
"HALLMARK_EPITHELIAL_MESENCHYMAL_TRANSITION"	47	"DAB2"
"HALLMARK_EPITHELIAL_MESENCHYMAL_TRANSITION"	48	"DCN"
"HALLMARK_EPITHELIAL_MESENCHYMAL_TRANSITION"	49	"DKK1"
"HALLMARK_EPITHELIAL_MESENCHYMAL_TRANSITION"	50	"DPYSL3"
"HALLMARK_EPITHELIAL_MESENCHYMAL_TRANSITION"	51	"DST"
"HALLMARK_EPITHELIAL_MESENCHYMAL_TRANSITION"	52	"ECM1"
"HALLMARK_EPITHELIAL_MESENCHYMAL_TRANSITION"	53	"ECM2"
"HALLMARK_EPITHELIAL_MESENCHYMAL_TRANSITION"	54	"EDIL3"
"HALLMARK_EPITHELIAL_MESENCHYMAL_TRANSITION"	55	"EFEMP2"
"HALLMARK_EPITHELIAL_MESENCHYMAL_TRANSITION"	56	"ELN"
"HALLMARK_EPITHELIAL_MESENCHYMAL_TRANSITION"	57	"EMP3"
"HALLMARK_EPITHELIAL_MESENCHYMAL_TRANSITION"	58	"ENO2"
"HALLMARK_EPITHELIAL_MESENCHYMAL_TRANSITION"	59	"FAP"
"HALLMARK_EPITHELIAL_MESENCHYMAL_TRANSITION"	60	"FAS"
"HALLMARK_EPITHELIAL_MESENCHYMAL_TRANSITION"	61	"FBLN1"
"HALLMARK_EPITHELIAL_MESENCHYMAL_TRANSITION"	62	"FBLN2"
"HALLMARK_EPITHELIAL_MESENCHYMAL_TRANSITION"	63	"FBLN5"
"HALLMARK_EPITHELIAL_MESENCHYMAL_TRANSITION"	64	"FBN1"
"HALLMARK_EPITHELIAL_MESENCHYMAL_TRANSITION"	65	"FBN2"
"HALLMARK_EPITHELIAL_MESENCHYMAL_TRANSITION"	66	"FERMT2"
"HALLMARK_EPITHELIAL_MESENCHYMAL_TRANSITION"	67	"FGF2"
"HALLMARK_EPITHELIAL_MESENCHYMAL_TRANSITION"	68	"FLNA"
"HALLMARK_EPITHELIAL_MESENCHYMAL_TRANSITION"	69	"FMOD"
"HALLMARK_EPITHELIAL_MESENCHYMAL_TRANSITION"	70	"FN1"
"HALLMARK_EPITHELIAL_MESENCHYMAL_TRANSITION"	71	"FOXC2"
"HALLMARK_EPITHELIAL_MESENCHYMAL_TRANSITION"	72	"FSTL1"
"HALLMARK_EPITHELIAL_MESENCHYMAL_TRANSITION"	73	"FSTL3"
"HALLMARK_EPITHELIAL_MESENCHYMAL_TRANSITION"	74	"FUCA1"
"HALLMARK_EPITHELIAL_MESENCHYMAL_TRANSITION"	75	"FZD8"
"HALLMARK_EPITHELIAL_MESENCHYMAL_TRANSITION"	76	"GADD45A"
"HALLMARK_EPITHELIAL_MESENCHYMAL_TRANSITION"	77	"GADD45B"
"HALLMARK_EPITHELIAL_MESENCHYMAL_TRANSITION"	78	"GAS1"
"HALLMARK_EPITHELIAL_MESENCHYMAL_TRANSITION"	79	"GEM"
"HALLMARK_EPITHELIAL_MESENCHYMAL_TRANSITION"	80	"GJA1"
"HALLMARK_EPITHELIAL_MESENCHYMAL_TRANSITION"	81	"GLIPR1"
"HALLMARK_EPITHELIAL_MESENCHYMAL_TRANSITION"	82	"GPC1"
"HALLMARK_EPITHELIAL_MESENCHYMAL_TRANSITION"	83	"GPX7"
"HALLMARK_EPITHELIAL_MESENCHYMAL_TRANSITION"	84	"GREM1"
"HALLMARK_EPITHELIAL_MESENCHYMAL_TRANSITION"	85	"HTRA1"
"HALLMARK_EPITHELIAL_MESENCHYMAL_TRANSITION"	86	"ID2"
"HALLMARK_EPITHELIAL_MESENCHYMAL_TRANSITION"	87	"IGFBP2"
"HALLMARK_EPITHELIAL_MESENCHYMAL_TRANSITION"	88	"IGFBP3"
"HALLMARK_EPITHELIAL_MESENCHYMAL_TRANSITION"	89	"IGFBP4"
"HALLMARK_EPITHELIAL_MESENCHYMAL_TRANSITION"	90	"IL15"
"HALLMARK_EPITHELIAL_MESENCHYMAL_TRANSITION"	91	"IL32"
"HALLMARK_EPITHELIAL_MESENCHYMAL_TRANSITION"	92	"IL6"
"HALLMARK_EPITHELIAL_MESENCHYMAL_TRANSITION"	93	"INHBA"
"HALLMARK_EPITHELIAL_MESENCHYMAL_TRANSITION"	94	"ITGA2"
"HALLMARK_EPITHELIAL_MESENCHYMAL_TRANSITION"	95	"ITGA5"
"HALLMARK_EPITHELIAL_MESENCHYMAL_TRANSITION"	96	"ITGAV"
"HALLMARK_EPITHELIAL_MESENCHYMAL_TRANSITION"	97	"ITGB1"
"HALLMARK_EPITHELIAL_MESENCHYMAL_TRANSITION"	98	"ITGB3"
"HALLMARK_EPITHELIAL_MESENCHYMAL_TRANSITION"	99	"ITGB5"
"HALLMARK_EPITHELIAL_MESENCHYMAL_TRANSITION"	100	"JUN"
"HALLMARK_EPITHELIAL_MESENCHYMAL_TRANSITION"	101	"LAMA1"
"HALLMARK_EPITHELIAL_MESENCHYMAL_TRANSITION"	102	"LAMA2"
"HALLMARK_EPITHELIAL_MESENCHYMAL_TRANSITION"	103	"LAMA3"
"HALLMARK_EPITHELIAL_MESENCHYMAL_TRANSITION"	104	"LAMC1"
"HALLMARK_EPITHELIAL_MESENCHYMAL_TRANSITION"	105	"LAMC2"
"HALLMARK_EPITHELIAL_MESENCHYMAL_TRANSITION"	106	"LGALS1"
"HALLMARK_EPITHELIAL_MESENCHYMAL_TRANSITION"	107	"LOX"
"HALLMARK_EPITHELIAL_MESENCHYMAL_TRANSITION"	108	"LOXL1"
"HALLMARK_EPITHELIAL_MESENCHYMAL_TRANSITION"	109	"LOXL2"
"HALLMARK_EPITHELIAL_MESENCHYMAL_TRANSITION"	110	"LRP1"
"HALLMARK_EPITHELIAL_MESENCHYMAL_TRANSITION"	111	"LRRC15"
"HALLMARK_EPITHELIAL_MESENCHYMAL_TRANSITION"	112	"LUM"
"HALLMARK_EPITHELIAL_MESENCHYMAL_TRANSITION"	113	"MAGEE1"
"HALLMARK_EPITHELIAL_MESENCHYMAL_TRANSITION"	114	"MATN2"
"HALLMARK_EPITHELIAL_MESENCHYMAL_TRANSITION"	115	"MATN3"
"HALLMARK_EPITHELIAL_MESENCHYMAL_TRANSITION"	116	"MCM7"
"HALLMARK_EPITHELIAL_MESENCHYMAL_TRANSITION"	117	"MEST"
"HALLMARK_EPITHELIAL_MESENCHYMAL_TRANSITION"	118	"MFAP5"
"HALLMARK_EPITHELIAL_MESENCHYMAL_TRANSITION"	119	"MGP"
"HALLMARK_EPITHELIAL_MESENCHYMAL_TRANSITION"	120	"MMP1"
"HALLMARK_EPITHELIAL_MESENCHYMAL_TRANSITION"	121	"MMP14"
"HALLMARK_EPITHELIAL_MESENCHYMAL_TRANSITION"	122	"MMP2"
"HALLMARK_EPITHELIAL_MESENCHYMAL_TRANSITION"	123	"MMP3"
"HALLMARK_EPITHELIAL_MESENCHYMAL_TRANSITION"	124	"MSX1"
"HALLMARK_EPITHELIAL_MESENCHYMAL_TRANSITION"	125	"MXRA5"
"HALLMARK_EPITHELIAL_MESENCHYMAL_TRANSITION"	126	"MYL9"
"HALLMARK_EPITHELIAL_MESENCHYMAL_TRANSITION"	127	"MYLK"
"HALLMARK_EPITHELIAL_MESENCHYMAL_TRANSITION"	128	"NID2"
"HALLMARK_EPITHELIAL_MESENCHYMAL_TRANSITION"	129	"NNMT"
"HALLMARK_EPITHELIAL_MESENCHYMAL_TRANSITION"	130	"NOTCH2"
"HALLMARK_EPITHELIAL_MESENCHYMAL_TRANSITION"	131	"NT5E"
"HALLMARK_EPITHELIAL_MESENCHYMAL_TRANSITION"	132	"NTM"
"HALLMARK_EPITHELIAL_MESENCHYMAL_TRANSITION"	133	"OXTR"
"HALLMARK_EPITHELIAL_MESENCHYMAL_TRANSITION"	134	"P3H1"
"HALLMARK_EPITHELIAL_MESENCHYMAL_TRANSITION"	135	"PCOLCE"
"HALLMARK_EPITHELIAL_MESENCHYMAL_TRANSITION"	136	"PCOLCE2"
"HALLMARK_EPITHELIAL_MESENCHYMAL_TRANSITION"	137	"PDGFRB"
"HALLMARK_EPITHELIAL_MESENCHYMAL_TRANSITION"	138	"PDLIM4"
"HALLMARK_EPITHELIAL_MESENCHYMAL_TRANSITION"	139	"PFN2"
"HALLMARK_EPITHELIAL_MESENCHYMAL_TRANSITION"	140	"PLAUR"
"HALLMARK_EPITHELIAL_MESENCHYMAL_TRANSITION"	141	"PLOD1"
"HALLMARK_EPITHELIAL_MESENCHYMAL_TRANSITION"	142	"PLOD2"
"HALLMARK_EPITHELIAL_MESENCHYMAL_TRANSITION"	143	"PLOD3"
"HALLMARK_EPITHELIAL_MESENCHYMAL_TRANSITION"	144	"PMEPA1"
"HALLMARK_EPITHELIAL_MESENCHYMAL_TRANSITION"	145	"PMP22"
"HALLMARK_EPITHELIAL_MESENCHYMAL_TRANSITION"	146	"POSTN"
"HALLMARK_EPITHELIAL_MESENCHYMAL_TRANSITION"	147	"PPIB"
"HALLMARK_EPITHELIAL_MESENCHYMAL_TRANSITION"	148	"PRRX1"
"HALLMARK_EPITHELIAL_MESENCHYMAL_TRANSITION"	149	"PRSS2"
"HALLMARK_EPITHELIAL_MESENCHYMAL_TRANSITION"	150	"PTHLH"
"HALLMARK_EPITHELIAL_MESENCHYMAL_TRANSITION"	151	"PTX3"
"HALLMARK_EPITHELIAL_MESENCHYMAL_TRANSITION"	152	"PVR"
"HALLMARK_EPITHELIAL_MESENCHYMAL_TRANSITION"	153	"QSOX1"
"HALLMARK_EPITHELIAL_MESENCHYMAL_TRANSITION"	154	"RGS4"
"HALLMARK_EPITHELIAL_MESENCHYMAL_TRANSITION"	155	"RHOB"
"HALLMARK_EPITHELIAL_MESENCHYMAL_TRANSITION"	156	"SAT1"
"HALLMARK_EPITHELIAL_MESENCHYMAL_TRANSITION"	157	"SCG2"
"HALLMARK_EPITHELIAL_MESENCHYMAL_TRANSITION"	158	"SDC1"
"HALLMARK_EPITHELIAL_MESENCHYMAL_TRANSITION"	159	"SDC4"
"HALLMARK_EPITHELIAL_MESENCHYMAL_TRANSITION"	160	"SERPINE1"
"HALLMARK_EPITHELIAL_MESENCHYMAL_TRANSITION"	161	"SERPINE2"
"HALLMARK_EPITHELIAL_MESENCHYMAL_TRANSITION"	162	"SERPINH1"
"HALLMARK_EPITHELIAL_MESENCHYMAL_TRANSITION"	163	"SFRP1"
"HALLMARK_EPITHELIAL_MESENCHYMAL_TRANSITION"	164	"SFRP4"
"HALLMARK_EPITHELIAL_MESENCHYMAL_TRANSITION"	165	"SGCB"
"HALLMARK_EPITHELIAL_MESENCHYMAL_TRANSITION"	166	"SGCD"
"HALLMARK_EPITHELIAL_MESENCHYMAL_TRANSITION"	167	"SGCG"
"HALLMARK_EPITHELIAL_MESENCHYMAL_TRANSITION"	168	"SLC6A8"
"HALLMARK_EPITHELIAL_MESENCHYMAL_TRANSITION"	169	"SLIT2"
"HALLMARK_EPITHELIAL_MESENCHYMAL_TRANSITION"	170	"SLIT3"
"HALLMARK_EPITHELIAL_MESENCHYMAL_TRANSITION"	171	"SNAI2"
"HALLMARK_EPITHELIAL_MESENCHYMAL_TRANSITION"	172	"SNTB1"
"HALLMARK_EPITHELIAL_MESENCHYMAL_TRANSITION"	173	"SPARC"
"HALLMARK_EPITHELIAL_MESENCHYMAL_TRANSITION"	174	"SPOCK1"
"HALLMARK_EPITHELIAL_MESENCHYMAL_TRANSITION"	175	"SPP1"
"HALLMARK_EPITHELIAL_MESENCHYMAL_TRANSITION"	176	"TAGLN"
"HALLMARK_EPITHELIAL_MESENCHYMAL_TRANSITION"	177	"TFPI2"
"HALLMARK_EPITHELIAL_MESENCHYMAL_TRANSITION"	178	"TGFB1"
"HALLMARK_EPITHELIAL_MESENCHYMAL_TRANSITION"	179	"TGFBI"
"HALLMARK_EPITHELIAL_MESENCHYMAL_TRANSITION"	180	"TGFBR3"
"HALLMARK_EPITHELIAL_MESENCHYMAL_TRANSITION"	181	"TGM2"
"HALLMARK_EPITHELIAL_MESENCHYMAL_TRANSITION"	182	"THBS1"
"HALLMARK_EPITHELIAL_MESENCHYMAL_TRANSITION"	183	"THBS2"
"HALLMARK_EPITHELIAL_MESENCHYMAL_TRANSITION"	184	"THY1"
"HALLMARK_EPITHELIAL_MESENCHYMAL_TRANSITION"	185	"TIMP1"
"HALLMARK_EPITHELIAL_MESENCHYMAL_TRANSITION"	186	"TIMP3"
"HALLMARK_EPITHELIAL_MESENCHYMAL_TRANSITION"	187	"TNC"
"HALLMARK_EPITHELIAL_MESENCHYMAL_TRANSITION"	188	"TNFAIP3"
"HALLMARK_EPITHELIAL_MESENCHYMAL_TRANSITION"	189	"TNFRSF11B"
"HALLMARK_EPITHELIAL_MESENCHYMAL_TRANSITION"	190	"TNFRSF12A"
"HALLMARK_EPITHELIAL_MESENCHYMAL_TRANSITION"	191	"TPM1"
"HALLMARK_EPITHELIAL_MESENCHYMAL_TRANSITION"	192	"TPM2"
"HALLMARK_EPITHELIAL_MESENCHYMAL_TRANSITION"	193	"TPM4"
"HALLMARK_EPITHELIAL_MESENCHYMAL_TRANSITION"	194	"VCAM1"
"HALLMARK_EPITHELIAL_MESENCHYMAL_TRANSITION"	195	"VCAN"
"HALLMARK_EPITHELIAL_MESENCHYMAL_TRANSITION"	196	"VEGFA"
"HALLMARK_EPITHELIAL_MESENCHYMAL_TRANSITION"	197	"VEGFC"
"HALLMARK_EPITHELIAL_MESENCHYMAL_TRANSITION"	198	"VIM"
"HALLMARK_EPITHELIAL_MESENCHYMAL_TRANSITION"	199	"WIPF1"
"HALLMARK_EPITHELIAL_MESENCHYMAL_TRANSITION"	200	"WNT5A"
"REACTOME_COLLAGEN_BIOSYNTHESIS_AND_MODIFYING_ENZYMES"	1	"ADAMTS14"
"REACTOME_COLLAGEN_BIOSYNTHESIS_AND_MODIFYING_ENZYMES"	2	"ADAMTS2"
"REACTOME_COLLAGEN_BIOSYNTHESIS_AND_MODIFYING_ENZYMES"	3	"ADAMTS3"
"REACTOME_COLLAGEN_BIOSYNTHESIS_AND_MODIFYING_ENZYMES"	4	"BMP1"
"REACTOME_COLLAGEN_BIOSYNTHESIS_AND_MODIFYING_ENZYMES"	5	"COL10A1"
"REACTOME_COLLAGEN_BIOSYNTHESIS_AND_MODIFYING_ENZYMES"	6	"COL11A1"
"REACTOME_COLLAGEN_BIOSYNTHESIS_AND_MODIFYING_ENZYMES"	7	"COL11A2"
"REACTOME_COLLAGEN_BIOSYNTHESIS_AND_MODIFYING_ENZYMES"	8	"COL12A1"
"REACTOME_COLLAGEN_BIOSYNTHESIS_AND_MODIFYING_ENZYMES"	9	"COL13A1"
"REACTOME_COLLAGEN_BIOSYNTHESIS_AND_MODIFYING_ENZYMES"	10	"COL14A1"
"REACTOME_COLLAGEN_BIOSYNTHESIS_AND_MODIFYING_ENZYMES"	11	"COL15A1"
"REACTOME_COLLAGEN_BIOSYNTHESIS_AND_MODIFYING_ENZYMES"	12	"COL16A1"
"REACTOME_COLLAGEN_BIOSYNTHESIS_AND_MODIFYING_ENZYMES"	13	"COL17A1"
"REACTOME_COLLAGEN_BIOSYNTHESIS_AND_MODIFYING_ENZYMES"	14	"COL18A1"
"REACTOME_COLLAGEN_BIOSYNTHESIS_AND_MODIFYING_ENZYMES"	15	"COL19A1"
"REACTOME_COLLAGEN_BIOSYNTHESIS_AND_MODIFYING_ENZYMES"	16	"COL1A1"
"REACTOME_COLLAGEN_BIOSYNTHESIS_AND_MODIFYING_ENZYMES"	17	"COL1A2"
"REACTOME_COLLAGEN_BIOSYNTHESIS_AND_MODIFYING_ENZYMES"	18	"COL20A1"
"REACTOME_COLLAGEN_BIOSYNTHESIS_AND_MODIFYING_ENZYMES"	19	"COL21A1"
"REACTOME_COLLAGEN_BIOSYNTHESIS_AND_MODIFYING_ENZYMES"	20	"COL22A1"
"REACTOME_COLLAGEN_BIOSYNTHESIS_AND_MODIFYING_ENZYMES"	21	"COL23A1"
"REACTOME_COLLAGEN_BIOSYNTHESIS_AND_MODIFYING_ENZYMES"	22	"COL24A1"
"REACTOME_COLLAGEN_BIOSYNTHESIS_AND_MODIFYING_ENZYMES"	23	"COL25A1"
"REACTOME_COLLAGEN_BIOSYNTHESIS_AND_MODIFYING_ENZYMES"	24	"COL26A1"
"REACTOME_COLLAGEN_BIOSYNTHESIS_AND_MODIFYING_ENZYMES"	25	"COL27A1"
"REACTOME_COLLAGEN_BIOSYNTHESIS_AND_MODIFYING_ENZYMES"	26	"COL28A1"
"REACTOME_COLLAGEN_BIOSYNTHESIS_AND_MODIFYING_ENZYMES"	27	"COL2A1"
"REACTOME_COLLAGEN_BIOSYNTHESIS_AND_MODIFYING_ENZYMES"	28	"COL3A1"
"REACTOME_COLLAGEN_BIOSYNTHESIS_AND_MODIFYING_ENZYMES"	29	"COL4A1"
"REACTOME_COLLAGEN_BIOSYNTHESIS_AND_MODIFYING_ENZYMES"	30	"COL4A2"
"REACTOME_COLLAGEN_BIOSYNTHESIS_AND_MODIFYING_ENZYMES"	31	"COL4A3"
"REACTOME_COLLAGEN_BIOSYNTHESIS_AND_MODIFYING_ENZYMES"	32	"COL4A4"
"REACTOME_COLLAGEN_BIOSYNTHESIS_AND_MODIFYING_ENZYMES"	33	"COL4A5"
"REACTOME_COLLAGEN_BIOSYNTHESIS_AND_MODIFYING_ENZYMES"	34	"COL4A6"
"REACTOME_COLLAGEN_BIOSYNTHESIS_AND_MODIFYING_ENZYMES"	35	"COL5A1"
"REACTOME_COLLAGEN_BIOSYNTHESIS_AND_MODIFYING_ENZYMES"	36	"COL5A2"
"REACTOME_COLLAGEN_BIOSYNTHESIS_AND_MODIFYING_ENZYMES"	37	"COL5A3"
"REACTOME_COLLAGEN_BIOSYNTHESIS_AND_MODIFYING_ENZYMES"	38	"COL6A1"
"REACTOME_COLLAGEN_BIOSYNTHESIS_AND_MODIFYING_ENZYMES"	39	"COL6A2"
"REACTOME_COLLAGEN_BIOSYNTHESIS_AND_MODIFYING_ENZYMES"	40	"COL6A3"
"REACTOME_COLLAGEN_BIOSYNTHESIS_AND_MODIFYING_ENZYMES"	41	"COL6A5"
"REACTOME_COLLAGEN_BIOSYNTHESIS_AND_MODIFYING_ENZYMES"	42	"COL6A6"
"REACTOME_COLLAGEN_BIOSYNTHESIS_AND_MODIFYING_ENZYMES"	43	"COL7A1"
"REACTOME_COLLAGEN_BIOSYNTHESIS_AND_MODIFYING_ENZYMES"	44	"COL8A1"
"REACTOME_COLLAGEN_BIOSYNTHESIS_AND_MODIFYING_ENZYMES"	45	"COL8A2"
"REACTOME_COLLAGEN_BIOSYNTHESIS_AND_MODIFYING_ENZYMES"	46	"COL9A1"
"REACTOME_COLLAGEN_BIOSYNTHESIS_AND_MODIFYING_ENZYMES"	47	"COL9A2"
"REACTOME_COLLAGEN_BIOSYNTHESIS_AND_MODIFYING_ENZYMES"	48	"COL9A3"
"REACTOME_COLLAGEN_BIOSYNTHESIS_AND_MODIFYING_ENZYMES"	49	"COLGALT1"
"REACTOME_COLLAGEN_BIOSYNTHESIS_AND_MODIFYING_ENZYMES"	50	"COLGALT2"
"REACTOME_COLLAGEN_BIOSYNTHESIS_AND_MODIFYING_ENZYMES"	51	"CRTAP"
"REACTOME_COLLAGEN_BIOSYNTHESIS_AND_MODIFYING_ENZYMES"	52	"P3H1"
"REACTOME_COLLAGEN_BIOSYNTHESIS_AND_MODIFYING_ENZYMES"	53	"P3H2"
"REACTOME_COLLAGEN_BIOSYNTHESIS_AND_MODIFYING_ENZYMES"	54	"P3H3"
"REACTOME_COLLAGEN_BIOSYNTHESIS_AND_MODIFYING_ENZYMES"	55	"P4HA1"
"REACTOME_COLLAGEN_BIOSYNTHESIS_AND_MODIFYING_ENZYMES"	56	"P4HA2"
"REACTOME_COLLAGEN_BIOSYNTHESIS_AND_MODIFYING_ENZYMES"	57	"P4HA3"
"REACTOME_COLLAGEN_BIOSYNTHESIS_AND_MODIFYING_ENZYMES"	58	"P4HB"
"REACTOME_COLLAGEN_BIOSYNTHESIS_AND_MODIFYING_ENZYMES"	59	"PCOLCE"
"REACTOME_COLLAGEN_BIOSYNTHESIS_AND_MODIFYING_ENZYMES"	60	"PCOLCE2"
"REACTOME_COLLAGEN_BIOSYNTHESIS_AND_MODIFYING_ENZYMES"	61	"PLOD1"
"REACTOME_COLLAGEN_BIOSYNTHESIS_AND_MODIFYING_ENZYMES"	62	"PLOD2"
"REACTOME_COLLAGEN_BIOSYNTHESIS_AND_MODIFYING_ENZYMES"	63	"PLOD3"
"REACTOME_COLLAGEN_BIOSYNTHESIS_AND_MODIFYING_ENZYMES"	64	"PPIB"
"REACTOME_COLLAGEN_BIOSYNTHESIS_AND_MODIFYING_ENZYMES"	65	"SERPINH1"
"REACTOME_COLLAGEN_BIOSYNTHESIS_AND_MODIFYING_ENZYMES"	66	"TLL1"
"REACTOME_COLLAGEN_BIOSYNTHESIS_AND_MODIFYING_ENZYMES"	67	"TLL2"
"GOBP_PROLINE_BIOSYNTHETIC_PROCESS"	1	"ALDH18A1"
"GOBP_PROLINE_BIOSYNTHETIC_PROCESS"	2	"NOXRED1"
"GOBP_PROLINE_BIOSYNTHETIC_PROCESS"	3	"OAT"
"GOBP_PROLINE_BIOSYNTHETIC_PROCESS"	4	"PYCR1"
"GOBP_PROLINE_BIOSYNTHETIC_PROCESS"	5	"PYCR2"
"GOBP_PROLINE_BIOSYNTHETIC_PROCESS"	6	"PYCR3"
"GOBP_PROLINE_METABOLIC_PROCESS"	1	"ALDH18A1"
"GOBP_PROLINE_METABOLIC_PROCESS"	2	"ALDH4A1"
"GOBP_PROLINE_METABOLIC_PROCESS"	3	"DAO"
"GOBP_PROLINE_METABOLIC_PROCESS"	4	"NOXRED1"
"GOBP_PROLINE_METABOLIC_PROCESS"	5	"OAT"
"GOBP_PROLINE_METABOLIC_PROCESS"	6	"PRODH"
"GOBP_PROLINE_METABOLIC_PROCESS"	7	"PRODH2"
"GOBP_PROLINE_METABOLIC_PROCESS"	8	"PYCR1"
"GOBP_PROLINE_METABOLIC_PROCESS"	9	"PYCR2"
"GOBP_PROLINE_METABOLIC_PROCESS"	10	"PYCR3"
"GOBP_LIVER_REGENERATION"	1	"AURKA"
"GOBP_LIVER_REGENERATION"	2	"CCND1"
"GOBP_LIVER_REGENERATION"	3	"CEBPB"
"GOBP_LIVER_REGENERATION"	4	"CLDN1"
"GOBP_LIVER_REGENERATION"	5	"CPT1A"
"GOBP_LIVER_REGENERATION"	6	"CSNK2A2"
"GOBP_LIVER_REGENERATION"	7	"EZH2"
"GOBP_LIVER_REGENERATION"	8	"FLT3"
"GOBP_LIVER_REGENERATION"	9	"GLI1"
"GOBP_LIVER_REGENERATION"	10	"GUCD1"
"GOBP_LIVER_REGENERATION"	11	"IHH"
"GOBP_LIVER_REGENERATION"	12	"IL10"
"GOBP_LIVER_REGENERATION"	13	"IL6"
"GOBP_LIVER_REGENERATION"	14	"PCNA"
"GOBP_LIVER_REGENERATION"	15	"PNPT1"
"GOBP_LIVER_REGENERATION"	16	"PRMT5"
"GOBP_LIVER_REGENERATION"	17	"PTCH1"
"GOBP_LIVER_REGENERATION"	18	"RAP1A"
"GOBP_LIVER_REGENERATION"	19	"RPS15"
"GOBP_LIVER_REGENERATION"	20	"SLC7A5"
"GOBP_LIVER_REGENERATION"	21	"SRSF1"
"GOBP_LIVER_REGENERATION"	22	"SRSF5"
"GOBP_LIVER_REGENERATION"	23	"SULF2"
"GOBP_LIVER_REGENERATION"	24	"TGFB1"
"GOBP_LIVER_REGENERATION"	25	"TNF"
"GOBP_LIVER_REGENERATION"	26	"UCP2"
"GOBP_LIVER_REGENERATION"	27	"VTN"
"GOBP_TISSUE_REGENERATION"	1	"ADAM15"
"GOBP_TISSUE_REGENERATION"	2	"AKIRIN1"
"GOBP_TISSUE_REGENERATION"	3	"ANXA1"
"GOBP_TISSUE_REGENERATION"	4	"APOA5"
"GOBP_TISSUE_REGENERATION"	5	"APOD"
"GOBP_TISSUE_REGENERATION"	6	"ASCL3"
"GOBP_TISSUE_REGENERATION"	7	"B4GALNT2"
"GOBP_TISSUE_REGENERATION"	8	"BCL9"
"GOBP_TISSUE_REGENERATION"	9	"BIN3"
"GOBP_TISSUE_REGENERATION"	10	"CAPN3"
"GOBP_TISSUE_REGENERATION"	11	"CCN3"
"GOBP_TISSUE_REGENERATION"	12	"CCNB1"
"GOBP_TISSUE_REGENERATION"	13	"CD81"
"GOBP_TISSUE_REGENERATION"	14	"CD9"
"GOBP_TISSUE_REGENERATION"	15	"CDKN1A"
"GOBP_TISSUE_REGENERATION"	16	"CDKN1B"
"GOBP_TISSUE_REGENERATION"	17	"CFLAR"
"GOBP_TISSUE_REGENERATION"	18	"COL6A1"
"GOBP_TISSUE_REGENERATION"	19	"CPQ"
"GOBP_TISSUE_REGENERATION"	20	"DAG1"
"GOBP_TISSUE_REGENERATION"	21	"DUSP10"
"GOBP_TISSUE_REGENERATION"	22	"EPPK1"
"GOBP_TISSUE_REGENERATION"	23	"ERBB4"
"GOBP_TISSUE_REGENERATION"	24	"EYS"
"GOBP_TISSUE_REGENERATION"	25	"EZH2"
"GOBP_TISSUE_REGENERATION"	26	"FGF10"
"GOBP_TISSUE_REGENERATION"	27	"FKRP"
"GOBP_TISSUE_REGENERATION"	28	"FZD7"
"GOBP_TISSUE_REGENERATION"	29	"FZD9"
"GOBP_TISSUE_REGENERATION"	30	"GAP43"
"GOBP_TISSUE_REGENERATION"	31	"GATA4"
"GOBP_TISSUE_REGENERATION"	32	"GJD4"
"GOBP_TISSUE_REGENERATION"	33	"GNAT1"
"GOBP_TISSUE_REGENERATION"	34	"GNAT2"
"GOBP_TISSUE_REGENERATION"	35	"GPX1"
"GOBP_TISSUE_REGENERATION"	36	"HDGFL2"
"GOBP_TISSUE_REGENERATION"	37	"HOPX"
"GOBP_TISSUE_REGENERATION"	38	"IFRD1"
"GOBP_TISSUE_REGENERATION"	39	"IGF1"
"GOBP_TISSUE_REGENERATION"	40	"IGFBP1"
"GOBP_TISSUE_REGENERATION"	41	"KLF5"
"GOBP_TISSUE_REGENERATION"	42	"KLK6"
"GOBP_TISSUE_REGENERATION"	43	"KPNA1"
"GOBP_TISSUE_REGENERATION"	44	"LARGE1"
"GOBP_TISSUE_REGENERATION"	45	"LGR6"
"GOBP_TISSUE_REGENERATION"	46	"MCUB"
"GOBP_TISSUE_REGENERATION"	47	"MDK"
"GOBP_TISSUE_REGENERATION"	48	"MIR199A1"
"GOBP_TISSUE_REGENERATION"	49	"MIR29B1"
"GOBP_TISSUE_REGENERATION"	50	"MIR590"
"GOBP_TISSUE_REGENERATION"	51	"MSTN"
"GOBP_TISSUE_REGENERATION"	52	"MUSTN1"
"GOBP_TISSUE_REGENERATION"	53	"MYF6"
"GOBP_TISSUE_REGENERATION"	54	"MYMK"
"GOBP_TISSUE_REGENERATION"	55	"MYMX"
"GOBP_TISSUE_REGENERATION"	56	"MYOD1"
"GOBP_TISSUE_REGENERATION"	57	"MYOZ1"
"GOBP_TISSUE_REGENERATION"	58	"NACA"
"GOBP_TISSUE_REGENERATION"	59	"NINJ1"
"GOBP_TISSUE_REGENERATION"	60	"NINJ2"
"GOBP_TISSUE_REGENERATION"	61	"NOTCH1"
"GOBP_TISSUE_REGENERATION"	62	"P2RX5"
"GOBP_TISSUE_REGENERATION"	63	"PAX7"
"GOBP_TISSUE_REGENERATION"	64	"PLG"
"GOBP_TISSUE_REGENERATION"	65	"POSTN"
"GOBP_TISSUE_REGENERATION"	66	"PPARD"
"GOBP_TISSUE_REGENERATION"	67	"PPP3CA"
"GOBP_TISSUE_REGENERATION"	68	"PTGFRN"
"GOBP_TISSUE_REGENERATION"	69	"PTN"
"GOBP_TISSUE_REGENERATION"	70	"PTPN12"
"GOBP_TISSUE_REGENERATION"	71	"RUNX1"
"GOBP_TISSUE_REGENERATION"	72	"SELENON"
"GOBP_TISSUE_REGENERATION"	73	"SOX15"
"GOBP_TISSUE_REGENERATION"	74	"SOX2"
"GOBP_TISSUE_REGENERATION"	75	"SPAAR"
"GOBP_TISSUE_REGENERATION"	76	"TARBP2"
"GOBP_TISSUE_REGENERATION"	77	"TEC"
"GOBP_TISSUE_REGENERATION"	78	"TM4SF4"
"GOBP_TISSUE_REGENERATION"	79	"TMEM182"
"GOBP_TISSUE_REGENERATION"	80	"VPS54"
"GOBP_TISSUE_REGENERATION"	81	"WNT10B"
"GOBP_TISSUE_REGENERATION"	82	"WNT7A"
"GOBP_TISSUE_REGENERATION"	83	"XIRP1"
"GOBP_TISSUE_REGENERATION"	84	"YAP1"
"GOBP_POSITIVE_REGULATION_OF_EPITHELIAL_CELL_PROLIFERATION_INVOLVED_IN_WOUND_HEALING"	1	"B4GALT1"
"GOBP_POSITIVE_REGULATION_OF_EPITHELIAL_CELL_PROLIFERATION_INVOLVED_IN_WOUND_HEALING"	2	"CLDN1"
"GOBP_POSITIVE_REGULATION_OF_EPITHELIAL_CELL_PROLIFERATION_INVOLVED_IN_WOUND_HEALING"	3	"FGF10"
"GOBP_POSITIVE_REGULATION_OF_EPITHELIAL_CELL_PROLIFERATION_INVOLVED_IN_WOUND_HEALING"	4	"FZD7"
"GOBP_POSITIVE_REGULATION_OF_EPITHELIAL_CELL_PROLIFERATION_INVOLVED_IN_WOUND_HEALING"	5	"JAML"
"GOBP_POSITIVE_REGULATION_OF_EPITHELIAL_CELL_PROLIFERATION_INVOLVED_IN_WOUND_HEALING"	6	"LACRT"
"GOBP_POSITIVE_REGULATION_OF_EPITHELIAL_CELL_PROLIFERATION_INVOLVED_IN_WOUND_HEALING"	7	"LRG1"
"GOBP_POSITIVE_REGULATION_OF_EPITHELIAL_CELL_PROLIFERATION_INVOLVED_IN_WOUND_HEALING"	8	"MMP12"
"GOBP_POSITIVE_REGULATION_OF_EPITHELIAL_CELL_PROLIFERATION_INVOLVED_IN_WOUND_HEALING"	9	"ODAM"
"GOBP_POSITIVE_REGULATION_OF_EPITHELIAL_CELL_PROLIFERATION_INVOLVED_IN_WOUND_HEALING"	10	"WNT7A"
"GOBP_WOUND_HEALING_SPREADING_OF_EPIDERMAL_CELLS"	1	"ACVRL1"
"GOBP_WOUND_HEALING_SPREADING_OF_EPIDERMAL_CELLS"	2	"ADAM17"
"GOBP_WOUND_HEALING_SPREADING_OF_EPIDERMAL_CELLS"	3	"AJUBA"
"GOBP_WOUND_HEALING_SPREADING_OF_EPIDERMAL_CELLS"	4	"ARHGAP24"
"GOBP_WOUND_HEALING_SPREADING_OF_EPIDERMAL_CELLS"	5	"CLASP1"
"GOBP_WOUND_HEALING_SPREADING_OF_EPIDERMAL_CELLS"	6	"CLASP2"
"GOBP_WOUND_HEALING_SPREADING_OF_EPIDERMAL_CELLS"	7	"COL5A1"
"GOBP_WOUND_HEALING_SPREADING_OF_EPIDERMAL_CELLS"	8	"FERMT1"
"GOBP_WOUND_HEALING_SPREADING_OF_EPIDERMAL_CELLS"	9	"FERMT2"
"GOBP_WOUND_HEALING_SPREADING_OF_EPIDERMAL_CELLS"	10	"FIGNL2"
"GOBP_WOUND_HEALING_SPREADING_OF_EPIDERMAL_CELLS"	11	"HBEGF"
"GOBP_WOUND_HEALING_SPREADING_OF_EPIDERMAL_CELLS"	12	"HTN1"
"GOBP_WOUND_HEALING_SPREADING_OF_EPIDERMAL_CELLS"	13	"ITGA5"
"GOBP_WOUND_HEALING_SPREADING_OF_EPIDERMAL_CELLS"	14	"ITGAV"
"GOBP_WOUND_HEALING_SPREADING_OF_EPIDERMAL_CELLS"	15	"ITGB1"
"GOBP_WOUND_HEALING_SPREADING_OF_EPIDERMAL_CELLS"	16	"ITGB3"
"GOBP_WOUND_HEALING_SPREADING_OF_EPIDERMAL_CELLS"	17	"ITGB5"
"GOBP_WOUND_HEALING_SPREADING_OF_EPIDERMAL_CELLS"	18	"LRG1"
"GOBP_WOUND_HEALING_SPREADING_OF_EPIDERMAL_CELLS"	19	"MIR221"
"GOBP_WOUND_HEALING_SPREADING_OF_EPIDERMAL_CELLS"	20	"MMP12"
"GOBP_WOUND_HEALING_SPREADING_OF_EPIDERMAL_CELLS"	21	"MSX2"
"GOBP_WOUND_HEALING_SPREADING_OF_EPIDERMAL_CELLS"	22	"MTOR"
"GOBP_WOUND_HEALING_SPREADING_OF_EPIDERMAL_CELLS"	23	"PHLDB2"
"GOBP_WOUND_HEALING_SPREADING_OF_EPIDERMAL_CELLS"	24	"PLET1"
"GOBP_WOUND_HEALING_SPREADING_OF_EPIDERMAL_CELLS"	25	"PTEN"
"GOBP_WOUND_HEALING_SPREADING_OF_EPIDERMAL_CELLS"	26	"RREB1"
"GOBP_WOUND_HEALING_SPREADING_OF_EPIDERMAL_CELLS"	27	"WNT7A"
"PENGWINKLER_PALMITATE_UP_TOP100"	1	"FAT1"
"PENGWINKLER_PALMITATE_UP_TOP100"	2	"AKR1C18"
"PENGWINKLER_PALMITATE_UP_TOP100"	3	"CYP1B1"
"PENGWINKLER_PALMITATE_UP_TOP100"	4	"H2-K1"
"PENGWINKLER_PALMITATE_UP_TOP100"	5	"NDRG4"
"PENGWINKLER_PALMITATE_UP_TOP100"	6	"PTPRB"
"PENGWINKLER_PALMITATE_UP_TOP100"	7	"LRP2"
"PENGWINKLER_PALMITATE_UP_TOP100"	8	"CPT1A"
"PENGWINKLER_PALMITATE_UP_TOP100"	9	"CD44"
"PENGWINKLER_PALMITATE_UP_TOP100"	10	"AKR1B8"
"PENGWINKLER_PALMITATE_UP_TOP100"	11	"FBP2"
"PENGWINKLER_PALMITATE_UP_TOP100"	12	"AHR"
"PENGWINKLER_PALMITATE_UP_TOP100"	13	"MAL2"
"PENGWINKLER_PALMITATE_UP_TOP100"	14	"INHBA"
"PENGWINKLER_PALMITATE_UP_TOP100"	15	"SLC25A4"
"PENGWINKLER_PALMITATE_UP_TOP100"	16	"RRM2"
"PENGWINKLER_PALMITATE_UP_TOP100"	17	"HSP90AA1"
"PENGWINKLER_PALMITATE_UP_TOP100"	18	"AXIN2"
"PENGWINKLER_PALMITATE_UP_TOP100"	19	"ATRN"
"PENGWINKLER_PALMITATE_UP_TOP100"	20	"SLC16A3"
"PENGWINKLER_PALMITATE_UP_TOP100"	21	"PGRMC1"
"PENGWINKLER_PALMITATE_UP_TOP100"	22	"STON2"
"PENGWINKLER_PALMITATE_UP_TOP100"	23	"TTC9"
"PENGWINKLER_PALMITATE_UP_TOP100"	24	"CCDC80"
"PENGWINKLER_PALMITATE_UP_TOP100"	25	"HIF1A"
"PENGWINKLER_PALMITATE_UP_TOP100"	26	"ID1"
"PENGWINKLER_PALMITATE_UP_TOP100"	27	"ROCK2"
"PENGWINKLER_PALMITATE_UP_TOP100"	28	"ESD"
"PENGWINKLER_PALMITATE_UP_TOP100"	29	"FOSL2"
"PENGWINKLER_PALMITATE_UP_TOP100"	30	"WWC2"
"PENGWINKLER_PALMITATE_UP_TOP100"	31	"TGFBI"
"PENGWINKLER_PALMITATE_UP_TOP100"	32	"EPB41L1"
"PENGWINKLER_PALMITATE_UP_TOP100"	33	"GM2A"
"PENGWINKLER_PALMITATE_UP_TOP100"	34	"ZFP106"
"PENGWINKLER_PALMITATE_UP_TOP100"	35	"PLIN2"
"PENGWINKLER_PALMITATE_UP_TOP100"	36	"MTUS1"
"PENGWINKLER_PALMITATE_UP_TOP100"	37	"PAK3"
"PENGWINKLER_PALMITATE_UP_TOP100"	38	"DSTN"
"PENGWINKLER_PALMITATE_UP_TOP100"	39	"CKMT1"
"PENGWINKLER_PALMITATE_UP_TOP100"	40	"ANXA8"
"PENGWINKLER_PALMITATE_UP_TOP100"	41	"ZDHHC2"
"PENGWINKLER_PALMITATE_UP_TOP100"	42	"PIP5K1B"
"PENGWINKLER_PALMITATE_UP_TOP100"	43	"SLC23A2"
"PENGWINKLER_PALMITATE_UP_TOP100"	44	"SLC5A5"
"PENGWINKLER_PALMITATE_UP_TOP100"	45	"CASP3"
"PENGWINKLER_PALMITATE_UP_TOP100"	46	"ACSL4"
"PENGWINKLER_PALMITATE_UP_TOP100"	47	"HR"
"PENGWINKLER_PALMITATE_UP_TOP100"	48	"STAT3"
"PENGWINKLER_PALMITATE_UP_TOP100"	49	"CSDC2"
"PENGWINKLER_PALMITATE_UP_TOP100"	50	"DNAAF9"
"PENGWINKLER_PALMITATE_UP_TOP100"	51	"PTGS1"
"PENGWINKLER_PALMITATE_UP_TOP100"	52	"PMM1"
"PENGWINKLER_PALMITATE_UP_TOP100"	53	"MACC1"
"PENGWINKLER_PALMITATE_UP_TOP100"	54	"ARHGAP27"
"PENGWINKLER_PALMITATE_UP_TOP100"	55	"NCAPG2"
"PENGWINKLER_PALMITATE_UP_TOP100"	56	"PCNA"
"PENGWINKLER_PALMITATE_UP_TOP100"	57	"TFRC"
"PENGWINKLER_PALMITATE_UP_TOP100"	58	"XRN2"
"PENGWINKLER_PALMITATE_UP_TOP100"	59	"SSRP1"
"PENGWINKLER_PALMITATE_UP_TOP100"	60	"HSPB1"
"PENGWINKLER_PALMITATE_UP_TOP100"	61	"FST"
"PENGWINKLER_PALMITATE_UP_TOP100"	62	"PALLD"
"PENGWINKLER_PALMITATE_UP_TOP100"	63	"COL4A2"
"PENGWINKLER_PALMITATE_UP_TOP100"	64	"NSF"
"PENGWINKLER_PALMITATE_UP_TOP100"	65	"H2-D1"
"PENGWINKLER_PALMITATE_UP_TOP100"	66	"SLC30A4"
"PENGWINKLER_PALMITATE_UP_TOP100"	67	"TOP2A"
"PENGWINKLER_PALMITATE_UP_TOP100"	68	"AGPS"
"PENGWINKLER_PALMITATE_UP_TOP100"	69	"PLAT"
"PENGWINKLER_PALMITATE_UP_TOP100"	70	"PPP1R9A"
"PENGWINKLER_PALMITATE_UP_TOP100"	71	"CPE"
"PENGWINKLER_PALMITATE_UP_TOP100"	72	"ANGPTL4"
"PENGWINKLER_PALMITATE_UP_TOP100"	73	"ILDR2"
"PENGWINKLER_PALMITATE_UP_TOP100"	74	"UCP2"
"PENGWINKLER_PALMITATE_UP_TOP100"	75	"ACADL"
"PENGWINKLER_PALMITATE_UP_TOP100"	76	"TENM4"
"PENGWINKLER_PALMITATE_UP_TOP100"	77	"HMOX1"
"PENGWINKLER_PALMITATE_UP_TOP100"	78	"RHOB"
"PENGWINKLER_PALMITATE_UP_TOP100"	79	"PLEKHA2"
"PENGWINKLER_PALMITATE_UP_TOP100"	80	"NOP56"
"PENGWINKLER_PALMITATE_UP_TOP100"	81	"LRATD1"
"PENGWINKLER_PALMITATE_UP_TOP100"	82	"RCN1"
"PENGWINKLER_PALMITATE_UP_TOP100"	83	"KPNB1"
"PENGWINKLER_PALMITATE_UP_TOP100"	84	"TRAPPC11"
"PENGWINKLER_PALMITATE_UP_TOP100"	85	"RWDD4A"
"PENGWINKLER_PALMITATE_UP_TOP100"	86	"HID1"
"PENGWINKLER_PALMITATE_UP_TOP100"	87	"ANAPC1"
"PENGWINKLER_PALMITATE_UP_TOP100"	88	"NPTXR"
"PENGWINKLER_PALMITATE_UP_TOP100"	89	"NSD1"
"PENGWINKLER_PALMITATE_UP_TOP100"	90	"DNAJA4"
"PENGWINKLER_PALMITATE_UP_TOP100"	91	"CLMN"
"PENGWINKLER_PALMITATE_UP_TOP100"	92	"DOCK4"
"PENGWINKLER_PALMITATE_UP_TOP100"	93	"LDHA"
"PENGWINKLER_PALMITATE_UP_TOP100"	94	"PSMC3"
"PENGWINKLER_PALMITATE_UP_TOP100"	95	"UNC5B"
"PENGWINKLER_PALMITATE_UP_TOP100"	96	"NEBL"
"PENGWINKLER_PALMITATE_UP_TOP100"	97	"ARHGAP11A"
"PENGWINKLER_PALMITATE_UP_TOP100"	98	"DKK2"
"PENGWINKLER_PALMITATE_UP_TOP100"	99	"JAM2"
"PENGWINKLER_PALMITATE_UP_TOP100"	100	"BAHD1"
"PENGWINKLER_PALMITATE_UP_FDR05"	1	"FAT1"
"PENGWINKLER_PALMITATE_UP_FDR05"	2	"AKR1C18"
"PENGWINKLER_PALMITATE_UP_FDR05"	3	"CYP1B1"
"PENGWINKLER_PALMITATE_UP_FDR05"	4	"H2-K1"
"PENGWINKLER_PALMITATE_UP_FDR05"	5	"NDRG4"
"PENGWINKLER_PALMITATE_UP_FDR05"	6	"PTPRB"
"PENGWINKLER_PALMITATE_UP_FDR05"	7	"LRP2"
"PENGWINKLER_PALMITATE_UP_FDR05"	8	"CPT1A"
"PENGWINKLER_PALMITATE_UP_FDR05"	9	"CD44"
"PENGWINKLER_PALMITATE_UP_FDR05"	10	"AKR1B8"
"PENGWINKLER_PALMITATE_UP_FDR05"	11	"FBP2"
"PENGWINKLER_PALMITATE_UP_FDR05"	12	"AHR"
"PENGWINKLER_PALMITATE_UP_FDR05"	13	"MAL2"
"PENGWINKLER_PALMITATE_UP_FDR05"	14	"INHBA"
"PENGWINKLER_PALMITATE_UP_FDR05"	15	"SLC25A4"
"PENGWINKLER_PALMITATE_UP_FDR05"	16	"RRM2"
"PENGWINKLER_PALMITATE_UP_FDR05"	17	"HSP90AA1"
"PENGWINKLER_PALMITATE_UP_FDR05"	18	"AXIN2"
"PENGWINKLER_PALMITATE_UP_FDR05"	19	"ATRN"
"PENGWINKLER_PALMITATE_UP_FDR05"	20	"SLC16A3"
"PENGWINKLER_PALMITATE_UP_FDR05"	21	"PGRMC1"
"PENGWINKLER_PALMITATE_UP_FDR05"	22	"STON2"
"PENGWINKLER_PALMITATE_UP_FDR05"	23	"TTC9"
"PENGWINKLER_PALMITATE_UP_FDR05"	24	"CCDC80"
"PENGWINKLER_PALMITATE_UP_FDR05"	25	"HIF1A"
"PENGWINKLER_PALMITATE_UP_FDR05"	26	"ID1"
"PENGWINKLER_PALMITATE_UP_FDR05"	27	"ROCK2"
"PENGWINKLER_PALMITATE_UP_FDR05"	28	"ESD"
"PENGWINKLER_PALMITATE_UP_FDR05"	29	"FOSL2"
"PENGWINKLER_PALMITATE_UP_FDR05"	30	"WWC2"
"PENGWINKLER_PALMITATE_UP_FDR05"	31	"TGFBI"
"PENGWINKLER_PALMITATE_UP_FDR05"	32	"EPB41L1"
"PENGWINKLER_PALMITATE_UP_FDR05"	33	"GM2A"
"PENGWINKLER_PALMITATE_UP_FDR05"	34	"ZFP106"
"PENGWINKLER_PALMITATE_UP_FDR05"	35	"PLIN2"
"PENGWINKLER_PALMITATE_UP_FDR05"	36	"MTUS1"
"PENGWINKLER_PALMITATE_UP_FDR05"	37	"PAK3"
"PENGWINKLER_PALMITATE_UP_FDR05"	38	"DSTN"
"PENGWINKLER_PALMITATE_UP_FDR05"	39	"CKMT1"
"PENGWINKLER_PALMITATE_UP_FDR05"	40	"ANXA8"
"PENGWINKLER_PALMITATE_UP_FDR05"	41	"ZDHHC2"
"PENGWINKLER_PALMITATE_UP_FDR05"	42	"PIP5K1B"
"PENGWINKLER_PALMITATE_UP_FDR05"	43	"SLC23A2"
"PENGWINKLER_PALMITATE_UP_FDR05"	44	"SLC5A5"
"PENGWINKLER_PALMITATE_UP_FDR05"	45	"CASP3"
"PENGWINKLER_PALMITATE_UP_FDR05"	46	"ACSL4"
"PENGWINKLER_PALMITATE_UP_FDR05"	47	"HR"
"PENGWINKLER_PALMITATE_UP_FDR05"	48	"STAT3"
"PENGWINKLER_PALMITATE_UP_FDR05"	49	"CSDC2"
"PENGWINKLER_PALMITATE_UP_FDR05"	50	"DNAAF9"
"PENGWINKLER_PALMITATE_UP_FDR05"	51	"PTGS1"
"PENGWINKLER_PALMITATE_UP_FDR05"	52	"PMM1"
"PENGWINKLER_PALMITATE_UP_FDR05"	53	"MACC1"
"PENGWINKLER_PALMITATE_UP_FDR05"	54	"ARHGAP27"
"PENGWINKLER_PALMITATE_UP_FDR05"	55	"NCAPG2"
"PENGWINKLER_PALMITATE_UP_FDR05"	56	"PCNA"
"PENGWINKLER_PALMITATE_UP_FDR05"	57	"TFRC"
"PENGWINKLER_PALMITATE_UP_FDR05"	58	"XRN2"
"PENGWINKLER_PALMITATE_UP_FDR05"	59	"SSRP1"
"PENGWINKLER_PALMITATE_UP_FDR05"	60	"HSPB1"
"PENGWINKLER_PALMITATE_UP_FDR05"	61	"FST"
"PENGWINKLER_PALMITATE_UP_FDR05"	62	"PALLD"
"PENGWINKLER_PALMITATE_UP_FDR05"	63	"COL4A2"
"PENGWINKLER_PALMITATE_UP_FDR05"	64	"NSF"
"PENGWINKLER_PALMITATE_UP_FDR05"	65	"H2-D1"
"PENGWINKLER_PALMITATE_UP_FDR05"	66	"SLC30A4"
"PENGWINKLER_PALMITATE_UP_FDR05"	67	"TOP2A"
"PENGWINKLER_PALMITATE_UP_FDR05"	68	"AGPS"
"PENGWINKLER_PALMITATE_UP_FDR05"	69	"PLAT"
"PENGWINKLER_PALMITATE_UP_FDR05"	70	"PPP1R9A"
"PENGWINKLER_PALMITATE_UP_FDR05"	71	"CPE"
"PENGWINKLER_PALMITATE_UP_FDR05"	72	"ANGPTL4"
"PENGWINKLER_PALMITATE_UP_FDR05"	73	"ILDR2"
"PENGWINKLER_PALMITATE_UP_FDR05"	74	"UCP2"
"PENGWINKLER_PALMITATE_UP_FDR05"	75	"ACADL"
"PENGWINKLER_PALMITATE_UP_FDR05"	76	"TENM4"
"PENGWINKLER_PALMITATE_UP_FDR05"	77	"HMOX1"
"PENGWINKLER_PALMITATE_UP_FDR05"	78	"RHOB"
"PENGWINKLER_PALMITATE_UP_FDR05"	79	"PLEKHA2"
"PENGWINKLER_PALMITATE_UP_FDR05"	80	"NOP56"
"PENGWINKLER_PALMITATE_UP_FDR05"	81	"LRATD1"
"PENGWINKLER_PALMITATE_UP_FDR05"	82	"RCN1"
"PENGWINKLER_PALMITATE_UP_FDR05"	83	"KPNB1"
"PENGWINKLER_PALMITATE_UP_FDR05"	84	"TRAPPC11"
"PENGWINKLER_PALMITATE_UP_FDR05"	85	"RWDD4A"
"PENGWINKLER_PALMITATE_UP_FDR05"	86	"HID1"
"PENGWINKLER_PALMITATE_UP_FDR05"	87	"ANAPC1"
"PENGWINKLER_PALMITATE_UP_FDR05"	88	"NPTXR"
"PENGWINKLER_PALMITATE_UP_FDR05"	89	"NSD1"
"PENGWINKLER_PALMITATE_UP_FDR05"	90	"DNAJA4"
"PENGWINKLER_PALMITATE_UP_FDR05"	91	"CLMN"
"PENGWINKLER_PALMITATE_UP_FDR05"	92	"DOCK4"
"PENGWINKLER_PALMITATE_UP_FDR05"	93	"LDHA"
"PENGWINKLER_PALMITATE_UP_FDR05"	94	"PSMC3"
"PENGWINKLER_PALMITATE_UP_FDR05"	95	"UNC5B"
"PENGWINKLER_PALMITATE_UP_FDR05"	96	"NEBL"
"PENGWINKLER_PALMITATE_UP_FDR05"	97	"ARHGAP11A"
"PENGWINKLER_PALMITATE_UP_FDR05"	98	"DKK2"
"PENGWINKLER_PALMITATE_UP_FDR05"	99	"JAM2"
"PENGWINKLER_PALMITATE_UP_FDR05"	100	"BAHD1"
"PENGWINKLER_PALMITATE_UP_FDR05"	101	"MCM5"
"PENGWINKLER_PALMITATE_UP_FDR05"	102	"MAL"
"PENGWINKLER_PALMITATE_UP_FDR05"	103	"PSAP"
"PENGWINKLER_PALMITATE_UP_FDR05"	104	"MYO5B"
"PENGWINKLER_PALMITATE_UP_FDR05"	105	"ITSN2"
"PENGWINKLER_PALMITATE_UP_FDR05"	106	"SRXN1"
"PENGWINKLER_PALMITATE_UP_FDR05"	107	"TUBGCP4"
"PENGWINKLER_PALMITATE_UP_FDR05"	108	"H2AZ1"
"PENGWINKLER_PALMITATE_UP_FDR05"	109	"MDH1"
"PENGWINKLER_PALMITATE_UP_FDR05"	110	"CYB5B"
"PENGWINKLER_PALMITATE_UP_FDR05"	111	"ALDOA"
"PENGWINKLER_PALMITATE_UP_FDR05"	112	"FOXN3"
"PENGWINKLER_PALMITATE_UP_FDR05"	113	"ACOT1"
"PENGWINKLER_PALMITATE_UP_FDR05"	114	"LAPTM4B"
"PENGWINKLER_PALMITATE_UP_FDR05"	115	"GOT2"
"PENGWINKLER_PALMITATE_UP_FDR05"	116	"ACADVL"
"PENGWINKLER_PALMITATE_UP_FDR05"	117	"PGAP1"
"PENGWINKLER_PALMITATE_UP_FDR05"	118	"SIPA1L2"
"PENGWINKLER_PALMITATE_UP_FDR05"	119	"FAM149A"
"PENGWINKLER_PALMITATE_UP_FDR05"	120	"IDH3B"
"PENGWINKLER_PALMITATE_UP_FDR05"	121	"SQOR"
"PENGWINKLER_PALMITATE_UP_FDR05"	122	"BAZ1A"
"PENGWINKLER_PALMITATE_UP_FDR05"	123	"MT-CYTB"
"PENGWINKLER_PALMITATE_UP_FDR05"	124	"PLEKHH2"
"PENGWINKLER_PALMITATE_UP_FDR05"	125	"PPIA"
"PENGWINKLER_PALMITATE_UP_FDR05"	126	"SP6"
"PENGWINKLER_PALMITATE_UP_FDR05"	127	"TNKS"
"PENGWINKLER_PALMITATE_UP_FDR05"	128	"LPCAT3"
"PENGWINKLER_PALMITATE_UP_FDR05"	129	"PAK6"
"PENGWINKLER_PALMITATE_UP_FDR05"	130	"NPEPPS"
"PENGWINKLER_PALMITATE_UP_FDR05"	131	"GAPDH"
"PENGWINKLER_PALMITATE_UP_FDR05"	132	"PRICKLE1"
"PENGWINKLER_PALMITATE_UP_FDR05"	133	"IRS1"
"PENGWINKLER_PALMITATE_UP_FDR05"	134	"AARS"
"PENGWINKLER_PALMITATE_UP_FDR05"	135	"TPT1"
"PENGWINKLER_PALMITATE_UP_FDR05"	136	"SIPA1L1"
"PENGWINKLER_PALMITATE_UP_FDR05"	137	"CLDN3"
"PENGWINKLER_PALMITATE_UP_FDR05"	138	"KNSTRN"
"PENGWINKLER_PALMITATE_UP_FDR05"	139	"PRPF8"
"PENGWINKLER_PALMITATE_UP_FDR05"	140	"SNX5"
"PENGWINKLER_PALMITATE_UP_FDR05"	141	"SNRNP200"
"PENGWINKLER_PALMITATE_UP_FDR05"	142	"GSR"
"PENGWINKLER_PALMITATE_UP_FDR05"	143	"KRT4"
"PENGWINKLER_PALMITATE_UP_FDR05"	144	"BMP2"
"PENGWINKLER_PALMITATE_UP_FDR05"	145	"ARPC1B"
"PENGWINKLER_PALMITATE_UP_FDR05"	146	"DNM1"
"PENGWINKLER_PALMITATE_UP_FDR05"	147	"4930438A08RIK"
"PENGWINKLER_PALMITATE_UP_FDR05"	148	"SH3KBP1"
"PENGWINKLER_PALMITATE_UP_FDR05"	149	"MTCH2"
"PENGWINKLER_PALMITATE_UP_FDR05"	150	"HDAC5"
"PENGWINKLER_PALMITATE_UP_FDR05"	151	"PARP12"
"PENGWINKLER_PALMITATE_UP_FDR05"	152	"HIP1"
"PENGWINKLER_PALMITATE_UP_FDR05"	153	"CLTC"
"PENGWINKLER_PALMITATE_UP_FDR05"	154	"LY6G6C"
"PENGWINKLER_PALMITATE_UP_FDR05"	155	"EHD4"
"PENGWINKLER_PALMITATE_UP_FDR05"	156	"PROS1"
"PENGWINKLER_PALMITATE_UP_FDR05"	157	"TPM4"
"PENGWINKLER_PALMITATE_UP_FDR05"	158	"BICDL1"
"PENGWINKLER_PALMITATE_UP_FDR05"	159	"NCDN"
"PENGWINKLER_PALMITATE_UP_FDR05"	160	"TDRKH"
"PENGWINKLER_PALMITATE_UP_FDR05"	161	"RNF213"
"PENGWINKLER_PALMITATE_UP_FDR05"	162	"BUB1"
"PENGWINKLER_PALMITATE_UP_FDR05"	163	"IDH3A"
"PENGWINKLER_PALMITATE_UP_FDR05"	164	"CMTM4"
"PENGWINKLER_PALMITATE_UP_FDR05"	165	"MYO1C"
"PENGWINKLER_PALMITATE_UP_FDR05"	166	"JAK2"
"PENGWINKLER_PALMITATE_UP_FDR05"	167	"SDC1"
"PENGWINKLER_PALMITATE_UP_FDR05"	168	"CLSTN3"
"PENGWINKLER_PALMITATE_UP_FDR05"	169	"ANKRD10"
"PENGWINKLER_PALMITATE_UP_FDR05"	170	"SLCO5A1"
"PENGWINKLER_PALMITATE_UP_FDR05"	171	"PFKP"
"PENGWINKLER_PALMITATE_UP_FDR05"	172	"EHF"
"PENGWINKLER_PALMITATE_UP_FDR05"	173	"FLVCR2"
"PENGWINKLER_PALMITATE_UP_FDR05"	174	"HAP1"
"PENGWINKLER_PALMITATE_UP_FDR05"	175	"ALDH2"
"PENGWINKLER_PALMITATE_UP_FDR05"	176	"UNC13B"
"PENGWINKLER_PALMITATE_UP_FDR05"	177	"GCNT1"
"PENGWINKLER_PALMITATE_UP_FDR05"	178	"TUBG1"
"PENGWINKLER_PALMITATE_UP_FDR05"	179	"SERPINB6A"
"PENGWINKLER_PALMITATE_UP_FDR05"	180	"CIB2"
"PENGWINKLER_PALMITATE_UP_FDR05"	181	"IKBKB"
"PENGWINKLER_PALMITATE_UP_FDR05"	182	"BEX1"
"PENGWINKLER_PALMITATE_UP_FDR05"	183	"IGSF11"
"PENGWINKLER_PALMITATE_UP_FDR05"	184	"TFDP1"
"PENGWINKLER_PALMITATE_UP_FDR05"	185	"USP8"
"PENGWINKLER_PALMITATE_UP_FDR05"	186	"CHP1"
"PENGWINKLER_PALMITATE_UP_FDR05"	187	"OGDHL"
"PENGWINKLER_PALMITATE_UP_FDR05"	188	"GM47015"
"PENGWINKLER_PALMITATE_UP_FDR05"	189	"HIPK3"
"PENGWINKLER_PALMITATE_UP_FDR05"	190	"NCAPH"
"PENGWINKLER_PALMITATE_UP_FDR05"	191	"CNOT1"
"PENGWINKLER_PALMITATE_UP_FDR05"	192	"ABCE1"
"PENGWINKLER_PALMITATE_UP_FDR05"	193	"EFS"
"PENGWINKLER_PALMITATE_UP_FDR05"	194	"ST14"
"PENGWINKLER_PALMITATE_UP_FDR05"	195	"CDR2L"
"PENGWINKLER_PALMITATE_UP_FDR05"	196	"DUT"
"PENGWINKLER_PALMITATE_UP_FDR05"	197	"AP1M2"
"PENGWINKLER_PALMITATE_UP_FDR05"	198	"AQR"
"PENGWINKLER_PALMITATE_UP_FDR05"	199	"PLCG2"
"PENGWINKLER_PALMITATE_UP_FDR05"	200	"DCTD"
"PENGWINKLER_PALMITATE_UP_FDR05"	201	"MORC4"
"PENGWINKLER_PALMITATE_UP_FDR05"	202	"MAP3K9"
"PENGWINKLER_PALMITATE_UP_FDR05"	203	"PRDX1"
"PENGWINKLER_PALMITATE_UP_FDR05"	204	"HSD17B12"
"PENGWINKLER_PALMITATE_UP_FDR05"	205	"SLURP1"
"PENGWINKLER_PALMITATE_UP_FDR05"	206	"GGT7"
"PENGWINKLER_PALMITATE_UP_FDR05"	207	"STRA6"
"PENGWINKLER_PALMITATE_UP_FDR05"	208	"ALDH9A1"
"PENGWINKLER_PALMITATE_UP_FDR05"	209	"MYCN"
"PENGWINKLER_PALMITATE_UP_FDR05"	210	"ARF2"
"PENGWINKLER_PALMITATE_UP_FDR05"	211	"KNL1"
"PENGWINKLER_PALMITATE_UP_FDR05"	212	"RALGAPA2"
"PENGWINKLER_PALMITATE_UP_FDR05"	213	"SLC4A4"
"PENGWINKLER_PALMITATE_UP_FDR05"	214	"JUP"
"PENGWINKLER_PALMITATE_UP_FDR05"	215	"EFTUD2"
"PENGWINKLER_PALMITATE_UP_FDR05"	216	"DLG4"
"PENGWINKLER_PALMITATE_UP_FDR05"	217	"GAREM1"
"PENGWINKLER_PALMITATE_UP_FDR05"	218	"NOTCH1"
"PENGWINKLER_PALMITATE_UP_FDR05"	219	"OTOP2"
"PENGWINKLER_PALMITATE_UP_FDR05"	220	"UGDH"
"PENGWINKLER_PALMITATE_UP_FDR05"	221	"ASH2L"
"PENGWINKLER_PALMITATE_UP_FDR05"	222	"CCDC102A"
"PENGWINKLER_PALMITATE_UP_FDR05"	223	"AFF4"
"PENGWINKLER_PALMITATE_UP_FDR05"	224	"CCND2"
"PENGWINKLER_PALMITATE_UP_FDR05"	225	"TACC1"
"PENGWINKLER_PALMITATE_UP_FDR05"	226	"RAB11FIP5"
"PENGWINKLER_PALMITATE_UP_FDR05"	227	"RNF128"
"PENGWINKLER_PALMITATE_UP_FDR05"	228	"TCF7"
"PENGWINKLER_PALMITATE_UP_FDR05"	229	"DACH1"
"PENGWINKLER_PALMITATE_UP_FDR05"	230	"SLFN9"
"PENGWINKLER_PALMITATE_UP_FDR05"	231	"ZFP985"
"PENGWINKLER_PALMITATE_UP_FDR05"	232	"CDC25B"
"PENGWINKLER_PALMITATE_UP_FDR05"	233	"SLC7A6"
"PENGWINKLER_PALMITATE_UP_FDR05"	234	"SH3D19"
"PENGWINKLER_PALMITATE_UP_FDR05"	235	"UBXN2A"
"PENGWINKLER_PALMITATE_UP_FDR05"	236	"CAPRIN1"
"PENGWINKLER_PALMITATE_UP_FDR05"	237	"INPP5J"
"PENGWINKLER_PALMITATE_UP_FDR05"	238	"CCND1"
"PENGWINKLER_PALMITATE_UP_FDR05"	239	"RAB8A"
"PENGWINKLER_PALMITATE_UP_FDR05"	240	"TNS1"
"PENGWINKLER_PALMITATE_UP_FDR05"	241	"SLC39A13"
"PENGWINKLER_PALMITATE_UP_FDR05"	242	"DGAT2"
"PENGWINKLER_PALMITATE_UP_FDR05"	243	"GPR161"
"PENGWINKLER_PALMITATE_UP_FDR05"	244	"LBH"
"PENGWINKLER_PALMITATE_UP_FDR05"	245	"HNRNPAB"
"PENGWINKLER_PALMITATE_UP_FDR05"	246	"SELENOM"
"PENGWINKLER_PALMITATE_UP_FDR05"	247	"BMI1"
"PENGWINKLER_PALMITATE_UP_FDR05"	248	"CHAC1"
"PENGWINKLER_PALMITATE_UP_FDR05"	249	"PALM3"
"PENGWINKLER_PALMITATE_UP_FDR05"	250	"TCP11L1"
"PENGWINKLER_PALMITATE_UP_FDR05"	251	"UFSP2"
"PENGWINKLER_PALMITATE_UP_FDR05"	252	"DCLK1"
"PENGWINKLER_PALMITATE_UP_FDR05"	253	"TRIM2"
"PENGWINKLER_PALMITATE_UP_FDR05"	254	"DLX3"
"PENGWINKLER_PALMITATE_UP_FDR05"	255	"ERI1"
"PENGWINKLER_PALMITATE_UP_FDR05"	256	"KRBA1"
"PENGWINKLER_PALMITATE_UP_FDR05"	257	"LSM4"
"PENGWINKLER_PALMITATE_UP_FDR05"	258	"ID3"
"PENGWINKLER_PALMITATE_UP_FDR05"	259	"NT5C3B"
"PENGWINKLER_PALMITATE_UP_FDR05"	260	"MTCH1"
"PENGWINKLER_PALMITATE_UP_FDR05"	261	"MTCL1"
"PENGWINKLER_PALMITATE_UP_FDR05"	262	"PTP4A3"
"PENGWINKLER_PALMITATE_UP_FDR05"	263	"GSS"
"PENGWINKLER_PALMITATE_UP_FDR05"	264	"SLC25A20"
"PENGWINKLER_PALMITATE_UP_FDR05"	265	"TPI1"
"PENGWINKLER_PALMITATE_UP_FDR05"	266	"ADAM9"
"PENGWINKLER_PALMITATE_UP_FDR05"	267	"QSER1"
"PENGWINKLER_PALMITATE_UP_FDR05"	268	"PLCL2"
"PENGWINKLER_PALMITATE_UP_FDR05"	269	"CKAP5"
"PENGWINKLER_PALMITATE_UP_FDR05"	270	"DYNC1H1"
"PENGWINKLER_PALMITATE_UP_FDR05"	271	"KLF11"
"PENGWINKLER_PALMITATE_UP_FDR05"	272	"SH2D4A"
"PENGWINKLER_PALMITATE_UP_FDR05"	273	"USH1G"
"PENGWINKLER_PALMITATE_UP_FDR05"	274	"DEF6"
"PENGWINKLER_PALMITATE_UP_FDR05"	275	"ACSBG1"
"PENGWINKLER_PALMITATE_UP_FDR05"	276	"HECTD1"
"PENGWINKLER_PALMITATE_UP_FDR05"	277	"TRIM44"
"PENGWINKLER_PALMITATE_UP_FDR05"	278	"SGK3"
"PENGWINKLER_PALMITATE_UP_FDR05"	279	"COMMD3"
"PENGWINKLER_PALMITATE_UP_FDR05"	280	"PRKD3"
"PENGWINKLER_PALMITATE_UP_FDR05"	281	"MAK16"
"PENGWINKLER_PALMITATE_UP_FDR05"	282	"FNDC4"
"PENGWINKLER_PALMITATE_UP_FDR05"	283	"SEPTIN9"
"PENGWINKLER_PALMITATE_UP_FDR05"	284	"ACAA2"
"PENGWINKLER_PALMITATE_UP_FDR05"	285	"UBE2Z"
"PENGWINKLER_PALMITATE_UP_FDR05"	286	"GPT2"
"PENGWINKLER_PALMITATE_UP_FDR05"	287	"TUBB3"
"PENGWINKLER_PALMITATE_UP_FDR05"	288	"CDC42BPB"
"PENGWINKLER_PALMITATE_UP_FDR05"	289	"SLC23A4"
"PENGWINKLER_PALMITATE_UP_FDR05"	290	"L1CAM"
"PENGWINKLER_PALMITATE_UP_FDR05"	291	"VCL"
"PENGWINKLER_PALMITATE_UP_FDR05"	292	"ACLY"
"PENGWINKLER_PALMITATE_UP_FDR05"	293	"ANXA6"
"PENGWINKLER_PALMITATE_UP_FDR05"	294	"GPR153"
"PENGWINKLER_PALMITATE_UP_FDR05"	295	"TMX1"
"PENGWINKLER_PALMITATE_UP_FDR05"	296	"SF3B3"
"PENGWINKLER_PALMITATE_UP_FDR05"	297	"API5"
"PENGWINKLER_PALMITATE_UP_FDR05"	298	"ING2"
"PENGWINKLER_PALMITATE_UP_FDR05"	299	"SLC1A4"
"PENGWINKLER_PALMITATE_UP_FDR05"	300	"EIF4G3"
"PENGWINKLER_PALMITATE_UP_FDR05"	301	"KPNA2"
"PENGWINKLER_PALMITATE_UP_FDR05"	302	"SLCO2A1"
"PENGWINKLER_PALMITATE_UP_FDR05"	303	"CDKN1A"
"PENGWINKLER_PALMITATE_UP_FDR05"	304	"FAM171A2"
"PENGWINKLER_PALMITATE_UP_FDR05"	305	"TGFB3"
"PENGWINKLER_PALMITATE_UP_FDR05"	306	"ENPP5"
"PENGWINKLER_PALMITATE_UP_FDR05"	307	"SMC6"
"PENGWINKLER_PALMITATE_UP_FDR05"	308	"HOXB9"
"PENGWINKLER_PALMITATE_UP_FDR05"	309	"UPF1"
"PENGWINKLER_PALMITATE_UP_FDR05"	310	"LAMP1"
"PENGWINKLER_PALMITATE_UP_FDR05"	311	"ASF1B"
"PENGWINKLER_PALMITATE_UP_FDR05"	312	"DDX1"
"PENGWINKLER_PALMITATE_UP_FDR05"	313	"ANKRD13B"
"PENGWINKLER_PALMITATE_UP_FDR05"	314	"MAPK12"
"PENGWINKLER_PALMITATE_UP_FDR05"	315	"DYNLL2"
"PENGWINKLER_PALMITATE_UP_FDR05"	316	"CALR"
"PENGWINKLER_PALMITATE_UP_FDR05"	317	"TIAM1"
"PENGWINKLER_PALMITATE_UP_FDR05"	318	"AKT1"
"PENGWINKLER_PALMITATE_UP_FDR05"	319	"FHOD3"
"PENGWINKLER_PALMITATE_UP_FDR05"	320	"EMP2"
"PENGWINKLER_PALMITATE_UP_FDR05"	321	"EIF5A"
"PENGWINKLER_PALMITATE_UP_FDR05"	322	"HELLS"
"PENGWINKLER_PALMITATE_UP_FDR05"	323	"PSME4"
"PENGWINKLER_PALMITATE_UP_FDR05"	324	"BRCA1"
"PENGWINKLER_PALMITATE_UP_FDR05"	325	"SLC22A17"
"PENGWINKLER_PALMITATE_UP_FDR05"	326	"GARS"
"PENGWINKLER_PALMITATE_UP_FDR05"	327	"HSPA9"
"PENGWINKLER_PALMITATE_UP_FDR05"	328	"IL33"
"PENGWINKLER_PALMITATE_UP_FDR05"	329	"ZFP422"
"PENGWINKLER_PALMITATE_UP_FDR05"	330	"DSE"
"PENGWINKLER_PALMITATE_UP_FDR05"	331	"RGS11"
"PENGWINKLER_PALMITATE_UP_FDR05"	332	"TRPM7"
"PENGWINKLER_PALMITATE_UP_FDR05"	333	"CAT"
"PENGWINKLER_PALMITATE_UP_FDR05"	334	"COPS2"
"PENGWINKLER_PALMITATE_UP_FDR05"	335	"CSNK1A1"
"PENGWINKLER_PALMITATE_UP_FDR05"	336	"MISP3"
"PENGWINKLER_PALMITATE_UP_FDR05"	337	"KAT6A"
"PENGWINKLER_PALMITATE_UP_FDR05"	338	"ARHGEF18"
"PENGWINKLER_PALMITATE_UP_FDR05"	339	"TOGARAM1"
"PENGWINKLER_PALMITATE_UP_FDR05"	340	"CKAP2L"
"PENGWINKLER_PALMITATE_UP_FDR05"	341	"PUM2"
"PENGWINKLER_PALMITATE_UP_FDR05"	342	"CPSF2"
"PENGWINKLER_PALMITATE_UP_FDR05"	343	"SMARCA5"
"PENGWINKLER_PALMITATE_UP_FDR05"	344	"ME1"
"PENGWINKLER_PALMITATE_UP_FDR05"	345	"RAD51"
"PENGWINKLER_PALMITATE_UP_FDR05"	346	"FKBP1A"
"PENGWINKLER_PALMITATE_UP_FDR05"	347	"ARTN"
"PENGWINKLER_PALMITATE_UP_FDR05"	348	"PRIMPOL"
"PENGWINKLER_PALMITATE_UP_FDR05"	349	"ASAH1"
"PENGWINKLER_PALMITATE_UP_FDR05"	350	"PLXNB2"
"PENGWINKLER_PALMITATE_UP_FDR05"	351	"KDM5C"
"PENGWINKLER_PALMITATE_UP_FDR05"	352	"IFRD1"
"PENGWINKLER_PALMITATE_UP_FDR05"	353	"RIPOR1"
"PENGWINKLER_PALMITATE_UP_FDR05"	354	"AP2B1"
"PENGWINKLER_PALMITATE_UP_FDR05"	355	"KCTD17"
"PENGWINKLER_PALMITATE_UP_FDR05"	356	"SRGAP3"
"PENGWINKLER_PALMITATE_UP_FDR05"	357	"TRPV4"
"PENGWINKLER_PALMITATE_UP_FDR05"	358	"ACTG1"
"PENGWINKLER_PALMITATE_UP_FDR05"	359	"OCIAD2"
"PENGWINKLER_PALMITATE_UP_FDR05"	360	"LGALSL"
"PENGWINKLER_PALMITATE_UP_FDR05"	361	"BPTF"
"PENGWINKLER_PALMITATE_UP_FDR05"	362	"FANCM"
"PENGWINKLER_PALMITATE_UP_FDR05"	363	"SPAG9"
"PENGWINKLER_PALMITATE_UP_FDR05"	364	"ATP5B"
"PENGWINKLER_PALMITATE_UP_FDR05"	365	"SLC25A5"
"PENGWINKLER_PALMITATE_UP_FDR05"	366	"ALDH18A1"
"PENGWINKLER_PALMITATE_UP_FDR05"	367	"ADGRL1"
"PENGWINKLER_PALMITATE_UP_FDR05"	368	"TUBA4A"
"PENGWINKLER_PALMITATE_UP_FDR05"	369	"TAOK1"
"PENGWINKLER_PALMITATE_UP_FDR05"	370	"BTBD7"
"PENGWINKLER_PALMITATE_UP_FDR05"	371	"NDRG2"
"PENGWINKLER_PALMITATE_UP_FDR05"	372	"DUSP1"
"PENGWINKLER_PALMITATE_UP_FDR05"	373	"KIF1C"
"PENGWINKLER_PALMITATE_UP_FDR05"	374	"MAPK8IP1"
"PENGWINKLER_PALMITATE_UP_FDR05"	375	"MT-CO1"
"PENGWINKLER_PALMITATE_UP_FDR05"	376	"LTK"
"PENGWINKLER_PALMITATE_UP_FDR05"	377	"SHROOM3"
"PENGWINKLER_PALMITATE_UP_FDR05"	378	"PALMD"
"PENGWINKLER_PALMITATE_UP_FDR05"	379	"SNRPB"
"PENGWINKLER_PALMITATE_UP_FDR05"	380	"GATM"
"PENGWINKLER_PALMITATE_UP_FDR05"	381	"CDKN2AIP"
"PENGWINKLER_PALMITATE_UP_FDR05"	382	"STOM"
"PENGWINKLER_PALMITATE_UP_FDR05"	383	"GIT1"
"PENGWINKLER_PALMITATE_UP_FDR05"	384	"RPL19"
"PENGWINKLER_PALMITATE_UP_FDR05"	385	"ADCY3"
"PENGWINKLER_PALMITATE_UP_FDR05"	386	"KRT19"
"PENGWINKLER_PALMITATE_UP_FDR05"	387	"SPP1"
"PENGWINKLER_PALMITATE_UP_FDR05"	388	"ARFGAP2"
"PENGWINKLER_PALMITATE_UP_FDR05"	389	"NPR1"
"PENGWINKLER_PALMITATE_UP_FDR05"	390	"COL4A1"
"PENGWINKLER_PALMITATE_UP_FDR05"	391	"RALY"
"PENGWINKLER_PALMITATE_UP_FDR05"	392	"CCDC47"
"PENGWINKLER_PALMITATE_UP_FDR05"	393	"SNX25"
"PENGWINKLER_PALMITATE_UP_FDR05"	394	"CCNG1"
"PENGWINKLER_PALMITATE_UP_FDR05"	395	"UQCR10"
"PENGWINKLER_PALMITATE_UP_FDR05"	396	"CKAP2"
"PENGWINKLER_PALMITATE_UP_FDR05"	397	"PPP2CA"
"PENGWINKLER_PALMITATE_UP_FDR05"	398	"AKR1B3"
"PENGWINKLER_PALMITATE_UP_FDR05"	399	"OTUD4"
"PENGWINKLER_PALMITATE_UP_FDR05"	400	"CLIC5"
"PENGWINKLER_PALMITATE_UP_FDR05"	401	"PROCR"
"PENGWINKLER_PALMITATE_UP_FDR05"	402	"NRP2"
"PENGWINKLER_PALMITATE_UP_FDR05"	403	"KAT14"
"PENGWINKLER_PALMITATE_UP_FDR05"	404	"ETFDH"
"PENGWINKLER_PALMITATE_UP_FDR05"	405	"KLF10"
"PENGWINKLER_PALMITATE_UP_FDR05"	406	"SHISA7"
"PENGWINKLER_PALMITATE_UP_FDR05"	407	"MAP4K5"
"PENGWINKLER_PALMITATE_UP_FDR05"	408	"ENO2"
"PENGWINKLER_PALMITATE_UP_FDR05"	409	"STAT5A"
"PENGWINKLER_PALMITATE_UP_FDR05"	410	"EIF5"
"PENGWINKLER_PALMITATE_UP_FDR05"	411	"MORF4L2"
"PENGWINKLER_PALMITATE_UP_FDR05"	412	"CDC27"
"PENGWINKLER_PALMITATE_UP_FDR05"	413	"KAT2A"
"PENGWINKLER_PALMITATE_UP_FDR05"	414	"ELK3"
"PENGWINKLER_PALMITATE_UP_FDR05"	415	"MINK1"
"PENGWINKLER_PALMITATE_UP_FDR05"	416	"RAB10"
"PENGWINKLER_PALMITATE_UP_FDR05"	417	"MTSS2"
"PENGWINKLER_PALMITATE_UP_FDR05"	418	"CEP170B"
"PENGWINKLER_PALMITATE_UP_FDR05"	419	"RASSF10"
"PENGWINKLER_PALMITATE_UP_FDR05"	420	"IGFBP3"
"PENGWINKLER_PALMITATE_UP_FDR05"	421	"ATF4"
"PENGWINKLER_PALMITATE_UP_FDR05"	422	"CD24A"
"PENGWINKLER_PALMITATE_UP_FDR05"	423	"COX4I1"
"PENGWINKLER_PALMITATE_UP_FDR05"	424	"A730017L22RIK"
"PENGWINKLER_PALMITATE_UP_FDR05"	425	"CENPB"
"PENGWINKLER_PALMITATE_UP_FDR05"	426	"2610507B11RIK"
"PENGWINKLER_PALMITATE_UP_FDR05"	427	"PRRG4"
"PENGWINKLER_PALMITATE_UP_FDR05"	428	"GOLGA7"
"PENGWINKLER_PALMITATE_UP_FDR05"	429	"PAPOLA"
"PENGWINKLER_PALMITATE_UP_FDR05"	430	"PPM1A"
"PENGWINKLER_PALMITATE_UP_FDR05"	431	"SYNE2"
"PENGWINKLER_PALMITATE_UP_FDR05"	432	"TCF19"
"PENGWINKLER_PALMITATE_UP_FDR05"	433	"EOMES"
"PENGWINKLER_PALMITATE_UP_FDR05"	434	"TIMP1"
"PENGWINKLER_PALMITATE_UP_FDR05"	435	"GPR87"
"PENGWINKLER_PALMITATE_UP_FDR05"	436	"GJA1"
"PENGWINKLER_PALMITATE_UP_FDR05"	437	"YKT6"
"PENGWINKLER_PALMITATE_UP_FDR05"	438	"ARHGEF7"
"PENGWINKLER_PALMITATE_UP_FDR05"	439	"GPX2"
"PENGWINKLER_PALMITATE_UP_FDR05"	440	"OGDH"
"PENGWINKLER_PALMITATE_UP_FDR05"	441	"BCAT1"
"PENGWINKLER_PALMITATE_UP_FDR05"	442	"B3GLCT"
"PENGWINKLER_PALMITATE_UP_FDR05"	443	"PBX1"
"PENGWINKLER_PALMITATE_UP_FDR05"	444	"ACACB"
"PENGWINKLER_PALMITATE_UP_FDR05"	445	"ENTPD5"
"PENGWINKLER_PALMITATE_UP_FDR05"	446	"ITGA7"
"PENGWINKLER_PALMITATE_UP_FDR05"	447	"PSME3"
"PENGWINKLER_PALMITATE_UP_FDR05"	448	"TSC22D1"
"PENGWINKLER_PALMITATE_UP_FDR05"	449	"GLTP"
"PENGWINKLER_PALMITATE_UP_FDR05"	450	"ATP6V0A1"
"PENGWINKLER_PALMITATE_UP_FDR05"	451	"DEF8"
"PENGWINKLER_PALMITATE_UP_FDR05"	452	"BECN1"
"PENGWINKLER_PALMITATE_UP_FDR05"	453	"MRPL45"
"PENGWINKLER_PALMITATE_UP_FDR05"	454	"PCM1"
"PENGWINKLER_PALMITATE_UP_FDR05"	455	"JDP2"
"PENGWINKLER_PALMITATE_UP_FDR05"	456	"FANCA"
"PENGWINKLER_PALMITATE_UP_FDR05"	457	"DHRS7"
"PENGWINKLER_PALMITATE_UP_FDR05"	458	"ONECUT2"
"PENGWINKLER_PALMITATE_UP_FDR05"	459	"DLST"
"PENGWINKLER_PALMITATE_UP_FDR05"	460	"MYO9B"
"PENGWINKLER_PALMITATE_UP_FDR05"	461	"PEA15A"
"PENGWINKLER_PALMITATE_UP_FDR05"	462	"PAX6"
"PENGWINKLER_PALMITATE_UP_FDR05"	463	"KLHL2"
"PENGWINKLER_PALMITATE_UP_FDR05"	464	"FBXO2"
"PENGWINKLER_PALMITATE_UP_FDR05"	465	"HELZ"
"PENGWINKLER_PALMITATE_UP_FDR05"	466	"SNF8"
"PENGWINKLER_PALMITATE_UP_FDR05"	467	"WBP1L"
"PENGWINKLER_PALMITATE_UP_FDR05"	468	"MAP7"
"PENGWINKLER_PALMITATE_UP_FDR05"	469	"BLMH"
"PENGWINKLER_PALMITATE_UP_FDR05"	470	"KITL"
"PENGWINKLER_PALMITATE_UP_FDR05"	471	"HSPH1"
"PENGWINKLER_PALMITATE_UP_FDR05"	472	"ANKRD11"
"PENGWINKLER_PALMITATE_UP_FDR05"	473	"MTMR7"
"PENGWINKLER_PALMITATE_UP_FDR05"	474	"GM49336"
"PENGWINKLER_PALMITATE_UP_FDR05"	475	"TMEM127"
"PENGWINKLER_PALMITATE_UP_FDR05"	476	"POU6F1"
"PENGWINKLER_PALMITATE_UP_FDR05"	477	"FMN1"
"PENGWINKLER_PALMITATE_UP_FDR05"	478	"PTK2B"
"PENGWINKLER_PALMITATE_UP_FDR05"	479	"SUZ12"
"PENGWINKLER_PALMITATE_UP_FDR05"	480	"ATP5MPL"
"PENGWINKLER_PALMITATE_UP_FDR05"	481	"ATG7"
"PENGWINKLER_PALMITATE_UP_FDR05"	482	"CCDC34"
"PENGWINKLER_PALMITATE_UP_FDR05"	483	"TMSB4X"
"PENGWINKLER_PALMITATE_UP_FDR05"	484	"EIF4EBP1"
"PENGWINKLER_PALMITATE_UP_FDR05"	485	"ITCH"
"PENGWINKLER_PALMITATE_UP_FDR05"	486	"FKBP8"
"PENGWINKLER_PALMITATE_UP_FDR05"	487	"VAV1"
"PENGWINKLER_PALMITATE_UP_FDR05"	488	"LDAH"
"PENGWINKLER_PALMITATE_UP_FDR05"	489	"CDS1"
"PENGWINKLER_PALMITATE_UP_FDR05"	490	"DDX24"
"PENGWINKLER_PALMITATE_UP_FDR05"	491	"RASSF2"
"PENGWINKLER_PALMITATE_UP_FDR05"	492	"CAVIN1"
"PENGWINKLER_PALMITATE_UP_FDR05"	493	"PGD"
"PENGWINKLER_PALMITATE_UP_FDR05"	494	"RPA1"
"PENGWINKLER_PALMITATE_UP_FDR05"	495	"SLC16A1"
"PENGWINKLER_PALMITATE_UP_FDR05"	496	"MARK3"
"PENGWINKLER_PALMITATE_UP_FDR05"	497	"TOPBP1"
"PENGWINKLER_PALMITATE_UP_FDR05"	498	"DCAF5"
"PENGWINKLER_PALMITATE_UP_FDR05"	499	"BUB1B"
"PENGWINKLER_PALMITATE_UP_FDR05"	500	"ATP5H"
"PENGWINKLER_PALMITATE_UP_FDR05"	501	"MCM3"
"PENGWINKLER_PALMITATE_UP_FDR05"	502	"SLCO1A5"
"PENGWINKLER_PALMITATE_UP_FDR05"	503	"ZFP277"
"PENGWINKLER_PALMITATE_UP_FDR05"	504	"PPIP5K1"
"PENGWINKLER_PALMITATE_UP_FDR05"	505	"ATXN10"
"PENGWINKLER_PALMITATE_UP_FDR05"	506	"BCL11B"
"PENGWINKLER_PALMITATE_UP_FDR05"	507	"PPARGC1A"
"PENGWINKLER_PALMITATE_UP_FDR05"	508	"HS3ST3B1"
"PENGWINKLER_PALMITATE_UP_FDR05"	509	"DYNAP"
"PENGWINKLER_PALMITATE_UP_FDR05"	510	"TNK1"
"PENGWINKLER_PALMITATE_UP_FDR05"	511	"ELAC2"
"PENGWINKLER_PALMITATE_UP_FDR05"	512	"CHMP1A"
"PENGWINKLER_PALMITATE_UP_FDR05"	513	"NOTUM"
"PENGWINKLER_PALMITATE_UP_FDR05"	514	"ROR2"
"PENGWINKLER_PALMITATE_UP_FDR05"	515	"ARL14EP"
"PENGWINKLER_PALMITATE_UP_FDR05"	516	"IRF2"
"PENGWINKLER_PALMITATE_UP_FDR05"	517	"CEP250"
"PENGWINKLER_PALMITATE_UP_FDR05"	518	"MRPL10"
"PENGWINKLER_PALMITATE_UP_FDR05"	519	"STK35"
"PENGWINKLER_PALMITATE_UP_FDR05"	520	"TDRP"
"PENGWINKLER_PALMITATE_UP_FDR05"	521	"DUSP3"
"PENGWINKLER_PALMITATE_UP_FDR05"	522	"DDB2"
"PENGWINKLER_PALMITATE_UP_FDR05"	523	"APLP1"
"PENGWINKLER_PALMITATE_UP_FDR05"	524	"RNF157"
"PENGWINKLER_PALMITATE_UP_FDR05"	525	"MLLT6"
"PENGWINKLER_PALMITATE_UP_FDR05"	526	"ITPRIP"
"PENGWINKLER_PALMITATE_UP_FDR05"	527	"CENPM"
"PENGWINKLER_PALMITATE_UP_FDR05"	528	"SERPINB11"
"PENGWINKLER_PALMITATE_UP_FDR05"	529	"PSMD12"
"PENGWINKLER_PALMITATE_UP_FDR05"	530	"ARHGAP44"
"PENGWINKLER_PALMITATE_UP_FDR05"	531	"TRAF6"
"PENGWINKLER_PALMITATE_UP_FDR05"	532	"LRP4"
"PENGWINKLER_PALMITATE_UP_FDR05"	533	"CELSR2"
"PENGWINKLER_PALMITATE_UP_FDR05"	534	"ADGRG5"
"PENGWINKLER_PALMITATE_UP_FDR05"	535	"CLDN6"
"PENGWINKLER_PALMITATE_UP_FDR05"	536	"KIF18A"
"PENGWINKLER_PALMITATE_UP_FDR05"	537	"ARHGAP10"
"PENGWINKLER_PALMITATE_UP_FDR05"	538	"PPIL1"
"PENGWINKLER_PALMITATE_UP_FDR05"	539	"ERLIN2"
"PENGWINKLER_PALMITATE_UP_FDR05"	540	"SMURF1"
"PENGWINKLER_PALMITATE_UP_FDR05"	541	"AMMECR1"
"PENGWINKLER_PALMITATE_UP_FDR05"	542	"EMC7"
"PENGWINKLER_PALMITATE_UP_FDR05"	543	"NRIP1"
"PENGWINKLER_PALMITATE_UP_FDR05"	544	"TRMT6"
"PENGWINKLER_PALMITATE_UP_FDR05"	545	"MKI67"
"PENGWINKLER_PALMITATE_UP_FDR05"	546	"DNAJC7"
"PENGWINKLER_PALMITATE_UP_FDR05"	547	"MMP28"
"PENGWINKLER_PALMITATE_UP_FDR05"	548	"LRRC59"
"PENGWINKLER_PALMITATE_UP_FDR05"	549	"ZMIZ2"
"PENGWINKLER_PALMITATE_UP_FDR05"	550	"VDAC3"
"PENGWINKLER_PALMITATE_UP_FDR05"	551	"FADS6"
"PENGWINKLER_PALMITATE_UP_FDR05"	552	"GDF11"
"PENGWINKLER_PALMITATE_UP_FDR05"	553	"NKD1"
"PENGWINKLER_PALMITATE_UP_FDR05"	554	"ABHD8"
"PENGWINKLER_PALMITATE_UP_FDR05"	555	"SHFL"
"PENGWINKLER_PALMITATE_UP_FDR05"	556	"FNTA"
"PENGWINKLER_PALMITATE_UP_FDR05"	557	"STARD7"
"PENGWINKLER_PALMITATE_UP_FDR05"	558	"PPP4R3A"
"PENGWINKLER_PALMITATE_UP_FDR05"	559	"AGFG1"
"PENGWINKLER_PALMITATE_UP_FDR05"	560	"ZC3H14"
"PENGWINKLER_PALMITATE_UP_FDR05"	561	"ME2"
"PENGWINKLER_PALMITATE_UP_FDR05"	562	"AQP3"
"PENGWINKLER_PALMITATE_UP_FDR05"	563	"DTNA"
"PENGWINKLER_PALMITATE_UP_FDR05"	564	"EIF3M"
"PENGWINKLER_PALMITATE_UP_FDR05"	565	"ENO3"
"PENGWINKLER_PALMITATE_UP_FDR05"	566	"PGS1"
"PENGWINKLER_PALMITATE_UP_FDR05"	567	"MYBL2"
"PENGWINKLER_PALMITATE_UP_FDR05"	568	"CDC6"
"PENGWINKLER_PALMITATE_UP_FDR05"	569	"MAMLD1"
"PENGWINKLER_PALMITATE_UP_FDR05"	570	"NPM1"
"PENGWINKLER_PALMITATE_UP_FDR05"	571	"MAP1A"
"PENGWINKLER_PALMITATE_UP_FDR05"	572	"SMG5"
"PENGWINKLER_PALMITATE_UP_FDR05"	573	"MCM8"
"PENGWINKLER_PALMITATE_UP_FDR05"	574	"FAM135A"
"PENGWINKLER_PALMITATE_UP_FDR05"	575	"TPX2"
"PENGWINKLER_PALMITATE_UP_FDR05"	576	"TAP2"
"PENGWINKLER_PALMITATE_UP_FDR05"	577	"MLLT10"
"PENGWINKLER_PALMITATE_UP_FDR05"	578	"ALDH5A1"
"PENGWINKLER_PALMITATE_UP_FDR05"	579	"LDLRAD3"
"PENGWINKLER_PALMITATE_UP_FDR05"	580	"COL6A1"
"PENGWINKLER_PALMITATE_UP_FDR05"	581	"SMCR8"
"PENGWINKLER_PALMITATE_UP_FDR05"	582	"ZCCHC14"
"PENGWINKLER_PALMITATE_UP_FDR05"	583	"SYCE2"
"PENGWINKLER_PALMITATE_UP_FDR05"	584	"NBEAL2"
"PENGWINKLER_PALMITATE_UP_FDR05"	585	"CENPU"
"PENGWINKLER_PALMITATE_UP_FDR05"	586	"KLF8"
"PENGWINKLER_PALMITATE_UP_FDR05"	587	"WDR45B"
"PENGWINKLER_PALMITATE_UP_FDR05"	588	"PES1"
"PENGWINKLER_PALMITATE_UP_FDR05"	589	"GCLM"
"PENGWINKLER_PALMITATE_UP_FDR05"	590	"DOK4"
"PENGWINKLER_PALMITATE_UP_FDR05"	591	"TUBGCP3"
"PENGWINKLER_PALMITATE_UP_FDR05"	592	"S100A14"
"PENGWINKLER_PALMITATE_UP_FDR05"	593	"LNX1"
"PENGWINKLER_PALMITATE_UP_FDR05"	594	"PPP2CB"
"PENGWINKLER_PALMITATE_UP_FDR05"	595	"SCD1"
"PENGWINKLER_PALMITATE_UP_FDR05"	596	"ETAA1"
"PENGWINKLER_PALMITATE_UP_FDR05"	597	"TYRO3"
"PENGWINKLER_PALMITATE_UP_FDR05"	598	"TCF25"
"PENGWINKLER_PALMITATE_UP_FDR05"	599	"SENP3"
"PENGWINKLER_PALMITATE_UP_FDR05"	600	"EIF2S1"
"PENGWINKLER_PALMITATE_UP_FDR05"	601	"LIN7C"
"PENGWINKLER_PALMITATE_UP_FDR05"	602	"PFN1"
"PENGWINKLER_PALMITATE_UP_FDR05"	603	"DLD"
"PENGWINKLER_PALMITATE_UP_FDR05"	604	"MEIS3"
"PENGWINKLER_PALMITATE_UP_FDR05"	605	"MIA2"
"PENGWINKLER_PALMITATE_UP_FDR05"	606	"MCM2"
"PENGWINKLER_PALMITATE_UP_FDR05"	607	"CDH3"
"PENGWINKLER_PALMITATE_UP_FDR05"	608	"NCOA6"
"PENGWINKLER_PALMITATE_UP_FDR05"	609	"CUL4A"
"PENGWINKLER_PALMITATE_UP_FDR05"	610	"KRT23"
"PENGWINKLER_PALMITATE_UP_FDR05"	611	"BNIP3"
"PENGWINKLER_PALMITATE_UP_FDR05"	612	"PIGS"
"PENGWINKLER_PALMITATE_UP_FDR05"	613	"ASAP2"
"PENGWINKLER_PALMITATE_UP_FDR05"	614	"HNRNPH1"
"PENGWINKLER_PALMITATE_UP_FDR05"	615	"SEC14L2"
"PENGWINKLER_PALMITATE_UP_FDR05"	616	"EIF4A1"
"PENGWINKLER_PALMITATE_UP_FDR05"	617	"L3MBTL2"
"PENGWINKLER_PALMITATE_UP_FDR05"	618	"FBXW11"
"PENGWINKLER_PALMITATE_UP_FDR05"	619	"RPS7"
"PENGWINKLER_PALMITATE_UP_FDR05"	620	"TMED8"
"PENGWINKLER_PALMITATE_UP_FDR05"	621	"MIOS"
"PENGWINKLER_PALMITATE_UP_FDR05"	622	"ARHGAP5"
"PENGWINKLER_PALMITATE_UP_FDR05"	623	"1810058I24RIK"
"PENGWINKLER_PALMITATE_UP_FDR05"	624	"POLR1D"
"PENGWINKLER_PALMITATE_UP_FDR05"	625	"PKM"
"PENGWINKLER_PALMITATE_UP_FDR05"	626	"SLC25A37"
"PENGWINKLER_PALMITATE_UP_FDR05"	627	"MTAP"
"PENGWINKLER_PALMITATE_UP_FDR05"	628	"E2F1"
"PENGWINKLER_PALMITATE_UP_FDR05"	629	"HAPLN4"
"PENGWINKLER_PALMITATE_UP_FDR05"	630	"MLLT1"
"PENGWINKLER_PALMITATE_UP_FDR05"	631	"KAT7"
"PENGWINKLER_PALMITATE_UP_FDR05"	632	"GEN1"
"PENGWINKLER_PALMITATE_UP_FDR05"	633	"ANGPTL2"
"PENGWINKLER_PALMITATE_UP_FDR05"	634	"2310022B05RIK"
"PENGWINKLER_PALMITATE_UP_FDR05"	635	"B3GNT3"
"PENGWINKLER_PALMITATE_UP_FDR05"	636	"WIPF1"
"PENGWINKLER_PALMITATE_UP_FDR05"	637	"SPTLC2"
"PENGWINKLER_PALMITATE_UP_FDR05"	638	"RAB5C"
"PENGWINKLER_PALMITATE_UP_FDR05"	639	"DTNB"
"PENGWINKLER_PALMITATE_UP_FDR05"	640	"DECR2"
"PENGWINKLER_PALMITATE_UP_FDR05"	641	"ARHGEF12"
"PENGWINKLER_PALMITATE_UP_FDR05"	642	"PTGR2"
"PENGWINKLER_PALMITATE_UP_FDR05"	643	"GPI1"
"PENGWINKLER_PALMITATE_UP_FDR05"	644	"PLEC"
"PENGWINKLER_PALMITATE_UP_FDR05"	645	"ABHD6"
"PENGWINKLER_PALMITATE_UP_FDR05"	646	"CHD7"
"PENGWINKLER_PALMITATE_UP_FDR05"	647	"MYO1D"
"PENGWINKLER_PALMITATE_UP_FDR05"	648	"TRAF3"
"PENGWINKLER_PALMITATE_UP_FDR05"	649	"CCNJL"
"PENGWINKLER_PALMITATE_UP_FDR05"	650	"ACOT2"
"PENGWINKLER_PALMITATE_UP_FDR05"	651	"EGFR"
"PENGWINKLER_PALMITATE_UP_FDR05"	652	"SIN3B"
"PENGWINKLER_PALMITATE_UP_FDR05"	653	"ISM1"
"PENGWINKLER_PALMITATE_UP_FDR05"	654	"LRRC8C"
"PENGWINKLER_PALMITATE_UP_FDR05"	655	"RFWD3"
"PENGWINKLER_PALMITATE_UP_FDR05"	656	"CTDSPL2"
"PENGWINKLER_PALMITATE_UP_FDR05"	657	"P3H4"
"PENGWINKLER_PALMITATE_UP_FDR05"	658	"SMARCD2"
"PENGWINKLER_PALMITATE_UP_FDR05"	659	"TNC"
"PENGWINKLER_PALMITATE_UP_FDR05"	660	"CIAO1"
"PENGWINKLER_PALMITATE_UP_FDR05"	661	"JPT1"
"PENGWINKLER_PALMITATE_UP_FDR05"	662	"EGLN1"
"PENGWINKLER_PALMITATE_UP_FDR05"	663	"OSBPL6"
"PENGWINKLER_PALMITATE_UP_FDR05"	664	"GOSR2"
"PENGWINKLER_PALMITATE_UP_FDR05"	665	"ENSMUSG00000120268"
"PENGWINKLER_PALMITATE_UP_FDR05"	666	"RALGAPA1"
"PENGWINKLER_PALMITATE_UP_FDR05"	667	"PRPSAP1"
"PENGWINKLER_PALMITATE_UP_FDR05"	668	"GALNT2"
"PENGWINKLER_PALMITATE_UP_FDR05"	669	"TMEM87A"
"PENGWINKLER_PALMITATE_UP_FDR05"	670	"CDT1"
"PENGWINKLER_PALMITATE_UP_FDR05"	671	"EIF2S2"
"PENGWINKLER_PALMITATE_UP_FDR05"	672	"PPP1R3B"
"PENGWINKLER_PALMITATE_UP_FDR05"	673	"SAMM50"
"PENGWINKLER_PALMITATE_UP_FDR05"	674	"USP34"
"PENGWINKLER_PALMITATE_UP_FDR05"	675	"EXT2"
"PENGWINKLER_PALMITATE_UP_FDR05"	676	"PRMT7"
"PENGWINKLER_PALMITATE_UP_FDR05"	677	"HUWE1"
"PENGWINKLER_PALMITATE_UP_FDR05"	678	"BIRC6"
"PENGWINKLER_PALMITATE_UP_FDR05"	679	"TBC1D1"
"PENGWINKLER_PALMITATE_UP_FDR05"	680	"RPL7L1"
"PENGWINKLER_PALMITATE_UP_FDR05"	681	"ASNS"
"PENGWINKLER_PALMITATE_UP_FDR05"	682	"SRSF2"
"PENGWINKLER_PALMITATE_UP_FDR05"	683	"SUCLG1"
"PENGWINKLER_PALMITATE_UP_FDR05"	684	"ZC3H18"
"PENGWINKLER_PALMITATE_UP_FDR05"	685	"TXN1"
"PENGWINKLER_PALMITATE_UP_FDR05"	686	"MED1"
"PENGWINKLER_PALMITATE_UP_FDR05"	687	"PLEKHG3"
"PENGWINKLER_PALMITATE_UP_FDR05"	688	"ANKRD34A"
"PENGWINKLER_PALMITATE_UP_FDR05"	689	"CNTNAP1"
"PENGWINKLER_PALMITATE_UP_FDR05"	690	"SDCBP2"
"PENGWINKLER_PALMITATE_UP_FDR05"	691	"NSD3"
"PENGWINKLER_PALMITATE_UP_FDR05"	692	"VTI1B"
"PENGWINKLER_PALMITATE_UP_FDR05"	693	"ZFP36L1"
"PENGWINKLER_PALMITATE_UP_FDR05"	694	"ANGEL1"
"PENGWINKLER_PALMITATE_UP_FDR05"	695	"TTLL5"
"PENGWINKLER_PALMITATE_UP_FDR05"	696	"ADAMTS1"
"PENGWINKLER_PALMITATE_UP_FDR05"	697	"HSPA1B"
"PENGWINKLER_PALMITATE_UP_FDR05"	698	"CIP2A"
"PENGWINKLER_PALMITATE_UP_FDR05"	699	"MTA1"
"PENGWINKLER_PALMITATE_UP_FDR05"	700	"PTK7"
"PENGWINKLER_PALMITATE_UP_FDR05"	701	"GNAS"
"PENGWINKLER_PALMITATE_UP_FDR05"	702	"NCAPH2"
"PENGWINKLER_PALMITATE_UP_FDR05"	703	"ATP2B4"
"PENGWINKLER_PALMITATE_UP_FDR05"	704	"SLC25A10"
"PENGWINKLER_PALMITATE_UP_FDR05"	705	"SNTB2"
"PENGWINKLER_PALMITATE_UP_FDR05"	706	"SLC39A14"
"PENGWINKLER_PALMITATE_UP_FDR05"	707	"ACSL1"
"PENGWINKLER_PALMITATE_UP_FDR05"	708	"RNF10"
"PENGWINKLER_PALMITATE_UP_FDR05"	709	"MSX1"
"PENGWINKLER_PALMITATE_UP_FDR05"	710	"TRIP11"
"PENGWINKLER_PALMITATE_UP_FDR05"	711	"NUDCD3"
"PENGWINKLER_PALMITATE_UP_FDR05"	712	"B4GALNT3"
"PENGWINKLER_PALMITATE_UP_FDR05"	713	"BRIP1"
"PENGWINKLER_PALMITATE_UP_FDR05"	714	"UGP2"
"PENGWINKLER_PALMITATE_UP_FDR05"	715	"VRK3"
"PENGWINKLER_PALMITATE_UP_FDR05"	716	"PSMD11"
"PENGWINKLER_PALMITATE_UP_FDR05"	717	"RANGAP1"
"PENGWINKLER_PALMITATE_UP_FDR05"	718	"ERG28"
"PENGWINKLER_PALMITATE_UP_FDR05"	719	"GINS3"
"PENGWINKLER_PALMITATE_UP_FDR05"	720	"EFR3B"
"PENGWINKLER_PALMITATE_UP_FDR05"	721	"NBL1"
"PENGWINKLER_PALMITATE_UP_FDR05"	722	"BOK"
"PENGWINKLER_PALMITATE_UP_FDR05"	723	"FAM222A"
"PENGWINKLER_PALMITATE_UP_FDR05"	724	"DNASE2A"
"PENGWINKLER_PALMITATE_UP_FDR05"	725	"DHRS1"
"PENGWINKLER_PALMITATE_UP_FDR05"	726	"HNF4A"
"PENGWINKLER_PALMITATE_UP_FDR05"	727	"ACO2"
"PENGWINKLER_PALMITATE_UP_FDR05"	728	"LIFR"
"PENGWINKLER_PALMITATE_UP_FDR05"	729	"BCL2L11"
"PENGWINKLER_PALMITATE_UP_FDR05"	730	"PSMD8"
"PENGWINKLER_PALMITATE_UP_FDR05"	731	"LGALS3"
"PENGWINKLER_PALMITATE_UP_FDR05"	732	"2810004N23RIK"
"PENGWINKLER_PALMITATE_UP_FDR05"	733	"MME"
"PENGWINKLER_PALMITATE_UP_FDR05"	734	"DSP"
"PENGWINKLER_PALMITATE_UP_FDR05"	735	"MEX3C"
"PENGWINKLER_PALMITATE_UP_FDR05"	736	"UBE2O"
"PENGWINKLER_PALMITATE_UP_FDR05"	737	"BMP6"
"PENGWINKLER_PALMITATE_UP_FDR05"	738	"FJX1"
"PENGWINKLER_PALMITATE_UP_FDR05"	739	"CHTF18"
"PENGWINKLER_PALMITATE_UP_FDR05"	740	"DICER1"
"PENGWINKLER_PALMITATE_UP_FDR05"	741	"TNPO2"
"PENGWINKLER_PALMITATE_UP_FDR05"	742	"FTSJ3"
"PENGWINKLER_PALMITATE_UP_FDR05"	743	"KRT6A"
"PENGWINKLER_PALMITATE_UP_FDR05"	744	"FOXM1"
"PENGWINKLER_PALMITATE_UP_FDR05"	745	"ZFHX3"
"PENGWINKLER_PALMITATE_UP_FDR05"	746	"RAB11FIP1"
"PENGWINKLER_PALMITATE_UP_FDR05"	747	"RPS29"
"PENGWINKLER_PALMITATE_UP_FDR05"	748	"PTHLH"
"PENGWINKLER_PALMITATE_UP_FDR05"	749	"NUP85"
"PENGWINKLER_PALMITATE_UP_FDR05"	750	"CASP4"
"PENGWINKLER_PALMITATE_UP_FDR05"	751	"RASA3"
"PENGWINKLER_PALMITATE_UP_FDR05"	752	"ADAP1"
"PENGWINKLER_PALMITATE_UP_FDR05"	753	"PFAS"
"PENGWINKLER_PALMITATE_UP_FDR05"	754	"E2F6"
"PENGWINKLER_PALMITATE_UP_FDR05"	755	"UBR1"
"PENGWINKLER_PALMITATE_UP_FDR05"	756	"MGAT2"
"PENGWINKLER_PALMITATE_UP_FDR05"	757	"KCNK6"
"PENGWINKLER_PALMITATE_UP_FDR05"	758	"CFH"
"PENGWINKLER_PALMITATE_UP_FDR05"	759	"TNFAIP1"
"PENGWINKLER_PALMITATE_UP_FDR05"	760	"NCOR1"
"PENGWINKLER_PALMITATE_UP_FDR05"	761	"RPAP1"
"PENGWINKLER_PALMITATE_UP_FDR05"	762	"TBRG4"
"PENGWINKLER_PALMITATE_UP_FDR05"	763	"NACC1"
"PENGWINKLER_PALMITATE_UP_FDR05"	764	"PARD3"
"PENGWINKLER_PALMITATE_UP_FDR05"	765	"VPS39"
"PENGWINKLER_PALMITATE_UP_FDR05"	766	"SPRED1"
"PENGWINKLER_PALMITATE_UP_FDR05"	767	"FKBP3"
"PENGWINKLER_PALMITATE_UP_FDR05"	768	"P3H2"
"PENGWINKLER_PALMITATE_UP_FDR05"	769	"NEURL1A"
"PENGWINKLER_PALMITATE_UP_FDR05"	770	"LPIN3"
"PENGWINKLER_PALMITATE_UP_FDR05"	771	"PSMC5"
"PENGWINKLER_PALMITATE_UP_FDR05"	772	"RPL23"
"PENGWINKLER_PALMITATE_UP_FDR05"	773	"ALG11"
"PENGWINKLER_PALMITATE_UP_FDR05"	774	"TAF15"
"PENGWINKLER_PALMITATE_UP_FDR05"	775	"ABR"
"PENGWINKLER_PALMITATE_UP_FDR05"	776	"CLCN5"
"PENGWINKLER_PALMITATE_UP_FDR05"	777	"RHOC"
"PENGWINKLER_PALMITATE_UP_FDR05"	778	"COX5B"
"PENGWINKLER_PALMITATE_UP_FDR05"	779	"YWHAE"
"PENGWINKLER_PALMITATE_UP_FDR05"	780	"6430548M08RIK"
"PENGWINKLER_PALMITATE_UP_FDR05"	781	"LASP1"
"PENGWINKLER_PALMITATE_UP_FDR05"	782	"INTS2"
"PENGWINKLER_PALMITATE_UP_FDR05"	783	"HSPA4"
"PENGWINKLER_PALMITATE_UP_FDR05"	784	"PAQR4"
"PENGWINKLER_PALMITATE_UP_FDR05"	785	"AFG3L1"
"PENGWINKLER_PALMITATE_UP_FDR05"	786	"RPL38"
"PENGWINKLER_PALMITATE_UP_FDR05"	787	"LIMS1"
"PENGWINKLER_PALMITATE_UP_FDR05"	788	"RBM7"
"PENGWINKLER_PALMITATE_UP_FDR05"	789	"SULF1"
"PENGWINKLER_PALMITATE_UP_FDR05"	790	"COX10"
"PENGWINKLER_PALMITATE_UP_FDR05"	791	"CD9"
"PENGWINKLER_PALMITATE_UP_FDR05"	792	"AP4E1"
"PENGWINKLER_PALMITATE_UP_FDR05"	793	"PLEKHM1"
"PENGWINKLER_PALMITATE_UP_FDR05"	794	"LRCH1"
"PENGWINKLER_PALMITATE_UP_FDR05"	795	"WNK4"
"PENGWINKLER_PALMITATE_UP_FDR05"	796	"STK10"
"PENGWINKLER_PALMITATE_UP_FDR05"	797	"DDRGK1"
"PENGWINKLER_PALMITATE_UP_FDR05"	798	"CYC1"
"PENGWINKLER_PALMITATE_UP_FDR05"	799	"SERPINB5"
"PENGWINKLER_PALMITATE_UP_FDR05"	800	"NR4A1"
"PENGWINKLER_PALMITATE_UP_FDR05"	801	"ZZEF1"
"PENGWINKLER_PALMITATE_UP_FDR05"	802	"ODC1"
"PENGWINKLER_PALMITATE_UP_FDR05"	803	"SMURF2"
"PENGWINKLER_PALMITATE_UP_FDR05"	804	"PNN"
"PENGWINKLER_PALMITATE_UP_FDR05"	805	"LLGL1"
"PENGWINKLER_PALMITATE_UP_FDR05"	806	"RNF43"
"PENGWINKLER_PALMITATE_UP_FDR05"	807	"NUSAP1"
"PENGWINKLER_PALMITATE_UP_FDR05"	808	"UBTF"
"PENGWINKLER_PALMITATE_UP_FDR05"	809	"SERPINB8"
"PENGWINKLER_PALMITATE_UP_FDR05"	810	"PDAP1"
"PENGWINKLER_PALMITATE_UP_FDR05"	811	"GPATCH2L"
"PENGWINKLER_PALMITATE_UP_FDR05"	812	"MCM6"
"PENGWINKLER_PALMITATE_UP_FDR05"	813	"MRPL12"
"PENGWINKLER_PALMITATE_UP_FDR05"	814	"EVPL"
"PENGWINKLER_PALMITATE_UP_FDR05"	815	"AFTPH"
"PENGWINKLER_PALMITATE_UP_FDR05"	816	"MRPS7"
"PENGWINKLER_PALMITATE_UP_FDR05"	817	"NAT10"
"PENGWINKLER_PALMITATE_UP_FDR05"	818	"GOLIM4"
"PENGWINKLER_PALMITATE_UP_FDR05"	819	"HTATIP2"
"PENGWINKLER_PALMITATE_UP_FDR05"	820	"CLCF1"
"PENGWINKLER_PALMITATE_UP_FDR05"	821	"MBNL1"
"PENGWINKLER_PALMITATE_UP_FDR05"	822	"VPS36"
"PENGWINKLER_PALMITATE_UP_FDR05"	823	"ERMP1"
"PENGWINKLER_PALMITATE_UP_FDR05"	824	"MRPL18"
"PENGWINKLER_PALMITATE_UP_FDR05"	825	"RAPH1"
"PENGWINKLER_PALMITATE_UP_FDR05"	826	"KANSL1"
"PENGWINKLER_PALMITATE_UP_FDR05"	827	"STXBP2"
"PENGWINKLER_PALMITATE_UP_FDR05"	828	"TMEM18"
"PENGWINKLER_PALMITATE_UP_FDR05"	829	"ABHD13"
"PENGWINKLER_PALMITATE_UP_FDR05"	830	"CCNDBP1"
"PENGWINKLER_PALMITATE_UP_FDR05"	831	"PGAM1"
"PENGWINKLER_PALMITATE_UP_FDR05"	832	"CHD3"
"PENGWINKLER_PALMITATE_UP_FDR05"	833	"ADAMTS7"
"PENGWINKLER_PALMITATE_UP_FDR05"	834	"ITGB8"
"PENGWINKLER_PALMITATE_UP_FDR05"	835	"MAST2"
"PENGWINKLER_PALMITATE_UP_FDR05"	836	"F3"
"PENGWINKLER_PALMITATE_UP_FDR05"	837	"PPP4R3B"
"PENGWINKLER_PALMITATE_UP_FDR05"	838	"SOX12"
"PENGWINKLER_PALMITATE_UP_FDR05"	839	"NDUFS3"
"PENGWINKLER_PALMITATE_UP_FDR05"	840	"NFE2L2"
"PENGWINKLER_PALMITATE_UP_FDR05"	841	"SEMA4F"
"PENGWINKLER_PALMITATE_UP_FDR05"	842	"CELF1"
"PENGWINKLER_PALMITATE_UP_FDR05"	843	"HEXIM1"
"PENGWINKLER_PALMITATE_UP_FDR05"	844	"EPS8"
"PENGWINKLER_PALMITATE_UP_FDR05"	845	"FAM167A"
"PENGWINKLER_PALMITATE_UP_FDR05"	846	"SERPINB7"
"PENGWINKLER_PALMITATE_UP_FDR05"	847	"NMT1"
"PENGWINKLER_PALMITATE_UP_FDR05"	848	"SEL1L"
"PENGWINKLER_PALMITATE_UP_FDR05"	849	"KLHDC2"
"PENGWINKLER_PALMITATE_UP_FDR05"	850	"ECI2"
"PENGWINKLER_PALMITATE_UP_FDR05"	851	"WDR76"
"PENGWINKLER_PALMITATE_UP_FDR05"	852	"NEK9"
"PENGWINKLER_PALMITATE_UP_FDR05"	853	"PCNX"
"PENGWINKLER_PALMITATE_UP_FDR05"	854	"ZFP652"
"PENGWINKLER_PALMITATE_UP_FDR05"	855	"CDS2"
"PENGWINKLER_PALMITATE_UP_FDR05"	856	"UPF3A"
"PENGWINKLER_PALMITATE_UP_FDR05"	857	"DCK"
"PENGWINKLER_PALMITATE_UP_FDR05"	858	"ZFP692"
"PENGWINKLER_PALMITATE_UP_FDR05"	859	"TRIO"
"PENGWINKLER_PALMITATE_UP_FDR05"	860	"DDHD2"
"PENGWINKLER_PALMITATE_UP_FDR05"	861	"SLC34A2"
"PENGWINKLER_PALMITATE_UP_FDR05"	862	"RECQL4"
"PENGWINKLER_PALMITATE_UP_FDR05"	863	"XPO7"
"PENGWINKLER_PALMITATE_UP_FDR05"	864	"CRIP2"
"PENGWINKLER_PALMITATE_UP_FDR05"	865	"RTN4"
"PENGWINKLER_PALMITATE_UP_FDR05"	866	"TIMM44"
"PENGWINKLER_PALMITATE_UP_FDR05"	867	"PSMC1"
"PENGWINKLER_PALMITATE_UP_FDR05"	868	"LRP11"
"PENGWINKLER_PALMITATE_UP_FDR05"	869	"SNRPB2"
"PENGWINKLER_PALMITATE_UP_FDR05"	870	"WDFY3"
"PENGWINKLER_PALMITATE_UP_FDR05"	871	"CDKN2C"
"PENGWINKLER_PALMITATE_UP_FDR05"	872	"PPP2R2A"
"PENGWINKLER_PALMITATE_UP_FDR05"	873	"SEC23B"
"PENGWINKLER_PALMITATE_UP_FDR05"	874	"TEDC1"
"PENGWINKLER_PALMITATE_UP_FDR05"	875	"ARMCX4"
"PENGWINKLER_PALMITATE_UP_FDR05"	876	"CNOT7"
"PENGWINKLER_PALMITATE_UP_FDR05"	877	"CHAMP1"
"PENGWINKLER_PALMITATE_UP_FDR05"	878	"SLC39A9"
"PENGWINKLER_PALMITATE_UP_FDR05"	879	"VWA1"
"PENGWINKLER_PALMITATE_UP_FDR05"	880	"CUX1"
"PENGWINKLER_PALMITATE_UP_FDR05"	881	"CIC"
"PENGWINKLER_PALMITATE_UP_FDR05"	882	"PFKL"
"PENGWINKLER_PALMITATE_UP_FDR05"	883	"CEP128"
"PENGWINKLER_PALMITATE_UP_FDR05"	884	"OLFML2B"
"PENGWINKLER_PALMITATE_UP_FDR05"	885	"POLE2"
"PENGWINKLER_PALMITATE_UP_FDR05"	886	"GNA13"
"PENGWINKLER_PALMITATE_UP_FDR05"	887	"TUG1"
"PENGWINKLER_PALMITATE_UP_FDR05"	888	"BLOC1S6"
"PENGWINKLER_PALMITATE_UP_FDR05"	889	"PLEKHH3"
"PENGWINKLER_PALMITATE_UP_FDR05"	890	"EME1"
"PENGWINKLER_PALMITATE_UP_FDR05"	891	"PLA2G7"
"PENGWINKLER_PALMITATE_UP_FDR05"	892	"NOP58"
"PENGWINKLER_PALMITATE_UP_FDR05"	893	"TFAP2E"
"PENGWINKLER_PALMITATE_UP_FDR05"	894	"GALK2"
"PENGWINKLER_PALMITATE_UP_FDR05"	895	"EMC4"
"PENGWINKLER_PALMITATE_UP_FDR05"	896	"BIRC5"
"PENGWINKLER_PALMITATE_UP_FDR05"	897	"POLE"
"PENGWINKLER_PALMITATE_UP_FDR05"	898	"SVIP"
"PENGWINKLER_PALMITATE_UP_FDR05"	899	"ELL2"
"PENGWINKLER_PALMITATE_UP_FDR05"	900	"KHDRBS3"
"PENGWINKLER_PALMITATE_UP_FDR05"	901	"JUN"
"PENGWINKLER_PALMITATE_UP_FDR05"	902	"CASKIN2"
"PENGWINKLER_PALMITATE_UP_FDR05"	903	"CHN2"
"PENGWINKLER_PALMITATE_UP_FDR05"	904	"EID1"
"PENGWINKLER_PALMITATE_UP_FDR05"	905	"CCN1"
"PENGWINKLER_PALMITATE_UP_FDR05"	906	"RAD54L"
"PENGWINKLER_PALMITATE_UP_FDR05"	907	"RAB1A"
"PENGWINKLER_PALMITATE_UP_FDR05"	908	"EFR3A"
"PENGWINKLER_PALMITATE_UP_FDR05"	909	"PRRX2"
"PENGWINKLER_PALMITATE_UP_FDR05"	910	"NELFE"
"PENGWINKLER_PALMITATE_UP_FDR05"	911	"CCNF"
"PENGWINKLER_PALMITATE_UP_FDR05"	912	"CDC16"
"PENGWINKLER_PALMITATE_UP_FDR05"	913	"UBR7"
"PENGWINKLER_PALMITATE_UP_FDR05"	914	"CYP51"
"PENGWINKLER_PALMITATE_UP_FDR05"	915	"KIF18B"
"PENGWINKLER_PALMITATE_UP_FDR05"	916	"NES"
"PENGWINKLER_PALMITATE_UP_FDR05"	917	"ITPK1"
"PENGWINKLER_PALMITATE_UP_FDR05"	918	"MIS12"
"PENGWINKLER_PALMITATE_UP_FDR05"	919	"ACP1"
"PENGWINKLER_PALMITATE_UP_FDR05"	920	"GIPC1"
"PENGWINKLER_PALMITATE_UP_FDR05"	921	"FAM126A"
"PENGWINKLER_PALMITATE_UP_FDR05"	922	"ENC1"
"PENGWINKLER_PALMITATE_UP_FDR05"	923	"PLD2"
"PENGWINKLER_PALMITATE_UP_FDR05"	924	"SLC43A1"
"PENGWINKLER_PALMITATE_UP_FDR05"	925	"SRP14"
"PENGWINKLER_PALMITATE_UP_FDR05"	926	"XAB2"
"PENGWINKLER_PALMITATE_UP_FDR05"	927	"SMOX"
"PENGWINKLER_PALMITATE_UP_FDR05"	928	"RGL1"
"PENGWINKLER_PALMITATE_UP_FDR05"	929	"CSNK1D"
"PENGWINKLER_PALMITATE_UP_FDR05"	930	"FZD3"
"PENGWINKLER_PALMITATE_UP_FDR05"	931	"MPP1"
"PENGWINKLER_PALMITATE_UP_FDR05"	932	"ANKRD40"
"PENGWINKLER_PALMITATE_UP_FDR05"	933	"PHF19"
"PENGWINKLER_PALMITATE_UP_FDR05"	934	"MPIG6B"
"PENGWINKLER_PALMITATE_UP_FDR05"	935	"LYPD8L"
"PENGWINKLER_PALMITATE_UP_FDR05"	936	"SMG1"
"PENGWINKLER_PALMITATE_UP_FDR05"	937	"EAPP"
"PENGWINKLER_PALMITATE_UP_FDR05"	938	"CABP1"
"PENGWINKLER_PALMITATE_UP_FDR05"	939	"ARHGDIG"
"PENGWINKLER_PALMITATE_UP_FDR05"	940	"ESCO2"
"PENGWINKLER_PALMITATE_UP_FDR05"	941	"SLC52A3"
"PENGWINKLER_PALMITATE_UP_FDR05"	942	"REEP4"
"PENGWINKLER_PALMITATE_UP_FDR05"	943	"GRAMD3"
"PENGWINKLER_PALMITATE_UP_FDR05"	944	"ADCK1"
"PENGWINKLER_PALMITATE_UP_FDR05"	945	"PIMREG"
"PENGWINKLER_PALMITATE_UP_FDR05"	946	"CDKL5"
"PENGWINKLER_PALMITATE_UP_FDR05"	947	"ADGRF4"
"PENGWINKLER_PALMITATE_UP_FDR05"	948	"VWA8"
"PENGWINKLER_PALMITATE_UP_FDR05"	949	"DCAF7"
"PENGWINKLER_PALMITATE_UP_FDR05"	950	"PPP2R5C"
"PENGWINKLER_PALMITATE_UP_FDR05"	951	"ATMIN"
"PENGWINKLER_PALMITATE_UP_FDR05"	952	"SIRT7"
"PENGWINKLER_PALMITATE_UP_FDR05"	953	"FIGNL1"
"PENGWINKLER_PALMITATE_UP_FDR05"	954	"LOXL4"
"PENGWINKLER_PALMITATE_UP_FDR05"	955	"HOXB13"
"PENGWINKLER_PALMITATE_UP_FDR05"	956	"NOL11"
"PENGWINKLER_PALMITATE_UP_FDR05"	957	"SPG11"
"PENGWINKLER_PALMITATE_UP_FDR05"	958	"LGR5"
"PENGWINKLER_PALMITATE_UP_FDR05"	959	"HSDL2"
"PENGWINKLER_PALMITATE_UP_FDR05"	960	"TMEM62"
"PENGWINKLER_PALMITATE_UP_FDR05"	961	"DNMT3A"
"PENGWINKLER_PALMITATE_UP_FDR05"	962	"SPON2"
"PENGWINKLER_PALMITATE_UP_FDR05"	963	"ING1"
"PENGWINKLER_PALMITATE_UP_FDR05"	964	"RAD50"
"PENGWINKLER_PALMITATE_UP_FDR05"	965	"SYPL"
"PENGWINKLER_PALMITATE_UP_FDR05"	966	"ARGLU1"
"PENGWINKLER_PALMITATE_UP_FDR05"	967	"SLC25A39"
"PENGWINKLER_PALMITATE_UP_FDR05"	968	"SNX13"
"PENGWINKLER_PALMITATE_UP_FDR05"	969	"JUND"
"PENGWINKLER_PALMITATE_UP_FDR05"	970	"AKTIP"
"PENGWINKLER_PALMITATE_UP_FDR05"	971	"GM10451"
"PENGWINKLER_PALMITATE_UP_FDR05"	972	"TMEM181A"
"PENGWINKLER_PALMITATE_UP_FDR05"	973	"CFAP97"
"PENGWINKLER_PALMITATE_UP_FDR05"	974	"RPL26"
"PENGWINKLER_PALMITATE_UP_FDR05"	975	"PRPS2"
"PENGWINKLER_PALMITATE_UP_FDR05"	976	"KAZN"
"PENGWINKLER_PALMITATE_UP_FDR05"	977	"RAPGEF1"
"PENGWINKLER_PALMITATE_UP_FDR05"	978	"MXI1"
"PENGWINKLER_PALMITATE_UP_FDR05"	979	"MAPRE1"
"PENGWINKLER_PALMITATE_UP_FDR05"	980	"ZFP367"
"PENGWINKLER_PALMITATE_UP_FDR05"	981	"KPNA3"
"PENGWINKLER_PALMITATE_UP_FDR05"	982	"CAMKK1"
"PENGWINKLER_PALMITATE_UP_FDR05"	983	"TMEM184C"
"PENGWINKLER_PALMITATE_UP_FDR05"	984	"PALS1"
"PENGWINKLER_PALMITATE_UP_FDR05"	985	"SHCBP1"
"PENGWINKLER_PALMITATE_UP_FDR05"	986	"ADAR"
"PENGWINKLER_PALMITATE_UP_FDR05"	987	"PRKAR1A"
"PENGWINKLER_PALMITATE_UP_FDR05"	988	"SPRTN"
"PENGWINKLER_PALMITATE_UP_FDR05"	989	"DUBR"
"PENGWINKLER_PALMITATE_UP_FDR05"	990	"RAB23"
"PENGWINKLER_PALMITATE_UP_FDR05"	991	"MDC1"
"PENGWINKLER_PALMITATE_UP_FDR05"	992	"MCTP2"
"PENGWINKLER_PALMITATE_UP_FDR05"	993	"BRCA2"
"PENGWINKLER_PALMITATE_UP_FDR05"	994	"PELP1"
"PENGWINKLER_PALMITATE_UP_FDR05"	995	"GINS2"
"PENGWINKLER_PALMITATE_UP_FDR05"	996	"NR4A2"
"PENGWINKLER_PALMITATE_UP_FDR05"	997	"SYT11"
"PENGWINKLER_PALMITATE_UP_FDR05"	998	"BRF1"
"PENGWINKLER_PALMITATE_UP_FDR05"	999	"CBX1"
"PENGWINKLER_PALMITATE_UP_FDR05"	1000	"SMAD1"
"PENGWINKLER_PALMITATE_UP_FDR05"	1001	"VPS16"
"PENGWINKLER_PALMITATE_UP_FDR05"	1002	"TTL"
"PENGWINKLER_PALMITATE_UP_FDR05"	1003	"CUL9"
"PENGWINKLER_PALMITATE_UP_FDR05"	1004	"ARHGDIA"
"PENGWINKLER_PALMITATE_UP_FDR05"	1005	"PXYLP1"
"PENGWINKLER_PALMITATE_UP_FDR05"	1006	"POLR1B"
"PENGWINKLER_PALMITATE_UP_FDR05"	1007	"IFFO2"
"PENGWINKLER_PALMITATE_UP_FDR05"	1008	"LARP1"
"PENGWINKLER_PALMITATE_UP_FDR05"	1009	"TUBB5"
"PENGWINKLER_PALMITATE_UP_FDR05"	1010	"ARID5B"
"PENGWINKLER_PALMITATE_UP_FDR05"	1011	"STRN3"
"PENGWINKLER_PALMITATE_UP_FDR05"	1012	"RAB27A"
"PENGWINKLER_PALMITATE_UP_FDR05"	1013	"SNX18"
"PENGWINKLER_PALMITATE_UP_FDR05"	1014	"MTHFD1"
"PENGWINKLER_PALMITATE_UP_FDR05"	1015	"PURB"
"PENGWINKLER_PALMITATE_UP_FDR05"	1016	"SLC7A1"
"PENGWINKLER_PALMITATE_UP_FDR05"	1017	"WNT5A"
"PENGWINKLER_PALMITATE_UP_FDR05"	1018	"TOP3A"
"PENGWINKLER_PALMITATE_UP_FDR05"	1019	"KLHDC4"
"PENGWINKLER_PALMITATE_UP_FDR05"	1020	"H1F10"
"PENGWINKLER_PALMITATE_UP_FDR05"	1021	"RRBP1"
"PENGWINKLER_PALMITATE_UP_FDR05"	1022	"TMEM229B"
"PENGWINKLER_PALMITATE_UP_FDR05"	1023	"OSBPL3"
"PENGWINKLER_PALMITATE_UP_FDR05"	1024	"PDHX"
"PENGWINKLER_PALMITATE_UP_FDR05"	1025	"AMIGO1"
"PENGWINKLER_PALMITATE_UP_FDR05"	1026	"PWWP3B"
"PENGWINKLER_PALMITATE_UP_FDR05"	1027	"ITGA3"
"PENGWINKLER_PALMITATE_UP_FDR05"	1028	"SEPHS2"
"PENGWINKLER_PALMITATE_UP_FDR05"	1029	"HPF1"
"PENGWINKLER_PALMITATE_UP_FDR05"	1030	"CDCA7L"
"PENGWINKLER_PALMITATE_UP_FDR05"	1031	"ACTR10"
"PENGWINKLER_PALMITATE_UP_FDR05"	1032	"MED24"
"PENGWINKLER_PALMITATE_UP_FDR05"	1033	"OVOL1"
"PENGWINKLER_PALMITATE_UP_FDR05"	1034	"WNT6"
"PENGWINKLER_PALMITATE_UP_FDR05"	1035	"SAV1"
"PENGWINKLER_PALMITATE_UP_FDR05"	1036	"USPL1"
"PENGWINKLER_PALMITATE_UP_FDR05"	1037	"ARRDC3"
"PENGWINKLER_PALMITATE_UP_FDR05"	1038	"TPST1"
"PENGWINKLER_PALMITATE_UP_FDR05"	1039	"SCARB1"
"PENGWINKLER_PALMITATE_UP_FDR05"	1040	"MGME1"
"PENGWINKLER_PALMITATE_UP_FDR05"	1041	"AKIP1"
"PENGWINKLER_PALMITATE_UP_FDR05"	1042	"EXOC8"
"PENGWINKLER_PALMITATE_UP_FDR05"	1043	"ZDHHC23"
"PENGWINKLER_PALMITATE_UP_FDR05"	1044	"SLC25A11"
"PENGWINKLER_PALMITATE_UP_FDR05"	1045	"ATXN7L3"
"PENGWINKLER_PALMITATE_UP_FDR05"	1046	"PRDM11"
"PENGWINKLER_PALMITATE_UP_FDR05"	1047	"G6PDX"
"PENGWINKLER_PALMITATE_UP_FDR05"	1048	"BZW2"
"PENGWINKLER_PALMITATE_UP_FDR05"	1049	"GRHL1"
"PENGWINKLER_PALMITATE_UP_FDR05"	1050	"SLC35C1"
"PENGWINKLER_PALMITATE_UP_FDR05"	1051	"GINS4"
"PENGWINKLER_PALMITATE_UP_FDR05"	1052	"CDAN1"
"PENGWINKLER_PALMITATE_UP_FDR05"	1053	"SLC20A1"
"PENGWINKLER_PALMITATE_UP_FDR05"	1054	"LRP12"
"PENGWINKLER_PALMITATE_UP_FDR05"	1055	"PSMB6"
"PENGWINKLER_PALMITATE_UP_FDR05"	1056	"GATA2"
"PENGWINKLER_PALMITATE_UP_FDR05"	1057	"HPRT"
"PENGWINKLER_PALMITATE_UP_FDR05"	1058	"RHOF"
"PENGWINKLER_PALMITATE_UP_FDR05"	1059	"DTD1"
"PENGWINKLER_PALMITATE_UP_FDR05"	1060	"APIP"
"PENGWINKLER_PALMITATE_UP_FDR05"	1061	"TRAPPC12"
"PENGWINKLER_PALMITATE_UP_FDR05"	1062	"GEMIN5"
"PENGWINKLER_PALMITATE_UP_FDR05"	1063	"PRKAG2"
"PENGWINKLER_PALMITATE_UP_FDR05"	1064	"BCL6"
"PENGWINKLER_PALMITATE_UP_FDR05"	1065	"NDUFB7"
"PENGWINKLER_PALMITATE_UP_FDR05"	1066	"CPNE4"
"PENGWINKLER_PALMITATE_UP_FDR05"	1067	"NUBP2"
"PENGWINKLER_PALMITATE_UP_FDR05"	1068	"DDX52"
"PENGWINKLER_PALMITATE_UP_FDR05"	1069	"AURKB"
"PENGWINKLER_PALMITATE_UP_FDR05"	1070	"GALC"
"PENGWINKLER_PALMITATE_UP_FDR05"	1071	"RPL13"
"PENGWINKLER_PALMITATE_UP_FDR05"	1072	"ZFP770"
"PENGWINKLER_PALMITATE_UP_FDR05"	1073	"ANKFY1"
"PENGWINKLER_PALMITATE_UP_FDR05"	1074	"NME4"
"PENGWINKLER_PALMITATE_UP_FDR05"	1075	"ATAD2B"
"PENGWINKLER_PALMITATE_UP_FDR05"	1076	"NDUFV2"
"PENGWINKLER_PALMITATE_UP_FDR05"	1077	"NUP160"
"PENGWINKLER_PALMITATE_UP_FDR05"	1078	"CTCF"
"PENGWINKLER_PALMITATE_UP_FDR05"	1079	"NPLOC4"
"PENGWINKLER_PALMITATE_UP_FDR05"	1080	"ST3GAL1"
"PENGWINKLER_PALMITATE_UP_FDR05"	1081	"ENSMUSG00000095041"
"PENGWINKLER_PALMITATE_UP_FDR05"	1082	"HACD1"
"PENGWINKLER_PALMITATE_UP_FDR05"	1083	"ALDH3A2"
"PENGWINKLER_PALMITATE_UP_FDR05"	1084	"ITGB1"
"PENGWINKLER_PALMITATE_UP_FDR05"	1085	"NUP93"
"PENGWINKLER_PALMITATE_UP_FDR05"	1086	"WNK1"
"PENGWINKLER_PALMITATE_UP_FDR05"	1087	"H2-DMB1"
"PENGWINKLER_PALMITATE_UP_FDR05"	1088	"PDIA3"
"PENGWINKLER_PALMITATE_UP_FDR05"	1089	"URB2"
"PENGWINKLER_PALMITATE_UP_FDR05"	1090	"GJB4"
"PENGWINKLER_PALMITATE_UP_FDR05"	1091	"TAP1"
"PENGWINKLER_PALMITATE_UP_FDR05"	1092	"B2M"
"PENGWINKLER_PALMITATE_UP_FDR05"	1093	"CFDP1"
"PENGWINKLER_PALMITATE_UP_FDR05"	1094	"RFC3"
"PENGWINKLER_PALMITATE_UP_FDR05"	1095	"DCUN1D2"
"PENGWINKLER_PALMITATE_UP_FDR05"	1096	"USP12"
"PENGWINKLER_PALMITATE_UP_FDR05"	1097	"LYPD2"
"PENGWINKLER_PALMITATE_UP_FDR05"	1098	"IBA57"
"PENGWINKLER_PALMITATE_UP_FDR05"	1099	"GRN"
"PENGWINKLER_PALMITATE_UP_FDR05"	1100	"NMT2"
"PENGWINKLER_PALMITATE_UP_FDR05"	1101	"NFKBID"
"PENGWINKLER_PALMITATE_UP_FDR05"	1102	"TMUB2"
"PENGWINKLER_PALMITATE_UP_FDR05"	1103	"TPD52L1"
"PENGWINKLER_PALMITATE_UP_FDR05"	1104	"RAB34"
"PENGWINKLER_PALMITATE_UP_FDR05"	1105	"FLII"
"PENGWINKLER_PALMITATE_UP_FDR05"	1106	"PTPN21"
"PENGWINKLER_PALMITATE_UP_FDR05"	1107	"PTPN22"
"PENGWINKLER_PALMITATE_UP_FDR05"	1108	"MAPK13"
"PENGWINKLER_PALMITATE_UP_FDR05"	1109	"BPGM"
"PENGWINKLER_PALMITATE_UP_FDR05"	1110	"ALKBH3"
"PENGWINKLER_PALMITATE_UP_FDR05"	1111	"FBXO33"
"PENGWINKLER_PALMITATE_UP_FDR05"	1112	"SPRED2"
"PENGWINKLER_PALMITATE_UP_FDR05"	1113	"RAB3B"
"PENGWINKLER_PALMITATE_UP_FDR05"	1114	"WIPF2"
"PENGWINKLER_PALMITATE_UP_FDR05"	1115	"ZFP410"
"PENGWINKLER_PALMITATE_UP_FDR05"	1116	"SERPINB1A"
"PENGWINKLER_PALMITATE_UP_FDR05"	1117	"STARD9"
"PENGWINKLER_PALMITATE_UP_FDR05"	1118	"RAB6B"
"PENGWINKLER_PALMITATE_UP_FDR05"	1119	"POMGNT2"
"PENGWINKLER_PALMITATE_UP_FDR05"	1120	"EIF6"
"PENGWINKLER_PALMITATE_UP_FDR05"	1121	"MIS18BP1"
"PENGWINKLER_PALMITATE_UP_FDR05"	1122	"RFC1"
"PENGWINKLER_PALMITATE_UP_FDR05"	1123	"CTSZ"
"PENGWINKLER_PALMITATE_UP_FDR05"	1124	"TPM1"
"PENGWINKLER_PALMITATE_UP_FDR05"	1125	"KLC1"
"PENGWINKLER_PALMITATE_UP_FDR05"	1126	"NUFIP2"
"PENGWINKLER_PALMITATE_UP_FDR05"	1127	"DIPK1B"
"PENGWINKLER_PALMITATE_UP_FDR05"	1128	"STC2"
"PENGWINKLER_PALMITATE_UP_FDR05"	1129	"WRNIP1"
"PENGWINKLER_PALMITATE_UP_FDR05"	1130	"KIF1B"
"PENGWINKLER_PALMITATE_UP_FDR05"	1131	"KNTC1"
"PENGWINKLER_PALMITATE_UP_FDR05"	1132	"TCF12"
"PENGWINKLER_PALMITATE_UP_FDR05"	1133	"CCNK"
"PENGWINKLER_PALMITATE_UP_FDR05"	1134	"SGCB"
"PENGWINKLER_PALMITATE_UP_FDR05"	1135	"PTK2"
"PENGWINKLER_PALMITATE_UP_FDR05"	1136	"BAG4"
"PENGWINKLER_PALMITATE_UP_FDR05"	1137	"STXBP4"
"PENGWINKLER_PALMITATE_UP_FDR05"	1138	"FAM98B"
"PENGWINKLER_PALMITATE_UP_FDR05"	1139	"ATAD5"
"PENGWINKLER_PALMITATE_UP_FDR05"	1140	"CCT4"
"PENGWINKLER_PALMITATE_UP_FDR05"	1141	"MRPS5"
"PENGWINKLER_PALMITATE_UP_FDR05"	1142	"P3H1"
"PENGWINKLER_PALMITATE_UP_FDR05"	1143	"UTP6"
"PENGWINKLER_PALMITATE_UP_FDR05"	1144	"SLC35G2"
"PENGWINKLER_PALMITATE_UP_FDR05"	1145	"SLU7"
"PENGWINKLER_PALMITATE_UP_FDR05"	1146	"MIF"
"PENGWINKLER_PALMITATE_UP_FDR05"	1147	"OSMR"
"PENGWINKLER_PALMITATE_UP_FDR05"	1148	"INAFM2"
"PENGWINKLER_PALMITATE_UP_FDR05"	1149	"MTA3"
"PENGWINKLER_PALMITATE_UP_FDR05"	1150	"TMEM98"
"PENGWINKLER_PALMITATE_UP_FDR05"	1151	"PMEPA1"
"PENGWINKLER_PALMITATE_UP_FDR05"	1152	"PITPNC1"
"PENGWINKLER_PALMITATE_UP_FDR05"	1153	"GM42517"
"PENGWINKLER_PALMITATE_UP_FDR05"	1154	"D8ERTD738E"
"PENGWINKLER_PALMITATE_UP_FDR05"	1155	"DBI"
"PENGWINKLER_PALMITATE_UP_FDR05"	1156	"9530068E07RIK"
"PENGWINKLER_PALMITATE_UP_FDR05"	1157	"GSN"
"PENGWINKLER_PALMITATE_UP_FDR05"	1158	"PLEKHO2"
"PENGWINKLER_PALMITATE_UP_FDR05"	1159	"AMBRA1"
"PENGWINKLER_PALMITATE_UP_FDR05"	1160	"NIP7"
"PENGWINKLER_PALMITATE_UP_FDR05"	1161	"SUPT6"
"PENGWINKLER_PALMITATE_UP_FDR05"	1162	"FUCA2"
"PENGWINKLER_PALMITATE_UP_FDR05"	1163	"SORL1"
"PENGWINKLER_PALMITATE_UP_FDR05"	1164	"HAUS2"
"PENGWINKLER_PALMITATE_UP_FDR05"	1165	"DDAH1"
"PENGWINKLER_PALMITATE_UP_FDR05"	1166	"TLCD5"
"PENGWINKLER_PALMITATE_UP_FDR05"	1167	"PSMB3"
"PENGWINKLER_PALMITATE_UP_FDR05"	1168	"TM9SF4"
"PENGWINKLER_PALMITATE_UP_FDR05"	1169	"VPS37A"
"PENGWINKLER_PALMITATE_UP_FDR05"	1170	"DNAJB9"
"PENGWINKLER_PALMITATE_UP_FDR05"	1171	"SLC9A3R1"
"PENGWINKLER_PALMITATE_UP_FDR05"	1172	"EIF3C"
"PENGWINKLER_PALMITATE_UP_FDR05"	1173	"GPCPD1"
"PENGWINKLER_PALMITATE_UP_FDR05"	1174	"PPP4R1"
"PENGWINKLER_PALMITATE_UP_FDR05"	1175	"EIF3L"
"PENGWINKLER_PALMITATE_UP_FDR05"	1176	"SAMD4"
"PENGWINKLER_PALMITATE_UP_FDR05"	1177	"FHIP2B"
"PENGWINKLER_PALMITATE_UP_FDR05"	1178	"DDAH2"
"PENGWINKLER_PALMITATE_UP_FDR05"	1179	"PBK"
"PENGWINKLER_PALMITATE_UP_FDR05"	1180	"GRB2"
"PENGWINKLER_PALMITATE_UP_FDR05"	1181	"HROB"
"PENGWINKLER_PALMITATE_UP_FDR05"	1182	"DHX8"
"PENGWINKLER_PALMITATE_UP_FDR05"	1183	"RPS2"
"PENGWINKLER_PALMITATE_UP_FDR05"	1184	"NDUFAF5"
"PENGWINKLER_PALMITATE_UP_FDR05"	1185	"BDNF"
"PENGWINKLER_PALMITATE_UP_FDR05"	1186	"GM10419"
"PENGWINKLER_PALMITATE_UP_FDR05"	1187	"ATL2"
"PENGWINKLER_PALMITATE_UP_FDR05"	1188	"CCDC124"
"PENGWINKLER_PALMITATE_UP_FDR05"	1189	"GET3"
"PENGWINKLER_PALMITATE_UP_FDR05"	1190	"NEMF"
"PENGWINKLER_PALMITATE_UP_FDR05"	1191	"RAD51D"
"PENGWINKLER_PALMITATE_UP_FDR05"	1192	"PFKFB3"
"PENGWINKLER_PALMITATE_UP_FDR05"	1193	"SMC2"
"PENGWINKLER_PALMITATE_UP_FDR05"	1194	"FADS2"
"PENGWINKLER_PALMITATE_UP_FDR05"	1195	"ARHGAP35"
"PENGWINKLER_PALMITATE_UP_FDR05"	1196	"ACP6"
"PENGWINKLER_PALMITATE_UP_FDR05"	1197	"INSM1"
"PENGWINKLER_PALMITATE_UP_FDR05"	1198	"RAD51C"
"PENGWINKLER_PALMITATE_UP_FDR05"	1199	"RCOR1"
"PENGWINKLER_PALMITATE_UP_FDR05"	1200	"KRT79"
"PENGWINKLER_PALMITATE_UP_FDR05"	1201	"CIT"
"PENGWINKLER_PALMITATE_UP_FDR05"	1202	"MKRN2OS"
"PENGWINKLER_PALMITATE_UP_FDR05"	1203	"PPP2R5E"
"PENGWINKLER_PALMITATE_UP_FDR05"	1204	"KBTBD4"
"PENGWINKLER_PALMITATE_UP_FDR05"	1205	"LLGL2"
"PENGWINKLER_PALMITATE_UP_FDR05"	1206	"RNF152"
"PENGWINKLER_PALMITATE_UP_FDR05"	1207	"COPRS"
"PENGWINKLER_PALMITATE_UP_FDR05"	1208	"NHP2"
"PENGWINKLER_PALMITATE_UP_FDR05"	1209	"CILP2"
"PENGWINKLER_PALMITATE_UP_FDR05"	1210	"FAM214A"
"PENGWINKLER_PALMITATE_UP_FDR05"	1211	"TNKS1BP1"
"PENGWINKLER_PALMITATE_UP_FDR05"	1212	"BICDL2"
"PENGWINKLER_PALMITATE_UP_FDR05"	1213	"LAD1"
"PENGWINKLER_PALMITATE_UP_FDR05"	1214	"GPX8"
"PENGWINKLER_PALMITATE_UP_FDR05"	1215	"UQCC1"
"PENGWINKLER_PALMITATE_UP_FDR05"	1216	"PACSIN3"
"PENGWINKLER_PALMITATE_UP_FDR05"	1217	"NDC1"
"PENGWINKLER_PALMITATE_UP_FDR05"	1218	"SARAF"
"PENGWINKLER_PALMITATE_UP_FDR05"	1219	"CHAF1A"
"PENGWINKLER_PALMITATE_UP_FDR05"	1220	"FXR2"
"PENGWINKLER_PALMITATE_UP_FDR05"	1221	"MAPK4"
"PENGWINKLER_PALMITATE_UP_FDR05"	1222	"TCP1"
"PENGWINKLER_PALMITATE_UP_FDR05"	1223	"ACSL3"
"PENGWINKLER_PALMITATE_UP_FDR05"	1224	"RBPMS2"
"PENGWINKLER_PALMITATE_UP_FDR05"	1225	"ZFYVE26"
"PENGWINKLER_PALMITATE_UP_FDR05"	1226	"ASCL4"
"PENGWINKLER_PALMITATE_UP_FDR05"	1227	"GM20186"
"PENGWINKLER_PALMITATE_UP_FDR05"	1228	"IGF2BP1"
"PENGWINKLER_PALMITATE_UP_FDR05"	1229	"IMPDH1"
"PENGWINKLER_PALMITATE_UP_FDR05"	1230	"SLC39A10"
"PENGWINKLER_PALMITATE_UP_FDR05"	1231	"TRIM37"
"PENGWINKLER_PALMITATE_UP_FDR05"	1232	"ARPC3"
"PENGWINKLER_PALMITATE_UP_FDR05"	1233	"AHSA1"
"PENGWINKLER_PALMITATE_UP_FDR05"	1234	"RBM39"
"PENGWINKLER_PALMITATE_UP_FDR05"	1235	"FRMD5"
"PENGWINKLER_PALMITATE_UP_FDR05"	1236	"DUSP4"
"PENGWINKLER_PALMITATE_UP_FDR05"	1237	"FAM83G"
"PENGWINKLER_PALMITATE_UP_FDR05"	1238	"CEP68"
"PENGWINKLER_PALMITATE_UP_FDR05"	1239	"TCF24"
"PENGWINKLER_PALMITATE_UP_FDR05"	1240	"PLCD3"
"PENGWINKLER_PALMITATE_UP_FDR05"	1241	"MGAM"
"PENGWINKLER_PALMITATE_UP_FDR05"	1242	"PDLIM1"
"PENGWINKLER_PALMITATE_UP_FDR05"	1243	"CFL2"
"PENGWINKLER_PALMITATE_UP_FDR05"	1244	"ADM"
"PENGWINKLER_PALMITATE_UP_FDR05"	1245	"PDX1"
"PENGWINKLER_PALMITATE_UP_FDR05"	1246	"G2E3"
"PENGWINKLER_PALMITATE_UP_FDR05"	1247	"DSN1"
"PENGWINKLER_PALMITATE_UP_FDR05"	1248	"POMK"
"PENGWINKLER_PALMITATE_UP_FDR05"	1249	"CHPF"
"PENGWINKLER_PALMITATE_UP_FDR05"	1250	"CCDC33"
"PENGWINKLER_PALMITATE_UP_FDR05"	1251	"GM49654"
"PENGWINKLER_PALMITATE_UP_FDR05"	1252	"SLC3A2"
"PENGWINKLER_PALMITATE_UP_FDR05"	1253	"LGMN"
"PENGWINKLER_PALMITATE_UP_FDR05"	1254	"5031439G07RIK"
"PENGWINKLER_PALMITATE_UP_FDR05"	1255	"MADD"
"PENGWINKLER_PALMITATE_UP_FDR05"	1256	"SPPL2A"
"PENGWINKLER_PALMITATE_UP_FDR05"	1257	"ANXA10"
"PENGWINKLER_PALMITATE_UP_FDR05"	1258	"MLF1"
"PENGWINKLER_PALMITATE_UP_FDR05"	1259	"ATP6V0E2"
"PENGWINKLER_PALMITATE_UP_FDR05"	1260	"MYO19"
"PENGWINKLER_PALMITATE_UP_FDR05"	1261	"LNX2"
"PENGWINKLER_PALMITATE_UP_FDR05"	1262	"CLN8"
"PENGWINKLER_PALMITATE_UP_FDR05"	1263	"DDX42"
"PENGWINKLER_PALMITATE_UP_FDR05"	1264	"IVD"
"PENGWINKLER_PALMITATE_UP_FDR05"	1265	"ENO1"
"PENGWINKLER_PALMITATE_UP_FDR05"	1266	"TRADD"
"PENGWINKLER_PALMITATE_UP_FDR05"	1267	"IST1"
"PENGWINKLER_PALMITATE_UP_FDR05"	1268	"CINP"
"PENGWINKLER_PALMITATE_UP_FDR05"	1269	"OAS1A"
"PENGWINKLER_PALMITATE_UP_FDR05"	1270	"WDHD1"
"PENGWINKLER_PALMITATE_UP_FDR05"	1271	"NSD2"
"PENGWINKLER_PALMITATE_UP_FDR05"	1272	"SAP30BP"
"PENGWINKLER_PALMITATE_UP_FDR05"	1273	"POLR3F"
"PENGWINKLER_PALMITATE_UP_FDR05"	1274	"CLSPN"
"PENGWINKLER_PALMITATE_UP_FDR05"	1275	"COG4"
"PENGWINKLER_PALMITATE_UP_FDR05"	1276	"MAN2B1"
"PENGWINKLER_PALMITATE_UP_FDR05"	1277	"MAT2B"
"PENGWINKLER_PALMITATE_UP_FDR05"	1278	"LEPROTL1"
"PENGWINKLER_PALMITATE_UP_FDR05"	1279	"CASP8AP2"
"PENGWINKLER_PALMITATE_UP_FDR05"	1280	"ZKSCAN17"
"PENGWINKLER_PALMITATE_UP_FDR05"	1281	"TARBP1"
"PENGWINKLER_PALMITATE_UP_FDR05"	1282	"ATP5G1"
"PENGWINKLER_PALMITATE_UP_FDR05"	1283	"MARVELD3"
"PENGWINKLER_PALMITATE_UP_FDR05"	1284	"MAP1LC3A"
"PENGWINKLER_PALMITATE_UP_FDR05"	1285	"TSPAN13"
"PENGWINKLER_PALMITATE_UP_FDR05"	1286	"CLUH"
"PENGWINKLER_PALMITATE_UP_FDR05"	1287	"RTF1"
"PENGWINKLER_PALMITATE_UP_FDR05"	1288	"NDUFA13"
"PENGWINKLER_PALMITATE_UP_FDR05"	1289	"DCTN6"
"PENGWINKLER_PALMITATE_UP_FDR05"	1290	"SLC40A1"
"PENGWINKLER_PALMITATE_UP_FDR05"	1291	"PRC1"
"PENGWINKLER_PALMITATE_UP_FDR05"	1292	"1700067K01RIK"
"PENGWINKLER_PALMITATE_UP_FDR05"	1293	"SMARCE1"
"PENGWINKLER_PALMITATE_UP_FDR05"	1294	"TMEM88"
"PENGWINKLER_PALMITATE_UP_FDR05"	1295	"SETD6"
"PENGWINKLER_PALMITATE_UP_FDR05"	1296	"LYNX1"
"PENGWINKLER_PALMITATE_UP_FDR05"	1297	"RPL21"
"PENGWINKLER_PALMITATE_UP_FDR05"	1298	"TINF2"
"PENGWINKLER_PALMITATE_UP_FDR05"	1299	"SUSD1"
"PENGWINKLER_PALMITATE_UP_FDR05"	1300	"MYBBP1A"
"PENGWINKLER_PALMITATE_UP_FDR05"	1301	"TECR"
"PENGWINKLER_PALMITATE_UP_FDR05"	1302	"NUP50"
"PENGWINKLER_PALMITATE_UP_FDR05"	1303	"CLIC1"
"PENGWINKLER_PALMITATE_UP_FDR05"	1304	"ASCC3"
"PENGWINKLER_PALMITATE_UP_FDR05"	1305	"CPNE7"
"PENGWINKLER_PALMITATE_UP_FDR05"	1306	"SPSB4"
"PENGWINKLER_PALMITATE_UP_FDR05"	1307	"TWSG1"
"PENGWINKLER_PALMITATE_UP_FDR05"	1308	"EIPR1"
"PENGWINKLER_PALMITATE_UP_FDR05"	1309	"BTG2"
"PENGWINKLER_PALMITATE_UP_FDR05"	1310	"TRAF7"
"PENGWINKLER_PALMITATE_UP_FDR05"	1311	"KCTD15"
"PENGWINKLER_PALMITATE_UP_FDR05"	1312	"MRPS26"
"PENGWINKLER_PALMITATE_UP_FDR05"	1313	"ZFP697"
"PENGWINKLER_PALMITATE_UP_FDR05"	1314	"C1GALT1"
"PENGWINKLER_PALMITATE_UP_FDR05"	1315	"GADD45GIP1"
"PENGWINKLER_PALMITATE_UP_FDR05"	1316	"CHMP4B"
"PENGWINKLER_PALMITATE_UP_FDR05"	1317	"MYO9A"
"PENGWINKLER_PALMITATE_UP_FDR05"	1318	"CRNKL1"
"PENGWINKLER_PALMITATE_UP_FDR05"	1319	"MID2"
"PENGWINKLER_PALMITATE_UP_FDR05"	1320	"FSTL1"
"PENGWINKLER_PALMITATE_UP_FDR05"	1321	"RPS6KL1"
"PENGWINKLER_PALMITATE_UP_FDR05"	1322	"AXIN1"
"PENGWINKLER_PALMITATE_UP_FDR05"	1323	"TRIM15"
"PENGWINKLER_PALMITATE_UP_FDR05"	1324	"ZFP672"
"PENGWINKLER_PALMITATE_UP_FDR05"	1325	"LIG3"
"PENGWINKLER_PALMITATE_UP_FDR05"	1326	"TSR1"
"PENGWINKLER_PALMITATE_UP_FDR05"	1327	"MAP9"
"PENGWINKLER_PALMITATE_UP_FDR05"	1328	"CENPN"
"PENGWINKLER_PALMITATE_UP_FDR05"	1329	"NUBP1"
"PENGWINKLER_PALMITATE_UP_FDR05"	1330	"SAMD1"
"PENGWINKLER_PALMITATE_UP_FDR05"	1331	"FNBP4"
"PENGWINKLER_PALMITATE_UP_FDR05"	1332	"TLK2"
"PENGWINKLER_PALMITATE_UP_FDR05"	1333	"INSR"
"PENGWINKLER_PALMITATE_UP_FDR05"	1334	"HGSNAT"
"PENGWINKLER_PALMITATE_UP_FDR05"	1335	"TMBIM1"
"PENGWINKLER_PALMITATE_UP_FDR05"	1336	"PGK1"
"PENGWINKLER_PALMITATE_UP_FDR05"	1337	"TMEM159"
"PENGWINKLER_PALMITATE_UP_FDR05"	1338	"EIF3J1"
"PENGWINKLER_PALMITATE_UP_FDR05"	1339	"WDFY4"
"PENGWINKLER_PALMITATE_UP_FDR05"	1340	"FAM171A1"
"PENGWINKLER_PALMITATE_UP_FDR05"	1341	"SORBS2"
"PENGWINKLER_PALMITATE_UP_FDR05"	1342	"CANX"
"PENGWINKLER_PALMITATE_UP_FDR05"	1343	"SHROOM1"
"PENGWINKLER_PALMITATE_UP_FDR05"	1344	"TKT"
"PENGWINKLER_PALMITATE_UP_FDR05"	1345	"NEXN"
"PENGWINKLER_PALMITATE_UP_FDR05"	1346	"YLPM1"
"PENGWINKLER_PALMITATE_UP_FDR05"	1347	"ZFP287"
"PENGWINKLER_PALMITATE_UP_FDR05"	1348	"ZFP791"
"PENGWINKLER_PALMITATE_UP_FDR05"	1349	"CBX2"
"PENGWINKLER_PALMITATE_UP_FDR05"	1350	"TXNRD1"
"PENGWINKLER_PALMITATE_UP_FDR05"	1351	"CIPC"
"PENGWINKLER_PALMITATE_UP_FDR05"	1352	"DPH6"
"PENGWINKLER_PALMITATE_UP_FDR05"	1353	"DNAJA2"
"PENGWINKLER_PALMITATE_UP_FDR05"	1354	"FBXL5"
"PENGWINKLER_PALMITATE_UP_FDR05"	1355	"CDCA4"
"PENGWINKLER_PALMITATE_UP_FDR05"	1356	"AS3MT"
"PENGWINKLER_PALMITATE_UP_FDR05"	1357	"SLC46A1"
"PENGWINKLER_PALMITATE_UP_FDR05"	1358	"CPSF3"
"PENGWINKLER_PALMITATE_UP_FDR05"	1359	"ATP1B1"
"PENGWINKLER_PALMITATE_UP_FDR05"	1360	"PSMA3"
"PENGWINKLER_PALMITATE_UP_FDR05"	1361	"CENPO"
"PENGWINKLER_PALMITATE_UP_FDR05"	1362	"ENAH"
"PENGWINKLER_PALMITATE_UP_FDR05"	1363	"MEIS2"
"PENGWINKLER_PALMITATE_UP_FDR05"	1364	"SLC20A2"
"PENGWINKLER_PALMITATE_UP_FDR05"	1365	"EIF2AK4"
"PENGWINKLER_PALMITATE_UP_FDR05"	1366	"BRF2"
"PENGWINKLER_PALMITATE_UP_FDR05"	1367	"SPTBN1"
"PENGWINKLER_PALMITATE_UP_FDR05"	1368	"GLI1"
"PENGWINKLER_PALMITATE_UP_FDR05"	1369	"MDFI"
"PENGWINKLER_PALMITATE_UP_FDR05"	1370	"GTF2E2"
"PENGWINKLER_PALMITATE_UP_FDR05"	1371	"PPFIBP1"
"PENGWINKLER_PALMITATE_UP_FDR05"	1372	"CRLS1"
"PENGWINKLER_PALMITATE_UP_FDR05"	1373	"AGPAT5"
"PENGWINKLER_PALMITATE_UP_FDR05"	1374	"ASXL2"
"PENGWINKLER_PALMITATE_UP_FDR05"	1375	"SNAPC1"
"PENGWINKLER_PALMITATE_UP_FDR05"	1376	"PFN2"
"PENGWINKLER_PALMITATE_UP_FDR05"	1377	"ORMDL3"
"PENGWINKLER_PALMITATE_UP_FDR05"	1378	"RAD9A"
"PENGWINKLER_PALMITATE_UP_FDR05"	1379	"RAI1"
"PENGWINKLER_PALMITATE_UP_FDR05"	1380	"BMT2"
"PENGWINKLER_PALMITATE_UP_FDR05"	1381	"ZFP862-PS"
"PENGWINKLER_PALMITATE_UP_FDR05"	1382	"ITPA"
"PENGWINKLER_PALMITATE_UP_FDR05"	1383	"EMILIN2"
"PENGWINKLER_PALMITATE_UP_FDR05"	1384	"SLC9A2"
"PENGWINKLER_PALMITATE_UP_FDR05"	1385	"LRRFIP2"
"PENGWINKLER_PALMITATE_UP_FDR05"	1386	"SIX4"
"PENGWINKLER_PALMITATE_UP_FDR05"	1387	"CD2AP"
"PENGWINKLER_PALMITATE_UP_FDR05"	1388	"RUSC1"
"PENGWINKLER_PALMITATE_UP_FDR05"	1389	"TRIM47"
"PENGWINKLER_PALMITATE_UP_FDR05"	1390	"HS1BP3"
"PENGWINKLER_PALMITATE_UP_FDR05"	1391	"NAXD"
"PENGWINKLER_PALMITATE_UP_FDR05"	1392	"KCNH2"
"PENGWINKLER_PALMITATE_UP_FDR05"	1393	"ZFP799"
"PENGWINKLER_PALMITATE_UP_FDR05"	1394	"TLCD2"
"PENGWINKLER_PALMITATE_UP_FDR05"	1395	"LRRFIP1"
"PENGWINKLER_PALMITATE_UP_FDR05"	1396	"CEP152"
"PENGWINKLER_PALMITATE_UP_FDR05"	1397	"NIPSNAP1"
"PENGWINKLER_PALMITATE_UP_FDR05"	1398	"ELAVL1"
"PENGWINKLER_PALMITATE_UP_FDR05"	1399	"GNL3L"
"PENGWINKLER_PALMITATE_UP_FDR05"	1400	"BUD31"
"PENGWINKLER_PALMITATE_UP_FDR05"	1401	"WDR20"
"PENGWINKLER_PALMITATE_UP_FDR05"	1402	"DPYSL5"
"PENGWINKLER_PALMITATE_UP_FDR05"	1403	"CSTF3"
"PENGWINKLER_PALMITATE_UP_FDR05"	1404	"GPATCH8"
"PENGWINKLER_PALMITATE_UP_FDR05"	1405	"KARS"
"PENGWINKLER_PALMITATE_UP_FDR05"	1406	"DCLK2"
"PENGWINKLER_PALMITATE_UP_FDR05"	1407	"XLR"
"PENGWINKLER_PALMITATE_UP_FDR05"	1408	"DNAJB1"
"PENGWINKLER_PALMITATE_UP_FDR05"	1409	"ATP7B"
"PENGWINKLER_PALMITATE_UP_FDR05"	1410	"TDP1"
"PENGWINKLER_PALMITATE_UP_FDR05"	1411	"HDAC9"
"PENGWINKLER_PALMITATE_UP_FDR05"	1412	"PANK2"
"PENGWINKLER_PALMITATE_UP_FDR05"	1413	"KRIT1"
"PENGWINKLER_PALMITATE_UP_FDR05"	1414	"MAP4"
"PENGWINKLER_PALMITATE_UP_FDR05"	1415	"ILDR1"
"PENGWINKLER_PALMITATE_UP_FDR05"	1416	"TBX2"
"PENGWINKLER_PALMITATE_UP_FDR05"	1417	"PLPP5"
"PENGWINKLER_PALMITATE_UP_FDR05"	1418	"TTC13"
"PENGWINKLER_PALMITATE_UP_FDR05"	1419	"CDK10"
"PENGWINKLER_PALMITATE_UP_FDR05"	1420	"OAS1G"
"PENGWINKLER_PALMITATE_UP_FDR05"	1421	"NAA20"
"PENGWINKLER_PALMITATE_UP_FDR05"	1422	"CCNE1"
"PENGWINKLER_PALMITATE_UP_FDR05"	1423	"AKR1C14"
"PENGWINKLER_PALMITATE_UP_FDR05"	1424	"RBM19"
"PENGWINKLER_PALMITATE_UP_FDR05"	1425	"REXO2"
"PENGWINKLER_PALMITATE_UP_FDR05"	1426	"SLC35F2"
"PENGWINKLER_PALMITATE_UP_FDR05"	1427	"DRAM1"
"PENGWINKLER_PALMITATE_UP_FDR05"	1428	"ANKRD13A"
"PENGWINKLER_PALMITATE_UP_FDR05"	1429	"ARHGEF10"
"PENGWINKLER_PALMITATE_UP_FDR05"	1430	"POLQ"
"PENGWINKLER_PALMITATE_UP_FDR05"	1431	"FBXL16"
"PENGWINKLER_PALMITATE_UP_FDR05"	1432	"RAD23A"
"PENGWINKLER_PALMITATE_UP_FDR05"	1433	"FKBP5"
"PENGWINKLER_PALMITATE_UP_FDR05"	1434	"KATNBL1"
"PENGWINKLER_PALMITATE_UP_FDR05"	1435	"VAC14"
"PENGWINKLER_PALMITATE_UP_FDR05"	1436	"BMP1"
"PENGWINKLER_PALMITATE_UP_FDR05"	1437	"TGM5"
"PENGWINKLER_PALMITATE_UP_FDR05"	1438	"GDF15"
"PENGWINKLER_PALMITATE_UP_FDR05"	1439	"ISLR2"
"PENGWINKLER_PALMITATE_UP_FDR05"	1440	"LYPD3"
"PENGWINKLER_PALMITATE_UP_FDR05"	1441	"RMDN3"
"PENGWINKLER_PALMITATE_UP_FDR05"	1442	"CCM2"
"PENGWINKLER_PALMITATE_UP_FDR05"	1443	"RBPMS"
"PENGWINKLER_PALMITATE_UP_FDR05"	1444	"CCDC141"
"PENGWINKLER_PALMITATE_UP_FDR05"	1445	"CBLL1"
"PENGWINKLER_PALMITATE_UP_FDR05"	1446	"EBF4"
"PENGWINKLER_PALMITATE_UP_FDR05"	1447	"SCN1B"
"PENGWINKLER_PALMITATE_UP_FDR05"	1448	"PUS10"
"PENGWINKLER_PALMITATE_UP_FDR05"	1449	"PTPRA"
"PENGWINKLER_PALMITATE_UP_FDR05"	1450	"ZC3H8"
"PENGWINKLER_PALMITATE_UP_FDR05"	1451	"DUSP7"
"PENGWINKLER_PALMITATE_UP_FDR05"	1452	"DLG3"
"PENGWINKLER_PALMITATE_UP_FDR05"	1453	"DDX49"
"PENGWINKLER_PALMITATE_UP_FDR05"	1454	"THOC5"
"PENGWINKLER_PALMITATE_UP_FDR05"	1455	"AP1S2"
"PENGWINKLER_PALMITATE_UP_FDR05"	1456	"AU018091"
"PENGWINKLER_PALMITATE_UP_FDR05"	1457	"ACOX1"
"PENGWINKLER_PALMITATE_UP_FDR05"	1458	"CCDC43"
"PENGWINKLER_PALMITATE_UP_FDR05"	1459	"GLRX5"
"PENGWINKLER_PALMITATE_UP_FDR05"	1460	"LETMD1"
"PENGWINKLER_PALMITATE_UP_FDR05"	1461	"DDX39A"
"PENGWINKLER_PALMITATE_UP_FDR05"	1462	"MRTFA"
"PENGWINKLER_PALMITATE_UP_FDR05"	1463	"TBC1D20"
"PENGWINKLER_PALMITATE_UP_FDR05"	1464	"ATP6V0A2"
"PENGWINKLER_PALMITATE_UP_FDR05"	1465	"PDZD4"
"PENGWINKLER_PALMITATE_UP_FDR05"	1466	"SPOP"
"PENGWINKLER_PALMITATE_UP_FDR05"	1467	"LARS"
"PENGWINKLER_PALMITATE_UP_FDR05"	1468	"PATZ1"
"PENGWINKLER_PALMITATE_UP_FDR05"	1469	"EIF4A3"
"PENGWINKLER_PALMITATE_UP_FDR05"	1470	"FRMD8"
"PENGWINKLER_PALMITATE_UP_FDR05"	1471	"SF3B6"
"PENGWINKLER_PALMITATE_UP_FDR05"	1472	"DBF4"
"PENGWINKLER_PALMITATE_UP_FDR05"	1473	"ARHGEF15"
"PENGWINKLER_PALMITATE_UP_FDR05"	1474	"AP2A1"
"PENGWINKLER_PALMITATE_UP_FDR05"	1475	"COPS3"
"PENGWINKLER_PALMITATE_UP_FDR05"	1476	"MIR100HG"
"PENGWINKLER_PALMITATE_UP_FDR05"	1477	"FLOT2"
"PENGWINKLER_PALMITATE_UP_FDR05"	1478	"KATNB1"
"PENGWINKLER_PALMITATE_UP_FDR05"	1479	"CSNK2A2"
"PENGWINKLER_PALMITATE_UP_FDR05"	1480	"MCM10"
"PENGWINKLER_PALMITATE_UP_FDR05"	1481	"EXOC7"
"PENGWINKLER_PALMITATE_UP_FDR05"	1482	"TMED10"
"PENGWINKLER_PALMITATE_UP_FDR05"	1483	"CASTOR1"
"PENGWINKLER_PALMITATE_UP_FDR05"	1484	"CGREF1"
"PENGWINKLER_PALMITATE_UP_FDR05"	1485	"NLGN2"
"PENGWINKLER_PALMITATE_UP_FDR05"	1486	"HMGB2"
"PENGWINKLER_PALMITATE_UP_FDR05"	1487	"MPHOSPH6"
"PENGWINKLER_PALMITATE_UP_FDR05"	1488	"PRXL2A"
"PENGWINKLER_PALMITATE_UP_FDR05"	1489	"LRRC8E"
"PENGWINKLER_PALMITATE_UP_FDR05"	1490	"WARS"
"PENGWINKLER_PALMITATE_UP_FDR05"	1491	"TRMT1"
"PENGWINKLER_PALMITATE_UP_FDR05"	1492	"FBXO25"
"PENGWINKLER_PALMITATE_UP_FDR05"	1493	"CACNB3"
"PENGWINKLER_PALMITATE_UP_FDR05"	1494	"ATG2B"
"PENGWINKLER_PALMITATE_UP_FDR05"	1495	"CNTROB"
"PENGWINKLER_PALMITATE_UP_FDR05"	1496	"ANAPC5"
"PENGWINKLER_PALMITATE_UP_FDR05"	1497	"ANKLE1"
"PENGWINKLER_PALMITATE_UP_FDR05"	1498	"MRPL34"
"PENGWINKLER_PALMITATE_UP_FDR05"	1499	"ZFP661"
"PENGWINKLER_PALMITATE_UP_FDR05"	1500	"BC004004"
"PENGWINKLER_PALMITATE_UP_FDR05"	1501	"XPO1"
"PENGWINKLER_PALMITATE_UP_FDR05"	1502	"STBD1"
"PENGWINKLER_PALMITATE_UP_FDR05"	1503	"SERTAD2"
"PENGWINKLER_PALMITATE_UP_FDR05"	1504	"KLC3"
"PENGWINKLER_PALMITATE_UP_FDR05"	1505	"CEP55"
"PENGWINKLER_PALMITATE_UP_FDR05"	1506	"PPP1R15B"
"PENGWINKLER_PALMITATE_UP_FDR05"	1507	"CHN1"
"PENGWINKLER_PALMITATE_UP_FDR05"	1508	"KLF4"
"PENGWINKLER_PALMITATE_UP_FDR05"	1509	"SF3A1"
"PENGWINKLER_PALMITATE_UP_FDR05"	1510	"G3BP1"
"PENGWINKLER_PALMITATE_UP_FDR05"	1511	"NUDT19"
"PENGWINKLER_PALMITATE_UP_FDR05"	1512	"DAAM1"
"PENGWINKLER_PALMITATE_UP_FDR05"	1513	"F2R"
"PENGWINKLER_PALMITATE_UP_FDR05"	1514	"PNPT1"
"PENGWINKLER_PALMITATE_UP_FDR05"	1515	"KIF12"
"PENGWINKLER_PALMITATE_UP_FDR05"	1516	"DNA2"
"PENGWINKLER_PALMITATE_UP_FDR05"	1517	"DOT1L"
"PENGWINKLER_PALMITATE_UP_FDR05"	1518	"BRIP1OS"
"PENGWINKLER_PALMITATE_UP_FDR05"	1519	"RAB31"
"PENGWINKLER_PALMITATE_UP_FDR05"	1520	"PRELID1"
"PENGWINKLER_PALMITATE_UP_FDR05"	1521	"HOXB8"
"PENGWINKLER_PALMITATE_UP_FDR05"	1522	"SDHA"
"PENGWINKLER_PALMITATE_UP_FDR05"	1523	"SEL1L3"
"PENGWINKLER_PALMITATE_UP_FDR05"	1524	"AKAP11"
"PENGWINKLER_PALMITATE_UP_FDR05"	1525	"NSRP1"
"PENGWINKLER_PALMITATE_UP_FDR05"	1526	"DGKH"
"PENGWINKLER_PALMITATE_UP_FDR05"	1527	"6530402F18RIK"
"PENGWINKLER_PALMITATE_UP_FDR05"	1528	"PTPN11"
"PENGWINKLER_PALMITATE_UP_FDR05"	1529	"RBL2"
"PENGWINKLER_PALMITATE_UP_FDR05"	1530	"ABHD3"
"PENGWINKLER_PALMITATE_UP_FDR05"	1531	"LONP1"
"PENGWINKLER_PALMITATE_UP_FDR05"	1532	"DBNL"
"PENGWINKLER_PALMITATE_UP_FDR05"	1533	"LIG1"
"PENGWINKLER_PALMITATE_UP_FDR05"	1534	"IMPA2"
"PENGWINKLER_PALMITATE_UP_FDR05"	1535	"ETFA"
"PENGWINKLER_PALMITATE_UP_FDR05"	1536	"C430042M11RIK"
"PENGWINKLER_PALMITATE_UP_FDR05"	1537	"GTF2F1"
"PENGWINKLER_PALMITATE_UP_FDR05"	1538	"PTPMT1"
"PENGWINKLER_PALMITATE_UP_FDR05"	1539	"PPM1E"
"PENGWINKLER_PALMITATE_UP_FDR05"	1540	"PALS2"
"PENGWINKLER_PALMITATE_UP_FDR05"	1541	"UBE2E2"
"PENGWINKLER_PALMITATE_UP_FDR05"	1542	"DPY19L1"
"PENGWINKLER_PALMITATE_UP_FDR05"	1543	"DHRS7B"
"PENGWINKLER_PALMITATE_UP_FDR05"	1544	"ALAD"
"PENGWINKLER_PALMITATE_UP_FDR05"	1545	"WDR89"
"PENGWINKLER_PALMITATE_UP_FDR05"	1546	"DCAKD"
"PENGWINKLER_PALMITATE_UP_FDR05"	1547	"JMJD6"
"PENGWINKLER_PALMITATE_UP_FDR05"	1548	"KLHL28"
"PENGWINKLER_PALMITATE_UP_FDR05"	1549	"ZFP827"
"PENGWINKLER_PALMITATE_UP_FDR05"	1550	"NFS1"
"PENGWINKLER_PALMITATE_UP_FDR05"	1551	"B130046B21RIK"
"PENGWINKLER_PALMITATE_UP_FDR05"	1552	"PHB"
"PENGWINKLER_PALMITATE_UP_FDR05"	1553	"RRM1"
"PENGWINKLER_PALMITATE_UP_FDR05"	1554	"DLG1"
"PENGWINKLER_PALMITATE_UP_FDR05"	1555	"AK4"
"PENGWINKLER_PALMITATE_UP_FDR05"	1556	"NAMPT"
"PENGWINKLER_PALMITATE_UP_FDR05"	1557	"ALKBH5"
"PENGWINKLER_PALMITATE_UP_FDR05"	1558	"CRLF1"
"PENGWINKLER_PALMITATE_UP_FDR05"	1559	"METTL2"
"PENGWINKLER_PALMITATE_UP_FDR05"	1560	"IFTAP"
"PENGWINKLER_PALMITATE_UP_FDR05"	1561	"DHX38"
"PENGWINKLER_PALMITATE_UP_FDR05"	1562	"EPOR"
"PENGWINKLER_PALMITATE_UP_FDR05"	1563	"CDK1"
"PENGWINKLER_PALMITATE_UP_FDR05"	1564	"SYDE2"
"PENGWINKLER_PALMITATE_UP_FDR05"	1565	"FXYD5"
"PENGWINKLER_PALMITATE_UP_FDR05"	1566	"NCAPG"
"PENGWINKLER_PALMITATE_UP_FDR05"	1567	"ERICH1"
"PENGWINKLER_PALMITATE_UP_FDR05"	1568	"MATN4"
"PENGWINKLER_PALMITATE_UP_FDR05"	1569	"PDCD6"
"PENGWINKLER_PALMITATE_UP_FDR05"	1570	"PANK3"
"PENGWINKLER_PALMITATE_UP_FDR05"	1571	"PITPNA"
"PENGWINKLER_PALMITATE_UP_FDR05"	1572	"RETSAT"
"PENGWINKLER_PALMITATE_UP_FDR05"	1573	"VDAC1"
"PENGWINKLER_PALMITATE_UP_FDR05"	1574	"CHST14"
"PENGWINKLER_PALMITATE_UP_FDR05"	1575	"B4GALT4"
"PENGWINKLER_PALMITATE_UP_FDR05"	1576	"PTPN18"
"PENGWINKLER_PALMITATE_UP_FDR05"	1577	"FLNB"
"PENGWINKLER_PALMITATE_UP_FDR05"	1578	"AHCY"
"PENGWINKLER_PALMITATE_UP_FDR05"	1579	"ZWILCH"
"PENGWINKLER_PALMITATE_UP_FDR05"	1580	"ZC3H7B"
"PENGWINKLER_PALMITATE_UP_FDR05"	1581	"GBE1"
"PENGWINKLER_PALMITATE_UP_FDR05"	1582	"CEP192"
"PENGWINKLER_PALMITATE_UP_FDR05"	1583	"CSTF2"
"PENGWINKLER_PALMITATE_UP_FDR05"	1584	"DDX11"
"PENGWINKLER_PALMITATE_UP_FDR05"	1585	"ZNRF3"
"PENGWINKLER_PALMITATE_UP_FDR05"	1586	"LRATD2"
"PENGWINKLER_PALMITATE_UP_FDR05"	1587	"CNIH3"
"PENGWINKLER_PALMITATE_UP_FDR05"	1588	"ITGB6"
"PENGWINKLER_PALMITATE_UP_FDR05"	1589	"CYP4F16"
"PENGWINKLER_PALMITATE_UP_FDR05"	1590	"RAB11FIP3"
"PENGWINKLER_PALMITATE_UP_FDR05"	1591	"COX6A1"
"PENGWINKLER_PALMITATE_UP_FDR05"	1592	"KRT16"
"PENGWINKLER_PALMITATE_UP_FDR05"	1593	"GPS1"
"PENGWINKLER_PALMITATE_UP_FDR05"	1594	"CHAF1B"
"PENGWINKLER_PALMITATE_UP_FDR05"	1595	"NUDT18"
"PENGWINKLER_PALMITATE_UP_FDR05"	1596	"PSMA6"
"PENGWINKLER_PALMITATE_UP_FDR05"	1597	"MAP3K4"
"PENGWINKLER_PALMITATE_UP_FDR05"	1598	"FUT1"
"PENGWINKLER_PALMITATE_UP_FDR05"	1599	"TCEAL9"
"PENGWINKLER_PALMITATE_UP_FDR05"	1600	"GFOD1"
"PENGWINKLER_PALMITATE_UP_FDR05"	1601	"PSMF1"
"PENGWINKLER_PALMITATE_UP_FDR05"	1602	"KIF3B"
"PENGWINKLER_PALMITATE_UP_FDR05"	1603	"MCPH1"
"PENGWINKLER_PALMITATE_UP_FDR05"	1604	"STAT5B"
"PENGWINKLER_PALMITATE_UP_FDR05"	1605	"BRD2"
"PENGWINKLER_PALMITATE_UP_FDR05"	1606	"EIF4ENIF1"
"PENGWINKLER_PALMITATE_UP_FDR05"	1607	"PCID2"
"PENGWINKLER_PALMITATE_UP_FDR05"	1608	"PHF21B"
"PENGWINKLER_PALMITATE_UP_FDR05"	1609	"TMEM104"
"PENGWINKLER_PALMITATE_UP_FDR05"	1610	"IFIH1"
"PENGWINKLER_PALMITATE_UP_FDR05"	1611	"P2RY12"
"PENGWINKLER_PALMITATE_UP_FDR05"	1612	"LOXL2"
"PENGWINKLER_PALMITATE_UP_FDR05"	1613	"TRP53BP1"
"PENGWINKLER_PALMITATE_UP_FDR05"	1614	"DDN"
"PENGWINKLER_PALMITATE_UP_FDR05"	1615	"ADGRE5"
"PENGWINKLER_PALMITATE_UP_FDR05"	1616	"RETREG3"
"PENGWINKLER_PALMITATE_UP_FDR05"	1617	"LSM12"
"PENGWINKLER_PALMITATE_UP_FDR05"	1618	"DDX27"
"PENGWINKLER_PALMITATE_UP_FDR05"	1619	"CARS"
"PENGWINKLER_PALMITATE_UP_FDR05"	1620	"PET100"
"PENGWINKLER_PALMITATE_UP_FDR05"	1621	"HS3ST1"
"PENGWINKLER_PALMITATE_UP_FDR05"	1622	"RAB29"
"PENGWINKLER_PALMITATE_UP_FDR05"	1623	"CSRP2"
"PENGWINKLER_PALMITATE_UP_FDR05"	1624	"UACA"
"PENGWINKLER_PALMITATE_UP_FDR05"	1625	"KHK"
"PENGWINKLER_PALMITATE_UP_FDR05"	1626	"ACTR2"
"PENGWINKLER_PALMITATE_UP_FDR05"	1627	"CPEB2"
"PENGWINKLER_PALMITATE_UP_FDR05"	1628	"PAFAH1B1"
"PENGWINKLER_PALMITATE_UP_FDR05"	1629	"ANK"
"PENGWINKLER_PALMITATE_UP_FDR05"	1630	"ELP5"
"PENGWINKLER_PALMITATE_UP_FDR05"	1631	"APPBP2"
"PENGWINKLER_PALMITATE_UP_FDR05"	1632	"TBC1D8"
"PENGWINKLER_PALMITATE_UP_FDR05"	1633	"TSHZ1"
"PENGWINKLER_PALMITATE_UP_FDR05"	1634	"GALK1"
"PENGWINKLER_PALMITATE_UP_FDR05"	1635	"BZW1"
"PENGWINKLER_PALMITATE_UP_FDR05"	1636	"SMG8"
"PENGWINKLER_PALMITATE_UP_FDR05"	1637	"ANO8"
"PENGWINKLER_PALMITATE_UP_FDR05"	1638	"CMC2"
"PENGWINKLER_PALMITATE_UP_FDR05"	1639	"MCOLN1"
"PENGWINKLER_PALMITATE_UP_FDR05"	1640	"RPS27A"
"PENGWINKLER_PALMITATE_UP_FDR05"	1641	"NPNT"
"PENGWINKLER_PALMITATE_UP_FDR05"	1642	"ZBTB4"
"PENGWINKLER_PALMITATE_UP_FDR05"	1643	"RPGRIP1"
"PENGWINKLER_PALMITATE_UP_FDR05"	1644	"TACSTD2"
"PENGWINKLER_PALMITATE_UP_FDR05"	1645	"TTF2"
"PENGWINKLER_PALMITATE_UP_FDR05"	1646	"ANKRD9"
"PENGWINKLER_PALMITATE_UP_FDR05"	1647	"NDRG3"
"PENGWINKLER_PALMITATE_UP_FDR05"	1648	"GM17276"
"PENGWINKLER_PALMITATE_UP_FDR05"	1649	"TRIM35"
"PENGWINKLER_PALMITATE_UP_FDR05"	1650	"KLHL11"
"PENGWINKLER_PALMITATE_UP_FDR05"	1651	"JADE1"
"PENGWINKLER_PALMITATE_UP_FDR05"	1652	"ACP2"
"PENGWINKLER_PALMITATE_UP_FDR05"	1653	"BABAM1"
"PENGWINKLER_PALMITATE_UP_FDR05"	1654	"ANKMY2"
"PENGWINKLER_PALMITATE_UP_FDR05"	1655	"DDX5"
"PENGWINKLER_PALMITATE_UP_FDR05"	1656	"CARD10"
"PENGWINKLER_PALMITATE_UP_FDR05"	1657	"IQGAP3"
"PENGWINKLER_PALMITATE_UP_FDR05"	1658	"MAPK6"
"PENGWINKLER_PALMITATE_UP_FDR05"	1659	"LAPTM4A"
"PENGWINKLER_PALMITATE_UP_FDR05"	1660	"UBXN8"
"PENGWINKLER_PALMITATE_UP_FDR05"	1661	"NUMB"
"PENGWINKLER_PALMITATE_UP_FDR05"	1662	"ELOVL4"
"PENGWINKLER_PALMITATE_UP_FDR05"	1663	"NT5DC2"
"PENGWINKLER_PALMITATE_UP_FDR05"	1664	"COMMD9"
"PENGWINKLER_PALMITATE_UP_FDR05"	1665	"MYBL1"
"PENGWINKLER_PALMITATE_UP_FDR05"	1666	"GCDH"
"PENGWINKLER_PALMITATE_UP_FDR05"	1667	"HILPDA"
"PENGWINKLER_PALMITATE_UP_FDR05"	1668	"FLRT3"
"PENGWINKLER_PALMITATE_UP_FDR05"	1669	"TOP1MT"
"PENGWINKLER_PALMITATE_UP_FDR05"	1670	"SH3BP5"
"PENGWINKLER_PALMITATE_UP_FDR05"	1671	"ABCG4"
"PENGWINKLER_PALMITATE_UP_FDR05"	1672	"RAPGEF2"
"PENGWINKLER_PALMITATE_UP_FDR05"	1673	"FRG1"
"PENGWINKLER_PALMITATE_UP_FDR05"	1674	"HFE"
"PENGWINKLER_PALMITATE_UP_FDR05"	1675	"TLCD1"
"PENGWINKLER_PALMITATE_UP_FDR05"	1676	"S100A6"
"PENGWINKLER_PALMITATE_UP_FDR05"	1677	"TLCD4"
"PENGWINKLER_PALMITATE_UP_FDR05"	1678	"RDH11"
"PENGWINKLER_PALMITATE_UP_FDR05"	1679	"PRKAR2A"
"PENGWINKLER_PALMITATE_UP_FDR05"	1680	"NUP133"
"PENGWINKLER_PALMITATE_UP_FDR05"	1681	"CYB5R3"
"PENGWINKLER_PALMITATE_UP_FDR05"	1682	"PLEKHG6"
"PENGWINKLER_PALMITATE_UP_FDR05"	1683	"TTC7"
"PENGWINKLER_PALMITATE_UP_FDR05"	1684	"DERL2"
"PENGWINKLER_PALMITATE_UP_FDR05"	1685	"LONRF1"
"PENGWINKLER_PALMITATE_UP_FDR05"	1686	"RPL18A"
"PENGWINKLER_PALMITATE_UP_FDR05"	1687	"SLC48A1"
"PENGWINKLER_PALMITATE_UP_FDR05"	1688	"PSMD7"
"PENGWINKLER_PALMITATE_UP_FDR05"	1689	"GOLM2"
"PENGWINKLER_PALMITATE_UP_FDR05"	1690	"TBC1D2"
"PENGWINKLER_PALMITATE_UP_FDR05"	1691	"POLR2C"
"PENGWINKLER_PALMITATE_UP_FDR05"	1692	"LSM1"
"PENGWINKLER_PALMITATE_UP_FDR05"	1693	"SUOX"
"PENGWINKLER_PALMITATE_UP_FDR05"	1694	"USP22"
"PENGWINKLER_PALMITATE_UP_FDR05"	1695	"BRSK1"
"PENGWINKLER_PALMITATE_UP_FDR05"	1696	"RAB5IF"
"PENGWINKLER_PALMITATE_UP_FDR05"	1697	"LYPLAL1"
"PENGWINKLER_PALMITATE_UP_FDR05"	1698	"CHERP"
"PENGWINKLER_PALMITATE_UP_FDR05"	1699	"ATXN1L"
"PENGWINKLER_PALMITATE_UP_FDR05"	1700	"CRIP1"
"PENGWINKLER_PALMITATE_UP_FDR05"	1701	"PDE5A"
"PENGWINKLER_PALMITATE_UP_FDR05"	1702	"METTL16"
"PENGWINKLER_PALMITATE_UP_FDR05"	1703	"SART1"
"PENGWINKLER_PALMITATE_UP_FDR05"	1704	"LSR"
"PENGWINKLER_PALMITATE_UP_FDR05"	1705	"EIF1"
"PENGWINKLER_PALMITATE_UP_FDR05"	1706	"ATP2C1"
"PENGWINKLER_PALMITATE_UP_FDR05"	1707	"SAP30L"
"PENGWINKLER_PALMITATE_UP_FDR05"	1708	"SAMD14"
"PENGWINKLER_PALMITATE_UP_FDR05"	1709	"DIAPH3"
"PENGWINKLER_PALMITATE_UP_FDR05"	1710	"CCNE2"
"PENGWINKLER_PALMITATE_UP_FDR05"	1711	"ZFP871"
"PENGWINKLER_PALMITATE_UP_FDR05"	1712	"SOWAHB"
"PENGWINKLER_PALMITATE_UP_FDR05"	1713	"PLAGL2"
"PENGWINKLER_PALMITATE_UP_FDR05"	1714	"METRN"
"PENGWINKLER_PALMITATE_UP_FDR05"	1715	"RHOT1"
"PENGWINKLER_PALMITATE_UP_FDR05"	1716	"ABTB2"
"PENGWINKLER_PALMITATE_UP_FDR05"	1717	"ELP4"
"PENGWINKLER_PALMITATE_UP_FDR05"	1718	"ANKIB1"
"PENGWINKLER_PALMITATE_UP_FDR05"	1719	"AMPD3"
"PENGWINKLER_PALMITATE_UP_FDR05"	1720	"INSIG1"
"PENGWINKLER_PALMITATE_UP_FDR05"	1721	"AAR2"
"PENGWINKLER_PALMITATE_UP_FDR05"	1722	"SETD3"
"PENGWINKLER_PALMITATE_UP_FDR05"	1723	"MLH3"
"PENGWINKLER_PALMITATE_UP_FDR05"	1724	"WDR81"
"PENGWINKLER_PALMITATE_UP_FDR05"	1725	"COL27A1"
"PENGWINKLER_PALMITATE_UP_FDR05"	1726	"INPP5A"
"PENGWINKLER_PALMITATE_UP_FDR05"	1727	"NSFL1C"
"PENGWINKLER_PALMITATE_UP_FDR05"	1728	"DGKE"
"PENGWINKLER_PALMITATE_UP_FDR05"	1729	"NAP1L3"
"PENGWINKLER_PALMITATE_UP_FDR05"	1730	"PLPBP"
"PENGWINKLER_PALMITATE_UP_FDR05"	1731	"TRIP12"
"PENGWINKLER_PALMITATE_UP_FDR05"	1732	"DRG1"
"PENGWINKLER_PALMITATE_UP_FDR05"	1733	"BTBD3"
"PENGWINKLER_PALMITATE_UP_FDR05"	1734	"YWHAH"
"PENGWINKLER_PALMITATE_UP_FDR05"	1735	"ADGRV1"
"PENGWINKLER_PALMITATE_UP_FDR05"	1736	"BLVRB"
"PENGWINKLER_PALMITATE_UP_FDR05"	1737	"MIPOL1"
"PENGWINKLER_PALMITATE_UP_FDR05"	1738	"PCLAF"
"PENGWINKLER_PALMITATE_UP_FDR05"	1739	"ERGIC3"
"PENGWINKLER_PALMITATE_UP_FDR05"	1740	"DEK"
"PENGWINKLER_PALMITATE_UP_FDR05"	1741	"DPY30"
"PENGWINKLER_PALMITATE_UP_FDR05"	1742	"EDC4"
"PENGWINKLER_PALMITATE_UP_FDR05"	1743	"SHMT2"
"PENGWINKLER_PALMITATE_UP_FDR05"	1744	"ATP6V1D"
"PENGWINKLER_PALMITATE_UP_FDR05"	1745	"AKAP10"
"PENGWINKLER_PALMITATE_UP_FDR05"	1746	"C1QTNF12"
"PENGWINKLER_PALMITATE_UP_FDR05"	1747	"UCHL1"
"PENGWINKLER_PALMITATE_UP_FDR05"	1748	"TCF20"
"PENGWINKLER_PALMITATE_UP_FDR05"	1749	"PARP1"
"PENGWINKLER_PALMITATE_UP_FDR05"	1750	"CDK6"
"PENGWINKLER_PALMITATE_UP_FDR05"	1751	"TPGS2"
"PENGWINKLER_PALMITATE_UP_FDR05"	1752	"SECISBP2L"
"PENGWINKLER_PALMITATE_UP_FDR05"	1753	"DTD2"
"PENGWINKLER_PALMITATE_UP_FDR05"	1754	"PRIM1"
"PENGWINKLER_PALMITATE_UP_FDR05"	1755	"PTN"
"PENGWINKLER_PALMITATE_UP_FDR05"	1756	"THAP11"
"PENGWINKLER_PALMITATE_UP_FDR05"	1757	"TMEM38A"
"PENGWINKLER_PALMITATE_UP_FDR05"	1758	"DHFR"
"PENGWINKLER_PALMITATE_UP_FDR05"	1759	"FBXO3"
"PENGWINKLER_PALMITATE_UP_FDR05"	1760	"SP9"
"PENGWINKLER_PALMITATE_UP_FDR05"	1761	"DDX25"
"PENGWINKLER_PALMITATE_UP_FDR05"	1762	"BEX3"
"PENGWINKLER_PALMITATE_UP_FDR05"	1763	"CASP12"
"PENGWINKLER_PALMITATE_UP_FDR05"	1764	"MTHFD2"
"PENGWINKLER_PALMITATE_UP_FDR05"	1765	"CYFIP2"
"PENGWINKLER_PALMITATE_UP_FDR05"	1766	"PMPCA"
"PENGWINKLER_PALMITATE_UP_FDR05"	1767	"SWAP70"
"PENGWINKLER_PALMITATE_UP_FDR05"	1768	"ZFP125"
"PENGWINKLER_PALMITATE_UP_FDR05"	1769	"RPA3"
"PENGWINKLER_PALMITATE_UP_FDR05"	1770	"PIGQ"
"PENGWINKLER_PALMITATE_UP_FDR05"	1771	"CCDC69"
"PENGWINKLER_PALMITATE_UP_FDR05"	1772	"USP38"
"PENGWINKLER_PALMITATE_UP_FDR05"	1773	"VIPAS39"
"PENGWINKLER_PALMITATE_UP_FDR05"	1774	"RFNG"
"PENGWINKLER_PALMITATE_UP_FDR05"	1775	"MPRIP"
"PENGWINKLER_PALMITATE_UP_FDR05"	1776	"MORC2A"
"PENGWINKLER_PALMITATE_UP_FDR05"	1777	"EDEM2"
"PENGWINKLER_PALMITATE_UP_FDR05"	1778	"TONSL"
"PENGWINKLER_PALMITATE_UP_FDR05"	1779	"CISD3"
"PENGWINKLER_PALMITATE_UP_FDR05"	1780	"VPS33A"
"PENGWINKLER_PALMITATE_UP_FDR05"	1781	"TXNIP"
"PENGWINKLER_PALMITATE_UP_FDR05"	1782	"MPP2"
"PENGWINKLER_PALMITATE_UP_FDR05"	1783	"MSH6"
"PENGWINKLER_PALMITATE_UP_FDR05"	1784	"ZFP958"
"PENGWINKLER_PALMITATE_UP_FDR05"	1785	"CYP4V3"
"PENGWINKLER_PALMITATE_UP_FDR05"	1786	"ISOC1"
"PENGWINKLER_PALMITATE_UP_FDR05"	1787	"IL4RA"
"PENGWINKLER_PALMITATE_UP_FDR05"	1788	"RIOX1"
"PENGWINKLER_PALMITATE_UP_FDR05"	1789	"GM14137"
"PENGWINKLER_PALMITATE_UP_FDR05"	1790	"LPCAT1"
"PENGWINKLER_PALMITATE_UP_FDR05"	1791	"SOD1"
"PENGWINKLER_PALMITATE_UP_FDR05"	1792	"TRAPPC5"
"PENGWINKLER_PALMITATE_UP_FDR05"	1793	"COX11"
"PENGWINKLER_PALMITATE_UP_FDR05"	1794	"WRN"
"PENGWINKLER_PALMITATE_UP_FDR05"	1795	"SOCS3"
"PENGWINKLER_PALMITATE_UP_FDR05"	1796	"NFATC3"
"PENGWINKLER_PALMITATE_UP_FDR05"	1797	"RHBDD1"
"PENGWINKLER_PALMITATE_UP_FDR05"	1798	"MED6"
"PENGWINKLER_PALMITATE_UP_FDR05"	1799	"SLC29A2"
"PENGWINKLER_PALMITATE_UP_FDR05"	1800	"MINPP1"
"PENGWINKLER_PALMITATE_UP_FDR05"	1801	"CDK12"
"PENGWINKLER_PALMITATE_UP_FDR05"	1802	"RAPGEF6"
"PENGWINKLER_PALMITATE_UP_FDR05"	1803	"ARID4A"
"PENGWINKLER_PALMITATE_UP_FDR05"	1804	"HSP90AB1"
"PENGWINKLER_PALMITATE_UP_FDR05"	1805	"PRPF39"
"PENGWINKLER_PALMITATE_UP_FDR05"	1806	"POLB"
"PENGWINKLER_PALMITATE_UP_FDR05"	1807	"ST3GAL5"
"PENGWINKLER_PALMITATE_UP_FDR05"	1808	"KCND1"
"PENGWINKLER_PALMITATE_UP_FDR05"	1809	"RPTOR"
"PENGWINKLER_PALMITATE_UP_FDR05"	1810	"NOL4L"
"PENGWINKLER_PALMITATE_UP_FDR05"	1811	"PHLDA2"
"PENGWINKLER_PALMITATE_UP_FDR05"	1812	"GSTP1"
"PENGWINKLER_PALMITATE_UP_FDR05"	1813	"LRGUK"
"PENGWINKLER_PALMITATE_UP_FDR05"	1814	"BARD1"
"PENGWINKLER_PALMITATE_UP_FDR05"	1815	"MAD2L1"
"PENGWINKLER_PALMITATE_UP_FDR05"	1816	"ZDHHC7"
"PENGWINKLER_PALMITATE_UP_FDR05"	1817	"IL27RA"
"PENGWINKLER_PALMITATE_UP_FDR05"	1818	"RNF208"
"PENGWINKLER_PALMITATE_UP_FDR05"	1819	"BST2"
"PENGWINKLER_PALMITATE_UP_FDR05"	1820	"ABCF1"
"PENGWINKLER_PALMITATE_UP_FDR05"	1821	"UNC13D"
"PENGWINKLER_PALMITATE_UP_FDR05"	1822	"ZFP866"
"PENGWINKLER_PALMITATE_UP_FDR05"	1823	"HMGB1"
"PENGWINKLER_PALMITATE_UP_FDR05"	1824	"ATP6V0D1"
"PENGWINKLER_PALMITATE_UP_FDR05"	1825	"TMEM94"
"PENGWINKLER_PALMITATE_UP_FDR05"	1826	"DNAJC1"
"PENGWINKLER_PALMITATE_UP_FDR05"	1827	"PRIM2"
"PENGWINKLER_PALMITATE_UP_FDR05"	1828	"PCNX4"
"PENGWINKLER_PALMITATE_UP_FDR05"	1829	"FOXK2"
"PENGWINKLER_PALMITATE_UP_FDR05"	1830	"BAG5"
"PENGWINKLER_PALMITATE_UP_FDR05"	1831	"EZH2"
"PENGWINKLER_PALMITATE_UP_FDR05"	1832	"TERF2IP"
"PENGWINKLER_PALMITATE_UP_FDR05"	1833	"DVL2"
"PENGWINKLER_PALMITATE_UP_FDR05"	1834	"OTUD6B"
"PENGWINKLER_PALMITATE_UP_FDR05"	1835	"MAX"
"PENGWINKLER_PALMITATE_UP_FDR05"	1836	"KAZALD1"
"PENGWINKLER_PALMITATE_UP_FDR05"	1837	"FAM104A"
"PENGWINKLER_PALMITATE_UP_FDR05"	1838	"0610009B22RIK"
"PENGWINKLER_PALMITATE_UP_FDR05"	1839	"NAV2"
"PENGWINKLER_PALMITATE_UP_FDR05"	1840	"ENSMUSG00000120139"
"PENGWINKLER_PALMITATE_UP_FDR05"	1841	"GM14002"
"PENGWINKLER_PALMITATE_UP_FDR05"	1842	"CRTC1"
"PENGWINKLER_PALMITATE_UP_FDR05"	1843	"TMEM254"
"PENGWINKLER_PALMITATE_UP_FDR05"	1844	"LSM2"
"PENGWINKLER_PALMITATE_UP_FDR05"	1845	"TM2D2"
"PENGWINKLER_PALMITATE_UP_FDR05"	1846	"NOL10"
"PENGWINKLER_PALMITATE_UP_FDR05"	1847	"BAK1"
"PENGWINKLER_PALMITATE_UP_FDR05"	1848	"HEATR6"
"PENGWINKLER_PALMITATE_UP_FDR05"	1849	"FNTB"
"PENGWINKLER_PALMITATE_UP_FDR05"	1850	"MICU3"
"PENGWINKLER_PALMITATE_UP_FDR05"	1851	"LRFN1"
"PENGWINKLER_PALMITATE_UP_FDR05"	1852	"UQCRC1"
"PENGWINKLER_PALMITATE_UP_FDR05"	1853	"VASH2"
"PENGWINKLER_PALMITATE_UP_FDR05"	1854	"PRR11"
"PENGWINKLER_PALMITATE_UP_FDR05"	1855	"OAT"
"PENGWINKLER_PALMITATE_UP_FDR05"	1856	"B4GALNT1"
"PENGWINKLER_PALMITATE_UP_FDR05"	1857	"PXMP4"
"PENGWINKLER_PALMITATE_UP_FDR05"	1858	"MFSD2A"
"PENGWINKLER_PALMITATE_UP_FDR05"	1859	"PHF20"
"PENGWINKLER_PALMITATE_UP_FDR05"	1860	"MRPL28"
"PENGWINKLER_PALMITATE_UP_FDR05"	1861	"ZC3H13"
"PENGWINKLER_PALMITATE_UP_FDR05"	1862	"PPM1G"
"PENGWINKLER_PALMITATE_UP_FDR05"	1863	"FRY"
"PENGWINKLER_PALMITATE_UP_FDR05"	1864	"GPALPP1"
"PENGWINKLER_PALMITATE_UP_FDR05"	1865	"IARS"
"PENGWINKLER_PALMITATE_UP_FDR05"	1866	"ITPRIPL1"
"PENGWINKLER_PALMITATE_UP_FDR05"	1867	"FERMT2"
"PENGWINKLER_PALMITATE_UP_FDR05"	1868	"GREB1L"
"PENGWINKLER_PALMITATE_UP_FDR05"	1869	"RBL1"
"PENGWINKLER_PALMITATE_UP_FDR05"	1870	"APLN"
"PENGWINKLER_PALMITATE_UP_FDR05"	1871	"RGS3"
"PENGWINKLER_PALMITATE_UP_FDR05"	1872	"HERPUD1"
"PENGWINKLER_PALMITATE_UP_FDR05"	1873	"SNRPC"
"PENGWINKLER_PALMITATE_UP_FDR05"	1874	"GM47283"
"PENGWINKLER_PALMITATE_UP_FDR05"	1875	"TRMT61A"
"PENGWINKLER_PALMITATE_UP_FDR05"	1876	"IAPP"
"PENGWINKLER_PALMITATE_UP_FDR05"	1877	"UBAP1"
"PENGWINKLER_PALMITATE_UP_FDR05"	1878	"NFIL3"
"PENGWINKLER_PALMITATE_UP_FDR05"	1879	"ZKSCAN3"
"PENGWINKLER_PALMITATE_UP_FDR05"	1880	"FAM3C"
"PENGWINKLER_PALMITATE_UP_FDR05"	1881	"RRP7A"
"PENGWINKLER_PALMITATE_UP_FDR05"	1882	"DCAF15"
"PENGWINKLER_PALMITATE_UP_FDR05"	1883	"TGFBR2"
"PENGWINKLER_PALMITATE_UP_FDR05"	1884	"EIF2B4"
"PENGWINKLER_PALMITATE_UP_FDR05"	1885	"9430085M18RIK"
"PENGWINKLER_PALMITATE_UP_FDR05"	1886	"MTM1"
"PENGWINKLER_PALMITATE_UP_FDR05"	1887	"ETF1"
"PENGWINKLER_PALMITATE_UP_FDR05"	1888	"TNFRSF10B"
"PENGWINKLER_PALMITATE_UP_FDR05"	1889	"TSC2"
"PENGWINKLER_PALMITATE_UP_FDR05"	1890	"HGS"
"PENGWINKLER_PALMITATE_UP_FDR05"	1891	"MTMR3"
"PENGWINKLER_PALMITATE_UP_FDR05"	1892	"SNRNP25"
"PENGWINKLER_PALMITATE_UP_FDR05"	1893	"MCU"
"PENGWINKLER_PALMITATE_UP_FDR05"	1894	"PRELP"
"PENGWINKLER_PALMITATE_UP_FDR05"	1895	"LARGE1"
"PENGWINKLER_PALMITATE_UP_FDR05"	1896	"ZFP13"
"PENGWINKLER_PALMITATE_UP_FDR05"	1897	"CARS2"
"PENGWINKLER_PALMITATE_UP_FDR05"	1898	"FAM199X"
"PENGWINKLER_PALMITATE_UP_FDR05"	1899	"PSMC3IP"
"PENGWINKLER_PALMITATE_UP_FDR05"	1900	"ANAPC11"
"PENGWINKLER_PALMITATE_UP_FDR05"	1901	"AMOTL1"
"PENGWINKLER_PALMITATE_UP_FDR05"	1902	"FAM32A"
"PENGWINKLER_PALMITATE_UP_FDR05"	1903	"EIF1AD"
"PENGWINKLER_PALMITATE_UP_FDR05"	1904	"UHRF1"
"PENGWINKLER_PALMITATE_UP_FDR05"	1905	"SLITRK6"
"PENGWINKLER_PALMITATE_UP_FDR05"	1906	"LARGE2"
"PENGWINKLER_PALMITATE_UP_FDR05"	1907	"KRT14"
"PENGWINKLER_PALMITATE_UP_FDR05"	1908	"LRRC39"
"PENGWINKLER_PALMITATE_UP_FDR05"	1909	"FGF1"
"PENGWINKLER_PALMITATE_UP_FDR05"	1910	"SMAGP"
"PENGWINKLER_PALMITATE_UP_FDR05"	1911	"CHCHD5"
"PENGWINKLER_PALMITATE_UP_FDR05"	1912	"EXOSC2"
"PENGWINKLER_PALMITATE_UP_FDR05"	1913	"MIR22HG"
"PENGWINKLER_PALMITATE_UP_FDR05"	1914	"MB21D2"
"PENGWINKLER_PALMITATE_UP_FDR05"	1915	"ELAPOR2"
"PENGWINKLER_PALMITATE_UP_FDR05"	1916	"AU020206"
"PENGWINKLER_PALMITATE_UP_FDR05"	1917	"ELF1"
"PENGWINKLER_PALMITATE_UP_FDR05"	1918	"MAVS"
"PENGWINKLER_PALMITATE_UP_FDR05"	1919	"PTPRJ"
"PENGWINKLER_PALMITATE_UP_FDR05"	1920	"NASP"
"PENGWINKLER_PALMITATE_UP_FDR05"	1921	"ENTPD3"
"PENGWINKLER_PALMITATE_UP_FDR05"	1922	"GM49759"
"PENGWINKLER_PALMITATE_UP_FDR05"	1923	"NECTIN4"
"PENGWINKLER_PALMITATE_UP_FDR05"	1924	"MFAP1A"
"PENGWINKLER_PALMITATE_UP_FDR05"	1925	"MSL3"
"PENGWINKLER_PALMITATE_UP_FDR05"	1926	"PPEF1"
"PENGWINKLER_PALMITATE_UP_FDR05"	1927	"AGO3"
"PENGWINKLER_PALMITATE_UP_FDR05"	1928	"AZGP1"
"PENGWINKLER_PALMITATE_UP_FDR05"	1929	"PSMD14"
"PENGWINKLER_PALMITATE_UP_FDR05"	1930	"RBM34"
"PENGWINKLER_PALMITATE_UP_FDR05"	1931	"HEATR5B"
"PENGWINKLER_PALMITATE_UP_FDR05"	1932	"RTF2"
"PENGWINKLER_PALMITATE_UP_FDR05"	1933	"MRPL3"
"PENGWINKLER_PALMITATE_UP_FDR05"	1934	"PRRC2A"
"PENGWINKLER_PALMITATE_UP_FDR05"	1935	"SLX4IP"
"PENGWINKLER_PALMITATE_UP_FDR05"	1936	"GSTZ1"
"PENGWINKLER_PALMITATE_UP_FDR05"	1937	"SRSF7"
"PENGWINKLER_PALMITATE_UP_FDR05"	1938	"ZDHHC13"
"PENGWINKLER_PALMITATE_UP_FDR05"	1939	"UNG"
"PENGWINKLER_PALMITATE_UP_FDR05"	1940	"JPT2"
"PENGWINKLER_PALMITATE_UP_FDR05"	1941	"RAC3"
"PENGWINKLER_PALMITATE_UP_FDR05"	1942	"IMP4"
"PENGWINKLER_PALMITATE_UP_FDR05"	1943	"NF1"
"PENGWINKLER_PALMITATE_UP_FDR05"	1944	"ORC1"
"PENGWINKLER_PALMITATE_UP_FDR05"	1945	"MRPS10"
"PENGWINKLER_PALMITATE_UP_FDR05"	1946	"ZSCAN29"
"PENGWINKLER_PALMITATE_UP_FDR05"	1947	"FANCD2"
"PENGWINKLER_PALMITATE_UP_FDR05"	1948	"ANKS1B"
"PENGWINKLER_PALMITATE_UP_FDR05"	1949	"ANKRD44"
"PENGWINKLER_PALMITATE_UP_FDR05"	1950	"ZFP646"
"PENGWINKLER_PALMITATE_UP_FDR05"	1951	"TTC1"
"PENGWINKLER_PALMITATE_UP_FDR05"	1952	"EMC8"
"PENGWINKLER_PALMITATE_UP_FDR05"	1953	"METTL15"
"PENGWINKLER_PALMITATE_UP_FDR05"	1954	"BCAP29"
"PENGWINKLER_PALMITATE_UP_FDR05"	1955	"MYPOP"
"PENGWINKLER_PALMITATE_UP_FDR05"	1956	"STEAP3"
"PENGWINKLER_PALMITATE_UP_FDR05"	1957	"AKAP17B"
"PENGWINKLER_PALMITATE_UP_FDR05"	1958	"VCAM1"
"PENGWINKLER_PALMITATE_UP_FDR05"	1959	"LGR4"
"PENGWINKLER_PALMITATE_UP_FDR05"	1960	"HPCAL1"
"PENGWINKLER_PALMITATE_UP_FDR05"	1961	"SPDL1"
"PENGWINKLER_PALMITATE_UP_FDR05"	1962	"RNF4"
"PENGWINKLER_PALMITATE_UP_FDR05"	1963	"ERBB3"
"PENGWINKLER_PALMITATE_UP_FDR05"	1964	"NFE2L1"
"PENGWINKLER_PALMITATE_UP_FDR05"	1965	"SGMS1"
"PENGWINKLER_PALMITATE_UP_FDR05"	1966	"EVI5L"
"PENGWINKLER_PALMITATE_UP_FDR05"	1967	"S100A16"
"PENGWINKLER_PALMITATE_UP_FDR05"	1968	"TTYH2"
"PENGWINKLER_PALMITATE_UP_FDR05"	1969	"RNF6"
"PENGWINKLER_PALMITATE_UP_FDR05"	1970	"NDUFA9"
"PENGWINKLER_PALMITATE_UP_FDR05"	1971	"PIGH"
"PENGWINKLER_PALMITATE_UP_FDR05"	1972	"CAPN1"
"PENGWINKLER_PALMITATE_UP_FDR05"	1973	"ZFP961"
"PENGWINKLER_PALMITATE_UP_FDR05"	1974	"TLX2"
"PENGWINKLER_PALMITATE_UP_FDR05"	1975	"BIN3"
"PENGWINKLER_PALMITATE_UP_FDR05"	1976	"MAP1S"
"PENGWINKLER_PALMITATE_UP_FDR05"	1977	"PALM"
"PENGWINKLER_PALMITATE_UP_FDR05"	1978	"ETV3"
"PENGWINKLER_PALMITATE_UP_FDR05"	1979	"NOP9"
"PENGWINKLER_PALMITATE_UP_FDR05"	1980	"SRP54C"
"PENGWINKLER_PALMITATE_UP_FDR05"	1981	"POLD2"
"PENGWINKLER_PALMITATE_UP_FDR05"	1982	"SMTN"
"PENGWINKLER_PALMITATE_UP_FDR05"	1983	"DLGAP5"
"PENGWINKLER_PALMITATE_UP_FDR05"	1984	"SRP68"
"PENGWINKLER_PALMITATE_UP_FDR05"	1985	"WDR46"
"PENGWINKLER_PALMITATE_UP_FDR05"	1986	"CCAR2"
"PENGWINKLER_PALMITATE_UP_FDR05"	1987	"UTP4"
"PENGWINKLER_PALMITATE_UP_FDR05"	1988	"DRG2"
"PENGWINKLER_PALMITATE_UP_FDR05"	1989	"WDR18"
"PENGWINKLER_PALMITATE_UP_FDR05"	1990	"4933404O12RIK"
"PENGWINKLER_PALMITATE_UP_FDR05"	1991	"NCOA4"
"PENGWINKLER_PALMITATE_UP_FDR05"	1992	"PREX1"
"PENGWINKLER_PALMITATE_UP_FDR05"	1993	"SPAG5"
"PENGWINKLER_PALMITATE_UP_FDR05"	1994	"HHAT"
"PENGWINKLER_PALMITATE_UP_FDR05"	1995	"TRAM1"
"PENGWINKLER_PALMITATE_UP_FDR05"	1996	"PKMYT1"
"PENGWINKLER_PALMITATE_UP_FDR05"	1997	"NCS1"
"PENGWINKLER_PALMITATE_UP_FDR05"	1998	"OIP5OS1"
"PENGWINKLER_PALMITATE_UP_FDR05"	1999	"ZFP408"
"PENGWINKLER_PALMITATE_UP_FDR05"	2000	"RPS6KB1"
"PENGWINKLER_PALMITATE_UP_FDR05"	2001	"TRIM59"
"PENGWINKLER_PALMITATE_UP_FDR05"	2002	"BTC"
"PENGWINKLER_PALMITATE_UP_FDR05"	2003	"SH3YL1"
"PENGWINKLER_PALMITATE_UP_FDR05"	2004	"OSBPL7"
"PENGWINKLER_PALMITATE_UP_FDR05"	2005	"ANK3"
"PENGWINKLER_PALMITATE_UP_FDR05"	2006	"TEPSIN"
"PENGWINKLER_PALMITATE_UP_FDR05"	2007	"NLRC5"
"PENGWINKLER_PALMITATE_UP_FDR05"	2008	"KLHDC1"
"PENGWINKLER_PALMITATE_UP_FDR05"	2009	"SMG6"
"PENGWINKLER_PALMITATE_UP_FDR05"	2010	"HDAC4"
"PENGWINKLER_PALMITATE_UP_FDR05"	2011	"VRK1"
"PENGWINKLER_PALMITATE_UP_FDR05"	2012	"WFDC2"
"PENGWINKLER_PALMITATE_UP_FDR05"	2013	"NEURL4"
"PENGWINKLER_PALMITATE_UP_FDR05"	2014	"CLPP"
"PENGWINKLER_PALMITATE_UP_FDR05"	2015	"SRPK1"
"PENGWINKLER_PALMITATE_UP_FDR05"	2016	"DDX46"
"PENGWINKLER_PALMITATE_UP_FDR05"	2017	"FLYWCH1"
"PENGWINKLER_PALMITATE_UP_FDR05"	2018	"COG2"
"PENGWINKLER_PALMITATE_UP_FDR05"	2019	"FAM81A"
"PENGWINKLER_PALMITATE_UP_FDR05"	2020	"SLC12A6"
"PENGWINKLER_PALMITATE_UP_FDR05"	2021	"PNPLA8"
"PENGWINKLER_PALMITATE_UP_FDR05"	2022	"KPNA4"
"PENGWINKLER_PALMITATE_UP_FDR05"	2023	"LSM11"
"PENGWINKLER_PALMITATE_UP_FDR05"	2024	"SLC16A6"
"PENGWINKLER_PALMITATE_UP_FDR05"	2025	"COQ9"
"PENGWINKLER_PALMITATE_UP_FDR05"	2026	"PLEKHA7"
"PENGWINKLER_PALMITATE_UP_FDR05"	2027	"PITPNM3"
"PENGWINKLER_PALMITATE_UP_FDR05"	2028	"TMEM144"
"PENGWINKLER_PALMITATE_UP_FDR05"	2029	"AP3M2"
"PENGWINKLER_PALMITATE_UP_FDR05"	2030	"NXT1"
"PENGWINKLER_PALMITATE_UP_FDR05"	2031	"HCN2"
"PENGWINKLER_PALMITATE_UP_FDR05"	2032	"PTCD1"
"PENGWINKLER_PALMITATE_UP_FDR05"	2033	"SAMHD1"
"PENGWINKLER_PALMITATE_UP_FDR05"	2034	"MARS1"
"PENGWINKLER_PALMITATE_UP_FDR05"	2035	"TAF1C"
"PENGWINKLER_PALMITATE_UP_FDR05"	2036	"SMCHD1"
"PENGWINKLER_PALMITATE_UP_FDR05"	2037	"RNF113A2"
"PENGWINKLER_PALMITATE_UP_FDR05"	2038	"MTSS1"
"PENGWINKLER_PALMITATE_UP_FDR05"	2039	"GAK"
"PENGWINKLER_PALMITATE_UP_FDR05"	2040	"VEZF1"
"PENGWINKLER_PALMITATE_UP_FDR05"	2041	"AREL1"
"PENGWINKLER_PALMITATE_UP_FDR05"	2042	"USP1"
"PENGWINKLER_PALMITATE_UP_FDR05"	2043	"2700097O09RIK"
"PENGWINKLER_PALMITATE_UP_FDR05"	2044	"RECQL5"
"PENGWINKLER_PALMITATE_UP_FDR05"	2045	"ARHGAP31"
"PENGWINKLER_PALMITATE_UP_FDR05"	2046	"DEPDC7"
"PENGWINKLER_PALMITATE_UP_FDR05"	2047	"LHFPL4"
"PENGWINKLER_PALMITATE_UP_FDR05"	2048	"TMX2"
"PENGWINKLER_PALMITATE_UP_FDR05"	2049	"SLC35B4"
"PENGWINKLER_PALMITATE_UP_FDR05"	2050	"TTI1"
"PENGWINKLER_PALMITATE_UP_FDR05"	2051	"NFIX"
"PENGWINKLER_PALMITATE_UP_FDR05"	2052	"ADSSL1"
"PENGWINKLER_PALMITATE_UP_FDR05"	2053	"TMX4"
"PENGWINKLER_PALMITATE_UP_FDR05"	2054	"CCDC137"
"PENGWINKLER_PALMITATE_UP_FDR05"	2055	"TES"
"PENGWINKLER_PALMITATE_UP_FDR05"	2056	"PHLDA1"
"PENGWINKLER_PALMITATE_UP_FDR05"	2057	"MNAT1"
"PENGWINKLER_PALMITATE_UP_FDR05"	2058	"DHRS13"
"PENGWINKLER_PALMITATE_UP_FDR05"	2059	"AZIN1"
"PENGWINKLER_PALMITATE_UP_FDR05"	2060	"BEND3"
"PENGWINKLER_PALMITATE_UP_FDR05"	2061	"ACOT9"
"PENGWINKLER_PALMITATE_UP_FDR05"	2062	"GATAD2A"
"PENGWINKLER_PALMITATE_UP_FDR05"	2063	"FBXO48"
"PENGWINKLER_PALMITATE_UP_FDR05"	2064	"PIP4K2C"
"PENGWINKLER_PALMITATE_UP_FDR05"	2065	"CST3"
"PENGWINKLER_PALMITATE_UP_FDR05"	2066	"RBM43"
"PENGWINKLER_PALMITATE_UP_FDR05"	2067	"DTWD1"
"PENGWINKLER_PALMITATE_UP_FDR05"	2068	"SP2"
"PENGWINKLER_PALMITATE_UP_FDR05"	2069	"BCLAF3"
"PENGWINKLER_PALMITATE_UP_FDR05"	2070	"TMED4"
"PENGWINKLER_PALMITATE_UP_FDR05"	2071	"SIPA1"
"PENGWINKLER_PALMITATE_UP_FDR05"	2072	"CHCHD10"
"PENGWINKLER_PALMITATE_UP_FDR05"	2073	"SELENOH"
"PENGWINKLER_PALMITATE_UP_FDR05"	2074	"TRAPPC6B"
"PENGWINKLER_PALMITATE_UP_FDR05"	2075	"MFHAS1"
"PENGWINKLER_PALMITATE_UP_FDR05"	2076	"PNO1"
"PENGWINKLER_PALMITATE_UP_FDR05"	2077	"TUBGCP6"
"PENGWINKLER_PALMITATE_UP_FDR05"	2078	"H13"
"PENGWINKLER_PALMITATE_UP_FDR05"	2079	"GLIS3"
"PENGWINKLER_PALMITATE_UP_FDR05"	2080	"SYNRG"
"PENGWINKLER_PALMITATE_UP_FDR05"	2081	"UBR2"
"PENGWINKLER_PALMITATE_UP_FDR05"	2082	"SAMD5"
"PENGWINKLER_PALMITATE_UP_FDR05"	2083	"ATXN3"
"PENGWINKLER_PALMITATE_UP_FDR05"	2084	"MAP2K1"
"PENGWINKLER_PALMITATE_UP_FDR05"	2085	"EAF1"
"PENGWINKLER_PALMITATE_UP_FDR05"	2086	"INO80"
"PENGWINKLER_PALMITATE_UP_FDR05"	2087	"TPRG"
"PENGWINKLER_PALMITATE_UP_FDR05"	2088	"MED13"
"PENGWINKLER_PALMITATE_UP_FDR05"	2089	"RNF149"
"PENGWINKLER_PALMITATE_UP_FDR05"	2090	"SEMA3C"
"PENGWINKLER_PALMITATE_UP_FDR05"	2091	"MRPS23"
"PENGWINKLER_PALMITATE_UP_FDR05"	2092	"TBCD"
"PENGWINKLER_PALMITATE_UP_FDR05"	2093	"FBXL8"
"PENGWINKLER_PALMITATE_UP_FDR05"	2094	"RB1"
"PENGWINKLER_PALMITATE_UP_FDR05"	2095	"RPL27"
"PENGWINKLER_PALMITATE_UP_FDR05"	2096	"S100G"
"PENGWINKLER_PALMITATE_UP_FDR05"	2097	"RNF167"
"PENGWINKLER_PALMITATE_UP_FDR05"	2098	"RARA"
"PENGWINKLER_PALMITATE_UP_FDR05"	2099	"CPT2"
"PENGWINKLER_PALMITATE_UP_FDR05"	2100	"PRELID3B"
"PENGWINKLER_PALMITATE_UP_FDR05"	2101	"EXD2"
"PENGWINKLER_PALMITATE_UP_FDR05"	2102	"USP6NL"
"PENGWINKLER_PALMITATE_UP_FDR05"	2103	"SNAPC2"
"PENGWINKLER_PALMITATE_UP_FDR05"	2104	"GM14206"
"PENGWINKLER_PALMITATE_UP_FDR05"	2105	"CXXC1"
"PENGWINKLER_PALMITATE_UP_FDR05"	2106	"AIF1L"
"PENGWINKLER_PALMITATE_UP_FDR05"	2107	"BCAR3"
"PENGWINKLER_PALMITATE_UP_FDR05"	2108	"ROMO1"
"PENGWINKLER_PALMITATE_UP_FDR05"	2109	"SESN2"
"PENGWINKLER_PALMITATE_UP_FDR05"	2110	"NPR2"
"PENGWINKLER_PALMITATE_UP_FDR05"	2111	"ALYREF"
"PENGWINKLER_PALMITATE_UP_FDR05"	2112	"ALDH7A1"
"PENGWINKLER_PALMITATE_UP_FDR05"	2113	"CCDC32"
"PENGWINKLER_PALMITATE_UP_FDR05"	2114	"SERF2"
"PENGWINKLER_PALMITATE_UP_FDR05"	2115	"TRIM25"
"PENGWINKLER_PALMITATE_UP_FDR05"	2116	"PSME3IP1"
"PENGWINKLER_PALMITATE_UP_FDR05"	2117	"DCTPP1"
"PENGWINKLER_PALMITATE_UP_FDR05"	2118	"SQSTM1"
"PENGWINKLER_PALMITATE_UP_FDR05"	2119	"JAK3"
"PENGWINKLER_PALMITATE_UP_FDR05"	2120	"NCBP3"
"PENGWINKLER_PALMITATE_UP_FDR05"	2121	"ATAD2"
"PENGWINKLER_PALMITATE_UP_FDR05"	2122	"CNP"
"PENGWINKLER_PALMITATE_UP_FDR05"	2123	"PDCD11"
"PENGWINKLER_PALMITATE_UP_FDR05"	2124	"GFM1"
"PENGWINKLER_PALMITATE_UP_FDR05"	2125	"PIGU"
"PENGWINKLER_PALMITATE_UP_FDR05"	2126	"CRYL1"
"PENGWINKLER_PALMITATE_UP_FDR05"	2127	"NCOA1"
"PENGWINKLER_PALMITATE_UP_FDR05"	2128	"THEM6"
"PENGWINKLER_PALMITATE_UP_FDR05"	2129	"ECSIT"
"PENGWINKLER_PALMITATE_UP_FDR05"	2130	"TRAP1"
"PENGWINKLER_PALMITATE_UP_FDR05"	2131	"NDUFAF1"
"PENGWINKLER_PALMITATE_UP_FDR05"	2132	"TK1"
"PENGWINKLER_PALMITATE_UP_FDR05"	2133	"BOD1"
"PENGWINKLER_PALMITATE_UP_FDR05"	2134	"DNAAF10"
"PENGWINKLER_PALMITATE_UP_FDR05"	2135	"SCAMP5"
"PENGWINKLER_PALMITATE_UP_FDR05"	2136	"METTL7A1"
"PENGWINKLER_PALMITATE_UP_FDR05"	2137	"TNFSF15"
"PENGWINKLER_PALMITATE_UP_FDR05"	2138	"FASN"
"PENGWINKLER_PALMITATE_UP_FDR05"	2139	"CKAP4"
"PENGWINKLER_PALMITATE_UP_FDR05"	2140	"GRTP1"
"PENGWINKLER_PALMITATE_UP_FDR05"	2141	"RAB10OS"
"PENGWINKLER_PALMITATE_UP_FDR05"	2142	"AMFR"
"PENGWINKLER_PALMITATE_UP_FDR05"	2143	"PGM2L1"
"PENGWINKLER_PALMITATE_UP_FDR05"	2144	"HNRNPA3"
"PENGWINKLER_PALMITATE_UP_FDR05"	2145	"USP47"
"PENGWINKLER_PALMITATE_UP_FDR05"	2146	"HAUS6"
"PENGWINKLER_PALMITATE_UP_FDR05"	2147	"IDE"
"PENGWINKLER_PALMITATE_UP_FDR05"	2148	"TOM1L2"
"PENGWINKLER_PALMITATE_UP_FDR05"	2149	"DHX15"
"PENGWINKLER_PALMITATE_UP_FDR05"	2150	"NAF1"
"PENGWINKLER_PALMITATE_UP_FDR05"	2151	"NOP10"
"PENGWINKLER_PALMITATE_UP_FDR05"	2152	"DUSP14"
"PENGWINKLER_PALMITATE_UP_FDR05"	2153	"KCNC3"
"PENGWINKLER_PALMITATE_UP_FDR05"	2154	"RAB27B"
"PENGWINKLER_PALMITATE_UP_FDR05"	2155	"CCDC66"
"PENGWINKLER_PALMITATE_UP_FDR05"	2156	"RRP1"
"PENGWINKLER_PALMITATE_UP_FDR05"	2157	"TMEM40"
"PENGWINKLER_PALMITATE_UP_FDR05"	2158	"XPO5"
"PENGWINKLER_PALMITATE_UP_FDR05"	2159	"DHX33"
"PENGWINKLER_PALMITATE_UP_FDR05"	2160	"ZAP70"
"PENGWINKLER_PALMITATE_UP_FDR05"	2161	"NECAB3"
"PENGWINKLER_PALMITATE_UP_FDR05"	2162	"ZFP655"
"PENGWINKLER_PALMITATE_UP_FDR05"	2163	"PGBD5"
"PENGWINKLER_PALMITATE_UP_FDR05"	2164	"SLC16A13"
"PENGWINKLER_PALMITATE_UP_FDR05"	2165	"TRIB3"
"PENGWINKLER_PALMITATE_UP_FDR05"	2166	"EXO1"
"PENGWINKLER_PALMITATE_UP_FDR05"	2167	"CERCAM"
"PENGWINKLER_PALMITATE_UP_FDR05"	2168	"ASS1"
"PENGWINKLER_PALMITATE_UP_FDR05"	2169	"PNPO"
"PENGWINKLER_PALMITATE_UP_FDR05"	2170	"PAWR"
"PENGWINKLER_PALMITATE_UP_FDR05"	2171	"EIF2B1"
"PENGWINKLER_PALMITATE_UP_FDR05"	2172	"OPA3"
"PENGWINKLER_PALMITATE_UP_FDR05"	2173	"UBR4"
"PENGWINKLER_PALMITATE_UP_FDR05"	2174	"AGPAT2"
"PENGWINKLER_PALMITATE_UP_FDR05"	2175	"TICRR"
"PENGWINKLER_PALMITATE_UP_FDR05"	2176	"VPS13C"
"PENGWINKLER_PALMITATE_UP_FDR05"	2177	"TOMM22"
"PENGWINKLER_PALMITATE_UP_FDR05"	2178	"CAST"
"PENGWINKLER_PALMITATE_UP_FDR05"	2179	"ZC3H12C"
"PENGWINKLER_PALMITATE_UP_FDR05"	2180	"GM42463"
"PENGWINKLER_PALMITATE_UP_FDR05"	2181	"XRCC6"
"PENGWINKLER_PALMITATE_UP_FDR05"	2182	"CSNK2A1"
"PENGWINKLER_PALMITATE_UP_FDR05"	2183	"NT5C"
"PENGWINKLER_PALMITATE_UP_FDR05"	2184	"PRKDC"
"PENGWINKLER_PALMITATE_UP_FDR05"	2185	"SBF1"
"PENGWINKLER_PALMITATE_UP_FDR05"	2186	"MIDEAS"
"PENGWINKLER_PALMITATE_UP_FDR05"	2187	"CEP295"
"PENGWINKLER_PALMITATE_UP_FDR05"	2188	"ADAMTS10"
"PENGWINKLER_PALMITATE_UP_FDR05"	2189	"BCORL1"
"PENGWINKLER_PALMITATE_UP_FDR05"	2190	"NR2C2AP"
"PENGWINKLER_PALMITATE_UP_FDR05"	2191	"ZFYVE19"
"PENGWINKLER_PALMITATE_UP_FDR05"	2192	"CD68"
"PENGWINKLER_PALMITATE_UP_FDR05"	2193	"TTC32"
"PENGWINKLER_PALMITATE_UP_FDR05"	2194	"DNMT3B"
"PENGWINKLER_PALMITATE_UP_FDR05"	2195	"NBAS"
"PENGWINKLER_PALMITATE_UP_FDR05"	2196	"NCAPD2"
"PENGWINKLER_PALMITATE_UP_FDR05"	2197	"PPP2R2D"
"PENGWINKLER_PALMITATE_UP_FDR05"	2198	"NACC2"
"PENGWINKLER_PALMITATE_UP_FDR05"	2199	"ORC6"
"PENGWINKLER_PALMITATE_UP_FDR05"	2200	"RNF187"
"PENGWINKLER_PALMITATE_UP_FDR05"	2201	"TCF23"
"PENGWINKLER_PALMITATE_UP_FDR05"	2202	"RCC1"
"PENGWINKLER_PALMITATE_UP_FDR05"	2203	"REX1BD"
"PENGWINKLER_PALMITATE_UP_FDR05"	2204	"FAM168A"
"PENGWINKLER_PALMITATE_UP_FDR05"	2205	"MRGPRB3"
"PENGWINKLER_PALMITATE_UP_FDR05"	2206	"GSPT2"
"PENGWINKLER_PALMITATE_UP_FDR05"	2207	"RUNX2"
"PENGWINKLER_PALMITATE_UP_FDR05"	2208	"CIB3"
"PENGWINKLER_PALMITATE_UP_FDR05"	2209	"AHSA2"
"PENGWINKLER_PALMITATE_UP_FDR05"	2210	"GZF1"
"PENGWINKLER_PALMITATE_UP_FDR05"	2211	"CTR9"
"PENGWINKLER_PALMITATE_UP_FDR05"	2212	"TASOR"
"PENGWINKLER_PALMITATE_UP_FDR05"	2213	"MTMR4"
"PENGWINKLER_PALMITATE_UP_FDR05"	2214	"ZFP830"
"PENGWINKLER_PALMITATE_UP_FDR05"	2215	"AK3"
"PENGWINKLER_PALMITATE_UP_FDR05"	2216	"FBXO8"
"PENGWINKLER_PALMITATE_UP_FDR05"	2217	"PRDM4"
"PENGWINKLER_PALMITATE_UP_FDR05"	2218	"HJURP"
"PENGWINKLER_PALMITATE_UP_FDR05"	2219	"RBP4"
"PENGWINKLER_PALMITATE_UP_FDR05"	2220	"OIP5"
"PENGWINKLER_PALMITATE_UP_FDR05"	2221	"SERPINB10"
"PENGWINKLER_PALMITATE_UP_FDR05"	2222	"MTIF2"
"PENGWINKLER_PALMITATE_UP_FDR05"	2223	"PCED1A"
"PENGWINKLER_PALMITATE_UP_FDR05"	2224	"NLRC4"
"PENGWINKLER_PALMITATE_UP_FDR05"	2225	"MRPS15"
"PENGWINKLER_PALMITATE_UP_FDR05"	2226	"WEE1"
"PENGWINKLER_PALMITATE_UP_FDR05"	2227	"WDCP"
"PENGWINKLER_PALMITATE_UP_FDR05"	2228	"HAUS8"
"PENGWINKLER_PALMITATE_UP_FDR05"	2229	"DNPH1"
"PENGWINKLER_PALMITATE_UP_FDR05"	2230	"ZFP62"
"PENGWINKLER_PALMITATE_UP_FDR05"	2231	"NETO2"
"PENGWINKLER_PALMITATE_UP_FDR05"	2232	"SEC23A"
"PENGWINKLER_PALMITATE_UP_FDR05"	2233	"WDR62"
"PENGWINKLER_PALMITATE_UP_FDR05"	2234	"DENND3"
"PENGWINKLER_PALMITATE_UP_FDR05"	2235	"PHLPP2"
"PENGWINKLER_PALMITATE_UP_FDR05"	2236	"ANAPC10"
"PENGWINKLER_PALMITATE_UP_FDR05"	2237	"NKAIN1"
"PENGWINKLER_PALMITATE_UP_FDR05"	2238	"AKAP1"
"PENGWINKLER_PALMITATE_UP_FDR05"	2239	"PLEKHH1"
"PENGWINKLER_PALMITATE_UP_FDR05"	2240	"MAN2A1"
"PENGWINKLER_PALMITATE_UP_FDR05"	2241	"ST3GAL2"
"PENGWINKLER_PALMITATE_UP_FDR05"	2242	"SPTB"
"PENGWINKLER_PALMITATE_UP_FDR05"	2243	"CISD1"
"PENGWINKLER_PALMITATE_UP_FDR05"	2244	"PIGB"
"PENGWINKLER_PALMITATE_UP_FDR05"	2245	"FOXP1"
"PENGWINKLER_PALMITATE_UP_FDR05"	2246	"MYH14"
"PENGWINKLER_PALMITATE_UP_FDR05"	2247	"USP32"
"PENGWINKLER_PALMITATE_UP_FDR05"	2248	"PRPF31"
"PENGWINKLER_PALMITATE_UP_FDR05"	2249	"AGPAT4"
"PENGWINKLER_PALMITATE_UP_FDR05"	2250	"CAP1"
"PENGWINKLER_PALMITATE_UP_FDR05"	2251	"KRT13"
"PENGWINKLER_PALMITATE_UP_FDR05"	2252	"GNPTAB"
"PENGWINKLER_PALMITATE_UP_FDR05"	2253	"RNASEH1"
"PENGWINKLER_PALMITATE_UP_FDR05"	2254	"NFATC2IP"
"PENGWINKLER_PALMITATE_UP_FDR05"	2255	"NDUFV1"
"PENGWINKLER_PALMITATE_UP_FDR05"	2256	"LRRC57"
"PENGWINKLER_PALMITATE_UP_FDR05"	2257	"DTL"
"PENGWINKLER_PALMITATE_UP_FDR05"	2258	"DGKZ"
"PENGWINKLER_PALMITATE_UP_FDR05"	2259	"LUZP1"
"PENGWINKLER_PALMITATE_UP_FDR05"	2260	"TRIB1"
"PENGWINKLER_PALMITATE_UP_FDR05"	2261	"AIG1"
"PENGWINKLER_PALMITATE_UP_FDR05"	2262	"DHRS3"
"PENGWINKLER_PALMITATE_UP_FDR05"	2263	"GALNT10"
"PENGWINKLER_PALMITATE_UP_FDR05"	2264	"CENPT"
"PENGWINKLER_PALMITATE_UP_FDR05"	2265	"SP140"
"PENGWINKLER_PALMITATE_UP_FDR05"	2266	"DYNLRB1"
"PENGWINKLER_PALMITATE_UP_FDR05"	2267	"NRM"
"PENGWINKLER_PALMITATE_UP_FDR05"	2268	"TLR9"
"PENGWINKLER_PALMITATE_UP_FDR05"	2269	"PTGR1"
"PENGWINKLER_PALMITATE_UP_FDR05"	2270	"MYZAP"
"PENGWINKLER_PALMITATE_UP_FDR05"	2271	"PDS5B"
"PENGWINKLER_PALMITATE_UP_FDR05"	2272	"LOXL3"
"PENGWINKLER_PALMITATE_UP_FDR05"	2273	"MRPL38"
"PENGWINKLER_PALMITATE_UP_FDR05"	2274	"USP43"
"PENGWINKLER_PALMITATE_UP_FDR05"	2275	"DST"
"PENGWINKLER_PALMITATE_UP_FDR05"	2276	"SMIM22"
"PENGWINKLER_PALMITATE_UP_FDR05"	2277	"POLR1C"
"PENGWINKLER_PALMITATE_UP_FDR05"	2278	"EIF1AD7"
"PENGWINKLER_PALMITATE_UP_FDR05"	2279	"MED9"
"PENGWINKLER_PALMITATE_UP_FDR05"	2280	"ROCK1"
"PENGWINKLER_PALMITATE_UP_FDR05"	2281	"TTI2"
"PENGWINKLER_PALMITATE_UP_FDR05"	2282	"GSTT1"
"PENGWINKLER_PALMITATE_UP_FDR05"	2283	"ONECUT3"
"PENGWINKLER_PALMITATE_UP_FDR05"	2284	"ZFP882"
"PENGWINKLER_PALMITATE_UP_FDR05"	2285	"SLC17A6"
"PENGWINKLER_PALMITATE_UP_FDR05"	2286	"RRP36"
"PENGWINKLER_PALMITATE_UP_FDR05"	2287	"MRPS9"
"PENGWINKLER_PALMITATE_UP_FDR05"	2288	"SH3PXD2B"
"PENGWINKLER_PALMITATE_UP_FDR05"	2289	"PPP1R18"
"PENGWINKLER_PALMITATE_UP_FDR05"	2290	"RIOK3"
"PENGWINKLER_PALMITATE_UP_FDR05"	2291	"YRDC"
"PENGWINKLER_PALMITATE_UP_FDR05"	2292	"PACS1"
"PENGWINKLER_PALMITATE_UP_FDR05"	2293	"FAM83H"
"PENGWINKLER_PALMITATE_UP_FDR05"	2294	"SPEG"
"PENGWINKLER_PALMITATE_UP_FDR05"	2295	"HAUS4"
"PENGWINKLER_PALMITATE_UP_FDR05"	2296	"OGFOD1"
"PENGWINKLER_PALMITATE_UP_FDR05"	2297	"CDCA5"
"PENGWINKLER_PALMITATE_UP_FDR05"	2298	"NCAPD3"
"PENGWINKLER_PALMITATE_UP_FDR05"	2299	"TUBB4B"
"PENGWINKLER_PALMITATE_UP_FDR05"	2300	"RNF168"
"PENGWINKLER_PALMITATE_UP_FDR05"	2301	"MEMO1"
"PENGWINKLER_PALMITATE_UP_FDR05"	2302	"ZSCAN4D"
"PENGWINKLER_PALMITATE_UP_FDR05"	2303	"LCK"
"PENGWINKLER_PALMITATE_UP_FDR05"	2304	"EPAS1"
"PENGWINKLER_PALMITATE_UP_FDR05"	2305	"DEPDC5"
"PENGWINKLER_PALMITATE_UP_FDR05"	2306	"ARAP2"
"PENGWINKLER_PALMITATE_UP_FDR05"	2307	"VPS52"
"PENGWINKLER_PALMITATE_UP_FDR05"	2308	"EXT1"
"PENGWINKLER_PALMITATE_UP_FDR05"	2309	"VAX2"
"PENGWINKLER_PALMITATE_UP_FDR05"	2310	"ALG10B"
"PENGWINKLER_PALMITATE_UP_FDR05"	2311	"FER1L6"
"PENGWINKLER_PALMITATE_UP_FDR05"	2312	"MCUB"
"PENGWINKLER_PALMITATE_UP_FDR05"	2313	"PA2G4"
"PENGWINKLER_PALMITATE_UP_FDR05"	2314	"MTUS2"
"PENGWINKLER_PALMITATE_UP_FDR05"	2315	"CBR1"
"PENGWINKLER_PALMITATE_UP_FDR05"	2316	"DMXL2"
"PENGWINKLER_PALMITATE_UP_FDR05"	2317	"BEND7"
"PENGWINKLER_PALMITATE_UP_FDR05"	2318	"PBX4"
"PENGWINKLER_PALMITATE_UP_FDR05"	2319	"ENGASE"
"PENGWINKLER_PALMITATE_UP_FDR05"	2320	"EFNB2"
"PENGWINKLER_PALMITATE_UP_FDR05"	2321	"DYNC1LI2"
"PENGWINKLER_PALMITATE_UP_FDR05"	2322	"H2-K2"
"PENGWINKLER_PALMITATE_UP_FDR05"	2323	"MKS1"
"PENGWINKLER_PALMITATE_UP_FDR05"	2324	"CLN3"
"PENGWINKLER_PALMITATE_UP_FDR05"	2325	"GATAD1"
"PENGWINKLER_PALMITATE_UP_FDR05"	2326	"POLR1F"
"PENGWINKLER_PALMITATE_UP_FDR05"	2327	"FEM1B"
"PENGWINKLER_PALMITATE_UP_FDR05"	2328	"MCM4"
"PENGWINKLER_PALMITATE_UP_FDR05"	2329	"RTEL1"
"PENGWINKLER_PALMITATE_UP_FDR05"	2330	"SOGA1"
"PENGWINKLER_PALMITATE_UP_FDR05"	2331	"ARRB2"
"PENGWINKLER_PALMITATE_UP_FDR05"	2332	"CUEDC2"
"PENGWINKLER_PALMITATE_UP_FDR05"	2333	"AOPEP"
"PENGWINKLER_PALMITATE_UP_FDR05"	2334	"GNL1"
"PENGWINKLER_PALMITATE_UP_FDR05"	2335	"MKX"
"PENGWINKLER_PALMITATE_UP_FDR05"	2336	"BTN1A1"
"PENGWINKLER_PALMITATE_UP_FDR05"	2337	"CDIN1"
"PENGWINKLER_PALMITATE_UP_FDR05"	2338	"PUS1"
"PENGWINKLER_PALMITATE_UP_FDR05"	2339	"YWHAQ"
"PENGWINKLER_PALMITATE_UP_FDR05"	2340	"HSBP1"
"PENGWINKLER_PALMITATE_UP_FDR05"	2341	"PDK4"
"PENGWINKLER_PALMITATE_UP_FDR05"	2342	"LACC1"
"PENGWINKLER_PALMITATE_UP_FDR05"	2343	"FOXA2"
"PENGWINKLER_PALMITATE_UP_FDR05"	2344	"ASCC2"
"PENGWINKLER_PALMITATE_UP_FDR05"	2345	"TBC1D30"
"PENGWINKLER_PALMITATE_UP_FDR05"	2346	"VPS35"
"PENGWINKLER_PALMITATE_UP_FDR05"	2347	"TNFSF12"
"PENGWINKLER_PALMITATE_UP_FDR05"	2348	"RNF216"
"PENGWINKLER_PALMITATE_UP_FDR05"	2349	"SLIRP"
"PENGWINKLER_PALMITATE_UP_FDR05"	2350	"HELB"
"PENGWINKLER_PALMITATE_UP_FDR05"	2351	"ASAP1"
"PENGWINKLER_PALMITATE_UP_FDR05"	2352	"SERPINB2"
"PENGWINKLER_PALMITATE_UP_FDR05"	2353	"MSTO1"
"PENGWINKLER_PALMITATE_UP_FDR05"	2354	"SHC1"
"PENGWINKLER_PALMITATE_UP_FDR05"	2355	"NUP54"
"PENGWINKLER_PALMITATE_UP_FDR05"	2356	"VAT1"
"PENGWINKLER_PALMITATE_UP_FDR05"	2357	"PRODH"
"PENGWINKLER_PALMITATE_UP_FDR05"	2358	"GPR39"
"PENGWINKLER_PALMITATE_UP_FDR05"	2359	"GM34256"
"PENGWINKLER_PALMITATE_UP_FDR05"	2360	"DIPK2A"
"PENGWINKLER_PALMITATE_UP_FDR05"	2361	"RNF183"
"PENGWINKLER_PALMITATE_UP_FDR05"	2362	"FCF1"
"PENGWINKLER_PALMITATE_UP_FDR05"	2363	"FNDC5"
"PENGWINKLER_PALMITATE_UP_FDR05"	2364	"ANO9"
"PENGWINKLER_PALMITATE_UP_FDR05"	2365	"SLC25A21"
"PENGWINKLER_PALMITATE_UP_FDR05"	2366	"AP1G1"
"PENGWINKLER_PALMITATE_UP_FDR05"	2367	"UQCRQ"
"PENGWINKLER_PALMITATE_UP_FDR05"	2368	"SLC35B1"
"PENGWINKLER_PALMITATE_UP_FDR05"	2369	"TIMM9"
"PENGWINKLER_PALMITATE_UP_FDR05"	2370	"QSOX2"
"PENGWINKLER_PALMITATE_UP_FDR05"	2371	"RRS1"
"PENGWINKLER_PALMITATE_UP_FDR05"	2372	"CAMTA2"
"PENGWINKLER_PALMITATE_UP_FDR05"	2373	"CCDC88C"
"PENGWINKLER_PALMITATE_UP_FDR05"	2374	"SDHB"
"PENGWINKLER_PALMITATE_UP_FDR05"	2375	"8030462N17RIK"
"PENGWINKLER_PALMITATE_UP_FDR05"	2376	"FANCG"
"PENGWINKLER_PALMITATE_UP_FDR05"	2377	"ARHGDIB"
"PENGWINKLER_PALMITATE_UP_FDR05"	2378	"YY1"
"PENGWINKLER_PALMITATE_UP_FDR05"	2379	"AHCTF1"
"PENGWINKLER_PALMITATE_UP_FDR05"	2380	"CRYBG3"
"PENGWINKLER_PALMITATE_UP_FDR05"	2381	"ALG8"
"PENGWINKLER_PALMITATE_UP_FDR05"	2382	"GGNBP2"
"PENGWINKLER_PALMITATE_UP_FDR05"	2383	"EML5"
"PENGWINKLER_PALMITATE_UP_FDR05"	2384	"CMTM3"
"PENGWINKLER_PALMITATE_UP_FDR05"	2385	"USP44"
"PENGWINKLER_PALMITATE_UP_FDR05"	2386	"SUGT1"
"PENGWINKLER_PALMITATE_UP_FDR05"	2387	"GAS2L3"
"PENGWINKLER_PALMITATE_UP_FDR05"	2388	"MGAM2-PS"
"PENGWINKLER_PALMITATE_UP_FDR05"	2389	"XK"
"PENGWINKLER_PALMITATE_UP_FDR05"	2390	"AIFM3"
"PENGWINKLER_PALMITATE_UP_FDR05"	2391	"TUBB4A"
"PENGWINKLER_PALMITATE_UP_FDR05"	2392	"SH2B2"
"PENGWINKLER_PALMITATE_UP_FDR05"	2393	"CHD2"
"PENGWINKLER_PALMITATE_UP_FDR05"	2394	"USP24"
"PENGWINKLER_PALMITATE_UP_FDR05"	2395	"ENSMUSG00000121069"
"PENGWINKLER_PALMITATE_UP_FDR05"	2396	"WDR35"
"PENGWINKLER_PALMITATE_UP_FDR05"	2397	"EMC6"
"PENGWINKLER_PALMITATE_UP_FDR05"	2398	"ZFP101"
"PENGWINKLER_PALMITATE_UP_FDR05"	2399	"CTDNEP1"
"PENGWINKLER_PALMITATE_UP_FDR05"	2400	"TLE4"
"PENGWINKLER_PALMITATE_UP_FDR05"	2401	"DTNBP1"
"PENGWINKLER_PALMITATE_UP_FDR05"	2402	"ATP5J2"
"PENGWINKLER_PALMITATE_UP_FDR05"	2403	"MRPS24"
"PENGWINKLER_PALMITATE_UP_FDR05"	2404	"TAF1"
"PENGWINKLER_PALMITATE_UP_FDR05"	2405	"NBR1"
"PENGWINKLER_PALMITATE_UP_FDR05"	2406	"BCL6B"
"PENGWINKLER_PALMITATE_UP_FDR05"	2407	"ITGB1BP1"
"PENGWINKLER_PALMITATE_UP_FDR05"	2408	"RBPJL"
"PENGWINKLER_PALMITATE_UP_FDR05"	2409	"2610021A01RIK"
"PENGWINKLER_PALMITATE_UP_FDR05"	2410	"HCFC1R1"
"PENGWINKLER_PALMITATE_UP_FDR05"	2411	"RCAN3"
"PENGWINKLER_PALMITATE_UP_FDR05"	2412	"GTF2H1"
"PENGWINKLER_PALMITATE_UP_FDR05"	2413	"GLOD5"
"PENGWINKLER_PALMITATE_UP_FDR05"	2414	"PGAM5"
"PENGWINKLER_PALMITATE_UP_FDR05"	2415	"B4GALNT2"
"PENGWINKLER_PALMITATE_UP_FDR05"	2416	"MFGE8"
"PENGWINKLER_PALMITATE_UP_FDR05"	2417	"STIL"
"PENGWINKLER_PALMITATE_UP_FDR05"	2418	"SNX17"
"PENGWINKLER_PALMITATE_UP_FDR05"	2419	"CSTF1"
"PENGWINKLER_PALMITATE_UP_FDR05"	2420	"PSEN1"
"PENGWINKLER_PALMITATE_UP_FDR05"	2421	"PLS3"
"PENGWINKLER_PALMITATE_UP_FDR05"	2422	"NUTF2"
"PENGWINKLER_PALMITATE_UP_FDR05"	2423	"NDUFAF4"
"PENGWINKLER_PALMITATE_UP_FDR05"	2424	"SMIM45"
"PENGWINKLER_PALMITATE_UP_FDR05"	2425	"ALS2"
"PENGWINKLER_PALMITATE_UP_FDR05"	2426	"GPR4"
"PENGWINKLER_PALMITATE_UP_FDR05"	2427	"RFC4"
"PENGWINKLER_PALMITATE_UP_FDR05"	2428	"SDHC"
"PENGWINKLER_PALMITATE_UP_FDR05"	2429	"DHX16"
"PENGWINKLER_PALMITATE_UP_FDR05"	2430	"SYNGR1"
"PENGWINKLER_PALMITATE_UP_FDR05"	2431	"HMMR"
"PENGWINKLER_PALMITATE_UP_FDR05"	2432	"PSMD3"
"PENGWINKLER_PALMITATE_UP_FDR05"	2433	"WBP4"
"PENGWINKLER_PALMITATE_UP_FDR05"	2434	"PXDC1"
"PENGWINKLER_PALMITATE_UP_FDR05"	2435	"NOS1AP"
"PENGWINKLER_PALMITATE_UP_FDR05"	2436	"HLF"
"PENGWINKLER_PALMITATE_UP_FDR05"	2437	"RUFY2"
"PENGWINKLER_PALMITATE_UP_FDR05"	2438	"BRAP"
"PENGWINKLER_PALMITATE_UP_FDR05"	2439	"CWC25"
"PENGWINKLER_PALMITATE_UP_FDR05"	2440	"GABARAP"
"PENGWINKLER_PALMITATE_UP_FDR05"	2441	"PRSS12"
"PENGWINKLER_PALMITATE_UP_FDR05"	2442	"RPL8"
"PENGWINKLER_PALMITATE_UP_FDR05"	2443	"ARHGAP9"
"PENGWINKLER_PALMITATE_UP_FDR05"	2444	"TTLL12"
"PENGWINKLER_PALMITATE_UP_FDR05"	2445	"ZFP867"
"PENGWINKLER_PALMITATE_UP_FDR05"	2446	"SLC36A4"
"PENGWINKLER_PALMITATE_UP_FDR05"	2447	"NICN1"
"PENGWINKLER_PALMITATE_UP_FDR05"	2448	"MBOAT2"
"PENGWINKLER_PALMITATE_UP_FDR05"	2449	"SLC38A10"
"PENGWINKLER_PALMITATE_UP_FDR05"	2450	"GSTO2"
"PENGWINKLER_PALMITATE_UP_FDR05"	2451	"OVOL2"
"PENGWINKLER_PALMITATE_UP_FDR05"	2452	"IFI30"
"PENGWINKLER_PALMITATE_UP_FDR05"	2453	"RACK1"
"PENGWINKLER_PALMITATE_UP_FDR05"	2454	"HEATR3"
"PENGWINKLER_PALMITATE_UP_FDR05"	2455	"NRDE2"
"PENGWINKLER_PALMITATE_UP_FDR05"	2456	"HUNK"
"PENGWINKLER_PALMITATE_UP_FDR05"	2457	"POMP"
"PENGWINKLER_PALMITATE_UP_FDR05"	2458	"UTP18"
"PENGWINKLER_PALMITATE_UP_FDR05"	2459	"PLEK2"
"PENGWINKLER_PALMITATE_UP_FDR05"	2460	"PEAR1"
"PENGWINKLER_PALMITATE_UP_FDR05"	2461	"TASP1"
"PENGWINKLER_PALMITATE_UP_FDR05"	2462	"IFT43"
"PENGWINKLER_PALMITATE_UP_FDR05"	2463	"KBTBD8"
"PENGWINKLER_PALMITATE_UP_FDR05"	2464	"GJC1"
"PENGWINKLER_PALMITATE_UP_FDR05"	2465	"PDZD8"
"PENGWINKLER_PALMITATE_UP_FDR05"	2466	"UBOX5"
"PENGWINKLER_PALMITATE_UP_FDR05"	2467	"NELFCD"
"PENGWINKLER_PALMITATE_UP_FDR05"	2468	"SLC35E4"
"PENGWINKLER_PALMITATE_UP_FDR05"	2469	"FBN1"
"PENGWINKLER_PALMITATE_UP_FDR05"	2470	"CACNB1"
"PENGWINKLER_PALMITATE_UP_FDR05"	2471	"BANF1"
"PENGWINKLER_PALMITATE_UP_FDR05"	2472	"MIS18A"
"PENGWINKLER_PALMITATE_UP_FDR05"	2473	"PLEKHF2"
"PENGWINKLER_PALMITATE_UP_FDR05"	2474	"URGCP"
"PENGWINKLER_PALMITATE_UP_FDR05"	2475	"SMIM1"
"PENGWINKLER_PALMITATE_UP_FDR05"	2476	"NOC2L"
"PENGWINKLER_PALMITATE_UP_FDR05"	2477	"PDPK1"
"PENGWINKLER_PALMITATE_UP_FDR05"	2478	"POLR3C"
"PENGWINKLER_PALMITATE_UP_FDR05"	2479	"ZMAT2"
"PENGWINKLER_PALMITATE_UP_FDR05"	2480	"ATP2A2"
"PENGWINKLER_PALMITATE_UP_FDR05"	2481	"CHD1L"
"PENGWINKLER_PALMITATE_UP_FDR05"	2482	"GALM"
"PENGWINKLER_PALMITATE_UP_FDR05"	2483	"YIF1A"
"PENGWINKLER_PALMITATE_UP_FDR05"	2484	"TIMM10"
"PENGWINKLER_PALMITATE_UP_FDR05"	2485	"MIR6236"
"PENGWINKLER_PALMITATE_UP_FDR05"	2486	"CPSF4"
"PENGWINKLER_PALMITATE_UP_FDR05"	2487	"UCK2"
"PENGWINKLER_PALMITATE_UP_FDR05"	2488	"TSPOAP1"
"PENGWINKLER_PALMITATE_UP_FDR05"	2489	"SCPEP1"
"PENGWINKLER_PALMITATE_UP_FDR05"	2490	"MAZ"
"PENGWINKLER_PALMITATE_UP_FDR05"	2491	"SCD2"
"PENGWINKLER_PALMITATE_UP_FDR05"	2492	"CDC42BPA"
"PENGWINKLER_PALMITATE_UP_FDR05"	2493	"PRPS1"
"PENGWINKLER_PALMITATE_UP_FDR05"	2494	"FDX1"
"PENGWINKLER_PALMITATE_UP_FDR05"	2495	"KIF16B"
"PENGWINKLER_PALMITATE_UP_FDR05"	2496	"TMEM251"
"PENGWINKLER_PALMITATE_UP_FDR05"	2497	"TYK2"
"PENGWINKLER_PALMITATE_UP_FDR05"	2498	"SOS1"
"PENGWINKLER_PALMITATE_UP_FDR05"	2499	"AURKAIP1"
"PENGWINKLER_PALMITATE_UP_FDR05"	2500	"MRPL22"
"PENGWINKLER_PALMITATE_UP_FDR05"	2501	"SAE1"
"PENGWINKLER_PALMITATE_UP_FDR05"	2502	"IER5L"
"PENGWINKLER_PALMITATE_UP_FDR05"	2503	"FHL3"
"PENGWINKLER_PALMITATE_UP_FDR05"	2504	"KLF9"
"PENGWINKLER_PALMITATE_UP_FDR05"	2505	"LHPP"
"PENGWINKLER_PALMITATE_UP_FDR05"	2506	"SHKBP1"
"PENGWINKLER_PALMITATE_UP_FDR05"	2507	"ERC2"
"PENGWINKLER_PALMITATE_UP_FDR05"	2508	"LIN54"
"PENGWINKLER_PALMITATE_UP_FDR05"	2509	"PLGRKT"
"PENGWINKLER_PALMITATE_UP_FDR05"	2510	"LTBP4"
"PENGWINKLER_PALMITATE_UP_FDR05"	2511	"SORD"
"PENGWINKLER_PALMITATE_UP_FDR05"	2512	"2200002D01RIK"
"PENGWINKLER_PALMITATE_UP_FDR05"	2513	"SH3BP4"
"PENGWINKLER_PALMITATE_UP_FDR05"	2514	"CHD4"
"PENGWINKLER_PALMITATE_UP_FDR05"	2515	"MSI2"
"PENGWINKLER_PALMITATE_UP_FDR05"	2516	"GID4"
"PENGWINKLER_PALMITATE_UP_FDR05"	2517	"TBC1D22A"
"PENGWINKLER_PALMITATE_UP_FDR05"	2518	"RBBP8"
"PENGWINKLER_PALMITATE_UP_FDR05"	2519	"DPP3"
"PENGWINKLER_PALMITATE_UP_FDR05"	2520	"DOK1"
"PENGWINKLER_PALMITATE_UP_FDR05"	2521	"GLIS1"
"PENGWINKLER_PALMITATE_UP_FDR05"	2522	"EMC3"
"PENGWINKLER_PALMITATE_UP_FDR05"	2523	"GINS1"
"PENGWINKLER_PALMITATE_UP_FDR05"	2524	"MBTPS2"
"PENGWINKLER_PALMITATE_UP_FDR05"	2525	"KCTD2"
"PENGWINKLER_PALMITATE_UP_FDR05"	2526	"SLC35B2"
"PENGWINKLER_PALMITATE_UP_FDR05"	2527	"H2-T10"
"PENGWINKLER_PALMITATE_UP_FDR05"	2528	"GABPB1"
"PENGWINKLER_PALMITATE_UP_FDR05"	2529	"ARMC2"
"PENGWINKLER_PALMITATE_UP_FDR05"	2530	"MAPK9"
"PENGWINKLER_PALMITATE_UP_FDR05"	2531	"GRB7"
"PENGWINKLER_PALMITATE_UP_FDR05"	2532	"DMXL1"
"PENGWINKLER_PALMITATE_UP_FDR05"	2533	"SYTL4"
"PENGWINKLER_PALMITATE_UP_FDR05"	2534	"CIAO3"
"PENGWINKLER_PALMITATE_UP_FDR05"	2535	"C1D"
"PENGWINKLER_PALMITATE_UP_FDR05"	2536	"SLC25A15"
"PENGWINKLER_PALMITATE_UP_FDR05"	2537	"GM7694"
"PENGWINKLER_PALMITATE_UP_FDR05"	2538	"ELMOD1"
"PENGWINKLER_PALMITATE_UP_FDR05"	2539	"MAML1"
"PENGWINKLER_PALMITATE_UP_FDR05"	2540	"NCBP1"
"PENGWINKLER_PALMITATE_UP_FDR05"	2541	"CASP8"
"PENGWINKLER_PALMITATE_UP_FDR05"	2542	"ENPP4"
"PENGWINKLER_PALMITATE_UP_FDR05"	2543	"SMPD4"
"PENGWINKLER_PALMITATE_UP_FDR05"	2544	"CENPP"
"PENGWINKLER_PALMITATE_UP_FDR05"	2545	"BACE1"
"PENGWINKLER_PALMITATE_UP_FDR05"	2546	"TNFRSF12A"
"PENGWINKLER_PALMITATE_UP_FDR05"	2547	"COL11A1"
"PENGWINKLER_PALMITATE_UP_FDR05"	2548	"1500011B03RIK"
"PENGWINKLER_PALMITATE_UP_FDR05"	2549	"PIP4K2B"
"PENGWINKLER_PALMITATE_UP_FDR05"	2550	"CDKN2D"
"PENGWINKLER_PALMITATE_UP_FDR05"	2551	"MMD"
"PENGWINKLER_PALMITATE_UP_FDR05"	2552	"PRAMEL24"
"PENGWINKLER_PALMITATE_UP_FDR05"	2553	"FAM53B"
"PENGWINKLER_PALMITATE_UP_FDR05"	2554	"DMRT2"
"PENGWINKLER_PALMITATE_UP_FDR05"	2555	"SPTAN1"
"PENGWINKLER_PALMITATE_UP_FDR05"	2556	"MMS22L"
"PENGWINKLER_PALMITATE_UP_FDR05"	2557	"CMIP"
"PENGWINKLER_PALMITATE_UP_FDR05"	2558	"GM21939"
"PENGWINKLER_PALMITATE_UP_FDR05"	2559	"TBC1D24"
"PENGWINKLER_PALMITATE_UP_FDR05"	2560	"CASC3"
"PENGWINKLER_PALMITATE_UP_FDR05"	2561	"FN3KRP"
"PENGWINKLER_PALMITATE_UP_FDR05"	2562	"WBP2"
"PENGWINKLER_PALMITATE_UP_FDR05"	2563	"POLR2A"
"PENGWINKLER_PALMITATE_UP_FDR05"	2564	"FER1L4"
"PENGWINKLER_PALMITATE_UP_FDR05"	2565	"PSEN2"
"PENGWINKLER_PALMITATE_UP_FDR05"	2566	"4930579G24RIK"
"PENGWINKLER_PALMITATE_UP_FDR05"	2567	"TTC27"
"PENGWINKLER_PALMITATE_UP_FDR05"	2568	"ZFP30"
"PENGWINKLER_PALMITATE_UP_FDR05"	2569	"MSX3"
"PENGWINKLER_PALMITATE_UP_FDR05"	2570	"NAPRT"
"PENGWINKLER_PALMITATE_UP_FDR05"	2571	"SRPR"
"PENGWINKLER_PALMITATE_UP_FDR05"	2572	"TMEM150C"
"PENGWINKLER_PALMITATE_UP_FDR05"	2573	"DCTN3"
"PENGWINKLER_PALMITATE_UP_FDR05"	2574	"PRR14L"
"PENGWINKLER_PALMITATE_UP_FDR05"	2575	"RDH13"
"PENGWINKLER_PALMITATE_UP_FDR05"	2576	"CPOX"
"PENGWINKLER_PALMITATE_UP_FDR05"	2577	"GM5844"
"PENGWINKLER_PALMITATE_UP_FDR05"	2578	"ZFP35"
"PENGWINKLER_PALMITATE_UP_FDR05"	2579	"MFF"
"PENGWINKLER_PALMITATE_UP_FDR05"	2580	"RNFT1"
"PENGWINKLER_PALMITATE_UP_FDR05"	2581	"GM50341"
"PENGWINKLER_PALMITATE_UP_FDR05"	2582	"ST6GALNAC4"
"PENGWINKLER_PALMITATE_UP_FDR05"	2583	"ARF1"
"PENGWINKLER_PALMITATE_UP_FDR05"	2584	"TEAD4"
"PENGWINKLER_PALMITATE_UP_FDR05"	2585	"PKP3"
"PENGWINKLER_PALMITATE_UP_FDR05"	2586	"NAE1"
"PENGWINKLER_PALMITATE_UP_FDR05"	2587	"RAPGEFL1"
"PENGWINKLER_PALMITATE_UP_FDR05"	2588	"MBD3"
"PENGWINKLER_PALMITATE_UP_FDR05"	2589	"NADK"
"PENGWINKLER_PALMITATE_UP_FDR05"	2590	"AKAP9"
"PENGWINKLER_PALMITATE_UP_FDR05"	2591	"ZMPSTE24"
"PENGWINKLER_PALMITATE_UP_FDR05"	2592	"CC2D1A"
"PENGWINKLER_PALMITATE_UP_FDR05"	2593	"APMAP"
"PENGWINKLER_PALMITATE_UP_FDR05"	2594	"CD244A"
"PENGWINKLER_PALMITATE_UP_FDR05"	2595	"TRPC1"
"PENGWINKLER_PALMITATE_UP_FDR05"	2596	"NUP205"
"PENGWINKLER_PALMITATE_UP_FDR05"	2597	"PDCL3"
"PENGWINKLER_PALMITATE_UP_FDR05"	2598	"ATM"
"PENGWINKLER_PALMITATE_UP_FDR05"	2599	"MRPL55"
"PENGWINKLER_PALMITATE_UP_FDR05"	2600	"METTL23"
"PENGWINKLER_PALMITATE_UP_FDR05"	2601	"RAPGEF5"
"PENGWINKLER_PALMITATE_UP_FDR05"	2602	"RCAN1"
"PENGWINKLER_PALMITATE_UP_FDR05"	2603	"GPS2"
"PENGWINKLER_PALMITATE_UP_FDR05"	2604	"S100A10"
"PENGWINKLER_PALMITATE_UP_FDR05"	2605	"TECPR2"
"PENGWINKLER_PALMITATE_UP_FDR05"	2606	"TBC1D10B"
"PENGWINKLER_PALMITATE_UP_FDR05"	2607	"UQCC2"
"PENGWINKLER_PALMITATE_UP_FDR05"	2608	"HEXB"
"PENGWINKLER_PALMITATE_UP_FDR05"	2609	"ZFP330"
"PENGWINKLER_PALMITATE_UP_FDR05"	2610	"PSMB1"
"PENGWINKLER_PALMITATE_UP_FDR05"	2611	"EIF2D"
"PENGWINKLER_PALMITATE_UP_FDR05"	2612	"FAM120B"
"PENGWINKLER_PALMITATE_UP_FDR05"	2613	"ADAL"
"PENGWINKLER_PALMITATE_UP_FDR05"	2614	"PRPSAP2"
"PENGWINKLER_PALMITATE_UP_FDR05"	2615	"RUNDC1"
"PENGWINKLER_PALMITATE_UP_FDR05"	2616	"KCNB1"
"PENGWINKLER_PALMITATE_UP_FDR05"	2617	"POLE3"
"PENGWINKLER_PALMITATE_UP_FDR05"	2618	"ADORA2A"
"PENGWINKLER_PALMITATE_UP_FDR05"	2619	"NF2"
"PENGWINKLER_PALMITATE_UP_FDR05"	2620	"TOR1B"
"PENGWINKLER_PALMITATE_UP_FDR05"	2621	"IGSF8"
"PENGWINKLER_PALMITATE_UP_FDR05"	2622	"RPA2"
"PENGWINKLER_PALMITATE_UP_FDR05"	2623	"MAP3K3"
"PENGWINKLER_PALMITATE_UP_FDR05"	2624	"PRNP"
"PENGWINKLER_PALMITATE_UP_FDR05"	2625	"GAB1"
"PENGWINKLER_PALMITATE_UP_FDR05"	2626	"PLSCR3"
"PENGWINKLER_PALMITATE_UP_FDR05"	2627	"MFAP3"
"PENGWINKLER_PALMITATE_UP_FDR05"	2628	"UBR5"
"PENGWINKLER_PALMITATE_UP_FDR05"	2629	"HEATR1"
"PENGWINKLER_PALMITATE_UP_FDR05"	2630	"MOSPD2"
"PENGWINKLER_PALMITATE_UP_FDR05"	2631	"RBMX2"
"PENGWINKLER_PALMITATE_UP_FDR05"	2632	"GM35940"
"PENGWINKLER_PALMITATE_UP_FDR05"	2633	"OAF"
"PENGWINKLER_PALMITATE_UP_FDR05"	2634	"FRMD6"
"PENGWINKLER_PALMITATE_UP_FDR05"	2635	"SYNGR2"
"PENGWINKLER_PALMITATE_UP_FDR05"	2636	"EIF4E2"
"PENGWINKLER_PALMITATE_UP_FDR05"	2637	"HMOX2"
"PENGWINKLER_PALMITATE_UP_FDR05"	2638	"PDCD6IP"
"PENGWINKLER_PALMITATE_UP_FDR05"	2639	"FARSA"
"PENGWINKLER_PALMITATE_UP_FDR05"	2640	"MFSD11"
"PENGWINKLER_PALMITATE_UP_FDR05"	2641	"NCMAP"
"PENGWINKLER_PALMITATE_UP_FDR05"	2642	"CTC1"
"PENGWINKLER_PALMITATE_UP_FDR05"	2643	"ERAL1"
"PENGWINKLER_PALMITATE_UP_FDR05"	2644	"KLHL5"
"PENGWINKLER_PALMITATE_UP_FDR05"	2645	"TMEM238"
"PENGWINKLER_PALMITATE_UP_FDR05"	2646	"TOMM20"
"PENGWINKLER_PALMITATE_UP_FDR05"	2647	"POLDIP2"
"PENGWINKLER_PALMITATE_UP_FDR05"	2648	"TMEM11"
"PENGWINKLER_PALMITATE_UP_FDR05"	2649	"HSPA5"
"PENGWINKLER_PALMITATE_UP_FDR05"	2650	"CTNS"
"PENGWINKLER_PALMITATE_UP_FDR05"	2651	"SAR1B"
"PENGWINKLER_PALMITATE_UP_FDR05"	2652	"TBC1D8B"
"PENGWINKLER_PALMITATE_UP_FDR05"	2653	"CHIT1"
"PENGWINKLER_PALMITATE_UP_FDR05"	2654	"MRGPRB2"
"PENGWINKLER_PALMITATE_UP_FDR05"	2655	"NCL"
"PENGWINKLER_PALMITATE_UP_FDR05"	2656	"ZFP707"
"PENGWINKLER_PALMITATE_UP_FDR05"	2657	"DPH2"
"PENGWINKLER_PALMITATE_UP_FDR05"	2658	"SNAP47"
"PENGWINKLER_PALMITATE_UP_FDR05"	2659	"COASY"
"PENGWINKLER_PALMITATE_UP_FDR05"	2660	"GLRX"
"PENGWINKLER_PALMITATE_UP_FDR05"	2661	"CYB5R1"
"PENGWINKLER_PALMITATE_UP_FDR05"	2662	"EFHB"
"PENGWINKLER_PALMITATE_UP_FDR05"	2663	"ABCC10"
"PENGWINKLER_PALMITATE_UP_FDR05"	2664	"HIVEP2"
"PENGWINKLER_PALMITATE_UP_FDR05"	2665	"ENSMUSG00000120356"
"PENGWINKLER_PALMITATE_UP_FDR05"	2666	"TTPAL"
"PENGWINKLER_PALMITATE_UP_FDR05"	2667	"RSBN1"
"PENGWINKLER_PALMITATE_UP_FDR05"	2668	"RUNDC3A"
"PENGWINKLER_PALMITATE_UP_FDR05"	2669	"RTN2"
"PENGWINKLER_PALMITATE_UP_FDR05"	2670	"BORCS6"
"PENGWINKLER_PALMITATE_UP_FDR05"	2671	"FAM162A"
"PENGWINKLER_PALMITATE_UP_FDR05"	2672	"TMEM101"
"PENGWINKLER_PALMITATE_UP_FDR05"	2673	"GM44698"
"PENGWINKLER_PALMITATE_UP_FDR05"	2674	"ATP5G3"
"PENGWINKLER_PALMITATE_UP_FDR05"	2675	"TOM1L1"
"PENGWINKLER_PALMITATE_UP_FDR05"	2676	"ZADH2"
"PENGWINKLER_PALMITATE_UP_FDR05"	2677	"AQP11"
"PENGWINKLER_PALMITATE_UP_FDR05"	2678	"RTKN2"
"PENGWINKLER_PALMITATE_UP_FDR05"	2679	"SMIM19"
"PENGWINKLER_PALMITATE_UP_FDR05"	2680	"NARS"
"PENGWINKLER_PALMITATE_UP_FDR05"	2681	"GNAO1"
"PENGWINKLER_PALMITATE_UP_FDR05"	2682	"SLC25A12"
"PENGWINKLER_PALMITATE_UP_FDR05"	2683	"FIG4"
"PENGWINKLER_PALMITATE_UP_FDR05"	2684	"PARPBP"
"PENGWINKLER_PALMITATE_UP_FDR05"	2685	"POU4F1"
"PENGWINKLER_PALMITATE_UP_FDR05"	2686	"ATP2B1"
"PENGWINKLER_PALMITATE_UP_FDR05"	2687	"ATP10A"
"PENGWINKLER_PALMITATE_UP_FDR05"	2688	"FGFR1OP2"
"PENGWINKLER_PALMITATE_UP_FDR05"	2689	"NMNAT1"
"PENGWINKLER_PALMITATE_UP_FDR05"	2690	"KLHL26"
"PENGWINKLER_PALMITATE_UP_FDR05"	2691	"ERLIN1"
"PENGWINKLER_PALMITATE_UP_FDR05"	2692	"CDK5RAP1"
"PENGWINKLER_PALMITATE_UP_FDR05"	2693	"LARP7"
"PENGWINKLER_PALMITATE_UP_FDR05"	2694	"CBX7"
"PENGWINKLER_PALMITATE_UP_FDR05"	2695	"SCRN2"
"PENGWINKLER_PALMITATE_UP_FDR05"	2696	"ORC2"
"PENGWINKLER_PALMITATE_UP_FDR05"	2697	"TAF12"
"PENGWINKLER_PALMITATE_UP_FDR05"	2698	"SH3RF2"
"PENGWINKLER_PALMITATE_UP_FDR05"	2699	"FNDC3A"
"PENGWINKLER_PALMITATE_UP_FDR05"	2700	"ZFP239"
"PENGWINKLER_PALMITATE_UP_FDR05"	2701	"IGF2"
"PENGWINKLER_PALMITATE_UP_FDR05"	2702	"TRIM65"
"PENGWINKLER_PALMITATE_UP_FDR05"	2703	"SGO1"
"PENGWINKLER_PALMITATE_UP_FDR05"	2704	"COA3"
"PENGWINKLER_PALMITATE_UP_FDR05"	2705	"DDX56"
"PENGWINKLER_PALMITATE_UP_FDR05"	2706	"SGF29"
"PENGWINKLER_PALMITATE_UP_FDR05"	2707	"MAPK11"
"PENGWINKLER_PALMITATE_UP_FDR05"	2708	"CLIP4"
"PENGWINKLER_PALMITATE_UP_FDR05"	2709	"CEP131"
"PENGWINKLER_PALMITATE_UP_FDR05"	2710	"CYCS"
"PENGWINKLER_PALMITATE_UP_FDR05"	2711	"ELDR"
"PENGWINKLER_PALMITATE_UP_FDR05"	2712	"EIF2B2"
"PENGWINKLER_PALMITATE_UP_FDR05"	2713	"SCYL3"
"PENGWINKLER_PALMITATE_UP_FDR05"	2714	"PITPNB"
"PENGWINKLER_PALMITATE_UP_FDR05"	2715	"EIF1AX"
"PENGWINKLER_PALMITATE_UP_FDR05"	2716	"SHROOM4"
"PENGWINKLER_PALMITATE_UP_FDR05"	2717	"CORO6"
"PENGWINKLER_PALMITATE_UP_FDR05"	2718	"COMMD1"
"PENGWINKLER_PALMITATE_UP_FDR05"	2719	"GNPAT"
"PENGWINKLER_PALMITATE_UP_FDR05"	2720	"PDRG1"
"PENGWINKLER_PALMITATE_UP_FDR05"	2721	"TWF2"
"PENGWINKLER_PALMITATE_UP_FDR05"	2722	"TNRC6C"
"PENGWINKLER_PALMITATE_UP_FDR05"	2723	"ENSMUSG00002076903"
"PENGWINKLER_PALMITATE_UP_FDR05"	2724	"TRMT2B"
"PENGWINKLER_PALMITATE_UP_FDR05"	2725	"WDR4"
"PENGWINKLER_PALMITATE_UP_FDR05"	2726	"PTRH2"
"PENGWINKLER_PALMITATE_UP_FDR05"	2727	"ITGB2"
"PENGWINKLER_PALMITATE_UP_FDR05"	2728	"KIF1A"
"PENGWINKLER_PALMITATE_UP_FDR05"	2729	"VGLL3"
"PENGWINKLER_PALMITATE_UP_FDR05"	2730	"SNX19"
"PENGWINKLER_PALMITATE_UP_FDR05"	2731	"USP45"
"PENGWINKLER_PALMITATE_UP_FDR05"	2732	"GTPBP3"
"PENGWINKLER_PALMITATE_UP_FDR05"	2733	"GADD45G"
"PENGWINKLER_PALMITATE_UP_FDR05"	2734	"VSTM5"
"PENGWINKLER_PALMITATE_UP_FDR05"	2735	"MRPS2"
"PENGWINKLER_PALMITATE_UP_FDR05"	2736	"UNC13A"
"PENGWINKLER_PALMITATE_UP_FDR05"	2737	"BASP1"
"PENGWINKLER_PALMITATE_UP_FDR05"	2738	"SERP2"
"PENGWINKLER_PALMITATE_UP_FDR05"	2739	"OXSR1"
"PENGWINKLER_PALMITATE_UP_FDR05"	2740	"ACHE"
"PENGWINKLER_PALMITATE_UP_FDR05"	2741	"C130074G19RIK"
"PENGWINKLER_PALMITATE_UP_FDR05"	2742	"PLPPR2"
"PENGWINKLER_PALMITATE_UP_FDR05"	2743	"SAP30"
"PENGWINKLER_PALMITATE_UP_FDR05"	2744	"SPR"
"PENGWINKLER_PALMITATE_UP_FDR05"	2745	"ZFP419"
"PENGWINKLER_PALMITATE_UP_FDR05"	2746	"1110002L01RIK"
"PENGWINKLER_PALMITATE_UP_FDR05"	2747	"FCSK"
"PENGWINKLER_PALMITATE_UP_FDR05"	2748	"SERINC5"
"PENGWINKLER_PALMITATE_UP_FDR05"	2749	"DLGAP2"
"PENGWINKLER_PALMITATE_UP_FDR05"	2750	"RARS"
"PENGWINKLER_PALMITATE_UP_FDR05"	2751	"ACBD4"
"PENGWINKLER_PALMITATE_UP_FDR05"	2752	"GLRX3"
"PENGWINKLER_PALMITATE_UP_FDR05"	2753	"RCC2"
"PENGWINKLER_PALMITATE_UP_FDR05"	2754	"SMC1A"
"PENGWINKLER_PALMITATE_UP_FDR05"	2755	"TAF5L"
"PENGWINKLER_PALMITATE_UP_FDR05"	2756	"MPDU1"
"PENGWINKLER_PALMITATE_UP_FDR05"	2757	"LANCL3"
"PENGWINKLER_PALMITATE_UP_FDR05"	2758	"ZFP358"
"PENGWINKLER_PALMITATE_UP_FDR05"	2759	"NEPRO"
"PENGWINKLER_PALMITATE_UP_FDR05"	2760	"CYB5R4"
"PENGWINKLER_PALMITATE_UP_FDR05"	2761	"PRKACA"
"PENGWINKLER_PALMITATE_UP_FDR05"	2762	"CD300LB"
"PENGWINKLER_PALMITATE_UP_FDR05"	2763	"ARL16"
"PENGWINKLER_PALMITATE_UP_FDR05"	2764	"SRR"
"PENGWINKLER_PALMITATE_UP_FDR05"	2765	"TRMT5"
"PENGWINKLER_PALMITATE_UP_FDR05"	2766	"DHODH"
"PENGWINKLER_PALMITATE_UP_FDR05"	2767	"INTS3"
"PENGWINKLER_PALMITATE_UP_FDR05"	2768	"COMMD4"
"PENGWINKLER_PALMITATE_UP_FDR05"	2769	"RAD18"
"PENGWINKLER_PALMITATE_UP_FDR05"	2770	"NBN"
"PENGWINKLER_PALMITATE_UP_FDR05"	2771	"GCA"
"PENGWINKLER_PALMITATE_UP_FDR05"	2772	"KDM2B"
"PENGWINKLER_PALMITATE_UP_FDR05"	2773	"ANLN"
"PENGWINKLER_PALMITATE_UP_FDR05"	2774	"ATG13"
"PENGWINKLER_PALMITATE_UP_FDR05"	2775	"ALG13"
"PENGWINKLER_PALMITATE_UP_FDR05"	2776	"ANXA2"
"PENGWINKLER_PALMITATE_UP_FDR05"	2777	"DNAJC2"
"PENGWINKLER_PALMITATE_UP_FDR05"	2778	"GRPEL1"
"PENGWINKLER_PALMITATE_UP_FDR05"	2779	"MRPL37"
"PENGWINKLER_PALMITATE_UP_FDR05"	2780	"BATF"
"PENGWINKLER_PALMITATE_UP_FDR05"	2781	"SLC23A3"
"PENGWINKLER_PALMITATE_UP_FDR05"	2782	"WWP2"
"PENGWINKLER_PALMITATE_UP_FDR05"	2783	"TMCO1"
"PENGWINKLER_PALMITATE_UP_FDR05"	2784	"ATP5K"
"PENGWINKLER_PALMITATE_UP_FDR05"	2785	"ZFP41"
"PENGWINKLER_PALMITATE_UP_FDR05"	2786	"MANBA"
"PENGWINKLER_PALMITATE_UP_FDR05"	2787	"SSR3"
"PENGWINKLER_PALMITATE_UP_FDR05"	2788	"KIF7"
"PENGWINKLER_PALMITATE_UP_FDR05"	2789	"CIAPIN1"
"PENGWINKLER_PALMITATE_UP_FDR05"	2790	"THOP1"
"PENGWINKLER_PALMITATE_UP_FDR05"	2791	"GM13767"
"PENGWINKLER_PALMITATE_UP_FDR05"	2792	"EMSY"
"PENGWINKLER_PALMITATE_UP_FDR05"	2793	"PHGDH"
"PENGWINKLER_PALMITATE_UP_FDR05"	2794	"MFSD6"
"PENGWINKLER_PALMITATE_UP_FDR05"	2795	"TIGD3"
"PENGWINKLER_PALMITATE_UP_FDR05"	2796	"CACTIN"
"PENGWINKLER_PALMITATE_UP_FDR05"	2797	"COG8"
"PENGWINKLER_PALMITATE_UP_FDR05"	2798	"ADARB1"
"PENGWINKLER_PALMITATE_UP_FDR05"	2799	"G6PC3"
"PENGWINKLER_PALMITATE_UP_FDR05"	2800	"SRA1"
"PENGWINKLER_PALMITATE_UP_FDR05"	2801	"PACSIN2"
"PENGWINKLER_PALMITATE_UP_FDR05"	2802	"VPS29"
"PENGWINKLER_PALMITATE_UP_FDR05"	2803	"RBSN"
"PENGWINKLER_PALMITATE_UP_FDR05"	2804	"SEPTIN8"
"PENGWINKLER_PALMITATE_UP_FDR05"	2805	"AP5S1"
"PENGWINKLER_PALMITATE_UP_FDR05"	2806	"REPIN1"
"PENGWINKLER_PALMITATE_UP_FDR05"	2807	"EFNA2"
"PENGWINKLER_PALMITATE_UP_FDR05"	2808	"ACSF2"
"PENGWINKLER_PALMITATE_UP_FDR05"	2809	"ZFP382"
"PENGWINKLER_PALMITATE_UP_FDR05"	2810	"CROT"
"PENGWINKLER_PALMITATE_UP_FDR05"	2811	"NDUFB8"
"PENGWINKLER_PALMITATE_UP_FDR05"	2812	"ESYT2"
"PENGWINKLER_PALMITATE_UP_FDR05"	2813	"SDR42E1"
"PENGWINKLER_PALMITATE_UP_FDR05"	2814	"ADAT2"
"PENGWINKLER_PALMITATE_UP_FDR05"	2815	"PHF23"
"PENGWINKLER_PALMITATE_UP_FDR05"	2816	"MRPS25"
"PENGWINKLER_PALMITATE_UP_FDR05"	2817	"FAM83D"
"PENGWINKLER_PALMITATE_UP_FDR05"	2818	"TEX2"
"PENGWINKLER_PALMITATE_UP_FDR05"	2819	"TIMELESS"
"PENGWINKLER_PALMITATE_UP_FDR05"	2820	"KLHL42"
"PENGWINKLER_PALMITATE_UP_FDR05"	2821	"AARS2"
"PENGWINKLER_PALMITATE_UP_FDR05"	2822	"NOP14"
"PENGWINKLER_PALMITATE_UP_FDR05"	2823	"NADK2"
"PENGWINKLER_PALMITATE_UP_FDR05"	2824	"LCMT2"
"PENGWINKLER_PALMITATE_UP_FDR05"	2825	"MOB1A"
"PENGWINKLER_PALMITATE_UP_FDR05"	2826	"NBEA"
"PENGWINKLER_PALMITATE_UP_FDR05"	2827	"ICAM1"
"PENGWINKLER_PALMITATE_UP_FDR05"	2828	"PPA2"
"PENGWINKLER_PALMITATE_UP_FDR05"	2829	"ZFP90"
"PENGWINKLER_PALMITATE_UP_FDR05"	2830	"CBX4"
"PENGWINKLER_PALMITATE_UP_FDR05"	2831	"ZFP120"
"PENGWINKLER_PALMITATE_UP_FDR05"	2832	"CTU2"
"PENGWINKLER_PALMITATE_UP_FDR05"	2833	"PRDM8"
"PENGWINKLER_PALMITATE_UP_FDR05"	2834	"P2RX7"
"PENGWINKLER_PALMITATE_UP_FDR05"	2835	"DDIAS"
"PENGWINKLER_PALMITATE_UP_FDR05"	2836	"PAXIP1"
"PENGWINKLER_PALMITATE_UP_FDR05"	2837	"PARG"
"PENGWINKLER_PALMITATE_UP_FDR05"	2838	"BIN1"
"PENGWINKLER_PALMITATE_UP_FDR05"	2839	"MIEF1"
"PENGWINKLER_PALMITATE_UP_FDR05"	2840	"ITGA1"
"PENGWINKLER_PALMITATE_UP_FDR05"	2841	"FTO"
"PENGWINKLER_PALMITATE_UP_FDR05"	2842	"PODNL1"
"PENGWINKLER_PALMITATE_UP_FDR05"	2843	"NDUFB10"
"PENGWINKLER_PALMITATE_UP_FDR05"	2844	"RBBP7"
"PENGWINKLER_PALMITATE_UP_FDR05"	2845	"MDN1"
"PENGWINKLER_PALMITATE_UP_FDR05"	2846	"ATP5A1"
"PENGWINKLER_PALMITATE_UP_FDR05"	2847	"GALNT18"
"PENGWINKLER_PALMITATE_UP_FDR05"	2848	"PRPF38A"
"PENGWINKLER_PALMITATE_UP_FDR05"	2849	"USP17LE"
"PENGWINKLER_PALMITATE_UP_FDR05"	2850	"MICAL2"
"PENGWINKLER_PALMITATE_UP_FDR05"	2851	"SUPT3"
"PENGWINKLER_PALMITATE_UP_FDR05"	2852	"LTBR"
"PENGWINKLER_PALMITATE_UP_FDR05"	2853	"PRELID2"
"PENGWINKLER_PALMITATE_UP_FDR05"	2854	"SYNJ2BP"
"PENGWINKLER_PALMITATE_UP_FDR05"	2855	"SPIRE2"
"PENGWINKLER_PALMITATE_UP_FDR05"	2856	"SPRED3"
"PENGWINKLER_PALMITATE_UP_FDR05"	2857	"GGA3"
"PENGWINKLER_PALMITATE_UP_FDR05"	2858	"E2F4"
"PENGWINKLER_PALMITATE_UP_FDR05"	2859	"ARSG"
"PENGWINKLER_PALMITATE_UP_FDR05"	2860	"RFC5"
"PENGWINKLER_PALMITATE_UP_FDR05"	2861	"OARD1"
"PENGWINKLER_PALMITATE_UP_FDR05"	2862	"MRPL58"
"PENGWINKLER_PALMITATE_UP_FDR05"	2863	"LURAP1"
"PENGWINKLER_PALMITATE_UP_FDR05"	2864	"RASSF8"
"PENGWINKLER_PALMITATE_UP_FDR05"	2865	"TOB2"
"PENGWINKLER_PALMITATE_UP_FDR05"	2866	"RPUSD2"
"PENGWINKLER_PALMITATE_UP_FDR05"	2867	"WDR90"
"PENGWINKLER_PALMITATE_UP_FDR05"	2868	"FZD2"
"PENGWINKLER_PALMITATE_UP_FDR05"	2869	"SIX1"
"PENGWINKLER_PALMITATE_UP_FDR05"	2870	"FSD1L"
"PENGWINKLER_PALMITATE_UP_FDR05"	2871	"BLOC1S4"
"PENGWINKLER_PALMITATE_UP_FDR05"	2872	"RAB12"
"PENGWINKLER_PALMITATE_UP_FDR05"	2873	"THAP1"
"PENGWINKLER_PALMITATE_UP_FDR05"	2874	"GNG11"
"PENGWINKLER_PALMITATE_UP_FDR05"	2875	"TMEM209"
"PENGWINKLER_PALMITATE_UP_FDR05"	2876	"APEX1"
"PENGWINKLER_PALMITATE_UP_FDR05"	2877	"ATP13A1"
"PENGWINKLER_PALMITATE_UP_FDR05"	2878	"ASL"
"PENGWINKLER_PALMITATE_UP_FDR05"	2879	"RUBCN"
"PENGWINKLER_PALMITATE_UP_FDR05"	2880	"TMED3"
"PENGWINKLER_PALMITATE_UP_FDR05"	2881	"JMJD4"
"PENGWINKLER_PALMITATE_UP_FDR05"	2882	"MLH1"
"PENGWINKLER_PALMITATE_UP_FDR05"	2883	"ACCS"
"PENGWINKLER_PALMITATE_UP_FDR05"	2884	"NUDC"
"PENGWINKLER_PALMITATE_UP_FDR05"	2885	"IFI35"
"PENGWINKLER_PALMITATE_UP_FDR05"	2886	"PCSK9"
"PENGWINKLER_PALMITATE_UP_FDR05"	2887	"GM47260"
"PENGWINKLER_PALMITATE_UP_FDR05"	2888	"MYL6B"
"PENGWINKLER_PALMITATE_UP_FDR05"	2889	"DDX54"
"PENGWINKLER_PALMITATE_UP_FDR05"	2890	"POLR3D"
"PENGWINKLER_PALMITATE_UP_FDR05"	2891	"TIMM50"
"PENGWINKLER_PALMITATE_UP_FDR05"	2892	"RAP1B"
"PENGWINKLER_PALMITATE_UP_FDR05"	2893	"MICOS13"
"PENGWINKLER_PALMITATE_UP_FDR05"	2894	"SLC4A3"
"PENGWINKLER_PALMITATE_UP_FDR05"	2895	"GORASP1"
"PENGWINKLER_PALMITATE_UP_FDR05"	2896	"PAIP2B"
"PENGWINKLER_PALMITATE_UP_FDR05"	2897	"KRR1"
"PENGWINKLER_PALMITATE_UP_FDR05"	2898	"ERI2"
"PENGWINKLER_PALMITATE_UP_FDR05"	2899	"SSNA1"
"PENGWINKLER_PALMITATE_UP_FDR05"	2900	"PIGM"
"PENGWINKLER_PALMITATE_UP_FDR05"	2901	"POLR2B"
"PENGWINKLER_PALMITATE_UP_FDR05"	2902	"SNW1"
"PENGWINKLER_PALMITATE_UP_FDR05"	2903	"LPAR6"
"PENGWINKLER_PALMITATE_UP_FDR05"	2904	"ACAT2"
"PENGWINKLER_PALMITATE_UP_FDR05"	2905	"NDUFA10"
"PENGWINKLER_PALMITATE_UP_FDR05"	2906	"PPIG"
"PENGWINKLER_PALMITATE_UP_FDR05"	2907	"BOLA2"
"PENGWINKLER_PALMITATE_UP_FDR05"	2908	"THADA"
"PENGWINKLER_PALMITATE_UP_FDR05"	2909	"TMEM192"
"PENGWINKLER_PALMITATE_UP_FDR05"	2910	"PRPS1L3"
"PENGWINKLER_PALMITATE_UP_FDR05"	2911	"CEP76"
"PENGWINKLER_PALMITATE_UP_FDR05"	2912	"MICU1"
"PENGWINKLER_PALMITATE_UP_FDR05"	2913	"PLUT"
"PENGWINKLER_PALMITATE_UP_FDR05"	2914	"MRPS31"
"PENGWINKLER_PALMITATE_UP_FDR05"	2915	"SLC25A24"
"PENGWINKLER_PALMITATE_UP_FDR05"	2916	"INTS11"
"PENGWINKLER_PALMITATE_UP_FDR05"	2917	"RBM45"
"PENGWINKLER_PALMITATE_UP_FDR05"	2918	"CENPX"
"PENGWINKLER_PALMITATE_UP_FDR05"	2919	"MSL1"
"PENGWINKLER_PALMITATE_UP_FDR05"	2920	"NTNG2"
"PENGWINKLER_PALMITATE_UP_FDR05"	2921	"PEX1"
"PENGWINKLER_PALMITATE_UP_FDR05"	2922	"POLM"
"PENGWINKLER_PALMITATE_UP_FDR05"	2923	"TRAK2"
"PENGWINKLER_PALMITATE_UP_FDR05"	2924	"PFDN6"
"PENGWINKLER_PALMITATE_UP_FDR05"	2925	"CLPTM1"
"PENGWINKLER_PALMITATE_UP_FDR05"	2926	"CPSF1"
"PENGWINKLER_PALMITATE_UP_FDR05"	2927	"EEA1"
"PENGWINKLER_PALMITATE_UP_FDR05"	2928	"MBTD1"
"PENGWINKLER_PALMITATE_UP_FDR05"	2929	"ZFP825"
"PENGWINKLER_PALMITATE_UP_FDR05"	2930	"SYNGR3"
"PENGWINKLER_PALMITATE_UP_FDR05"	2931	"DLAT"
"PENGWINKLER_PALMITATE_UP_FDR05"	2932	"HOXB3"
"PENGWINKLER_PALMITATE_UP_FDR05"	2933	"SATB2"
"PENGWINKLER_PALMITATE_UP_FDR05"	2934	"IPO7"
"PENGWINKLER_PALMITATE_UP_FDR05"	2935	"ME3"
"PENGWINKLER_PALMITATE_UP_FDR05"	2936	"SMIM10L2A"
"PENGWINKLER_PALMITATE_UP_FDR05"	2937	"SMIM3"
"PENGWINKLER_PALMITATE_UP_FDR05"	2938	"L3MBTL3"
"PENGWINKLER_PALMITATE_UP_FDR05"	2939	"SFN"
"PENGWINKLER_PALMITATE_UP_FDR05"	2940	"PRAG1"
"PENGWINKLER_PALMITATE_UP_FDR05"	2941	"TNPO3"
"PENGWINKLER_PALMITATE_UP_FDR05"	2942	"MED7"
"PENGWINKLER_PALMITATE_UP_FDR05"	2943	"GM18983"
"PENGWINKLER_PALMITATE_UP_FDR05"	2944	"SET"
"PENGWINKLER_PALMITATE_UP_FDR05"	2945	"HOOK1"
"PENGWINKLER_PALMITATE_UP_FDR05"	2946	"FAAP24"
"PENGWINKLER_PALMITATE_UP_FDR05"	2947	"ARF6"
"PENGWINKLER_PALMITATE_UP_FDR05"	2948	"ABRACL"
"PENGWINKLER_PALMITATE_UP_FDR05"	2949	"ERCC3"
"PENGWINKLER_PALMITATE_UP_FDR05"	2950	"NDC80"
"PENGWINKLER_PALMITATE_UP_FDR05"	2951	"METTL18"
"PENGWINKLER_PALMITATE_UP_FDR05"	2952	"PARD6A"
"PENGWINKLER_PALMITATE_UP_FDR05"	2953	"FNIP1"
"PENGWINKLER_PALMITATE_UP_FDR05"	2954	"TNFAIP8"
"PENGWINKLER_PALMITATE_UP_FDR05"	2955	"PBRM1"
"PENGWINKLER_PALMITATE_UP_FDR05"	2956	"VMP1"
"PENGWINKLER_PALMITATE_UP_FDR05"	2957	"C1QBP"
"PENGWINKLER_PALMITATE_UP_FDR05"	2958	"KCMF1"
"PENGWINKLER_PALMITATE_UP_FDR05"	2959	"VPS18"
"PENGWINKLER_PALMITATE_UP_FDR05"	2960	"FADD"
"PENGWINKLER_PALMITATE_UP_FDR05"	2961	"COA8"
"PENGWINKLER_PALMITATE_UP_FDR05"	2962	"TRMT9B"
"PENGWINKLER_PALMITATE_UP_FDR05"	2963	"COX6B1"
"PENGWINKLER_PALMITATE_UP_FDR05"	2964	"2310033P09RIK"
"PENGWINKLER_PALMITATE_UP_FDR05"	2965	"PSMD2"
"PENGWINKLER_PALMITATE_UP_FDR05"	2966	"PIGF"
"PENGWINKLER_PALMITATE_UP_FDR05"	2967	"MTMR6"
"PENGWINKLER_PALMITATE_UP_FDR05"	2968	"PRSS35"
"PENGWINKLER_PALMITATE_UP_FDR05"	2969	"HECTD4"
"PENGWINKLER_PALMITATE_UP_FDR05"	2970	"1700037H04RIK"
"PENGWINKLER_PALMITATE_UP_FDR05"	2971	"CEBPZ"
"PENGWINKLER_PALMITATE_UP_FDR05"	2972	"MMACHC"
"PENGWINKLER_PALMITATE_UP_FDR05"	2973	"MVB12A"
"PENGWINKLER_PALMITATE_UP_FDR05"	2974	"CHEK1"
"PENGWINKLER_PALMITATE_UP_FDR05"	2975	"AP1S3"
"PENGWINKLER_PALMITATE_UP_FDR05"	2976	"E2F7"
"PENGWINKLER_PALMITATE_UP_FDR05"	2977	"TXNDC17"
"PENGWINKLER_PALMITATE_UP_FDR05"	2978	"PCDH19"
"PENGWINKLER_PALMITATE_UP_FDR05"	2979	"LRRK2"
"PENGWINKLER_PALMITATE_UP_FDR05"	2980	"TADA2B"
"PENGWINKLER_PALMITATE_UP_FDR05"	2981	"MED26"
"PENGWINKLER_PALMITATE_UP_FDR05"	2982	"VANGL2"
"PENGWINKLER_PALMITATE_UP_FDR05"	2983	"TRIM32"
"PENGWINKLER_PALMITATE_UP_FDR05"	2984	"PQLC3"
"PENGWINKLER_PALMITATE_UP_FDR05"	2985	"NSL1"
"PENGWINKLER_PALMITATE_UP_FDR05"	2986	"KIDINS220"
"PENGWINKLER_PALMITATE_UP_FDR05"	2987	"BDP1"
"PENGWINKLER_PALMITATE_UP_FDR05"	2988	"TBC1D12"
"PENGWINKLER_PALMITATE_UP_FDR05"	2989	"G3BP2"
"PENGWINKLER_PALMITATE_UP_FDR05"	2990	"KLHL23"
"PENGWINKLER_PALMITATE_UP_FDR05"	2991	"TMEM268"
"PENGWINKLER_PALMITATE_UP_FDR05"	2992	"JUNB"
"PENGWINKLER_PALMITATE_UP_FDR05"	2993	"SGTB"
"PENGWINKLER_PALMITATE_UP_FDR05"	2994	"COMMD8"
"PENGWINKLER_PALMITATE_UP_FDR05"	2995	"TRAF4"
"PENGWINKLER_PALMITATE_UP_FDR05"	2996	"CEP112"
"PENGWINKLER_PALMITATE_UP_FDR05"	2997	"KDF1"
"PENGWINKLER_PALMITATE_UP_FDR05"	2998	"LRRC28"
"PENGWINKLER_PALMITATE_UP_FDR05"	2999	"KICS2"
"PENGWINKLER_PALMITATE_UP_FDR05"	3000	"GTF2F2"
"PENGWINKLER_PALMITATE_UP_FDR05"	3001	"MYH10"
"PENGWINKLER_PALMITATE_UP_FDR05"	3002	"REST"
"PENGWINKLER_PALMITATE_UP_FDR05"	3003	"MT3"
"PENGWINKLER_PALMITATE_UP_FDR05"	3004	"ARHGAP27OS2"
"PENGWINKLER_PALMITATE_UP_FDR05"	3005	"STX4A"
"PENGWINKLER_PALMITATE_UP_FDR05"	3006	"ENSMUSG00000118029"
"PENGWINKLER_PALMITATE_UP_FDR05"	3007	"GHDC"
"PENGWINKLER_PALMITATE_UP_FDR05"	3008	"MPG"
"PENGWINKLER_PALMITATE_UP_FDR05"	3009	"SLC22A15"
"PENGWINKLER_PALMITATE_UP_FDR05"	3010	"RANBP1"
"PENGWINKLER_PALMITATE_UP_FDR05"	3011	"CHADL"
"PENGWINKLER_PALMITATE_UP_FDR05"	3012	"FASTKD3"
"PENGWINKLER_PALMITATE_UP_FDR05"	3013	"NAALAD2"
"PENGWINKLER_PALMITATE_UP_FDR05"	3014	"FOXJ2"
"PENGWINKLER_PALMITATE_UP_FDR05"	3015	"DDX28"
"PENGWINKLER_PALMITATE_UP_FDR05"	3016	"SMC4"
"PENGWINKLER_PALMITATE_UP_FDR05"	3017	"CENPS"
"PENGWINKLER_PALMITATE_UP_FDR05"	3018	"FCHSD2"
"PENGWINKLER_PALMITATE_UP_FDR05"	3019	"CMAS"
"PENGWINKLER_PALMITATE_UP_FDR05"	3020	"GM16178"
"PENGWINKLER_PALMITATE_UP_FDR05"	3021	"1110051M20RIK"
"PENGWINKLER_PALMITATE_UP_FDR05"	3022	"BYSL"
"PENGWINKLER_PALMITATE_UP_FDR05"	3023	"1110002E22RIK"
"PENGWINKLER_PALMITATE_UP_FDR05"	3024	"CDC5L"
"PENGWINKLER_PALMITATE_UP_FDR05"	3025	"RTN4RL2"
"PENGWINKLER_PALMITATE_UP_FDR05"	3026	"FANCI"
"PENGWINKLER_PALMITATE_UP_FDR05"	3027	"TMEM242"
"PENGWINKLER_PALMITATE_UP_FDR05"	3028	"NAGPA"
"PENGWINKLER_PALMITATE_UP_FDR05"	3029	"MINDY3"
"PENGWINKLER_PALMITATE_UP_FDR05"	3030	"GCHFR"
"PENGWINKLER_PALMITATE_UP_FDR05"	3031	"ATP5L"
"PENGWINKLER_PALMITATE_UP_FDR05"	3032	"MAK"
"PENGWINKLER_PALMITATE_UP_FDR05"	3033	"TWF1"
"PENGWINKLER_PALMITATE_UP_FDR05"	3034	"PPP1R13B"
"PENGWINKLER_PALMITATE_UP_FDR05"	3035	"TMPO"
"PENGWINKLER_PALMITATE_UP_FDR05"	3036	"TIFA"
"PENGWINKLER_PALMITATE_UP_FDR05"	3037	"DECR1"
"PENGWINKLER_PALMITATE_UP_FDR05"	3038	"MAP2K7"
"PENGWINKLER_PALMITATE_UP_FDR05"	3039	"ATP6V1C1"
"PENGWINKLER_PALMITATE_UP_FDR05"	3040	"AKAP12"
"PENGWINKLER_PALMITATE_UP_FDR05"	3041	"CAB39L"
"PENGWINKLER_PALMITATE_UP_FDR05"	3042	"SPAST"
"PENGWINKLER_PALMITATE_UP_FDR05"	3043	"MAPK14"
"PENGWINKLER_PALMITATE_UP_FDR05"	3044	"OTUB2"
"PENGWINKLER_PALMITATE_UP_FDR05"	3045	"GGA2"
"PENGWINKLER_PALMITATE_UP_FDR05"	3046	"BOP1"
"PENGWINKLER_PALMITATE_UP_FDR05"	3047	"DBNDD1"
"PENGWINKLER_PALMITATE_UP_FDR05"	3048	"SCAF8"
"PENGWINKLER_PALMITATE_UP_FDR05"	3049	"YIF1B"
"PENGWINKLER_PALMITATE_UP_FDR05"	3050	"CRYBG1"
"PENGWINKLER_PALMITATE_UP_FDR05"	3051	"RSPRY1"
"PENGWINKLER_PALMITATE_UP_FDR05"	3052	"LTO1"
"PENGWINKLER_PALMITATE_UP_FDR05"	3053	"VPS41"
"PENGWINKLER_PALMITATE_UP_FDR05"	3054	"SLC14A2"
"PENGWINKLER_PALMITATE_UP_FDR05"	3055	"TMEM132C"
"PENGWINKLER_PALMITATE_UP_FDR05"	3056	"LETM1"
"PENGWINKLER_PALMITATE_UP_FDR05"	3057	"SETD2"
"PENGWINKLER_PALMITATE_UP_FDR05"	3058	"AAAS"
"PENGWINKLER_PALMITATE_UP_FDR05"	3059	"STK4"
"PENGWINKLER_PALMITATE_UP_FDR05"	3060	"SOCS7"
"PENGWINKLER_PALMITATE_UP_FDR05"	3061	"CCBE1"
"PENGWINKLER_PALMITATE_UP_FDR05"	3062	"MECR"
"PENGWINKLER_PALMITATE_UP_FDR05"	3063	"ZFP839"
"PENGWINKLER_PALMITATE_UP_FDR05"	3064	"CYP2U1"
"PENGWINKLER_PALMITATE_UP_FDR05"	3065	"POLR3H"
"PENGWINKLER_PALMITATE_UP_FDR05"	3066	"CBL"
"PENGWINKLER_PALMITATE_UP_FDR05"	3067	"CENPI"
"PENGWINKLER_PALMITATE_UP_FDR05"	3068	"PPP1R21"
"PENGWINKLER_PALMITATE_UP_FDR05"	3069	"BRD4"
"PENGWINKLER_PALMITATE_UP_FDR05"	3070	"SLC38A2"
"PENGWINKLER_PALMITATE_UP_FDR05"	3071	"SFXN1"
"PENGWINKLER_PALMITATE_UP_FDR05"	3072	"MKKS"
"PENGWINKLER_PALMITATE_UP_FDR05"	3073	"SPIN2C"
"PENGWINKLER_PALMITATE_UP_FDR05"	3074	"PRMT1"
"PENGWINKLER_PALMITATE_UP_FDR05"	3075	"MDFIC"
"PENGWINKLER_PALMITATE_UP_FDR05"	3076	"RNF20"
"PENGWINKLER_PALMITATE_UP_FDR05"	3077	"ATP5J"
"PENGWINKLER_PALMITATE_UP_FDR05"	3078	"GM7183"
"PENGWINKLER_PALMITATE_UP_FDR05"	3079	"NDUFB11"
"PENGWINKLER_PALMITATE_UP_FDR05"	3080	"TENT4B"
"PENGWINKLER_PALMITATE_UP_FDR05"	3081	"ADSL"
"PENGWINKLER_PALMITATE_UP_FDR05"	3082	"RAF1"
"PENGWINKLER_PALMITATE_UP_FDR05"	3083	"ACOT7"
"PENGWINKLER_PALMITATE_UP_FDR05"	3084	"PLEKHA8"
"PENGWINKLER_PALMITATE_UP_FDR05"	3085	"STRAP"
"PENGWINKLER_PALMITATE_UP_FDR05"	3086	"HYAL1"
"PENGWINKLER_PALMITATE_UP_FDR05"	3087	"GM38708"
"PENGWINKLER_PALMITATE_UP_FDR05"	3088	"MSMO1"
"PENGWINKLER_PALMITATE_UP_FDR05"	3089	"GM14276"
"PENGWINKLER_PALMITATE_UP_FDR05"	3090	"RNPC3"
"PENGWINKLER_PALMITATE_UP_FDR05"	3091	"GOSR1"
"PENGWINKLER_PALMITATE_UP_FDR05"	3092	"SECTM1A"
"PENGWINKLER_PALMITATE_UP_FDR05"	3093	"OSBPL11"
"PENGWINKLER_PALMITATE_UP_FDR05"	3094	"ISCA2"
"PENGWINKLER_PALMITATE_UP_FDR05"	3095	"TCOF1"
"PENGWINKLER_PALMITATE_UP_FDR05"	3096	"CCN4"
"PENGWINKLER_PALMITATE_UP_FDR05"	3097	"DENND2C"
"PENGWINKLER_PALMITATE_UP_FDR05"	3098	"HOXB7"
"PENGWINKLER_PALMITATE_UP_FDR05"	3099	"MED4"
"PENGWINKLER_PALMITATE_UP_FDR05"	3100	"ZFP442"
"PENGWINKLER_PALMITATE_UP_FDR05"	3101	"TMEM237"
"PENGWINKLER_PALMITATE_UP_FDR05"	3102	"ZFP180"
"PENGWINKLER_CAUSAL_AXIS_5"	1	"MYC"
"PENGWINKLER_CAUSAL_AXIS_5"	2	"ALDH18A1"
"PENGWINKLER_CAUSAL_AXIS_5"	3	"PYCR1"
"PENGWINKLER_CAUSAL_AXIS_5"	4	"PYCR2"
"PENGWINKLER_CAUSAL_AXIS_5"	5	"COL1A1"
"PAN_EPITHELIAL_7"	1	"EPCAM"
"PAN_EPITHELIAL_7"	2	"TACSTD2"
"PAN_EPITHELIAL_7"	3	"CDH1"
"PAN_EPITHELIAL_7"	4	"KRT8"
"PAN_EPITHELIAL_7"	5	"KRT18"
"PAN_EPITHELIAL_7"	6	"KRT19"
"PAN_EPITHELIAL_7"	7	"MUC1"
"HEPATOCYTE_CONTEXT_6"	1	"ALB"
"HEPATOCYTE_CONTEXT_6"	2	"APOA1"
"HEPATOCYTE_CONTEXT_6"	3	"APOA2"
"HEPATOCYTE_CONTEXT_6"	4	"ASGR1"
"HEPATOCYTE_CONTEXT_6"	5	"CPS1"
"HEPATOCYTE_CONTEXT_6"	6	"TTR"
"WHITE_RSC"	1	"ABI3"
"WHITE_RSC"	2	"ACSM3"
"WHITE_RSC"	3	"AKR1B1"
"WHITE_RSC"	4	"ALCAM"
"WHITE_RSC"	5	"ANXA1"
"WHITE_RSC"	6	"ANXA3"
"WHITE_RSC"	7	"ANXA5"
"WHITE_RSC"	8	"AP1S3"
"WHITE_RSC"	9	"ARHGAP44"
"WHITE_RSC"	10	"ARL14"
"WHITE_RSC"	11	"ARL4C"
"WHITE_RSC"	12	"AVPI1"
"WHITE_RSC"	13	"BAIAP2L2"
"WHITE_RSC"	14	"BASP1"
"WHITE_RSC"	15	"BOK"
"WHITE_RSC"	16	"C6ORF141"
"WHITE_RSC"	17	"CA12"
"WHITE_RSC"	18	"CA2"
"WHITE_RSC"	19	"CAMKK1"
"WHITE_RSC"	20	"CAMSAP2"
"WHITE_RSC"	21	"CAP2"
"WHITE_RSC"	22	"CAPN5"
"WHITE_RSC"	23	"CAVIN3"
"WHITE_RSC"	24	"CCDC92"
"WHITE_RSC"	25	"CCL2"
"WHITE_RSC"	26	"CCN2"
"WHITE_RSC"	27	"CD14"
"WHITE_RSC"	28	"CD44"
"WHITE_RSC"	29	"CD68"
"WHITE_RSC"	30	"CELF2"
"WHITE_RSC"	31	"CGNL1"
"WHITE_RSC"	32	"CKAP2"
"WHITE_RSC"	33	"CKB"
"WHITE_RSC"	34	"CLDN1"
"WHITE_RSC"	35	"CLIC3"
"WHITE_RSC"	36	"CLU"
"WHITE_RSC"	37	"CNN2"
"WHITE_RSC"	38	"CRYBG1"
"WHITE_RSC"	39	"CTSH"
"WHITE_RSC"	40	"CWH43"
"WHITE_RSC"	41	"CXCL10"
"WHITE_RSC"	42	"CXCL16"
"WHITE_RSC"	43	"CXCL6"
"WHITE_RSC"	44	"CXCL9"
"WHITE_RSC"	45	"DAPK1"
"WHITE_RSC"	46	"DDAH1"
"WHITE_RSC"	47	"DYRK3"
"WHITE_RSC"	48	"EMP1"
"WHITE_RSC"	49	"EMP2"
"WHITE_RSC"	50	"ENAH"
"WHITE_RSC"	51	"ENDOD1"
"WHITE_RSC"	52	"EPHA2"
"WHITE_RSC"	53	"EPHA4"
"WHITE_RSC"	54	"EPN3"
"WHITE_RSC"	55	"EPOP"
"WHITE_RSC"	56	"EPS8L1"
"WHITE_RSC"	57	"EREG"
"WHITE_RSC"	58	"ETV5"
"WHITE_RSC"	59	"EYA2"
"WHITE_RSC"	60	"FABP5"
"WHITE_RSC"	61	"FFAR4"
"WHITE_RSC"	62	"FHL2"
"WHITE_RSC"	63	"FKBP9"
"WHITE_RSC"	64	"FLNA"
"WHITE_RSC"	65	"FMNL2"
"WHITE_RSC"	66	"FOSL1"
"WHITE_RSC"	67	"FXYD3"
"WHITE_RSC"	68	"GADD45B"
"WHITE_RSC"	69	"GASK1B"
"WHITE_RSC"	70	"GATM"
"WHITE_RSC"	71	"GCNT1"
"WHITE_RSC"	72	"GCNT3"
"WHITE_RSC"	73	"GJB3"
"WHITE_RSC"	74	"GLIPR1"
"WHITE_RSC"	75	"GPNMB"
"WHITE_RSC"	76	"GPR137B"
"WHITE_RSC"	77	"GPX2"
"WHITE_RSC"	78	"GTSE1"
"WHITE_RSC"	79	"HMOX1"
"WHITE_RSC"	80	"HSPA2"
"WHITE_RSC"	81	"HSPB1"
"WHITE_RSC"	82	"HSPH1"
"WHITE_RSC"	83	"HYAL1"
"WHITE_RSC"	84	"ICA1"
"WHITE_RSC"	85	"ICAM1"
"WHITE_RSC"	86	"ID2"
"WHITE_RSC"	87	"IL17RE"
"WHITE_RSC"	88	"IL1RN"
"WHITE_RSC"	89	"IL33"
"WHITE_RSC"	90	"ILDR1"
"WHITE_RSC"	91	"INKA2"
"WHITE_RSC"	92	"IRF1"
"WHITE_RSC"	93	"ITGA2"
"WHITE_RSC"	94	"ITGAV"
"WHITE_RSC"	95	"ITGB4"
"WHITE_RSC"	96	"ITPRIPL2"
"WHITE_RSC"	97	"KCNN4"
"WHITE_RSC"	98	"KIFC3"
"WHITE_RSC"	99	"KLF7"
"WHITE_RSC"	100	"KRT15"
"WHITE_RSC"	101	"KRT18"
"WHITE_RSC"	102	"KRT23"
"WHITE_RSC"	103	"LAMA3"
"WHITE_RSC"	104	"LAPTM5"
"WHITE_RSC"	105	"LCN2"
"WHITE_RSC"	106	"LDLR"
"WHITE_RSC"	107	"LGALS1"
"WHITE_RSC"	108	"LPCAT4"
"WHITE_RSC"	109	"LRG1"
"WHITE_RSC"	110	"MDM2"
"WHITE_RSC"	111	"MISP3"
"WHITE_RSC"	112	"MRAS"
"WHITE_RSC"	113	"MSANTD3"
"WHITE_RSC"	114	"MSLN"
"WHITE_RSC"	115	"MSN"
"WHITE_RSC"	116	"MST1R"
"WHITE_RSC"	117	"MTCL1"
"WHITE_RSC"	118	"MUC3A"
"WHITE_RSC"	119	"MYH9"
"WHITE_RSC"	120	"NFE2L3"
"WHITE_RSC"	121	"NFKBIA"
"WHITE_RSC"	122	"NFKBIZ"
"WHITE_RSC"	123	"NOS2"
"WHITE_RSC"	124	"NOXO1"
"WHITE_RSC"	125	"OSBPL5"
"WHITE_RSC"	126	"P2RY2"
"WHITE_RSC"	127	"P2RY6"
"WHITE_RSC"	128	"PAQR8"
"WHITE_RSC"	129	"PDZK1IP1"
"WHITE_RSC"	130	"PHLDA1"
"WHITE_RSC"	131	"PHLDA2"
"WHITE_RSC"	132	"PIERCE1"
"WHITE_RSC"	133	"PIMREG"
"WHITE_RSC"	134	"PLAU"
"WHITE_RSC"	135	"PLAUR"
"WHITE_RSC"	136	"PLCD3"
"WHITE_RSC"	137	"PLEKHS1"
"WHITE_RSC"	138	"PLK2"
"WHITE_RSC"	139	"PMEPA1"
"WHITE_RSC"	140	"PPIC"
"WHITE_RSC"	141	"PPL"
"WHITE_RSC"	142	"PSRC1"
"WHITE_RSC"	143	"PTGS2"
"WHITE_RSC"	144	"RAB11FIP5"
"WHITE_RSC"	145	"RAB15"
"WHITE_RSC"	146	"RACK1"
"WHITE_RSC"	147	"RALGAPA2"
"WHITE_RSC"	148	"RBMS1"
"WHITE_RSC"	149	"RGS19"
"WHITE_RSC"	150	"RHOD"
"WHITE_RSC"	151	"RIPK2"
"WHITE_RSC"	152	"RUNX1"
"WHITE_RSC"	153	"S100A14"
"WHITE_RSC"	154	"S100A4"
"WHITE_RSC"	155	"S100A6"
"WHITE_RSC"	156	"SAMD5"
"WHITE_RSC"	157	"SCEL"
"WHITE_RSC"	158	"SEMA7A"
"WHITE_RSC"	159	"SH3BGRL2"
"WHITE_RSC"	160	"SLC19A2"
"WHITE_RSC"	161	"SLC39A10"
"WHITE_RSC"	162	"SLC44A2"
"WHITE_RSC"	163	"SLC60A1"
"WHITE_RSC"	164	"SLC7A5"
"WHITE_RSC"	165	"SLCO4A1"
"WHITE_RSC"	166	"SLPI"
"WHITE_RSC"	167	"SMIM33"
"WHITE_RSC"	168	"SNORA20"
"WHITE_RSC"	169	"SNORD104"
"WHITE_RSC"	170	"SNORD47"
"WHITE_RSC"	171	"SNORD92"
"WHITE_RSC"	172	"SOCS3"
"WHITE_RSC"	173	"SORL1"
"WHITE_RSC"	174	"SPATA6"
"WHITE_RSC"	175	"SPP1"
"WHITE_RSC"	176	"STX11"
"WHITE_RSC"	177	"SULF2"
"WHITE_RSC"	178	"SYT8"
"WHITE_RSC"	179	"TCIM"
"WHITE_RSC"	180	"TCIRG1"
"WHITE_RSC"	181	"TGFBI"
"WHITE_RSC"	182	"TGM2"
"WHITE_RSC"	183	"TIMP2"
"WHITE_RSC"	184	"TINAGL1"
"WHITE_RSC"	185	"TLR4"
"WHITE_RSC"	186	"TMEM184C"
"WHITE_RSC"	187	"TMEM43"
"WHITE_RSC"	188	"TNF"
"WHITE_RSC"	189	"TNFAIP3"
"WHITE_RSC"	190	"TNFAIP8"
"WHITE_RSC"	191	"TNFRSF1B"
"WHITE_RSC"	192	"TNFSF9"
"WHITE_RSC"	193	"TNIP3"
"WHITE_RSC"	194	"TNNI2"
"WHITE_RSC"	195	"TNNT2"
"WHITE_RSC"	196	"TNS4"
"WHITE_RSC"	197	"TRAM2"
"WHITE_RSC"	198	"TRIM15"
"WHITE_RSC"	199	"TRIM40"
"WHITE_RSC"	200	"TSPAN4"
"WHITE_RSC"	201	"TSPAN6"
"WHITE_RSC"	202	"TUBA1A"
"WHITE_RSC"	203	"VAMP5"
"WHITE_RSC"	204	"VIM"
"WHITE_RSC"	205	"VNN1"
"WHITE_RSC"	206	"WFDC2"
"WHITE_RSC"	207	"WWTR1"
"WHITE_RSC"	208	"ZMAT3"
"WHITE_RSC"	209	"ZNF296"
"WHITE_RSC"	210	"ZNF703"
"WHITE_CBC"	1	"ACSM3"
"WHITE_CBC"	2	"ACVR2B"
"WHITE_CBC"	3	"ADRA2A"
"WHITE_CBC"	4	"AFAP1"
"WHITE_CBC"	5	"AFAP1L1"
"WHITE_CBC"	6	"AGR3"
"WHITE_CBC"	7	"AK7"
"WHITE_CBC"	8	"ALDH7A1"
"WHITE_CBC"	9	"ALMS1"
"WHITE_CBC"	10	"ANGPT2"
"WHITE_CBC"	11	"APCDD1"
"WHITE_CBC"	12	"APP"
"WHITE_CBC"	13	"AQP1"
"WHITE_CBC"	14	"AQP4"
"WHITE_CBC"	15	"ARHGAP39"
"WHITE_CBC"	16	"ARHGEF28"
"WHITE_CBC"	17	"ARL4C"
"WHITE_CBC"	18	"ASCL2"
"WHITE_CBC"	19	"ASPM"
"WHITE_CBC"	20	"ATG16L2"
"WHITE_CBC"	21	"ATM"
"WHITE_CBC"	22	"ATP11A"
"WHITE_CBC"	23	"ATR"
"WHITE_CBC"	24	"AXIN2"
"WHITE_CBC"	25	"BCKDHB"
"WHITE_CBC"	26	"BCL2"
"WHITE_CBC"	27	"BCL7A"
"WHITE_CBC"	28	"BLNK"
"WHITE_CBC"	29	"BRCA2"
"WHITE_CBC"	30	"CA12"
"WHITE_CBC"	31	"CABCOCO1"
"WHITE_CBC"	32	"CACHD1"
"WHITE_CBC"	33	"CASP12"
"WHITE_CBC"	34	"CBX6"
"WHITE_CBC"	35	"CC2D2A"
"WHITE_CBC"	36	"CCDC18"
"WHITE_CBC"	37	"CD320"
"WHITE_CBC"	38	"CD44"
"WHITE_CBC"	39	"CDC42EP1"
"WHITE_CBC"	40	"CDCA7"
"WHITE_CBC"	41	"CDCA7L"
"WHITE_CBC"	42	"CDK6"
"WHITE_CBC"	43	"CDO1"
"WHITE_CBC"	44	"CENPF"
"WHITE_CBC"	45	"CEP192"
"WHITE_CBC"	46	"CERS6"
"WHITE_CBC"	47	"CGNL1"
"WHITE_CBC"	48	"CIITA"
"WHITE_CBC"	49	"CIT"
"WHITE_CBC"	50	"CITED4"
"WHITE_CBC"	51	"CKAP2"
"WHITE_CBC"	52	"CLCA1"
"WHITE_CBC"	53	"CLIC6"
"WHITE_CBC"	54	"CLU"
"WHITE_CBC"	55	"CNN3"
"WHITE_CBC"	56	"COASY"
"WHITE_CBC"	57	"CPN1"
"WHITE_CBC"	58	"CSAD"
"WHITE_CBC"	59	"CSNK1E"
"WHITE_CBC"	60	"CSTPP1"
"WHITE_CBC"	61	"CTTNBP2"
"WHITE_CBC"	62	"CYP27B1"
"WHITE_CBC"	63	"CYP2E1"
"WHITE_CBC"	64	"DACH1"
"WHITE_CBC"	65	"DAPK2"
"WHITE_CBC"	66	"DCT"
"WHITE_CBC"	67	"DCTD"
"WHITE_CBC"	68	"DDB2"
"WHITE_CBC"	69	"DDO"
"WHITE_CBC"	70	"DMPK"
"WHITE_CBC"	71	"DTL"
"WHITE_CBC"	72	"DTX4"
"WHITE_CBC"	73	"DYNC2H1"
"WHITE_CBC"	74	"EFNA4"
"WHITE_CBC"	75	"EHF"
"WHITE_CBC"	76	"ELL3"
"WHITE_CBC"	77	"ELMO1"
"WHITE_CBC"	78	"EMP2"
"WHITE_CBC"	79	"ENGASE"
"WHITE_CBC"	80	"ENTREP3"
"WHITE_CBC"	81	"EPHA4"
"WHITE_CBC"	82	"EPHB3"
"WHITE_CBC"	83	"ERI2"
"WHITE_CBC"	84	"ESAM"
"WHITE_CBC"	85	"ESPL1"
"WHITE_CBC"	86	"ESRRG"
"WHITE_CBC"	87	"ETV6"
"WHITE_CBC"	88	"EVL"
"WHITE_CBC"	89	"FADS1"
"WHITE_CBC"	90	"FAM171A1"
"WHITE_CBC"	91	"FAM216A"
"WHITE_CBC"	92	"FARP1"
"WHITE_CBC"	93	"FBXO21"
"WHITE_CBC"	94	"FGD1"
"WHITE_CBC"	95	"FGFR4"
"WHITE_CBC"	96	"FHDC1"
"WHITE_CBC"	97	"FMNL2"
"WHITE_CBC"	98	"FRAS1"
"WHITE_CBC"	99	"FSTL1"
"WHITE_CBC"	100	"FZD2"
"WHITE_CBC"	101	"FZD7"
"WHITE_CBC"	102	"GABBR1"
"WHITE_CBC"	103	"GAS6"
"WHITE_CBC"	104	"GEMIN8"
"WHITE_CBC"	105	"GINS1"
"WHITE_CBC"	106	"GKAP1"
"WHITE_CBC"	107	"GLRX"
"WHITE_CBC"	108	"GPER1"
"WHITE_CBC"	109	"GPLD1"
"WHITE_CBC"	110	"GPRASP3"
"WHITE_CBC"	111	"GRAMD1A"
"WHITE_CBC"	112	"GRB7"
"WHITE_CBC"	113	"GREB1"
"WHITE_CBC"	114	"GRK3"
"WHITE_CBC"	115	"HAUS4"
"WHITE_CBC"	116	"HDAC11"
"WHITE_CBC"	117	"HIRIP3"
"WHITE_CBC"	118	"HMBOX1"
"WHITE_CBC"	119	"HMGA2"
"WHITE_CBC"	120	"HUNK"
"WHITE_CBC"	121	"IFFO2"
"WHITE_CBC"	122	"IFT122"
"WHITE_CBC"	123	"IGFBP4"
"WHITE_CBC"	124	"IL17RD"
"WHITE_CBC"	125	"ILF3"
"WHITE_CBC"	126	"IMMP2L"
"WHITE_CBC"	127	"IMPDH2"
"WHITE_CBC"	128	"IRF2BP2"
"WHITE_CBC"	129	"IRS1"
"WHITE_CBC"	130	"ISYNA1"
"WHITE_CBC"	131	"KANK1"
"WHITE_CBC"	132	"KCNE3"
"WHITE_CBC"	133	"KCNQ1"
"WHITE_CBC"	134	"KIF12"
"WHITE_CBC"	135	"KIF20A"
"WHITE_CBC"	136	"KLHL23"
"WHITE_CBC"	137	"KLHL24"
"WHITE_CBC"	138	"KLHL8"
"WHITE_CBC"	139	"KRT23"
"WHITE_CBC"	140	"KYAT3"
"WHITE_CBC"	141	"LAMB3"
"WHITE_CBC"	142	"LANCL1"
"WHITE_CBC"	143	"LARGE1"
"WHITE_CBC"	144	"LCP1"
"WHITE_CBC"	145	"LECT2"
"WHITE_CBC"	146	"LGR5"
"WHITE_CBC"	147	"LIMK2"
"WHITE_CBC"	148	"LIPT2"
"WHITE_CBC"	149	"LPAR6"
"WHITE_CBC"	150	"LRIG1"
"WHITE_CBC"	151	"LYSMD2"
"WHITE_CBC"	152	"MAGED1"
"WHITE_CBC"	153	"MAN2A2"
"WHITE_CBC"	154	"MARVELD1"
"WHITE_CBC"	155	"MCC"
"WHITE_CBC"	156	"MCM8"
"WHITE_CBC"	157	"MDN1"
"WHITE_CBC"	158	"MECOM"
"WHITE_CBC"	159	"MEX3A"
"WHITE_CBC"	160	"MFGE8"
"WHITE_CBC"	161	"MIA"
"WHITE_CBC"	162	"MIF"
"WHITE_CBC"	163	"MIS18BP1"
"WHITE_CBC"	164	"MLH3"
"WHITE_CBC"	165	"MLXIP"
"WHITE_CBC"	166	"MPP3"
"WHITE_CBC"	167	"MPZL1"
"WHITE_CBC"	168	"MPZL3"
"WHITE_CBC"	169	"MSI1"
"WHITE_CBC"	170	"MYC"
"WHITE_CBC"	171	"MYCL"
"WHITE_CBC"	172	"MYO1B"
"WHITE_CBC"	173	"NAP1L1"
"WHITE_CBC"	174	"NAPEPLD"
"WHITE_CBC"	175	"NAV1"
"WHITE_CBC"	176	"NEDD4"
"WHITE_CBC"	177	"NEMP1"
"WHITE_CBC"	178	"NFIA"
"WHITE_CBC"	179	"NFIC"
"WHITE_CBC"	180	"NIN"
"WHITE_CBC"	181	"NOD1"
"WHITE_CBC"	182	"NOTCH1"
"WHITE_CBC"	183	"NOTCH2"
"WHITE_CBC"	184	"NR2E3"
"WHITE_CBC"	185	"NRG4"
"WHITE_CBC"	186	"NRN1"
"WHITE_CBC"	187	"NRTN"
"WHITE_CBC"	188	"NSMF"
"WHITE_CBC"	189	"NT5C3B"
"WHITE_CBC"	190	"OLFM4"
"WHITE_CBC"	191	"ORC1"
"WHITE_CBC"	192	"PAICS"
"WHITE_CBC"	193	"PALB2"
"WHITE_CBC"	194	"PBX1"
"WHITE_CBC"	195	"PCDH8"
"WHITE_CBC"	196	"PCK2"
"WHITE_CBC"	197	"PDE3B"
"WHITE_CBC"	198	"PDE8B"
"WHITE_CBC"	199	"PDGFA"
"WHITE_CBC"	200	"PDS5B"
"WHITE_CBC"	201	"PELI2"
"WHITE_CBC"	202	"PHC1"
"WHITE_CBC"	203	"PHF20"
"WHITE_CBC"	204	"PHLDB2"
"WHITE_CBC"	205	"PHLPP1"
"WHITE_CBC"	206	"PICALM"
"WHITE_CBC"	207	"PIERCE2"
"WHITE_CBC"	208	"PLA2G4A"
"WHITE_CBC"	209	"PLCE1"
"WHITE_CBC"	210	"PLEKHB1"
"WHITE_CBC"	211	"PLPP3"
"WHITE_CBC"	212	"PLS3"
"WHITE_CBC"	213	"PLXNB1"
"WHITE_CBC"	214	"PNPLA7"
"WHITE_CBC"	215	"POGK"
"WHITE_CBC"	216	"POGLUT1"
"WHITE_CBC"	217	"POLD1"
"WHITE_CBC"	218	"POLE"
"WHITE_CBC"	219	"POLI"
"WHITE_CBC"	220	"PPM1F"
"WHITE_CBC"	221	"PPP1R9A"
"WHITE_CBC"	222	"PRELP"
"WHITE_CBC"	223	"PRIMPOL"
"WHITE_CBC"	224	"PRKACB"
"WHITE_CBC"	225	"PRKD3"
"WHITE_CBC"	226	"PRPF40B"
"WHITE_CBC"	227	"PRPS2"
"WHITE_CBC"	228	"PRRC2B"
"WHITE_CBC"	229	"PRSS23"
"WHITE_CBC"	230	"PSMD3"
"WHITE_CBC"	231	"PSRC1"
"WHITE_CBC"	232	"PTPRM"
"WHITE_CBC"	233	"PTPRO"
"WHITE_CBC"	234	"PTPRS"
"WHITE_CBC"	235	"PXYLP1"
"WHITE_CBC"	236	"QSOX2"
"WHITE_CBC"	237	"RAD51B"
"WHITE_CBC"	238	"RASA3"
"WHITE_CBC"	239	"RASL11B"
"WHITE_CBC"	240	"RASSF4"
"WHITE_CBC"	241	"RASSF5"
"WHITE_CBC"	242	"RCCD1"
"WHITE_CBC"	243	"RGCC"
"WHITE_CBC"	244	"RGMB"
"WHITE_CBC"	245	"RGS12"
"WHITE_CBC"	246	"RHBDF1"
"WHITE_CBC"	247	"RHOBTB3"
"WHITE_CBC"	248	"RNF32"
"WHITE_CBC"	249	"RNF43"
"WHITE_CBC"	250	"RPRD1A"
"WHITE_CBC"	251	"S100PBP"
"WHITE_CBC"	252	"SCN2B"
"WHITE_CBC"	253	"SDC4"
"WHITE_CBC"	254	"SEMA3B"
"WHITE_CBC"	255	"SEMA7A"
"WHITE_CBC"	256	"SESN3"
"WHITE_CBC"	257	"SESTD1"
"WHITE_CBC"	258	"SFRP5"
"WHITE_CBC"	259	"SGK1"
"WHITE_CBC"	260	"SHISA2"
"WHITE_CBC"	261	"SLC12A2"
"WHITE_CBC"	262	"SLC14A1"
"WHITE_CBC"	263	"SLC16A13"
"WHITE_CBC"	264	"SLC19A2"
"WHITE_CBC"	265	"SLC23A3"
"WHITE_CBC"	266	"SLC27A2"
"WHITE_CBC"	267	"SLC39A10"
"WHITE_CBC"	268	"SLC44A2"
"WHITE_CBC"	269	"SLCO3A1"
"WHITE_CBC"	270	"SMARCD3"
"WHITE_CBC"	271	"SMO"
"WHITE_CBC"	272	"SMOC2"
"WHITE_CBC"	273	"SMPX"
"WHITE_CBC"	274	"SNX10"
"WHITE_CBC"	275	"SOAT1"
"WHITE_CBC"	276	"SORBS2"
"WHITE_CBC"	277	"SORCS2"
"WHITE_CBC"	278	"SORD"
"WHITE_CBC"	279	"SOX4"
"WHITE_CBC"	280	"SOX9"
"WHITE_CBC"	281	"SPAG5"
"WHITE_CBC"	282	"SPATA24"
"WHITE_CBC"	283	"SPICE1"
"WHITE_CBC"	284	"SPIDR"
"WHITE_CBC"	285	"SRL"
"WHITE_CBC"	286	"STK39"
"WHITE_CBC"	287	"SYCN"
"WHITE_CBC"	288	"TBC1D19"
"WHITE_CBC"	289	"TBC1D4"
"WHITE_CBC"	290	"TBC1D9"
"WHITE_CBC"	291	"TCAF1"
"WHITE_CBC"	292	"TCF7"
"WHITE_CBC"	293	"TEAD2"
"WHITE_CBC"	294	"TEX9"
"WHITE_CBC"	295	"TFPI"
"WHITE_CBC"	296	"TGIF1"
"WHITE_CBC"	297	"TGIF2"
"WHITE_CBC"	298	"TIAM1"
"WHITE_CBC"	299	"TIFA"
"WHITE_CBC"	300	"TIMELESS"
"WHITE_CBC"	301	"TLR2"
"WHITE_CBC"	302	"TMEM131L"
"WHITE_CBC"	303	"TMEM132A"
"WHITE_CBC"	304	"TMEM209"
"WHITE_CBC"	305	"TMEM237"
"WHITE_CBC"	306	"TMEM9"
"WHITE_CBC"	307	"TNFAIP8L1"
"WHITE_CBC"	308	"TNFRSF19"
"WHITE_CBC"	309	"TNFSF10"
"WHITE_CBC"	310	"TNS3"
"WHITE_CBC"	311	"TNS4"
"WHITE_CBC"	312	"TRIM24"
"WHITE_CBC"	313	"TRIM32"
"WHITE_CBC"	314	"TRIM37"
"WHITE_CBC"	315	"TRIM44"
"WHITE_CBC"	316	"TSPAN5"
"WHITE_CBC"	317	"TTC21B"
"WHITE_CBC"	318	"TTC23"
"WHITE_CBC"	319	"TTPA"
"WHITE_CBC"	320	"TXNDC16"
"WHITE_CBC"	321	"UNG"
"WHITE_CBC"	322	"UTRN"
"WHITE_CBC"	323	"VAV3"
"WHITE_CBC"	324	"VNN1"
"WHITE_CBC"	325	"WDR35"
"WHITE_CBC"	326	"WDR90"
"WHITE_CBC"	327	"WWP1"
"WHITE_CBC"	328	"WWTR1"
"WHITE_CBC"	329	"XRCC5"
"WHITE_CBC"	330	"XXYLT1"
"WHITE_CBC"	331	"YAP1"
"WHITE_CBC"	332	"ZBTB12"
"WHITE_CBC"	333	"ZBTB25"
"WHITE_CBC"	334	"ZBTB38"
"WHITE_CBC"	335	"ZC3HAV1L"
"WHITE_CBC"	336	"ZFHX3"
"WHITE_CBC"	337	"ZFP90"
"WHITE_CBC"	338	"ZMYM1"
"WHITE_CBC"	339	"ZNF12"
"WHITE_CBC"	340	"ZNF292"
"WHITE_CBC"	341	"ZNF318"
"WHITE_CBC"	342	"ZNF397"
"WHITE_CBC"	343	"ZNF462"
"WHITE_CBC"	344	"ZNF48"
"WHITE_CBC"	345	"ZNF496"
"WHITE_CBC"	346	"ZNF503"
"WHITE_CBC"	347	"ZNF566"
"WHITE_CBC"	348	"ZNF618"
"WHITE_CBC"	349	"ZNF704"
"WHITE_CBC"	350	"ZNF883"
"WHITE_CBC"	351	"ZNRF3"
"WHITE_CBC"	352	"ZRANB3"
"WHITE_MAPK"	1	"DUSP4"
"WHITE_MAPK"	2	"DUSP6"
"WHITE_MAPK"	3	"ELF1"
"WHITE_MAPK"	4	"ETV4"
"WHITE_MAPK"	5	"ETV5"
"WHITE_MAPK"	6	"KANK1"
"WHITE_MAPK"	7	"LGALS3"
"WHITE_MAPK"	8	"LZTS1"
"WHITE_MAPK"	9	"MAP2K3"
"WHITE_MAPK"	10	"PHLDA1"
"WHITE_MAPK"	11	"PROS1"
"WHITE_MAPK"	12	"S100A6"
"WHITE_MAPK"	13	"SLCO4A1"
"WHITE_MAPK"	14	"SPRY2"
"WHITE_MAPK"	15	"TRIB2"
"WHITE_MAPK"	16	"ZNF106"
"WHITE_WNT"	1	"ABCC5"
"WHITE_WNT"	2	"ACER2"
"WHITE_WNT"	3	"ADAT1"
"WHITE_WNT"	4	"AGR3"
"WHITE_WNT"	5	"APEX1"
"WHITE_WNT"	6	"AQP4"
"WHITE_WNT"	7	"ASCL2"
"WHITE_WNT"	8	"AXIN2"
"WHITE_WNT"	9	"BCAS2"
"WHITE_WNT"	10	"CA12"
"WHITE_WNT"	11	"CCDC86"
"WHITE_WNT"	12	"CCND2"
"WHITE_WNT"	13	"CD320"
"WHITE_WNT"	14	"CD44"
"WHITE_WNT"	15	"CDC37"
"WHITE_WNT"	16	"CDCA7"
"WHITE_WNT"	17	"CHRNB4"
"WHITE_WNT"	18	"CITED1"
"WHITE_WNT"	19	"CLCN5"
"WHITE_WNT"	20	"CNOT2"
"WHITE_WNT"	21	"CPN1"
"WHITE_WNT"	22	"CYBRD1"
"WHITE_WNT"	23	"DIAPH3"
"WHITE_WNT"	24	"DLK1"
"WHITE_WNT"	25	"DTL"
"WHITE_WNT"	26	"DTYMK"
"WHITE_WNT"	27	"DYRK3"
"WHITE_WNT"	28	"ECT2"
"WHITE_WNT"	29	"EGR1"
"WHITE_WNT"	30	"EHF"
"WHITE_WNT"	31	"EIF2S2"
"WHITE_WNT"	32	"EMP2"
"WHITE_WNT"	33	"EPHB2"
"WHITE_WNT"	34	"EPHB3"
"WHITE_WNT"	35	"ERGIC1"
"WHITE_WNT"	36	"ETS2"
"WHITE_WNT"	37	"ETV4"
"WHITE_WNT"	38	"FOXA3"
"WHITE_WNT"	39	"GGH"
"WHITE_WNT"	40	"GLUL"
"WHITE_WNT"	41	"GNB1L"
"WHITE_WNT"	42	"GTF3C4"
"WHITE_WNT"	43	"HES6"
"WHITE_WNT"	44	"HNRNPR"
"WHITE_WNT"	45	"HOPX"
"WHITE_WNT"	46	"HS3ST1"
"WHITE_WNT"	47	"HUNK"
"WHITE_WNT"	48	"IGFBP4"
"WHITE_WNT"	49	"IMPA2"
"WHITE_WNT"	50	"IMPDH2"
"WHITE_WNT"	51	"KAT2A"
"WHITE_WNT"	52	"KCNQ1"
"WHITE_WNT"	53	"KRT18"
"WHITE_WNT"	54	"KRT23"
"WHITE_WNT"	55	"LRIG1"
"WHITE_WNT"	56	"MAD1L1"
"WHITE_WNT"	57	"MARCKSL1"
"WHITE_WNT"	58	"MCM2"
"WHITE_WNT"	59	"MCM3"
"WHITE_WNT"	60	"MCM6"
"WHITE_WNT"	61	"MCM7"
"WHITE_WNT"	62	"MRI1"
"WHITE_WNT"	63	"MSI1"
"WHITE_WNT"	64	"MSX1"
"WHITE_WNT"	65	"MT4"
"WHITE_WNT"	66	"MYL7"
"WHITE_WNT"	67	"NAF1"
"WHITE_WNT"	68	"NPC1"
"WHITE_WNT"	69	"NR2E3"
"WHITE_WNT"	70	"PAICS"
"WHITE_WNT"	71	"PARP1"
"WHITE_WNT"	72	"PASK"
"WHITE_WNT"	73	"PIWIL2"
"WHITE_WNT"	74	"POLI"
"WHITE_WNT"	75	"PRDX2"
"WHITE_WNT"	76	"PSAT1"
"WHITE_WNT"	77	"PSMG2"
"WHITE_WNT"	78	"QSER1"
"WHITE_WNT"	79	"REC8"
"WHITE_WNT"	80	"RECQL"
"WHITE_WNT"	81	"RNASE4"
"WHITE_WNT"	82	"RNF43"
"WHITE_WNT"	83	"RPL14"
"WHITE_WNT"	84	"RPP14"
"WHITE_WNT"	85	"SHF"
"WHITE_WNT"	86	"SKP2"
"WHITE_WNT"	87	"SLC39A14"
"WHITE_WNT"	88	"SLC40A1"
"WHITE_WNT"	89	"SNAPC2"
"WHITE_WNT"	90	"SOX17"
"WHITE_WNT"	91	"SOX4"
"WHITE_WNT"	92	"SOX9"
"WHITE_WNT"	93	"SP5"
"WHITE_WNT"	94	"TC2N"
"WHITE_WNT"	95	"TCF7"
"WHITE_WNT"	96	"TCOF1"
"WHITE_WNT"	97	"TGFBR2"
"WHITE_WNT"	98	"TGIF1"
"WHITE_WNT"	99	"TIAM1"
"WHITE_WNT"	100	"TNFRSF12A"
"WHITE_WNT"	101	"TNFRSF19"
"WHITE_WNT"	102	"TNNI1"
"WHITE_WNT"	103	"TRIB1"
"WHITE_WNT"	104	"TXNRD3"
"WHITE_WNT"	105	"UBE2T"
"WHITE_WNT"	106	"UNG"
"WHITE_WNT"	107	"WDFY1"
"WHITE_WNT"	108	"WDR75"
"WHITE_WNT"	109	"ZBTB16"
"WHITE_WNT"	110	"ZC3H8"
"WHITE_WNT"	111	"ZNF746"
"ICMS2_TEMPLATE_UP"	1	"A1CF"
"ICMS2_TEMPLATE_UP"	2	"ABHD12"
"ICMS2_TEMPLATE_UP"	3	"ABRACL"
"ICMS2_TEMPLATE_UP"	4	"ACOT8"
"ICMS2_TEMPLATE_UP"	5	"ADIRF"
"ICMS2_TEMPLATE_UP"	6	"ADRM1"
"ICMS2_TEMPLATE_UP"	7	"AHCY"
"ICMS2_TEMPLATE_UP"	8	"AIFM3"
"ICMS2_TEMPLATE_UP"	9	"AKAP1"
"ICMS2_TEMPLATE_UP"	10	"ALKBH3"
"ICMS2_TEMPLATE_UP"	11	"ANO9"
"ICMS2_TEMPLATE_UP"	12	"AQP8"
"ICMS2_TEMPLATE_UP"	13	"AREG"
"ICMS2_TEMPLATE_UP"	14	"ARFGAP1"
"ICMS2_TEMPLATE_UP"	15	"ARFRP1"
"ICMS2_TEMPLATE_UP"	16	"ARHGAP45"
"ICMS2_TEMPLATE_UP"	17	"ARID3A"
"ICMS2_TEMPLATE_UP"	18	"ARL4A"
"ICMS2_TEMPLATE_UP"	19	"ARMC1"
"ICMS2_TEMPLATE_UP"	20	"ARSE"
"ICMS2_TEMPLATE_UP"	21	"ASCL2"
"ICMS2_TEMPLATE_UP"	22	"ASPSCR1"
"ICMS2_TEMPLATE_UP"	23	"ASXL1"
"ICMS2_TEMPLATE_UP"	24	"ATP10B"
"ICMS2_TEMPLATE_UP"	25	"ATP6V1H"
"ICMS2_TEMPLATE_UP"	26	"ATP9A"
"ICMS2_TEMPLATE_UP"	27	"AURKA"
"ICMS2_TEMPLATE_UP"	28	"AVL9"
"ICMS2_TEMPLATE_UP"	29	"AXIN2"
"ICMS2_TEMPLATE_UP"	30	"BCAP31"
"ICMS2_TEMPLATE_UP"	31	"BCL2L1"
"ICMS2_TEMPLATE_UP"	32	"BLCAP"
"ICMS2_TEMPLATE_UP"	33	"BOP1"
"ICMS2_TEMPLATE_UP"	34	"C10ORF99"
"ICMS2_TEMPLATE_UP"	35	"C1GALT1C1"
"ICMS2_TEMPLATE_UP"	36	"C2"
"ICMS2_TEMPLATE_UP"	37	"C20ORF27"
"ICMS2_TEMPLATE_UP"	38	"C6ORF222"
"ICMS2_TEMPLATE_UP"	39	"C6ORF48"
"ICMS2_TEMPLATE_UP"	40	"C8ORF33"
"ICMS2_TEMPLATE_UP"	41	"C8ORF59"
"ICMS2_TEMPLATE_UP"	42	"CA4"
"ICMS2_TEMPLATE_UP"	43	"CAPZA2"
"ICMS2_TEMPLATE_UP"	44	"CARS2"
"ICMS2_TEMPLATE_UP"	45	"CCDC34"
"ICMS2_TEMPLATE_UP"	46	"CCDC85B"
"ICMS2_TEMPLATE_UP"	47	"CCL20"
"ICMS2_TEMPLATE_UP"	48	"CCT6A"
"ICMS2_TEMPLATE_UP"	49	"CDC16"
"ICMS2_TEMPLATE_UP"	50	"CDC25B"
"ICMS2_TEMPLATE_UP"	51	"CDHR1"
"ICMS2_TEMPLATE_UP"	52	"CDK4"
"ICMS2_TEMPLATE_UP"	53	"CDK5RAP1"
"ICMS2_TEMPLATE_UP"	54	"CDK8"
"ICMS2_TEMPLATE_UP"	55	"CDX2"
"ICMS2_TEMPLATE_UP"	56	"CEBPA"
"ICMS2_TEMPLATE_UP"	57	"CEBPB"
"ICMS2_TEMPLATE_UP"	58	"CFTR"
"ICMS2_TEMPLATE_UP"	59	"CHCHD7"
"ICMS2_TEMPLATE_UP"	60	"CHD6"
"ICMS2_TEMPLATE_UP"	61	"CHMP4C"
"ICMS2_TEMPLATE_UP"	62	"CHP2"
"ICMS2_TEMPLATE_UP"	63	"CKB"
"ICMS2_TEMPLATE_UP"	64	"COMMD6"
"ICMS2_TEMPLATE_UP"	65	"COMMD7"
"ICMS2_TEMPLATE_UP"	66	"COPS5"
"ICMS2_TEMPLATE_UP"	67	"COX19"
"ICMS2_TEMPLATE_UP"	68	"CPNE1"
"ICMS2_TEMPLATE_UP"	69	"CSE1L"
"ICMS2_TEMPLATE_UP"	70	"CSNK2A2"
"ICMS2_TEMPLATE_UP"	71	"CTNNBL1"
"ICMS2_TEMPLATE_UP"	72	"CTSA"
"ICMS2_TEMPLATE_UP"	73	"CTSH"
"ICMS2_TEMPLATE_UP"	74	"CXCL14"
"ICMS2_TEMPLATE_UP"	75	"CYB5B"
"ICMS2_TEMPLATE_UP"	76	"CYP2S1"
"ICMS2_TEMPLATE_UP"	77	"CYP2W1"
"ICMS2_TEMPLATE_UP"	78	"DAB2"
"ICMS2_TEMPLATE_UP"	79	"DARS"
"ICMS2_TEMPLATE_UP"	80	"DCAF13"
"ICMS2_TEMPLATE_UP"	81	"DDAH2"
"ICMS2_TEMPLATE_UP"	82	"DDC"
"ICMS2_TEMPLATE_UP"	83	"DDX27"
"ICMS2_TEMPLATE_UP"	84	"DIDO1"
"ICMS2_TEMPLATE_UP"	85	"DKC1"
"ICMS2_TEMPLATE_UP"	86	"DNAJC15"
"ICMS2_TEMPLATE_UP"	87	"DNAJC5"
"ICMS2_TEMPLATE_UP"	88	"DNTTIP1"
"ICMS2_TEMPLATE_UP"	89	"DPEP1"
"ICMS2_TEMPLATE_UP"	90	"DPM1"
"ICMS2_TEMPLATE_UP"	91	"DYNLRB1"
"ICMS2_TEMPLATE_UP"	92	"EDEM2"
"ICMS2_TEMPLATE_UP"	93	"EDN1"
"ICMS2_TEMPLATE_UP"	94	"EEPD1"
"ICMS2_TEMPLATE_UP"	95	"EIF2S2"
"ICMS2_TEMPLATE_UP"	96	"EIF3E"
"ICMS2_TEMPLATE_UP"	97	"EIF3H"
"ICMS2_TEMPLATE_UP"	98	"EIF6"
"ICMS2_TEMPLATE_UP"	99	"EMD"
"ICMS2_TEMPLATE_UP"	100	"EPB41L1"
"ICMS2_TEMPLATE_UP"	101	"EPB41L5"
"ICMS2_TEMPLATE_UP"	102	"EREG"
"ICMS2_TEMPLATE_UP"	103	"ERGIC3"
"ICMS2_TEMPLATE_UP"	104	"ESF1"
"ICMS2_TEMPLATE_UP"	105	"ESPN"
"ICMS2_TEMPLATE_UP"	106	"EXOSC5"
"ICMS2_TEMPLATE_UP"	107	"FABP1"
"ICMS2_TEMPLATE_UP"	108	"FARP1"
"ICMS2_TEMPLATE_UP"	109	"FBL"
"ICMS2_TEMPLATE_UP"	110	"FCGRT"
"ICMS2_TEMPLATE_UP"	111	"FERMT1"
"ICMS2_TEMPLATE_UP"	112	"FGGY"
"ICMS2_TEMPLATE_UP"	113	"FMR1"
"ICMS2_TEMPLATE_UP"	114	"FN1"
"ICMS2_TEMPLATE_UP"	115	"FNTA"
"ICMS2_TEMPLATE_UP"	116	"FTL"
"ICMS2_TEMPLATE_UP"	117	"FTX"
"ICMS2_TEMPLATE_UP"	118	"FUNDC2"
"ICMS2_TEMPLATE_UP"	119	"GABRE"
"ICMS2_TEMPLATE_UP"	120	"GAL"
"ICMS2_TEMPLATE_UP"	121	"GGH"
"ICMS2_TEMPLATE_UP"	122	"GID8"
"ICMS2_TEMPLATE_UP"	123	"GJB1"
"ICMS2_TEMPLATE_UP"	124	"GLA"
"ICMS2_TEMPLATE_UP"	125	"GNPDA1"
"ICMS2_TEMPLATE_UP"	126	"GOLGA7"
"ICMS2_TEMPLATE_UP"	127	"GPALPP1"
"ICMS2_TEMPLATE_UP"	128	"GPCPD1"
"ICMS2_TEMPLATE_UP"	129	"GPSM2"
"ICMS2_TEMPLATE_UP"	130	"GTF2F2"
"ICMS2_TEMPLATE_UP"	131	"GTF2IRD1"
"ICMS2_TEMPLATE_UP"	132	"GTF3A"
"ICMS2_TEMPLATE_UP"	133	"HELZ2"
"ICMS2_TEMPLATE_UP"	134	"HIBADH"
"ICMS2_TEMPLATE_UP"	135	"HM13"
"ICMS2_TEMPLATE_UP"	136	"HNF4A"
"ICMS2_TEMPLATE_UP"	137	"HSD17B10"
"ICMS2_TEMPLATE_UP"	138	"HUS1"
"ICMS2_TEMPLATE_UP"	139	"ID1"
"ICMS2_TEMPLATE_UP"	140	"IFITM1"
"ICMS2_TEMPLATE_UP"	141	"IFT52"
"ICMS2_TEMPLATE_UP"	142	"IGBP1"
"ICMS2_TEMPLATE_UP"	143	"IMMP2L"
"ICMS2_TEMPLATE_UP"	144	"IPO5"
"ICMS2_TEMPLATE_UP"	145	"IRS2"
"ICMS2_TEMPLATE_UP"	146	"KLC4"
"ICMS2_TEMPLATE_UP"	147	"KPNA3"
"ICMS2_TEMPLATE_UP"	148	"KRT23"
"ICMS2_TEMPLATE_UP"	149	"LAGE3"
"ICMS2_TEMPLATE_UP"	150	"LAMP2"
"ICMS2_TEMPLATE_UP"	151	"LAPTM4B"
"ICMS2_TEMPLATE_UP"	152	"LAS1L"
"ICMS2_TEMPLATE_UP"	153	"LDHB"
"ICMS2_TEMPLATE_UP"	154	"LY6G6F-LY6G6D"
"ICMS2_TEMPLATE_UP"	155	"LYPLA1"
"ICMS2_TEMPLATE_UP"	156	"MALSU1"
"ICMS2_TEMPLATE_UP"	157	"MAPK13"
"ICMS2_TEMPLATE_UP"	158	"MAPRE1"
"ICMS2_TEMPLATE_UP"	159	"MAVS"
"ICMS2_TEMPLATE_UP"	160	"MCTS1"
"ICMS2_TEMPLATE_UP"	161	"MED30"
"ICMS2_TEMPLATE_UP"	162	"MED4"
"ICMS2_TEMPLATE_UP"	163	"MEP1A"
"ICMS2_TEMPLATE_UP"	164	"MICU2"
"ICMS2_TEMPLATE_UP"	165	"MOGAT3"
"ICMS2_TEMPLATE_UP"	166	"MPLKIP"
"ICMS2_TEMPLATE_UP"	167	"MRGBP"
"ICMS2_TEMPLATE_UP"	168	"MRPL13"
"ICMS2_TEMPLATE_UP"	169	"MRPS17"
"ICMS2_TEMPLATE_UP"	170	"MRPS24"
"ICMS2_TEMPLATE_UP"	171	"MRPS31"
"ICMS2_TEMPLATE_UP"	172	"MYC"
"ICMS2_TEMPLATE_UP"	173	"NAA10"
"ICMS2_TEMPLATE_UP"	174	"NAA20"
"ICMS2_TEMPLATE_UP"	175	"NAE1"
"ICMS2_TEMPLATE_UP"	176	"NCBP2"
"ICMS2_TEMPLATE_UP"	177	"NCOA3"
"ICMS2_TEMPLATE_UP"	178	"NDFIP2"
"ICMS2_TEMPLATE_UP"	179	"NDRG3"
"ICMS2_TEMPLATE_UP"	180	"NEK3"
"ICMS2_TEMPLATE_UP"	181	"NELFCD"
"ICMS2_TEMPLATE_UP"	182	"NEU1"
"ICMS2_TEMPLATE_UP"	183	"NEU4"
"ICMS2_TEMPLATE_UP"	184	"NFS1"
"ICMS2_TEMPLATE_UP"	185	"NHLRC3"
"ICMS2_TEMPLATE_UP"	186	"NIP7"
"ICMS2_TEMPLATE_UP"	187	"NIT2"
"ICMS2_TEMPLATE_UP"	188	"NKAP"
"ICMS2_TEMPLATE_UP"	189	"NKD1"
"ICMS2_TEMPLATE_UP"	190	"NORAD"
"ICMS2_TEMPLATE_UP"	191	"NOX1"
"ICMS2_TEMPLATE_UP"	192	"NSDHL"
"ICMS2_TEMPLATE_UP"	193	"NUAK2"
"ICMS2_TEMPLATE_UP"	194	"NUDT4"
"ICMS2_TEMPLATE_UP"	195	"NUPL2"
"ICMS2_TEMPLATE_UP"	196	"NXPE4"
"ICMS2_TEMPLATE_UP"	197	"NXT1"
"ICMS2_TEMPLATE_UP"	198	"OGFR"
"ICMS2_TEMPLATE_UP"	199	"OSBPL2"
"ICMS2_TEMPLATE_UP"	200	"OSER1"
"ICMS2_TEMPLATE_UP"	201	"PAK1IP1"
"ICMS2_TEMPLATE_UP"	202	"PAN3"
"ICMS2_TEMPLATE_UP"	203	"PARD6B"
"ICMS2_TEMPLATE_UP"	204	"PCID2"
"ICMS2_TEMPLATE_UP"	205	"PCIF1"
"ICMS2_TEMPLATE_UP"	206	"PCMTD2"
"ICMS2_TEMPLATE_UP"	207	"PCSK1N"
"ICMS2_TEMPLATE_UP"	208	"PDP1"
"ICMS2_TEMPLATE_UP"	209	"PDPK1"
"ICMS2_TEMPLATE_UP"	210	"PDRG1"
"ICMS2_TEMPLATE_UP"	211	"PEPD"
"ICMS2_TEMPLATE_UP"	212	"PET117"
"ICMS2_TEMPLATE_UP"	213	"PEX16"
"ICMS2_TEMPLATE_UP"	214	"PFDN4"
"ICMS2_TEMPLATE_UP"	215	"PGRMC1"
"ICMS2_TEMPLATE_UP"	216	"PHF20"
"ICMS2_TEMPLATE_UP"	217	"PHYH"
"ICMS2_TEMPLATE_UP"	218	"PID1"
"ICMS2_TEMPLATE_UP"	219	"PIGU"
"ICMS2_TEMPLATE_UP"	220	"PKIG"
"ICMS2_TEMPLATE_UP"	221	"PLAGL2"
"ICMS2_TEMPLATE_UP"	222	"PLCB4"
"ICMS2_TEMPLATE_UP"	223	"PLIN2"
"ICMS2_TEMPLATE_UP"	224	"PLTP"
"ICMS2_TEMPLATE_UP"	225	"PM20D2"
"ICMS2_TEMPLATE_UP"	226	"PMEPA1"
"ICMS2_TEMPLATE_UP"	227	"POFUT1"
"ICMS2_TEMPLATE_UP"	228	"PPP1R14D"
"ICMS2_TEMPLATE_UP"	229	"PQBP1"
"ICMS2_TEMPLATE_UP"	230	"PRAP1"
"ICMS2_TEMPLATE_UP"	231	"PRELID3B"
"ICMS2_TEMPLATE_UP"	232	"PRKDC"
"ICMS2_TEMPLATE_UP"	233	"PROSER1"
"ICMS2_TEMPLATE_UP"	234	"PROX1"
"ICMS2_TEMPLATE_UP"	235	"PRPF6"
"ICMS2_TEMPLATE_UP"	236	"PRR15"
"ICMS2_TEMPLATE_UP"	237	"PRSS23"
"ICMS2_TEMPLATE_UP"	238	"PSMA7"
"ICMS2_TEMPLATE_UP"	239	"PSPH"
"ICMS2_TEMPLATE_UP"	240	"PTPRO"
"ICMS2_TEMPLATE_UP"	241	"QPRT"
"ICMS2_TEMPLATE_UP"	242	"RAB15"
"ICMS2_TEMPLATE_UP"	243	"RAB20"
"ICMS2_TEMPLATE_UP"	244	"RAB22A"
"ICMS2_TEMPLATE_UP"	245	"RAE1"
"ICMS2_TEMPLATE_UP"	246	"RALGAPB"
"ICMS2_TEMPLATE_UP"	247	"RALY"
"ICMS2_TEMPLATE_UP"	248	"RASL11A"
"ICMS2_TEMPLATE_UP"	249	"RB1CC1"
"ICMS2_TEMPLATE_UP"	250	"RBM39"
"ICMS2_TEMPLATE_UP"	251	"RBMX2"
"ICMS2_TEMPLATE_UP"	252	"RETREG1"
"ICMS2_TEMPLATE_UP"	253	"RGMB"
"ICMS2_TEMPLATE_UP"	254	"RIDA"
"ICMS2_TEMPLATE_UP"	255	"RNASEH2B"
"ICMS2_TEMPLATE_UP"	256	"RNF113A"
"ICMS2_TEMPLATE_UP"	257	"RNF114"
"ICMS2_TEMPLATE_UP"	258	"RNF170"
"ICMS2_TEMPLATE_UP"	259	"RNF43"
"ICMS2_TEMPLATE_UP"	260	"RNF6"
"ICMS2_TEMPLATE_UP"	261	"RP9"
"ICMS2_TEMPLATE_UP"	262	"RPIA"
"ICMS2_TEMPLATE_UP"	263	"RPN2"
"ICMS2_TEMPLATE_UP"	264	"RPRD1B"
"ICMS2_TEMPLATE_UP"	265	"RPUSD1"
"ICMS2_TEMPLATE_UP"	266	"RRP9"
"ICMS2_TEMPLATE_UP"	267	"RRS1"
"ICMS2_TEMPLATE_UP"	268	"RUBCNL"
"ICMS2_TEMPLATE_UP"	269	"SATB2"
"ICMS2_TEMPLATE_UP"	270	"SCAND1"
"ICMS2_TEMPLATE_UP"	271	"SCARB1"
"ICMS2_TEMPLATE_UP"	272	"SCML1"
"ICMS2_TEMPLATE_UP"	273	"SELENOP"
"ICMS2_TEMPLATE_UP"	274	"SEMA5A"
"ICMS2_TEMPLATE_UP"	275	"SERINC3"
"ICMS2_TEMPLATE_UP"	276	"SERPINE2"
"ICMS2_TEMPLATE_UP"	277	"SHD"
"ICMS2_TEMPLATE_UP"	278	"SINHCAF"
"ICMS2_TEMPLATE_UP"	279	"SLC20A2"
"ICMS2_TEMPLATE_UP"	280	"SLC26A2"
"ICMS2_TEMPLATE_UP"	281	"SLC26A3"
"ICMS2_TEMPLATE_UP"	282	"SLC29A1"
"ICMS2_TEMPLATE_UP"	283	"SLC2A8"
"ICMS2_TEMPLATE_UP"	284	"SLC35C2"
"ICMS2_TEMPLATE_UP"	285	"SLC38A5"
"ICMS2_TEMPLATE_UP"	286	"SLC39A5"
"ICMS2_TEMPLATE_UP"	287	"SLC3A2"
"ICMS2_TEMPLATE_UP"	288	"SLC52A2"
"ICMS2_TEMPLATE_UP"	289	"SLC5A6"
"ICMS2_TEMPLATE_UP"	290	"SLC7A6"
"ICMS2_TEMPLATE_UP"	291	"SMAP1"
"ICMS2_TEMPLATE_UP"	292	"SMIM26"
"ICMS2_TEMPLATE_UP"	293	"SNRPB"
"ICMS2_TEMPLATE_UP"	294	"SNRPB2"
"ICMS2_TEMPLATE_UP"	295	"SOX4"
"ICMS2_TEMPLATE_UP"	296	"SPATA13"
"ICMS2_TEMPLATE_UP"	297	"SPINK1"
"ICMS2_TEMPLATE_UP"	298	"SPRYD7"
"ICMS2_TEMPLATE_UP"	299	"ST6GAL1"
"ICMS2_TEMPLATE_UP"	300	"STAU1"
"ICMS2_TEMPLATE_UP"	301	"STK4"
"ICMS2_TEMPLATE_UP"	302	"STRAP"
"ICMS2_TEMPLATE_UP"	303	"STX16"
"ICMS2_TEMPLATE_UP"	304	"SUCLA2"
"ICMS2_TEMPLATE_UP"	305	"SUPT20H"
"ICMS2_TEMPLATE_UP"	306	"SYS1"
"ICMS2_TEMPLATE_UP"	307	"TBC1D4"
"ICMS2_TEMPLATE_UP"	308	"TBRG4"
"ICMS2_TEMPLATE_UP"	309	"TCF7"
"ICMS2_TEMPLATE_UP"	310	"TDGF1"
"ICMS2_TEMPLATE_UP"	311	"TFCP2L1"
"ICMS2_TEMPLATE_UP"	312	"THBS1"
"ICMS2_TEMPLATE_UP"	313	"TIMM17B"
"ICMS2_TEMPLATE_UP"	314	"TIMM8A"
"ICMS2_TEMPLATE_UP"	315	"TIMP3"
"ICMS2_TEMPLATE_UP"	316	"TLE2"
"ICMS2_TEMPLATE_UP"	317	"TNNC2"
"ICMS2_TEMPLATE_UP"	318	"TOMM34"
"ICMS2_TEMPLATE_UP"	319	"TOP1MT"
"ICMS2_TEMPLATE_UP"	320	"TP53RK"
"ICMS2_TEMPLATE_UP"	321	"TPD52L2"
"ICMS2_TEMPLATE_UP"	322	"TPX2"
"ICMS2_TEMPLATE_UP"	323	"TRAP1"
"ICMS2_TEMPLATE_UP"	324	"TRIB3"
"ICMS2_TEMPLATE_UP"	325	"TRPC4AP"
"ICMS2_TEMPLATE_UP"	326	"TSC22D1"
"ICMS2_TEMPLATE_UP"	327	"TSPAN6"
"ICMS2_TEMPLATE_UP"	328	"TWISTNB"
"ICMS2_TEMPLATE_UP"	329	"TXLNG"
"ICMS2_TEMPLATE_UP"	330	"TXNDC9"
"ICMS2_TEMPLATE_UP"	331	"UBA2"
"ICMS2_TEMPLATE_UP"	332	"UBAC2"
"ICMS2_TEMPLATE_UP"	333	"UBE2C"
"ICMS2_TEMPLATE_UP"	334	"UCA1"
"ICMS2_TEMPLATE_UP"	335	"UCHL3"
"ICMS2_TEMPLATE_UP"	336	"UCKL1"
"ICMS2_TEMPLATE_UP"	337	"UGT2A3"
"ICMS2_TEMPLATE_UP"	338	"UPF3A"
"ICMS2_TEMPLATE_UP"	339	"UTP14A"
"ICMS2_TEMPLATE_UP"	340	"UTP23"
"ICMS2_TEMPLATE_UP"	341	"UTP4"
"ICMS2_TEMPLATE_UP"	342	"VAPB"
"ICMS2_TEMPLATE_UP"	343	"VAV3"
"ICMS2_TEMPLATE_UP"	344	"VBP1"
"ICMS2_TEMPLATE_UP"	345	"VMA21"
"ICMS2_TEMPLATE_UP"	346	"XRN2"
"ICMS2_TEMPLATE_UP"	347	"YAE1D1"
"ICMS2_TEMPLATE_UP"	348	"YTHDF1"
"ICMS2_TEMPLATE_UP"	349	"YWHAB"
"ICMS2_TEMPLATE_UP"	350	"ZBTB10"
"ICMS2_TEMPLATE_UP"	351	"ZC3H13"
"ICMS2_TEMPLATE_UP"	352	"ZDHHC9"
"ICMS2_TEMPLATE_UP"	353	"ZFAND1"
"ICMS2_TEMPLATE_UP"	354	"ZFAS1"
"ICMS2_TEMPLATE_UP"	355	"ZMYND8"
"ICMS2_TEMPLATE_UP"	356	"ZNF503"
"ICMS3_TEMPLATE_UP"	1	"ABHD3"
"ICMS3_TEMPLATE_UP"	2	"ABO"
"ICMS3_TEMPLATE_UP"	3	"ACADS"
"ICMS3_TEMPLATE_UP"	4	"ACER3"
"ICMS3_TEMPLATE_UP"	5	"ADAM9"
"ICMS3_TEMPLATE_UP"	6	"AGR2"
"ICMS3_TEMPLATE_UP"	7	"AGR3"
"ICMS3_TEMPLATE_UP"	8	"AGRN"
"ICMS3_TEMPLATE_UP"	9	"AHNAK"
"ICMS3_TEMPLATE_UP"	10	"AKAP13"
"ICMS3_TEMPLATE_UP"	11	"AKR7A3"
"ICMS3_TEMPLATE_UP"	12	"AKT1"
"ICMS3_TEMPLATE_UP"	13	"ALDH6A1"
"ICMS3_TEMPLATE_UP"	14	"ALDOB"
"ICMS3_TEMPLATE_UP"	15	"AMN"
"ICMS3_TEMPLATE_UP"	16	"ANG"
"ICMS3_TEMPLATE_UP"	17	"ANKRD36C"
"ICMS3_TEMPLATE_UP"	18	"ANPEP"
"ICMS3_TEMPLATE_UP"	19	"ANXA1"
"ICMS3_TEMPLATE_UP"	20	"ANXA13"
"ICMS3_TEMPLATE_UP"	21	"AQP3"
"ICMS3_TEMPLATE_UP"	22	"ARSA"
"ICMS3_TEMPLATE_UP"	23	"ASAP2"
"ICMS3_TEMPLATE_UP"	24	"ASRGL1"
"ICMS3_TEMPLATE_UP"	25	"ATL3"
"ICMS3_TEMPLATE_UP"	26	"ATP1B1"
"ICMS3_TEMPLATE_UP"	27	"ATP2A3"
"ICMS3_TEMPLATE_UP"	28	"ATP8A1"
"ICMS3_TEMPLATE_UP"	29	"ATP8B1"
"ICMS3_TEMPLATE_UP"	30	"B3GALT5"
"ICMS3_TEMPLATE_UP"	31	"B3GNT7"
"ICMS3_TEMPLATE_UP"	32	"BAIAP2L2"
"ICMS3_TEMPLATE_UP"	33	"BCAS1"
"ICMS3_TEMPLATE_UP"	34	"BNIP3L"
"ICMS3_TEMPLATE_UP"	35	"BTBD6"
"ICMS3_TEMPLATE_UP"	36	"C12ORF57"
"ICMS3_TEMPLATE_UP"	37	"C18ORF32"
"ICMS3_TEMPLATE_UP"	38	"C2ORF88"
"ICMS3_TEMPLATE_UP"	39	"C4BPB"
"ICMS3_TEMPLATE_UP"	40	"C9ORF3"
"ICMS3_TEMPLATE_UP"	41	"CA12"
"ICMS3_TEMPLATE_UP"	42	"CA2"
"ICMS3_TEMPLATE_UP"	43	"CA7"
"ICMS3_TEMPLATE_UP"	44	"CA9"
"ICMS3_TEMPLATE_UP"	45	"CAMK2D"
"ICMS3_TEMPLATE_UP"	46	"CANT1"
"ICMS3_TEMPLATE_UP"	47	"CARD16"
"ICMS3_TEMPLATE_UP"	48	"CASC4"
"ICMS3_TEMPLATE_UP"	49	"CASZ1"
"ICMS3_TEMPLATE_UP"	50	"CCAR2"
"ICMS3_TEMPLATE_UP"	51	"CCDC68"
"ICMS3_TEMPLATE_UP"	52	"CCNG2"
"ICMS3_TEMPLATE_UP"	53	"CD55"
"ICMS3_TEMPLATE_UP"	54	"CDC42EP1"
"ICMS3_TEMPLATE_UP"	55	"CDC42EP5"
"ICMS3_TEMPLATE_UP"	56	"CDKN2A"
"ICMS3_TEMPLATE_UP"	57	"CDKN2B"
"ICMS3_TEMPLATE_UP"	58	"CEACAM7"
"ICMS3_TEMPLATE_UP"	59	"CEP70"
"ICMS3_TEMPLATE_UP"	60	"CFD"
"ICMS3_TEMPLATE_UP"	61	"CHCHD10"
"ICMS3_TEMPLATE_UP"	62	"CHD3"
"ICMS3_TEMPLATE_UP"	63	"CKAP4"
"ICMS3_TEMPLATE_UP"	64	"CLCA1"
"ICMS3_TEMPLATE_UP"	65	"CLCA4"
"ICMS3_TEMPLATE_UP"	66	"CLSTN1"
"ICMS3_TEMPLATE_UP"	67	"CLU"
"ICMS3_TEMPLATE_UP"	68	"COL16A1"
"ICMS3_TEMPLATE_UP"	69	"COPG1"
"ICMS3_TEMPLATE_UP"	70	"CRACR2B"
"ICMS3_TEMPLATE_UP"	71	"CREB3L1"
"ICMS3_TEMPLATE_UP"	72	"CRELD2"
"ICMS3_TEMPLATE_UP"	73	"CRIP1"
"ICMS3_TEMPLATE_UP"	74	"CTNNBIP1"
"ICMS3_TEMPLATE_UP"	75	"CTSE"
"ICMS3_TEMPLATE_UP"	76	"CXCL3"
"ICMS3_TEMPLATE_UP"	77	"CXXC1"
"ICMS3_TEMPLATE_UP"	78	"CYR61"
"ICMS3_TEMPLATE_UP"	79	"CYSTM1"
"ICMS3_TEMPLATE_UP"	80	"DEFA6"
"ICMS3_TEMPLATE_UP"	81	"DEGS2"
"ICMS3_TEMPLATE_UP"	82	"DENND2A"
"ICMS3_TEMPLATE_UP"	83	"DEPP1"
"ICMS3_TEMPLATE_UP"	84	"DGLUCY"
"ICMS3_TEMPLATE_UP"	85	"DHRS1"
"ICMS3_TEMPLATE_UP"	86	"DIP2A"
"ICMS3_TEMPLATE_UP"	87	"DMBT1"
"ICMS3_TEMPLATE_UP"	88	"DNAJC10"
"ICMS3_TEMPLATE_UP"	89	"DOCK5"
"ICMS3_TEMPLATE_UP"	90	"DPYSL2"
"ICMS3_TEMPLATE_UP"	91	"DUSP4"
"ICMS3_TEMPLATE_UP"	92	"EDEM3"
"ICMS3_TEMPLATE_UP"	93	"EGLN3"
"ICMS3_TEMPLATE_UP"	94	"ENOSF1"
"ICMS3_TEMPLATE_UP"	95	"ENTPD8"
"ICMS3_TEMPLATE_UP"	96	"EPS8L1"
"ICMS3_TEMPLATE_UP"	97	"ERGIC1"
"ICMS3_TEMPLATE_UP"	98	"ERN2"
"ICMS3_TEMPLATE_UP"	99	"F3"
"ICMS3_TEMPLATE_UP"	100	"FA2H"
"ICMS3_TEMPLATE_UP"	101	"FABP2"
"ICMS3_TEMPLATE_UP"	102	"FAM107B"
"ICMS3_TEMPLATE_UP"	103	"FAM114A1"
"ICMS3_TEMPLATE_UP"	104	"FBXW5"
"ICMS3_TEMPLATE_UP"	105	"FCGBP"
"ICMS3_TEMPLATE_UP"	106	"FFAR4"
"ICMS3_TEMPLATE_UP"	107	"FGFBP1"
"ICMS3_TEMPLATE_UP"	108	"FLII"
"ICMS3_TEMPLATE_UP"	109	"FOXA1"
"ICMS3_TEMPLATE_UP"	110	"FOXA3"
"ICMS3_TEMPLATE_UP"	111	"FOXP1"
"ICMS3_TEMPLATE_UP"	112	"FRMD4B"
"ICMS3_TEMPLATE_UP"	113	"FUT8"
"ICMS3_TEMPLATE_UP"	114	"GALNT1"
"ICMS3_TEMPLATE_UP"	115	"GALNT12"
"ICMS3_TEMPLATE_UP"	116	"GALNT5"
"ICMS3_TEMPLATE_UP"	117	"GALNT7"
"ICMS3_TEMPLATE_UP"	118	"GBA2"
"ICMS3_TEMPLATE_UP"	119	"GBP3"
"ICMS3_TEMPLATE_UP"	120	"GCNT3"
"ICMS3_TEMPLATE_UP"	121	"GNAQ"
"ICMS3_TEMPLATE_UP"	122	"GOLM1"
"ICMS3_TEMPLATE_UP"	123	"GPRIN3"
"ICMS3_TEMPLATE_UP"	124	"GPT"
"ICMS3_TEMPLATE_UP"	125	"GSDMB"
"ICMS3_TEMPLATE_UP"	126	"GSKIP"
"ICMS3_TEMPLATE_UP"	127	"GSN"
"ICMS3_TEMPLATE_UP"	128	"GSR"
"ICMS3_TEMPLATE_UP"	129	"GSTZ1"
"ICMS3_TEMPLATE_UP"	130	"HEPACAM2"
"ICMS3_TEMPLATE_UP"	131	"HES4"
"ICMS3_TEMPLATE_UP"	132	"HID1"
"ICMS3_TEMPLATE_UP"	133	"HIF1A"
"ICMS3_TEMPLATE_UP"	134	"HIPK1"
"ICMS3_TEMPLATE_UP"	135	"HIPK2"
"ICMS3_TEMPLATE_UP"	136	"HSD17B2"
"ICMS3_TEMPLATE_UP"	137	"IER3IP1"
"ICMS3_TEMPLATE_UP"	138	"IFI16"
"ICMS3_TEMPLATE_UP"	139	"IFI27L1"
"ICMS3_TEMPLATE_UP"	140	"IFI6"
"ICMS3_TEMPLATE_UP"	141	"IGFBP2"
"ICMS3_TEMPLATE_UP"	142	"IL18"
"ICMS3_TEMPLATE_UP"	143	"IL1R2"
"ICMS3_TEMPLATE_UP"	144	"IMPA2"
"ICMS3_TEMPLATE_UP"	145	"IMPACT"
"ICMS3_TEMPLATE_UP"	146	"IQGAP2"
"ICMS3_TEMPLATE_UP"	147	"ITLN1"
"ICMS3_TEMPLATE_UP"	148	"KCNK1"
"ICMS3_TEMPLATE_UP"	149	"KCTD12"
"ICMS3_TEMPLATE_UP"	150	"KDELR3"
"ICMS3_TEMPLATE_UP"	151	"KIAA1324"
"ICMS3_TEMPLATE_UP"	152	"KIAA1468"
"ICMS3_TEMPLATE_UP"	153	"KIAA1522"
"ICMS3_TEMPLATE_UP"	154	"KLF2"
"ICMS3_TEMPLATE_UP"	155	"KLF9"
"ICMS3_TEMPLATE_UP"	156	"KLK1"
"ICMS3_TEMPLATE_UP"	157	"KLK11"
"ICMS3_TEMPLATE_UP"	158	"KRT7"
"ICMS3_TEMPLATE_UP"	159	"L1TD1"
"ICMS3_TEMPLATE_UP"	160	"LAMA3"
"ICMS3_TEMPLATE_UP"	161	"LCN15"
"ICMS3_TEMPLATE_UP"	162	"LGALS2"
"ICMS3_TEMPLATE_UP"	163	"LGR4"
"ICMS3_TEMPLATE_UP"	164	"LIMA1"
"ICMS3_TEMPLATE_UP"	165	"LINC00467"
"ICMS3_TEMPLATE_UP"	166	"LIPG"
"ICMS3_TEMPLATE_UP"	167	"LMAN1"
"ICMS3_TEMPLATE_UP"	168	"LMF2"
"ICMS3_TEMPLATE_UP"	169	"LMNA"
"ICMS3_TEMPLATE_UP"	170	"LMO4"
"ICMS3_TEMPLATE_UP"	171	"LPCAT4"
"ICMS3_TEMPLATE_UP"	172	"LPIN1"
"ICMS3_TEMPLATE_UP"	173	"LRP10"
"ICMS3_TEMPLATE_UP"	174	"LRRC26"
"ICMS3_TEMPLATE_UP"	175	"LXN"
"ICMS3_TEMPLATE_UP"	176	"LYZ"
"ICMS3_TEMPLATE_UP"	177	"MAPRE2"
"ICMS3_TEMPLATE_UP"	178	"MATN2"
"ICMS3_TEMPLATE_UP"	179	"MBP"
"ICMS3_TEMPLATE_UP"	180	"MCU"
"ICMS3_TEMPLATE_UP"	181	"ME1"
"ICMS3_TEMPLATE_UP"	182	"MFHAS1"
"ICMS3_TEMPLATE_UP"	183	"MIA2"
"ICMS3_TEMPLATE_UP"	184	"MIA3"
"ICMS3_TEMPLATE_UP"	185	"MLPH"
"ICMS3_TEMPLATE_UP"	186	"MMP28"
"ICMS3_TEMPLATE_UP"	187	"MMP7"
"ICMS3_TEMPLATE_UP"	188	"MPDU1"
"ICMS3_TEMPLATE_UP"	189	"MPPE1"
"ICMS3_TEMPLATE_UP"	190	"MS4A12"
"ICMS3_TEMPLATE_UP"	191	"MUC1"
"ICMS3_TEMPLATE_UP"	192	"MUC17"
"ICMS3_TEMPLATE_UP"	193	"MUC2"
"ICMS3_TEMPLATE_UP"	194	"MUC4"
"ICMS3_TEMPLATE_UP"	195	"MUC5AC"
"ICMS3_TEMPLATE_UP"	196	"MUC5B"
"ICMS3_TEMPLATE_UP"	197	"MYO5C"
"ICMS3_TEMPLATE_UP"	198	"MYOF"
"ICMS3_TEMPLATE_UP"	199	"NAA38"
"ICMS3_TEMPLATE_UP"	200	"NBL1"
"ICMS3_TEMPLATE_UP"	201	"NDRG2"
"ICMS3_TEMPLATE_UP"	202	"NDUFA4L2"
"ICMS3_TEMPLATE_UP"	203	"NDUFV2"
"ICMS3_TEMPLATE_UP"	204	"NEO1"
"ICMS3_TEMPLATE_UP"	205	"NFIC"
"ICMS3_TEMPLATE_UP"	206	"NPDC1"
"ICMS3_TEMPLATE_UP"	207	"NPTN"
"ICMS3_TEMPLATE_UP"	208	"NR3C2"
"ICMS3_TEMPLATE_UP"	209	"NR4A2"
"ICMS3_TEMPLATE_UP"	210	"NUCB2"
"ICMS3_TEMPLATE_UP"	211	"NUDT8"
"ICMS3_TEMPLATE_UP"	212	"NUMB"
"ICMS3_TEMPLATE_UP"	213	"P2RX4"
"ICMS3_TEMPLATE_UP"	214	"PADI2"
"ICMS3_TEMPLATE_UP"	215	"PALLD"
"ICMS3_TEMPLATE_UP"	216	"PAPSS2"
"ICMS3_TEMPLATE_UP"	217	"PCM1"
"ICMS3_TEMPLATE_UP"	218	"PDE4DIP"
"ICMS3_TEMPLATE_UP"	219	"PDLIM5"
"ICMS3_TEMPLATE_UP"	220	"PFKP"
"ICMS3_TEMPLATE_UP"	221	"PIAS2"
"ICMS3_TEMPLATE_UP"	222	"PIGR"
"ICMS3_TEMPLATE_UP"	223	"PLA2G10"
"ICMS3_TEMPLATE_UP"	224	"PLA2G2A"
"ICMS3_TEMPLATE_UP"	225	"PLAC8"
"ICMS3_TEMPLATE_UP"	226	"PLLP"
"ICMS3_TEMPLATE_UP"	227	"PMP22"
"ICMS3_TEMPLATE_UP"	228	"POLD3"
"ICMS3_TEMPLATE_UP"	229	"PPP1R12B"
"ICMS3_TEMPLATE_UP"	230	"PPP2CB"
"ICMS3_TEMPLATE_UP"	231	"PPP3CA"
"ICMS3_TEMPLATE_UP"	232	"PPP4R1"
"ICMS3_TEMPLATE_UP"	233	"PPP6R1"
"ICMS3_TEMPLATE_UP"	234	"PQLC1"
"ICMS3_TEMPLATE_UP"	235	"PRSS2"
"ICMS3_TEMPLATE_UP"	236	"PTAR1"
"ICMS3_TEMPLATE_UP"	237	"PTGFRN"
"ICMS3_TEMPLATE_UP"	238	"PTPN18"
"ICMS3_TEMPLATE_UP"	239	"PTPRF"
"ICMS3_TEMPLATE_UP"	240	"PTPRH"
"ICMS3_TEMPLATE_UP"	241	"PYY"
"ICMS3_TEMPLATE_UP"	242	"QSOX1"
"ICMS3_TEMPLATE_UP"	243	"RAMP1"
"ICMS3_TEMPLATE_UP"	244	"RAP1GAP"
"ICMS3_TEMPLATE_UP"	245	"RARRES1"
"ICMS3_TEMPLATE_UP"	246	"RARRES3"
"ICMS3_TEMPLATE_UP"	247	"RASD1"
"ICMS3_TEMPLATE_UP"	248	"RASSF6"
"ICMS3_TEMPLATE_UP"	249	"RCOR1"
"ICMS3_TEMPLATE_UP"	250	"REG1A"
"ICMS3_TEMPLATE_UP"	251	"REG1B"
"ICMS3_TEMPLATE_UP"	252	"REG3A"
"ICMS3_TEMPLATE_UP"	253	"REG4"
"ICMS3_TEMPLATE_UP"	254	"REP15"
"ICMS3_TEMPLATE_UP"	255	"RETNLB"
"ICMS3_TEMPLATE_UP"	256	"RGS10"
"ICMS3_TEMPLATE_UP"	257	"RGS2"
"ICMS3_TEMPLATE_UP"	258	"RHBDL2"
"ICMS3_TEMPLATE_UP"	259	"RHOBTB3"
"ICMS3_TEMPLATE_UP"	260	"RIOK3"
"ICMS3_TEMPLATE_UP"	261	"RNASE1"
"ICMS3_TEMPLATE_UP"	262	"RNF11"
"ICMS3_TEMPLATE_UP"	263	"RNF138"
"ICMS3_TEMPLATE_UP"	264	"RNF19B"
"ICMS3_TEMPLATE_UP"	265	"S100A13"
"ICMS3_TEMPLATE_UP"	266	"S100A14"
"ICMS3_TEMPLATE_UP"	267	"S100P"
"ICMS3_TEMPLATE_UP"	268	"SAMD5"
"ICMS3_TEMPLATE_UP"	269	"SCNN1A"
"ICMS3_TEMPLATE_UP"	270	"SCP2"
"ICMS3_TEMPLATE_UP"	271	"SDR16C5"
"ICMS3_TEMPLATE_UP"	272	"SEC24D"
"ICMS3_TEMPLATE_UP"	273	"SERPINA1"
"ICMS3_TEMPLATE_UP"	274	"SERPINB5"
"ICMS3_TEMPLATE_UP"	275	"SEZ6L2"
"ICMS3_TEMPLATE_UP"	276	"SGMS2"
"ICMS3_TEMPLATE_UP"	277	"SH3BGRL3"
"ICMS3_TEMPLATE_UP"	278	"SHROOM3"
"ICMS3_TEMPLATE_UP"	279	"SIPA1L2"
"ICMS3_TEMPLATE_UP"	280	"SLC22A23"
"ICMS3_TEMPLATE_UP"	281	"SLC25A37"
"ICMS3_TEMPLATE_UP"	282	"SLC28A2"
"ICMS3_TEMPLATE_UP"	283	"SLC35A1"
"ICMS3_TEMPLATE_UP"	284	"SLC37A1"
"ICMS3_TEMPLATE_UP"	285	"SLC4A4"
"ICMS3_TEMPLATE_UP"	286	"SLC6A14"
"ICMS3_TEMPLATE_UP"	287	"SLC9A1"
"ICMS3_TEMPLATE_UP"	288	"SLC9A2"
"ICMS3_TEMPLATE_UP"	289	"SMAD2"
"ICMS3_TEMPLATE_UP"	290	"SMAD4"
"ICMS3_TEMPLATE_UP"	291	"SMCHD1"
"ICMS3_TEMPLATE_UP"	292	"SMCO4"
"ICMS3_TEMPLATE_UP"	293	"SMIM14"
"ICMS3_TEMPLATE_UP"	294	"SMIM31"
"ICMS3_TEMPLATE_UP"	295	"SMPDL3A"
"ICMS3_TEMPLATE_UP"	296	"SOCS6"
"ICMS3_TEMPLATE_UP"	297	"SPDEF"
"ICMS3_TEMPLATE_UP"	298	"SPINK4"
"ICMS3_TEMPLATE_UP"	299	"SPON1"
"ICMS3_TEMPLATE_UP"	300	"SPRED1"
"ICMS3_TEMPLATE_UP"	301	"ST3GAL4"
"ICMS3_TEMPLATE_UP"	302	"ST6GALNAC1"
"ICMS3_TEMPLATE_UP"	303	"STIM2"
"ICMS3_TEMPLATE_UP"	304	"STXBP5"
"ICMS3_TEMPLATE_UP"	305	"STXBP6"
"ICMS3_TEMPLATE_UP"	306	"SYT13"
"ICMS3_TEMPLATE_UP"	307	"SYTL1"
"ICMS3_TEMPLATE_UP"	308	"TC2N"
"ICMS3_TEMPLATE_UP"	309	"TCEA3"
"ICMS3_TEMPLATE_UP"	310	"TCIRG1"
"ICMS3_TEMPLATE_UP"	311	"TFF1"
"ICMS3_TEMPLATE_UP"	312	"TFF2"
"ICMS3_TEMPLATE_UP"	313	"TFF3"
"ICMS3_TEMPLATE_UP"	314	"TLN2"
"ICMS3_TEMPLATE_UP"	315	"TM4SF4"
"ICMS3_TEMPLATE_UP"	316	"TMED10"
"ICMS3_TEMPLATE_UP"	317	"TMED7"
"ICMS3_TEMPLATE_UP"	318	"TMEM173"
"ICMS3_TEMPLATE_UP"	319	"TMEM263"
"ICMS3_TEMPLATE_UP"	320	"TMEM30B"
"ICMS3_TEMPLATE_UP"	321	"TMEM92"
"ICMS3_TEMPLATE_UP"	322	"TNFRSF10B"
"ICMS3_TEMPLATE_UP"	323	"TNFRSF11A"
"ICMS3_TEMPLATE_UP"	324	"TNIK"
"ICMS3_TEMPLATE_UP"	325	"TOR4A"
"ICMS3_TEMPLATE_UP"	326	"TP53I3"
"ICMS3_TEMPLATE_UP"	327	"TPGS1"
"ICMS3_TEMPLATE_UP"	328	"TPSG1"
"ICMS3_TEMPLATE_UP"	329	"TRIM29"
"ICMS3_TEMPLATE_UP"	330	"TRIP11"
"ICMS3_TEMPLATE_UP"	331	"TSPAN1"
"ICMS3_TEMPLATE_UP"	332	"TSPAN13"
"ICMS3_TEMPLATE_UP"	333	"TSTA3"
"ICMS3_TEMPLATE_UP"	334	"TUBB2A"
"ICMS3_TEMPLATE_UP"	335	"TVP23B"
"ICMS3_TEMPLATE_UP"	336	"TYMP"
"ICMS3_TEMPLATE_UP"	337	"TYMS"
"ICMS3_TEMPLATE_UP"	338	"UGDH"
"ICMS3_TEMPLATE_UP"	339	"UGT2B17"
"ICMS3_TEMPLATE_UP"	340	"UGT8"
"ICMS3_TEMPLATE_UP"	341	"UNC13B"
"ICMS3_TEMPLATE_UP"	342	"VAMP2"
"ICMS3_TEMPLATE_UP"	343	"VAPA"
"ICMS3_TEMPLATE_UP"	344	"VILL"
"ICMS3_TEMPLATE_UP"	345	"VSIG2"
"ICMS3_TEMPLATE_UP"	346	"WARS"
"ICMS3_TEMPLATE_UP"	347	"ZNF24"
"REACTOME_TIGHT_JUNCTION_INTERACTIONS"	1	"CLDN1"
"REACTOME_TIGHT_JUNCTION_INTERACTIONS"	2	"CLDN10"
"REACTOME_TIGHT_JUNCTION_INTERACTIONS"	3	"CLDN11"
"REACTOME_TIGHT_JUNCTION_INTERACTIONS"	4	"CLDN12"
"REACTOME_TIGHT_JUNCTION_INTERACTIONS"	5	"CLDN14"
"REACTOME_TIGHT_JUNCTION_INTERACTIONS"	6	"CLDN15"
"REACTOME_TIGHT_JUNCTION_INTERACTIONS"	7	"CLDN16"
"REACTOME_TIGHT_JUNCTION_INTERACTIONS"	8	"CLDN17"
"REACTOME_TIGHT_JUNCTION_INTERACTIONS"	9	"CLDN18"
"REACTOME_TIGHT_JUNCTION_INTERACTIONS"	10	"CLDN19"
"REACTOME_TIGHT_JUNCTION_INTERACTIONS"	11	"CLDN2"
"REACTOME_TIGHT_JUNCTION_INTERACTIONS"	12	"CLDN20"
"REACTOME_TIGHT_JUNCTION_INTERACTIONS"	13	"CLDN22"
"REACTOME_TIGHT_JUNCTION_INTERACTIONS"	14	"CLDN23"
"REACTOME_TIGHT_JUNCTION_INTERACTIONS"	15	"CLDN3"
"REACTOME_TIGHT_JUNCTION_INTERACTIONS"	16	"CLDN4"
"REACTOME_TIGHT_JUNCTION_INTERACTIONS"	17	"CLDN5"
"REACTOME_TIGHT_JUNCTION_INTERACTIONS"	18	"CLDN6"
"REACTOME_TIGHT_JUNCTION_INTERACTIONS"	19	"CLDN7"
"REACTOME_TIGHT_JUNCTION_INTERACTIONS"	20	"CLDN8"
"REACTOME_TIGHT_JUNCTION_INTERACTIONS"	21	"CLDN9"
"REACTOME_TIGHT_JUNCTION_INTERACTIONS"	22	"CRB3"
"REACTOME_TIGHT_JUNCTION_INTERACTIONS"	23	"F11R"
"REACTOME_TIGHT_JUNCTION_INTERACTIONS"	24	"PALS1"
"REACTOME_TIGHT_JUNCTION_INTERACTIONS"	25	"PARD3"
"REACTOME_TIGHT_JUNCTION_INTERACTIONS"	26	"PARD6A"
"REACTOME_TIGHT_JUNCTION_INTERACTIONS"	27	"PARD6B"
"REACTOME_TIGHT_JUNCTION_INTERACTIONS"	28	"PARD6G"
"REACTOME_TIGHT_JUNCTION_INTERACTIONS"	29	"PATJ"
"REACTOME_TIGHT_JUNCTION_INTERACTIONS"	30	"PRKCI"
